,score
2011-08-22,
2011-08-23,
2011-08-24,
2011-08-25,
2011-08-26,
2011-08-27,
2011-08-28,
2011-08-29,
2011-08-30,
2011-08-31,
2011-09-01,
2011-09-02,
2011-09-03,
2011-09-04,
2011-09-05,
2011-09-06,
2011-09-07,
2011-09-08,
2011-09-09,
2011-09-10,
2011-09-11,
2011-09-12,
2011-09-13,
2011-09-14,
2011-09-15,
2011-09-16,
2011-09-17,
2011-09-18,
2011-09-19,
2011-09-20,
2011-09-21,
2011-09-22,
2011-09-23,
2011-09-24,
2011-09-25,
2011-09-26,
2011-09-27,
2011-09-28,
2011-09-29,
2011-09-30,
2011-10-01,
2011-10-02,
2011-10-03,
2011-10-04,
2011-10-05,
2011-10-06,
2011-10-07,
2011-10-08,
2011-10-09,
2011-10-10,
2011-10-11,
2011-10-12,
2011-10-13,
2011-10-14,
2011-10-15,
2011-10-16,
2011-10-17,
2011-10-18,
2011-10-19,
2011-10-20,
2011-10-21,
2011-10-22,
2011-10-23,
2011-10-24,
2011-10-25,
2011-10-26,
2011-10-27,
2011-10-28,
2011-10-29,
2011-10-30,
2011-10-31,
2011-11-01,
2011-11-02,
2011-11-03,
2011-11-04,
2011-11-05,
2011-11-06,
2011-11-07,
2011-11-08,
2011-11-09,
2011-11-10,
2011-11-11,
2011-11-12,
2011-11-13,
2011-11-14,
2011-11-15,
2011-11-16,
2011-11-17,
2011-11-18,
2011-11-19,
2011-11-20,
2011-11-21,
2011-11-22,
2011-11-23,
2011-11-24,
2011-11-25,
2011-11-26,
2011-11-27,
2011-11-28,
2011-11-29,
2011-11-30,
2011-12-01,
2011-12-02,
2011-12-03,
2011-12-04,
2011-12-05,
2011-12-06,
2011-12-07,
2011-12-08,
2011-12-09,
2011-12-10,
2011-12-11,
2011-12-12,
2011-12-13,
2011-12-14,
2011-12-15,
2011-12-16,
2011-12-17,
2011-12-18,
2011-12-19,
2011-12-20,
2011-12-21,
2011-12-22,
2011-12-23,
2011-12-24,
2011-12-25,
2011-12-26,
2011-12-27,
2011-12-28,
2011-12-29,
2011-12-30,
2011-12-31,
2012-01-01,
2012-01-02,
2012-01-03,
2012-01-04,
2012-01-05,
2012-01-06,
2012-01-07,
2012-01-08,
2012-01-09,
2012-01-10,
2012-01-11,
2012-01-12,
2012-01-13,
2012-01-14,
2012-01-15,
2012-01-16,
2012-01-17,
2012-01-18,
2012-01-19,
2012-01-20,
2012-01-21,
2012-01-22,
2012-01-23,
2012-01-24,
2012-01-25,
2012-01-26,
2012-01-27,
2012-01-28,
2012-01-29,
2012-01-30,
2012-01-31,
2012-02-01,
2012-02-02,
2012-02-03,
2012-02-04,
2012-02-05,
2012-02-06,
2012-02-07,
2012-02-08,
2012-02-09,
2012-02-10,
2012-02-11,
2012-02-12,
2012-02-13,
2012-02-14,
2012-02-15,
2012-02-16,
2012-02-17,
2012-02-18,
2012-02-19,
2012-02-20,
2012-02-21,
2012-02-22,
2012-02-23,
2012-02-24,
2012-02-25,
2012-02-26,
2012-02-27,
2012-02-28,
2012-02-29,
2012-03-01,
2012-03-02,
2012-03-03,
2012-03-04,
2012-03-05,
2012-03-06,
2012-03-07,
2012-03-08,
2012-03-09,
2012-03-10,
2012-03-11,
2012-03-12,
2012-03-13,
2012-03-14,
2012-03-15,
2012-03-16,
2012-03-17,
2012-03-18,
2012-03-19,
2012-03-20,
2012-03-21,
2012-03-22,
2012-03-23,
2012-03-24,
2012-03-25,
2012-03-26,
2012-03-27,
2012-03-28,
2012-03-29,
2012-03-30,
2012-03-31,
2012-04-01,
2012-04-02,
2012-04-03,
2012-04-04,
2012-04-05,
2012-04-06,
2012-04-07,
2012-04-08,
2012-04-09,
2012-04-10,
2012-04-11,
2012-04-12,
2012-04-13,
2012-04-14,
2012-04-15,
2012-04-16,
2012-04-17,
2012-04-18,
2012-04-19,
2012-04-20,
2012-04-21,
2012-04-22,
2012-04-23,
2012-04-24,
2012-04-25,
2012-04-26,
2012-04-27,
2012-04-28,
2012-04-29,
2012-04-30,
2012-05-01,
2012-05-02,
2012-05-03,
2012-05-04,
2012-05-05,
2012-05-06,
2012-05-07,
2012-05-08,
2012-05-09,
2012-05-10,
2012-05-11,
2012-05-12,
2012-05-13,
2012-05-14,
2012-05-15,
2012-05-16,
2012-05-17,
2012-05-18,
2012-05-19,
2012-05-20,
2012-05-21,
2012-05-22,
2012-05-23,
2012-05-24,
2012-05-25,
2012-05-26,
2012-05-27,
2012-05-28,
2012-05-29,
2012-05-30,
2012-05-31,
2012-06-01,
2012-06-02,
2012-06-03,
2012-06-04,
2012-06-05,
2012-06-06,
2012-06-07,
2012-06-08,
2012-06-09,
2012-06-10,
2012-06-11,
2012-06-12,
2012-06-13,
2012-06-14,
2012-06-15,
2012-06-16,
2012-06-17,
2012-06-18,
2012-06-19,
2012-06-20,
2012-06-21,
2012-06-22,
2012-06-23,
2012-06-24,
2012-06-25,
2012-06-26,
2012-06-27,
2012-06-28,
2012-06-29,
2012-06-30,
2012-07-01,
2012-07-02,
2012-07-03,
2012-07-04,
2012-07-05,
2012-07-06,
2012-07-07,
2012-07-08,
2012-07-09,
2012-07-10,
2012-07-11,
2012-07-12,
2012-07-13,
2012-07-14,
2012-07-15,
2012-07-16,
2012-07-17,
2012-07-18,
2012-07-19,
2012-07-20,
2012-07-21,
2012-07-22,
2012-07-23,
2012-07-24,
2012-07-25,
2012-07-26,
2012-07-27,
2012-07-28,
2012-07-29,
2012-07-30,
2012-07-31,
2012-08-01,
2012-08-02,
2012-08-03,
2012-08-04,
2012-08-05,
2012-08-06,
2012-08-07,
2012-08-08,
2012-08-09,
2012-08-10,
2012-08-11,
2012-08-12,
2012-08-13,
2012-08-14,
2012-08-15,
2012-08-16,
2012-08-17,
2012-08-18,
2012-08-19,
2012-08-20,
2012-08-21,
2012-08-22,
2012-08-23,
2012-08-24,
2012-08-25,
2012-08-26,
2012-08-27,
2012-08-28,
2012-08-29,
2012-08-30,
2012-08-31,
2012-09-01,
2012-09-02,
2012-09-03,
2012-09-04,
2012-09-05,
2012-09-06,
2012-09-07,
2012-09-08,
2012-09-09,
2012-09-10,
2012-09-11,
2012-09-12,
2012-09-13,
2012-09-14,
2012-09-15,
2012-09-16,
2012-09-17,
2012-09-18,
2012-09-19,
2012-09-20,
2012-09-21,
2012-09-22,
2012-09-23,
2012-09-24,
2012-09-25,
2012-09-26,
2012-09-27,
2012-09-28,
2012-09-29,
2012-09-30,
2012-10-01,
2012-10-02,
2012-10-03,
2012-10-04,
2012-10-05,
2012-10-06,
2012-10-07,
2012-10-08,
2012-10-09,
2012-10-10,
2012-10-11,
2012-10-12,
2012-10-13,
2012-10-14,
2012-10-15,
2012-10-16,
2012-10-17,
2012-10-18,
2012-10-19,
2012-10-20,
2012-10-21,
2012-10-22,
2012-10-23,
2012-10-24,
2012-10-25,
2012-10-26,
2012-10-27,
2012-10-28,
2012-10-29,
2012-10-30,
2012-10-31,
2012-11-01,
2012-11-02,
2012-11-03,
2012-11-04,
2012-11-05,
2012-11-06,
2012-11-07,
2012-11-08,
2012-11-09,
2012-11-10,
2012-11-11,
2012-11-12,
2012-11-13,
2012-11-14,
2012-11-15,
2012-11-16,
2012-11-17,
2012-11-18,
2012-11-19,
2012-11-20,
2012-11-21,
2012-11-22,
2012-11-23,
2012-11-24,
2012-11-25,
2012-11-26,
2012-11-27,
2012-11-28,
2012-11-29,
2012-11-30,
2012-12-01,
2012-12-02,
2012-12-03,
2012-12-04,
2012-12-05,
2012-12-06,
2012-12-07,
2012-12-08,
2012-12-09,
2012-12-10,
2012-12-11,
2012-12-12,
2012-12-13,
2012-12-14,
2012-12-15,
2012-12-16,
2012-12-17,
2012-12-18,
2012-12-19,
2012-12-20,
2012-12-21,
2012-12-22,
2012-12-23,
2012-12-24,
2012-12-25,
2012-12-26,
2012-12-27,
2012-12-28,
2012-12-29,
2012-12-30,
2012-12-31,
2013-01-01,
2013-01-02,
2013-01-03,
2013-01-04,
2013-01-05,
2013-01-06,
2013-01-07,
2013-01-08,
2013-01-09,
2013-01-10,
2013-01-11,
2013-01-12,
2013-01-13,
2013-01-14,
2013-01-15,
2013-01-16,
2013-01-17,
2013-01-18,
2013-01-19,
2013-01-20,
2013-01-21,
2013-01-22,
2013-01-23,
2013-01-24,
2013-01-25,
2013-01-26,
2013-01-27,
2013-01-28,
2013-01-29,
2013-01-30,
2013-01-31,
2013-02-01,
2013-02-02,
2013-02-03,
2013-02-04,
2013-02-05,
2013-02-06,
2013-02-07,
2013-02-08,
2013-02-09,
2013-02-10,
2013-02-11,
2013-02-12,
2013-02-13,
2013-02-14,
2013-02-15,
2013-02-16,
2013-02-17,
2013-02-18,
2013-02-19,
2013-02-20,
2013-02-21,
2013-02-22,
2013-02-23,
2013-02-24,
2013-02-25,
2013-02-26,
2013-02-27,
2013-02-28,
2013-03-01,
2013-03-02,
2013-03-03,
2013-03-04,
2013-03-05,
2013-03-06,
2013-03-07,
2013-03-08,
2013-03-09,
2013-03-10,
2013-03-11,
2013-03-12,
2013-03-13,
2013-03-14,
2013-03-15,
2013-03-16,
2013-03-17,
2013-03-18,
2013-03-19,
2013-03-20,
2013-03-21,
2013-03-22,
2013-03-23,
2013-03-24,
2013-03-25,
2013-03-26,
2013-03-27,
2013-03-28,
2013-03-29,
2013-03-30,
2013-03-31,
2013-04-01,
2013-04-02,
2013-04-03,
2013-04-04,
2013-04-05,
2013-04-06,
2013-04-07,
2013-04-08,
2013-04-09,
2013-04-10,
2013-04-11,
2013-04-12,
2013-04-13,
2013-04-14,
2013-04-15,
2013-04-16,
2013-04-17,
2013-04-18,
2013-04-19,
2013-04-20,
2013-04-21,
2013-04-22,
2013-04-23,
2013-04-24,
2013-04-25,
2013-04-26,
2013-04-27,
2013-04-28,
2013-04-29,
2013-04-30,
2013-05-01,
2013-05-02,
2013-05-03,
2013-05-04,
2013-05-05,
2013-05-06,
2013-05-07,
2013-05-08,
2013-05-09,
2013-05-10,
2013-05-11,
2013-05-12,
2013-05-13,
2013-05-14,
2013-05-15,
2013-05-16,
2013-05-17,
2013-05-18,
2013-05-19,
2013-05-20,
2013-05-21,
2013-05-22,
2013-05-23,
2013-05-24,
2013-05-25,
2013-05-26,
2013-05-27,
2013-05-28,
2013-05-29,
2013-05-30,
2013-05-31,
2013-06-01,
2013-06-02,
2013-06-03,
2013-06-04,
2013-06-05,
2013-06-06,
2013-06-07,
2013-06-08,
2013-06-09,
2013-06-10,
2013-06-11,
2013-06-12,
2013-06-13,
2013-06-14,
2013-06-15,
2013-06-16,
2013-06-17,
2013-06-18,
2013-06-19,
2013-06-20,
2013-06-21,
2013-06-22,
2013-06-23,
2013-06-24,
2013-06-25,
2013-06-26,
2013-06-27,
2013-06-28,
2013-06-29,
2013-06-30,
2013-07-01,
2013-07-02,
2013-07-03,
2013-07-04,
2013-07-05,
2013-07-06,
2013-07-07,
2013-07-08,
2013-07-09,
2013-07-10,
2013-07-11,
2013-07-12,
2013-07-13,
2013-07-14,
2013-07-15,
2013-07-16,
2013-07-17,
2013-07-18,
2013-07-19,
2013-07-20,
2013-07-21,
2013-07-22,
2013-07-23,
2013-07-24,
2013-07-25,
2013-07-26,
2013-07-27,
2013-07-28,
2013-07-29,
2013-07-30,
2013-07-31,
2013-08-01,
2013-08-02,
2013-08-03,
2013-08-04,
2013-08-05,
2013-08-06,
2013-08-07,
2013-08-08,
2013-08-09,
2013-08-10,
2013-08-11,
2013-08-12,
2013-08-13,
2013-08-14,
2013-08-15,
2013-08-16,
2013-08-17,
2013-08-18,
2013-08-19,
2013-08-20,
2013-08-21,
2013-08-22,
2013-08-23,
2013-08-24,
2013-08-25,
2013-08-26,
2013-08-27,
2013-08-28,
2013-08-29,
2013-08-30,
2013-08-31,
2013-09-01,
2013-09-02,
2013-09-03,
2013-09-04,
2013-09-05,
2013-09-06,
2013-09-07,
2013-09-08,
2013-09-09,
2013-09-10,
2013-09-11,
2013-09-12,
2013-09-13,
2013-09-14,
2013-09-15,
2013-09-16,
2013-09-17,
2013-09-18,
2013-09-19,
2013-09-20,
2013-09-21,
2013-09-22,
2013-09-23,
2013-09-24,
2013-09-25,
2013-09-26,
2013-09-27,
2013-09-28,
2013-09-29,
2013-09-30,
2013-10-01,
2013-10-02,
2013-10-03,
2013-10-04,
2013-10-05,
2013-10-06,
2013-10-07,
2013-10-08,
2013-10-09,
2013-10-10,
2013-10-11,
2013-10-12,
2013-10-13,
2013-10-14,
2013-10-15,
2013-10-16,
2013-10-17,
2013-10-18,
2013-10-19,
2013-10-20,
2013-10-21,
2013-10-22,
2013-10-23,
2013-10-24,
2013-10-25,
2013-10-26,
2013-10-27,
2013-10-28,
2013-10-29,
2013-10-30,
2013-10-31,
2013-11-01,
2013-11-02,
2013-11-03,
2013-11-04,
2013-11-05,
2013-11-06,
2013-11-07,
2013-11-08,
2013-11-09,
2013-11-10,
2013-11-11,
2013-11-12,
2013-11-13,
2013-11-14,
2013-11-15,
2013-11-16,
2013-11-17,
2013-11-18,
2013-11-19,
2013-11-20,
2013-11-21,
2013-11-22,
2013-11-23,
2013-11-24,
2013-11-25,
2013-11-26,
2013-11-27,
2013-11-28,
2013-11-29,
2013-11-30,
2013-12-01,
2013-12-02,
2013-12-03,
2013-12-04,
2013-12-05,
2013-12-06,
2013-12-07,
2013-12-08,
2013-12-09,
2013-12-10,
2013-12-11,
2013-12-12,
2013-12-13,
2013-12-14,
2013-12-15,
2013-12-16,
2013-12-17,
2013-12-18,
2013-12-19,
2013-12-20,
2013-12-21,
2013-12-22,
2013-12-23,
2013-12-24,
2013-12-25,
2013-12-26,
2013-12-27,
2013-12-28,
2013-12-29,
2013-12-30,
2013-12-31,
2014-01-01,
2014-01-02,
2014-01-03,
2014-01-04,
2014-01-05,
2014-01-06,
2014-01-07,
2014-01-08,
2014-01-09,
2014-01-10,
2014-01-11,
2014-01-12,
2014-01-13,
2014-01-14,
2014-01-15,
2014-01-16,
2014-01-17,
2014-01-18,
2014-01-19,
2014-01-20,
2014-01-21,
2014-01-22,
2014-01-23,
2014-01-24,
2014-01-25,
2014-01-26,
2014-01-27,
2014-01-28,
2014-01-29,
2014-01-30,
2014-01-31,
2014-02-01,
2014-02-02,
2014-02-03,
2014-02-04,
2014-02-05,
2014-02-06,
2014-02-07,
2014-02-08,
2014-02-09,
2014-02-10,
2014-02-11,
2014-02-12,
2014-02-13,
2014-02-14,
2014-02-15,
2014-02-16,
2014-02-17,
2014-02-18,
2014-02-19,
2014-02-20,
2014-02-21,
2014-02-22,
2014-02-23,
2014-02-24,
2014-02-25,
2014-02-26,
2014-02-27,
2014-02-28,
2014-03-01,
2014-03-02,
2014-03-03,
2014-03-04,
2014-03-05,
2014-03-06,
2014-03-07,
2014-03-08,
2014-03-09,
2014-03-10,
2014-03-11,
2014-03-12,
2014-03-13,
2014-03-14,
2014-03-15,
2014-03-16,
2014-03-17,
2014-03-18,
2014-03-19,
2014-03-20,
2014-03-21,
2014-03-22,
2014-03-23,
2014-03-24,
2014-03-25,
2014-03-26,
2014-03-27,
2014-03-28,
2014-03-29,
2014-03-30,
2014-03-31,
2014-04-01,
2014-04-02,
2014-04-03,
2014-04-04,
2014-04-05,
2014-04-06,
2014-04-07,
2014-04-08,
2014-04-09,
2014-04-10,
2014-04-11,
2014-04-12,
2014-04-13,
2014-04-14,
2014-04-15,
2014-04-16,
2014-04-17,
2014-04-18,
2014-04-19,
2014-04-20,
2014-04-21,
2014-04-22,
2014-04-23,
2014-04-24,
2014-04-25,
2014-04-26,
2014-04-27,
2014-04-28,
2014-04-29,
2014-04-30,
2014-05-01,
2014-05-02,
2014-05-03,
2014-05-04,
2014-05-05,
2014-05-06,
2014-05-07,
2014-05-08,
2014-05-09,
2014-05-10,
2014-05-11,
2014-05-12,
2014-05-13,
2014-05-14,
2014-05-15,
2014-05-16,
2014-05-17,
2014-05-18,
2014-05-19,
2014-05-20,
2014-05-21,
2014-05-22,
2014-05-23,
2014-05-24,
2014-05-25,
2014-05-26,
2014-05-27,
2014-05-28,
2014-05-29,
2014-05-30,
2014-05-31,
2014-06-01,
2014-06-02,
2014-06-03,
2014-06-04,
2014-06-05,
2014-06-06,
2014-06-07,
2014-06-08,
2014-06-09,
2014-06-10,
2014-06-11,
2014-06-12,
2014-06-13,
2014-06-14,
2014-06-15,
2014-06-16,
2014-06-17,
2014-06-18,
2014-06-19,
2014-06-20,
2014-06-21,
2014-06-22,
2014-06-23,
2014-06-24,
2014-06-25,
2014-06-26,
2014-06-27,
2014-06-28,
2014-06-29,
2014-06-30,
2014-07-01,
2014-07-02,
2014-07-03,
2014-07-04,
2014-07-05,
2014-07-06,
2014-07-07,
2014-07-08,
2014-07-09,
2014-07-10,
2014-07-11,
2014-07-12,
2014-07-13,
2014-07-14,
2014-07-15,
2014-07-16,
2014-07-17,
2014-07-18,
2014-07-19,
2014-07-20,
2014-07-21,
2014-07-22,
2014-07-23,
2014-07-24,
2014-07-25,
2014-07-26,
2014-07-27,
2014-07-28,
2014-07-29,
2014-07-30,
2014-07-31,
2014-08-01,
2014-08-02,
2014-08-03,
2014-08-04,
2014-08-05,
2014-08-06,
2014-08-07,
2014-08-08,
2014-08-09,
2014-08-10,
2014-08-11,
2014-08-12,
2014-08-13,
2014-08-14,
2014-08-15,
2014-08-16,
2014-08-17,
2014-08-18,
2014-08-19,
2014-08-20,
2014-08-21,
2014-08-22,
2014-08-23,
2014-08-24,
2014-08-25,
2014-08-26,
2014-08-27,
2014-08-28,
2014-08-29,
2014-08-30,
2014-08-31,
2014-09-01,
2014-09-02,
2014-09-03,
2014-09-04,
2014-09-05,
2014-09-06,
2014-09-07,
2014-09-08,
2014-09-09,
2014-09-10,
2014-09-11,
2014-09-12,
2014-09-13,
2014-09-14,
2014-09-15,
2014-09-16,
2014-09-17,
2014-09-18,
2014-09-19,
2014-09-20,
2014-09-21,
2014-09-22,
2014-09-23,
2014-09-24,
2014-09-25,
2014-09-26,
2014-09-27,
2014-09-28,
2014-09-29,
2014-09-30,
2014-10-01,
2014-10-02,
2014-10-03,
2014-10-04,
2014-10-05,
2014-10-06,
2014-10-07,
2014-10-08,
2014-10-09,
2014-10-10,
2014-10-11,
2014-10-12,
2014-10-13,
2014-10-14,
2014-10-15,
2014-10-16,
2014-10-17,
2014-10-18,
2014-10-19,
2014-10-20,
2014-10-21,
2014-10-22,
2014-10-23,
2014-10-24,
2014-10-25,
2014-10-26,
2014-10-27,
2014-10-28,
2014-10-29,
2014-10-30,
2014-10-31,
2014-11-01,
2014-11-02,
2014-11-03,
2014-11-04,
2014-11-05,
2014-11-06,
2014-11-07,
2014-11-08,
2014-11-09,
2014-11-10,
2014-11-11,
2014-11-12,
2014-11-13,
2014-11-14,
2014-11-15,
2014-11-16,
2014-11-17,
2014-11-18,
2014-11-19,
2014-11-20,
2014-11-21,
2014-11-22,
2014-11-23,
2014-11-24,
2014-11-25,
2014-11-26,
2014-11-27,
2014-11-28,
2014-11-29,
2014-11-30,
2014-12-01,
2014-12-02,
2014-12-03,
2014-12-04,
2014-12-05,
2014-12-06,
2014-12-07,
2014-12-08,
2014-12-09,
2014-12-10,
2014-12-11,
2014-12-12,
2014-12-13,
2014-12-14,
2014-12-15,
2014-12-16,
2014-12-17,
2014-12-18,
2014-12-19,
2014-12-20,
2014-12-21,
2014-12-22,
2014-12-23,
2014-12-24,
2014-12-25,
2014-12-26,
2014-12-27,
2014-12-28,
2014-12-29,
2014-12-30,
2014-12-31,
2015-01-01,
2015-01-02,
2015-01-03,
2015-01-04,
2015-01-05,
2015-01-06,
2015-01-07,
2015-01-08,
2015-01-09,
2015-01-10,
2015-01-11,
2015-01-12,
2015-01-13,
2015-01-14,
2015-01-15,
2015-01-16,
2015-01-17,
2015-01-18,
2015-01-19,
2015-01-20,
2015-01-21,
2015-01-22,
2015-01-23,
2015-01-24,
2015-01-25,
2015-01-26,
2015-01-27,
2015-01-28,
2015-01-29,
2015-01-30,
2015-01-31,
2015-02-01,
2015-02-02,
2015-02-03,
2015-02-04,
2015-02-05,
2015-02-06,
2015-02-07,
2015-02-08,
2015-02-09,
2015-02-10,
2015-02-11,
2015-02-12,
2015-02-13,
2015-02-14,
2015-02-15,
2015-02-16,
2015-02-17,
2015-02-18,
2015-02-19,
2015-02-20,
2015-02-21,
2015-02-22,
2015-02-23,
2015-02-24,
2015-02-25,
2015-02-26,
2015-02-27,
2015-02-28,
2015-03-01,
2015-03-02,
2015-03-03,
2015-03-04,
2015-03-05,
2015-03-06,
2015-03-07,
2015-03-08,
2015-03-09,
2015-03-10,
2015-03-11,
2015-03-12,
2015-03-13,
2015-03-14,
2015-03-15,
2015-03-16,
2015-03-17,
2015-03-18,
2015-03-19,
2015-03-20,
2015-03-21,
2015-03-22,
2015-03-23,
2015-03-24,
2015-03-25,
2015-03-26,
2015-03-27,
2015-03-28,
2015-03-29,
2015-03-30,
2015-03-31,
2015-04-01,
2015-04-02,
2015-04-03,
2015-04-04,
2015-04-05,
2015-04-06,
2015-04-07,
2015-04-08,
2015-04-09,
2015-04-10,
2015-04-11,
2015-04-12,
2015-04-13,
2015-04-14,
2015-04-15,
2015-04-16,
2015-04-17,
2015-04-18,
2015-04-19,
2015-04-20,
2015-04-21,
2015-04-22,
2015-04-23,
2015-04-24,
2015-04-25,
2015-04-26,
2015-04-27,
2015-04-28,
2015-04-29,
2015-04-30,
2015-05-01,
2015-05-02,
2015-05-03,
2015-05-04,
2015-05-05,
2015-05-06,
2015-05-07,
2015-05-08,
2015-05-09,
2015-05-10,
2015-05-11,
2015-05-12,
2015-05-13,
2015-05-14,
2015-05-15,
2015-05-16,
2015-05-17,
2015-05-18,
2015-05-19,
2015-05-20,
2015-05-21,
2015-05-22,
2015-05-23,
2015-05-24,
2015-05-25,
2015-05-26,
2015-05-27,
2015-05-28,
2015-05-29,
2015-05-30,
2015-05-31,
2015-06-01,
2015-06-02,
2015-06-03,
2015-06-04,
2015-06-05,
2015-06-06,
2015-06-07,
2015-06-08,
2015-06-09,
2015-06-10,
2015-06-11,
2015-06-12,
2015-06-13,
2015-06-14,
2015-06-15,
2015-06-16,
2015-06-17,
2015-06-18,
2015-06-19,
2015-06-20,
2015-06-21,
2015-06-22,
2015-06-23,
2015-06-24,
2015-06-25,
2015-06-26,
2015-06-27,
2015-06-28,
2015-06-29,
2015-06-30,
2015-07-01,
2015-07-02,
2015-07-03,
2015-07-04,
2015-07-05,
2015-07-06,
2015-07-07,
2015-07-08,
2015-07-09,
2015-07-10,
2015-07-11,
2015-07-12,
2015-07-13,
2015-07-14,
2015-07-15,
2015-07-16,
2015-07-17,
2015-07-18,
2015-07-19,
2015-07-20,
2015-07-21,
2015-07-22,
2015-07-23,
2015-07-24,
2015-07-25,
2015-07-26,
2015-07-27,
2015-07-28,
2015-07-29,
2015-07-30,
2015-07-31,
2015-08-01,
2015-08-02,
2015-08-03,
2015-08-04,
2015-08-05,
2015-08-06,
2015-08-07,
2015-08-08,
2015-08-09,
2015-08-10,
2015-08-11,
2015-08-12,
2015-08-13,
2015-08-14,
2015-08-15,
2015-08-16,
2015-08-17,
2015-08-18,
2015-08-19,
2015-08-20,
2015-08-21,
2015-08-22,
2015-08-23,
2015-08-24,
2015-08-25,
2015-08-26,
2015-08-27,
2015-08-28,
2015-08-29,
2015-08-30,
2015-08-31,
2015-09-01,
2015-09-02,
2015-09-03,
2015-09-04,
2015-09-05,
2015-09-06,
2015-09-07,
2015-09-08,
2015-09-09,
2015-09-10,
2015-09-11,
2015-09-12,
2015-09-13,
2015-09-14,
2015-09-15,
2015-09-16,
2015-09-17,
2015-09-18,
2015-09-19,
2015-09-20,
2015-09-21,
2015-09-22,
2015-09-23,
2015-09-24,
2015-09-25,
2015-09-26,
2015-09-27,
2015-09-28,
2015-09-29,
2015-09-30,
2015-10-01,
2015-10-02,
2015-10-03,
2015-10-04,
2015-10-05,
2015-10-06,
2015-10-07,
2015-10-08,
2015-10-09,
2015-10-10,
2015-10-11,
2015-10-12,
2015-10-13,
2015-10-14,
2015-10-15,
2015-10-16,
2015-10-17,
2015-10-18,
2015-10-19,
2015-10-20,
2015-10-21,
2015-10-22,
2015-10-23,
2015-10-24,
2015-10-25,
2015-10-26,
2015-10-27,
2015-10-28,
2015-10-29,
2015-10-30,
2015-10-31,
2015-11-01,
2015-11-02,
2015-11-03,
2015-11-04,
2015-11-05,
2015-11-06,
2015-11-07,
2015-11-08,
2015-11-09,
2015-11-10,
2015-11-11,
2015-11-12,
2015-11-13,
2015-11-14,
2015-11-15,
2015-11-16,
2015-11-17,
2015-11-18,
2015-11-19,
2015-11-20,
2015-11-21,
2015-11-22,
2015-11-23,
2015-11-24,
2015-11-25,
2015-11-26,
2015-11-27,
2015-11-28,
2015-11-29,
2015-11-30,
2015-12-01,
2015-12-02,
2015-12-03,
2015-12-04,
2015-12-05,
2015-12-06,
2015-12-07,
2015-12-08,
2015-12-09,
2015-12-10,
2015-12-11,
2015-12-12,
2015-12-13,
2015-12-14,
2015-12-15,
2015-12-16,
2015-12-17,
2015-12-18,
2015-12-19,
2015-12-20,
2015-12-21,
2015-12-22,
2015-12-23,
2015-12-24,
2015-12-25,
2015-12-26,
2015-12-27,
2015-12-28,
2015-12-29,
2015-12-30,
2015-12-31,
2016-01-01,
2016-01-02,
2016-01-03,
2016-01-04,
2016-01-05,
2016-01-06,
2016-01-07,
2016-01-08,
2016-01-09,
2016-01-10,
2016-01-11,
2016-01-12,
2016-01-13,
2016-01-14,
2016-01-15,
2016-01-16,
2016-01-17,
2016-01-18,
2016-01-19,
2016-01-20,
2016-01-21,
2016-01-22,
2016-01-23,
2016-01-24,
2016-01-25,
2016-01-26,
2016-01-27,
2016-01-28,
2016-01-29,
2016-01-30,
2016-01-31,
2016-02-01,
2016-02-02,
2016-02-03,
2016-02-04,
2016-02-05,
2016-02-06,
2016-02-07,
2016-02-08,
2016-02-09,
2016-02-10,
2016-02-11,
2016-02-12,
2016-02-13,
2016-02-14,
2016-02-15,
2016-02-16,
2016-02-17,
2016-02-18,
2016-02-19,
2016-02-20,
2016-02-21,
2016-02-22,
2016-02-23,
2016-02-24,
2016-02-25,
2016-02-26,
2016-02-27,
2016-02-28,
2016-02-29,
2016-03-01,
2016-03-02,
2016-03-03,
2016-03-04,
2016-03-05,
2016-03-06,
2016-03-07,
2016-03-08,
2016-03-09,
2016-03-10,
2016-03-11,
2016-03-12,
2016-03-13,
2016-03-14,
2016-03-15,
2016-03-16,
2016-03-17,
2016-03-18,
2016-03-19,
2016-03-20,
2016-03-21,
2016-03-22,
2016-03-23,
2016-03-24,
2016-03-25,
2016-03-26,
2016-03-27,
2016-03-28,
2016-03-29,
2016-03-30,
2016-03-31,
2016-04-01,
2016-04-02,
2016-04-03,
2016-04-04,
2016-04-05,
2016-04-06,
2016-04-07,
2016-04-08,
2016-04-09,
2016-04-10,
2016-04-11,
2016-04-12,
2016-04-13,
2016-04-14,
2016-04-15,
2016-04-16,
2016-04-17,
2016-04-18,
2016-04-19,
2016-04-20,
2016-04-21,
2016-04-22,
2016-04-23,
2016-04-24,
2016-04-25,
2016-04-26,
2016-04-27,
2016-04-28,
2016-04-29,
2016-04-30,
2016-05-01,
2016-05-02,
2016-05-03,
2016-05-04,
2016-05-05,
2016-05-06,
2016-05-07,
2016-05-08,
2016-05-09,
2016-05-10,
2016-05-11,
2016-05-12,
2016-05-13,
2016-05-14,
2016-05-15,
2016-05-16,
2016-05-17,
2016-05-18,
2016-05-19,
2016-05-20,
2016-05-21,
2016-05-22,
2016-05-23,
2016-05-24,
2016-05-25,
2016-05-26,
2016-05-27,
2016-05-28,
2016-05-29,
2016-05-30,
2016-05-31,
2016-06-01,
2016-06-02,
2016-06-03,
2016-06-04,
2016-06-05,
2016-06-06,
2016-06-07,
2016-06-08,
2016-06-09,
2016-06-10,
2016-06-11,
2016-06-12,
2016-06-13,
2016-06-14,
2016-06-15,
2016-06-16,
2016-06-17,
2016-06-18,
2016-06-19,
2016-06-20,
2016-06-21,
2016-06-22,
2016-06-23,
2016-06-24,
2016-06-25,
2016-06-26,
2016-06-27,
2016-06-28,
2016-06-29,
2016-06-30,
2016-07-01,
2016-07-02,
2016-07-03,
2016-07-04,
2016-07-05,
2016-07-06,
2016-07-07,
2016-07-08,
2016-07-09,
2016-07-10,
2016-07-11,
2016-07-12,
2016-07-13,
2016-07-14,
2016-07-15,
2016-07-16,
2016-07-17,
2016-07-18,
2016-07-19,
2016-07-20,
2016-07-21,
2016-07-22,
2016-07-23,
2016-07-24,
2016-07-25,
2016-07-26,
2016-07-27,
2016-07-28,
2016-07-29,
2016-07-30,
2016-07-31,
2016-08-01,
2016-08-02,
2016-08-03,
2016-08-04,
2016-08-05,
2016-08-06,
2016-08-07,
2016-08-08,
2016-08-09,
2016-08-10,
2016-08-11,
2016-08-12,
2016-08-13,
2016-08-14,
2016-08-15,
2016-08-16,
2016-08-17,91.23287671232876
2016-08-18,91.78082191780823
2016-08-19,92.32876712328768
2016-08-20,92.6027397260274
2016-08-21,92.05479452054794
2016-08-22,92.87671232876713
2016-08-23,95.34246575342466
2016-08-24,93.42465753424658
2016-08-25,90.68493150684931
2016-08-26,88.76712328767124
2016-08-27,87.12328767123287
2016-08-28,87.12328767123287
2016-08-29,87.94520547945206
2016-08-30,84.10958904109589
2016-08-31,86.84931506849315
2016-09-01,90.95890410958904
2016-09-02,85.47945205479452
2016-09-03,80.0
2016-09-04,76.98630136986301
2016-09-05,76.71232876712328
2016-09-06,79.17808219178082
2016-09-07,79.17808219178082
2016-09-08,77.26027397260275
2016-09-09,72.32876712328768
2016-09-10,71.5068493150685
2016-09-11,71.23287671232876
2016-09-12,66.02739726027397
2016-09-13,57.534246575342465
2016-09-14,53.6986301369863
2016-09-15,46.57534246575342
2016-09-16,44.657534246575345
2016-09-17,46.02739726027397
2016-09-18,48.21917808219178
2016-09-19,43.56164383561644
2016-09-20,44.38356164383562
2016-09-21,43.013698630136986
2016-09-22,42.465753424657535
2016-09-23,43.013698630136986
2016-09-24,49.04109589041096
2016-09-25,51.50684931506849
2016-09-26,49.31506849315068
2016-09-27,47.945205479452056
2016-09-28,47.397260273972606
2016-09-29,49.31506849315068
2016-09-30,47.12328767123287
2016-10-01,48.49315068493151
2016-10-02,47.12328767123287
2016-10-03,42.19178082191781
2016-10-04,40.273972602739725
2016-10-05,41.917808219178085
2016-10-06,40.273972602739725
2016-10-07,42.19178082191781
2016-10-08,43.56164383561644
2016-10-09,49.04109589041096
2016-10-10,50.95890410958904
2016-10-11,53.6986301369863
2016-10-12,56.16438356164384
2016-10-13,57.26027397260274
2016-10-14,57.26027397260274
2016-10-15,61.0958904109589
2016-10-16,61.36986301369863
2016-10-17,59.726027397260275
2016-10-18,54.794520547945204
2016-10-19,58.35616438356164
2016-10-20,47.67123287671233
2016-10-21,48.76712328767123
2016-10-22,44.93150684931507
2016-10-23,45.205479452054796
2016-10-24,43.013698630136986
2016-10-25,43.013698630136986
2016-10-26,42.19178082191781
2016-10-27,45.205479452054796
2016-10-28,48.49315068493151
2016-10-29,53.6986301369863
2016-10-30,52.32876712328767
2016-10-31,46.84931506849315
2016-11-01,46.3013698630137
2016-11-02,47.12328767123287
2016-11-03,48.49315068493151
2016-11-04,45.205479452054796
2016-11-05,48.76712328767123
2016-11-06,56.16438356164384
2016-11-07,52.87671232876713
2016-11-08,45.205479452054796
2016-11-09,42.73972602739726
2016-11-10,40.54794520547945
2016-11-11,40.273972602739725
2016-11-12,40.54794520547945
2016-11-13,43.013698630136986
2016-11-14,44.10958904109589
2016-11-15,43.28767123287671
2016-11-16,41.64383561643836
2016-11-17,40.0
2016-11-18,39.178082191780824
2016-11-19,39.45205479452055
2016-11-20,41.0958904109589
2016-11-21,42.19178082191781
2016-11-22,39.45205479452055
2016-11-23,39.45205479452055
2016-11-24,39.178082191780824
2016-11-25,41.917808219178085
2016-11-26,41.36986301369863
2016-11-27,40.0
2016-11-28,38.35616438356164
2016-11-29,39.178082191780824
2016-11-30,39.45205479452055
2016-12-01,38.63013698630137
2016-12-02,37.534246575342465
2016-12-03,37.80821917808219
2016-12-04,38.35616438356164
2016-12-05,37.534246575342465
2016-12-06,35.89041095890411
2016-12-07,35.61643835616438
2016-12-08,35.342465753424655
2016-12-09,35.61643835616438
2016-12-10,36.43835616438356
2016-12-11,36.986301369863014
2016-12-12,36.43835616438356
2016-12-13,35.342465753424655
2016-12-14,34.24657534246575
2016-12-15,33.97260273972603
2016-12-16,33.6986301369863
2016-12-17,35.06849315068493
2016-12-18,35.61643835616438
2016-12-19,35.342465753424655
2016-12-20,33.42465753424658
2016-12-21,34.24657534246575
2016-12-22,33.97260273972603
2016-12-23,34.24657534246575
2016-12-24,32.054794520547944
2016-12-25,33.42465753424658
2016-12-26,31.78082191780822
2016-12-27,29.863013698630137
2016-12-28,30.410958904109588
2016-12-29,29.863013698630137
2016-12-30,30.136986301369863
2016-12-31,32.054794520547944
2017-01-01,29.863013698630137
2017-01-02,27.123287671232877
2017-01-03,18.356164383561644
2017-01-04,21.36986301369863
2017-01-05,22.19178082191781
2017-01-06,23.28767123287671
2017-01-07,24.10958904109589
2017-01-08,28.493150684931507
2017-01-09,28.493150684931507
2017-01-10,28.21917808219178
2017-01-11,37.534246575342465
2017-01-12,41.0958904109589
2017-01-13,43.83561643835616
2017-01-14,49.58904109589041
2017-01-15,62.73972602739726
2017-01-16,63.56164383561644
2017-01-17,62.73972602739726
2017-01-18,63.013698630136986
2017-01-19,63.28767123287671
2017-01-20,60.0
2017-01-21,65.20547945205479
2017-01-22,66.02739726027397
2017-01-23,65.75342465753425
2017-01-24,64.10958904109589
2017-01-25,61.917808219178085
2017-01-26,65.75342465753425
2017-01-27,65.47945205479452
2017-01-28,67.67123287671232
2017-01-29,69.86301369863014
2017-01-30,67.12328767123287
2017-01-31,75.06849315068493
2017-02-01,81.36986301369863
2017-02-02,89.31506849315069
2017-02-03,81.36986301369863
2017-02-04,81.36986301369863
2017-02-05,82.73972602739725
2017-02-06,79.45205479452055
2017-02-07,70.13698630136986
2017-02-08,68.76712328767124
2017-02-09,73.97260273972603
2017-02-10,62.19178082191781
2017-02-11,62.465753424657535
2017-02-12,63.56164383561644
2017-02-13,58.082191780821915
2017-02-14,52.054794520547944
2017-02-15,51.50684931506849
2017-02-16,56.16438356164384
2017-02-17,56.43835616438356
2017-02-18,59.45205479452055
2017-02-19,64.10958904109589
2017-02-20,66.02739726027397
2017-02-21,62.19178082191781
2017-02-22,63.28767123287671
2017-02-23,61.0958904109589
2017-02-24,63.28767123287671
2017-02-25,65.75342465753425
2017-02-26,65.47945205479452
2017-02-27,59.178082191780824
2017-02-28,58.082191780821915
2017-03-01,57.80821917808219
2017-03-02,60.273972602739725
2017-03-03,56.986301369863014
2017-03-04,67.94520547945206
2017-03-05,70.95890410958904
2017-03-06,73.42465753424658
2017-03-07,70.95890410958904
2017-03-08,73.15068493150685
2017-03-09,75.34246575342466
2017-03-10,64.38356164383562
2017-03-11,65.20547945205479
2017-03-12,66.57534246575342
2017-03-13,62.465753424657535
2017-03-14,54.24657534246575
2017-03-15,55.89041095890411
2017-03-16,53.15068493150685
2017-03-17,50.136986301369866
2017-03-18,44.657534246575345
2017-03-19,44.38356164383562
2017-03-20,48.21917808219178
2017-03-21,40.821917808219176
2017-03-22,30.958904109589042
2017-03-23,26.84931506849315
2017-03-24,30.684931506849313
2017-03-25,41.64383561643836
2017-03-26,48.49315068493151
2017-03-27,45.205479452054796
2017-03-28,42.73972602739726
2017-03-29,48.21917808219178
2017-03-30,52.32876712328767
2017-03-31,67.67123287671232
2017-04-01,65.47945205479452
2017-04-02,87.12328767123287
2017-04-03,84.65753424657534
2017-04-04,81.64383561643835
2017-04-05,76.16438356164383
2017-04-06,73.6986301369863
2017-04-07,76.43835616438356
2017-04-08,72.05479452054794
2017-04-09,81.36986301369863
2017-04-10,72.6027397260274
2017-04-11,70.41095890410959
2017-04-12,68.4931506849315
2017-04-13,71.5068493150685
2017-04-14,69.31506849315069
2017-04-15,71.5068493150685
2017-04-16,84.65753424657534
2017-04-17,90.95890410958904
2017-04-18,89.58904109589041
2017-04-19,89.04109589041096
2017-04-20,90.41095890410959
2017-04-21,95.61643835616438
2017-04-22,100.0
2017-04-23,100.0
2017-04-24,99.17808219178082
2017-04-25,98.08219178082192
2017-04-26,99.45205479452055
2017-04-27,100.0
2017-04-28,100.0
2017-04-29,100.0
2017-04-30,100.0
2017-05-01,100.0
2017-05-02,99.72602739726027
2017-05-03,99.72602739726027
2017-05-04,100.0
2017-05-05,100.0
2017-05-06,100.0
2017-05-07,100.0
2017-05-08,100.0
2017-05-09,99.72602739726027
2017-05-10,100.0
2017-05-11,100.0
2017-05-12,100.0
2017-05-13,100.0
2017-05-14,100.0
2017-05-15,100.0
2017-05-16,100.0
2017-05-17,100.0
2017-05-18,100.0
2017-05-19,100.0
2017-05-20,100.0
2017-05-21,100.0
2017-05-22,99.72602739726027
2017-05-23,99.45205479452055
2017-05-24,99.45205479452055
2017-05-25,100.0
2017-05-26,99.72602739726027
2017-05-27,100.0
2017-05-28,100.0
2017-05-29,98.08219178082192
2017-05-30,97.26027397260275
2017-05-31,95.89041095890411
2017-06-01,95.61643835616438
2017-06-02,95.06849315068493
2017-06-03,94.24657534246575
2017-06-04,92.6027397260274
2017-06-05,92.32876712328768
2017-06-06,91.5068493150685
2017-06-07,90.95890410958904
2017-06-08,90.41095890410959
2017-06-09,89.58904109589041
2017-06-10,90.13698630136986
2017-06-11,90.68493150684931
2017-06-12,89.58904109589041
2017-06-13,88.4931506849315
2017-06-14,87.3972602739726
2017-06-15,83.28767123287672
2017-06-16,72.87671232876713
2017-06-17,65.75342465753425
2017-06-18,56.71232876712329
2017-06-19,35.61643835616438
2017-06-20,15.342465753424657
2017-06-21,8.219178082191782
2017-06-22,1.643835616438356
2017-06-23,1.36986301369863
2017-06-24,0.273972602739726
2017-06-25,0.547945205479452
2017-06-26,0.0
2017-06-27,0.0
2017-06-28,0.273972602739726
2017-06-29,0.547945205479452
2017-06-30,0.0
2017-07-01,0.273972602739726
2017-07-02,1.36986301369863
2017-07-03,0.821917808219178
2017-07-04,1.643835616438356
2017-07-05,2.191780821917808
2017-07-06,2.4657534246575343
2017-07-07,2.4657534246575343
2017-07-08,3.287671232876712
2017-07-09,3.5616438356164384
2017-07-10,3.287671232876712
2017-07-11,2.191780821917808
2017-07-12,2.4657534246575343
2017-07-13,2.4657534246575343
2017-07-14,3.835616438356164
2017-07-15,4.383561643835616
2017-07-16,4.109589041095891
2017-07-17,4.931506849315069
2017-07-18,5.7534246575342465
2017-07-19,5.205479452054795
2017-07-20,6.301369863013699
2017-07-21,6.575342465753424
2017-07-22,7.123287671232877
2017-07-23,7.123287671232877
2017-07-24,7.123287671232877
2017-07-25,6.8493150684931505
2017-07-26,7.671232876712328
2017-07-27,7.397260273972603
2017-07-28,8.219178082191782
2017-07-29,9.04109589041096
2017-07-30,9.04109589041096
2017-07-31,9.04109589041096
2017-08-01,9.04109589041096
2017-08-02,9.315068493150685
2017-08-03,7.945205479452055
2017-08-04,7.397260273972603
2017-08-05,5.205479452054795
2017-08-06,5.205479452054795
2017-08-07,4.657534246575342
2017-08-08,5.205479452054795
2017-08-09,3.835616438356164
2017-08-10,7.671232876712328
2017-08-11,9.315068493150685
2017-08-12,10.41095890410959
2017-08-13,10.41095890410959
2017-08-14,12.876712328767123
2017-08-15,13.150684931506849
2017-08-16,12.602739726027398
2017-08-17,12.32876712328767
2017-08-18,13.424657534246576
2017-08-19,15.616438356164384
2017-08-20,15.89041095890411
2017-08-21,17.26027397260274
2017-08-22,17.26027397260274
2017-08-23,18.63013698630137
2017-08-24,19.45205479452055
2017-08-25,19.726027397260275
2017-08-26,20.54794520547945
2017-08-27,20.0
2017-08-28,18.08219178082192
2017-08-29,23.28767123287671
2017-08-30,24.10958904109589
2017-08-31,25.47945205479452
2017-09-01,28.767123287671232
2017-09-02,34.794520547945204
2017-09-03,36.986301369863014
2017-09-04,79.45205479452055
2017-09-05,82.46575342465754
2017-09-06,81.91780821917808
2017-09-07,81.64383561643835
2017-09-08,83.28767123287672
2017-09-09,82.73972602739725
2017-09-10,83.01369863013699
2017-09-11,81.91780821917808
2017-09-12,80.54794520547945
2017-09-13,78.08219178082192
2017-09-14,80.54794520547945
2017-09-15,84.10958904109589
2017-09-16,85.20547945205479
2017-09-17,86.57534246575342
2017-09-18,84.93150684931507
2017-09-19,85.20547945205479
2017-09-20,84.65753424657534
2017-09-21,84.38356164383562
2017-09-22,83.28767123287672
2017-09-23,83.01369863013699
2017-09-24,83.01369863013699
2017-09-25,82.46575342465754
2017-09-26,81.91780821917808
2017-09-27,81.64383561643835
2017-09-28,80.27397260273973
2017-09-29,79.45205479452055
2017-09-30,79.45205479452055
2017-10-01,78.9041095890411
2017-10-02,74.24657534246575
2017-10-03,71.78082191780823
2017-10-04,38.63013698630137
2017-10-05,37.26027397260274
2017-10-06,35.342465753424655
2017-10-07,34.24657534246575
2017-10-08,30.958904109589042
2017-10-09,29.041095890410958
2017-10-10,26.84931506849315
2017-10-11,24.931506849315067
2017-10-12,26.027397260273972
2017-10-13,23.835616438356166
2017-10-14,21.095890410958905
2017-10-15,18.08219178082192
2017-10-16,15.89041095890411
2017-10-17,13.972602739726028
2017-10-18,13.150684931506849
2017-10-19,11.506849315068493
2017-10-20,13.424657534246576
2017-10-21,13.698630136986301
2017-10-22,15.342465753424657
2017-10-23,16.986301369863014
2017-10-24,16.164383561643834
2017-10-25,16.71232876712329
2017-10-26,17.80821917808219
2017-10-27,18.08219178082192
2017-10-28,18.356164383561644
2017-10-29,18.904109589041095
2017-10-30,18.63013698630137
2017-10-31,18.356164383561644
2017-11-01,20.0
2017-11-02,20.82191780821918
2017-11-03,21.91780821917808
2017-11-04,21.91780821917808
2017-11-05,23.28767123287671
2017-11-06,23.28767123287671
2017-11-07,22.19178082191781
2017-11-08,23.561643835616437
2017-11-09,24.383561643835616
2017-11-10,24.383561643835616
2017-11-11,24.10958904109589
2017-11-12,26.84931506849315
2017-11-13,26.301369863013697
2017-11-14,25.205479452054796
2017-11-15,25.205479452054796
2017-11-16,25.205479452054796
2017-11-17,27.945205479452056
2017-11-18,27.945205479452056
2017-11-19,27.945205479452056
2017-11-20,29.589041095890412
2017-11-21,26.84931506849315
2017-11-22,25.753424657534246
2017-11-23,29.589041095890412
2017-11-24,30.684931506849313
2017-11-25,36.986301369863014
2017-11-26,44.10958904109589
2017-11-27,45.75342465753425
2017-11-28,47.67123287671233
2017-11-29,49.04109589041096
2017-11-30,48.49315068493151
2017-12-01,47.397260273972606
2017-12-02,48.49315068493151
2017-12-03,48.76712328767123
2017-12-04,47.945205479452056
2017-12-05,48.76712328767123
2017-12-06,61.64383561643836
2017-12-07,83.28767123287672
2017-12-08,86.84931506849315
2017-12-09,88.4931506849315
2017-12-10,90.95890410958904
2017-12-11,91.78082191780823
2017-12-12,93.15068493150685
2017-12-13,95.06849315068493
2017-12-14,95.34246575342466
2017-12-15,95.61643835616438
2017-12-16,96.43835616438356
2017-12-17,97.26027397260275
2017-12-18,97.26027397260275
2017-12-19,97.53424657534246
2017-12-20,97.26027397260275
2017-12-21,97.53424657534246
2017-12-22,99.17808219178082
2017-12-23,100.0
2017-12-24,100.0
2017-12-25,100.0
2017-12-26,99.45205479452055
2017-12-27,98.63013698630137
2017-12-28,98.08219178082192
2017-12-29,98.35616438356165
2017-12-30,99.72602739726027
2017-12-31,99.45205479452055
2018-01-01,98.9041095890411
2018-01-02,99.45205479452055
2018-01-03,97.8082191780822
2018-01-04,97.53424657534246
2018-01-05,93.42465753424658
2018-01-06,90.13698630136986
2018-01-07,88.4931506849315
2018-01-08,85.20547945205479
2018-01-09,84.10958904109589
2018-01-10,83.28767123287672
2018-01-11,79.45205479452055
2018-01-12,78.35616438356165
2018-01-13,77.26027397260275
2018-01-14,76.43835616438356
2018-01-15,70.68493150684931
2018-01-16,68.21917808219177
2018-01-17,66.3013698630137
2018-01-18,65.20547945205479
2018-01-19,61.0958904109589
2018-01-20,55.06849315068493
2018-01-21,44.10958904109589
2018-01-22,33.97260273972603
2018-01-23,33.6986301369863
2018-01-24,28.21917808219178
2018-01-25,24.931506849315067
2018-01-26,24.383561643835616
2018-01-27,20.54794520547945
2018-01-28,9.863013698630137
2018-01-29,3.0136986301369864
2018-01-30,3.5616438356164384
2018-01-31,1.917808219178082
2018-02-01,1.095890410958904
2018-02-02,0.821917808219178
2018-02-03,1.095890410958904
2018-02-04,0.273972602739726
2018-02-05,2.73972602739726
2018-02-06,0.0
2018-02-07,0.0
2018-02-08,0.0
2018-02-09,0.0
2018-02-10,0.0
2018-02-11,0.0
2018-02-12,0.0
2018-02-13,0.0
2018-02-14,0.0
2018-02-15,0.0
2018-02-16,0.0
2018-02-17,0.0
2018-02-18,0.273972602739726
2018-02-19,0.0
2018-02-20,0.821917808219178
2018-02-21,1.36986301369863
2018-02-22,1.917808219178082
2018-02-23,2.191780821917808
2018-02-24,2.4657534246575343
2018-02-25,2.73972602739726
2018-02-26,3.5616438356164384
2018-02-27,5.205479452054795
2018-02-28,5.47945205479452
2018-03-01,5.205479452054795
2018-03-02,5.7534246575342465
2018-03-03,4.931506849315069
2018-03-04,6.575342465753424
2018-03-05,6.027397260273973
2018-03-06,6.301369863013699
2018-03-07,4.657534246575342
2018-03-08,7.671232876712328
2018-03-09,8.219178082191782
2018-03-10,9.58904109589041
2018-03-11,10.95890410958904
2018-03-12,12.054794520547945
2018-03-13,11.780821917808218
2018-03-14,12.876712328767123
2018-03-15,12.876712328767123
2018-03-16,14.794520547945206
2018-03-17,14.520547945205479
2018-03-18,15.89041095890411
2018-03-19,15.068493150684931
2018-03-20,16.71232876712329
2018-03-21,17.26027397260274
2018-03-22,17.80821917808219
2018-03-23,18.08219178082192
2018-03-24,17.534246575342465
2018-03-25,19.45205479452055
2018-03-26,19.17808219178082
2018-03-27,18.63013698630137
2018-03-28,21.36986301369863
2018-03-29,20.54794520547945
2018-03-30,21.095890410958905
2018-03-31,21.643835616438356
2018-04-01,24.383561643835616
2018-04-02,24.383561643835616
2018-04-03,25.205479452054796
2018-04-04,25.753424657534246
2018-04-05,28.493150684931507
2018-04-06,27.397260273972602
2018-04-07,25.753424657534246
2018-04-08,24.10958904109589
2018-04-09,22.19178082191781
2018-04-10,20.273972602739725
2018-04-11,21.36986301369863
2018-04-12,20.273972602739725
2018-04-13,18.63013698630137
2018-04-14,19.726027397260275
2018-04-15,17.534246575342465
2018-04-16,18.08219178082192
2018-04-17,17.80821917808219
2018-04-18,16.986301369863014
2018-04-19,17.534246575342465
2018-04-20,18.356164383561644
2018-04-21,16.986301369863014
2018-04-22,16.986301369863014
2018-04-23,17.26027397260274
2018-04-24,16.986301369863014
2018-04-25,18.356164383561644
2018-04-26,17.534246575342465
2018-04-27,16.986301369863014
2018-04-28,16.71232876712329
2018-04-29,16.438356164383563
2018-04-30,16.71232876712329
2018-05-01,17.80821917808219
2018-05-02,15.342465753424657
2018-05-03,14.246575342465754
2018-05-04,14.520547945205479
2018-05-05,12.876712328767123
2018-05-06,10.95890410958904
2018-05-07,12.054794520547945
2018-05-08,13.698630136986301
2018-05-09,13.972602739726028
2018-05-10,14.246575342465754
2018-05-11,13.698630136986301
2018-05-12,13.972602739726028
2018-05-13,13.150684931506849
2018-05-14,12.602739726027398
2018-05-15,13.150684931506849
2018-05-16,12.32876712328767
2018-05-17,10.95890410958904
2018-05-18,13.150684931506849
2018-05-19,13.972602739726028
2018-05-20,12.32876712328767
2018-05-21,14.520547945205479
2018-05-22,13.698630136986301
2018-05-23,17.26027397260274
2018-05-24,17.26027397260274
2018-05-25,15.616438356164384
2018-05-26,15.89041095890411
2018-05-27,15.89041095890411
2018-05-28,17.534246575342465
2018-05-29,16.438356164383563
2018-05-30,16.986301369863014
2018-05-31,12.602739726027398
2018-06-01,20.273972602739725
2018-06-02,20.273972602739725
2018-06-03,22.19178082191781
2018-06-04,24.10958904109589
2018-06-05,25.47945205479452
2018-06-06,25.753424657534246
2018-06-07,24.383561643835616
2018-06-08,25.753424657534246
2018-06-09,28.493150684931507
2018-06-10,26.84931506849315
2018-06-11,29.315068493150687
2018-06-12,27.397260273972602
2018-06-13,26.84931506849315
2018-06-14,25.205479452054796
2018-06-15,25.47945205479452
2018-06-16,26.575342465753426
2018-06-17,27.123287671232877
2018-06-18,26.575342465753426
2018-06-19,27.123287671232877
2018-06-20,27.945205479452056
2018-06-21,26.84931506849315
2018-06-22,30.958904109589042
2018-06-23,32.602739726027394
2018-06-24,34.24657534246575
2018-06-25,31.78082191780822
2018-06-26,33.15068493150685
2018-06-27,33.42465753424658
2018-06-28,36.43835616438356
2018-06-29,35.61643835616438
2018-06-30,36.16438356164384
2018-07-01,35.342465753424655
2018-07-02,36.16438356164384
2018-07-03,33.6986301369863
2018-07-04,34.794520547945204
2018-07-05,36.16438356164384
2018-07-06,38.35616438356164
2018-07-07,37.26027397260274
2018-07-08,35.06849315068493
2018-07-09,33.42465753424658
2018-07-10,39.726027397260275
2018-07-11,41.64383561643836
2018-07-12,44.93150684931507
2018-07-13,46.02739726027397
2018-07-14,46.84931506849315
2018-07-15,46.02739726027397
2018-07-16,47.67123287671233
2018-07-17,48.49315068493151
2018-07-18,48.76712328767123
2018-07-19,48.21917808219178
2018-07-20,48.21917808219178
2018-07-21,47.397260273972606
2018-07-22,46.84931506849315
2018-07-23,46.57534246575342
2018-07-24,45.75342465753425
2018-07-25,44.93150684931507
2018-07-26,44.93150684931507
2018-07-27,45.47945205479452
2018-07-28,43.83561643835616
2018-07-29,44.93150684931507
2018-07-30,46.3013698630137
2018-07-31,47.945205479452056
2018-08-01,48.49315068493151
2018-08-02,48.76712328767123
2018-08-03,48.21917808219178
2018-08-04,46.02739726027397
2018-08-05,45.205479452054796
2018-08-06,47.12328767123287
2018-08-07,49.31506849315068
2018-08-08,49.31506849315068
2018-08-09,48.76712328767123
2018-08-10,47.397260273972606
2018-08-11,43.83561643835616
2018-08-12,45.205479452054796
2018-08-13,44.10958904109589
2018-08-14,45.205479452054796
2018-08-15,42.73972602739726
2018-08-16,42.73972602739726
2018-08-17,43.28767123287671
2018-08-18,43.013698630136986
2018-08-19,44.10958904109589
2018-08-20,44.10958904109589
2018-08-21,42.19178082191781
2018-08-22,44.38356164383562
2018-08-23,49.31506849315068
2018-08-24,54.24657534246575
2018-08-25,54.52054794520548
2018-08-26,55.342465753424655
2018-08-27,56.986301369863014
2018-08-28,56.986301369863014
2018-08-29,54.794520547945204
2018-08-30,54.794520547945204
2018-08-31,53.42465753424658
2018-09-01,55.61643835616438
2018-09-02,58.082191780821915
2018-09-03,58.63013698630137
2018-09-04,58.9041095890411
2018-09-05,59.45205479452055
2018-09-06,59.726027397260275
2018-09-07,59.178082191780824
2018-09-08,60.273972602739725
2018-09-09,59.45205479452055
2018-09-10,60.273972602739725
2018-09-11,59.178082191780824
2018-09-12,60.273972602739725
2018-09-13,60.0
2018-09-14,61.64383561643836
2018-09-15,60.54794520547945
2018-09-16,58.9041095890411
2018-09-17,58.63013698630137
2018-09-18,57.26027397260274
2018-09-19,57.534246575342465
2018-09-20,59.45205479452055
2018-09-21,57.534246575342465
2018-09-22,56.16438356164384
2018-09-23,55.342465753424655
2018-09-24,53.6986301369863
2018-09-25,53.6986301369863
2018-09-26,48.21917808219178
2018-09-27,52.054794520547944
2018-09-28,56.71232876712329
2018-09-29,57.80821917808219
2018-09-30,62.465753424657535
2018-10-01,60.54794520547945
2018-10-02,57.80821917808219
2018-10-03,63.83561643835616
2018-10-04,64.10958904109589
2018-10-05,65.20547945205479
2018-10-06,67.67123287671232
2018-10-07,67.3972602739726
2018-10-08,64.38356164383562
2018-10-09,64.65753424657534
2018-10-10,69.04109589041096
2018-10-11,69.04109589041096
2018-10-12,68.76712328767124
2018-10-13,67.67123287671232
2018-10-14,66.3013698630137
2018-10-15,66.57534246575342
2018-10-16,64.93150684931507
2018-10-17,71.23287671232876
2018-10-18,69.31506849315069
2018-10-19,69.86301369863014
2018-10-20,70.95890410958904
2018-10-21,72.05479452054794
2018-10-22,72.87671232876713
2018-10-23,73.42465753424658
2018-10-24,81.5068493150685
2018-10-25,81.91780821917808
2018-10-26,83.15068493150685
2018-10-27,83.69863013698631
2018-10-28,83.2876712328767
2018-10-29,83.2876712328767
2018-10-30,81.23287671232876
2018-10-31,81.23287671232876
2018-11-01,83.15068493150685
2018-11-02,79.45205479452054
2018-11-03,78.63013698630137
2018-11-04,75.75342465753424
2018-11-05,74.10958904109589
2018-11-06,76.7123287671233
2018-11-07,76.16438356164383
2018-11-08,76.02739726027397
2018-11-09,76.57534246575342
2018-11-10,76.30136986301369
2018-11-11,76.43835616438356
2018-11-12,81.0958904109589
2018-11-13,80.41095890410958
2018-11-14,83.2876712328767
2018-11-15,81.23287671232876
2018-11-16,79.31506849315068
2018-11-17,79.86301369863014
2018-11-18,80.27397260273972
2018-11-19,74.79452054794521
2018-11-20,69.04109589041096
2018-11-21,71.36986301369862
2018-11-22,63.83561643835617
2018-11-23,59.589041095890416
2018-11-24,53.83561643835617
2018-11-25,51.780821917808225
2018-11-26,51.23287671232877
2018-11-27,51.64383561643835
2018-11-28,53.6986301369863
2018-11-29,53.150684931506845
2018-11-30,54.10958904109589
2018-12-01,53.28767123287671
2018-12-02,53.150684931506845
2018-12-03,53.42465753424658
2018-12-04,51.369863013698634
2018-12-05,49.31506849315068
2018-12-06,46.16438356164384
2018-12-07,45.06849315068493
2018-12-08,46.16438356164384
2018-12-09,43.97260273972603
2018-12-10,44.93150684931507
2018-12-11,42.87671232876713
2018-12-12,41.0958904109589
2018-12-13,43.42465753424658
2018-12-14,43.013698630136986
2018-12-15,46.16438356164383
2018-12-16,46.849315068493155
2018-12-17,48.35616438356165
2018-12-18,49.86301369863014
2018-12-19,50.95890410958904
2018-12-20,56.02739726027397
2018-12-21,53.013698630136986
2018-12-22,58.21917808219178
2018-12-23,62.1917808219178
2018-12-24,70.0
2018-12-25,69.58904109589041
2018-12-26,62.73972602739726
2018-12-27,57.80821917808219
2018-12-28,54.794520547945204
2018-12-29,61.64383561643836
2018-12-30,49.04109589041096
2018-12-31,45.47945205479452
2019-01-01,48.21917808219178
2019-01-02,53.6986301369863
2019-01-03,55.89041095890411
2019-01-04,63.013698630136986
2019-01-05,78.9041095890411
2019-01-06,79.72602739726027
2019-01-07,76.98630136986301
2019-01-08,73.97260273972603
2019-01-09,73.42465753424658
2019-01-10,78.35616438356165
2019-01-11,83.56164383561644
2019-01-12,82.73972602739725
2019-01-13,80.82191780821918
2019-01-14,74.52054794520548
2019-01-15,78.9041095890411
2019-01-16,85.47945205479452
2019-01-17,90.41095890410959
2019-01-18,90.95890410958904
2019-01-19,91.5068493150685
2019-01-20,94.24657534246575
2019-01-21,94.79452054794521
2019-01-22,93.97260273972603
2019-01-23,96.16438356164383
2019-01-24,96.43835616438356
2019-01-25,97.53424657534246
2019-01-26,98.63013698630137
2019-01-27,96.84931506849315
2019-01-28,94.10958904109589
2019-01-29,100.0
2019-01-30,100.0
2019-01-31,99.31506849315068
2019-02-01,99.04109589041096
2019-02-02,100.0
2019-02-03,99.45205479452055
2019-02-04,97.53424657534246
2019-02-05,94.52054794520548
2019-02-06,96.57534246575342
2019-02-07,96.98630136986301
2019-02-08,94.38356164383562
2019-02-09,97.12328767123287
2019-02-10,91.0958904109589
2019-02-11,89.72602739726028
2019-02-12,94.79452054794521
2019-02-13,96.98630136986301
2019-02-14,93.56164383561644
2019-02-15,89.04109589041096
2019-02-16,88.9041095890411
2019-02-17,89.31506849315068
2019-02-18,85.75342465753425
2019-02-19,85.75342465753425
2019-02-20,87.8082191780822
2019-02-21,85.06849315068493
2019-02-22,85.89041095890411
2019-02-23,84.79452054794521
2019-02-24,85.61643835616438
2019-02-25,83.01369863013699
2019-02-26,90.54794520547945
2019-02-27,91.0958904109589
2019-02-28,83.83561643835617
2019-03-01,82.6027397260274
2019-03-02,83.56164383561644
2019-03-03,78.9041095890411
2019-03-04,75.89041095890411
2019-03-05,76.57534246575342
2019-03-06,77.53424657534246
2019-03-07,80.27397260273972
2019-03-08,76.7123287671233
2019-03-09,77.3972602739726
2019-03-10,80.68493150684931
2019-03-11,79.31506849315069
2019-03-12,81.0958904109589
2019-03-13,81.23287671232876
2019-03-14,77.94520547945206
2019-03-15,77.8082191780822
2019-03-16,77.39726027397259
2019-03-17,78.21917808219177
2019-03-18,76.3013698630137
2019-03-19,79.45205479452055
2019-03-20,81.64383561643837
2019-03-21,79.72602739726028
2019-03-22,78.9041095890411
2019-03-23,82.73972602739727
2019-03-24,77.94520547945206
2019-03-25,77.8082191780822
2019-03-26,72.46575342465754
2019-03-27,75.75342465753424
2019-03-28,69.31506849315069
2019-03-29,69.04109589041096
2019-03-30,67.3972602739726
2019-03-31,66.7123287671233
2019-04-01,67.8082191780822
2019-04-02,72.46575342465754
2019-04-03,69.04109589041096
2019-04-04,66.16438356164383
2019-04-05,66.30136986301369
2019-04-06,71.91780821917808
2019-04-07,77.39726027397259
2019-04-08,73.97260273972603
2019-04-09,65.61643835616438
2019-04-10,62.32876712328767
2019-04-11,62.602739726027394
2019-04-12,60.82191780821918
2019-04-13,61.64383561643836
2019-04-14,60.684931506849324
2019-04-15,61.64383561643835
2019-04-16,59.178082191780824
2019-04-17,54.38356164383562
2019-04-18,52.73972602739727
2019-04-19,52.1917808219178
2019-04-20,52.465753424657535
2019-04-21,50.27397260273973
2019-04-22,49.31506849315068
2019-04-23,49.86301369863014
2019-04-24,52.465753424657535
2019-04-25,54.93150684931507
2019-04-26,55.89041095890411
2019-04-27,56.71232876712329
2019-04-28,47.80821917808219
2019-04-29,46.986301369863014
2019-04-30,50.13698630136986
2019-05-01,51.917808219178085
2019-05-02,51.23287671232877
2019-05-03,52.465753424657535
2019-05-04,58.21917808219178
2019-05-05,61.0958904109589
2019-05-06,57.534246575342465
2019-05-07,50.82191780821918
2019-05-08,60.27397260273972
2019-05-09,63.150684931506845
2019-05-10,69.58904109589041
2019-05-11,72.6027397260274
2019-05-12,75.75342465753424
2019-05-13,79.86301369863014
2019-05-14,80.54794520547945
2019-05-15,80.95890410958904
2019-05-16,80.82191780821918
2019-05-17,84.65753424657535
2019-05-18,83.97260273972603
2019-05-19,85.20547945205479
2019-05-20,84.93150684931507
2019-05-21,84.65753424657535
2019-05-22,84.38356164383562
2019-05-23,84.5205479452055
2019-05-24,85.20547945205479
2019-05-25,84.52054794520548
2019-05-26,83.15068493150685
2019-05-27,83.6986301369863
2019-05-28,86.43835616438356
2019-05-29,86.57534246575344
2019-05-30,85.61643835616438
2019-05-31,85.06849315068493
2019-06-01,83.15068493150685
2019-06-02,83.56164383561644
2019-06-03,81.23287671232876
2019-06-04,77.12328767123287
2019-06-05,73.83561643835617
2019-06-06,74.10958904109589
2019-06-07,64.10958904109589
2019-06-08,63.83561643835616
2019-06-09,60.82191780821918
2019-06-10,51.917808219178085
2019-06-11,46.301369863013704
2019-06-12,34.52054794520548
2019-06-13,31.780821917808222
2019-06-14,33.83561643835617
2019-06-15,36.301369863013704
2019-06-16,28.35616438356164
2019-06-17,27.80821917808219
2019-06-18,26.84931506849315
2019-06-19,29.315068493150687
2019-06-20,28.630136986301373
2019-06-21,34.93150684931507
2019-06-22,37.534246575342465
2019-06-23,36.16438356164383
2019-06-24,37.67123287671233
2019-06-25,39.04109589041096
2019-06-26,39.04109589041096
2019-06-27,40.68493150684932
2019-06-28,41.36986301369863
2019-06-29,42.87671232876712
2019-06-30,38.082191780821915
2019-07-01,36.438356164383556
2019-07-02,35.47945205479452
2019-07-03,36.71232876712329
2019-07-04,27.808219178082194
2019-07-05,28.767123287671232
2019-07-06,28.493150684931507
2019-07-07,32.73972602739726
2019-07-08,37.945205479452056
2019-07-09,39.86301369863014
2019-07-10,43.28767123287671
2019-07-11,43.28767123287671
2019-07-12,40.136986301369866
2019-07-13,34.794520547945204
2019-07-14,29.45205479452055
2019-07-15,29.58904109589041
2019-07-16,35.34246575342466
2019-07-17,33.013698630136986
2019-07-18,33.83561643835617
2019-07-19,35.61643835616438
2019-07-20,44.93150684931507
2019-07-21,30.54794520547945
2019-07-22,23.698630136986303
2019-07-23,19.178082191780817
2019-07-24,22.054794520547944
2019-07-25,20.82191780821918
2019-07-26,17.123287671232873
2019-07-27,16.986301369863014
2019-07-28,16.575342465753426
2019-07-29,17.123287671232877
2019-07-30,18.21917808219178
2019-07-31,20.684931506849313
2019-08-01,22.46575342465753
2019-08-02,23.698630136986303
2019-08-03,28.9041095890411
2019-08-04,29.315068493150687
2019-08-05,36.57534246575342
2019-08-06,35.342465753424655
2019-08-07,36.02739726027398
2019-08-08,36.16438356164384
2019-08-09,36.986301369863014
2019-08-10,40.54794520547945
2019-08-11,45.61643835616439
2019-08-12,50.410958904109584
2019-08-13,51.0958904109589
2019-08-14,50.821917808219176
2019-08-15,47.67123287671233
2019-08-16,48.76712328767123
2019-08-17,50.54794520547945
2019-08-18,49.041095890410965
2019-08-19,44.38356164383562
2019-08-20,46.438356164383556
2019-08-21,46.438356164383556
2019-08-22,46.71232876712329
2019-08-23,46.84931506849315
2019-08-24,46.986301369863014
2019-08-25,48.90410958904109
2019-08-26,49.863013698630134
2019-08-27,51.780821917808225
2019-08-28,52.73972602739727
2019-08-29,57.945205479452056
2019-08-30,58.63013698630137
2019-08-31,63.013698630136986
2019-09-01,60.68493150684932
2019-09-02,58.63013698630137
2019-09-03,70.13698630136986
2019-09-04,57.67123287671233
2019-09-05,59.726027397260275
2019-09-06,56.57534246575342
2019-09-07,57.397260273972606
2019-09-08,58.082191780821915
2019-09-09,55.20547945205479
2019-09-10,48.35616438356164
2019-09-11,48.90410958904109
2019-09-12,53.83561643835617
2019-09-13,49.45205479452055
2019-09-14,54.10958904109589
2019-09-15,54.38356164383562
2019-09-16,47.534246575342465
2019-09-17,45.47945205479452
2019-09-18,49.04109589041096
2019-09-19,52.602739726027394
2019-09-20,55.47945205479452
2019-09-21,50.68493150684931
2019-09-22,49.041095890410965
2019-09-23,57.671232876712324
2019-09-24,50.41095890410959
2019-09-25,54.38356164383562
2019-09-26,54.79452054794521
2019-09-27,57.671232876712324
2019-09-28,53.83561643835616
2019-09-29,56.16438356164383
2019-09-30,56.57534246575342
2019-10-01,59.17808219178082
2019-10-02,65.47945205479452
2019-10-03,60.0
2019-10-04,64.24657534246575
2019-10-05,65.20547945205479
2019-10-06,69.04109589041096
2019-10-07,71.78082191780823
2019-10-08,72.87671232876713
2019-10-09,74.65753424657534
2019-10-10,79.17808219178082
2019-10-11,77.8082191780822
2019-10-12,80.95890410958904
2019-10-13,82.1917808219178
2019-10-14,77.26027397260273
2019-10-15,81.78082191780823
2019-10-16,82.46575342465754
2019-10-17,84.52054794520548
2019-10-18,83.83561643835617
2019-10-19,83.01369863013699
2019-10-20,83.01369863013699
2019-10-21,83.83561643835617
2019-10-22,81.91780821917808
2019-10-23,79.58904109589041
2019-10-24,79.72602739726027
2019-10-25,80.27397260273972
2019-10-26,82.1917808219178
2019-10-27,77.8082191780822
2019-10-28,83.2876712328767
2019-10-29,83.56164383561645
2019-10-30,82.46575342465754
2019-10-31,84.65753424657534
2019-11-01,82.1917808219178
2019-11-02,83.2876712328767
2019-11-03,80.68493150684932
2019-11-04,80.95890410958904
2019-11-05,79.58904109589042
2019-11-06,75.89041095890411
2019-11-07,73.56164383561644
2019-11-08,67.3972602739726
2019-11-09,60.0
2019-11-10,61.64383561643835
2019-11-11,57.397260273972606
2019-11-12,53.6986301369863
2019-11-13,59.86301369863014
2019-11-14,50.54794520547945
2019-11-15,47.8082191780822
2019-11-16,43.013698630136986
2019-11-17,45.06849315068493
2019-11-18,39.178082191780824
2019-11-19,39.45205479452055
2019-11-20,38.21917808219178
2019-11-21,43.42465753424658
2019-11-22,37.67123287671233
2019-11-23,49.45205479452055
2019-11-24,43.42465753424658
2019-11-25,42.054794520547944
2019-11-26,50.95890410958904
2019-11-27,39.58904109589041
2019-11-28,33.6986301369863
2019-11-29,36.16438356164384
2019-11-30,35.342465753424655
2019-12-01,32.6027397260274
2019-12-02,31.643835616438356
2019-12-03,33.83561643835616
2019-12-04,34.109589041095894
2019-12-05,36.02739726027397
2019-12-06,37.67123287671233
2019-12-07,40.68493150684932
2019-12-08,42.465753424657535
2019-12-09,43.6986301369863
2019-12-10,42.465753424657535
2019-12-11,41.64383561643836
2019-12-12,42.602739726027394
2019-12-13,41.78082191780822
2019-12-14,42.054794520547944
2019-12-15,43.561643835616444
2019-12-16,43.28767123287671
2019-12-17,43.83561643835617
2019-12-18,44.52054794520548
2019-12-19,44.38356164383562
2019-12-20,44.52054794520548
2019-12-21,43.6986301369863
2019-12-22,44.109589041095894
2019-12-23,43.6986301369863
2019-12-24,43.83561643835617
2019-12-25,43.56164383561644
2019-12-26,43.42465753424658
2019-12-27,43.15068493150685
2019-12-28,43.42465753424658
2019-12-29,42.87671232876713
2019-12-30,41.78082191780822
2019-12-31,39.589041095890416
2020-01-01,39.178082191780824
2020-01-02,38.08219178082192
2020-01-03,37.80821917808219
2020-01-04,37.67123287671233
2020-01-05,37.3972602739726
2020-01-06,38.08219178082192
2020-01-07,38.082191780821915
2020-01-08,40.958904109589035
2020-01-09,43.150684931506845
2020-01-10,45.06849315068493
2020-01-11,46.16438356164384
2020-01-12,49.31506849315069
2020-01-13,49.58904109589041
2020-01-14,52.602739726027394
2020-01-15,56.16438356164383
2020-01-16,56.57534246575342
2020-01-17,60.273972602739725
2020-01-18,60.821917808219176
2020-01-19,63.83561643835616
2020-01-20,70.13698630136986
2020-01-21,70.54794520547945
2020-01-22,78.4931506849315
2020-01-23,79.86301369863014
2020-01-24,85.20547945205479
2020-01-25,79.72602739726027
2020-01-26,82.73972602739727
2020-01-27,79.31506849315069
2020-01-28,76.7123287671233
2020-01-29,78.08219178082192
2020-01-30,81.64383561643835
2020-01-31,87.8082191780822
2020-02-01,91.64383561643837
2020-02-02,91.5068493150685
2020-02-03,86.84931506849315
2020-02-04,89.58904109589041
2020-02-05,86.84931506849315
2020-02-06,90.54794520547945
2020-02-07,90.95890410958904
2020-02-08,89.45205479452054
2020-02-09,87.53424657534246
2020-02-10,86.57534246575342
2020-02-11,86.84931506849315
2020-02-12,88.21917808219177
2020-02-13,89.72602739726028
2020-02-14,91.5068493150685
2020-02-15,93.42465753424656
2020-02-16,93.15068493150685
2020-02-17,93.42465753424658
2020-02-18,94.24657534246575
2020-02-19,93.97260273972603
2020-02-20,90.54794520547945
2020-02-21,89.04109589041096
2020-02-22,86.02739726027397
2020-02-23,84.10958904109589
2020-02-24,88.21917808219177
2020-02-25,85.89041095890411
2020-02-26,83.56164383561644
2020-02-27,83.69863013698631
2020-02-28,86.02739726027397
2020-02-29,83.15068493150685
2020-03-01,75.89041095890411
2020-03-02,72.73972602739725
2020-03-03,76.57534246575342
2020-03-04,81.5068493150685
2020-03-05,80.13698630136986
2020-03-06,83.15068493150685
2020-03-07,82.46575342465754
2020-03-08,82.1917808219178
2020-03-09,78.76712328767124
2020-03-10,82.87671232876713
2020-03-11,80.95890410958904
2020-03-12,73.2876712328767
2020-03-13,66.16438356164383
2020-03-14,63.42465753424657
2020-03-15,60.54794520547945
2020-03-16,59.58904109589041
2020-03-17,59.178082191780824
2020-03-18,59.31506849315068
2020-03-19,58.630136986301366
2020-03-20,58.21917808219178
2020-03-21,58.76712328767123
2020-03-22,58.082191780821915
2020-03-23,58.219178082191775
2020-03-24,57.26027397260274
2020-03-25,56.57534246575342
2020-03-26,56.57534246575342
2020-03-27,56.02739726027397
2020-03-28,55.89041095890411
2020-03-29,56.16438356164384
2020-03-30,56.438356164383556
2020-03-31,57.12328767123287
2020-04-01,58.082191780821915
2020-04-02,59.45205479452055
2020-04-03,60.136986301369866
2020-04-04,61.50684931506849
2020-04-05,61.64383561643836
2020-04-06,60.82191780821918
2020-04-07,60.95890410958904
2020-04-08,62.465753424657535
2020-04-09,62.6027397260274
2020-04-10,61.917808219178085
2020-04-11,61.0958904109589
2020-04-12,51.0958904109589
2020-04-13,56.16438356164383
2020-04-14,60.82191780821918
2020-04-15,63.97260273972603
2020-04-16,62.73972602739725
2020-04-17,65.20547945205479
2020-04-18,63.97260273972603
2020-04-19,68.76712328767124
2020-04-20,57.945205479452056
2020-04-21,54.38356164383561
2020-04-22,56.02739726027397
2020-04-23,60.95890410958904
2020-04-24,67.67123287671232
2020-04-25,70.0
2020-04-26,75.75342465753425
2020-04-27,79.04109589041096
2020-04-28,66.7123287671233
2020-04-29,68.9041095890411
2020-04-30,65.20547945205479
2020-05-01,53.56164383561644
2020-05-02,52.73972602739726
2020-05-03,50.68493150684932
2020-05-04,52.87671232876712
2020-05-05,49.86301369863014
2020-05-06,52.87671232876713
2020-05-07,58.082191780821915
2020-05-08,58.76712328767124
2020-05-09,53.42465753424657
2020-05-10,57.534246575342465
2020-05-11,54.52054794520548
2020-05-12,54.38356164383562
2020-05-13,59.726027397260275
2020-05-14,63.150684931506845
2020-05-15,62.73972602739726
2020-05-16,58.082191780821915
2020-05-17,55.47945205479452
2020-05-18,58.9041095890411
2020-05-19,54.657534246575345
2020-05-20,53.6986301369863
2020-05-21,54.10958904109589
2020-05-22,53.28767123287672
2020-05-23,51.78082191780822
2020-05-24,47.12328767123288
2020-05-25,46.16438356164384
2020-05-26,45.890410958904106
2020-05-27,46.02739726027397
2020-05-28,49.863013698630134
2020-05-29,49.58904109589041
2020-05-30,49.863013698630134
2020-05-31,51.78082191780822
2020-06-01,52.87671232876713
2020-06-02,53.97260273972603
2020-06-03,53.6986301369863
2020-06-04,54.79452054794521
2020-06-05,51.50684931506849
2020-06-06,49.58904109589041
2020-06-07,47.671232876712324
2020-06-08,49.31506849315069
2020-06-09,51.917808219178085
2020-06-10,51.369863013698634
2020-06-11,54.38356164383562
2020-06-12,51.78082191780822
2020-06-13,51.36986301369863
2020-06-14,46.71232876712328
2020-06-15,47.26027397260275
2020-06-16,43.83561643835616
2020-06-17,42.19178082191781
2020-06-18,42.602739726027394
2020-06-19,41.917808219178085
2020-06-20,42.054794520547944
2020-06-21,42.465753424657535
2020-06-22,44.38356164383562
2020-06-23,47.26027397260274
2020-06-24,47.80821917808219
2020-06-25,47.534246575342465
2020-06-26,46.02739726027397
2020-06-27,38.49315068493151
2020-06-28,32.054794520547944
2020-06-29,29.863013698630137
2020-06-30,30.136986301369863
2020-07-01,28.767123287671232
2020-07-02,27.397260273972602
2020-07-03,27.397260273972602
2020-07-04,27.945205479452053
2020-07-05,32.054794520547944
2020-07-06,29.58904109589041
2020-07-07,28.767123287671232
2020-07-08,29.863013698630134
2020-07-09,30.0
2020-07-10,34.65753424657534
2020-07-11,32.19178082191781
2020-07-12,31.506849315068493
2020-07-13,32.73972602739726
2020-07-14,40.54794520547945
2020-07-15,41.50684931506849
2020-07-16,42.19178082191781
2020-07-17,44.24657534246575
2020-07-18,44.52054794520548
2020-07-19,48.90410958904109
2020-07-20,47.945205479452056
2020-07-21,48.49315068493151
2020-07-22,42.19178082191781
2020-07-23,40.82191780821918
2020-07-24,43.15068493150685
2020-07-25,41.78082191780822
2020-07-26,42.32876712328767
2020-07-27,49.04109589041096
2020-07-28,51.09589041095891
2020-07-29,53.698630136986296
2020-07-30,53.97260273972603
2020-07-31,47.26027397260274
2020-08-01,45.205479452054796
2020-08-02,44.657534246575345
2020-08-03,44.24657534246575
2020-08-04,45.89041095890411
2020-08-05,49.863013698630134
2020-08-06,53.15068493150685
2020-08-07,56.986301369863014
2020-08-08,54.24657534246575
2020-08-09,51.0958904109589
2020-08-10,55.89041095890411
2020-08-11,53.83561643835617
2020-08-12,51.232876712328775
2020-08-13,48.49315068493151
2020-08-14,48.21917808219179
2020-08-15,55.47945205479452
2020-08-16,57.67123287671233
2020-08-17,60.54794520547945
2020-08-18,57.945205479452056
2020-08-19,58.21917808219179
2020-08-20,58.35616438356165
2020-08-21,57.12328767123288
2020-08-22,59.45205479452055
2020-08-23,59.17808219178082
2020-08-24,55.75342465753425
2020-08-25,54.38356164383562
2020-08-26,50.54794520547945
2020-08-27,50.41095890410959
2020-08-28,50.13698630136986
2020-08-29,49.31506849315069
2020-08-30,54.10958904109589
2020-08-31,56.43835616438356
2020-09-01,57.945205479452056
2020-09-02,56.849315068493155
2020-09-03,57.12328767123287
2020-09-04,65.20547945205479
2020-09-05,61.917808219178085
2020-09-06,58.9041095890411
2020-09-07,57.945205479452056
2020-09-08,56.02739726027397
2020-09-09,50.273972602739725
2020-09-10,52.054794520547944
2020-09-11,52.46575342465753
2020-09-12,50.41095890410959
2020-09-13,48.9041095890411
2020-09-14,46.43835616438356
2020-09-15,42.32876712328767
2020-09-16,40.41095890410959
2020-09-17,43.97260273972603
2020-09-18,45.34246575342466
2020-09-19,44.52054794520548
2020-09-20,44.24657534246575
2020-09-21,44.38356164383561
2020-09-22,41.36986301369863
2020-09-23,44.794520547945204
2020-09-24,44.52054794520548
2020-09-25,46.57534246575342
2020-09-26,47.12328767123288
2020-09-27,46.57534246575342
2020-09-28,47.945205479452056
2020-09-29,46.849315068493155
2020-09-30,46.986301369863014
2020-10-01,44.52054794520548
2020-10-02,44.109589041095894
2020-10-03,37.67123287671233
2020-10-04,27.123287671232877
2020-10-05,28.49315068493151
2020-10-06,28.49315068493151
2020-10-07,29.17808219178082
2020-10-08,31.91780821917808
2020-10-09,35.06849315068493
2020-10-10,34.93150684931506
2020-10-11,35.06849315068493
2020-10-12,34.65753424657534
2020-10-13,34.38356164383562
2020-10-14,33.013698630136986
2020-10-15,32.602739726027394
2020-10-16,32.054794520547944
2020-10-17,31.23287671232877
2020-10-18,27.534246575342465
2020-10-19,26.849315068493155
2020-10-20,28.49315068493151
2020-10-21,28.90410958904109
2020-10-22,34.246575342465746
2020-10-23,31.91780821917808
2020-10-24,35.20547945205479
2020-10-25,36.16438356164384
2020-10-26,35.75342465753424
2020-10-27,46.986301369863014
2020-10-28,46.02739726027397
2020-10-29,43.42465753424658
2020-10-30,44.657534246575345
2020-10-31,46.02739726027397
2020-11-01,52.328767123287676
2020-11-02,53.28767123287671
2020-11-03,50.410958904109584
2020-11-04,51.78082191780822
2020-11-05,55.89041095890411
2020-11-06,56.57534246575342
2020-11-07,51.09589041095891
2020-11-08,49.45205479452054
2020-11-09,50.13698630136986
2020-11-10,49.86301369863014
2020-11-11,50.136986301369866
2020-11-12,54.65753424657534
2020-11-13,56.986301369863014
2020-11-14,56.57534246575342
2020-11-15,51.64383561643835
2020-11-16,52.602739726027394
2020-11-17,54.10958904109589
2020-11-18,54.93150684931507
2020-11-19,53.698630136986296
2020-11-20,51.369863013698634
2020-11-21,51.917808219178085
2020-11-22,54.65753424657534
2020-11-23,55.47945205479452
2020-11-24,57.12328767123287
2020-11-25,54.65753424657534
2020-11-26,42.054794520547944
2020-11-27,37.397260273972606
2020-11-28,42.465753424657535
2020-11-29,33.97260273972603
2020-11-30,45.205479452054796
2020-12-01,43.56164383561644
2020-12-02,43.013698630136986
2020-12-03,46.84931506849315
2020-12-04,39.178082191780824
2020-12-05,36.43835616438356
2020-12-06,34.794520547945204
2020-12-07,37.26027397260274
2020-12-08,41.36986301369863
2020-12-09,29.863013698630137
2020-12-10,31.78082191780822
2020-12-11,35.06849315068493
2020-12-12,28.493150684931507
2020-12-13,28.21917808219178
2020-12-14,31.78082191780822
2020-12-15,40.54794520547945
2020-12-16,36.16438356164384
2020-12-17,42.19178082191781
2020-12-18,44.93150684931507
2020-12-19,48.76712328767123
2020-12-20,53.42465753424658
2020-12-21,53.97260273972603
2020-12-22,50.136986301369866
2020-12-23,43.28767123287671
2020-12-24,33.15068493150685
2020-12-25,37.80821917808219
2020-12-26,35.06849315068493
2020-12-27,34.794520547945204
2020-12-28,37.26027397260274
2020-12-29,31.232876712328768
2020-12-30,29.589041095890412
2020-12-31,19.17808219178082
2021-01-01,23.28767123287671
2021-01-02,29.315068493150687
2021-01-03,31.506849315068493
2021-01-04,38.35616438356164
2021-01-05,38.63013698630137
2021-01-06,38.9041095890411
2021-01-07,36.16438356164384
2021-01-08,43.28767123287671
2021-01-09,45.205479452054796
2021-01-10,43.83561643835616
2021-01-11,39.178082191780824
2021-01-12,37.80821917808219
2021-01-13,38.9041095890411
2021-01-14,28.767123287671232
2021-01-15,30.684931506849313
2021-01-16,27.945205479452056
2021-01-17,27.671232876712327
2021-01-18,26.575342465753426
2021-01-19,22.465753424657535
2021-01-20,27.945205479452056
2021-01-21,47.12328767123287
2021-01-22,52.32876712328767
2021-01-23,53.15068493150685
2021-01-24,53.42465753424658
2021-01-25,51.78082191780822
2021-01-26,34.52054794520548
2021-01-27,32.328767123287676
2021-01-28,33.42465753424658
2021-01-29,33.013698630136986
2021-01-30,33.150684931506845
2021-01-31,32.32876712328767
2021-02-01,31.232876712328768
2021-02-02,33.97260273972603
2021-02-03,28.767123287671236
2021-02-04,28.356164383561648
2021-02-05,28.493150684931507
2021-02-06,32.19178082191781
2021-02-07,43.42465753424658
2021-02-08,51.50684931506849
2021-02-09,60.136986301369866
2021-02-10,61.91780821917808
2021-02-11,64.38356164383562
2021-02-12,66.16438356164383
2021-02-13,69.58904109589041
2021-02-14,72.87671232876713
2021-02-15,70.41095890410959
2021-02-16,69.45205479452055
2021-02-17,66.43835616438356
2021-02-18,70.54794520547945
2021-02-19,68.21917808219177
2021-02-20,56.301369863013704
2021-02-21,57.3972602739726
2021-02-22,54.65753424657534
2021-02-23,56.02739726027397
2021-02-24,53.6986301369863
2021-02-25,48.49315068493151
2021-02-26,51.91780821917808
2021-02-27,61.917808219178085
2021-02-28,54.65753424657534
2021-03-01,54.24657534246575
2021-03-02,52.054794520547944
2021-03-03,45.75342465753425
2021-03-04,43.150684931506845
2021-03-05,46.16438356164384
2021-03-06,46.3013698630137
2021-03-07,45.06849315068493
2021-03-08,45.47945205479452
2021-03-09,42.73972602739726
2021-03-10,42.328767123287676
2021-03-11,44.10958904109589
2021-03-12,39.86301369863014
2021-03-13,37.671232876712324
2021-03-14,29.315068493150687
2021-03-15,27.260273972602743
2021-03-16,27.123287671232877
2021-03-17,32.328767123287676
2021-03-18,32.87671232876713
2021-03-19,28.08219178082192
2021-03-20,21.506849315068493
2021-03-21,19.04109589041096
2021-03-22,28.08219178082192
2021-03-23,26.164383561643838
2021-03-24,29.315068493150687
2021-03-25,27.123287671232877
2021-03-26,28.493150684931507
2021-03-27,37.26027397260275
2021-03-28,33.6986301369863
2021-03-29,21.232876712328768
2021-03-30,26.986301369863014
2021-03-31,28.08219178082192
2021-04-01,28.9041095890411
2021-04-02,29.04109589041096
2021-04-03,33.42465753424658
2021-04-04,26.438356164383563
2021-04-05,25.616438356164384
2021-04-06,24.246575342465754
2021-04-07,30.82191780821918
2021-04-08,30.82191780821918
2021-04-09,20.41095890410959
2021-04-10,15.890410958904111
2021-04-11,24.657534246575345
2021-04-12,23.698630136986303
2021-04-13,36.02739726027397
2021-04-14,35.34246575342466
2021-04-15,29.178082191780824
2021-04-16,23.698630136986303
2021-04-17,28.9041095890411
2021-04-18,34.79452054794521
2021-04-19,39.45205479452055
2021-04-20,40.82191780821918
2021-04-21,32.73972602739726
2021-04-22,40.13698630136986
2021-04-23,43.15068493150685
2021-04-24,39.04109589041096
2021-04-25,39.31506849315068
2021-04-26,30.54794520547945
2021-04-27,27.945205479452056
2021-04-28,25.205479452054792
2021-04-29,16.849315068493148
2021-04-30,18.904109589041095
2021-05-01,20.273972602739725
2021-05-02,26.849315068493148
2021-05-03,18.63013698630137
2021-05-04,19.178082191780817
2021-05-05,20.958904109589042
2021-05-06,19.589041095890416
2021-05-07,16.575342465753426
2021-05-08,16.164383561643834
2021-05-09,19.178082191780817
2021-05-10,16.438356164383563
2021-05-11,15.616438356164384
2021-05-12,34.79452054794521
2021-05-13,30.54794520547945
2021-05-14,35.89041095890411
2021-05-15,50.54794520547945
2021-05-16,51.78082191780822
2021-05-17,47.94520547945205
2021-05-18,46.57534246575343
2021-05-19,29.726027397260275
2021-05-20,25.205479452054796
2021-05-21,28.35616438356164
2021-05-22,18.493150684931503
2021-05-23,32.32876712328767
2021-05-24,48.21917808219178
2021-05-25,42.32876712328767
2021-05-26,41.64383561643835
2021-05-27,52.73972602739726
2021-05-28,51.64383561643836
2021-05-29,51.917808219178085
2021-05-30,49.041095890410965
2021-05-31,31.095890410958905
2021-06-01,28.35616438356164
2021-06-02,26.849315068493148
2021-06-03,35.34246575342466
2021-06-04,24.794520547945204
2021-06-05,29.178082191780824
2021-06-06,26.164383561643838
2021-06-07,30.13698630136986
2021-06-08,25.479452054794518
2021-06-09,30.41095890410959
2021-06-10,27.53424657534247
2021-06-11,17.123287671232877
2021-06-12,18.219178082191778
2021-06-13,17.808219178082194
2021-06-14,17.123287671232877
2021-06-15,17.123287671232873
2021-06-16,17.534246575342465
2021-06-17,18.219178082191778
2021-06-18,20.410958904109588
2021-06-19,19.726027397260275
2021-06-20,19.315068493150687
2021-06-21,19.178082191780824
2021-06-22,18.63013698630137
2021-06-23,18.904109589041095
2021-06-24,19.863013698630137
2021-06-25,20.273972602739725
2021-06-26,19.589041095890412
2021-06-27,20.41095890410959
2021-06-28,21.095890410958905
2021-06-29,21.506849315068493
2021-06-30,28.904109589041095
2021-07-01,24.246575342465754
2021-07-02,24.65753424657534
2021-07-03,22.602739726027398
2021-07-04,24.657534246575345
2021-07-05,23.972602739726028
2021-07-06,23.424657534246574
2021-07-07,23.972602739726028
2021-07-08,23.15068493150685
2021-07-09,23.15068493150685
2021-07-10,24.10958904109589
2021-07-11,24.794520547945204
2021-07-12,23.56164383561644
2021-07-13,23.698630136986303
2021-07-14,23.424657534246574
2021-07-15,24.93150684931507
2021-07-16,25.753424657534246
2021-07-17,26.575342465753423
2021-07-18,27.808219178082194
2021-07-19,30.684931506849317
2021-07-20,31.917808219178085
2021-07-21,37.397260273972606
2021-07-22,35.61643835616438
2021-07-23,27.945205479452056
2021-07-24,26.027397260273972
2021-07-25,26.43835616438356
2021-07-26,25.34246575342466
2021-07-27,25.205479452054796
2021-07-28,25.47945205479452
2021-07-29,26.027397260273972
2021-07-30,26.164383561643834
2021-07-31,27.945205479452056
2021-08-01,30.684931506849317
2021-08-02,29.863013698630137
2021-08-03,32.32876712328767
2021-08-04,31.36986301369863
2021-08-05,33.150684931506845
2021-08-06,34.38356164383561
2021-08-07,37.397260273972606
2021-08-08,36.02739726027397
2021-08-09,36.16438356164384
2021-08-10,36.16438356164383
2021-08-11,37.8082191780822
2021-08-12,37.12328767123288
2021-08-13,36.57534246575342
2021-08-14,33.83561643835616
2021-08-15,33.28767123287671
2021-08-16,32.19178082191781
2021-08-17,31.232876712328768
2021-08-18,31.36986301369863
2021-08-19,31.643835616438356
2021-08-20,32.328767123287676
2021-08-21,33.6986301369863
2021-08-22,35.47945205479452
2021-08-23,36.02739726027397
2021-08-24,35.47945205479452
2021-08-25,35.47945205479452
2021-08-26,34.93150684931507
2021-08-27,34.657534246575345
2021-08-28,34.38356164383562
2021-08-29,33.150684931506845
2021-08-30,32.465753424657535
2021-08-31,32.328767123287676
2021-09-01,32.87671232876713
2021-09-02,35.342465753424655
2021-09-03,36.43835616438356
2021-09-04,36.986301369863014
2021-09-05,37.80821917808219
2021-09-06,37.397260273972606
2021-09-07,35.89041095890411
2021-09-08,32.32876712328767
2021-09-09,32.465753424657535
2021-09-10,31.643835616438356
2021-09-11,32.054794520547944
2021-09-12,32.465753424657535
2021-09-13,31.506849315068493
2021-09-14,32.19178082191781
2021-09-15,32.32876712328767
2021-09-16,32.465753424657535
2021-09-17,32.73972602739726
2021-09-18,31.780821917808222
2021-09-19,32.32876712328767
2021-09-20,31.78082191780822
2021-09-21,34.65753424657534
2021-09-22,37.12328767123287
2021-09-23,39.58904109589041
2021-09-24,40.41095890410959
2021-09-25,39.45205479452055
2021-09-26,38.76712328767123
2021-09-27,36.849315068493155
2021-09-28,34.93150684931507
2021-09-29,33.56164383561644
2021-09-30,36.71232876712329
2021-10-01,36.986301369863014
2021-10-02,33.56164383561644
2021-10-03,33.013698630136986
2021-10-04,32.87671232876713
2021-10-05,34.10958904109589
2021-10-06,34.10958904109589
2021-10-07,32.19178082191781
2021-10-08,36.57534246575342
2021-10-09,35.342465753424655
2021-10-10,34.24657534246575
2021-10-11,35.61643835616438
2021-10-12,37.534246575342465
2021-10-13,39.45205479452055
2021-10-14,36.84931506849315
2021-10-15,38.082191780821915
2021-10-16,39.17808219178082
2021-10-17,38.49315068493151
2021-10-18,39.45205479452055
2021-10-19,42.054794520547944
2021-10-20,54.24657534246575
2021-10-21,34.65753424657534
2021-10-22,35.75342465753425
2021-10-23,32.054794520547944
2021-10-24,29.589041095890412
2021-10-25,30.821917808219176
2021-10-26,32.602739726027394
2021-10-27,33.013698630136986
2021-10-28,38.21917808219178
2021-10-29,40.82191780821918
2021-10-30,38.9041095890411
2021-10-31,37.945205479452056
2021-11-01,44.93150684931507
2021-11-02,46.849315068493155
2021-11-03,47.397260273972606
2021-11-04,46.43835616438356
2021-11-05,45.06849315068493
2021-11-06,44.24657534246575
2021-11-07,44.52054794520548
2021-11-08,45.75342465753425
2021-11-09,49.04109589041096
2021-11-10,47.397260273972606
2021-11-11,45.342465753424655
2021-11-12,44.52054794520548
2021-11-13,44.38356164383562
2021-11-14,39.04109589041096
2021-11-15,41.23287671232877
2021-11-16,39.45205479452055
2021-11-17,38.35616438356164
2021-11-18,36.02739726027397
2021-11-19,34.38356164383562
2021-11-20,34.93150684931507
2021-11-21,34.52054794520548
2021-11-22,34.38356164383561
2021-11-23,34.93150684931507
2021-11-24,34.24657534246575
2021-11-25,33.83561643835617
2021-11-26,32.73972602739726
2021-11-27,28.9041095890411
2021-11-28,27.26027397260274
2021-11-29,27.534246575342465
2021-11-30,27.945205479452056
2021-12-01,25.89041095890411
2021-12-02,24.10958904109589
2021-12-03,21.369863013698634
2021-12-04,21.369863013698627
2021-12-05,22.465753424657535
2021-12-06,21.36986301369863
2021-12-07,20.958904109589042
2021-12-08,20.273972602739725
2021-12-09,19.72602739726027
2021-12-10,20.136986301369866
2021-12-11,20.821917808219176
2021-12-12,19.58904109589041
2021-12-13,20.13698630136986
2021-12-14,19.178082191780824
2021-12-15,18.767123287671236
2021-12-16,18.493150684931507
2021-12-17,17.80821917808219
2021-12-18,17.397260273972602
2021-12-19,16.43835616438356
2021-12-20,17.671232876712324
2021-12-21,17.671232876712327
2021-12-22,18.08219178082192
2021-12-23,18.630136986301373
2021-12-24,19.863013698630137
2021-12-25,19.72602739726027
2021-12-26,21.91780821917808
2021-12-27,23.15068493150685
2021-12-28,24.657534246575345
2021-12-29,24.246575342465754
2021-12-30,22.19178082191781
2021-12-31,23.424657534246577
2022-01-01,22.328767123287673
2022-01-02,25.753424657534246
2022-01-03,26.986301369863014
2022-01-04,25.205479452054796
2022-01-05,27.26027397260274
2022-01-06,26.438356164383563
2022-01-07,29.45205479452055
2022-01-08,30.136986301369863
2022-01-09,29.589041095890412
2022-01-10,29.178082191780824
2022-01-11,31.643835616438356
2022-01-12,31.64383561643836
2022-01-13,35.06849315068493
2022-01-14,37.26027397260274
2022-01-15,40.54794520547945
2022-01-16,44.10958904109589
2022-01-17,46.02739726027397
2022-01-18,47.12328767123288
2022-01-19,46.3013698630137
2022-01-20,43.013698630136986
2022-01-21,40.41095890410959
2022-01-22,37.945205479452056
2022-01-23,36.57534246575343
2022-01-24,34.93150684931507
2022-01-25,34.794520547945204
2022-01-26,36.301369863013704
2022-01-27,34.657534246575345
2022-01-28,35.61643835616439
2022-01-29,38.35616438356164
2022-01-30,35.205479452054796
2022-01-31,38.9041095890411
2022-02-01,40.821917808219176
2022-02-02,39.58904109589041
2022-02-03,41.0958904109589
2022-02-04,45.06849315068493
2022-02-05,43.97260273972603
2022-02-06,41.23287671232877
2022-02-07,42.19178082191781
2022-02-08,41.917808219178085
2022-02-09,43.83561643835617
2022-02-10,42.465753424657535
2022-02-11,42.19178082191781
2022-02-12,42.465753424657535
2022-02-13,42.73972602739726
2022-02-14,44.65753424657534
2022-02-15,45.61643835616438
2022-02-16,49.31506849315068
2022-02-17,48.082191780821915
2022-02-18,47.12328767123287
2022-02-19,52.328767123287676
2022-02-20,57.534246575342465
2022-02-21,55.75342465753425
2022-02-22,55.342465753424655
2022-02-23,57.534246575342465
2022-02-24,54.52054794520548
2022-02-25,54.38356164383561
2022-02-26,56.3013698630137
2022-02-27,57.26027397260274
2022-02-28,59.17808219178082
2022-03-01,62.465753424657535
2022-03-02,60.95890410958904
2022-03-03,61.917808219178085
2022-03-04,61.50684931506849
2022-03-05,59.589041095890416
2022-03-06,53.698630136986296
2022-03-07,53.97260273972603
2022-03-08,54.657534246575345
2022-03-09,53.97260273972603
2022-03-10,53.28767123287671
2022-03-11,55.75342465753425
2022-03-12,53.42465753424658
2022-03-13,57.534246575342465
2022-03-14,58.35616438356164
2022-03-15,58.35616438356165
2022-03-16,54.93150684931507
2022-03-17,52.73972602739726
2022-03-18,51.78082191780822
2022-03-19,53.97260273972603
2022-03-20,60.54794520547945
2022-03-21,60.0
2022-03-22,55.890410958904106
2022-03-23,60.82191780821918
2022-03-24,61.23287671232877
2022-03-25,63.42465753424658
2022-03-26,67.3972602739726
2022-03-27,65.61643835616438
2022-03-28,66.02739726027397
2022-03-29,65.47945205479452
2022-03-30,65.47945205479452
2022-03-31,67.53424657534246
2022-04-01,68.76712328767124
2022-04-02,70.95890410958904
2022-04-03,73.97260273972603
2022-04-04,75.20547945205479
2022-04-05,81.91780821917808
2022-04-06,82.1917808219178
2022-04-07,81.78082191780823
2022-04-08,75.06849315068493
2022-04-09,77.26027397260273
2022-04-10,82.87671232876713
2022-04-11,85.06849315068493
2022-04-12,83.01369863013699
2022-04-13,81.36986301369862
2022-04-14,80.54794520547945
2022-04-15,81.23287671232876
2022-04-16,81.78082191780823
2022-04-17,83.2876712328767
2022-04-18,81.36986301369863
2022-04-19,71.5068493150685
2022-04-20,78.08219178082192
2022-04-21,82.05479452054794
2022-04-22,83.6986301369863
2022-04-23,88.21917808219177
2022-04-24,86.43835616438356
2022-04-25,85.47945205479452
2022-04-26,83.56164383561645
2022-04-27,83.2876712328767
2022-04-28,82.6027397260274
2022-04-29,81.23287671232876
2022-04-30,80.13698630136986
2022-05-01,79.31506849315069
2022-05-02,75.47945205479454
2022-05-03,69.45205479452055
2022-05-04,65.61643835616438
2022-05-05,64.65753424657534
2022-05-06,64.38356164383562
2022-05-07,62.6027397260274
2022-05-08,70.82191780821918
2022-05-09,66.98630136986301
2022-05-10,59.45205479452055
2022-05-11,52.87671232876713
2022-05-12,63.56164383561644
2022-05-13,60.27397260273973
2022-05-14,64.79452054794521
2022-05-15,65.20547945205479
2022-05-16,68.76712328767124
2022-05-17,67.53424657534246
2022-05-18,66.16438356164383
2022-05-19,61.50684931506849
2022-05-20,52.465753424657535
2022-05-21,49.726027397260275
2022-05-22,50.41095890410959
2022-05-23,46.3013698630137
2022-05-24,45.47945205479452
2022-05-25,44.52054794520548
2022-05-26,44.79452054794521
2022-05-27,45.75342465753425
2022-05-28,44.65753424657534
2022-05-29,45.61643835616438
2022-05-30,44.24657534246575
2022-05-31,49.86301369863014
2022-06-01,50.82191780821918
2022-06-02,52.73972602739726
2022-06-03,53.013698630136986
2022-06-04,52.465753424657535
2022-06-05,60.68493150684932
2022-06-06,61.64383561643835
2022-06-07,59.17808219178082
2022-06-08,58.630136986301366
2022-06-09,57.945205479452056
2022-06-10,68.35616438356165
2022-06-11,58.49315068493151
2022-06-12,53.42465753424658
2022-06-13,56.02739726027397
2022-06-14,62.6027397260274
2022-06-15,63.83561643835617
2022-06-16,62.465753424657535
2022-06-17,64.93150684931507
2022-06-18,63.69863013698631
2022-06-19,72.1917808219178
2022-06-20,75.75342465753425
2022-06-21,68.63013698630137
2022-06-22,72.05479452054794
2022-06-23,79.45205479452055
2022-06-24,84.79452054794521
2022-06-25,86.02739726027397
2022-06-26,84.65753424657535
2022-06-27,88.08219178082192
2022-06-28,87.12328767123287
2022-06-29,87.8082191780822
2022-06-30,88.21917808219177
2022-07-01,87.8082191780822
2022-07-02,87.26027397260273
2022-07-03,87.3972602739726
2022-07-04,88.4931506849315
2022-07-05,88.35616438356163
2022-07-06,88.4931506849315
2022-07-07,88.35616438356163
2022-07-08,88.63013698630137
2022-07-09,88.9041095890411
2022-07-10,88.9041095890411
2022-07-11,89.04109589041096
2022-07-12,89.31506849315069
2022-07-13,88.9041095890411
2022-07-14,87.12328767123287
2022-07-15,83.2876712328767
2022-07-16,86.02739726027397
2022-07-17,79.72602739726028
2022-07-18,81.64383561643835
2022-07-19,77.53424657534246
2022-07-20,87.67123287671232
2022-07-21,89.31506849315068
2022-07-22,89.31506849315068
2022-07-23,78.21917808219177
2022-07-24,70.82191780821918
2022-07-25,74.10958904109589
2022-07-26,75.20547945205479
2022-07-27,66.98630136986301
2022-07-28,69.04109589041096
2022-07-29,68.21917808219177
2022-07-30,54.24657534246575
2022-07-31,46.02739726027397
2022-08-01,45.89041095890411
2022-08-02,42.87671232876712
2022-08-03,40.136986301369866
2022-08-04,44.93150684931507
2022-08-05,44.52054794520548
2022-08-06,53.83561643835616
2022-08-07,50.68493150684931
2022-08-08,49.589041095890416
2022-08-09,49.041095890410965
2022-08-10,51.78082191780822
2022-08-11,53.15068493150685
2022-08-12,56.43835616438356
2022-08-13,56.02739726027397
2022-08-14,56.849315068493155
2022-08-15,53.28767123287671
2022-08-16,53.150684931506845
2022-08-17,54.10958904109589
2022-08-18,51.369863013698634
2022-08-19,43.42465753424658
2022-08-20,41.78082191780822
2022-08-21,40.821917808219176
2022-08-22,41.23287671232877
2022-08-23,47.26027397260274
2022-08-24,43.150684931506845
2022-08-25,40.95890410958904
2022-08-26,39.04109589041096
2022-08-27,37.671232876712324
2022-08-28,35.75342465753425
2022-08-29,29.45205479452055
2022-08-30,30.41095890410959
2022-08-31,28.493150684931507
2022-09-01,35.89041095890411
2022-09-02,37.80821917808219
2022-09-03,34.38356164383561
2022-09-04,36.02739726027397
2022-09-05,34.794520547945204
2022-09-06,39.04109589041096
2022-09-07,45.06849315068493
2022-09-08,47.80821917808219
2022-09-09,45.89041095890411
2022-09-10,43.698630136986296
2022-09-11,42.87671232876713
2022-09-12,44.657534246575345
2022-09-13,44.93150684931507
2022-09-14,47.397260273972606
2022-09-15,55.06849315068493
2022-09-16,55.20547945205479
2022-09-17,58.35616438356165
2022-09-18,60.54794520547945
2022-09-19,64.65753424657535
2022-09-20,64.24657534246576
2022-09-21,65.47945205479452
2022-09-22,63.83561643835617
2022-09-23,63.150684931506845
2022-09-24,65.34246575342465
2022-09-25,66.98630136986301
2022-09-26,73.42465753424656
2022-09-27,77.26027397260273
2022-09-28,83.28767123287672
2022-09-29,86.84931506849315
2022-09-30,88.9041095890411
2022-10-01,88.9041095890411
2022-10-02,89.58904109589042
2022-10-03,90.54794520547945
2022-10-04,90.95890410958904
2022-10-05,90.82191780821918
2022-10-06,91.0958904109589
2022-10-07,89.86301369863014
2022-10-08,89.31506849315068
2022-10-09,89.45205479452055
2022-10-10,89.31506849315069
2022-10-11,89.31506849315068
2022-10-12,87.94520547945206
2022-10-13,90.13698630136986
2022-10-14,89.58904109589041
2022-10-15,89.31506849315068
2022-10-16,90.27397260273972
2022-10-17,91.78082191780823
2022-10-18,91.0958904109589
2022-10-19,90.27397260273972
2022-10-20,90.68493150684931
2022-10-21,93.42465753424658
2022-10-22,94.93150684931507
2022-10-23,96.02739726027397
2022-10-24,96.3013698630137
2022-10-25,96.57534246575344
2022-10-26,96.57534246575344
2022-10-27,96.71232876712328
2022-10-28,96.57534246575342
2022-10-29,96.98630136986301
2022-10-30,97.67123287671232
2022-10-31,95.47945205479452
2022-11-01,95.06849315068493
2022-11-02,95.06849315068493
2022-11-03,94.79452054794521
2022-11-04,93.2876712328767
2022-11-05,92.05479452054794
2022-11-06,92.05479452054794
2022-11-07,92.46575342465754
2022-11-08,92.32876712328766
2022-11-09,94.10958904109589
2022-11-10,93.97260273972603
2022-11-11,94.24657534246575
2022-11-12,93.42465753424658
2022-11-13,92.46575342465754
2022-11-14,91.78082191780823
2022-11-15,91.5068493150685
2022-11-16,87.12328767123287
2022-11-17,86.7123287671233
2022-11-18,85.89041095890411
2022-11-19,84.3835616438356
2022-11-20,81.78082191780823
2022-11-21,76.30136986301369
2022-11-22,75.20547945205479
2022-11-23,68.76712328767124
2022-11-24,66.43835616438355
2022-11-25,65.06849315068493
2022-11-26,60.82191780821918
2022-11-27,56.16438356164384
2022-11-28,51.23287671232877
2022-11-29,49.45205479452055
2022-11-30,48.76712328767124
2022-12-01,47.534246575342465
2022-12-02,47.3972602739726
2022-12-03,45.89041095890411
2022-12-04,41.91780821917808
2022-12-05,40.68493150684932
2022-12-06,40.54794520547945
2022-12-07,40.68493150684932
2022-12-08,39.58904109589041
2022-12-09,34.52054794520548
2022-12-10,33.56164383561644
2022-12-11,30.136986301369863
2022-12-12,32.19178082191781
2022-12-13,34.65753424657534
2022-12-14,35.47945205479452
2022-12-15,33.15068493150685
2022-12-16,36.849315068493155
2022-12-17,41.36986301369863
2022-12-18,40.13698630136986
2022-12-19,42.602739726027394
2022-12-20,45.61643835616439
2022-12-21,50.958904109589035
2022-12-22,46.849315068493155
2022-12-23,53.013698630136986
2022-12-24,53.013698630136986
2022-12-25,53.150684931506845
2022-12-26,56.84931506849315
2022-12-27,59.58904109589041
2022-12-28,61.369863013698634
2022-12-29,61.78082191780822
2022-12-30,62.87671232876713
2022-12-31,65.20547945205479
2023-01-01,64.93150684931507
2023-01-02,63.013698630136986
2023-01-03,66.02739726027397
2023-01-04,66.30136986301369
2023-01-05,65.06849315068493
2023-01-06,62.602739726027394
2023-01-07,63.15068493150685
2023-01-08,66.30136986301369
2023-01-09,67.26027397260273
2023-01-10,70.0
2023-01-11,74.79452054794521
2023-01-12,72.32876712328768
2023-01-13,73.42465753424656
2023-01-14,75.06849315068493
2023-01-15,74.10958904109589
2023-01-16,74.3835616438356
2023-01-17,79.58904109589042
2023-01-18,82.32876712328766
2023-01-19,82.05479452054794
2023-01-20,80.54794520547945
2023-01-21,83.97260273972603
2023-01-22,84.10958904109589
2023-01-23,84.38356164383562
2023-01-24,83.2876712328767
2023-01-25,84.38356164383562
2023-01-26,83.6986301369863
2023-01-27,82.87671232876713
2023-01-28,80.27397260273972
2023-01-29,80.27397260273972
2023-01-30,79.72602739726028
2023-01-31,79.45205479452055
2023-02-01,80.95890410958904
2023-02-02,78.63013698630137
2023-02-03,77.94520547945206
2023-02-04,75.75342465753425
2023-02-05,74.10958904109589
2023-02-06,72.6027397260274
2023-02-07,69.45205479452055
2023-02-08,70.27397260273973
2023-02-09,69.86301369863014
2023-02-10,61.64383561643835
2023-02-11,61.0958904109589
2023-02-12,58.35616438356164
2023-02-13,56.57534246575342
2023-02-14,55.34246575342466
2023-02-15,54.794520547945204
2023-02-16,52.054794520547944
2023-02-17,51.0958904109589
2023-02-18,51.917808219178085
2023-02-19,50.41095890410959
2023-02-20,50.41095890410959
2023-02-21,53.013698630136986
2023-02-22,53.28767123287671
2023-02-23,55.06849315068493
2023-02-24,50.273972602739725
2023-02-25,49.31506849315069
2023-02-26,46.301369863013704
2023-02-27,47.671232876712324
2023-02-28,52.465753424657535
2023-03-01,50.273972602739725
2023-03-02,51.23287671232877
2023-03-03,49.58904109589041
2023-03-04,53.97260273972603
2023-03-05,55.75342465753425
2023-03-06,57.67123287671233
2023-03-07,57.26027397260274
2023-03-08,55.06849315068493
2023-03-09,56.43835616438356
2023-03-10,58.76712328767123
2023-03-11,61.232876712328775
2023-03-12,74.10958904109589
2023-03-13,78.4931506849315
2023-03-14,80.95890410958904
2023-03-15,82.05479452054794
2023-03-16,82.87671232876713
2023-03-17,80.68493150684932
2023-03-18,79.04109589041096
2023-03-19,77.26027397260273
2023-03-20,75.75342465753425
2023-03-21,74.93150684931507
2023-03-22,71.91780821917808
2023-03-23,69.58904109589041
2023-03-24,67.26027397260273
2023-03-25,64.93150684931507
2023-03-26,64.3835616438356
2023-03-27,64.79452054794521
2023-03-28,65.20547945205479
2023-03-29,64.52054794520548
2023-03-30,63.013698630136986
2023-03-31,62.602739726027394
2023-04-01,62.328767123287676
2023-04-02,63.42465753424657
2023-04-03,64.93150684931507
2023-04-04,66.43835616438356
2023-04-05,68.21917808219177
2023-04-06,70.13698630136986
2023-04-07,71.0958904109589
2023-04-08,72.87671232876713
2023-04-09,74.65753424657534
2023-04-10,76.16438356164383
2023-04-11,69.58904109589041
2023-04-12,69.72602739726027
2023-04-13,67.26027397260275
2023-04-14,65.75342465753425
2023-04-15,64.38356164383562
2023-04-16,66.3013698630137
2023-04-17,68.08219178082192
2023-04-18,70.95890410958904
2023-04-19,66.98630136986301
2023-04-20,64.79452054794521
2023-04-21,64.24657534246575
2023-04-22,64.10958904109589
2023-04-23,66.7123287671233
2023-04-24,74.24657534246575
2023-04-25,79.17808219178082
2023-04-26,77.94520547945206
2023-04-27,77.94520547945206
2023-04-28,77.94520547945206
2023-04-29,79.58904109589041
2023-04-30,83.2876712328767
2023-05-01,82.1917808219178
2023-05-02,82.60273972602741
2023-05-03,84.65753424657535
2023-05-04,84.93150684931507
2023-05-05,84.24657534246575
2023-05-06,82.05479452054794
2023-05-07,82.46575342465754
2023-05-08,84.38356164383562
2023-05-09,83.01369863013699
2023-05-10,81.78082191780823
2023-05-11,84.38356164383562
2023-05-12,81.36986301369862
2023-05-13,81.91780821917808
2023-05-14,81.23287671232876
2023-05-15,83.97260273972603
2023-05-16,83.97260273972603
2023-05-17,84.38356164383562
2023-05-18,83.69863013698631
2023-05-19,85.61643835616438
2023-05-20,82.46575342465754
2023-05-21,82.1917808219178
2023-05-22,79.58904109589042
2023-05-23,78.63013698630138
2023-05-24,75.20547945205479
2023-05-25,74.52054794520548
2023-05-26,73.28767123287672
2023-05-27,71.0958904109589
2023-05-28,68.21917808219177
2023-05-29,63.6986301369863
2023-05-30,58.76712328767123
2023-05-31,60.41095890410959
2023-06-01,58.35616438356165
2023-06-02,55.06849315068493
2023-06-03,53.6986301369863
2023-06-04,53.56164383561644
2023-06-05,56.43835616438356
2023-06-06,57.3972602739726
2023-06-07,56.16438356164383
2023-06-08,56.986301369863014
2023-06-09,53.28767123287671
2023-06-10,53.83561643835617
2023-06-11,50.82191780821918
2023-06-12,49.86301369863014
2023-06-13,48.21917808219178
2023-06-14,43.83561643835616
2023-06-15,39.86301369863014
2023-06-16,36.02739726027397
2023-06-17,34.38356164383562
2023-06-18,32.054794520547944
2023-06-19,29.863013698630137
2023-06-20,30.410958904109588
2023-06-21,26.986301369863014
2023-06-22,27.26027397260274
2023-06-23,26.986301369863014
2023-06-24,25.616438356164384
2023-06-25,27.397260273972602
2023-06-26,27.808219178082194
2023-06-27,28.630136986301366
2023-06-28,28.63013698630137
2023-06-29,31.369863013698627
2023-06-30,29.17808219178082
2023-07-01,26.575342465753423
2023-07-02,26.301369863013697
2023-07-03,27.260273972602743
2023-07-04,29.17808219178082
2023-07-05,27.12328767123288
2023-07-06,20.273972602739725
2023-07-07,22.328767123287676
2023-07-08,22.465753424657535
2023-07-09,23.835616438356162
2023-07-10,25.890410958904106
2023-07-11,30.273972602739725
2023-07-12,30.958904109589046
2023-07-13,36.02739726027397
2023-07-14,38.49315068493151
2023-07-15,41.23287671232876
2023-07-16,41.50684931506849
2023-07-17,38.35616438356165
2023-07-18,37.534246575342465
2023-07-19,40.13698630136986
2023-07-20,38.49315068493151
2023-07-21,45.205479452054796
2023-07-22,47.26027397260274
2023-07-23,49.04109589041096
2023-07-24,49.72602739726027
2023-07-25,48.76712328767123
2023-07-26,49.17808219178082
2023-07-27,48.35616438356165
2023-07-28,50.13698630136986
2023-07-29,48.49315068493151
2023-07-30,48.76712328767123
2023-07-31,48.630136986301366
2023-08-01,50.0
2023-08-02,47.671232876712324
2023-08-03,46.43835616438356
2023-08-04,47.26027397260274
2023-08-05,53.56164383561644
2023-08-06,52.87671232876713
2023-08-07,52.73972602739726
2023-08-08,55.61643835616438
2023-08-09,55.47945205479452
2023-08-10,53.56164383561644
2023-08-11,56.57534246575342
2023-08-12,56.16438356164384
2023-08-13,52.32876712328767
2023-08-14,52.73972602739726
2023-08-15,54.38356164383562
2023-08-16,59.58904109589041
2023-08-17,53.28767123287671
2023-08-18,50.0
2023-08-19,45.06849315068493
2023-08-20,42.054794520547944
2023-08-21,39.17808219178082
2023-08-22,39.31506849315068
2023-08-23,37.26027397260275
2023-08-24,33.150684931506845
2023-08-25,32.73972602739726
2023-08-26,34.24657534246576
2023-08-27,34.52054794520548
2023-08-28,33.97260273972603
2023-08-29,26.986301369863018
2023-08-30,29.999999999999996
2023-08-31,27.260273972602743
2023-09-01,23.42465753424657
2023-09-02,22.739726027397257
2023-09-03,22.46575342465753
2023-09-04,21.232876712328768
2023-09-05,22.46575342465753
2023-09-06,23.287671232876715
2023-09-07,36.3013698630137
2023-09-08,36.16438356164384
2023-09-09,33.83561643835616
2023-09-10,31.506849315068493
2023-09-11,27.945205479452053
2023-09-12,30.95890410958904
2023-09-13,31.780821917808222
2023-09-14,33.97260273972603
2023-09-15,31.64383561643836
2023-09-16,37.534246575342465
2023-09-17,37.534246575342465
2023-09-18,36.71232876712329
2023-09-19,38.35616438356164
2023-09-20,37.80821917808219
2023-09-21,38.35616438356164
2023-09-22,38.630136986301366
2023-09-23,39.58904109589041
2023-09-24,40.68493150684932
2023-09-25,40.136986301369866
2023-09-26,40.0
2023-09-27,39.863013698630134
2023-09-28,42.87671232876712
2023-09-29,40.95890410958904
2023-09-30,40.41095890410959
2023-10-01,45.89041095890411
2023-10-02,46.3013698630137
2023-10-03,47.945205479452056
2023-10-04,54.65753424657534
2023-10-05,54.10958904109589
2023-10-06,53.83561643835616
2023-10-07,40.41095890410959
2023-10-08,42.465753424657535
2023-10-09,46.43835616438356
2023-10-10,49.178082191780824
2023-10-11,48.9041095890411
2023-10-12,46.849315068493155
2023-10-13,44.24657534246575
2023-10-14,42.328767123287676
2023-10-15,51.50684931506849
2023-10-16,55.34246575342466
2023-10-17,59.04109589041096
2023-10-18,60.821917808219176
2023-10-19,61.232876712328775
2023-10-20,62.602739726027394
2023-10-21,62.054794520547944
2023-10-22,65.20547945205479
2023-10-23,75.75342465753424
2023-10-24,77.67123287671234
2023-10-25,82.46575342465754
2023-10-26,77.53424657534246
2023-10-27,81.64383561643835
2023-10-28,76.84931506849315
2023-10-29,77.3972602739726
2023-10-30,82.1917808219178
2023-10-31,77.8082191780822
2023-11-01,81.78082191780823
2023-11-02,86.30136986301369
2023-11-03,87.12328767123287
2023-11-04,87.8082191780822
2023-11-05,85.34246575342465
2023-11-06,86.02739726027397
2023-11-07,85.34246575342465
2023-11-08,84.3835616438356
2023-11-09,84.93150684931507
2023-11-10,85.20547945205479
2023-11-11,85.47945205479452
2023-11-12,85.89041095890411
2023-11-13,85.34246575342466
2023-11-14,82.05479452054794
2023-11-15,81.36986301369862
2023-11-16,77.8082191780822
2023-11-17,76.84931506849315
2023-11-18,75.06849315068493
2023-11-19,65.89041095890411
2023-11-20,58.219178082191775
2023-11-21,51.369863013698634
2023-11-22,39.72602739726027
2023-11-23,36.02739726027397
2023-11-24,30.0
2023-11-25,34.246575342465746
2023-11-26,34.52054794520548
2023-11-27,35.47945205479452
2023-11-28,36.986301369863014
2023-11-29,37.80821917808219
2023-11-30,41.36986301369863
2023-12-01,40.54794520547945
2023-12-02,37.94520547945205
2023-12-03,33.42465753424657
2023-12-04,33.42465753424658
2023-12-05,39.58904109589041
2023-12-06,31.91780821917808
2023-12-07,26.986301369863014
2023-12-08,27.397260273972602
2023-12-09,25.34246575342466
2023-12-10,25.616438356164384
2023-12-11,26.301369863013697
2023-12-12,35.61643835616438
2023-12-13,37.534246575342465
2023-12-14,39.45205479452055
2023-12-15,39.31506849315068
2023-12-16,38.082191780821915
2023-12-17,37.534246575342465
2023-12-18,36.43835616438356
2023-12-19,44.38356164383562
2023-12-20,45.47945205479452
2023-12-21,46.16438356164384
2023-12-22,46.301369863013704
2023-12-23,45.89041095890411
2023-12-24,45.205479452054796
2023-12-25,45.34246575342466
2023-12-26,45.47945205479452
2023-12-27,45.47945205479452
2023-12-28,45.205479452054796
2023-12-29,43.97260273972603
2023-12-30,41.36986301369863
2023-12-31,45.47945205479452
2024-01-01,46.16438356164384
2024-01-02,46.3013698630137
2024-01-03,46.16438356164384
2024-01-04,46.301369863013704
2024-01-05,47.12328767123288
2024-01-06,47.67123287671233
2024-01-07,48.49315068493151
2024-01-08,48.49315068493151
2024-01-09,48.21917808219178
2024-01-10,48.35616438356165
2024-01-11,46.02739726027397
2024-01-12,45.34246575342466
2024-01-13,45.47945205479452
2024-01-14,41.64383561643835
2024-01-15,42.73972602739726
2024-01-16,42.19178082191781
2024-01-17,42.602739726027394
2024-01-18,43.013698630136986
2024-01-19,41.0958904109589
2024-01-20,39.45205479452054
2024-01-21,33.83561643835617
2024-01-22,35.342465753424655
2024-01-23,40.41095890410959
2024-01-24,41.36986301369863
2024-01-25,45.342465753424655
2024-01-26,44.52054794520548
2024-01-27,45.61643835616439
2024-01-28,48.76712328767123
2024-01-29,49.726027397260275
2024-01-30,44.38356164383561
2024-01-31,32.1917808219178
2024-02-01,35.75342465753424
2024-02-02,36.57534246575342
2024-02-03,38.49315068493151
2024-02-04,37.67123287671233
2024-02-05,37.80821917808219
2024-02-06,36.84931506849315
2024-02-07,36.43835616438356
2024-02-08,37.534246575342465
2024-02-09,42.054794520547944
2024-02-10,45.34246575342466
2024-02-11,48.35616438356165
2024-02-12,49.726027397260275
2024-02-13,53.28767123287671
2024-02-14,54.52054794520548
2024-02-15,54.38356164383561
2024-02-16,53.97260273972603
2024-02-17,53.013698630136986
2024-02-18,54.93150684931506
2024-02-19,54.65753424657534
2024-02-20,55.75342465753425
2024-02-21,56.16438356164383
2024-02-22,55.47945205479452
2024-02-23,55.06849315068494
2024-02-24,53.013698630136986
2024-02-25,54.24657534246575
2024-02-26,54.65753424657534
2024-02-27,54.109589041095894
2024-02-28,54.38356164383562
2024-02-29,55.06849315068493
2024-03-01,54.657534246575345
2024-03-02,53.83561643835616
2024-03-03,54.38356164383562
2024-03-04,53.15068493150685
2024-03-05,51.50684931506849
2024-03-06,51.23287671232877
2024-03-07,50.273972602739725
2024-03-08,50.273972602739725
2024-03-09,50.13698630136986
2024-03-10,49.04109589041096
2024-03-11,47.397260273972606
2024-03-12,46.57534246575342
2024-03-13,47.12328767123287
2024-03-14,45.75342465753425
2024-03-15,43.83561643835616
2024-03-16,44.93150684931507
2024-03-17,44.38356164383562
2024-03-18,44.24657534246575
2024-03-19,42.32876712328767
2024-03-20,41.64383561643836
2024-03-21,41.50684931506849
2024-03-22,41.50684931506849
2024-03-23,41.23287671232877
2024-03-24,41.78082191780822
2024-03-25,40.95890410958904
2024-03-26,39.31506849315068
2024-03-27,39.58904109589041
2024-03-28,38.63013698630137
2024-03-29,38.21917808219178
2024-03-30,37.534246575342465
2024-03-31,38.76712328767123
2024-04-01,36.84931506849315
2024-04-02,34.38356164383562
2024-04-03,34.38356164383562
2024-04-04,32.32876712328767
2024-04-05,32.32876712328767
2024-04-06,32.602739726027394
2024-04-07,32.1917808219178
2024-04-08,31.506849315068493
2024-04-09,26.849315068493148
2024-04-10,29.178082191780824
2024-04-11,30.136986301369863
2024-04-12,27.3972602739726
2024-04-13,19.452054794520546
2024-04-14,29.72602739726027
2024-04-15,32.87671232876713
2024-04-16,30.684931506849317
2024-04-17,31.780821917808222
2024-04-18,29.452054794520553
2024-04-19,36.849315068493155
2024-04-20,34.79452054794521
2024-04-21,34.246575342465746
2024-04-22,35.75342465753424
2024-04-23,29.726027397260278
2024-04-24,30.821917808219183
2024-04-25,29.45205479452055
2024-04-26,23.6986301369863
2024-04-27,22.602739726027394
2024-04-28,26.71232876712329
2024-04-29,26.849315068493148
2024-04-30,21.917808219178085
2024-05-01,31.095890410958905
2024-05-02,23.28767123287671
2024-05-03,22.6027397260274
2024-05-04,28.630136986301373
2024-05-05,29.999999999999996
2024-05-06,28.35616438356164
2024-05-07,29.589041095890412
2024-05-08,23.15068493150685
2024-05-09,27.53424657534247
2024-05-10,25.205479452054792
2024-05-11,23.561643835616437
2024-05-12,21.64383561643836
2024-05-13,30.82191780821918
2024-05-14,21.506849315068493
2024-05-15,19.45205479452055
2024-05-16,25.06849315068493
2024-05-17,24.931506849315067
2024-05-18,24.383561643835613
2024-05-19,18.630136986301373
2024-05-20,28.9041095890411
2024-05-21,32.87671232876713
2024-05-22,31.506849315068493
2024-05-23,32.87671232876712
2024-05-24,35.61643835616439
2024-05-25,43.28767123287671
2024-05-26,40.0
2024-05-27,36.57534246575342
2024-05-28,33.42465753424658
2024-05-29,33.15068493150685
2024-05-30,35.47945205479452
2024-05-31,33.42465753424658
2024-06-01,38.630136986301366
2024-06-02,37.3972602739726
2024-06-03,35.47945205479452
2024-06-04,32.328767123287676
2024-06-05,33.97260273972603
2024-06-06,34.65753424657534
2024-06-07,36.84931506849315
2024-06-08,36.43835616438356
2024-06-09,37.534246575342465
2024-06-10,37.80821917808219
2024-06-11,42.054794520547944
2024-06-12,43.6986301369863
2024-06-13,46.57534246575342
2024-06-14,47.397260273972606
2024-06-15,50.82191780821918
2024-06-16,53.698630136986296
2024-06-17,58.76712328767123
2024-06-18,64.93150684931507
2024-06-19,53.97260273972603
2024-06-20,50.68493150684932
2024-06-21,58.9041095890411
2024-06-22,60.821917808219176
2024-06-23,64.52054794520548
2024-06-24,63.83561643835617
2024-06-25,64.93150684931507
2024-06-26,68.4931506849315
2024-06-27,68.4931506849315
2024-06-28,67.12328767123287
2024-06-29,67.94520547945206
2024-06-30,67.26027397260273
2024-07-01,67.67123287671234
2024-07-02,69.31506849315068
2024-07-03,70.0
2024-07-04,70.95890410958904
2024-07-05,70.27397260273972
2024-07-06,69.45205479452055
2024-07-07,71.91780821917808
2024-07-08,71.5068493150685
2024-07-09,73.83561643835617
2024-07-10,70.95890410958904
2024-07-11,69.45205479452055
2024-07-12,70.54794520547945
2024-07-13,70.95890410958904
2024-07-14,69.58904109589041
2024-07-15,67.26027397260273
2024-07-16,68.21917808219177
2024-07-17,67.26027397260273
2024-07-18,68.63013698630137
2024-07-19,70.27397260273972
2024-07-20,72.32876712328768
2024-07-21,74.3835616438356
2024-07-22,73.97260273972603
2024-07-23,71.91780821917808
2024-07-24,70.0
2024-07-25,69.86301369863014
2024-07-26,70.27397260273972
2024-07-27,73.01369863013699
2024-07-28,69.86301369863014
2024-07-29,68.76712328767123
2024-07-30,69.58904109589041
2024-07-31,68.9041095890411
2024-08-01,66.98630136986301
2024-08-02,65.20547945205479
2024-08-03,66.57534246575342
2024-08-04,61.64383561643835
2024-08-05,65.06849315068493
2024-08-06,55.20547945205479
2024-08-07,61.369863013698634
2024-08-08,59.45205479452055
2024-08-09,64.24657534246575
2024-08-10,63.15068493150685
2024-08-11,55.06849315068493
2024-08-12,53.83561643835617
2024-08-13,53.56164383561644
2024-08-14,53.56164383561644
2024-08-15,43.83561643835616
2024-08-16,47.397260273972606
2024-08-17,43.013698630136986
2024-08-18,43.6986301369863
2024-08-19,30.958904109589042
2024-08-20,27.397260273972602
2024-08-21,29.041095890410958
2024-08-22,29.58904109589041
2024-08-23,31.232876712328768
2024-08-24,32.602739726027394
2024-08-25,30.54794520547945
2024-08-26,27.26027397260274
2024-08-27,31.506849315068493
2024-08-28,35.75342465753425
2024-08-29,35.89041095890411
2024-08-30,36.57534246575342
2024-08-31,38.35616438356165
2024-09-01,36.43835616438356
2024-09-02,39.31506849315068
2024-09-03,36.3013698630137
2024-09-04,38.9041095890411
2024-09-05,40.95890410958904
2024-09-06,37.80821917808219
2024-09-07,38.21917808219178
2024-09-08,42.19178082191782
2024-09-09,47.26027397260274
2024-09-10,46.849315068493155
2024-09-11,54.10958904109589
2024-09-12,60.54794520547945
2024-09-13,63.42465753424658
2024-09-14,68.63013698630138
2024-09-15,63.83561643835617
2024-09-16,57.945205479452056
2024-09-17,54.657534246575345
2024-09-18,72.87671232876713
2024-09-19,75.06849315068493
2024-09-20,74.10958904109589
2024-09-21,73.97260273972603
2024-09-22,76.43835616438355
2024-09-23,77.67123287671232
2024-09-24,80.95890410958904
2024-09-25,80.27397260273972
2024-09-26,79.72602739726028
2024-09-27,78.63013698630138
2024-09-28,75.61643835616438
2024-09-29,76.02739726027397
2024-09-30,75.89041095890411
2024-10-01,74.65753424657534
2024-10-02,72.73972602739727
2024-10-03,78.08219178082192
2024-10-04,76.84931506849315
2024-10-05,75.34246575342466
2024-10-06,76.57534246575342
2024-10-07,72.05479452054794
2024-10-08,63.28767123287671
2024-10-09,64.10958904109589
2024-10-10,68.76712328767124
2024-10-11,82.05479452054794
2024-10-12,80.68493150684932
2024-10-13,80.54794520547945
2024-10-14,79.58904109589041
2024-10-15,81.0958904109589
2024-10-16,79.45205479452055
2024-10-17,82.73972602739727
2024-10-18,80.95890410958904
2024-10-19,76.57534246575342
2024-10-20,77.8082191780822
2024-10-21,79.45205479452055
2024-10-22,75.47945205479452
2024-10-23,71.91780821917808
2024-10-24,68.63013698630137
2024-10-25,68.76712328767124
2024-10-26,70.68493150684932
2024-10-27,70.0
2024-10-28,75.20547945205479
2024-10-29,74.10958904109589
2024-10-30,72.6027397260274
2024-10-31,68.9041095890411
2024-11-01,63.28767123287671
2024-11-02,71.5068493150685
2024-11-03,67.94520547945206
2024-11-04,68.63013698630137
2024-11-05,67.94520547945206
2024-11-06,73.97260273972603
2024-11-07,77.8082191780822
2024-11-08,80.82191780821918
2024-11-09,79.45205479452055
2024-11-10,60.821917808219176
2024-11-11,62.328767123287676
2024-11-12,64.52054794520548
2024-11-13,59.45205479452055
2024-11-14,60.410958904109584
2024-11-15,61.50684931506849
2024-11-16,64.52054794520548
2024-11-17,68.63013698630137
2024-11-18,69.04109589041096
2024-11-19,70.27397260273973
2024-11-20,71.64383561643837
2024-11-21,70.54794520547945
2024-11-22,72.32876712328766
2024-11-23,72.6027397260274
2024-11-24,80.0
2024-11-25,71.78082191780823
2024-11-26,70.54794520547945
2024-11-27,63.15068493150685
2024-11-28,66.16438356164383
2024-11-29,65.20547945205479
2024-11-30,80.13698630136986
2024-12-01,81.0958904109589
2024-12-02,74.10958904109589
2024-12-03,73.56164383561644
2024-12-04,70.95890410958904
2024-12-05,69.17808219178082
2024-12-06,65.47945205479452
2024-12-07,65.89041095890411
2024-12-08,59.31506849315068
2024-12-09,49.863013698630134
2024-12-10,49.86301369863014
2024-12-11,50.273972602739725
2024-12-12,50.0
2024-12-13,50.136986301369866
2024-12-14,50.273972602739725
2024-12-15,51.23287671232877
2024-12-16,50.821917808219176
2024-12-17,49.58904109589041
2024-12-18,49.31506849315068
2024-12-19,48.35616438356164
2024-12-20,47.67123287671233
2024-12-21,47.534246575342465
2024-12-22,44.657534246575345
2024-12-23,41.917808219178085
2024-12-24,40.68493150684932
2024-12-25,40.273972602739725
2024-12-26,39.178082191780824
2024-12-27,39.58904109589041
2024-12-28,38.9041095890411
2024-12-29,39.31506849315068
2024-12-30,37.8082191780822
2024-12-31,37.534246575342465
2025-01-01,36.849315068493155
2025-01-02,36.43835616438356
2025-01-03,37.80821917808219
2025-01-04,38.21917808219178
2025-01-05,38.082191780821915
2025-01-06,37.80821917808219
2025-01-07,37.67123287671233
2025-01-08,43.150684931506845
2025-01-09,41.78082191780821
2025-01-10,39.31506849315069
2025-01-11,40.68493150684932
2025-01-12,40.95890410958904
2025-01-13,37.671232876712324
2025-01-14,35.20547945205479
2025-01-15,32.1917808219178
2025-01-16,40.0
2025-01-17,39.863013698630134
2025-01-18,41.78082191780822
2025-01-19,37.945205479452056
2025-01-20,38.9041095890411
2025-01-21,43.6986301369863
2025-01-22,47.12328767123287
2025-01-23,43.013698630136986
2025-01-24,44.65753424657534
2025-01-25,45.205479452054796
2025-01-26,40.41095890410959
2025-01-27,34.657534246575345
2025-01-28,30.547945205479454
2025-01-29,31.369863013698634
2025-01-30,37.945205479452056
2025-01-31,37.8082191780822
2025-02-01,33.28767123287671
2025-02-02,31.095890410958905
2025-02-03,30.54794520547945
2025-02-04,28.08219178082192
2025-02-05,33.42465753424658
2025-02-06,32.32876712328767
2025-02-07,38.08219178082192
2025-02-08,37.671232876712324
2025-02-09,37.534246575342465
2025-02-10,33.013698630136986
2025-02-11,34.79452054794521
2025-02-12,30.684931506849317
2025-02-13,27.260273972602743
2025-02-14,24.794520547945208
2025-02-15,24.383561643835616
2025-02-16,24.109589041095894
2025-02-17,26.849315068493148
2025-02-18,31.643835616438352
2025-02-19,27.808219178082194
2025-02-20,28.219178082191778
2025-02-21,27.12328767123288
2025-02-22,32.328767123287676
2025-02-23,34.52054794520548
2025-02-24,24.52054794520548
2025-02-25,29.863013698630137
2025-02-26,45.61643835616438
2025-02-27,43.83561643835617
2025-02-28,39.04109589041096
2025-03-01,34.65753424657534
2025-03-02,33.013698630136986
2025-03-03,38.219178082191775
2025-03-04,40.41095890410959
2025-03-05,38.76712328767124
2025-03-06,38.21917808219178
2025-03-07,30.54794520547945
2025-03-08,38.21917808219178
2025-03-09,35.20547945205479
2025-03-10,28.630136986301373
2025-03-11,43.42465753424658
2025-03-12,56.849315068493155
2025-03-13,52.87671232876712
2025-03-14,57.26027397260274
2025-03-15,58.49315068493151
2025-03-16,60.41095890410959
2025-03-17,52.465753424657535
2025-03-18,53.28767123287671
2025-03-19,55.205479452054796
2025-03-20,63.28767123287671
2025-03-21,66.84931506849315
2025-03-22,70.27397260273972
2025-03-23,72.87671232876713
2025-03-24,76.57534246575342
2025-03-25,75.75342465753425
2025-03-26,80.68493150684932
2025-03-27,80.54794520547945
2025-03-28,77.53424657534246
2025-03-29,79.45205479452055
2025-03-30,81.64383561643837
2025-03-31,82.46575342465754
2025-04-01,83.15068493150685
2025-04-02,82.73972602739727
2025-04-03,84.24657534246575
2025-04-04,84.65753424657534
2025-04-05,84.52054794520548
2025-04-06,84.93150684931507
2025-04-07,84.93150684931507
2025-04-08,85.20547945205479
2025-04-09,86.16438356164383
2025-04-10,85.6164383561644
2025-04-11,83.83561643835617
2025-04-12,83.42465753424658
2025-04-13,83.83561643835617
2025-04-14,83.69863013698631
2025-04-15,80.0
2025-04-16,81.23287671232876
2025-04-17,82.1917808219178
2025-04-18,80.54794520547945
2025-04-19,79.17808219178082
2025-04-20,78.08219178082192
2025-04-21,77.26027397260273
2025-04-22,77.12328767123287
2025-04-23,76.43835616438356
2025-04-24,78.21917808219177
2025-04-25,76.3013698630137
2025-04-26,77.12328767123287
2025-04-27,78.35616438356165
2025-04-28,77.67123287671232
2025-04-29,75.06849315068493
2025-04-30,75.47945205479452
2025-05-01,74.3835616438356
2025-05-02,76.3013698630137
2025-05-03,58.630136986301366
2025-05-04,44.65753424657534
2025-05-05,47.12328767123287
2025-05-06,44.794520547945204
2025-05-07,42.465753424657535
2025-05-08,41.64383561643836
2025-05-09,40.95890410958904
2025-05-10,42.73972602739725
2025-05-11,46.71232876712329
2025-05-12,48.49315068493151
2025-05-13,44.65753424657534
2025-05-14,45.61643835616438
2025-05-15,56.02739726027397
2025-05-16,60.13698630136986
2025-05-17,59.86301369863014
2025-05-18,51.09589041095891
2025-05-19,49.45205479452055
2025-05-20,59.04109589041096
2025-05-21,57.945205479452056
2025-05-22,52.32876712328767
2025-05-23,49.04109589041096
2025-05-24,45.61643835616439
2025-05-25,45.342465753424655
2025-05-26,43.42465753424658
2025-05-27,41.917808219178085
2025-05-28,42.328767123287676
2025-05-29,43.150684931506845
2025-05-30,42.05479452054795
2025-05-31,42.328767123287676
2025-06-01,40.136986301369866
2025-06-02,50.410958904109584
2025-06-03,61.369863013698634
2025-06-04,61.23287671232877
2025-06-05,58.49315068493151
2025-06-06,58.21917808219178
2025-06-07,58.9041095890411
2025-06-08,56.986301369863014
2025-06-09,50.41095890410959
2025-06-10,49.58904109589041
2025-06-11,45.06849315068493
2025-06-12,42.32876712328767
2025-06-13,38.35616438356164
2025-06-14,39.04109589041096
2025-06-15,35.89041095890411
2025-06-16,39.45205479452055
2025-06-17,52.1917808219178
2025-06-18,52.054794520547944
2025-06-19,40.68493150684931
2025-06-20,37.12328767123287
2025-06-21,46.986301369863014
2025-06-22,41.50684931506849
2025-06-23,35.75342465753425
2025-06-24,42.602739726027394
2025-06-25,40.273972602739725
2025-06-26,46.71232876712328
2025-06-27,48.35616438356165
2025-06-28,52.054794520547944
2025-06-29,54.93150684931507
2025-06-30,54.79452054794521
2025-07-01,58.90410958904109
2025-07-02,60.68493150684931
2025-07-03,57.945205479452056
2025-07-04,54.38356164383561
2025-07-05,53.013698630136986
2025-07-06,50.27397260273973
2025-07-07,48.21917808219178
2025-07-08,52.19178082191781
2025-07-09,53.150684931506845
2025-07-10,51.78082191780822
2025-07-11,55.61643835616439
2025-07-12,61.0958904109589
2025-07-13,60.273972602739725
2025-07-14,59.04109589041096
2025-07-15,69.58904109589041
2025-07-16,56.3013698630137
2025-07-17,55.89041095890411
2025-07-18,56.84931506849315
2025-07-19,59.31506849315068
2025-07-20,56.16438356164384
2025-07-21,54.24657534246575
2025-07-22,58.630136986301366
2025-07-23,67.8082191780822
2025-07-24,78.76712328767124
2025-07-25,78.76712328767124
2025-07-26,72.05479452054794
2025-07-27,67.8082191780822
2025-07-28,71.78082191780823
2025-07-29,73.56164383561644
2025-07-30,74.38356164383562
2025-07-31,77.26027397260273
2025-08-01,77.67123287671232
2025-08-02,85.61643835616438
2025-08-03,83.83561643835617
2025-08-04,83.42465753424658
2025-08-05,82.46575342465754
2025-08-06,84.79452054794521
2025-08-07,82.87671232876713
2025-08-08,84.93150684931507
2025-08-09,83.97260273972603
2025-08-10,83.15068493150685
2025-08-11,79.58904109589041
2025-08-12,81.78082191780823
2025-08-13,84.65753424657534
2025-08-14,81.64383561643837
2025-08-15,85.34246575342465
2025-08-16,84.65753424657535
2025-08-17,83.69863013698631
2025-08-18,85.61643835616438
2025-08-19,86.43835616438355
2025-08-20,88.76712328767124
2025-08-21,86.84931506849315
2025-08-22,88.35616438356163
2025-08-23,81.36986301369863
2025-08-24,83.42465753424658
2025-08-25,80.95890410958904
2025-08-26,80.82191780821918
2025-08-27,74.10958904109589
2025-08-28,71.23287671232876
2025-08-29,75.20547945205479
2025-08-30,72.87671232876713
2025-08-31,66.84931506849315
2025-09-01,58.630136986301366
2025-09-02,65.75342465753424
2025-09-03,64.79452054794521
2025-09-04,62.73972602739726
2025-09-05,62.87671232876712
2025-09-06,57.8082191780822
2025-09-07,51.23287671232877
2025-09-08,46.16438356164384
2025-09-09,46.986301369863014
2025-09-10,47.12328767123288
2025-09-11,46.986301369863014
2025-09-12,44.109589041095894
2025-09-13,43.42465753424658
2025-09-14,41.78082191780822
2025-09-15,41.23287671232877
2025-09-16,40.27397260273973
2025-09-17,37.80821917808219
2025-09-18,39.04109589041096
2025-09-19,36.84931506849315
2025-09-20,36.301369863013704
2025-09-21,36.16438356164383
2025-09-22,35.205479452054796
2025-09-23,34.65753424657534
2025-09-24,35.205479452054796
2025-09-25,34.52054794520548
2025-09-26,34.38356164383561
2025-09-27,33.83561643835617
2025-09-28,32.73972602739726
2025-09-29,32.19178082191781
2025-09-30,32.602739726027394
2025-10-01,32.32876712328767
2025-10-02,31.36986301369863
2025-10-03,31.643835616438356
2025-10-04,36.71232876712329
2025-10-05,36.71232876712329
2025-10-06,37.534246575342465
2025-10-07,40.68493150684932
2025-10-08,46.43835616438356
2025-10-09,45.75342465753425
2025-10-10,38.76712328767123
2025-10-11,30.95890410958904
2025-10-12,24.657534246575338
2025-10-13,28.904109589041095
2025-10-14,33.698630136986296
2025-10-15,34.65753424657534
2025-10-16,32.32876712328767
2025-10-17,24.93150684931507
2025-10-18,23.28767123287671
2025-10-19,23.972602739726025
2025-10-20,22.19178082191781
2025-10-21,21.78082191780822
2025-10-22,19.863013698630137
2025-10-23,24.10958904109589
2025-10-24,22.19178082191781
2025-10-25,16.98630136986301
2025-10-26,16.301369863013697
2025-10-27,14.10958904109589
2025-10-28,12.465753424657535
2025-10-29,13.561643835616437
2025-10-30,13.013698630136984
2025-10-31,14.383561643835616
2025-11-01,13.698630136986301
2025-11-02,13.013698630136984
2025-11-03,11.232876712328768
2025-11-04,11.23287671232877
2025-11-05,13.424657534246577
2025-11-06,14.93150684931507
2025-11-07,17.123287671232873
2025-11-08,14.246575342465752
2025-11-09,16.027397260273972
2025-11-10,17.3972602739726
2025-11-11,21.917808219178085
2025-11-12,20.95890410958904
2025-11-13,23.15068493150685
2025-11-14,21.506849315068493
2025-11-15,27.26027397260274
2025-11-16,30.684931506849313
2025-11-17,34.93150684931507
2025-11-18,39.863013698630134
2025-11-19,39.17808219178082
2025-11-20,44.79452054794521
2025-11-21,48.76712328767123
2025-11-22,49.58904109589041
2025-11-23,50.13698630136986
2025-11-24,48.35616438356164
2025-11-25,47.80821917808219
2025-11-26,48.63013698630137
2025-11-27,50.54794520547945
2025-11-28,49.726027397260275
2025-11-29,49.04109589041096
2025-11-30,46.986301369863014
2025-12-01,42.19178082191781
2025-12-02,44.24657534246576
2025-12-03,33.42465753424658
2025-12-04,29.178082191780817
2025-12-05,27.80821917808219
2025-12-06,33.56164383561644
2025-12-07,29.589041095890416
2025-12-08,31.36986301369863
2025-12-09,33.56164383561644
2025-12-10,30.821917808219176
2025-12-11,38.9041095890411
2025-12-12,39.04109589041096
2025-12-13,37.8082191780822
2025-12-14,43.42465753424658
2025-12-15,44.38356164383562
2025-12-16,50.68493150684931
2025-12-17,49.58904109589041
2025-12-18,47.534246575342465
2025-12-19,53.150684931506845
2025-12-20,48.21917808219178
2025-12-21,48.35616438356165
2025-12-22,55.61643835616438
2025-12-23,57.80821917808219
2025-12-24,63.150684931506845
2025-12-25,64.52054794520548
2025-12-26,65.75342465753425
2025-12-27,67.8082191780822
2025-12-28,71.91780821917808
2025-12-29,71.78082191780823
2025-12-30,74.10958904109589
2025-12-31,75.6164383561644
2026-01-01,76.16438356164383
2026-01-02,78.9041095890411
2026-01-03,79.72602739726028
2026-01-04,80.0
2026-01-05,79.17808219178082
2026-01-06,80.41095890410958
2026-01-07,80.54794520547945
2026-01-08,80.27397260273972
2026-01-09,80.41095890410959
2026-01-10,79.45205479452055
2026-01-11,79.04109589041096
2026-01-12,79.72602739726027
2026-01-13,81.5068493150685
2026-01-14,82.32876712328768
2026-01-15,82.6027397260274
2026-01-16,82.60273972602741
2026-01-17,82.46575342465754
2026-01-18,82.46575342465754
2026-01-19,81.91780821917808
2026-01-20,80.68493150684932
2026-01-21,77.53424657534246
2026-01-22,76.43835616438355
2026-01-23,75.47945205479452
2026-01-24,73.56164383561644
2026-01-25,72.1917808219178
2026-01-26,73.15068493150685
2026-01-27,66.98630136986301
2026-01-28,68.76712328767124
2026-01-29,56.16438356164383
2026-01-30,45.61643835616438
2026-01-31,44.93150684931507
2026-02-01,45.34246575342466
2026-02-02,40.82191780821918
2026-02-03,42.87671232876713
2026-02-04,43.28767123287672
2026-02-05,37.12328767123287
2026-02-06,34.24657534246575
2026-02-07,34.38356164383561
2026-02-08,30.958904109589042
2026-02-09,33.013698630136986
2026-02-10,32.19178082191781
2026-02-11,24.931506849315067
2026-02-12,21.643835616438356
2026-02-13,20.136986301369863
2026-02-14,16.849315068493148
2026-02-15,16.164383561643834
2026-02-16,15.205479452054796
2026-02-17,14.246575342465752
2026-02-18,13.424657534246574
2026-02-19,13.424657534246577
2026-02-20,13.287671232876717
2026-02-21,12.602739726027394
2026-02-22,13.972602739726025
2026-02-23,13.835616438356162
2026-02-24,14.520547945205482
2026-02-25,14.657534246575342
2026-02-26,16.71232876712329
2026-02-27,15.753424657534246
2026-02-28,16.027397260273972
2026-03-01,19.178082191780824
2026-03-02,19.726027397260275
2026-03-03,19.45205479452055
2026-03-04,19.178082191780824
2026-03-05,22.465753424657535
2026-03-06,23.972602739726028
2026-03-07,24.931506849315067
2026-03-08,26.986301369863014
2026-03-09,27.80821917808219
2026-03-10,29.315068493150683
2026-03-11,30.95890410958904
2026-03-12,33.83561643835616
2026-03-13,38.76712328767123
2026-03-14,44.10958904109589
2026-03-15,44.794520547945204
2026-03-16,48.63013698630137
2026-03-17,51.64383561643836
2026-03-18,50.95890410958904
2026-03-19,51.23287671232877
2026-03-20,52.73972602739726
2026-03-21,54.52054794520548
2026-03-22,51.64383561643835
2026-03-23,52.73972602739726
2026-03-24,56.986301369863014
2026-03-25,59.31506849315068
2026-03-26,51.78082191780822
2026-03-27,50.821917808219176
2026-03-28,49.726027397260275
2026-03-29,53.15068493150685
2026-03-30,63.013698630136986
2026-03-31,68.4931506849315
2026-04-01,68.35616438356163
2026-04-02,70.0
2026-04-03,80.27397260273972
2026-04-04,81.0958904109589
2026-04-05,84.65753424657535
2026-04-06,85.20547945205479
2026-04-07,79.72602739726028
2026-04-08,78.76712328767124
2026-04-09,73.69863013698631
2026-04-10,76.16438356164383
2026-04-11,78.76712328767124
2026-04-12,82.73972602739727
2026-04-13,77.67123287671234
2026-04-14,76.57534246575344
2026-04-15,77.53424657534248
2026-04-16,70.0
2026-04-17,71.91780821917808
2026-04-18,72.87671232876713
2026-04-19,73.01369863013699
2026-04-20,69.58904109589042
2026-04-21,75.20547945205479
2026-04-22,78.21917808219177
2026-04-23,76.43835616438356
2026-04-24,74.52054794520548
2026-04-25,79.04109589041096
2026-04-26,80.54794520547945
2026-04-27,79.86301369863014
2026-04-28,79.04109589041096
2026-04-29,79.04109589041096
2026-04-30,77.26027397260273
2026-05-01,74.79452054794521
2026-05-02,71.64383561643835
2026-05-03,62.054794520547944
2026-05-04,64.79452054794521
2026-05-05,59.45205479452054
2026-05-06,57.12328767123287
2026-05-07,65.89041095890411
2026-05-08,70.54794520547945
2026-05-09,72.1917808219178
2026-05-10,68.21917808219177
2026-05-11,58.21917808219178
2026-05-12,51.643835616438366
2026-05-13,54.10958904109589
2026-05-14,58.21917808219179
2026-05-15,47.671232876712324
2026-05-16,49.31506849315068
2026-05-17,53.561643835616444
2026-05-18,52.1917808219178
2026-05-19,60.54794520547945
2026-05-20,65.61643835616438
2026-05-21,62.328767123287676
2026-05-22,58.35616438356165
2026-05-23,51.64383561643835
2026-05-24,54.52054794520548
2026-05-25,49.589041095890416
2026-05-26,48.49315068493151
2026-05-27,48.082191780821915
2026-05-28,48.08219178082192
2026-05-29,47.671232876712324
2026-05-30,50.0
2026-05-31,52.465753424657535
2026-06-01,54.38356164383561
2026-06-02,53.698630136986296
2026-06-03,51.50684931506849
2026-06-04,51.50684931506849
2026-06-05,52.32876712328767
2026-06-06,53.013698630136986
2026-06-07,51.917808219178085
2026-06-08,53.56164383561644
2026-06-09,52.602739726027394
2026-06-10,52.465753424657535
2026-06-11,55.06849315068493
2026-06-12,55.61643835616438
2026-06-13,52.73972602739726
2026-06-14,51.91780821917808
2026-06-15,53.698630136986296
2026-06-16,55.342465753424655
2026-06-17,56.71232876712329
2026-06-18,52.19178082191781
2026-06-19,50.0
2026-06-20,50.0
2026-06-21,50.136986301369866
2026-06-22,50.273972602739725
2026-06-23,50.136986301369866
2026-06-24,50.0
2026-06-25,50.13698630136986
2026-06-26,49.45205479452055
2026-06-27,49.31506849315068
2026-06-28,49.726027397260275
2026-06-29,49.31506849315069
2026-06-30,48.49315068493151
2026-07-01,47.26027397260274
2026-07-02,47.945205479452056
2026-07-03,48.219178082191775
2026-07-04,48.49315068493151
2026-07-05,49.17808219178082
2026-07-06,50.41095890410959
2026-07-07,56.57534246575342
2026-07-08,56.16438356164384
2026-07-09,53.15068493150685
2026-07-10,58.90410958904109
2026-07-11,54.52054794520548
2026-07-12,52.32876712328767
2026-07-13,58.082191780821915
2026-07-14,64.7945205479452
2026-07-15,67.3972602739726
2026-07-16,59.726027397260275
2026-07-17,59.45205479452055
2026-07-18,64.65753424657535
2026-07-19,69.45205479452055
2026-07-20,79.17808219178082
2026-07-21,77.94520547945206
2026-07-22,79.17808219178082
2026-07-23,80.82191780821918
2026-07-24,80.68493150684932
2026-07-25,73.01369863013699
2026-07-26,80.0
2026-07-27,80.41095890410958
2026-07-28,78.35616438356163
2026-07-29,78.9041095890411
2026-07-30,81.36986301369862
2026-07-31,84.79452054794521
2026-08-01,83.6986301369863
2026-08-02,83.83561643835617
2026-08-03,84.65753424657535
2026-08-04,84.52054794520548
2026-08-05,84.38356164383562
2026-08-06,84.24657534246575
2026-08-07,85.89041095890411
2026-08-08,86.16438356164383
2026-08-09,83.83561643835617
2026-08-10,84.93150684931507
2026-08-11,83.42465753424658
2026-08-12,82.46575342465754
2026-08-13,80.95890410958904
2026-08-14,79.86301369863014
2026-08-15,81.78082191780823
2026-08-16,81.64383561643837
2026-08-17,79.45205479452055
2026-08-18,78.4931506849315
2026-08-19,78.63013698630138
2026-08-20,80.27397260273972
2026-08-21,78.9041095890411
2026-08-22,77.53424657534246
2026-08-23,82.05479452054794
2026-08-24,84.10958904109589
2026-08-25,81.64383561643837
2026-08-26,82.32876712328766
2026-08-27,82.1917808219178
2026-08-28,81.36986301369862
2026-08-29,80.0
2026-08-30,68.9041095890411
2026-08-31,64.10958904109589
2026-09-01,64.52054794520548
2026-09-02,62.87671232876712
2026-09-03,64.65753424657534
2026-09-04,62.328767123287676
2026-09-05,58.082191780821915
2026-09-06,51.23287671232877
2026-09-07,50.95890410958904
2026-09-08,54.38356164383562
2026-09-09,54.65753424657534
2026-09-10,60.13698630136986
2026-09-11,56.02739726027397
2026-09-12,48.76712328767124
2026-09-13,45.34246575342466
2026-09-14,44.52054794520548
2026-09-15,45.61643835616438
2026-09-16,46.986301369863014
2026-09-17,46.57534246575342
2026-09-18,44.657534246575345
2026-09-19,43.97260273972603
2026-09-20,46.71232876712329
2026-09-21,55.89041095890411
