,score,O080,M106,O046,N004
2007-01-31,,,0.09340659340659341,,
2007-02-01,,,0.12328767123287676,,
2007-02-02,,,0.2404371584699454,,
2007-02-03,,,0.31062670299727524,,
2007-02-04,,,0.3125,,
2007-02-05,,,0.31436314363143636,,
2007-02-06,,,0.45945945945945943,,
2007-02-07,,,0.5040431266846361,,
2007-02-08,,,0.5618279569892473,,
2007-02-09,,,0.5737265415549597,,
2007-02-10,,,0.6149732620320856,,
2007-02-11,,,0.616,,
2007-02-12,,,0.6170212765957447,,
2007-02-13,,,0.480106100795756,,
2007-02-14,,,0.5502645502645502,,
2007-02-15,,,0.7440633245382586,,
2007-02-16,,,0.7078947368421052,,
2007-02-17,,,0.7349081364829396,,
2007-02-18,,,0.7356020942408377,,
2007-02-19,,,0.7362924281984334,,
2007-02-20,,,0.6432291666666667,,
2007-02-21,,,0.6363636363636364,,
2007-02-22,,,0.6606217616580311,,
2007-02-23,,,0.7312661498708011,,
2007-02-24,,,0.731958762886598,,
2007-02-25,,,0.7326478149100257,,
2007-02-26,,,0.7333333333333334,,
2007-02-27,,,0.8132992327365729,,
2007-02-28,,,0.8443877551020408,,
2007-03-01,,,0.8091603053435115,,
2007-03-02,,,0.7055837563451777,,
2007-03-03,,,0.5696202531645569,,
2007-03-04,,,0.5707070707070707,,
2007-03-05,,,0.5717884130982368,,
2007-03-06,,,0.550251256281407,,
2007-03-07,,,0.5889724310776943,,
2007-03-08,,,0.5425,,
2007-03-09,,,0.49875311720698257,,
2007-03-10,,,0.592039800995025,,
2007-03-11,,,0.5930521091811414,,
2007-03-12,,,0.594059405940594,,
2007-03-13,,,0.6074074074074074,,
2007-03-14,,,0.7586206896551724,,
2007-03-15,,,0.6216216216216216,,
2007-03-16,,,0.45833333333333337,,
2007-03-17,,,0.4841075794621027,,
2007-03-18,,,0.4853658536585366,,
2007-03-19,,,0.48661800486618,,
2007-03-20,,,0.46116504854368934,,
2007-03-21,,,0.5883777239709442,,
2007-03-22,,,0.7560386473429952,,
2007-03-23,,,0.8096385542168675,,
2007-03-24,,,0.7524038461538461,,
2007-03-25,,,0.7529976019184652,,
2007-03-26,,,0.7535885167464115,,
2007-03-27,,,0.711217183770883,,
2007-03-28,,,0.7785714285714286,,
2007-03-29,,,0.6912114014251782,,
2007-03-30,,,0.7654028436018957,,
2007-03-31,,,0.8392434988179669,,
2007-04-01,,,0.839622641509434,,
2007-04-02,,,0.84,,
2007-04-03,,,0.8450704225352113,,
2007-04-04,,,0.8992974238875878,,
2007-04-05,,,0.8691588785046729,,
2007-04-06,,,0.9020979020979021,,
2007-04-07,,,0.9,,
2007-04-08,,,0.9002320185614849,,
2007-04-09,,,0.900462962962963,,
2007-04-10,,,0.8729792147806005,,
2007-04-11,,,0.8732718894009217,,
2007-04-12,,,0.8735632183908046,,
2007-04-13,,,0.926605504587156,,
2007-04-14,,,0.9336384439359268,,
2007-04-15,,,0.9337899543378996,,
2007-04-16,,,0.9339407744874715,,
2007-04-17,,,0.9204545454545454,,
2007-04-18,,,0.9455782312925171,,
2007-04-19,,,0.918552036199095,,
2007-04-20,,,0.9051918735891648,,
2007-04-21,,,0.8648648648648649,,
2007-04-22,,,0.8651685393258427,,
2007-04-23,,,0.8654708520179373,,
2007-04-24,,,0.9105145413870246,,
2007-04-25,,,0.9107142857142857,,
2007-04-26,,,0.9420935412026726,,
2007-04-27,,,0.8822222222222222,,
2007-04-28,,,0.917960088691796,,
2007-04-29,,,0.918141592920354,,
2007-04-30,,,0.9183222958057395,,
2007-05-01,,,0.9118942731277533,,
2007-05-02,,,0.8703296703296703,,
2007-05-03,,,0.8903508771929824,,
2007-05-04,,,0.8927789934354485,,
2007-05-05,,,0.8384279475982532,,
2007-05-06,,,0.8387799564270153,,
2007-05-07,,,0.8391304347826087,,
2007-05-08,,,0.9349240780911063,,
2007-05-09,,,0.9004329004329005,,
2007-05-10,,,0.8682505399568035,,
2007-05-11,,,0.7844827586206897,,
2007-05-12,,,0.7161290322580645,,
2007-05-13,,,0.7167381974248928,,
2007-05-14,,,0.7173447537473233,,
2007-05-15,,,0.7478632478632479,,
2007-05-16,,,0.7654584221748401,,
2007-05-17,,,0.6148936170212767,,
2007-05-18,,,0.5562632696390658,,
2007-05-19,,,0.6377118644067796,,
2007-05-20,,,0.638477801268499,,
2007-05-21,,,0.639240506329114,,
2007-05-22,,,0.5515789473684211,,
2007-05-23,,,0.6281512605042017,,
2007-05-24,,,0.6897274633123689,,
2007-05-25,,,0.43096234309623427,,
2007-05-26,,,0.6701461377870563,,
2007-05-27,,,0.6708333333333334,,
2007-05-28,,,0.6715176715176715,,
2007-05-29,,,0.553941908713693,,
2007-05-30,,,0.5507246376811594,,
2007-05-31,,,0.5392561983471074,,
2007-06-01,,,0.6969072164948453,,
2007-06-02,,,0.757201646090535,,
2007-06-03,,,0.757700205338809,,
2007-06-04,,,0.7581967213114754,,
2007-06-05,,,0.7648261758691206,,
2007-06-06,,,0.6836734693877551,,
2007-06-07,,,0.7026476578411405,,
2007-06-08,,,0.5304878048780488,,
2007-06-09,,,0.4279918864097363,,
2007-06-10,,,0.42914979757085026,,
2007-06-11,,,0.4303030303030303,,
2007-06-12,,,0.4959677419354839,,
2007-06-13,,,0.4104627766599598,,
2007-06-14,,,0.26907630522088355,,
2007-06-15,,,0.342685370741483,,
2007-06-16,,,0.44399999999999995,,
2007-06-17,,,0.44510978043912175,,
2007-06-18,,,0.4462151394422311,,
2007-06-19,,,0.3996023856858847,,
2007-06-20,,,0.5218253968253967,,
2007-06-21,,,0.4475247524752475,,
2007-06-22,,,0.31225296442687744,,
2007-06-23,,,0.4635108481262328,,
2007-06-24,,,0.4645669291338582,,
2007-06-25,,,0.4656188605108055,,
2007-06-26,,,0.3647058823529412,,
2007-06-27,,,0.3737769080234834,,
2007-06-28,,,0.2890625,,
2007-06-29,,,0.48538011695906436,,
2007-06-30,,,0.4260700389105059,,
2007-07-01,,,0.4271844660194175,,
2007-07-02,,,0.42829457364341084,,
2007-07-03,,,0.5686653771760155,,
2007-07-04,,,0.4864864864864865,,
2007-07-05,,,0.48747591522157996,,
2007-07-06,,,0.5269230769230769,,
2007-07-07,,,0.727447216890595,,
2007-07-08,,,0.7279693486590038,,
2007-07-09,,,0.7284894837476099,,
2007-07-10,,,0.8606870229007634,,
2007-07-11,,,0.900952380952381,,
2007-07-12,,,0.9106463878326996,,
2007-07-13,,,0.9563567362428842,,
2007-07-14,,,0.9602272727272727,,
2007-07-15,,,0.9603024574669187,,
2007-07-16,,,0.960377358490566,,
2007-07-17,,,0.9472693032015066,,
2007-07-18,,,0.9417293233082706,,
2007-07-19,,,0.9305816135084428,,
2007-07-20,,,0.9400749063670412,,
2007-07-21,,,0.9607476635514018,,
2007-07-22,,,0.960820895522388,,
2007-07-23,,,0.9608938547486033,,
2007-07-24,,,0.9460966542750929,,
2007-07-25,,,0.961038961038961,,
2007-07-26,,,0.924074074074074,,
2007-07-27,,,0.8927911275415896,,
2007-07-28,,,0.6734317343173432,,
2007-07-29,,,0.6740331491712708,,
2007-07-30,,,0.6746323529411764,,
2007-07-31,,,0.5944954128440367,,
2007-08-01,,,0.4212454212454212,,
2007-08-02,,,0.4625228519195612,,
2007-08-03,,,0.5164233576642336,,
2007-08-04,,,0.6557377049180328,,
2007-08-05,,,0.6563636363636364,,
2007-08-06,,,0.6569872958257713,,
2007-08-07,,,0.536231884057971,,
2007-08-08,,,0.4321880650994575,,
2007-08-09,,,0.43321299638989175,,
2007-08-10,,,0.29729729729729726,,
2007-08-11,,,0.2158273381294964,,
2007-08-12,,,0.21723518850987433,,
2007-08-13,,,0.21863799283154117,,
2007-08-14,,,0.15384615384615385,,
2007-08-15,,,0.05714285714285716,,
2007-08-16,,,0.010695187165775444,,
2007-08-17,,,0.001779359430605032,,
2007-08-18,,,0.014209591474245165,,
2007-08-19,,,0.015957446808510634,,
2007-08-20,,,0.017699115044247815,,
2007-08-21,,,0.026501766784452263,,
2007-08-22,,,0.010582010582010581,,
2007-08-23,,,0.014084507042253502,,
2007-08-24,,,0.0773286467486819,,
2007-08-25,,,0.17368421052631577,,
2007-08-26,,,0.17513134851138357,,
2007-08-27,,,0.17657342657342656,,
2007-08-28,,,0.3472949389179756,,
2007-08-29,,,0.27700348432055744,,
2007-08-30,,,0.2747826086956522,,
2007-08-31,,,0.26388888888888884,,
2007-09-01,,,0.24956672443674177,,
2007-09-02,,,0.25086505190311414,,
2007-09-03,,,0.2521588946459413,,
2007-09-04,,,0.17586206896551726,,
2007-09-05,,,0.1910499139414802,,
2007-09-06,,,0.2955326460481099,,
2007-09-07,,,0.26415094339622647,,
2007-09-08,,,0.4178082191780822,,
2007-09-09,,,0.41880341880341876,,
2007-09-10,,,0.41979522184300344,,
2007-09-11,,,0.4821124361158433,,
2007-09-12,,,0.6921768707482994,,
2007-09-13,,,0.8964346349745331,,
2007-09-14,,,0.9576271186440678,,
2007-09-15,,,0.9661590524534687,,
2007-09-16,,,0.9662162162162162,,
2007-09-17,,,0.9662731871838112,,
2007-09-18,,,0.9158249158249159,,
2007-09-19,,,0.9260504201680673,,
2007-09-20,,,0.9614093959731543,,
2007-09-21,,,0.9798994974874372,,
2007-09-22,,,0.9765886287625418,,
2007-09-23,,,0.9766277128547579,,
2007-09-24,,,0.9766666666666667,,
2007-09-25,,,0.9650582362728786,,
2007-09-26,,,0.9634551495016611,,
2007-09-27,,,0.966832504145937,,
2007-09-28,,,0.9652317880794702,,
2007-09-29,,,0.9867768595041322,,
2007-09-30,,,0.9867986798679867,,
2007-10-01,,,0.9868204283360791,,
2007-10-02,,,0.9868421052631579,,
2007-10-03,,,0.9720853858784894,,
2007-10-04,,,0.9704918032786886,,
2007-10-05,,,0.955810147299509,,
2007-10-06,,,0.9787581699346405,,
2007-10-07,,,0.9787928221859706,,
2007-10-08,,,0.9788273615635179,,
2007-10-09,,,0.967479674796748,,
2007-10-10,,,0.948051948051948,,
2007-10-11,,,0.9351701782820098,,
2007-10-12,,,0.9336569579288025,,
2007-10-13,,,0.9240710823909531,,
2007-10-14,,,0.9241935483870968,,
2007-10-15,,,0.9243156199677939,,
2007-10-16,,,0.9340836012861736,,
2007-10-17,,,0.9261637239165329,,
2007-10-18,,,0.9262820512820513,,
2007-10-19,,,0.9136,,
2007-10-20,,,0.8402555910543131,,
2007-10-21,,,0.8405103668261563,,
2007-10-22,,,0.8407643312101911,,
2007-10-23,,,0.7042925278219396,,
2007-10-24,,,0.8,,
2007-10-25,,,0.7733755942947702,,
2007-10-26,,,0.865506329113924,,
2007-10-27,,,0.8957345971563981,,
2007-10-28,,,0.8958990536277602,,
2007-10-29,,,0.8960629921259843,,
2007-10-30,,,0.8820754716981132,,
2007-10-31,,,0.8822605965463108,,
2007-11-01,,,0.9169278996865203,,
2007-11-02,,,0.9154929577464789,,
2007-11-03,,,0.9453125,,
2007-11-04,,,0.9453978159126365,,
2007-11-05,,,0.9454828660436138,,
2007-11-06,,,0.9082426127527217,,
2007-11-07,,,0.9409937888198758,,
2007-11-08,,,0.9875968992248062,,
2007-11-09,,,0.9628482972136223,,
2007-11-10,,,0.9149922720247295,,
2007-11-11,,,0.9151234567901234,,
2007-11-12,,,0.9152542372881356,,
2007-11-13,,,0.9276923076923077,,
2007-11-14,,,0.847926267281106,,
2007-11-15,,,0.8834355828220859,,
2007-11-16,,,0.7381316998468607,,
2007-11-17,,,0.7155963302752293,,
2007-11-18,,,0.716030534351145,,
2007-11-19,,,0.7164634146341464,,
2007-11-20,,,0.5662100456621004,,
2007-11-21,,,0.8343465045592705,,
2007-11-22,,,0.6919575113808801,,
2007-11-23,,,0.6984848484848485,,
2007-11-24,,,0.6565809379727685,,
2007-11-25,,,0.6570996978851964,,
2007-11-26,,,0.6576168929110106,,
2007-11-27,,,0.5301204819277108,,
2007-11-28,,,0.32781954887218046,,
2007-11-29,,,0.30180180180180183,,
2007-11-30,,,0.25937031484257866,,
2007-12-01,,,0.17664670658682635,,
2007-12-02,,,0.17787742899850523,,
2007-12-03,,,0.17910447761194026,,
2007-12-04,,,0.10283159463487335,,
2007-12-05,,,0.0982142857142857,,
2007-12-06,,,0.02823179791976227,,
2007-12-07,,,0.0029673590504450953,,
2007-12-08,,,0.022222222222222254,,
2007-12-09,,,0.023668639053254448,,
2007-12-10,,,0.025110782865583436,,
2007-12-11,,,0.05014749262536877,,
2007-12-12,,,0.048600883652430094,,
2007-12-13,,,0.14117647058823535,,
2007-12-14,,,0.05580029368575623,,
2007-12-15,,,0.07771260997067453,,
2007-12-16,,,0.07906295754026349,,
2007-12-17,,,0.08040935672514615,,
2007-12-18,,,0.05401459854014601,,
2007-12-19,,,0.07580174927113703,,
2007-12-20,,,0.040756914119359555,,
2007-12-21,,,0.061046511627906974,,
2007-12-22,,,0.07692307692307687,,
2007-12-23,,,0.07826086956521738,,
2007-12-24,,,0.07959479015918958,,
2007-12-25,,,0.09248554913294793,,
2007-12-26,,,0.08225108225108224,,
2007-12-27,,,0.19164265129683,,
2007-12-28,,,0.2776978417266187,,
2007-12-29,,,0.3505747126436781,,
2007-12-30,,,0.35150645624103305,,
2007-12-31,,,0.35243553008595985,,
2008-01-01,,,0.3562231759656652,,
2008-01-02,,,0.3628571428571429,,
2008-01-03,,,0.48502139800285304,,
2008-01-04,,,0.6253561253561253,,
2008-01-05,,,0.6500711237553343,,
2008-01-06,,,0.6505681818181819,,
2008-01-07,,,0.651063829787234,,
2008-01-08,,,0.4065155807365439,,
2008-01-09,,,0.49504950495049505,,
2008-01-10,,,0.365819209039548,,
2008-01-11,,,0.389280677009873,,
2008-01-12,,,0.6112676056338029,,
2008-01-13,,,0.6118143459915613,,
2008-01-14,,,0.6123595505617978,,
2008-01-15,,,0.7854137447405329,,
2008-01-16,,,0.8361344537815126,,
2008-01-17,,,0.7160839160839161,,
2008-01-18,,,0.7304469273743017,,
2008-01-19,,,0.5760111576011158,,
2008-01-20,,,0.5766016713091922,,
2008-01-21,,,0.5771905424200279,,
2008-01-22,,,0.5152777777777777,,
2008-01-23,,,0.4868238557558946,,
2008-01-24,,,0.4445983379501385,,
2008-01-25,,,0.6639004149377593,,
2008-01-26,,,0.5248618784530387,,
2008-01-27,,,0.5255172413793103,,
2008-01-28,,,0.5261707988980716,,
2008-01-29,,,0.5185694635488308,,
2008-01-30,,,0.6978021978021978,,
2008-01-31,,,0.7201646090534979,,
2008-02-01,,,0.6547945205479452,,
2008-02-02,,,0.6812585499316006,,
2008-02-03,,,0.6816939890710383,,
2008-02-04,,,0.6821282401091405,,
2008-02-05,,,0.6961852861035422,,
2008-02-06,,,0.5374149659863945,,
2008-02-07,,,0.48233695652173914,,
2008-02-08,,,0.43419267299864317,,
2008-02-09,,,0.502710027100271,,
2008-02-10,,,0.503382949932341,,
2008-02-11,,,0.5040540540540541,,
2008-02-12,,,0.45344129554655865,,
2008-02-13,,,0.46765498652291104,,
2008-02-14,,,0.3445491251682369,,
2008-02-15,,,0.6948924731182795,,
2008-02-16,,,0.676510067114094,,
2008-02-17,,,0.6769436997319035,,
2008-02-18,,,0.677376171352075,,
2008-02-19,,,0.7486631016042781,,
2008-02-20,,,0.7409879839786382,,
2008-02-21,,,0.5906666666666667,,
2008-02-22,,,0.8015978695073236,,
2008-02-23,,,0.538563829787234,,
2008-02-24,,,0.5391766268260292,,
2008-02-25,,,0.539787798408488,,
2008-02-26,,,0.6490066225165563,,
2008-02-27,,,0.7208994708994709,,
2008-02-28,,,0.88110964332893,,
2008-02-29,,,0.899736147757256,,
2008-03-01,,,0.8774703557312253,,
2008-03-02,,,0.8776315789473684,,
2008-03-03,,,0.8777923784494087,,
2008-03-04,,,0.8228346456692913,,
2008-03-05,,,0.7955439056356488,,
2008-03-06,,,0.9175392670157068,,
2008-03-07,,,0.9372549019607843,,
2008-03-08,,,0.95822454308094,,
2008-03-09,,,0.9582790091264668,,
2008-03-10,,,0.9583333333333334,,
2008-03-11,,,0.9310793237971391,,
2008-03-12,,,0.9233766233766234,,
2008-03-13,,,0.9481193255512321,,
2008-03-14,,,0.9896373056994818,,
2008-03-15,,,0.9715394566623544,,
2008-03-16,,,0.9715762273901809,,
2008-03-17,,,0.9716129032258064,,
2008-03-18,,,0.9729381443298969,,
2008-03-19,,,0.990990990990991,,
2008-03-20,,,0.9601542416452442,,
2008-03-21,,,0.8985879332477535,,
2008-03-22,,,0.8628205128205129,,
2008-03-23,,,0.8629961587708066,,
2008-03-24,,,0.8631713554987213,,
2008-03-25,,,0.8339719029374202,,
2008-03-26,,,0.8813775510204082,,
2008-03-27,,,0.8662420382165605,,
2008-03-28,,,0.7022900763358779,,
2008-03-29,,,0.4790343074968234,,
2008-03-30,,,0.47969543147208127,,
2008-03-31,,,0.48035487959442336,,
2008-04-01,,,0.5088607594936709,,
2008-04-02,,,0.3893805309734514,,
2008-04-03,,,0.4823232323232324,,
2008-04-04,,,0.5283732660781841,,
2008-04-05,,,0.4798488664987406,,
2008-04-06,,,0.48050314465408805,,
2008-04-07,,,0.48115577889447236,,
2008-04-08,,,0.5470514429109159,,
2008-04-09,,,0.48245614035087714,,
2008-04-10,,,0.5919899874843555,,
2008-04-11,,,0.39,,
2008-04-12,,,0.27965043695380776,,
2008-04-13,,,0.2805486284289277,,
2008-04-14,,,0.28144458281444584,,
2008-04-15,,,0.34079601990049746,,
2008-04-16,,,0.27329192546583847,,
2008-04-17,,,0.39454094292803965,,
2008-04-18,,,0.506815365551425,,
2008-04-19,,,0.6893564356435644,,
2008-04-20,,,0.6897404202719406,,
2008-04-21,,,0.6901234567901234,,
2008-04-22,,,0.718865598027127,,
2008-04-23,,,0.8423645320197044,,
2008-04-24,,,0.4981549815498155,,
2008-04-25,,,0.2604422604422605,,
2008-04-26,,,0.19999999999999996,,
2008-04-27,,,0.2009803921568627,,
2008-04-28,,,0.20195838433292534,,
2008-04-29,,,0.2762836185819071,,
2008-04-30,,,0.26129426129426125,,
2008-05-01,,,0.35853658536585364,,
2008-05-02,,,0.2399512789281364,,
2008-05-03,,,0.13746958637469586,,
2008-05-04,,,0.13851761846901578,,
2008-05-05,,,0.1395631067961165,,
2008-05-06,,,0.1466666666666666,,
2008-05-07,,,0.2457627118644068,,
2008-05-08,,,0.13422007255139057,,
2008-05-09,,,0.08212560386473433,,
2008-05-10,,,0.1085645355850422,,
2008-05-11,,,0.10963855421686752,,
2008-05-12,,,0.1107099879663056,,
2008-05-13,,,0.15504807692307687,,
2008-05-14,,,0.10084033613445376,,
2008-05-15,,,0.08033573141486805,,
2008-05-16,,,0.0359281437125748,,
2008-05-17,,,0.12320574162679421,,
2008-05-18,,,0.12425328554360815,,
2008-05-19,,,0.12529832935560858,,
2008-05-20,,,0.24672228843861743,,
2008-05-21,,,0.25357142857142856,,
2008-05-22,,,0.25921521997621877,,
2008-05-23,,,0.35154394299287406,,
2008-05-24,,,0.5658362989323844,,
2008-05-25,,,0.566350710900474,,
2008-05-26,,,0.5668639053254438,,
2008-05-27,,,0.635933806146572,,
2008-05-28,,,0.45808736717827625,,
2008-05-29,,,0.4834905660377359,,
2008-05-30,,,0.4664310954063604,,
2008-05-31,,,0.5964705882352941,,
2008-06-01,,,0.5969447708578144,,
2008-06-02,,,0.5974178403755869,,
2008-06-03,,,0.6096131301289567,,
2008-06-04,,,0.41217798594847777,,
2008-06-05,,,0.2514619883040936,,
2008-06-06,,,0.4182242990654206,,
2008-06-07,,,0.6417736289381564,,
2008-06-08,,,0.6421911421911422,,
2008-06-09,,,0.6426076833527357,,
2008-06-10,,,0.4709302325581395,,
2008-06-11,,,0.18931475029036005,,
2008-06-12,,,0.308584686774942,,
2008-06-13,,,0.2514484356894554,,
2008-06-14,,,0.1504629629629629,,
2008-06-15,,,0.1514450867052023,,
2008-06-16,,,0.1524249422632794,,
2008-06-17,,,0.13956170703575543,,
2008-06-18,,,0.20967741935483875,,
2008-06-19,,,0.13578826237054087,,
2008-06-20,,,0.07586206896551728,,
2008-06-21,,,0.1504018369690011,,
2008-06-22,,,0.1513761467889908,,
2008-06-23,,,0.15234822451317298,,
2008-06-24,,,0.060640732265446196,,
2008-06-25,,,0.10171428571428576,,
2008-06-26,,,0.14269406392694062,,
2008-06-27,,,0.2873432155074116,,
2008-06-28,,,0.3177676537585421,,
2008-06-29,,,0.3185437997724687,,
2008-06-30,,,0.31931818181818183,,
2008-07-01,,,0.27468785471055623,,
2008-07-02,,,0.2743764172335601,,
2008-07-03,,,0.48697621744054365,,
2008-07-04,,,0.41628959276018096,,
2008-07-05,,,0.4214689265536723,,
2008-07-06,,,0.42212189616252827,,
2008-07-07,,,0.4227733934611049,,
2008-07-08,,,0.29054054054054057,,
2008-07-09,,,0.3239595050618672,,
2008-07-10,,,0.7460674157303371,,
2008-07-11,,,0.67003367003367,,
2008-07-12,,,0.8598654708520179,,
2008-07-13,,,0.8600223964165734,,
2008-07-14,,,0.860178970917226,,
2008-07-15,,,0.8927374301675978,,
2008-07-16,,,0.8805803571428571,,
2008-07-17,,,0.8272017837235228,,
2008-07-18,,,0.8195991091314031,,
2008-07-19,,,0.7563959955506118,,
2008-07-20,,,0.7566666666666666,,
2008-07-21,,,0.7569367369589345,,
2008-07-22,,,0.7272727272727273,,
2008-07-23,,,0.7619047619047619,,
2008-07-24,,,0.6626106194690266,,
2008-07-25,,,0.6441988950276243,,
2008-07-26,,,0.44481236203090513,,
2008-07-27,,,0.44542447629547965,,
2008-07-28,,,0.44603524229074887,,
2008-07-29,,,0.39163916391639164,,
2008-07-30,,,0.32527472527472523,,
2008-07-31,,,0.34796926454445665,,
2008-08-01,,,0.21052631578947367,,
2008-08-02,,,0.35377875136911285,,
2008-08-03,,,0.3544857768052516,,
2008-08-04,,,0.35519125683060104,,
2008-08-05,,,0.2794759825327511,,
2008-08-06,,,0.22355507088331517,,
2008-08-07,,,0.13398692810457513,,
2008-08-08,,,0.029379760609357986,,
2008-08-09,,,0.0,,
2008-08-10,,,0.0010857763300760048,,
2008-08-11,,,0.002169197396963085,,
2008-08-12,,,0.0,,
2008-08-13,,,0.0,,
2008-08-14,,,0.0,,
2008-08-15,,,0.001079913606911398,,
2008-08-16,,,0.0,,
2008-08-17,,,0.0010775862068965747,,
2008-08-18,,,0.0021528525296017342,,
2008-08-19,,,0.003225806451612856,,
2008-08-20,,,0.0032223415682062218,,
2008-08-21,,,0.005364806866952843,,
2008-08-22,,,0.010718113612004254,,
2008-08-23,,,0.009635974304068484,,
2008-08-24,,,0.010695187165775444,,
2008-08-25,,,0.01175213675213671,,
2008-08-26,,,0.009605122732123772,,
2008-08-27,,,0.008528784648187626,,
2008-08-28,,,0.015974440894568676,,
2008-08-29,,,0.010638297872340385,,
2008-08-30,,,0.009564293304994642,,
2008-08-31,,,0.010615711252653925,,
2008-09-01,,,0.01166489925768821,,
2008-09-02,,,0.008474576271186418,,
2008-09-03,,,0.0031746031746031633,,
2008-09-04,,,0.008456659619450302,,
2008-09-05,,,0.007391763463569179,,
2008-09-06,,,0.011603375527426185,,
2008-09-07,,,0.012644889357218081,,
2008-09-08,,,0.013684210526315743,,
2008-09-09,,,0.028391167192429068,,
2008-09-10,,,0.030462184873949583,,
2008-09-11,,,0.023084994753410304,,
2008-09-12,,,0.02096436058700213,,
2008-09-13,,,0.03769633507853398,,
2008-09-14,,,0.03870292887029292,,
2008-09-15,,,0.03970741901776387,,
2008-09-16,,,0.04175365344467641,,
2008-09-17,,,0.03649635036496346,,
2008-09-18,,,0.03749999999999998,,
2008-09-19,,,0.04474505723204991,,
2008-09-20,,,0.042619542619542594,,
2008-09-21,,,0.04361370716510904,,
2008-09-22,,,0.04460580912863066,,
2008-09-23,,,0.12331606217616575,,
2008-09-24,,,0.13975155279503104,,
2008-09-25,,,0.1530506721820062,,
2008-09-26,,,0.13946280991735538,,
2008-09-27,,,0.13106295149638802,,
2008-09-28,,,0.1319587628865979,,
2008-09-29,,,0.13285272914521107,,
2008-09-30,,,0.07921810699588472,,
2008-10-01,,,0.03802672147995889,,
2008-10-02,,,0.054414784394250515,,
2008-10-03,,,0.03282051282051279,,
2008-10-04,,,0.03893442622950816,,
2008-10-05,,,0.03991811668372569,,
2008-10-06,,,0.04089979550102252,,
2008-10-07,,,0.005107252298263587,,
2008-10-08,,,0.006122448979591799,,
2008-10-09,,,0.0,,
2008-10-10,,,0.0010183299389001643,,
2008-10-11,,,0.0,,
2008-10-12,,,0.00101626016260159,,
2008-10-13,,,0.0020304568527919065,,
2008-10-14,,,0.0,,
2008-10-15,,,0.005065856129685908,,
2008-10-16,,,0.005060728744939236,,
2008-10-17,,,0.0010111223458038054,,
2008-10-18,,,0.002020202020202033,,
2008-10-19,,,0.003027245206861706,,
2008-10-20,,,0.0040322580645161255,,
2008-10-21,,,0.0,,
2008-10-22,,,0.0,,
2008-10-23,,,0.0,,
2008-10-24,,,0.0010040160642570406,,
2008-10-25,,,0.0,,
2008-10-26,,,0.0010020040080159776,,
2008-10-27,,,0.002002002002001957,,
2008-10-28,,,0.0,,
2008-10-29,,,0.004995004995005048,,
2008-10-30,,,0.007984031936127733,,
2008-10-31,,,0.009970089730807596,,
2008-11-01,,,0.01195219123505975,,
2008-11-02,,,0.012935323383084563,,
2008-11-03,,,0.013916500994035741,,
2008-11-04,,,0.018867924528301883,,
2008-11-05,,,0.059523809523809534,,
2008-11-06,,,0.06739345887016845,,
2008-11-07,,,0.06831683168316827,,
2008-11-08,,,0.05934718100890213,,
2008-11-09,,,0.06027667984189722,,
2008-11-10,,,0.06120434353405724,,
2008-11-11,,,0.10256410256410253,,
2008-11-12,,,0.10246305418719215,,
2008-11-13,,,0.02460629921259838,,
2008-11-14,,,0.027531956735496577,,
2008-11-15,,,0.0736738703339882,,
2008-11-16,,,0.07458292443572134,,
2008-11-17,,,0.07549019607843133,,
2008-11-18,,,0.05190989226248777,,
2008-11-19,,,0.05381604696673192,,
2008-11-20,,,0.08211143695014667,,
2008-11-21,,,0.0966796875,,
2008-11-22,,,0.08195121951219508,,
2008-11-23,,,0.0828460038986355,,
2008-11-24,,,0.0837390457643622,,
2008-11-25,,,0.5116731517509727,,
2008-11-26,,,0.8522837706511176,,
2008-11-27,,,0.7805825242718447,,
2008-11-28,,,0.1571290009699321,,
2008-11-29,,,0.09496124031007747,,
2008-11-30,,,0.09583736689254596,,
2008-12-01,,,0.09671179883945846,,
2008-12-02,,,0.08502415458937196,,
2008-12-03,,,0.08011583011583012,,
2008-12-04,,,0.027965284474445462,,
2008-12-05,,,0.038535645472061675,,
2008-12-06,,,0.04234841193455241,,
2008-12-07,,,0.043269230769230727,,
2008-12-08,,,0.04418828049951973,,
2008-12-09,,,0.09788867562380044,,
2008-12-10,,,0.10450623202301057,,
2008-12-11,,,0.11877394636015326,,
2008-12-12,,,0.8851674641148325,,
2008-12-13,,,0.8422562141491396,,
2008-12-14,,,0.8424068767908309,,
2008-12-15,,,0.8425572519083969,,
2008-12-16,,,0.9027645376549094,,
2008-12-17,,,0.9647619047619047,,
2008-12-18,,,1.0,,
2008-12-19,,,1.0,,
2008-12-20,,,1.0,,
2008-12-21,,,1.0,,
2008-12-22,,,1.0,,
2008-12-23,,,1.0,,
2008-12-24,,,0.9877010406811731,,
2008-12-25,,,0.9517958412098299,,
2008-12-26,,,0.9830028328611898,,
2008-12-27,,,0.9783018867924528,,
2008-12-28,,,0.9783223374175306,,
2008-12-29,,,0.9783427495291902,,
2008-12-30,,,0.993414863593603,,
2008-12-31,,,0.993421052631579,,
2009-01-01,,,0.9868544600938968,,
2009-01-02,,,0.9868667917448405,,
2009-01-03,,,0.993439550140581,,
2009-01-04,,,0.9934456928838952,,
2009-01-05,,,0.9934518241347053,,
2009-01-06,,,0.9785046728971962,,
2009-01-07,,,0.9953314659197012,,
2009-01-08,,,0.9841417910447762,,
2009-01-09,,,0.9822926374650512,,
2009-01-10,,,0.9245810055865922,,
2009-01-11,,,0.9246511627906977,,
2009-01-12,,,0.9247211895910781,,
2009-01-13,,,0.38347260909935,,
2009-01-14,,,0.4007421150278293,,
2009-01-15,,,0.1195551436515292,,
2009-01-16,,,0.06388888888888888,,
2009-01-17,,,0.037927844588344084,,
2009-01-18,,,0.038817005545286554,,
2009-01-19,,,0.03970452446906736,,
2009-01-20,,,0.040590405904059046,,
2009-01-21,,,0.04147465437788023,,
2009-01-22,,,0.023020257826887658,,
2009-01-23,,,0.05151793928242865,,
2009-01-24,,,0.03860294117647056,,
2009-01-25,,,0.03948576675849402,,
2009-01-26,,,0.04036697247706422,,
2009-01-27,,,0.07882676443629699,,
2009-01-28,,,0.07326007326007322,,
2009-01-29,,,0.10521500457456545,,
2009-01-30,,,0.07038391224862883,,
2009-01-31,,,0.03196347031963476,,
2009-02-01,,,0.03284671532846717,,
2009-02-02,,,0.03372835004557884,,
2009-02-03,,,0.03551912568306015,,
2009-02-04,,,0.07370336669699729,,
2009-02-05,,,0.06727272727272726,,
2009-02-06,,,0.07811080835604,,
2009-02-07,,,0.08076225045372054,,
2009-02-08,,,0.08159564823209431,,
2009-02-09,,,0.08242753623188404,,
2009-02-10,,,0.08687782805429867,,
2009-02-11,,,0.06600361663652798,,
2009-02-12,,,0.06684733514001806,,
2009-02-13,,,0.08122743682310474,,
2009-02-14,,,0.12984670874661852,,
2009-02-15,,,0.13063063063063063,,
2009-02-16,,,0.1314131413141314,,
2009-02-17,,,0.1321942446043165,,
2009-02-18,,,0.08535489667565144,,
2009-02-19,,,0.10682226211849188,,
2009-02-20,,,0.08071748878923768,,
2009-02-21,,,0.1353046594982079,,
2009-02-22,,,0.1360787824529991,,
2009-02-23,,,0.13685152057245076,,
2009-02-24,,,0.13762287756925828,,
2009-02-25,,,0.14017857142857137,,
2009-02-26,,,0.06868867082961638,,
2009-02-27,,,0.09090909090909094,,
2009-02-28,,,0.030276046304541393,,
2009-03-01,,,0.03113879003558717,,
2009-03-02,,,0.03200000000000003,,
2009-03-03,,,0.026642984014209614,,
2009-03-04,,,0.05944986690328302,,
2009-03-05,,,0.09663120567375882,,
2009-03-06,,,0.05934455270150574,,
2009-03-07,,,0.07079646017699115,,
2009-03-08,,,0.07161803713527848,,
2009-03-09,,,0.07243816254416957,,
2009-03-10,,,0.053839364518976196,,
2009-03-11,,,0.07671957671957674,,
2009-03-12,,,0.06079295154185027,,
2009-03-13,,,0.08714788732394363,,
2009-03-14,,,0.15303430079155678,,
2009-03-15,,,0.15377855887521963,,
2009-03-16,,,0.154521510096576,,
2009-03-17,,,0.3008771929824562,,
2009-03-18,,,0.23663453111305877,,
2009-03-19,,,0.681260945709282,,
2009-03-20,,,0.984251968503937,,
2009-03-21,,,0.9475524475524475,,
2009-03-22,,,0.9475982532751092,,
2009-03-23,,,0.9476439790575917,,
2009-03-24,,,0.9590235396687009,,
2009-03-25,,,0.9468641114982579,,
2009-03-26,,,0.9660574412532636,,
2009-03-27,,,0.9739130434782609,,
2009-03-28,,,0.9096437880104257,,
2009-03-29,,,0.9097222222222222,,
2009-03-30,,,0.9098005203816132,,
2009-03-31,,,0.8960138648180243,,
2009-04-01,,,0.9826839826839827,,
2009-04-02,,,0.9896193771626297,,
2009-04-03,,,0.9939498703543648,,
2009-04-04,,,0.9956822107081175,,
2009-04-05,,,0.9956859361518551,,
2009-04-06,,,0.9956896551724138,,
2009-04-07,,,0.9905254091300603,,
2009-04-08,,,0.9931153184165232,,
2009-04-09,,,0.9888220120378332,,
2009-04-10,,,0.9879725085910653,,
2009-04-11,,,0.9879828326180258,,
2009-04-12,,,0.9879931389365352,,
2009-04-13,,,0.9880034275921166,,
2009-04-14,,,0.9845890410958904,,
2009-04-15,,,0.9674935842600513,,
2009-04-16,,,0.9606837606837607,,
2009-04-17,,,0.9453458582408198,,
2009-04-18,,,0.38310580204778155,,
2009-04-19,,,0.38363171355498726,,
2009-04-20,,,0.3841567291311755,,
2009-04-21,,,0.3387234042553191,,
2009-04-22,,,0.41156462585034015,,
2009-04-23,,,0.4103653355989805,,
2009-04-24,,,0.42614601018675724,,
2009-04-25,,,0.7430025445292621,,
2009-04-26,,,0.7432203389830508,,
2009-04-27,,,0.7434377646062659,,
2009-04-28,,,0.7478849407783418,,
2009-04-29,,,0.8055790363482671,,
2009-04-30,,,0.9037162162162162,,
2009-05-01,,,0.8751054852320675,,
2009-05-02,,,0.7082630691399663,,
2009-05-03,,,0.7085088458298231,,
2009-05-04,,,0.7087542087542087,,
2009-05-05,,,0.8200168208578638,,
2009-05-06,,,0.8831932773109243,,
2009-05-07,,,0.8824517212426533,,
2009-05-08,,,0.9043624161073825,,
2009-05-09,,,0.9337803855825649,,
2009-05-10,,,0.9338358458961474,,
2009-05-11,,,0.9338912133891213,,
2009-05-12,,,0.9615384615384616,,
2009-05-13,,,0.8955722639933166,,
2009-05-14,,,0.8639398998330551,,
2009-05-15,,,0.8765638031693077,,
2009-05-16,,,0.8674999999999999,,
2009-05-17,,,0.8676103247293921,,
2009-05-18,,,0.867720465890183,,
2009-05-19,,,0.9301745635910225,,
2009-05-20,,,0.989202657807309,,
2009-05-21,,,0.9925311203319502,,
2009-05-22,,,0.9900497512437811,,
2009-05-23,,,0.9991714995857498,,
2009-05-24,,,0.9991721854304636,,
2009-05-25,,,0.9991728701406121,,
2009-05-26,,,0.9991735537190083,,
2009-05-27,,,0.9834847233691164,,
2009-05-28,,,0.9892739273927392,,
2009-05-29,,,0.9991755976916735,,
2009-05-30,,,0.9884678747940692,,
2009-05-31,,,0.988477366255144,,
2009-06-01,,,0.9884868421052632,,
2009-06-02,,,1.0,,
2009-06-03,,,1.0,,
2009-06-04,,,0.977850697292863,,
2009-06-05,,,0.9647540983606557,,
2009-06-06,,,0.9361179361179361,,
2009-06-07,,,0.9361702127659575,,
2009-06-08,,,0.9362224039247752,,
2009-06-09,,,0.8504901960784313,,
2009-06-10,,,0.8726530612244898,,
2009-06-11,,,0.8238172920065253,,
2009-06-12,,,0.8907905460472698,,
2009-06-13,,,0.8721498371335505,,
2009-06-14,,,0.8722538649308381,,
2009-06-15,,,0.8723577235772357,,
2009-06-16,,,0.7790414297319253,,
2009-06-17,,,0.8409090909090909,,
2009-06-18,,,0.7607461476074615,,
2009-06-19,,,0.7325769854132902,,
2009-06-20,,,0.5676113360323887,,
2009-06-21,,,0.5679611650485437,,
2009-06-22,,,0.5683104284559418,,
2009-06-23,,,0.34006462035541196,,
2009-06-24,,,0.261501210653753,,
2009-06-25,,,0.3467741935483871,,
2009-06-26,,,0.23932312651087828,,
2009-06-27,,,0.4001610305958132,,
2009-06-28,,,0.40064360418342715,,
2009-06-29,,,0.4011254019292605,,
2009-06-30,,,0.19999999999999996,,
2009-07-01,,,0.1532905296950241,,
2009-07-02,,,0.19727345629510828,,
2009-07-03,,,0.17548076923076927,,
2009-07-04,,,0.17614091273018417,,
2009-07-05,,,0.17679999999999996,,
2009-07-06,,,0.1774580335731415,,
2009-07-07,,,0.17092651757188504,,
2009-07-08,,,0.2745411013567438,,
2009-07-09,,,0.3301435406698564,,
2009-07-10,,,0.2573705179282868,,
2009-07-11,,,0.2054140127388535,,
2009-07-12,,,0.20604614160700074,,
2009-07-13,,,0.2066772655007949,,
2009-07-14,,,0.15726767275615572,,
2009-07-15,,,0.2317460317460317,,
2009-07-16,,,0.7073750991276764,,
2009-07-17,,,0.5784469096671949,,
2009-07-18,,,0.723673792557403,,
2009-07-19,,,0.7238924050632911,,
2009-07-20,,,0.7241106719367589,,
2009-07-21,,,0.7282780410742495,,
2009-07-22,,,0.7087608524072613,,
2009-07-23,,,0.8659305993690851,,
2009-07-24,,,0.863672182821119,,
2009-07-25,,,0.8149606299212598,,
2009-07-26,,,0.8151062155782848,,
2009-07-27,,,0.815251572327044,,
2009-07-28,,,0.8664571877454831,,
2009-07-29,,,0.8320251177394035,,
2009-07-30,,,0.7270588235294118,,
2009-07-31,,,0.79858934169279,,
2009-08-01,,,0.7901331245105716,,
2009-08-02,,,0.7902973395931142,,
2009-08-03,,,0.7904612978889758,,
2009-08-04,,,0.93125,,
2009-08-05,,,0.9508196721311475,,
2009-08-06,,,0.9422776911076443,,
2009-08-07,,,0.9555728760717069,,
2009-08-08,,,0.8722741433021807,,
2009-08-09,,,0.8723735408560311,,
2009-08-10,,,0.8724727838258165,,
2009-08-11,,,0.905982905982906,,
2009-08-12,,,0.8680124223602484,,
2009-08-13,,,0.8673390224980605,,
2009-08-14,,,0.8131782945736434,,
2009-08-15,,,0.750580945003873,,
2009-08-16,,,0.7507739938080495,,
2009-08-17,,,0.7509667440061871,,
2009-08-18,,,0.5455950540958269,,
2009-08-19,,,0.40617760617760623,,
2009-08-20,,,0.6072530864197531,,
2009-08-21,,,0.5497301464919044,,
2009-08-22,,,0.5562403697996918,,
2009-08-23,,,0.5565819861431871,,
2009-08-24,,,0.5569230769230769,,
2009-08-25,,,0.649500384319754,,
2009-08-26,,,0.6482334869431643,,
2009-08-27,,,0.3323100537221796,,
2009-08-28,,,0.5115030674846626,,
2009-08-29,,,0.5310344827586206,,
2009-08-30,,,0.5313935681470138,,
2009-08-31,,,0.531752104055088,,
2009-09-01,,,0.31498470948012236,,
2009-09-02,,,0.14056531703590525,,
2009-09-03,,,0.1564885496183206,,
2009-09-04,,,0.17467581998474446,,
2009-09-05,,,0.2530487804878049,,
2009-09-06,,,0.25361766945925357,,
2009-09-07,,,0.25418569254185697,,
2009-09-08,,,0.2547528517110266,,
2009-09-09,,,0.6451367781155015,,
2009-09-10,,,0.6940015186028854,,
2009-09-11,,,0.7450682852807284,,
2009-09-12,,,0.7528430629264594,,
2009-09-13,,,0.753030303030303,,
2009-09-14,,,0.753217259651779,,
2009-09-15,,,0.6013615733736762,,
2009-09-16,,,0.7135298563869992,,
2009-09-17,,,0.8851963746223565,,
2009-09-18,,,0.8973584905660378,,
2009-09-19,,,0.7631975867269984,,
2009-09-20,,,0.7633760361718162,,
2009-09-21,,,0.7635542168674698,,
2009-09-22,,,0.7012791572610986,,
2009-09-23,,,0.736842105263158,,
2009-09-24,,,0.6942148760330579,,
2009-09-25,,,0.5255255255255256,,
2009-09-26,,,0.7726931732933233,,
2009-09-27,,,0.7728635682158921,,
2009-09-28,,,0.7730337078651686,,
2009-09-29,,,0.7769461077844311,,
2009-09-30,,,0.6140613313388182,,
2009-10-01,,,0.7944693572496263,,
2009-10-02,,,0.8312173263629574,,
2009-10-03,,,0.8014925373134328,,
2009-10-04,,,0.8016405667412378,,
2009-10-05,,,0.8017883755588674,,
2009-10-06,,,0.8317200297840656,,
2009-10-07,,,0.8623511904761905,,
2009-10-08,,,0.6869888475836432,,
2009-10-09,,,0.8075780089153046,,
2009-10-10,,,0.7869339272457312,,
2009-10-11,,,0.7870919881305638,,
2009-10-12,,,0.7872498146775389,,
2009-10-13,,,0.7874074074074074,,
2009-10-14,,,0.8156920799407846,,
2009-10-15,,,0.8838757396449705,,
2009-10-16,,,0.8662232076866223,,
2009-10-17,,,0.7496307237813884,,
2009-10-18,,,0.7498154981549816,,
2009-10-19,,,0.75,,
2009-10-20,,,0.787030213706706,,
2009-10-21,,,0.7702503681885126,,
2009-10-22,,,0.8646063281824872,,
2009-10-23,,,0.7507352941176471,,
2009-10-24,,,0.7450404114621602,,
2009-10-25,,,0.7452276064610867,,
2009-10-26,,,0.7454145267791636,,
2009-10-27,,,0.7785923753665689,,
2009-10-28,,,0.6952380952380952,,
2009-10-29,,,0.5980966325036603,,
2009-10-30,,,0.7644476956839795,,
2009-10-31,,,0.5650584795321638,,
2009-11-01,,,0.5653761869978087,,
2009-11-02,,,0.5656934306569343,,
2009-11-03,,,0.725747629467542,,
2009-11-04,,,0.6341107871720116,,
2009-11-05,,,0.6809905316824472,,
2009-11-06,,,0.4585152838427947,,
2009-11-07,,,0.5025454545454546,,
2009-11-08,,,0.502906976744186,,
2009-11-09,,,0.5032679738562091,,
2009-11-10,,,0.5500725689404935,,
2009-11-11,,,0.5931834662799129,,
2009-11-12,,,0.5934782608695652,,
2009-11-13,,,0.3606082548877625,,
2009-11-14,,,0.37264833574529665,,
2009-11-15,,,0.3731019522776573,,
2009-11-16,,,0.37355491329479773,,
2009-11-17,,,0.45054151624548733,,
2009-11-18,,,0.3650793650793651,,
2009-11-19,,,0.43403028118240805,,
2009-11-20,,,0.3969740634005764,,
2009-11-21,,,0.24982001439884804,,
2009-11-22,,,0.2503597122302158,,
2009-11-23,,,0.25089863407620416,,
2009-11-24,,,0.4181034482758621,,
2009-11-25,,,0.43072505384063176,,
2009-11-26,,,0.7302725968436155,,
2009-11-27,,,0.7304659498207886,,
2009-11-28,,,0.6984240687679083,,
2009-11-29,,,0.698639942734431,,
2009-11-30,,,0.6988555078683834,,
2009-12-01,,,0.8027162258756254,,
2009-12-02,,,0.84,,
2009-12-03,,,0.8451106352605282,,
2009-12-04,,,0.8252496433666191,,
2009-12-05,,,0.8210976478973628,,
2009-12-06,,,0.8212250712250713,,
2009-12-07,,,0.8213523131672598,,
2009-12-08,,,0.6571834992887624,,
2009-12-09,,,0.49466950959488276,,
2009-12-10,,,0.4914772727272727,,
2009-12-11,,,0.31085876508161814,,
2009-12-12,,,0.23829787234042554,,
2009-12-13,,,0.23883770375620128,,
2009-12-14,,,0.23937677053824358,,
2009-12-15,,,0.36801132342533616,,
2009-12-16,,,0.20862800565770867,,
2009-12-17,,,0.18233215547703185,,
2009-12-18,,,0.13700564971751417,,
2009-12-19,,,0.11220889202540574,,
2009-12-20,,,0.11283497884344151,,
2009-12-21,,,0.11346018322762508,,
2009-12-22,,,0.11408450704225348,,
2009-12-23,,,0.1386347642505278,,
2009-12-24,,,0.1884669479606188,,
2009-12-25,,,0.15038650737877723,,
2009-12-26,,,0.1509831460674157,,
2009-12-27,,,0.15157894736842104,,
2009-12-28,,,0.15217391304347827,,
2009-12-29,,,0.16818500350385424,,
2009-12-30,,,0.1113445378151261,,
2009-12-31,,,0.13226032190342896,,
2010-01-01,,,0.1342657342657343,,
2010-01-02,,,0.1348707197763801,,
2010-01-03,,,0.1354748603351955,,
2010-01-04,,,0.13607815771109555,,
2010-01-05,,,0.13737796373779643,,
2010-01-06,,,0.16027874564459932,,
2010-01-07,,,0.17061281337047352,,
2010-01-08,,,0.1906750173973556,,
2010-01-09,,,0.2649513212795549,,
2010-01-10,,,0.26546212647671996,,
2010-01-11,,,0.2659722222222223,,
2010-01-12,,,0.498265093684941,,
2010-01-13,,,0.4798890429958391,,
2010-01-14,,,0.46846846846846846,,
2010-01-15,,,0.631578947368421,,
2010-01-16,,,0.46505190311418687,,
2010-01-17,,,0.4654218533886584,,
2010-01-18,,,0.46579129232895644,,
2010-01-19,,,0.4661602209944752,,
2010-01-20,,,0.5127674258109041,,
2010-01-21,,,0.28068965517241384,,
2010-01-22,,,0.5713301171605789,,
2010-01-23,,,0.4476584022038568,,
2010-01-24,,,0.44803854094975915,,
2010-01-25,,,0.44841815680880326,,
2010-01-26,,,0.5065292096219931,,
2010-01-27,,,0.30563186813186816,,
2010-01-28,,,0.29924502402196296,,
2010-01-29,,,0.2716049382716049,,
2010-01-30,,,0.2063056888279644,,
2010-01-31,,,0.20684931506849313,,
2010-02-01,,,0.2073921971252567,,
2010-02-02,,,0.2455540355677155,,
2010-02-03,,,0.2857142857142857,,
2010-02-04,,,0.16188524590163933,,
2010-02-05,,,0.1139931740614335,,
2010-02-06,,,0.08526603001364252,,
2010-02-07,,,0.08588957055214719,,
2010-02-08,0.4525967901308501,,0.0865122615803815,0.8186813186813187,
2010-02-09,0.46137527159469216,,0.08713410483321993,0.8356164383561644,
2010-02-10,0.5015278242444519,,0.08775510204081638,0.9153005464480874,
2010-02-11,0.5251140579820212,,0.08837525492861997,0.9618528610354223,
2010-02-12,0.5146059782608696,,0.08899456521739135,0.9402173913043478,
2010-02-13,0.5224888094094791,,0.1289884589273591,0.9159891598915989,
2010-02-14,0.5269518500861785,,0.12957937584803259,0.9243243243243243,
2010-02-15,0.5286966056009867,,0.13016949152542368,0.9272237196765498,
2010-02-16,0.5264009091703821,,0.1307588075880759,0.9220430107526881,
2010-02-17,0.5222781487726915,,0.16519972918077186,0.8793565683646113,
2010-02-18,0.45050943246039954,,0.1069012178619756,0.7941176470588235,
2010-02-19,0.4973766058147397,,0.10141987829614607,0.8933333333333333,
2010-02-20,0.49148936170212765,,0.09999999999999998,0.8829787234042553,
2010-02-21,0.47205451188081754,,0.10060769750168808,0.843501326259947,
2010-02-22,0.47785596469806996,,0.10121457489878538,0.8544973544973545,
2010-02-23,0.5093976233727184,,0.10586648685097777,0.9129287598944591,
2010-02-24,0.5051603064264435,,0.10242587601078168,0.9078947368421053,
2010-02-25,0.47883560009544257,,0.11515151515151512,0.84251968503937,
2010-02-26,0.4798609006926779,,0.12987886944818305,0.8298429319371727,
2010-02-27,0.5088179364764425,,0.2004034969737727,0.8172323759791122,
2010-02-28,0.5054183467741935,,0.20094086021505375,0.8098958333333334,
2010-03-01,0.4838556339563727,,0.20147750167897915,0.7662337662337663,
2010-03-02,0.43399520116841117,,0.22550335570469804,0.6424870466321243,
2010-03-03,0.44058667248971867,,0.2816901408450704,0.599483204134367,
2010-03-04,0.575181034244493,,0.5060321715817695,0.6443298969072165,
2010-03-05,0.5597311877019924,,0.37910247823174814,0.7403598971722365,
2010-03-06,0.5632375656472042,,0.4136546184738956,0.7128205128205128,
2010-03-07,0.5638009049773756,,0.41404682274247495,0.7135549872122762,
2010-03-08,0.5069641492960821,,0.4144385026737968,0.5994897959183674,
2010-03-09,0.6130199329957626,,0.5644622578490315,0.6615776081424937,
2010-03-10,0.6101841372252683,,0.5807743658210949,0.6395939086294417,
2010-03-11,0.5255942780419014,,0.5170113408939293,0.5341772151898734,
2010-03-12,0.3534141414141414,,0.5906666666666667,0.11616161616161616,
2010-03-13,0.43384343267376746,,0.8147901399067289,0.05289672544080604,
2010-03-14,0.4338386339152487,,0.81491344873502,0.052763819095477386,
2010-03-15,0.43258095338145763,,0.8150365934797072,0.05012531328320802,
2010-03-16,0.43920212765957445,,0.8484042553191489,0.03,
2010-03-17,0.41338348480957077,,0.7993355481727575,0.02743142144638404,
2010-03-18,0.37257933440367885,,0.7177954847277557,0.02736318407960199,
2010-03-19,0.37600132384686186,,0.6974120769741208,0.05459057071960298,
2010-03-20,0.4130282060036243,,0.6750663129973475,0.15099009900990099,
2010-03-21,0.4215914390201998,,0.6752816434724984,0.16790123456790124,
2010-03-22,0.43380745767135354,,0.6754966887417219,0.1921182266009852,
2010-03-23,0.483621338684211,,0.6724023825281271,0.29484029484029484,
2010-03-24,0.5000194522253346,,0.6421957671957672,0.35784313725490197,
2010-03-25,0.35919827671185506,,0.4983476536682089,0.2200488997555012,
2010-03-26,0.4436221284273609,,0.5165125495376486,0.37073170731707317,
2010-03-27,0.5265303172653032,,0.6297029702970297,0.4233576642335766,
2010-03-28,0.48851730409611394,,0.6299472295514512,0.3470873786407767,
2010-03-29,0.4906403775771283,,0.6301911667765326,0.35108958837772397,
2010-03-30,0.4662933684672815,,0.5098814229249011,0.4227053140096618,
2010-03-31,0.5071837051960311,,0.5734035549703753,0.44096385542168676,
2010-04-01,0.6259235829959514,,0.5907894736842105,0.6610576923076923,
2010-04-02,0.46400039731528386,,0.4891518737672583,0.43884892086330934,
2010-04-03,0.44470571962099725,,0.5473061760840998,0.34210526315789475,
2010-04-04,0.35852724414976717,,0.5476034143138542,0.16945107398568018,
2010-04-05,0.3727596550431196,,0.5479002624671916,0.1976190476190476,
2010-04-06,0.3864506833846034,,0.5947540983606557,0.17814726840855108,
2010-04-07,0.3664615852863168,,0.5504587155963303,0.18246445497630331,
2010-04-08,0.35767996395844076,,0.535690897184021,0.17966903073286053,
2010-04-09,0.34637706213573055,,0.48756544502617805,0.20518867924528303,
2010-04-10,0.4422182895394914,,0.5879659908436887,0.2964705882352941,
2010-04-11,0.6661833747583541,,0.5882352941176471,0.744131455399061,
2010-04-12,0.6876947457463781,,0.5885042455911169,0.7868852459016393,
2010-04-13,0.6701123691466777,,0.524804177545692,0.8154205607476636,
2010-04-14,0.7463951573540615,,0.6373124592302675,0.8554778554778555,
2010-04-15,0.7692322852551469,,0.6245110821382007,0.913953488372093,
2010-04-16,0.7163720459200253,,0.460586319218241,0.9721577726218097,
2010-04-17,0.7128544560185186,,0.451171875,0.9745370370370371,
2010-04-18,0.7049792568529017,,0.4515289525048797,0.9584295612009238,
2010-04-19,0.7178782667058182,,0.45188556566970095,0.9838709677419355,
2010-04-20,0.7097779570253859,,0.437946718648473,0.9816091954022989,
2010-04-21,0.8107827951864649,,0.6422077922077922,0.9793577981651376,
2010-04-22,0.7783052699887292,,0.5794938351719663,0.977116704805492,
2010-04-23,0.8330845903736475,,0.6958495460440985,0.9703196347031964,
2010-04-24,0.8319111809228834,,0.6979909267660402,0.9658314350797267,
2010-04-25,0.8286387187941593,,0.6981865284974094,0.9590909090909091,
2010-04-26,0.6870594192369505,,0.6983818770226538,0.6757369614512472,
2010-04-27,0.6734808263040513,,0.7496765847347995,0.5972850678733032,
2010-04-28,0.48066672406069566,,0.4421460892049127,0.5191873589164786,
2010-04-29,0.4051085969690621,,0.3462532299741602,0.46396396396396394,
2010-04-30,0.442502955875846,,0.3996126533247256,0.4853932584269663,
2010-05-01,0.4021105164183423,,0.35354838709677416,0.45067264573991034,
2010-05-02,0.5091973569768801,,0.3539651837524178,0.6644295302013423,
2010-05-03,0.5097800073637702,,0.35438144329896903,0.6651785714285714,
2010-05-04,0.5022321908741899,,0.32517707662588535,0.6792873051224945,
2010-05-05,0.4203818103818104,,0.17631917631917637,0.6644444444444444,
2010-05-06,0.3710824819443751,,0.12797427652733118,0.614190687361419,
2010-05-07,0.3870117387446823,,0.07712082262210795,0.6969026548672567,
2010-05-08,0.382906506399214,,0.07707129094412335,0.6887417218543046,
2010-05-09,0.4011666374488924,,0.07766367137355579,0.724669603524229,
2010-05-10,0.37978698658621685,,0.07825529185375235,0.6813186813186813,
2010-05-11,0.2981950067476383,,0.12051282051282053,0.4758771929824561,
2010-05-12,0.1975372068345349,,0.10185778347213326,0.29321663019693656,
2010-05-13,0.17060620970763046,,0.0966709346991037,0.2445414847161572,
2010-05-14,0.12226571157360365,,0.07677543186180424,0.16775599128540306,
2010-05-15,0.1055626598465473,,0.052429667519181544,0.15869565217391304,
2010-05-16,0.05254794064854153,,0.053035143769968096,0.052060737527114966,
2010-05-17,0.047382693934418074,,0.05363984674329503,0.04112554112554113,
2010-05-18,0.04952992401322638,,0.0472239948947033,0.05183585313174946,
2010-05-19,0.04365323715693176,,0.07653061224489799,0.010775862068965518,
2010-05-20,0.015573922161228665,,0.020395156150414318,0.010752688172043012,
2010-05-21,0.014282004319182088,,0.017834394904458595,0.01072961373390558,
2010-05-22,0.03148065103992736,,0.045830681094844006,0.017130620985010708,
2010-05-23,0.036039342337052235,,0.04643765903307884,0.02564102564102564,
2010-05-24,0.04164559999024041,,0.04704386522568338,0.03624733475479744,
2010-05-25,0.03323690827002623,,0.026048284625158846,0.04042553191489362,
2010-05-26,0.2382974421190982,,0.015873015873015928,0.4607218683651805,
2010-05-27,0.3266744816312484,,0.024111675126903598,0.6292372881355932,
2010-05-28,0.39417847198295797,,0.07165504121750155,0.7167019027484144,
2010-05-29,0.3996125523415315,,0.05449936628643848,0.7447257383966245,
2010-05-30,0.4022859238025399,,0.055098163394553534,0.7494736842105263,
2010-05-31,0.38709179874481436,,0.05569620253164553,0.7184873949579832,
2010-06-01,0.3855890905763807,,0.05629348513598986,0.7148846960167715,
2010-06-02,0.3852678406127512,,0.034134007585335024,0.7364016736401674,
2010-06-03,0.3659036448064443,,0.05748578648136449,0.6743215031315241,
2010-06-04,0.38241792929292934,,0.0877525252525253,0.6770833333333334,
2010-06-05,0.36722653252621706,,0.08580441640378544,0.6486486486486487,
2010-06-06,0.2662194617843894,,0.08638083228247162,0.4460580912863071,
2010-06-07,0.24430641821946172,,0.08695652173913049,0.40165631469979296,
2010-06-08,0.2796880529591773,,0.12342569269521408,0.4359504132231405,
2010-06-09,0.30058845282969904,,0.12901195720578984,0.47216494845360824,
2010-06-10,0.31503222299868,,0.1012578616352201,0.5288065843621399,
2010-06-11,0.33033864770649074,,0.12884978001257075,0.5318275154004107,
2010-06-12,0.36655614136255044,,0.1306532663316583,0.6024590163934426,
2010-06-13,0.4173377391116811,,0.1311989956057753,0.7034764826175869,
2010-06-14,0.4342393670140578,,0.13174404015056462,0.736734693877551,
2010-06-15,0.4898607537556902,,0.18746081504702194,0.7922606924643585,
2010-06-16,0.5845941072192677,,0.34398496240601506,0.8252032520325203,
2010-06-17,0.6671954641118426,,0.5291170945522856,0.8052738336713996,
2010-06-18,0.6008421457996584,,0.4405506883604505,0.7611336032388664,
2010-06-19,0.7486838364887145,,0.7579737335834897,0.7393939393939394,
2010-06-20,0.7530544354838709,,0.7581249999999999,0.7479838709677419,
2010-06-21,0.7282326061302229,,0.7582760774515928,0.6981891348088531,
2010-06-22,0.7309688190966112,,0.8876404494382022,0.5742971887550201,
2010-06-23,0.5926688061087866,,0.7504678727386151,0.4348697394789579,
2010-06-24,0.5970648379052369,,0.7481296758104738,0.446,
2010-06-25,0.6689835282705617,,0.8728971962616823,0.46506986027944114,
2010-06-26,0.6208739140573447,,0.8592777085927771,0.38247011952191234,
2010-06-27,0.5549311474030738,,0.8593652769135034,0.2504970178926441,
2010-06-28,0.5457977967306326,,0.8594527363184079,0.23214285714285715,
2010-06-29,0.4660658794282163,,0.7321317588564326,0.2,
2010-06-30,0.39342179559570867,,0.484472049689441,0.30237154150197626,
2010-07-01,0.4949698632552092,,0.6033519553072626,0.3865877712031558,
2010-07-02,0.5757116898849183,,0.6730769230769231,0.47834645669291337,
2010-07-03,0.6504621706980489,,0.6800991940483572,0.6208251473477406,
2010-07-04,0.6656388949631897,,0.6802973977695168,0.6509803921568628,
2010-07-05,0.7091322181359927,,0.6804953560371517,0.7377690802348337,
2010-07-06,0.7280418471534653,,0.6806930693069306,0.775390625,
2010-07-07,0.8199882823942974,,0.8855905998763142,0.7543859649122807,
2010-07-08,0.7913670621846638,,0.9134734239802225,0.669260700389105,
2010-07-09,0.7553044250016492,,0.9339098208770846,0.5766990291262136,
2010-07-10,0.7157694516221649,,0.9024691358024691,0.5290697674418605,
2010-07-11,0.7588081717592001,,0.9025293028994448,0.6150870406189555,
2010-07-12,0.7852715318806565,,0.9025893958076449,0.667953667953668,
2010-07-13,0.8890390663119393,,0.8262476894639557,0.9518304431599229,
2010-07-14,0.9334691170898067,,0.8996305418719212,0.9673076923076923,
2010-07-15,0.9029304591761406,,0.8135384615384615,0.9923224568138196,
2010-07-16,0.9092159025038526,,0.8222632226322263,0.9961685823754789,
2010-07-17,0.8607185625927671,,0.7252612169637369,0.9961759082217974,
2010-07-18,0.8608065907684228,,0.7254299754299754,0.9961832061068703,
2010-07-19,0.8608945014469875,,0.725598526703499,0.9961904761904762,
2010-07-20,0.8390818540203877,,0.6895705521472393,0.9885931558935361,
2010-07-21,0.8173638831138159,,0.6499080318822807,0.9848197343453511,
2010-07-22,0.7418393493761142,,0.5177696078431373,0.9659090909090909,
2010-07-23,0.8302936712905029,,0.709736680955297,0.9508506616257089,
2010-07-24,0.8582503868270941,,0.7900856793145654,0.9264150943396227,
2010-07-25,0.8574422502116484,,0.7902140672782875,0.9246704331450094,
2010-07-26,0.8697952092946302,,0.7903422982885085,0.9492481203007519,
2010-07-27,0.9124278957182692,,0.8698839340256567,0.9549718574108818,
2010-07-28,0.9042268592830391,,0.8571428571428572,0.951310861423221,
2010-07-29,0.8908931249394147,,0.8303843807199511,0.9514018691588785,
2010-07-30,0.935465962868584,,0.9231707317073171,0.9477611940298507,
2010-07-31,0.9437136369361916,,0.9451553930530164,0.9422718808193669,
2010-08-01,0.9391371480061037,,0.9451887941534713,0.9330855018587361,
2010-08-02,0.9086036561473481,,0.9452221545952526,0.8719851576994434,
2010-08-03,0.8916193565828603,,0.9647201946472019,0.8185185185185185,
2010-08-04,0.8917978077296912,,0.964741641337386,0.8188539741219963,
2010-08-05,0.863354301829774,,0.9185905224787363,0.8081180811808119,
2010-08-06,0.8923138336234977,,0.9356405585913783,0.848987108655617,
2010-08-07,0.8828437321530553,,0.899878640776699,0.8658088235294118,
2010-08-08,0.8903366510701509,,0.8999393571861735,0.8807339449541285,
2010-08-09,0.8923076923076922,,0.9,0.8846153846153846,
2010-08-10,0.8806268872557432,,0.8782556026650514,0.8829981718464351,
2010-08-11,0.8291321291599654,,0.8516949152542372,0.8065693430656934,
2010-08-12,0.3750607440024595,,0.5916515426497277,0.15846994535519127,
2010-08-13,0.29754424535561175,,0.5259975816203144,0.06909090909090909,
2010-08-14,0.22508649475548437,,0.43202416918429,0.018148820326678767,
2010-08-15,0.22524154589371984,,0.43236714975845414,0.018115942028985508,
2010-08-16,0.22087565383746527,,0.4327097163548582,0.009041591320072333,
2010-08-17,0.32176451119830335,,0.6363088057901085,0.007220216606498195,
2010-08-18,0.37551439323591224,,0.7438215792646172,0.007207207207207207,
2010-08-19,0.3824781138944266,,0.7433734939759036,0.02158273381294964,
2010-08-20,0.33224885616482036,,0.6375677302829621,0.026929982046678635,
2010-08-21,0.22058538100229028,,0.3766546329723225,0.06451612903225806,
2010-08-22,0.23502636031828164,,0.3770294648226098,0.09302325581395349,
2010-08-23,0.26727335164835164,,0.37740384615384615,0.15714285714285714,
2010-08-24,0.24997029114676173,,0.3555555555555555,0.1443850267379679,
2010-08-25,0.17171352526775832,,0.2509003601440576,0.09252669039145907,
2010-08-26,0.14434360019647938,,0.20875824835032997,0.07992895204262877,
2010-08-27,0.18074263993060868,,0.27637889688249395,0.0851063829787234,
2010-08-28,0.16262347757387444,,0.2420611144397843,0.0831858407079646,
2010-08-29,0.16366031188506378,,0.2425149700598802,0.08480565371024736,
2010-08-30,0.16204851513050195,,0.24296828246558944,0.08112874779541446,
2010-08-31,0.13341111260866637,,0.17703349282296654,0.0897887323943662,
2010-09-01,0.1562598155130014,,0.13150029886431558,0.18101933216168717,
2010-09-02,0.2534710431993964,,0.1630824372759857,0.34385964912280703,
2010-09-03,0.20772616776014846,,0.17552238805970144,0.23992994746059546,
2010-09-04,0.2182665186841798,,0.2022673031026253,0.23426573426573427,
2010-09-05,0.19037673232242813,,0.20274299344066782,0.17801047120418848,
2010-09-06,0.19917003401261665,,0.2032181168057211,0.1951219512195122,
2010-09-07,0.19575938058368075,,0.2036926742108398,0.18782608695652173,
2010-09-08,0.16374007936507934,,0.16428571428571426,0.16319444444444445,
2010-09-09,0.16544940547685055,,0.19571683521713268,0.13518197573656845,
2010-09-10,0.23635357479356012,,0.3014268727705113,0.17128027681660898,
2010-09-11,0.300825998479153,,0.4272133095662507,0.17443868739205526,
2010-09-12,0.3086043082971578,,0.42755344418052255,0.1896551724137931,
2010-09-13,0.31893798168511267,,0.427893175074184,0.2099827882960413,
2010-09-14,0.457760086094092,,0.6749703440094899,0.24054982817869416,
2010-09-15,0.5728937155383566,,0.8061647895672792,0.33962264150943394,
2010-09-16,0.5315644679607869,,0.6812796208530806,0.3818493150684932,
2010-09-17,0.510749798849266,,0.5565423327412671,0.46495726495726497,
2010-09-18,0.553223135488822,,0.5313609467455621,0.5750853242320819,
2010-09-19,0.5894987694145879,,0.5316380839739798,0.6473594548551959,
2010-09-20,0.5975900998697351,,0.5319148936170213,0.6632653061224489,
2010-09-21,0.6858752257623271,,0.7011222681630243,0.6706281833616299,
2010-09-22,0.7803243751625878,,0.833530106257379,0.7271186440677966,
2010-09-23,0.8421679169848615,,0.9144542772861357,0.7698815566835872,
2010-09-24,0.851917070372259,,0.9251179245283019,0.7787162162162162,
2010-09-25,0.8759098736884156,,0.9693576900412493,0.7824620573355818,
2010-09-26,0.8752602586524848,,0.9693757361601885,0.7811447811447811,
2010-09-27,0.883856544383498,,0.9693937610359035,0.7983193277310925,
2010-09-28,0.8941354125542835,,0.9594117647058824,0.8288590604026845,
2010-09-29,0.9175802587304542,,0.9641387419165197,0.8710217755443886,
2010-09-30,0.9346922173009129,,0.9747356051703878,0.8946488294314381,
2010-10-01,0.9146620370415754,,0.9712272460364063,0.8580968280467446,
2010-10-02,0.9042018779342723,,0.9700704225352113,0.8383333333333334,
2010-10-03,0.9151604608155518,,0.9700879765395894,0.8602329450915142,
2010-10-04,0.9136241835538436,,0.97010550996483,0.8571428571428571,
2010-10-05,0.8986773805256086,,0.9648506151142355,0.8325041459369817,
2010-10-06,0.8616250756083565,,0.9666276346604216,0.7566225165562914,
2010-10-07,0.8494180057933449,,0.9847864248098304,0.7140495867768595,
2010-10-08,0.8653667998378785,,0.9766081871345029,0.7541254125412541,
2010-10-09,0.8719796413746886,,0.9795441262419637,0.7644151565074135,
2010-10-10,0.8672451426463355,,0.9795560747663551,0.7549342105263158,
2010-10-11,0.8641682411233713,,0.9795680093403386,0.7487684729064039,
2010-10-12,0.855363735485969,,0.9795799299883314,0.7311475409836066,
2010-10-13,0.8384710816755976,,0.9731778425655977,0.7037643207855974,
2010-10-14,0.8330648110059875,,0.9667832167832168,0.6993464052287581,
2010-10-15,0.8029664016204903,,0.9615608619685498,0.6443719412724307,
2010-10-16,0.7662164929298139,,0.9656577415599534,0.5667752442996743,
2010-10-17,0.7682047134607471,,0.9656777196044212,0.5707317073170731,
2010-10-18,0.7320371488976141,,0.9656976744186047,0.49837662337662336,
2010-10-19,0.7405418055350204,,0.9575828006972691,0.5235008103727715,
2010-10-20,0.7866050990606994,,0.9146341463414634,0.6585760517799353,
2010-10-21,0.8141269360556642,,0.930354033662217,0.6978998384491115,
2010-10-22,0.7900699797919317,,0.9269141531322506,0.6532258064516129,
2010-10-23,0.7425764895330113,,0.8394202898550724,0.6457326892109501,
2010-10-24,0.708341871807387,,0.839513325608343,0.5771704180064309,
2010-10-25,0.7311995955093358,,0.8396062536189924,0.622792937399679,
2010-10-26,0.7104923433048433,,0.8825231481481481,0.5384615384615384,
2010-10-27,0.6270639676113361,,0.7773279352226721,0.4768,
2010-10-28,0.47828861105468246,,0.6179190751445087,0.33865814696485624,
2010-10-29,0.49488361679367787,,0.7250144425187752,0.2647527910685805,
2010-10-30,0.47246841029111075,,0.7188221709006928,0.22611464968152867,
2010-10-31,0.4850883944601062,,0.7189844200807848,0.25119236883942764,
2010-11-01,0.4635414950293843,,0.7191464821222606,0.20793650793650795,
2010-11-02,0.48435217873829106,,0.7769452449567723,0.19175911251980982,
2010-11-03,0.44547701685819285,,0.7390552995391705,0.1518987341772152,
2010-11-04,0.45106914738326964,,0.7725964306275187,0.12954186413902052,
2010-11-05,0.4993783419790687,,0.8331415420023015,0.16561514195583596,
2010-11-06,0.4553109987186047,,0.6791259344450834,0.231496062992126,
2010-11-07,0.44578724788549123,,0.6793103448275862,0.21226415094339623,
2010-11-08,0.45905653384934586,,0.6794945433658817,0.23861852433281006,
2010-11-09,0.568002764091287,,0.629735935706085,0.5062695924764891,
2010-11-10,0.5534505560807954,,0.5685599541021228,0.5383411580594679,
2010-11-11,0.5434274655963303,,0.4759174311926605,0.6109375,
2010-11-12,0.5438811134107255,,0.47621776504297997,0.6115444617784711,
2010-11-13,0.3914447977218957,,0.30469644902634596,0.4781931464174455,
2010-11-14,0.3959375815105388,,0.3050944476244991,0.4867807153965785,
2010-11-15,0.4470006538084341,,0.3054919908466819,0.5885093167701864,
2010-11-16,0.5187881447205712,,0.20811892510005714,0.8294573643410853,
2010-11-17,0.5375497567448032,,0.15714285714285714,0.9179566563467493,
2010-11-18,0.5463184208273126,,0.1884637350085665,0.9041731066460588,
2010-11-19,0.6054561982073398,,0.36986301369863017,0.8410493827160493,
2010-11-20,0.5548441280938599,,0.2760981175128352,0.8335901386748844,
2010-11-21,0.5490246469607929,,0.27651083238312424,0.8215384615384616,
2010-11-22,0.5363110008271299,,0.27692307692307694,0.7956989247311828,
2010-11-23,0.3800571572312982,,0.2739179954441914,0.48619631901840493,
2010-11-24,0.1538780341334291,,0.1974957313602732,0.11026033690658499,
2010-11-25,0.156905261400048,,0.17007963594994313,0.1437308868501529,
2010-11-26,0.19138259507266883,,0.1705514496873224,0.21221374045801528,
2010-11-27,0.24232261640798228,,0.1431818181818182,0.34146341463414637,
2010-11-28,0.24458913184963918,,0.14366837024417944,0.3455098934550989,
2010-11-29,0.248368978330096,,0.14415437003405218,0.3525835866261398,
2010-11-30,0.30797061843646634,,0.16222348269994324,0.4537177541729894,
2010-12-01,0.3244846423417852,,0.1201814058956916,0.5287878787878788,
2010-12-02,0.3697076710109586,,0.1388101983002833,0.6006051437216339,
2010-12-03,0.4177344469040931,,0.17836919592298983,0.6570996978851964,
2010-12-04,0.4379281293293078,,0.18053197509903796,0.6953242835595776,
2010-12-05,0.4572146050264406,,0.1809954751131222,0.733433734939759,
2010-12-06,0.45689463908499345,,0.18145845110231773,0.7323308270676692,
2010-12-07,0.44970733445309713,,0.17118644067796607,0.7282282282282282,
2010-12-08,0.42856169317938436,,0.11349520045172223,0.7436281859070465,
2010-12-09,0.3219559751828172,,0.10948081264108356,0.5344311377245509,
2010-12-10,0.3223287023337102,,0.12746756909193457,0.5171898355754858,
2010-12-11,0.2944934291339245,,0.1307779030439684,0.4582089552238806,
2010-12-12,0.3271837283012531,,0.1312676056338028,0.5230998509687034,
2010-12-13,0.40293194980694985,,0.1317567567567568,0.6741071428571429,
2010-12-14,0.48551869228820294,,0.20877884074282493,0.7622585438335809,
2010-12-15,0.5037258881215516,,0.2789651293588301,0.728486646884273,
2010-12-16,0.28639935044656795,,0.2557616638560989,0.31703703703703706,
2010-12-17,0.23523868093876737,,0.34325842696629216,0.12721893491124261,
2010-12-18,0.20035297913226516,,0.26333520494104434,0.13737075332348597,
2010-12-19,0.19234627494214515,,0.26374859708193044,0.12094395280235988,
2010-12-20,0.18804541666219252,,0.2641615255187886,0.11192930780559647,
2010-12-21,0.1539798206278027,,0.2079596412556054,0.1,
2010-12-22,0.1694961685114575,,0.23473389355742302,0.10425844346549193,
2010-12-23,0.3519192940859668,,0.2463605823068309,0.4574780058651026,
2010-12-24,0.622127763471501,,0.43312814773363173,0.8111273792093704,
2010-12-25,0.6078044664233291,,0.43344519015659955,0.7821637426900585,
2010-12-26,0.6015524719188227,,0.43376187814421463,0.7693430656934307,
2010-12-27,0.5719953743668258,,0.4340782122905028,0.7099125364431487,
2010-12-28,0.5403704597709558,,0.41261864879955334,0.6681222707423581,
2010-12-29,0.6694027720099667,,0.6702008928571428,0.6686046511627907,
2010-12-30,0.7078025574379319,,0.8031232571109872,0.6124818577648766,
2010-12-31,0.7115942028985507,,0.8405797101449275,0.5826086956521739,
2011-01-01,0.696021671389815,,0.8406685236768803,0.5513748191027497,
2011-01-02,0.7144537636623454,,0.8407572383073496,0.588150289017341,
2011-01-03,0.7393262460040424,,0.8408458542014469,0.6378066378066378,
2011-01-04,0.7660865579109675,,0.8520578420467186,0.6801152737752162,
2011-01-05,0.6933932120562583,,0.6903835464146748,0.6964028776978417,
2011-01-06,0.6162260536398467,,0.4838888888888889,0.7485632183908046,
2011-01-07,0.5765233247590013,,0.4242087729039422,0.7288378766140603,
2011-01-08,0.5910115789841914,,0.40122086570477244,0.7808022922636103,
2011-01-09,0.5963415766283662,,0.40155296727676093,0.7911301859799714,
2011-01-10,0.6116566360468799,,0.40188470066518844,0.8214285714285714,
2011-01-11,0.6432381915822667,,0.4847645429362881,0.8017118402282454,
2011-01-12,0.67757049152398,,0.5730897009966778,0.782051282051282,
2011-01-13,0.6763629035495753,,0.6784726065301605,0.6742532005689901,
2011-01-14,0.7131184633950121,,0.7046460176991151,0.7215909090909091,
2011-01-15,0.6818049233736754,,0.6373687119955777,0.7262411347517731,
2011-01-16,0.6778496861941058,,0.6375690607734807,0.7181303116147308,
2011-01-17,0.6760274512897373,,0.6377691882937604,0.7142857142857143,
2011-01-18,0.6798602536760578,,0.6379690949227372,0.7217514124293786,
2011-01-19,0.749563760242785,,0.7727523441809157,0.7263751763046544,
2011-01-20,0.8039310837461373,,0.8472987872105844,0.7605633802816901,
2011-01-21,0.7752228847740931,,0.8022038567493113,0.7482419127988749,
2011-01-22,0.8111511904172648,,0.8694933920704846,0.7528089887640449,
2011-01-23,0.8316970546984572,,0.8695652173913043,0.7938288920056101,
2011-01-24,0.8402806667221344,,0.8696369636963697,0.8109243697478992,
2011-01-25,0.8478177127984714,,0.8746564046179219,0.820979020979021,
2011-01-26,0.8361869973601816,,0.8483516483516483,0.8240223463687151,
2011-01-27,0.8528740702956443,,0.8577704557935201,0.8479776847977685,
2011-01-28,0.845208210390492,,0.8408342480790341,0.8495821727019499,
2011-01-29,0.7983477997493014,,0.7427317608337904,0.8539638386648123,
2011-01-30,0.7943530701754387,,0.7428728070175439,0.8458333333333333,
2011-01-31,0.8181087910626413,,0.743013698630137,0.8932038834951457,
2011-02-01,0.8075740382835801,,0.7217962760131436,0.8933518005540166,
2011-02-02,0.8475949735071211,,0.7920087575259989,0.9031811894882434,
2011-02-03,0.780063348525696,,0.6761487964989059,0.8839779005524862,
2011-02-04,0.7917444995380931,,0.7227993439037725,0.8606896551724138,
2011-02-05,0.7871358894458745,,0.746448087431694,0.8278236914600551,
2011-02-06,0.7770071750691325,,0.7465865647187329,0.8074277854195323,
2011-02-07,0.7064668410192427,,0.7467248908296944,0.6662087912087912,
2011-02-08,0.7050092160415249,,0.8325150027277687,0.5775034293552812,
2011-02-09,0.6777266548154345,,0.866412213740458,0.48904109589041095,
2011-02-10,0.6939059255918323,,0.8365122615803815,0.5512995896032832,
2011-02-11,0.7195346262366513,,0.7505446623093682,0.6885245901639344,
2011-02-12,0.6928982169605971,,0.5617855198693522,0.8240109140518418,
2011-02-13,0.7033552937827814,,0.5620239390642002,0.8446866485013624,
2011-02-14,0.7226276481228707,,0.5622620989668299,0.8829931972789116,
2011-02-15,0.6668478260869565,,0.4070652173913043,0.9266304347826086,
2011-02-16,0.6821292038646332,,0.4307441607821836,0.9335142469470827,
2011-02-17,0.6785263455240416,,0.42073832790445165,0.9363143631436315,
2011-02-18,0.7039571887043614,,0.4715138361367336,0.9364005412719891,
2011-02-19,0.8078692032596588,,0.6860086767895879,0.9297297297297298,
2011-02-20,0.8086764754287219,,0.6861788617886179,0.9311740890688259,
2011-02-21,0.8061124365934358,,0.6863488624052004,0.9258760107816711,
2011-02-22,0.7948071187426266,,0.6865186789388197,0.9030955585464334,
2011-02-23,0.6764942047200111,,0.4632034632034632,0.8897849462365591,
2011-02-24,0.6506524477225128,,0.4207679826933478,0.8805369127516779,
2011-02-25,0.7130403593942468,,0.5427027027027027,0.8833780160857909,
2011-02-26,0.6841162597445427,,0.495407887628309,0.8728246318607764,
2011-02-27,0.6890166433744124,,0.4956803455723542,0.8823529411764706,
2011-02-28,0.6985770557901632,,0.4959525094441446,0.9012016021361816,
2011-03-01,0.7525738942826321,,0.6024811218985977,0.9026666666666666,
2011-03-02,0.7897078827511207,,0.7045822102425876,0.8748335552596538,
2011-03-03,0.782648569332355,,0.6982758620689655,0.8670212765957447,
2011-03-04,0.7151812781185436,,0.5551965535810447,0.8751660026560425,
2011-03-05,0.7336444595455025,,0.5866523143164692,0.8806366047745358,
2011-03-06,0.7364836895147644,,0.5868746637977407,0.8860927152317881,
2011-03-07,0.7412997098480969,,0.5870967741935484,0.8955026455026455,
2011-03-08,0.7764969189587848,,0.6362170875873187,0.916776750330251,
2011-03-09,0.7869818250866518,,0.6412459720730397,0.9327176781002638,
2011-03-10,0.804738203288928,,0.6661298980139561,0.9433465085638999,
2011-03-11,0.6949881409532415,,0.4570815450643777,0.9328947368421052,
2011-03-12,0.7783933937636734,,0.6343163538873995,0.9224704336399474,
2011-03-13,0.7306419896869805,,0.6345123258306538,0.8267716535433071,
2011-03-14,0.6790840570268883,,0.6347080878414568,0.7234600262123198,
2011-03-15,0.680064912497057,,0.734475374732334,0.6256544502617801,
2011-03-16,0.6149602912325979,,0.7292669876939539,0.5006535947712418,
2011-03-17,0.5196660197428129,,0.6737967914438503,0.36553524804177545,
2011-03-18,0.5198148923701289,,0.7632282202031,0.27640156453715775,
2011-03-19,0.500801282051282,,0.7516025641025641,0.25,
2011-03-20,0.4948532878069507,,0.7517351841964762,0.23797139141742524,
2011-03-21,0.5558039612468642,,0.7518676627534685,0.35974025974025975,
2011-03-22,0.609687159533074,,0.7589333333333333,0.4604409857328145,
2011-03-23,0.6124305379100058,,0.7404051172707888,0.4844559585492228,
2011-03-24,0.6858867574457879,,0.7378795950985615,0.6338939197930142,
2011-03-25,0.7293116543246567,,0.7971246006389776,0.661498708010336,
2011-03-26,0.6883060653401776,,0.7211282597126131,0.655483870967742,
2011-03-27,0.7072877824084229,,0.7212765957446808,0.6932989690721649,
2011-03-28,0.7120637383795279,,0.7214247740563531,0.7027027027027027,
2011-03-29,0.6847416602695268,,0.6689691817215728,0.7005141388174807,
2011-03-30,0.6272673478055462,,0.5613382899628252,0.693196405648267,
2011-03-31,0.6073166748325984,,0.583864118895966,0.6307692307692307,
2011-04-01,0.5982176153132928,,0.6228116710875331,0.5736235595390525,
2011-04-02,0.6139354999688105,,0.6664899257688229,0.5613810741687979,
2011-04-03,0.5606641123882503,,0.6666666666666667,0.454661558109834,
2011-04-04,0.5381409979245936,,0.6668432203389831,0.4094387755102041,
2011-04-05,0.49325157718335794,,0.6056114346214929,0.38089171974522296,
2011-04-06,0.518302435478008,,0.6523809523809524,0.3842239185750636,
2011-04-07,0.5638381365083184,,0.7477525118984665,0.3799237611181703,
2011-04-08,0.5612396840557624,,0.7087737843551797,0.4137055837563452,
2011-04-09,0.6483723303184235,,0.8594823032223983,0.4372623574144487,
2011-04-10,0.6949681205138145,,0.8595564941921858,0.5303797468354431,
2011-04-11,0.7022552528611791,,0.8596306068601584,0.5448798988621998,
2011-04-12,0.6853583301368111,,0.8454641350210971,0.5252525252525253,
2011-04-13,0.662612567397517,,0.7691091196626252,0.5561160151324086,
2011-04-14,0.7238661669581927,,0.8419388830347734,0.6057934508816121,
2011-04-15,0.7904875455800968,,0.8778304370721433,0.7031446540880503,
2011-04-16,0.7850859560962709,,0.851578947368421,0.7185929648241206,
2011-04-17,0.7997306443085822,,0.8516570226196738,0.7478042659974906,
2011-04-18,0.8024339239265357,,0.8517350157728707,0.7531328320802005,
2011-04-19,0.7469061103047228,,0.7078297425118234,0.785982478097622,
2011-04-20,0.7592226890756303,,0.7384453781512605,0.78,
2011-04-21,0.7871587680753389,,0.831496062992126,0.7428214731585518,
2011-04-22,0.794229012986945,,0.9076600209863589,0.6807980049875312,
2011-04-23,0.7168137836547661,,0.8557944415312009,0.5778331257783312,
2011-04-24,0.6947260552582997,,0.8558700209643606,0.5335820895522388,
2011-04-25,0.6807677916635486,,0.855945521215296,0.5055900621118012,
2011-04-26,0.6530140438855183,,0.868062827225131,0.43796526054590573,
2011-04-27,0.6550104170922015,,0.9010989010989011,0.40892193308550184,
2011-04-28,0.683266705331621,,0.9110878661087867,0.45544554455445546,
2011-04-29,0.711386602757659,,0.9320439100888657,0.4907292954264524,
2011-04-30,0.7930105654243585,,0.9341692789968652,0.6518518518518519,
2011-05-01,0.8240685354444276,,0.9342036553524804,0.7139334155363748,
2011-05-02,0.8513554511142878,,0.9342379958246346,0.7684729064039408,
2011-05-03,0.863183749208384,,0.9207094418362024,0.8056580565805658,
2011-05-04,0.8680129793268478,,0.9129301355578727,0.8230958230958231,
2011-05-05,0.8475605584452537,,0.8718082334549244,0.8233128834355828,
2011-05-06,0.766498161764706,,0.6984375,0.8345588235294118,
2011-05-07,0.7756822901169003,,0.7214992191566892,0.8298653610771114,
2011-05-08,0.7764699821141894,,0.7216441207075963,0.8312958435207825,
2011-05-09,0.7687088435918389,,0.7217888715548622,0.8156288156288156,
2011-05-10,0.6486917499112621,,0.4693347193347194,0.8280487804878048,
2011-05-11,0.6749349067497666,,0.5106493506493506,0.8392204628501827,
2011-05-12,0.7183963587026552,,0.5706126687435098,0.8661800486618005,
2011-05-13,0.6371152787560036,,0.40788790866632074,0.8663426488456865,
2011-05-14,0.5913744309712767,,0.3065352697095436,0.8762135922330098,
2011-05-15,0.5698110184268816,,0.3068947641264904,0.8327272727272728,
2011-05-16,0.5767504296879901,,0.30725388601036274,0.8462469733656174,
2011-05-17,0.5872996242181125,,0.3112377006732263,0.8633615477629988,
2011-05-18,0.614648033126294,,0.34886128364389235,0.8804347826086957,
2011-05-19,0.6189314284252245,,0.3295395757889291,0.9083232810615199,
2011-05-20,0.5675390289181546,,0.22543950361944154,0.9096385542168675,
2011-05-21,0.5434155169357924,,0.17467700258397933,0.9121540312876053,
2011-05-22,0.5526958836617928,,0.175103305785124,0.9302884615384616,
2011-05-23,0.5547513791267669,,0.17552916881775937,0.9339735894357744,
2011-05-24,0.5326413791567365,,0.13003095975232193,0.935251798561151,
2011-05-25,0.5484594503617829,,0.16039195461578137,0.9365269461077844,
2011-05-26,0.5455186701524195,,0.1484536082474227,0.9425837320574163,
2011-05-27,0.5537246624896821,,0.15404430705821737,0.953405017921147,
2011-05-28,0.5550615830443235,,0.174562306900103,0.9355608591885441,
2011-05-29,0.5499488705827649,,0.17498713329902216,0.9249106078665077,
2011-05-30,0.5448486184597295,,0.17541152263374482,0.9142857142857143,
2011-05-31,0.532031887610844,,0.17583547557840618,0.8882282996432818,
2011-06-01,0.5202107740343185,,0.18293936279547796,0.8574821852731591,
2011-06-02,0.5061541892171001,,0.1771956856702619,0.8351126927639383,
2011-06-03,0.5057137226660957,,0.16427104722792607,0.8471563981042654,
2011-06-04,0.5875250849320393,,0.27090815802975887,0.9041420118343195,
2011-06-05,0.5954519003455174,,0.2712820512820513,0.9196217494089834,
2011-06-06,0.601589291841377,,0.2716555612506407,0.9315230224321134,
2011-06-07,0.6750067661614599,,0.39600409836065575,0.9540094339622641,
2011-06-08,0.6812306517652466,,0.40604198668714797,0.9564193168433451,
2011-06-09,0.7085820940453971,,0.45598771750255884,0.9611764705882353,
2011-06-10,0.6818621690744453,,0.3989769820971867,0.9647473560517039,
2011-06-11,0.6417235519456206,,0.31748466257668717,0.965962441314554,
2011-06-12,0.6430902145243484,,0.3178334184977005,0.9683470105509965,
2011-06-13,0.6444539067489887,,0.31818181818181823,0.9707259953161592,
2011-06-14,0.6793145446566902,,0.39254721796835124,0.9660818713450292,
2011-06-15,0.8063894716765211,,0.6408163265306123,0.9719626168224299,
2011-06-16,0.6728486704268831,,0.3865374808771035,0.9591598599766628,
2011-06-17,0.6634891611955832,,0.373598369011213,0.9533799533799534,
2011-06-18,0.6749567226519482,,0.40346408558329083,0.9464493597206054,
2011-06-19,0.6728141429451049,,0.4037678207739308,0.9418604651162791,
2011-06-20,0.6706767383922476,,0.40407124681933837,0.9372822299651568,
2011-06-21,0.6657870574712101,,0.40233977619532046,0.9292343387470998,
2011-06-22,0.7185799174207566,,0.5205897305541434,0.9165701042873696,
2011-06-23,0.8219427506775068,,0.7306910569105691,0.9131944444444444,
2011-06-24,0.6677718509733235,,0.4372778059928898,0.8982658959537573,
2011-06-25,0.6523962204429021,,0.41218274111675124,0.8926096997690531,
2011-06-26,0.6451101525756691,,0.4124809741248098,0.8777393310265282,
2011-06-27,0.6418733233003991,,0.4127789046653144,0.8709677419354839,
2011-06-28,0.6367474134416464,,0.3943233654333502,0.8791714614499425,
2011-06-29,0.6002917234391922,,0.32472137791286726,0.8758620689655172,
2011-06-30,0.605932654158613,,0.34734177215189876,0.8645235361653272,
2011-07-01,0.6328139508970025,,0.417004048582996,0.8486238532110092,
2011-07-02,0.7088232891308467,,0.5402124430955995,0.8774341351660939,
2011-07-03,0.7158746208291203,,0.5404448938321538,0.8913043478260869,
2011-07-04,0.6909099833970982,,0.5406771096513391,0.8411428571428572,
2011-07-05,0.6528746367787464,,0.5409090909090909,0.7648401826484018,
2011-07-06,0.5597402806709348,,0.3851590106007067,0.734321550741163,
2011-07-07,0.5187519107043115,,0.33249243188698285,0.7050113895216401,
2011-07-08,0.5143842111875859,,0.3530005042864347,0.6757679180887372,
2011-07-09,0.4765762463343109,,0.3770161290322581,0.5761363636363637,
2011-07-10,0.4156797433646789,,0.3773299748110831,0.4540295119182747,
2011-07-11,0.4155791218803735,,0.377643504531722,0.45351473922902497,
2011-07-12,0.3553998498735552,,0.27478610971313533,0.4360135900339751,
2011-07-13,0.3667297905077524,,0.35110663983903423,0.38235294117647056,
2011-07-14,0.45178396434627743,,0.5465057817998995,0.35706214689265536,
2011-07-15,0.3814881404766496,,0.4266331658291457,0.3363431151241535,
2011-07-16,0.49997593454649636,,0.6639879457559015,0.3359639233370913,
2011-07-17,0.4959296646043634,,0.6641566265060241,0.3277027027027027,
2011-07-18,0.4699578445820213,,0.6643251379829402,0.2755905511811024,
2011-07-19,0.46122186785074326,,0.6404212637913741,0.28202247191011237,
2011-07-20,0.47627823768174643,,0.6551378446115288,0.29741863075196406,
2011-07-21,0.4802081741959255,,0.68687374749499,0.273542600896861,
2011-07-22,0.5015653379285053,,0.7175763645468203,0.2855543113101904,
2011-07-23,0.4956315375778463,,0.6981981981981982,0.2930648769574944,
2011-07-24,0.5050405090813563,,0.6983491745872936,0.311731843575419,
2011-07-25,0.5060580357142858,,0.6985,0.31361607142857145,
2011-07-26,0.592223119209626,,0.8555722138930535,0.32887402452619846,
2011-07-27,0.6213702778290752,,0.9030969030969032,0.33964365256124723,
2011-07-28,0.578782826872039,,0.8716924613080379,0.28587319243604004,
2011-07-29,0.5509048569527611,,0.8173652694610778,0.28444444444444444,
2011-07-30,0.5133929881179404,,0.7326683291770574,0.29411764705882354,
2011-07-31,0.501655786520704,,0.732801595214357,0.270509977827051,
2011-08-01,0.4938206311133624,,0.7329347284504235,0.2547065337763012,
2011-08-02,0.35630927616965763,,0.5179282868525896,0.19469026548672566,
2011-08-03,0.3334547024577248,,0.47685415629666505,0.19005524861878453,
2011-08-04,0.34229514678264306,,0.4925373134328358,0.19205298013245034,
2011-08-05,0.24711166862301445,,0.32222774738935855,0.17199558985667035,
2011-08-06,0.19703475184137467,,0.23658051689860837,0.15748898678414097,
2011-08-07,0.19933796658354358,,0.23695976154992549,0.1617161716171617,
2011-08-08,0.19998799611510631,,0.23733862959285001,0.16263736263736264,
2011-08-09,0.23465910174242033,,0.25856079404466503,0.21075740944017562,
2011-08-10,0.25223214285714285,,0.3169642857142857,0.1875,
2011-08-11,0.2591360619835451,,0.3331680713931582,0.1851040525739321,
2011-08-12,0.20037550448588526,,0.21803766105054512,0.18271334792122537,
2011-08-13,0.1939898829967765,,0.2327885091629519,0.1551912568306011,
2011-08-14,0.18426974793549222,,0.23316831683168315,0.13537117903930132,
2011-08-15,0.18929295828910941,,0.2335477486392875,0.1450381679389313,
2011-08-16,0.2239095440352204,,0.3269040553907022,0.12091503267973856,
2011-08-17,0.28847013426121904,,0.45180425111220957,0.1251360174102285,
2011-08-18,0.24061264822134387,,0.35622529644268774,0.125,
2011-08-19,0.16430771705473116,,0.2004938271604938,0.1281216069489685,
2011-08-20,0.16955339801667263,,0.18509378084896344,0.1540130151843818,
2011-08-21,0.17888008098685088,,0.18549580661075482,0.1722643553629469,
2011-08-22,0.1843989343989344,,0.1858974358974359,0.1829004329004329,
2011-08-23,0.16468173517458878,,0.15771315919172002,0.22918918918918918,0.10714285714285714
2011-08-24,0.17345350478446642,,0.16995073891625612,0.2408207343412527,0.1095890410958904
2011-08-25,0.16197124839798757,,0.11225997045790248,0.2588996763754045,0.11475409836065574
2011-08-26,0.23451090917027273,,0.1220472440944882,0.28448275862068967,0.2970027247956403
2011-08-27,0.2747841129468173,,0.15543531726512538,0.2884822389666308,0.3804347826086957
2011-08-28,0.2710485863065882,,0.15585054080629301,0.2860215053763441,0.3712737127371274
2011-08-29,0.27798040204055247,,0.15626535626535631,0.2749731471535983,0.4027027027027027
2011-08-30,0.27172629308155344,,0.16944990176817287,0.24141630901287553,0.40431266846361186
2011-08-31,0.2538860439134933,,0.1924398625429553,0.2090032154340836,0.3602150537634409
2011-09-01,0.2711608203183701,,0.22718351324828268,0.1841541755888651,0.40214477211796246
2011-09-02,0.19911476650939477,,0.21873467385973522,0.15935828877005348,0.2192513368983957
2011-09-03,0.19095491871962464,,0.3294117647058824,0.1581196581196581,0.08533333333333333
2011-09-04,0.18471551050153212,,0.32974032337089665,0.1472785485592316,0.07712765957446809
2011-09-05,0.1799281582629526,,0.3300685602350637,0.1460554371002132,0.0636604774535809
2011-09-06,0.16650756640341588,,0.3303964757709251,0.13738019169329074,0.031746031746031744
2011-09-07,0.14927078550963366,,0.18150684931506844,0.17659574468085107,0.08970976253298153
2011-09-08,0.16476041312393697,,0.22004889975550124,0.1689691817215728,0.10526315789473684
2011-09-09,0.1630960254779031,,0.22825024437927666,0.15605095541401273,0.10498687664041995
2011-09-10,0.17144648955396727,,0.12066438690766979,0.1633085896076352,0.23036649214659685
2011-09-11,0.1914484292715847,,0.12109375,0.1843220338983051,0.2689295039164491
2011-09-12,0.2239814403270662,,0.12152269399707172,0.19365079365079366,0.3567708333333333
2011-09-13,0.22805248825668567,,0.10146341463414632,0.17230443974630022,0.4103896103896104
2011-09-14,0.20535590668436368,,0.08971233544612389,0.1351636747624076,0.3911917098445596
2011-09-15,0.19802488837473264,,0.05847953216374269,0.16350210970464135,0.37209302325581395
2011-09-16,0.2507480005972332,,0.0803701899659035,0.17702845100105374,0.4948453608247423
2011-09-17,0.19155067978981424,,0.06669912366114894,0.13263157894736843,0.37532133676092544
2011-09-18,0.2041795696404368,,0.06715328467153281,0.11461619348054679,0.4307692307692308
2011-09-19,0.164920882919231,,0.06760700389105057,0.09978991596638656,0.3273657289002558
2011-09-20,0.16272101575187325,,0.056392805055906714,0.09758656873032528,0.33418367346938777
2011-09-21,0.22229754206756444,,0.045675413022351785,0.11740041928721175,0.5038167938931297
2011-09-22,0.2249424332627337,,0.039339485186983936,0.11518324607329843,0.5203045685279187
2011-09-23,0.20901801249145344,,0.011165048543689271,0.11715481171548117,0.49873417721518987
2011-09-24,0.2241384380369473,,0.013585638039786518,0.12852664576802508,0.5303030303030303
2011-09-25,0.21640987886378735,,0.014064015518913675,0.15657620041753653,0.47858942065491183
2011-09-26,0.19958184442554203,,0.014541929229277772,0.20229405630865485,0.38190954773869346
2011-09-27,0.19795236638106894,,0.015019379844961267,0.21041666666666667,0.3684210526315789
2011-09-28,0.1457089883167504,,0.02130750605326881,0.2133194588969823,0.2025
2011-09-29,0.14027144046480988,,0.01694094869312679,0.21933471933471935,0.18453865336658354
2011-09-30,0.13218222766803264,,0.01596516690856309,0.21391484942886813,0.16666666666666666
2011-10-01,0.11352629828110909,,0.009671179883945835,0.20435684647302904,0.12655086848635236
2011-10-02,0.13536569798541573,,0.010149830836152729,0.19792746113989637,0.19801980198019803
2011-10-03,0.1810418423944994,,0.010628019323671523,0.16459627329192547,0.36790123456790125
2011-10-04,0.17543538851984888,,0.00917431192660545,0.17476732161323683,0.34236453201970446
2011-10-05,0.16131125222034312,,0.007722007722007707,0.1322314049586777,0.343980343980344
2011-10-06,0.1436419999233349,,0.021225277375783835,0.13519091847265222,0.27450980392156865
2011-10-07,0.12559273637039048,,0.022179363548698205,0.14432989690721648,0.21026894865525672
2011-10-08,0.15068345119444396,,0.05253012048192773,0.14830072090628219,0.25121951219512195
2011-10-09,0.14318909002872957,,0.05298651252408482,0.14300411522633744,0.23357664233576642
2011-10-10,0.1052302138624549,,0.053442465093885394,0.13360739979445016,0.12864077669902912
2011-10-11,0.09960847139295748,,0.05389797882579406,0.12628336755646818,0.11864406779661017
2011-10-12,0.11666542796977582,,0.11111111111111116,0.13743589743589743,0.10144927536231885
2011-10-13,0.1538922398294312,,0.18653846153846154,0.16188524590163936,0.11325301204819277
2011-10-14,0.14207935523799567,,0.1566554541086016,0.15660184237461616,0.11298076923076923
2011-10-15,0.16485672514657074,,0.2334293948126801,0.18200408997955012,0.07913669064748201
2011-10-16,0.1690476422144429,,0.2337974075852136,0.19918283963227784,0.07416267942583732
2011-10-17,0.19265651931618596,,0.23416506717850283,0.2316326530612245,0.11217183770883055
2011-10-18,0.22679471102017468,,0.17793764988009597,0.2691131498470948,0.23333333333333334
2011-10-19,0.2731647324119082,,0.14956855225311605,0.2708757637474542,0.3990498812351544
2011-10-20,0.3266910754975136,,0.3124101581217058,0.25534079348931843,0.41232227488151657
2011-10-21,0.21285079077252012,,0.17768199233716475,0.18191056910569106,0.2789598108747045
2011-10-22,0.280401645041052,,0.41981809478219245,0.12893401015228426,0.29245283018867924
2011-10-23,0.3102279763580073,,0.4200956937799043,0.11764705882352941,0.39294117647058824
2011-10-24,0.3013493758355186,,0.4203730272596844,0.11043566362715299,0.3732394366197183
2011-10-25,0.4157929946351923,,0.9134799235181644,0.08097165991902834,0.2529274004683841
2011-10-26,0.42407892451833745,,0.860965121834687,0.07482305358948432,0.3364485981308411
2011-10-27,0.40431372723636333,,0.8514804202483286,0.07474747474747474,0.2867132867132867
2011-10-28,0.48272244132550296,,0.9059665871121718,0.08173562058526741,0.4604651162790698
2011-10-29,0.5133942608210101,,0.9303435114503816,0.09475806451612903,0.5150812064965197
2011-10-30,0.5253264266172218,,0.9303767286599904,0.11782477341389729,0.5277777777777778
2011-10-31,0.5353718058104064,,0.9304099142040039,0.12374245472837023,0.5519630484988453
2011-11-01,0.5223330422991146,,0.8985231062410671,0.14773869346733667,0.5207373271889401
2011-11-02,0.49143549567729045,,0.7742857142857142,0.23795180722891565,0.46206896551724136
2011-11-03,0.5777019246851025,,0.9152784388386482,0.27883650952858574,0.5389908256880734
2011-11-04,0.6153383442980284,,0.9448144624167459,0.3657314629258517,0.5354691075514875
2011-11-05,0.6120356737902449,,0.8815977175463623,0.4134134134134134,0.541095890410959
2011-11-06,0.5629294629169301,,0.8816539923954373,0.388,0.4191343963553531
2011-11-07,0.5028611135499497,,0.8817102137767221,0.3996003996003996,0.22727272727272727
2011-11-08,0.488358476952717,,0.8347578347578348,0.4171656686626746,0.21315192743764172
2011-11-09,0.44957340748372965,,0.722828666350261,0.41774675972083747,0.2081447963800905
2011-11-10,0.37643982618206967,,0.4573055028462998,0.43725099601593626,0.23476297968397292
2011-11-11,0.31701237765652535,,0.2930298719772404,0.4417910447761194,0.21621621621621623
2011-11-12,0.29497671478627746,,0.2933649289099526,0.4095427435387674,0.18202247191011237
2011-11-13,0.30086033228741244,,0.2936996684036002,0.42502482621648463,0.18385650224215247
2011-11-14,0.3440231352353836,,0.29403409090909094,0.43154761904761907,0.30648769574944074
2011-11-15,0.464338442830919,,0.38996687174633227,0.4271555996035679,0.5758928571428571
2011-11-16,0.4137003727195703,,0.21475875118259224,0.4495049504950495,0.576837416481069
2011-11-17,0.36068448017434696,,0.22316784869976358,0.41444114737883286,0.4444444444444444
2011-11-18,0.38272368202286594,,0.277882797731569,0.4090909090909091,0.4611973392461197
2011-11-19,0.36860071030514824,,0.20075578649031645,0.420533070088845,0.48451327433628316
2011-11-20,0.3694378051283926,,0.20113314447592068,0.40828402366863903,0.4988962472406181
2011-11-21,0.3730813788144019,,0.2015101462954224,0.41773399014778323,0.5
2011-11-22,0.266852048065835,,0.21745283018867922,0.3809055118110236,0.2021978021978022
2011-11-23,0.204846824314698,,0.12399811409712402,0.3107177974434612,0.17982456140350878
2011-11-24,0.20338791380087362,,0.06503298774740807,0.2956777996070727,0.24945295404814005
2011-11-25,0.18539636322360975,,0.06547338671691005,0.27674190382728164,0.21397379912663755
2011-11-26,0.17721095971345222,,0.053201506591337044,0.2627450980392157,0.21568627450980393
2011-11-27,0.16066578492743602,,0.05364705882352938,0.2566111655239961,0.17173913043478262
2011-11-28,0.14950489341551307,,0.05409219190968961,0.2534246575342466,0.14099783080260303
2011-11-29,0.17920569201337208,,0.09214856605547717,0.27663734115347016,0.16883116883116883
2011-11-30,0.2471270707647899,,0.042293233082706716,0.353515625,0.34557235421166305
2011-12-01,0.32732642412712004,,0.06763738844527944,0.4380487804878049,0.47629310344827586
2011-12-02,0.37566334518039085,,0.1107981220657277,0.47855750487329435,0.5376344086021505
2011-12-03,0.43585028424633415,,0.2684185828249648,0.48977604673807207,0.5493562231759657
2011-12-04,0.45474886921307295,,0.2687617260787992,0.4980544747081712,0.5974304068522484
2011-12-05,0.45485355958532575,,0.26910454758556024,0.46938775510204084,0.6260683760683761
2011-12-06,0.44903819071331025,,0.2272727272727273,0.47378640776699027,0.6460554371002132
2011-12-07,0.4397666605013866,,0.2107728337236534,0.472356935014549,0.6361702127659574
2011-12-08,0.42574277154297757,,0.2191011235955056,0.436046511627907,0.6220806794055201
2011-12-09,0.3984743228872854,,0.17220402433317739,0.42787996127783157,0.5953389830508474
2011-12-10,0.3734581715806915,,0.15575304022450887,0.3916827852998066,0.572938689217759
2011-12-11,0.3559262086664576,,0.15614773258532022,0.3652173913043478,0.5464135021097046
2011-12-12,0.37386597967512875,,0.15654205607476634,0.4092664092664093,0.5557894736842105
2011-12-13,0.37603046287388847,,0.13404950957496498,0.40790742526518803,0.5861344537815126
2011-12-14,0.34702705502651615,,0.130718954248366,0.32755298651252407,0.5828092243186582
2011-12-15,0.23876330226459164,,0.08679421371908536,0.3156881616939365,0.3138075313807531
2011-12-16,0.22820312081794336,,0.125,0.2548076923076923,0.3048016701461378
2011-12-17,0.23909651827519265,,0.13100233100233105,0.2612872238232469,0.325
2011-12-18,0.19515656774906232,,0.13140726933830382,0.2523992322456814,0.20166320166320167
2011-12-19,0.15500241634634057,,0.13181183046110856,0.2253116011505273,0.1078838174273859
2011-12-20,0.19440061604384473,,0.13314711359404097,0.2595785440613027,0.19047619047619047
2011-12-21,0.2934656748474681,,0.20288506281991625,0.3138755980861244,0.36363636363636365
2011-12-22,0.4020279330146743,,0.3069767441860465,0.3403441682600382,0.5587628865979382
2011-12-23,0.45350873726427715,,0.3324035332403533,0.4355300859598854,0.5925925925925926
2011-12-24,0.531685182840344,,0.5144052044609666,0.47900763358778625,0.6016427104722792
2011-12-25,0.5432396293142882,,0.5146307477937762,0.5023832221163013,0.6127049180327869
2011-12-26,0.5667165612706224,,0.5148560817084493,0.5247619047619048,0.6605316973415133
2011-12-27,0.5675823288048588,,0.5150812064965198,0.5223596574690771,0.6653061224489796
2011-12-28,0.5859653761163943,,0.6358998144712431,0.502851711026616,0.6191446028513238
2011-12-29,0.4706374723741135,,0.34075104311543813,0.4634377967711301,0.6077235772357723
2011-12-30,0.38889353133268534,,0.30722891566265065,0.3908918406072106,0.4685598377281947
2011-12-31,0.31363101475735955,,0.22000926354793882,0.30995260663507107,0.4109311740890688
2012-01-01,0.34776234567901226,,0.22037037037037033,0.2774621212121212,0.5454545454545454
2012-01-02,0.343892202137641,,0.2207311429893568,0.25449385052034057,0.5564516129032258
2012-01-03,0.31119147279877096,,0.2210915818686402,0.21550094517958412,0.4969818913480885
2012-01-04,0.3559749601005855,,0.3042071197411004,0.22757318224740322,0.536144578313253
2012-01-05,0.36399561932080954,,0.26247689463955637,0.24433962264150944,0.5851703406813628
2012-01-06,0.3855097352491114,,0.15658198614318708,0.29594721960414705,0.704
2012-01-07,0.442357820523926,,0.159741458910434,0.3888888888888889,0.7784431137724551
2012-01-08,0.4569368248490669,,0.16012921089063226,0.431796801505174,0.7788844621513944
2012-01-09,0.47782615270284906,,0.1605166051660517,0.48966165413533835,0.7833001988071571
2012-01-10,0.4978967627804633,,0.15260488704472108,0.5295774647887324,0.8115079365079365
2012-01-11,0.5469018269876719,,0.2940092165898618,0.550656660412758,0.7960396039603961
2012-01-12,0.5426625317412993,,0.22339935513588205,0.6101218369259607,0.7944664031620553
2012-01-13,0.6198503199092932,,0.44014732965009207,0.6245318352059925,0.7948717948717948
2012-01-14,0.60478308477293,,0.41923607915324435,0.6333021515434986,0.7618110236220472
2012-01-15,0.6222193897009313,,0.4195032198712052,0.6691588785046729,0.7779960707269156
2012-01-16,0.6241437264560997,,0.4197701149425287,0.6722689075630253,0.7803921568627451
2012-01-17,0.636006476553001,,0.42003676470588236,0.6856343283582089,0.8023483365949119
2012-01-18,0.784945641488946,,0.7602204869085898,0.6961789375582479,0.8984375
2012-01-19,0.7567197341773447,,0.7575757575757576,0.6685288640595903,0.8440545808966862
2012-01-20,0.7443129265074396,,0.8260670032124828,0.653953488372093,0.7529182879377432
2012-01-21,0.7465207237950554,,0.8261467889908257,0.6561338289962825,0.7572815533980582
2012-01-22,0.7261800689240024,,0.8262265016047685,0.6313834726090993,0.7209302325581395
2012-01-23,0.7158819652084526,,0.8263061411549038,0.6076066790352505,0.7137330754352031
2012-01-24,0.6949032254321207,,0.8121850664223546,0.5968489341983317,0.6756756756756757
2012-01-25,0.6498479041831643,,0.793956043956044,0.5833333333333334,0.5722543352601156
2012-01-26,0.6293612464592064,,0.7350114416475972,0.6049953746530989,0.5480769230769231
2012-01-27,0.7094686737887222,,0.8860933211344922,0.6127541589648798,0.6295585412667947
2012-01-28,0.7288418413417284,,0.9090077732053041,0.6223453370267775,0.6551724137931034
2012-01-29,0.735783228468573,,0.9090493601462523,0.6309963099630996,0.6673040152963671
2012-01-30,0.7370255657500179,,0.9090909090909091,0.6626728110599078,0.6393129770992366
2012-01-31,0.7179374569777961,,0.9228310502283105,0.6519337016574586,0.579047619047619
2012-02-01,0.7082369950445949,,0.9100867183934277,0.6632934682612696,0.5513307984790875
2012-02-02,0.7020363566900741,,0.9219890510948905,0.6452205882352942,0.538899430740038
2012-02-03,0.6487463031425226,,0.8727770177838577,0.6492194674012856,0.42424242424242425
2012-02-04,0.6287202681210458,,0.9097538742023701,0.655045871559633,0.32136105860113423
2012-02-05,0.5659407480669382,,0.9097949886104784,0.6351970669110908,0.15283018867924528
2012-02-06,0.5449369047590775,,0.9098360655737705,0.6025641025641025,0.1224105461393597
2012-02-07,0.5704558716474811,,0.9585798816568047,0.5873741994510522,0.16541353383458646
2012-02-08,0.5673722809010149,,0.9695177434030937,0.5374771480804388,0.1951219512195122
2012-02-09,0.5648741508219101,,0.967712596634834,0.5059360730593607,0.2209737827715356
2012-02-10,0.549801146053619,,0.945,0.4726277372262774,0.23177570093457944
2012-02-11,0.5245337797322543,,0.9323034984098137,0.4211485870556062,0.22014925373134328
2012-02-12,0.5472194857626046,,0.9323342415985467,0.424408014571949,0.2849162011173184
2012-02-13,0.5711399059035309,,0.932364956876986,0.4167424931756142,0.3643122676579926
2012-02-14,0.566112370042886,,0.9196914700544465,0.43727272727272726,0.34137291280148424
2012-02-15,0.6141582962784469,,0.9197278911564626,0.49682107175295187,0.42592592592592593
2012-02-16,0.5920864253963373,,0.8626473254759746,0.5235934664246824,0.3900184842883549
2012-02-17,0.5733088151447084,,0.7942908926144087,0.5584768812330009,0.3671586715867159
2012-02-18,0.544897009368244,,0.7278079710144927,0.5625,0.3443830570902394
2012-02-19,0.5425117543273882,,0.7279311905839747,0.5429864253393665,0.35661764705882354
2012-02-20,0.5327307207241901,,0.728054298642534,0.5343580470162749,0.3357798165137615
2012-02-21,0.517770353166543,,0.7281772953414745,0.5302619692863595,0.2948717948717949
2012-02-22,0.4888333740482123,,0.7893309222423146,0.5126353790613718,0.16453382084095064
2012-02-23,0.4409123590358803,,0.6362403976502485,0.5076645626690712,0.17883211678832117
2012-02-24,0.5151594483994858,,0.7186088527551941,0.5081081081081081,0.31876138433515483
2012-02-25,0.5575866480553248,,0.7932279909706547,0.5013501350135013,0.3781818181818182
2012-02-26,0.5701882124850415,,0.7933212996389891,0.5197841726618705,0.397459165154265
2012-02-27,0.5662052997284742,,0.7934145241317095,0.5175202156334232,0.38768115942028986
2012-02-28,0.4764040744718819,,0.5324616771866546,0.5242369838420108,0.37251356238698013
2012-02-29,0.478974987416817,,0.5349256421811627,0.5121076233183857,0.3898916967509025
2012-03-01,0.4807662501210888,,0.6333333333333333,0.5080645161290323,0.3009009009009009
2012-03-02,0.43931193604734925,,0.65015758667267,0.486123545210385,0.18165467625899281
2012-03-03,0.38229947566398104,,0.40189018901890194,0.5152057245080501,0.22980251346499103
2012-03-04,0.36988832858598947,,0.40215924426450744,0.4745308310991957,0.23297491039426524
2012-03-05,0.3798466427471363,,0.40242805755395683,0.4544642857142857,0.2826475849731664
2012-03-06,0.3868902354916046,,0.3182022471910112,0.43532560214094557,0.40714285714285714
2012-03-07,0.30686282517581076,,0.211141060197664,0.4206773618538324,0.2887700534759358
2012-03-08,0.2933650417563394,,0.22137404580152675,0.402493321460374,0.25622775800711745
2012-03-09,0.3075650795652774,,0.2603231597845601,0.41548042704626337,0.2468916518650089
2012-03-10,0.24643988812844228,,0.24270973530731266,0.392,0.10460992907801418
2012-03-11,0.2505281711278637,,0.2430493273542601,0.411190053285968,0.09734513274336283
2012-03-12,0.24070189392126096,,0.24338861497086506,0.3815439219165927,0.09717314487632508
2012-03-13,0.21631079582158663,,0.19982078853046592,0.3820921985815603,0.06701940035273368
2012-03-14,0.276246733007832,,0.31392745185848636,0.4038972542072631,0.11091549295774648
2012-03-15,0.23148604710384046,,0.19964189794091314,0.38761061946902653,0.10720562390158173
2012-03-16,0.22625428357654087,,0.28590604026845634,0.31741821396993813,0.07543859649122807
2012-03-17,0.23819209473172295,,0.33989266547406083,0.28886925795053003,0.08581436077057793
2012-03-18,0.24168591194579536,,0.34018775145283864,0.2992056487202118,0.08566433566433566
2012-03-19,0.2560866299370043,,0.34048257372654156,0.3527336860670194,0.07504363001745201
2012-03-20,0.3101568758111138,,0.4184903974988834,0.3656387665198238,0.14634146341463414
2012-03-21,0.2739197139357887,,0.32946428571428577,0.3670774647887324,0.12521739130434784
2012-03-22,0.2653324440633638,,0.2614904060687193,0.3834652594547054,0.15104166666666666
2012-03-23,0.3501832078663784,,0.2885816235504014,0.45694200351493847,0.3050259965337955
2012-03-24,0.38652383972701904,,0.3085153811859117,0.46005267778753295,0.39100346020761245
2012-03-25,0.36301147311028764,,0.3088235294117647,0.41578947368421054,0.3644214162348877
2012-03-26,0.3778934489585948,,0.3091314031180401,0.39351446099912357,0.43103448275862066
2012-03-27,0.32511939743411666,,0.3187889581478184,0.3966725043782837,0.25989672977624784
2012-03-28,0.3305319644884772,,0.34534935469514905,0.39195100612423445,0.2542955326460481
2012-03-29,0.2884483323699734,,0.24065836298932386,0.3811188811188811,0.24356775300171526
2012-03-30,0.2699397468378268,,0.20898176967541127,0.38165938864628823,0.2191780821917808
2012-03-31,0.30224423860025956,,0.25911111111111107,0.4048865619546248,0.24273504273504273
2012-04-01,0.36577671964870423,,0.2594402487783207,0.44027898866608545,0.39761092150170646
2012-04-02,0.3148977745073303,,0.25976909413854354,0.3885017421602787,0.29642248722316866
2012-04-03,0.39117399366459304,,0.3870395028850422,0.40382941688424717,0.3826530612244898
2012-04-04,0.42828524928831796,,0.4365572315882875,0.4391304347826087,0.4091680814940577
2012-04-05,0.40830314778122984,,0.41419068736141906,0.43614248479582973,0.37457627118644066
2012-04-06,0.40372699185577193,,0.36923758865248224,0.4392361111111111,0.4027072758037225
2012-04-07,0.3745696549990054,,0.25963668586619404,0.4535993061578491,0.41047297297297297
2012-04-08,0.3881591194186467,,0.2599645704162976,0.4610051993067591,0.44350758853288363
2012-04-09,0.42806596286011955,,0.2602921646746348,0.49696969696969695,0.5269360269360269
2012-04-10,0.43247331207339784,,0.3017699115044248,0.49480968858131485,0.5008403361344538
2012-04-11,0.42561410912937764,,0.2812914639540026,0.5056179775280899,0.4899328859060403
2012-04-12,0.4555221794926662,,0.26834659593280286,0.5354058721934369,0.5628140703517588
2012-04-13,0.49120834043766476,,0.4569155987627044,0.540120793787748,0.4765886287625418
2012-04-14,0.456526355238233,,0.35424028268551233,0.5362068965517242,0.4791318864774624
2012-04-15,0.46713005268731944,,0.35452538631346575,0.570198105081826,0.4766666666666667
2012-04-16,0.47318438844201366,,0.35481023830538394,0.5955249569707401,0.46921797004991683
2012-04-17,0.4287303097969935,,0.2527569475077195,0.5915735167669819,0.4418604651162791
2012-04-18,0.4463502909460408,,0.31305114638447973,0.5798969072164949,0.4461028192371476
2012-04-19,0.39958391324629455,,0.3468488320846188,0.5836909871244635,0.2682119205298013
2012-04-20,0.42145282171653436,,0.3233480176211454,0.5823327615780446,0.3586776859504132
2012-04-21,0.4862712249498,,0.4244826067811537,0.6135389888603257,0.4207920792079208
2012-04-22,0.47922993651996454,,0.42473591549295775,0.6027397260273972,0.4102141680395387
2012-04-23,0.4778651262634881,,0.42498900131984163,0.6056458511548332,0.4029605263157895
2012-04-24,0.45417291322122555,,0.3144239226033422,0.6162393162393163,0.4318555008210181
2012-04-25,0.4484894836652477,,0.3107692307692308,0.5986336464560205,0.4360655737704918
2012-04-26,0.4620561292617289,,0.31239015817223204,0.5631399317406144,0.5106382978723404
2012-04-27,0.5065359477124183,,0.41062801932367154,0.5959079283887468,0.5130718954248366
2012-04-28,0.5087373399163444,,0.5333625987708517,0.5621805792163543,0.43066884176182707
2012-04-29,0.5213824786274752,,0.5335673541026766,0.5387234042553192,0.49185667752442996
2012-04-30,0.5219314983160572,,0.5337719298245613,0.54421768707483,0.4878048780487805
2012-05-01,0.498301589424109,,0.44234984655852694,0.5590484282073067,0.4935064935064935
2012-05-02,0.49767004348094196,,0.3978965819456617,0.6137521222410866,0.4813614262560778
2012-05-03,0.49696670226281486,,0.32063074901445465,0.6395250212044106,0.5307443365695793
2012-05-04,0.528914110831611,,0.457968476357268,0.6279661016949153,0.5008077544426495
2012-05-05,0.5140337336486639,,0.3768052516411379,0.6604572396274344,0.5048387096774194
2012-05-06,0.48938471817779194,,0.3770778652668416,0.6852791878172588,0.4057971014492754
2012-05-07,0.48798226666747846,,0.37735024048972454,0.716821639898563,0.36977491961414793
2012-05-08,0.4731195865325079,,0.38330419580419584,0.7407094594594594,0.2953451043338684
2012-05-09,0.4661195380188528,,0.31498470948012236,0.7468354430379747,0.33653846153846156
2012-05-10,0.457263262075009,,0.30960698689956334,0.7613827993254637,0.3008
2012-05-11,0.49624210744791664,,0.29943256219991266,0.7691659646166807,0.42012779552715657
2012-05-12,0.4646482429388648,,0.2094240837696335,0.7634680134680135,0.42105263157894735
2012-05-13,0.46388458736230015,,0.20976886175316178,0.7678721614802355,0.4140127388535032
2012-05-14,0.4373858000043958,,0.21011333914559716,0.7554621848739496,0.3465818759936407
2012-05-15,0.4440325995124237,,0.17821350762527233,0.7665827036104114,0.3873015873015873
2012-05-16,0.43137195043199256,,0.16898954703832758,0.7701342281879194,0.3549920760697306
2012-05-17,0.42283998887733865,,0.0975185023944275,0.7485331098072087,0.4224683544303797
2012-05-18,0.4014925980828153,,0.10530896431679726,0.7437185929648241,0.35545023696682465
2012-05-19,0.3898162388223721,,0.10439321444106131,0.7464435146443514,0.3186119873817035
2012-05-20,0.399209174940089,,0.10478260869565215,0.782608695652174,0.3102362204724409
2012-05-21,0.3948968099869418,,0.10517166449369841,0.7886382623224728,0.2908805031446541
2012-05-22,0.3762044476383028,,0.09122502172024327,0.7846410684474123,0.25274725274725274
2012-05-23,0.49539994429193046,0.8296703296703296,0.10725141120277903,0.79232693911593,0.25235109717868337
2012-05-24,0.4810658166320986,0.8575342465753425,0.05598958333333337,0.8041666666666667,0.20657276995305165
2012-05-25,0.47403559076306484,0.8442622950819672,0.056832971800433785,0.8184845961698585,0.1765625
2012-05-26,0.46334268300243625,0.8038147138964578,0.04683434518647012,0.8311148086522463,0.17160686427457097
2012-05-27,0.4458170468663034,0.7744565217391304,0.04724750758560903,0.8104738154613467,0.15109034267912771
2012-05-28,0.45569933112511674,0.7371273712737128,0.04766031195840559,0.8156146179401993,0.2223950233281493
2012-05-29,0.42865944371424153,0.6675675675675676,0.048072758770030366,0.8157676348547718,0.18322981366459629
2012-05-30,0.4500658665381344,0.7088948787061995,0.03852813852813852,0.8233830845771144,0.22945736434108527
2012-05-31,0.4460883789936611,0.7311827956989247,0.023366508005192577,0.8177299088649544,0.21207430340557276
2012-06-01,0.4591986052343834,0.7184986595174263,0.017733564013840852,0.8038079470198676,0.29675425038639874
2012-06-02,0.40889378004564547,0.5695187165775402,0.0211846087332469,0.7948717948717948,0.25
2012-06-03,0.44608182862998397,0.704,0.021607605877268843,0.775206611570248,0.2835130970724191
2012-06-04,0.4297834010053663,0.6808510638297872,0.02203023758099354,0.7654830718414534,0.25076923076923074
2012-06-05,0.48846517974600345,0.6923076923076923,0.02892918825561308,0.7764026402640264,0.45622119815668205
2012-06-06,0.5397788400474577,0.8624338624338624,0.04143288735433748,0.7675185490519374,0.48773006134969327
2012-06-07,0.5325344443794569,0.8364116094986808,0.06643658326143231,0.7265238879736409,0.5007656967840735
2012-06-08,0.5093937452571345,0.7236842105263157,0.09573091849935322,0.7349794238683127,0.4831804281345566
2012-06-09,0.530829039256119,0.7427821522309711,0.09267241379310343,0.7138157894736842,0.5740458015267176
2012-06-10,0.5394917017161049,0.756544502617801,0.09306333476949591,0.7428101889893179,0.5655487804878049
2012-06-11,0.5067578322445908,0.639686684073107,0.09345391903531441,0.7413793103448276,0.5525114155251142
2012-06-12,0.5074828426501663,0.6953125,0.0981489453293155,0.7030352748154225,0.5334346504559271
2012-06-13,0.46359257691809724,0.5480519480519481,0.09810671256454384,0.6573770491803279,0.5508345978755691
2012-06-14,0.5090343805127359,0.616580310880829,0.14494623655913974,0.7018837018837019,0.5727272727272728
2012-06-15,0.5095471828174398,0.5400516795865633,0.18099742046431644,0.7225859247135843,0.594553706505295
2012-06-16,0.5422570099589661,0.5206185567010309,0.2930812204555221,0.776778413736713,0.5785498489425982
2012-06-17,0.5724263954725841,0.5552699228791773,0.29338487972508587,0.7924836601307189,0.6485671191553545
2012-06-18,0.5545606663310285,0.4461538461538461,0.2936882782310004,0.7991836734693878,0.6792168674698795
2012-06-19,0.5535781457010027,0.48849104859335035,0.271244635193133,0.7748776508972267,0.6796992481203008
2012-06-20,0.5829943323394249,0.44897959183673475,0.45259545259545264,0.7742461287693562,0.6561561561561562
2012-06-21,0.5548883613974745,0.36895674300254455,0.4142367066895368,0.755700325732899,0.6806596701649176
2012-06-22,0.4981573801039521,0.2868020304568528,0.31718816973853403,0.7030105777054516,0.6856287425149701
2012-06-23,0.5008420704759643,0.260759493670886,0.42587832047986285,0.6276422764227643,0.6890881913303438
2012-06-24,0.48046075851873293,0.2752525252525253,0.4261241970021413,0.5727051177904143,0.6477611940298508
2012-06-25,0.47385537547553147,0.3123425692695214,0.4263698630136986,0.48457792207792205,0.6721311475409836
2012-06-26,0.45955416875416943,0.2864321608040201,0.34617030380830127,0.5166261151662611,0.6889880952380952
2012-06-27,0.5327675454692355,0.48621553884711777,0.4251497005988024,0.5243111831442464,0.6953937592867756
2012-06-28,0.5215441666563385,0.395,0.43351859769132106,0.5692307692307692,0.6884272997032641
2012-06-29,0.48375141517213527,0.22443890274314215,0.5038461538461538,0.5444983818770227,0.6622222222222223
2012-06-30,0.5983869404285642,0.29850746268656714,0.8586074327210593,0.5796281325788197,0.6568047337278107
2012-07-01,0.607133670426024,0.3399503722084367,0.85866780529462,0.5888529886914378,0.6410635155096012
2012-07-02,0.6844135927422987,0.6584158415841583,0.8587281263337602,0.6069410815173527,0.6135693215339233
2012-07-03,0.6496828104330111,0.5185185185185186,0.8532423208191127,0.6290322580645161,0.5979381443298969
2012-07-04,0.6859814711952082,0.6576354679802956,0.8695095948827292,0.6035455278001611,0.6132352941176471
2012-07-05,0.6117241481874693,0.5184275184275184,0.8695652173913043,0.49355877616747185,0.5653450807635829
2012-07-06,0.5443697365330847,0.4019607843137255,0.7971878994461015,0.4416733708769107,0.5366568914956011
2012-07-07,0.5022458216589473,0.5036674816625917,0.5136286201022147,0.4397106109324759,0.5519765739385066
2012-07-08,0.5366953088364719,0.6780487804878048,0.513835674755215,0.40080321285140563,0.554093567251462
2012-07-09,0.520679740007284,0.6861313868613139,0.5140425531914894,0.35553772070626005,0.527007299270073
2012-07-10,0.5024296348843235,0.7451456310679612,0.44789451297320293,0.27586206896551724,0.5408163265306123
2012-07-11,0.5253608427708631,0.665859564164649,0.6194727891156462,0.28044871794871795,0.5356622998544396
2012-07-12,0.48157102965921916,0.4444444444444444,0.5516362090947726,0.36188951160928745,0.5683139534883721
2012-07-13,0.5574605447117931,0.6771084337349398,0.46516567544604925,0.4896,0.5979680696661829
2012-07-14,0.5320032178036622,0.6442307692307692,0.5014861995753715,0.3764988009592326,0.6057971014492753
2012-07-15,0.4902841657474551,0.5995203836930456,0.50169779286927,0.2723642172523962,0.5875542691751086
2012-07-16,0.48090298676150256,0.6411483253588517,0.501909206618583,0.2083000798084597,0.5722543352601156
2012-07-17,0.4992205146174976,0.6682577565632458,0.5530110262934691,0.19696969696969696,0.5786435786435786
2012-07-18,0.4973193830677407,0.6761904761904762,0.4718100890207715,0.1856573705179283,0.6556195965417867
2012-07-19,0.5230826480030364,0.6437054631828978,0.5898305084745763,0.1695859872611465,0.6892086330935252
2012-07-20,0.47294311826469143,0.6018957345971564,0.4324438797119865,0.14478918058870327,0.7126436781609196
2012-07-21,0.492727184652488,0.6619385342789599,0.37806943268416593,0.20349761526232116,0.727403156384505
2012-07-22,0.5401913737775139,0.7004716981132075,0.3783326280152348,0.3169181890389198,0.7650429799426934
2012-07-23,0.5630740212906147,0.6211764705882352,0.37859560067681897,0.4857142857142857,0.7668097281831188
2012-07-24,0.6025805366243452,0.7018779342723005,0.359830866807611,0.5471847739888978,0.8014285714285714
2012-07-25,0.6016040746468505,0.6791569086651054,0.35249366018596784,0.6030110935023771,0.7717546362339515
2012-07-26,0.6335643747878053,0.7266355140186915,0.458808618504436,0.6009501187648456,0.7478632478632479
2012-07-27,0.650245845901867,0.6806526806526807,0.6140202702702703,0.5751582278481012,0.7311522048364154
2012-07-28,0.6616827411767752,0.7372093023255815,0.6977627691008865,0.5185770750988142,0.6931818181818182
2012-07-29,0.6452938981789329,0.7517401392111369,0.6978902953586498,0.5102685624012638,0.6212765957446809
2012-07-30,0.6231645631240468,0.6967592592592593,0.6980177140447068,0.47040252565114443,0.6274787535410765
2012-07-31,0.6112765801709702,0.7852193995381063,0.7015177065767285,0.4392744479495268,0.5190947666195191
2012-08-01,0.5913591570056537,0.8064516129032258,0.44458491361146224,0.5169424743892829,0.597457627118644
2012-08-02,0.590009351264936,0.7379310344827585,0.44187026116259476,0.5511811023622047,0.6290550070521862
2012-08-03,0.556227037400804,0.6651376146788991,0.24968421052631584,0.6129032258064516,0.6971830985915493
2012-08-04,0.6703392709624234,0.6933638443935927,0.6132154882154882,0.6462264150943396,0.7285513361462729
2012-08-05,0.6705969427609868,0.6598173515981736,0.6133782078249894,0.6535742340926944,0.7556179775280899
2012-08-06,0.6817129504728325,0.6537585421412301,0.6135407905803196,0.6797488226059655,0.7798036465638148
2012-08-07,0.7233107984108467,0.6522727272727273,0.7763766288356453,0.6956862745098039,0.7689075630252101
2012-08-08,0.7138949728271664,0.6848072562358276,0.7558823529411764,0.6512539184952978,0.7636363636363637
2012-08-09,0.6868738154614555,0.6153846153846154,0.7139857202855943,0.701644479248238,0.7164804469273743
2012-08-10,0.6760721384365632,0.5981941309255079,0.7082283795130142,0.689358372456964,0.708507670850767
2012-08-11,0.7209115839263053,0.6891891891891893,0.8065463701216953,0.6817826426896012,0.7061281337047354
2012-08-12,0.7020613183931119,0.6808988764044943,0.8066275167785235,0.653125,0.6675938803894298
2012-08-13,0.6930752990857614,0.7040358744394619,0.8067085953878407,0.6518345042935206,0.6097222222222223
2012-08-14,0.680329031237208,0.7024608501118568,0.6982397317686504,0.6895475819032761,0.6310679611650486
2012-08-15,0.6656391862883295,0.6919642857142857,0.6531210724759111,0.6858924395946999,0.631578947368421
2012-08-16,0.6440008494286541,0.6636971046770601,0.6247906197654942,0.6651090342679128,0.6224066390041494
2012-08-17,0.6103132057178492,0.6622222222222223,0.579321892005023,0.7066147859922179,0.4930939226519337
2012-08-18,0.6187257990485487,0.6119733924611974,0.5184100418410043,0.7472783825816485,0.5972413793103448
2012-08-19,0.6441085643014185,0.6592920353982301,0.5186114596403179,0.7676767676767676,0.6308539944903582
2012-08-20,0.6369750250780954,0.5894039735099338,0.5188127090301003,0.7849378881987578,0.6547455295735901
2012-08-21,0.6652864147403306,0.6145374449339207,0.6481404095277894,0.773467804499612,0.625
2012-08-22,0.7346516163971624,0.701098901098901,0.8437761069340017,0.7682170542635659,0.6255144032921811
2012-08-23,0.7078867981570609,0.6008771929824561,0.868893528183716,0.7467079783113865,0.6150684931506849
2012-08-24,0.7182769529785109,0.6017505470459519,0.8806343906510852,0.7190402476780186,0.6716826265389877
2012-08-25,0.6488253811913745,0.554585152838428,0.7284105131414268,0.703016241299304,0.6092896174863388
2012-08-26,0.6383460681453227,0.542483660130719,0.7285237698081735,0.6916537867078826,0.5907230559345157
2012-08-27,0.6124149164562653,0.5043478260869565,0.728636932055023,0.6362934362934363,0.5803814713896458
2012-08-28,0.6056398372295813,0.527114967462039,0.6104166666666666,0.6033950617283951,0.6816326530612244
2012-08-29,0.6273619782719542,0.5692640692640693,0.6759683465222823,0.5767154973014649,0.6875
2012-08-30,0.5802867002160571,0.4600431965442765,0.5541215653621981,0.5539291217257319,0.7530529172320217
2012-08-31,0.4836917212417338,0.31896551724137934,0.4935497295047857,0.4149345650500385,0.7073170731707317
2012-09-01,0.5434347599463414,0.3311827956989247,0.7724625623960066,0.3853846153846154,0.6847090663058186
2012-09-02,0.5219852646382008,0.3948497854077253,0.7725571725571725,0.35972328977709456,0.5608108108108109
2012-09-03,0.505064921989933,0.40685224839400425,0.7726517040731504,0.3333333333333333,0.5074224021592443
2012-09-04,0.44521321780742684,0.4551282051282052,0.7727461570419609,0.32386799693016116,0.22911051212938005
2012-09-05,0.37464829471725464,0.4690831556503199,0.5519102990033222,0.33358895705521474,0.1440107671601615
2012-09-06,0.3529582149833946,0.451063829787234,0.5039435450394354,0.3210727969348659,0.135752688172043
2012-09-07,0.417086102356248,0.386411889596603,0.6091286307053942,0.48085758039816234,0.1919463087248322
2012-09-08,0.45471394369158324,0.4597457627118644,0.7619245126503525,0.4162203519510329,0.18096514745308312
2012-09-09,0.4548958184158143,0.5031712473572938,0.7620232172470979,0.3669724770642202,0.18741633199464525
2012-09-10,0.4501597144718691,0.4852320675105485,0.7621218400331538,0.3834988540870894,0.1697860962566845
2012-09-11,0.47902786301758926,0.4905263157894737,0.7883181441590721,0.3969465648854962,0.24032042723631508
2012-09-12,0.5239548840131019,0.5147058823529411,0.8202898550724638,0.38749046529366893,0.37333333333333335
2012-09-13,0.5082270357945066,0.5345911949685535,0.8373344370860927,0.3094512195121951,0.35153129161118507
2012-09-14,0.4833691859848404,0.5774058577405858,0.8522962350020686,0.23914699162223915,0.2646276595744681
2012-09-15,0.49475357239389156,0.5845511482254697,0.9445822994210091,0.22146118721461186,0.22841965471447542
2012-09-16,0.4721022024172422,0.5958333333333333,0.944605208763952,0.14372623574144486,0.20424403183023873
2012-09-17,0.4609739283160832,0.7089397089397089,0.9446280991735537,0.08966565349544073,0.10066225165562914
2012-09-18,0.4378777129974968,0.6825726141078838,0.9202808756712102,0.07061503416856492,0.07804232804232804
2012-09-19,0.43371553866303764,0.7225672877846792,0.9137076796036334,0.05235204855842185,0.046235138705416116
2012-09-20,0.4119433000466857,0.6425619834710744,0.9083780437474206,0.05989385898407885,0.036939313984168866
2012-09-21,0.40041263455121845,0.6639175257731958,0.8345709570957096,0.06363636363636363,0.039525691699604744
2012-09-22,0.4288955841735338,0.7304526748971194,0.8775257731958763,0.06813020439061317,0.039473684210526314
2012-09-23,0.432387785092475,0.7248459958932238,0.8775762572135202,0.08245083207261725,0.04467805519053877
2012-09-24,0.4429223476164323,0.7336065573770492,0.8776266996291718,0.09221466364323508,0.06824146981627296
2012-09-25,0.42812651407510177,0.7402862985685071,0.7808896210873146,0.10876132930513595,0.08256880733944955
2012-09-26,0.47381033933386857,0.7326530612244898,0.8513791683820502,0.19471698113207547,0.11649214659685864
2012-09-27,0.4691840111561768,0.7535641547861507,0.7864197530864198,0.24132730015082957,0.09542483660130718
2012-09-28,0.4760844777565873,0.7317073170731707,0.8144796380090498,0.266767143933685,0.09138381201044386
2012-09-29,0.5043391202531123,0.7139959432048681,0.8338815789473684,0.3795180722891566,0.08996088657105607
2012-09-30,0.5383331272791331,0.7489878542510122,0.8339498561446773,0.47404063205417607,0.09635416666666667
2012-10-01,0.5338125434782499,0.7515151515151515,0.8340180772391126,0.4781954887218045,0.07152145643693109
2012-10-02,0.5458549670228832,0.7600806451612903,0.8804928131416838,0.46882043576258453,0.07402597402597402
2012-10-03,0.5462067154541874,0.7484909456740443,0.8296387520525452,0.49774774774774777,0.10894941634241245
2012-10-04,0.5979186022843566,0.7590361445783133,0.7792367665162084,0.5386346586646662,0.31476683937823835
2012-10-05,0.6228360569692298,0.6773547094188377,0.8441345365053322,0.5584707646176912,0.4113842173350582
2012-10-06,0.6081338158782685,0.6579999999999999,0.8421484214842149,0.5086142322097378,0.42377260981912146
2012-10-07,0.59938794805946,0.7025948103792415,0.8422131147540983,0.4708083832335329,0.38193548387096776
2012-10-08,0.6263614740232297,0.6155378486055777,0.842277755018435,0.5205684367988033,0.5270618556701031
2012-10-09,0.6783040008128937,0.6679920477137177,0.8423423423423424,0.6031390134529148,0.5997425997425997
2012-10-10,0.5988495339442348,0.6607142857142857,0.5517805976258698,0.578790141896938,0.6041131105398457
2012-10-11,0.5713210549107061,0.6396039603960396,0.5396890343698855,0.5373134328358209,0.5686777920410783
2012-10-12,0.525982791641173,0.6284584980237153,0.5002044989775052,0.49962714392244595,0.4756410256410256
2012-10-13,0.5478606679024488,0.6627218934911243,0.5216680294358136,0.5409836065573771,0.4660691421254802
2012-10-14,0.574688337602873,0.6732283464566929,0.5218635063342869,0.6023827252419955,0.5012787723785166
2012-10-15,0.5491958791392981,0.6581532416502947,0.5220588235294117,0.6078869047619048,0.4086845466155811
2012-10-16,0.5089851111893995,0.6450980392156862,0.5067374438546346,0.6200743494423792,0.26403061224489793
2012-10-17,0.4473840874126332,0.6477495107632094,0.3187755102040817,0.6166419019316494,0.20636942675159237
2012-10-18,0.5072679099779374,0.7578125,0.4283965728274174,0.6265775798069785,0.21628498727735368
2012-10-19,0.5319198743735439,0.7134502923976609,0.449021207177814,0.6780415430267063,0.28716645489199494
2012-10-20,0.5167299612175625,0.7626459143968871,0.33469221361598045,0.6434395848776872,0.32614213197969544
2012-10-21,0.5037045517071627,0.741747572815534,0.3349633251833741,0.6111111111111112,0.3269961977186312
2012-10-22,0.4822153207729511,0.6744186046511628,0.33523421588594704,0.612879348630644,0.30632911392405066
2012-10-23,0.5112590445113004,0.6982591876208897,0.41083061889250816,0.6072485207100592,0.32869785082174463
2012-10-24,0.47672315507681357,0.6505791505791505,0.28815628815628813,0.6171470805617147,0.351010101010101
2012-10-25,0.4879840565968337,0.6628131021194605,0.3470301057770545,0.604135893648449,0.3379571248423707
2012-10-26,0.49831558092407513,0.6673076923076924,0.31842212281415205,0.5062730627306273,0.5012594458438288
2012-10-27,0.5313874139035756,0.6621880998080614,0.37967479674796745,0.46607669616519176,0.6176100628930817
2012-10-28,0.5353278336022106,0.657088122605364,0.37992685900040635,0.4384672070744289,0.6658291457286433
2012-10-29,0.5196875108881962,0.7151051625239006,0.38017871649065804,0.29086892488954347,0.6925972396486826
2012-10-30,0.5111963667861021,0.7366412213740459,0.38043036946812825,0.23473142016188372,0.6929824561403509
2012-10-31,0.5131214647367651,0.7714285714285715,0.38068181818181823,0.18823529411764706,0.7121401752190237
2012-11-01,0.4792040844159783,0.7300380228136882,0.3188640973630832,0.1366642174871418,0.73125
2012-11-02,0.4603382540519909,0.7571157495256167,0.34914841849148415,0.09838472834067548,0.6367041198501873
2012-11-03,0.4031817542845939,0.7386363636363636,0.28252938792055127,0.08657373440939105,0.5049875311720698
2012-11-04,0.39307247913503146,0.8090737240075614,0.28282009724473256,0.08064516129032258,0.39975093399750933
2012-11-05,0.39273792223556003,0.8169811320754717,0.28311057108140947,0.09523809523809523,0.3756218905472637
2012-11-06,0.3498135415191236,0.7796610169491526,0.22753036437246965,0.0951683748169839,0.2968944099378882
2012-11-07,0.35856234521078706,0.8270676691729324,0.31808984216916225,0.0980248719824433,0.19106699751861042
2012-11-08,0.3012489192908876,0.7692307692307692,0.20833333333333337,0.10599415204678363,0.12143742255266418
2012-11-09,0.3004472509496723,0.8108614232209738,0.17104731095835013,0.11468224981738495,0.1051980198019802
2012-11-10,0.32305587313490275,0.8149532710280374,0.2316087308003234,0.14306569343065692,0.10259579728059333
2012-11-11,0.33628834237993044,0.8208955223880597,0.23191919191919197,0.175054704595186,0.11728395061728394
2012-11-12,0.33590445345046005,0.8212290502793296,0.2322294022617124,0.17055393586005832,0.11960542540073983
2012-11-13,0.34061950657227924,0.8178438661710037,0.23253936213161086,0.15076474872541878,0.16133004926108374
2012-11-14,0.3426602882746546,0.8274582560296846,0.22679580306698954,0.12081513828238719,0.19557195571955718
2012-11-15,0.36262448133343655,0.8240740740740741,0.19483662767244858,0.11709090909090909,0.3144963144963145
2012-11-16,0.3870472794135931,0.833641404805915,0.1758064516129032,0.1816860465116279,0.3570552147239264
2012-11-17,0.4098379873465595,0.7435424354243543,0.16001612253123743,0.2345679012345679,0.5012254901960784
2012-11-18,0.42378518567512236,0.7550644567219152,0.1603545527800161,0.26197387518142234,0.5177478580171359
2012-11-19,0.4284714758483176,0.7261029411764706,0.16069271043093036,0.32342277012327775,0.5036674816625917
2012-11-20,0.4393992019739925,0.7357798165137615,0.20249597423510468,0.35289855072463766,0.46642246642246643
2012-11-21,0.45788024131281785,0.7234432234432234,0.16297786720321927,0.4207096307023896,0.524390243902439
2012-11-22,0.4641764252361688,0.7221206581352834,0.16814159292035402,0.4573082489146165,0.5091352009744214
2012-11-23,0.4668921372118916,0.7171532846715328,0.16847607559308408,0.4417932031814895,0.5401459854014599
2012-11-24,0.4737413102917802,0.7231329690346084,0.3147106109324759,0.40390173410404623,0.4532199270959903
2012-11-25,0.4343048883096497,0.7109090909090909,0.3149859381277621,0.38122743682310467,0.3300970873786408
2012-11-26,0.40678687503212463,0.7005444646098004,0.31526104417670686,0.37012987012987014,0.2412121212121212
2012-11-27,0.44224666690148423,0.7681159420289855,0.31031714171015656,0.4520547945205479,0.23849878934624696
2012-11-28,0.44317164460566116,0.6763110307414104,0.3812199036918138,0.4769452449567723,0.23821039903264812
2012-11-29,0.4620034509623471,0.6931407942238268,0.37144003208985155,0.5032397408207343,0.28019323671497587
2012-11-30,0.45845835166784243,0.6666666666666667,0.3769045709703288,0.5345323741007194,0.255729794933655
2012-12-01,0.505716606959603,0.7302158273381295,0.43527054108216434,0.6031631919482386,0.25421686746987954
2012-12-02,0.5172211938572391,0.6947935368043088,0.4354967948717948,0.6257183908045977,0.3128760529482551
2012-12-03,0.5412592888652612,0.6756272401433692,0.43572286744092914,0.6137832017229002,0.43990384615384615
2012-12-04,0.5338993326945685,0.6762075134168157,0.46637309847878305,0.5344332855093257,0.45858343337334934
2012-12-05,0.5820596430147831,0.7482142857142857,0.4649859943977591,0.5526881720430108,0.5623501199040767
2012-12-06,0.6169533356497706,0.8110516934046346,0.5224,0.5415472779369628,0.592814371257485
2012-12-07,0.6066819107557846,0.7793594306049823,0.5445821671331468,0.4867573371510379,0.6160287081339713
2012-12-08,0.5998725017196982,0.8046181172291297,0.48880895283772985,0.4585121602288984,0.6475507765830346
2012-12-09,0.5881290109937791,0.7322695035460993,0.4890131841789852,0.4474624731951394,0.6837708830548926
2012-12-10,0.6084184261316838,0.7557522123893805,0.4892172523961661,0.47714285714285715,0.7115613825983313
2012-12-11,0.6315622590238875,0.7491166077738516,0.5636726546906188,0.489650249821556,0.7238095238095238
2012-12-12,0.6135291927021085,0.6649029982363316,0.6392657621707901,0.4686162624821683,0.6813317479191439
2012-12-13,0.6335743991612158,0.7007042253521127,0.6928599920223375,0.48752672843905914,0.6532066508313539
2012-12-14,0.6468887004327545,0.6502636203866432,0.7029505582137161,0.5819088319088319,0.6524317912218268
2012-12-15,0.6861887794152222,0.6894736842105262,0.7301713830211239,0.5928825622775801,0.7322274881516587
2012-12-16,0.6547506495302914,0.6409807355516637,0.7302788844621514,0.5305832147937412,0.7171597633136094
2012-12-17,0.6414120772521374,0.7255244755244755,0.7303863002787734,0.46552949538024163,0.6442080378250591
2012-12-18,0.6522633420002547,0.75043630017452,0.7770700636942676,0.3955965909090909,0.6859504132231405
2012-12-19,0.6559970233982424,0.7630662020905923,0.8288897731794668,0.37047551454932576,0.6615566037735849
2012-12-20,0.6412252174426376,0.8208695652173913,0.7287191726332538,0.3333333333333333,0.6819787985865724
2012-12-21,0.6065919396948101,0.8177083333333334,0.6994035785288271,0.25513819985825653,0.6541176470588236
2012-12-22,0.5757980552905118,0.8110918544194108,0.6383147853736089,0.2556657223796034,0.5981198589894242
2012-12-23,0.5885564524768697,0.8356401384083045,0.6384584823202225,0.34961075725406937,0.5305164319248826
2012-12-24,0.6216152542411795,0.8151986183074266,0.6386020651310564,0.4476661951909477,0.5849941383352872
2012-12-25,0.5595239053029634,0.7879310344827586,0.48114331083763395,0.508833922261484,0.4601873536299766
2012-12-26,0.5382181395391685,0.7831325301204819,0.4813492063492063,0.4766949152542373,0.41169590643274856
2012-12-27,0.48859201292087756,0.7457044673539519,0.4783815946053154,0.4347212420606916,0.2955607476635514
2012-12-28,0.46956113688810885,0.7461406518010292,0.46272799365582873,0.4605077574047955,0.2088681446907818
2012-12-29,0.4733012645978965,0.7705479452054794,0.5001981767736821,0.43481324876673716,0.18764568764568765
2012-12-30,0.474907093888576,0.7350427350427351,0.5003961965134707,0.3626760563380282,0.30151338766006985
2012-12-31,0.4410910508111603,0.6757679180887373,0.5005940594059406,0.362420830401126,0.2255813953488372
2013-01-01,0.41390236471040937,0.626916524701874,0.45447347585114806,0.3593530239099859,0.2148664343786295
2013-01-02,0.4710548361493631,0.6836734693877551,0.4546893549663633,0.4546732255797611,0.29118329466357307
2013-01-03,0.5318292763153121,0.7147707979626485,0.5431170886075949,0.5252808988764045,0.34414831981460026
2013-01-04,0.47511587915153003,0.6508474576271186,0.472123368920522,0.5726315789473684,0.2048611111111111
2013-01-05,0.4530863474021919,0.6040609137055837,0.38537549407114624,0.5974754558204769,0.2254335260115607
2013-01-06,0.458116329827471,0.6131756756756757,0.38561833267483203,0.6489138051857043,0.18475750577367206
2013-01-07,0.46265167331072043,0.6711635750421585,0.38586097946287523,0.6309523809523809,0.16262975778546712
2013-01-08,0.4787005921041232,0.6262626262626263,0.409001184366364,0.6641007697690693,0.2154377880184332
2013-01-09,0.5162899175301319,0.6789915966386555,0.4222573007103394,0.6762237762237763,0.28768699654775604
2013-01-10,0.5336881111120078,0.6879194630872483,0.43037475345167653,0.6946191474493362,0.3218390804597701
2013-01-11,0.609791157032462,0.6968174204355109,0.5161671924290221,0.729050279329609,0.4971297359357061
2013-01-12,0.5976887922377463,0.6337792642140468,0.5065037445802129,0.755059316120028,0.4954128440366973
2013-01-13,0.6180731108988196,0.676126878130217,0.5066981875492513,0.7384937238493724,0.5509736540664376
2013-01-14,0.6004862586287539,0.6366666666666667,0.5068924773532887,0.7560975609756098,0.5022883295194508
2013-01-15,0.6027536729688993,0.6821963394342763,0.49842519685039366,0.7458217270194986,0.4845714285714286
2013-01-16,0.5877312361623853,0.627906976744186,0.49035812672176304,0.7543493389004872,0.478310502283105
2013-01-17,0.6052368310124382,0.7661691542288558,0.4516129032258065,0.7447844228094576,0.4583808437856328
2013-01-18,0.5853545540518179,0.6754966887417219,0.44003145890680295,0.7213342599027102,0.5045558086560364
2013-01-19,0.523391586872093,0.4991735537190083,0.33018867924528306,0.7090277777777778,0.5551763367463026
2013-01-20,0.5320042535352157,0.5165016501650165,0.33045186640471513,0.7231089521165857,0.5579545454545455
2013-01-21,0.5360178702078933,0.5123558484349259,0.3307148468185389,0.6823855755894591,0.6186152099886493
2013-01-22,0.5412288885143255,0.524671052631579,0.3309776207302709,0.6403326403326404,0.6689342403628118
2013-01-23,0.5435241703587628,0.5106732348111658,0.347331240188383,0.5969529085872576,0.7191392978482446
2013-01-24,0.5653535475961468,0.5327868852459017,0.35935661043546485,0.5785467128027681,0.7907239819004525
2013-01-25,0.6163398557657509,0.5335515548281506,0.4337254901960784,0.6438450899031812,0.8542372881355932
2013-01-26,0.6140449158627452,0.5294117647058824,0.4065072520580164,0.6489288182446441,0.871331828442438
2013-01-27,0.6297299190961841,0.5611745513866231,0.40673981191222575,0.6671270718232044,0.8838782412626832
2013-01-28,0.62487967589051,0.5228013029315961,0.4069721895808852,0.6846100759144237,0.8851351351351351
2013-01-29,0.6274947965499602,0.5203252032520325,0.3715740015661707,0.7406896551724138,0.8773903262092239
2013-01-30,0.6529871690229829,0.5064935064935066,0.4661448140900196,0.7415575465196417,0.8977528089887641
2013-01-31,0.6632752911293216,0.5413290113452188,0.46517996870109546,0.7431129476584022,0.9034792368125701
2013-02-01,0.6344334519127666,0.46601941747572817,0.5037152913570591,0.6958017894012388,0.8721973094170403
2013-02-02,0.6122464201867049,0.4474959612277868,0.42103205629397966,0.7159559834938102,0.864501679731243
2013-02-03,0.601678327178945,0.4306451612903226,0.42125830402500974,0.6666666666666666,0.8881431767337807
2013-02-04,0.6163193206685937,0.48631239935587767,0.421484375,0.6703296703296703,0.8871508379888268
2013-02-05,0.6151501908009567,0.5466237942122186,0.3740726278797345,0.6492793411118737,0.890625
2013-02-06,0.6247824525917232,0.4911717495987159,0.48321623731459795,0.6618655692729767,0.862876254180602
2013-02-07,0.6277978679177467,0.608974358974359,0.41435817401482633,0.63262508567512,0.8552338530066815
2013-02-08,0.5868732161458887,0.5568,0.359594383775351,0.6068493150684932,0.8242491657397107
2013-02-09,0.5692287787183113,0.560702875399361,0.346588693957115,0.5496235455167693,0.82
2013-02-10,0.5419667425359272,0.5502392344497608,0.3468433359314107,0.5116279069767442,0.7591564927857936
2013-02-11,0.53486176653987,0.554140127388535,0.34709777950915466,0.4654818865345181,0.7727272727272727
2013-02-12,0.5151609889874633,0.6184419713831478,0.2301401869158879,0.45901639344262296,0.7530454042081949
2013-02-13,0.4929540414652477,0.5777777777777777,0.23900350330868037,0.37406143344709897,0.7809734513274337
2013-02-14,0.4908320910106479,0.5055467511885896,0.2354085603112841,0.41132332878581174,0.8110497237569061
2013-02-15,0.49327138610079874,0.5506329113924051,0.22248152469856086,0.36332651670074984,0.8366445916114791
2013-02-16,0.4612412098743562,0.48815165876777256,0.21928460342146194,0.3106267029972752,0.8269018743109151
2013-02-17,0.4630300232153504,0.5457413249211356,0.2195880295375049,0.2784206943498979,0.8083700440528634
2013-02-18,0.4720672426023304,0.5968503937007874,0.21989121989121985,0.2673469387755102,0.8041804180418042
2013-02-19,0.45337735376777455,0.5487421383647799,0.22019417475728154,0.2467709041468389,0.7978021978021979
2013-02-20,0.4630407655850228,0.5620094191522763,0.20225155279503104,0.26902173913043476,0.818880351262349
2013-02-21,0.4549264337305404,0.5658307210031348,0.2339930151338766,0.26001357773251865,0.7598684210526315
2013-02-22,0.43175640066963294,0.5978090766823161,0.16718386346004654,0.2774762550881954,0.6845564074479737
2013-02-23,0.4680585428630013,0.684375,0.16440480806514157,0.3254237288135593,0.6980306345733042
2013-02-24,0.45388045749583844,0.6770670826833074,0.1647286821705426,0.33875338753387535,0.6349726775956284
2013-02-25,0.4529531647453807,0.6713395638629284,0.16505230530802018,0.40555179417738657,0.5698689956331878
2013-02-26,0.445586501443565,0.6314152410575428,0.16343919442292798,0.4215155615696888,0.5659760087241004
2013-02-27,0.4315254062238084,0.6288819875776397,0.15679442508710806,0.4415145368492224,0.4989106753812636
2013-02-28,0.4488934402982324,0.6837209302325582,0.20007739938080493,0.4297297297297297,0.4820457018498368
2013-03-01,0.45310571108615594,0.6176470588235294,0.15512572533849134,0.4483457123565159,0.591304347826087
2013-03-02,0.440831866526783,0.5888717156105101,0.11832946635730857,0.48717948717948717,0.5689467969598263
2013-03-03,0.46623392238203537,0.632716049382716,0.11867027444916889,0.5246122724207687,0.588937093275488
2013-03-04,0.4541566459206379,0.6363636363636364,0.1190108191653787,0.4642857142857143,0.5969664138678223
2013-03-05,0.4492094376161584,0.6630769230769231,0.11394360757049049,0.43973063973063975,0.5800865800865801
2013-03-06,0.4361488622362152,0.5960061443932412,0.11428571428571432,0.40511440107671604,0.6291891891891892
2013-03-07,0.4380432162650716,0.4570552147239264,0.11462755692782711,0.4418291862811029,0.7386609071274298
2013-03-08,0.4569454263119495,0.442572741194487,0.13194444444444442,0.4495967741935484,0.8036677454153183
2013-03-09,0.42768067347334765,0.3914373088685015,0.1191669880447358,0.3962390866353257,0.8038793103448276
2013-03-10,0.4234004735532446,0.39236641221374047,0.11950655358519657,0.35503355704697986,0.8266953713670614
2013-03-11,0.4401162825899304,0.3902439024390244,0.11984585741811171,0.4138162307176392,0.8365591397849462
2013-03-12,0.4705494683498173,0.4703196347031964,0.14214175654853622,0.4168900804289544,0.8528464017185822
2013-03-13,0.4767608094162533,0.42553191489361697,0.19098960338852522,0.43000669792364365,0.8605150214592274
2013-03-14,0.4616706667961564,0.3884673748103187,0.18283294842186293,0.4243641231593039,0.8510182207931404
2013-03-15,0.4627890571959202,0.4424242424242424,0.20200076952674106,0.43478260869565216,0.771948608137045
2013-03-16,0.4767402782764979,0.47806354009077157,0.23076923076923073,0.47192513368983957,0.7262032085561497
2013-03-17,0.44227611128098915,0.42900302114803623,0.23106497500961165,0.48830995323981297,0.6207264957264957
2013-03-18,0.4389061938024439,0.41779788838612364,0.2313604919292852,0.5120160213618158,0.5944503735325507
2013-03-19,0.46156917057903324,0.45030120481927716,0.19247022666154434,0.5670446964643095,0.6364605543710021
2013-03-20,0.466251715809156,0.4842105263157894,0.18317972350230416,0.6246666666666667,0.5729499467518637
2013-03-21,0.4970786849844235,0.484984984984985,0.21228406909788866,0.6442371752165224,0.6468085106382979
2013-03-22,0.5199822105914932,0.46176911544227883,0.23637759017651572,0.6697736351531292,0.7120085015940489
2013-03-23,0.5433986503792992,0.4011976047904192,0.30111238971998466,0.6952761144377911,0.7760084925690022
2013-03-24,0.5652809206692058,0.3662182361733931,0.3013803680981595,0.7313829787234043,0.8621420996818664
2013-03-25,0.5576540827045476,0.32089552238805974,0.30164814105021076,0.746843853820598,0.861228813559322
2013-03-26,0.5783059371191297,0.3487332339791356,0.36245210727969346,0.7470119521912351,0.855026455026455
2013-03-27,0.5819752928747675,0.31845238095238093,0.40022979701263883,0.7445255474452555,0.864693446088795
2013-03-28,0.5784674499589401,0.34026745913818723,0.36753445635528326,0.7380636604774535,0.8680042238648363
2013-03-29,0.6128728733303563,0.30415430267062316,0.47876004592422505,0.756129887342611,0.9124472573839663
2013-03-30,0.5897369722204302,0.2711111111111111,0.41162968630451413,0.7562913907284768,0.9199157007376185
2013-03-31,0.5916864058497714,0.34171597633136097,0.41185468451242835,0.7584381204500331,0.8547368421052631
2013-04-01,0.5961116363290393,0.3825701624815362,0.4120795107033639,0.7328042328042328,0.8569926393270242
2013-04-02,0.6181221623966131,0.37315634218289084,0.46771111960259837,0.7534699272967614,0.8781512605042017
2013-04-03,0.6715504607838789,0.42562592047128134,0.573720397249809,0.7886393659180978,0.8982161594963274
2013-04-04,0.6956918447893815,0.43676470588235294,0.5975563192058038,0.8270627062706271,0.9213836477987422
2013-04-05,0.6701251193206325,0.4889867841409692,0.4595419847328245,0.837730870712401,0.8942408376963351
2013-04-06,0.6984108904210332,0.5483870967741935,0.566959175887066,0.8352010547132498,0.8430962343096234
2013-04-07,0.7068631767291482,0.6134699853587116,0.5671243325705568,0.8234519104084321,0.8234064785788924
2013-04-08,0.702305520088046,0.5657894736842105,0.5672893633244377,0.8400263331138907,0.8361169102296451
2013-04-09,0.7026523133234769,0.5503649635036496,0.5499237804878049,0.8552631578947368,0.8550573514077163
2013-04-10,0.7086590242676388,0.49562682215743437,0.6087619047619048,0.8573307034845496,0.8729166666666667
2013-04-11,0.6899226823753473,0.4221251819505094,0.5613099771515613,0.8699080157687253,0.9063475546305931
2013-04-12,0.7045657417891605,0.38953488372093026,0.6707270650932623,0.871306631648063,0.8866943866943867
2013-04-13,0.7192421486875153,0.4136429608127722,0.6407914764079148,0.8786089238845144,0.9439252336448598
2013-04-14,0.7253842106653108,0.40724637681159426,0.6409281095473565,0.8865573770491804,0.966804979253112
2013-04-15,0.7127566634715714,0.361794500723589,0.6410646387832699,0.8761467889908257,0.9720207253886011
2013-04-16,0.6507403711318351,0.27601156069364163,0.4808057772709996,0.870988867059594,0.9751552795031055
2013-04-17,0.6769657543591381,0.28427128427128423,0.5771276595744681,0.8671465968586387,0.9793174767321613
2013-04-18,0.6710898326418586,0.31556195965417866,0.5480440562096468,0.8476128188358404,0.9731404958677686
2013-04-19,0.647633567300056,0.2992805755395683,0.4973424449506454,0.8176470588235294,0.9762641898864809
2013-04-20,0.6376699349688678,0.31896551724137934,0.4599620493358634,0.8171129980404964,0.954639175257732
2013-04-21,0.6379246826607614,0.36298421807747494,0.4601669195751138,0.7996083550913838,0.9289392378990731
2013-04-22,0.643734368991538,0.42979942693409745,0.46037163443306783,0.781474233529028,0.9032921810699589
2013-04-23,0.6149087932989061,0.4892703862660944,0.3840030326004549,0.7477183833116037,0.8386433710174718
2013-04-24,0.6013039868121963,0.48857142857142855,0.4046987495263358,0.7100977198697068,0.8018480492813141
2013-04-25,0.582145041455513,0.4621968616262482,0.3689393939393939,0.7005208333333334,0.796923076923077
2013-04-26,0.6418212931707814,0.5,0.5539568345323741,0.6916070266753416,0.8217213114754098
2013-04-27,0.6128220974402054,0.46941678520625885,0.5389856169568509,0.647594278283485,0.7952917093142272
2013-04-28,0.6064987961931163,0.5184659090909092,0.5391600454029513,0.6055880441845354,0.7627811860940695
2013-04-29,0.6105294421340377,0.5120567375886524,0.5393343419062027,0.6603896103896104,0.7303370786516854
2013-04-30,0.6380264560626396,0.5056657223796034,0.635538752362949,0.6404931862426996,0.7704081632653061
2013-05-01,0.637189448604875,0.47807637906647804,0.6840513983371126,0.6251621271076524,0.7614678899082569
2013-05-02,0.5985268272743276,0.46327683615819204,0.6554590102002267,0.5625405055087492,0.7128309572301426
2013-05-03,0.5416627298015543,0.39210155148095904,0.5777945619335347,0.5019430051813472,0.6948118006103764
2013-05-04,0.5185022156435297,0.3464788732394366,0.6979992449981125,0.4045307443365696,0.625
2013-05-05,0.5067214494999136,0.3277074542897328,0.6981132075471699,0.34928848641655885,0.6517766497461929
2013-05-06,0.4905869238145453,0.3918539325842697,0.6982270841192003,0.21202327084680025,0.6602434077079108
2013-05-07,0.45333440105752554,0.3548387096774194,0.5723981900452488,0.20930232558139536,0.6767983789260384
2013-05-08,0.4725211798175885,0.3389355742296919,0.6551074255559743,0.2472562943834732,0.6487854251012146
2013-05-09,0.4471653938691896,0.35664335664335667,0.6785983421250942,0.22258064516129034,0.5308392315470172
2013-05-10,0.39861027015221895,0.41480446927374304,0.6369114877589455,0.1901998710509349,0.3525252525252525
2013-05-11,0.2748800031766394,0.4769874476987448,0.2932981927710844,0.16172680412371135,0.16750756811301715
2013-05-12,0.2761412419517392,0.5501392757660167,0.2935641701166729,0.15904700579523504,0.10181451612903226
2013-05-13,0.25054289288092413,0.5104311543810849,0.2938299473288186,0.15057915057915058,0.0473313192346425
2013-05-14,0.24872036099369588,0.5277777777777778,0.3098909364422715,0.14212218649517686,0.015090543259557344
2013-05-15,0.24965183057440637,0.5575589459084604,0.3191729323308271,0.11182519280205655,0.010050251256281407
2013-05-16,0.24463805771827055,0.6481994459833795,0.21345358887636223,0.10083493898522801,0.01606425702811245
2013-05-17,0.26485226149668323,0.6141078838174274,0.30353117956423736,0.1277278562259307,0.014042126379137413
2013-05-18,0.23227975264343226,0.5552486187845305,0.20465640255351103,0.14817190506735087,0.021042084168336674
2013-05-19,0.24691254583495964,0.5724137931034483,0.20495495495495497,0.18525641025641026,0.025025025025025027
2013-05-20,0.2479987329809648,0.5771349862258953,0.20525328330206383,0.17360666239590006,0.036
2013-05-21,0.24466325940896758,0.5337001375515819,0.2351837959489872,0.16581306017925737,0.04395604395604396
2013-05-22,0.24235537828635348,0.49725274725274726,0.2827146606674166,0.16250799744081892,0.02694610778443114
2013-05-23,0.2143186324955596,0.4705075445816187,0.2143928035982009,0.16240409207161124,0.009970089730807577
2013-05-24,0.22704292755223507,0.4780821917808219,0.24653428250281006,0.1706070287539936,0.012948207171314742
2013-05-25,0.2178643521268287,0.5061559507523941,0.17116104868913862,0.18518518518518517,0.008955223880597015
2013-05-26,0.2140037382669858,0.4972677595628415,0.17147135904155741,0.17932354818123802,0.007952286282306162
2013-05-27,0.2222346439125956,0.48840381991814463,0.17178143712574845,0.21683673469387754,0.011916583912611719
2013-05-28,0.2245367484228681,0.4822888283378747,0.1720912832023943,0.2179732313575526,0.025793650793650792
2013-05-29,0.20499188383244984,0.5197278911564626,0.12266267763649963,0.13694267515923567,0.040634291377601585
2013-05-30,0.19564092601690697,0.4904891304347826,0.10953271028037381,0.14194780394653086,0.040594059405940595
2013-05-31,0.20707524401616415,0.5223880597014925,0.09940209267563527,0.15903307888040713,0.04747774480712166
2013-06-01,0.22669207996955332,0.5962059620596206,0.09077325364213673,0.1792752701843611,0.040513833992094864
2013-06-02,0.22829456158509875,0.5994587280108254,0.09111277072442125,0.1880559085133418,0.034550839091806514
2013-06-03,0.2434470330154713,0.6297297297297297,0.0914520343411721,0.19047619047619047,0.0621301775147929
2013-06-04,0.2565736992976873,0.6275303643724697,0.13582089552238807,0.20875634517766498,0.054187192118226604
2013-06-05,0.2688975032573713,0.6212938005390836,0.11339052592316301,0.29169308814204187,0.04921259842519685
2013-06-06,0.2637645530274884,0.5881561238223418,0.12788963460104397,0.30164765525982257,0.03736479842674533
2013-06-07,0.2645907743312947,0.635752688172043,0.16809541557957508,0.2279924002533249,0.026522593320235755
2013-06-08,0.25414766666626504,0.6067114093959731,0.15052160953800298,0.19556962025316454,0.06378802747791953
2013-06-09,0.250501524854051,0.5831099195710456,0.15083798882681565,0.1739405439595193,0.09411764705882353
2013-06-10,0.25356067134145527,0.570281124497992,0.1511541325390916,0.1498103666245259,0.14299706170421156
2013-06-11,0.2533283613828565,0.5802139037433155,0.12579084480833647,0.09791535060012634,0.20939334637964774
2013-06-12,0.31069345787323255,0.5767690253671562,0.30208333333333337,0.09217171717171717,0.27174975562072334
2013-06-13,0.3629055487202824,0.5826666666666667,0.37671997024916326,0.08012618296529968,0.412109375
2013-06-14,0.4002542426163406,0.6005326231691079,0.44312267657992566,0.09394703656998739,0.4634146341463415
2013-06-15,0.4292280854314814,0.6236702127659575,0.6164994425863991,0.11027095148078135,0.3664717348927875
2013-06-16,0.43154509372897565,0.6666666666666667,0.6166419019316494,0.10012594458438287,0.3427458617332035
2013-06-17,0.3772007337204172,0.6657824933687002,0.616784255477163,0.0988042794210195,0.12743190661478598
2013-06-18,0.35262512146803465,0.6847682119205298,0.5326651818856718,0.10754716981132076,0.08551992225461613
2013-06-19,0.3846931132661546,0.6772486772486772,0.6285714285714286,0.11062225015713388,0.12233009708737864
2013-06-20,0.38964267594136615,0.690885072655218,0.6083086053412463,0.14007537688442212,0.11930164888457807
2013-06-21,0.29482066195053747,0.6662269129287599,0.18650352243233226,0.14438166980539863,0.1821705426356589
2013-06-22,0.33891395141187103,0.6548089591567852,0.19199406968124533,0.1468005018820577,0.36205227492739595
2013-06-23,0.3538871042860764,0.6934210526315789,0.1922934420155613,0.16426332288401255,0.3655705996131528
2013-06-24,0.3596966284874298,0.6793692509855453,0.19259259259259254,0.16102756892230577,0.4057971014492754
2013-06-25,0.3653237245904382,0.678477690288714,0.16068122917437988,0.17908578584846588,0.44305019305019305
2013-06-26,0.37655850954738657,0.6841415465268676,0.20355292376017764,0.16145181476846057,0.4570877531340405
2013-06-27,0.36679003681151856,0.6910994764397906,0.2500924898261191,0.14446529080675422,0.3815028901734104
2013-06-28,0.32987672863577283,0.6418300653594771,0.26072485207100593,0.136875,0.28007699711260825
2013-06-29,0.32681884678101836,0.6566579634464752,0.2314232902033272,0.13554028732042472,0.28365384615384615
2013-06-30,0.3337611878479716,0.6427640156453716,0.23170731707317072,0.14357053682896379,0.3170028818443804
2013-07-01,0.35848766816784794,0.6315104166666667,0.23199113409678607,0.15970056144728634,0.4107485604606526
2013-07-02,0.3907691837729078,0.5981794538361509,0.3179468242245199,0.17331670822942644,0.473633748801534
2013-07-03,0.2878721811472563,0.5935064935064935,0.1757105943152455,0.18878504672897195,0.19348659003831417
2013-07-04,0.31892056139555597,0.5603112840466926,0.18413284132841323,0.17621419676214198,0.3550239234449761
2013-07-05,0.33282772430502033,0.5466321243523315,0.1844337882700111,0.17672682016179217,0.4235181644359465
2013-07-06,0.2994945170020711,0.46313065976714096,0.11725663716814161,0.1486318407960199,0.4689589302769819
2013-07-07,0.31281692516622894,0.48062015503875966,0.11758201253225209,0.1454319453076445,0.5076335877862596
2013-07-08,0.3041465453119941,0.5032258064516129,0.11790714812085479,0.15217391304347827,0.4432793136320305
2013-07-09,0.29896824649313986,0.5206185567010309,0.0917127071823205,0.16449410304158907,0.41904761904761906
2013-07-10,0.30446090055160724,0.5508365508365508,0.08505154639175261,0.19851116625310175,0.3834443387250238
2013-07-11,0.300073944077692,0.5141388174807198,0.11667280088332721,0.23868567885926845,0.33079847908745247
2013-07-12,0.32606155160326167,0.5006418485237484,0.1898454746136865,0.29182156133828996,0.32193732193732194
2013-07-13,0.3528837087069013,0.4884615384615385,0.1430673041559397,0.40619195046439627,0.3738140417457306
2013-07-14,0.35281167582262574,0.4750320102432779,0.14338235294117652,0.4430693069306931,0.34976303317535545
2013-07-15,0.3673878438691303,0.5,0.14369717015803019,0.43475572047000616,0.39109848484848486
2013-07-16,0.35008036238639734,0.4559386973180076,0.13078618662747976,0.44746600741656367,0.3661305581835383
2013-07-17,0.42365273438319395,0.4630102040816326,0.16562614763128902,0.47807288449660285,0.5879017013232514
2013-07-18,0.4300836703465936,0.4318471337579618,0.1806167400881057,0.4808641975308642,0.6270066100094429
2013-07-19,0.38873574593780325,0.32951653944020354,0.1948623853211009,0.4484885872917952,0.5820754716981132
2013-07-20,0.3303751544201856,0.32274459974587044,0.21313279530447538,0.35018495684340323,0.4354382657869934
2013-07-21,0.31152275145294195,0.3565989847715736,0.21342134213421338,0.3173136167590881,0.3587570621468927
2013-07-22,0.31456264164995246,0.376425855513308,0.21370967741935487,0.34544334975369456,0.32267168391345247
2013-07-23,0.41653504961045135,0.3607594936708861,0.707218761451081,0.32184615384615384,0.27631578947368424
2013-07-24,0.4323517965138712,0.34134007585335024,0.784981684981685,0.3007380073800738,0.3023474178403756
2013-07-25,0.41661521687980285,0.3446969696969697,0.7843280849505676,0.29071911493546404,0.24671669793621012
2013-07-26,0.3834426453965479,0.3467843631778058,0.7368228404099562,0.3095823095823096,0.14058106841611998
2013-07-27,0.3963816662211269,0.353904282115869,0.7753384559092572,0.334561080417434,0.12172284644194757
2013-07-28,0.42388408173652237,0.4,0.77542062911485,0.35828220858895704,0.1618334892422825
2013-07-29,0.4445838439512789,0.4095477386934674,0.7755027422303473,0.35683629675045986,0.23644859813084113
2013-07-30,0.45069477374365624,0.42409033877038893,0.7419590643274854,0.3762254901960784,0.2605042016806723
2013-07-31,0.44956208199904235,0.39974937343358397,0.7058823529411764,0.41090018371096143,0.28171641791044777
2013-08-01,0.4552176512858693,0.41551939924906134,0.6008035062089117,0.45226438188494494,0.35228331780055916
2013-08-02,0.5152601178040493,0.41125,0.6239503468419131,0.5779816513761468,0.4478584729981378
2013-08-03,0.5368661901989531,0.43695380774032455,0.7036496350364964,0.6143031784841075,0.3925581395348837
2013-08-04,0.5218562041668184,0.4625935162094763,0.70375775264502,0.6255345143555284,0.2955390334572491
2013-08-05,0.5277649436970355,0.5616438356164384,0.7038657913931436,0.6672771672771672,0.17827298050139276
2013-08-06,0.5499964906239637,0.5111940298507462,0.8443310244258111,0.6821232458816352,0.16233766233766234
2013-08-07,0.5489571740229141,0.529192546583851,0.8604227405247813,0.6810975609756098,0.12511584800741427
2013-08-08,0.5357731910029211,0.5235732009925558,0.8604735883424408,0.6831200487507617,0.07592592592592592
2013-08-09,0.5095035000274302,0.4634448574969021,0.8889293517844137,0.5968331303288672,0.08880666049953746
2013-08-10,0.4760519083254094,0.5111386138613861,0.750637058609392,0.566646378575776,0.07578558225508318
2013-08-11,0.47636205142809956,0.5525339925834363,0.7507278020378457,0.5255474452554745,0.07663896583564174
2013-08-12,0.4561453885315283,0.5617283950617284,0.7508184794470717,0.44376899696048633,0.06826568265682657
2013-08-13,0.47392295817811836,0.5672009864364982,0.7414545454545455,0.5188335358444714,0.06820276497695853
2013-08-14,0.4354497356216042,0.5381773399014778,0.5816066884769175,0.5409836065573771,0.08103130755064457
2013-08-15,0.4298329707980465,0.5473554735547356,0.4749273255813954,0.5406553398058253,0.15639374425023
2013-08-16,0.41626406437466257,0.5184275184275184,0.44860152560842714,0.5482110369921165,0.14981617647058823
2013-08-17,0.4591380533239397,0.5374233128834356,0.5054466230936819,0.6072727272727273,0.18640955004591367
2013-08-18,0.5007542080428897,0.6752450980392157,0.5056261343012705,0.6432465172622653,0.17889908256880735
2013-08-19,0.5648157487366905,0.6842105263157895,0.5058055152394775,0.6888619854721549,0.38038496791934007
2013-08-20,0.5718834940534459,0.6907090464547677,0.38556401886108094,0.6636418632788869,0.5476190476190477
2013-08-21,0.557838823937867,0.6434676434676434,0.3567802755620014,0.662031438935913,0.5690759377859104
2013-08-22,0.5422910080060912,0.6451219512195122,0.23704240666908305,0.6809667673716012,0.6060329067641682
2013-08-23,0.5405816879976522,0.6455542021924483,0.2199275362318841,0.6986714975845411,0.5981735159817352
2013-08-24,0.5634076709240228,0.6739659367396593,0.2749003984063745,0.6898008449004225,0.614963503649635
2013-08-25,0.5792919208980671,0.6634264884568651,0.275162925416365,0.6839565741857659,0.6946216955332726
2013-08-26,0.5873768364712044,0.6468446601941747,0.27542526239594645,0.6949969861362266,0.73224043715847
2013-08-27,0.5452470062263801,0.6254545454545455,0.209479015918958,0.6981927710843373,0.6478616924476797
2013-08-28,0.5383313736253019,0.6041162227602905,0.17830018083182642,0.7272727272727273,0.6436363636363637
2013-08-29,0.5152985179981129,0.5864570737605804,0.21041214750542303,0.7111913357400722,0.553133514986376
2013-08-30,0.5069935965120796,0.607487922705314,0.20346946151066136,0.67708959711365,0.5399274047186933
2013-08-31,0.514852884871798,0.6357056694813028,0.2229046242774566,0.6604567307692307,0.5403445149592022
2013-09-01,0.5207788080184585,0.6349397590361445,0.22318526543878658,0.6018018018018018,0.6231884057971014
2013-09-02,0.4968364435471495,0.6329723225030084,0.2234657039711191,0.531812725090036,0.5990950226244344
2013-09-03,0.4755657378356087,0.5829326923076923,0.22374594009382898,0.4907018596280744,0.604882459312839
2013-09-04,0.43494587692946973,0.5822328931572629,0.15873015873015872,0.39448441247002397,0.6043360433604336
2013-09-05,0.4451279834679476,0.5851318944844125,0.2037504507753336,0.3445176752546435,0.6471119133574007
2013-09-06,0.43352196504997587,0.5485029940119761,0.136986301369863,0.3317365269461078,0.7168620378719567
2013-09-07,0.45075130343249026,0.5215311004784688,0.218018018018018,0.3076002393776182,0.7558558558558559
2013-09-08,0.45353316524621057,0.5519713261648745,0.21829971181556196,0.34629186602870815,0.6975697569756976
2013-09-09,0.4623708755706726,0.5310262529832935,0.2185812027367663,0.38135086670651525,0.7185251798561151
2013-09-10,0.4608999915008637,0.4839094159713945,0.1886249100071994,0.42353643966547194,0.7475292003593891
2013-09-11,0.468944788875547,0.5023809523809524,0.19611370996761424,0.4394029850746269,0.7378815080789947
2013-09-12,0.4713605499485745,0.549346016646849,0.2575539568345324,0.32517899761336516,0.7533632286995515
2013-09-13,0.5061963442704196,0.5522565320665083,0.409205321826681,0.3321407274895647,0.7311827956989247
2013-09-14,0.4619374157888253,0.5776986951364176,0.36987778576563624,0.3039332538736591,0.5962399283795882
2013-09-15,0.46481628111014317,0.6018957345971564,0.37010420409629896,0.27814175104228706,0.6091234347048301
2013-09-16,0.45863150856282886,0.6071005917159764,0.3703304597701149,0.24404761904761904,0.613047363717605
2013-09-17,0.46070011015635265,0.5874704491725768,0.4980251346499103,0.22784057108863773,0.5294642857142857
2013-09-18,0.45279049359425294,0.577331759149941,0.4949748743718593,0.2294887039239001,0.5093666369313113
2013-09-19,0.41384848915212635,0.5412735849056604,0.561535701471116,0.28342245989304815,0.26916221033868093
2013-09-20,0.4624811379917743,0.5606595995288575,0.7629124820659972,0.2814726840855107,0.24487978628673196
2013-09-21,0.4750330024783769,0.5470588235294118,0.82502689135891,0.286053412462908,0.24199288256227758
2013-09-22,0.4726151642800907,0.5616921269095182,0.825089605734767,0.3054567022538553,0.19822222222222222
2013-09-23,0.4703581083904576,0.5410798122065728,0.8251522751701899,0.3366923532898637,0.17850799289520428
2013-09-24,0.4823214342635528,0.5381008206330598,0.8621060171919771,0.3631516587677725,0.16592724046140195
2013-09-25,0.451098640229144,0.5398126463700235,0.7687074829931972,0.339846062759029,0.15602836879432624
2013-09-26,0.4944012488307141,0.5695906432748539,0.8203292770221904,0.35562130177514795,0.2320637732506643
2013-09-27,0.4478840213610357,0.5747663551401869,0.8125223613595707,0.29982259018332347,0.10442477876106195
2013-09-28,0.4839313036236379,0.6137689614935823,0.825107296137339,0.3120567375886525,0.1847922192749779
2013-09-29,0.49827639128115764,0.5850815850815851,0.825169824812299,0.3372711163614885,0.24558303886925795
2013-09-30,0.4900279929215321,0.6006984866123399,0.8252323087919943,0.3347107438016529,0.1994704324801412
2013-10-01,0.4889510428801888,0.6441860465116279,0.8703108252947481,0.27728613569321536,0.164021164021164
2013-10-02,0.5011071336740327,0.6295005807200929,0.8796428571428572,0.3419811320754717,0.15330396475770924
2013-10-03,0.6064278443978438,0.5696055684454757,0.914673330953231,0.4572775486152033,0.4841549295774648
2013-10-04,0.6525750857278907,0.5724217844727695,0.8818700927908637,0.5429917550058893,0.6130167106420404
2013-10-05,0.6503245462417893,0.5555555555555556,0.923296468069925,0.5644496762801648,0.5579964850615114
2013-10-06,0.6527686660699291,0.6184971098265897,0.9233238231098431,0.5670588235294117,0.5021949078138718
2013-10-07,0.6750865323660266,0.6628175519630485,0.9233511586452763,0.5825984714873603,0.531578947368421
2013-10-08,0.6854667942085002,0.6585928489042676,0.8488952245188881,0.6462984723854289,0.5880806310254163
2013-10-09,0.6710906665519126,0.6762672811059908,0.7809048806555041,0.6177334116265414,0.6094570928196147
2013-10-10,0.5445709242425677,0.6777905638665132,0.6912393162393162,0.5205399061032864,0.2887139107611549
2013-10-11,0.511980581025406,0.6528735632183909,0.6913492346030616,0.5043988269794721,0.1993006993006993
2013-10-12,0.48148554198196714,0.6130884041331803,0.6622775800711744,0.5099648300117233,0.1406113537117904
2013-10-13,0.4962988597475172,0.6318807339449541,0.6623977232301672,0.5155243116578794,0.17539267015706805
2013-10-14,0.5367692446078786,0.6139747995418099,0.6625177809388336,0.5872365339578455,0.2833478639930253
2013-10-15,0.5825795779531783,0.6270022883295194,0.6626377532883043,0.6190754827384435,0.42160278745644597
2013-10-16,0.5994940737982154,0.5748571428571428,0.7043354655294953,0.6461988304093568,0.4725848563968668
2013-10-17,0.6238206860179483,0.5707762557077626,0.6230905861456484,0.6744593804792519,0.6269565217391304
2013-10-18,0.6689622794163961,0.5826681870011403,0.7745028409090909,0.6688084112149533,0.6498696785403997
2013-10-19,0.7058490768561778,0.5956719817767654,0.7884274050408235,0.673671920607122,0.765625
2013-10-20,0.7187140975398716,0.5608646188850968,0.7885024840312278,0.6989498249708285,0.826539462272333
2013-10-21,0.7069803169520237,0.5375,0.7885775097552323,0.6682215743440233,0.8336221837088388
2013-10-22,0.6309205572524577,0.5278093076049943,0.4787234042553191,0.6643356643356644,0.8528138528138528
2013-10-23,0.6704189929325894,0.4886621315192744,0.6370081531371854,0.6831683168316832,0.8728373702422145
2013-10-24,0.6678811117206549,0.5016987542468856,0.595322466335932,0.6885913853317811,0.8859118409680208
2013-10-25,0.7053122669873749,0.5418552036199096,0.6149486362026213,0.7300756253635835,0.9343696027633851
2013-10-26,0.6972108521712956,0.480225988700565,0.6225212464589236,0.7447674418604651,0.9413287316652287
2013-10-27,0.6871047204792045,0.4616252821670429,0.6226548672566372,0.715862870424172,0.9482758620689655
2013-10-28,0.6747188627224119,0.43855693348365277,0.6227883934890304,0.705574912891986,0.9319552110249785
2013-10-29,0.6811902788043838,0.4414414414414415,0.6880084895649098,0.681369704004643,0.9139414802065404
2013-10-30,0.6524596965848953,0.46006749156355453,0.6439179632248939,0.6322505800464037,0.8736027515047291
2013-10-31,0.6283181488273416,0.42471910112359545,0.6267232237539766,0.6121739130434782,0.8496563573883161
2013-11-01,0.5559830371660972,0.44668911335578,0.49363957597173147,0.5393974507531866,0.744206008583691
2013-11-02,0.4111127275425734,0.4966367713004485,0.34086895090074176,0.4475969889982629,0.35934819897084047
2013-11-03,0.3786540347791517,0.4893617021276596,0.3411016949152542,0.4270833333333333,0.2570694087403599
2013-11-04,0.3978376846223476,0.49664429530201337,0.34133427462054355,0.4742625795257374,0.2791095890410959
2013-11-05,0.45680286132092063,0.535195530726257,0.38496824276640795,0.5109826589595375,0.3960650128314799
2013-11-06,0.4996267709021808,0.5011160714285714,0.30194003527336866,0.6048526863084922,0.5905982905982906
2013-11-07,0.5459668621769582,0.5050167224080268,0.33110014104372354,0.6662817551963048,0.681468830059778
2013-11-08,0.566408181539222,0.44988864142538976,0.27670074021854074,0.7455279861511829,0.7935153583617748
2013-11-09,0.618845316060072,0.44048943270300334,0.2970401691331924,0.8137254901960784,0.9241261722080136
2013-11-10,0.6337394700298183,0.4255555555555556,0.29728777738640366,0.8512968299711815,0.9608177172061328
2013-11-11,0.6387267098493095,0.4117647058823529,0.2975352112676056,0.863479262672811,0.9821276595744681
2013-11-12,0.6420374399774392,0.43237250554323725,0.29778247096092925,0.8601036269430051,0.9778911564625851
2013-11-13,0.6234797609457189,0.4518272425249169,0.22624912033779032,0.8498273878020713,0.9660152931180969
2013-11-14,0.6422641528066401,0.4911504424778761,0.2838550826591628,0.8424381828637147,0.9516129032258065
2013-11-15,0.6363790771567029,0.5038674033149171,0.27250351617440227,0.8327586206896552,0.9363867684478372
2013-11-16,0.6243179442130685,0.4713024282560706,0.2927943760984183,0.8179207352096496,0.9152542372881356
2013-11-17,0.6154951438918006,0.4862183020948181,0.2930428671820099,0.7944890929965557,0.8882303132938189
2013-11-18,0.6090319329916368,0.5165198237885462,0.2932911837021426,0.7819850831899025,0.8443316412859561
2013-11-19,0.6072422004061482,0.5610561056105611,0.2173455056179775,0.8010321100917431,0.849535080304311
2013-11-20,0.6313544279473721,0.5571428571428572,0.1951561951561952,0.8567335243553008,0.9163851351351351
2013-11-21,0.6484863637041371,0.5949506037321625,0.20736842105263154,0.8608247422680413,0.9308016877637131
2013-11-22,0.6355459994715076,0.6282894736842105,0.12592072956857248,0.8689181453921008,0.9190556492411467
2013-11-23,0.648470191530244,0.6418400876232202,0.1598877980364657,0.8747139588100686,0.9174389216512215
2013-11-24,0.6230566875660908,0.5897155361050328,0.1601822642832107,0.873642081189251,0.8686868686868687
2013-11-25,0.6387904520067323,0.6601092896174863,0.1604765241765943,0.8691428571428571,0.8654331370899916
2013-11-26,0.6411916741674426,0.6637554585152838,0.15411558669001746,0.8737864077669902,0.873109243697479
2013-11-27,0.6170319381245508,0.6052344601962922,0.15511204481792717,0.8681506849315068,0.8396305625524769
2013-11-28,0.6113443239860391,0.5816993464052287,0.13860693034651728,0.8836280661722761,0.8414429530201343
2013-11-29,0.6144976468361656,0.5451577801958651,0.13890832750174953,0.8996579247434435,0.8742665549036044
2013-11-30,0.6279784253794749,0.5369565217391304,0.16089541797831408,0.9162393162393162,0.897822445561139
2013-12-01,0.6480118216944298,0.5472312703583062,0.16118881118881123,0.9288154897494305,0.9548117154811715
2013-12-02,0.6555405017828042,0.5303687635574837,0.16148199930094376,0.9453614114968697,0.9849498327759197
2013-12-03,0.6473907385598899,0.5265438786565547,0.1278825995807128,0.9476678043230944,0.9874686716791979
2013-12-04,0.6636417282582633,0.5335497835497836,0.19490045406915824,0.9403069926094372,0.9858096828046744
2013-12-05,0.6573641081884508,0.46162162162162157,0.26187150837988826,0.9318181818181818,0.9741451209341118
2013-12-06,0.659219917799603,0.4643628509719222,0.31064572425828973,0.9068710959681999,0.955
2013-12-07,0.6691959289465632,0.46170442286947144,0.39148639218422887,0.8785471055618616,0.9450457951706911
2013-12-08,0.6633996637061352,0.49030172413793105,0.39169863969305896,0.8547929665343165,0.9168053244592346
2013-12-09,0.634889987472051,0.49300322927879436,0.3919107391910739,0.8100907029478458,0.8445552784704904
2013-12-10,0.6225665975761542,0.5053763440860215,0.42872080864412687,0.7546742209631728,0.8014950166112956
2013-12-11,0.5895842491422254,0.44683136412459723,0.4289198606271777,0.717440543601359,0.7651452282157676
2013-12-12,0.5960496393840441,0.424892703862661,0.5301288749564612,0.6638370118845501,0.7653399668325042
2013-12-13,0.5584707441659067,0.3965702036441586,0.5045264623955432,0.6119909502262444,0.7207953603976802
2013-12-14,0.5529037054773267,0.3768736616702355,0.5610859728506787,0.6014697569248163,0.6721854304635762
2013-12-15,0.5277841264021419,0.39358288770053473,0.5612386917188588,0.5971751412429378,0.5591397849462365
2013-12-16,0.5382106352145878,0.42307692307692313,0.561391304347826,0.6386222473178995,0.5297520661157025
2013-12-17,0.5529505905109918,0.39274279615795094,0.5135605006954103,0.6952595936794582,0.6102394715111478
2013-12-18,0.5606635983833683,0.3912579957356077,0.47619047619047616,0.7027636773829667,0.6724422442244224
2013-12-19,0.5204349640506655,0.3610223642172524,0.4041000694927033,0.6612175873731679,0.6553998351195384
2013-12-20,0.4434984279424883,0.3861702127659574,0.25807572073636675,0.5819718309859155,0.5477759472817133
2013-12-21,0.4164208720321455,0.3421891604675876,0.2777777777777778,0.5444819819819819,0.5012345679012346
2013-12-22,0.3902885474170055,0.3609341825902336,0.27802846233946543,0.43781654473832304,0.484375
2013-12-23,0.3590453385262654,0.366914103923648,0.27827897293546144,0.3357705286839145,0.4552177485620378
2013-12-24,0.3453637936740108,0.39618644067796616,0.3635102323968089,0.24901630129286115,0.3727422003284072
2013-12-25,0.3336878587875751,0.41375661375661377,0.4115811373092927,0.2157303370786517,0.2936833470057424
2013-12-26,0.2949540453482461,0.4556025369978859,0.4117850953206239,0.18865805727119594,0.12377049180327869
2013-12-27,0.28950496545533505,0.5089757127771911,0.3579348579348579,0.16498316498316498,0.12612612612612611
2013-12-28,0.2863241404992586,0.5421940928270041,0.40006927606511955,0.10319685922602355,0.09983633387888707
2013-12-29,0.2855750080779886,0.5626975763962065,0.40027700831024926,0.08856502242152467,0.09076042518397383
2013-12-30,0.28675722466939446,0.588421052631579,0.400484596746279,0.08459383753501401,0.07352941176470588
2013-12-31,0.2913398247624299,0.5636172450052577,0.4529411764705882,0.0761478163493841,0.07265306122448979
2014-01-01,0.30043003953309366,0.6113445378151261,0.47768938083708057,0.0621152770005596,0.05057096247960848
2014-01-02,0.2990734098074879,0.6201469045120671,0.4778699861687413,0.04530201342281879,0.05297473512632437
2014-01-03,0.26434976437609337,0.5660377358490566,0.3916349809885932,0.05086640581330352,0.048859934853420196
2014-01-04,0.2590339371151616,0.47120418848167545,0.4523151347615757,0.05810055865921788,0.05451586655817738
2014-01-05,0.2635730386198225,0.4884937238493724,0.4525043177892919,0.06532663316582915,0.04796747967479675
2014-01-06,0.2847332898485051,0.5527690700104493,0.45269337016574585,0.07254464285714286,0.060926076360682375
2014-01-07,0.2831310901809269,0.5553235908141962,0.4183638246461857,0.09146681539319576,0.06737012987012987
2014-01-08,0.30861333824678794,0.5589155370177268,0.4033816425120773,0.1505016722408027,0.12165450121654502
2014-01-09,0.3065650490259444,0.59375,0.26319420489824075,0.22506963788300835,0.14424635332252836
2014-01-10,0.31881538886049526,0.6670135275754423,0.2258620689655172,0.2366369710467706,0.145748987854251
2014-01-11,0.3257089327271908,0.6787941787941788,0.23957256118579795,0.25097384529771843,0.13349514563106796
2014-01-12,0.36749881774599075,0.6947040498442367,0.2398345968297726,0.3398220244716352,0.19563459983831852
2014-01-13,0.37564890058397465,0.6991701244813278,0.2400964519462625,0.3379655364091162,0.22536348949919224
2014-01-14,0.4028590727853144,0.6963730569948187,0.24965564738292012,0.29333333333333333,0.37207425343018563
2014-01-15,0.3869619723724151,0.7122153209109731,0.2977624784853701,0.2531926707384786,0.2846774193548387
2014-01-16,0.3319624551075724,0.7187176835573941,0.2150722642807984,0.21920088790233075,0.17485898468976632
2014-01-17,0.30926712832042,0.740702479338843,0.16064671482628134,0.21575152523571825,0.11996779388083736
2014-01-18,0.3044300638792884,0.7770897832817337,0.1691884456671252,0.1917960088691796,0.07964601769911504
2014-01-19,0.279455257944247,0.7670103092783505,0.16947404606393945,0.1290858725761773,0.0522508038585209
2014-01-20,0.2784356338658757,0.787847579814624,0.16975945017182126,0.11517165005537099,0.04096385542168675
2014-01-21,0.283922933543024,0.7746913580246914,0.1700446581930608,0.16768123962368567,0.023274478330658106
2014-01-22,0.292717520147122,0.7553956834532374,0.17239010989010994,0.21902654867256638,0.024057738572574178
2014-01-23,0.3055163913493718,0.7268993839835729,0.1932715413662891,0.26423438363736873,0.03766025641025641
2014-01-24,0.3151736522215334,0.7056410256410257,0.19148936170212771,0.31712707182320443,0.04643714971977582
2014-01-25,0.34214137000252454,0.6629098360655737,0.17015437392795885,0.43070127001656544,0.1048
2014-01-26,0.3779825149858367,0.6867963152507677,0.17043895747599447,0.5044150110375276,0.15027977617905675
2014-01-27,0.41322493263702953,0.6676891615541922,0.17072334590332539,0.5708769994484281,0.24361022364217252
2014-01-28,0.43999111492251736,0.6823289070480082,0.1771761480466073,0.5788313120176406,0.3216280925778133
2014-01-29,0.46668177508485437,0.6959183673469388,0.19458718739294278,0.5647382920110193,0.41148325358851673
2014-01-30,0.46565087028794644,0.6962283384301733,0.18801369863013695,0.552863436123348,0.4254980079681275
2014-01-31,0.46915443456038436,0.7291242362525459,0.12290311537144816,0.5795266923500275,0.4450636942675159
2014-02-01,0.4632662038410605,0.7253306205493388,0.12388774811772763,0.6259625962596259,0.37788385043754974
2014-02-02,0.4811884126811529,0.7672764227642277,0.1241874786178584,0.6223199560197911,0.4109697933227345
2014-02-03,0.4740720531138033,0.8253807106598985,0.12448700410396718,0.6104395604395605,0.3359809372517871
2014-02-04,0.45153738822383205,0.8407707910750507,0.14837606837606843,0.6106534870950028,0.20634920634920634
2014-02-05,0.4348039252742538,0.8480243161094225,0.1845522898154477,0.6130625686059276,0.09357652656621729
2014-02-06,0.42694993040107837,0.8552631578947368,0.19610522719508028,0.5874931431705979,0.06893819334389857
2014-02-07,0.4449402217007679,0.8594539939332659,0.28039617486338797,0.5646929824561403,0.07521773555027712
2014-02-08,0.46939965283368446,0.8282828282828283,0.3277569136223967,0.5221917808219179,0.19936708860759494
2014-02-09,0.47746695660143623,0.8304742684157417,0.32798634812286687,0.5355969331872946,0.2158102766798419
2014-02-10,0.4997834717365853,0.8235887096774194,0.32821562606618904,0.5566502463054187,0.29067930489731436
2014-02-11,0.5328347813816398,0.8136958710976838,0.35334242837653473,0.526258205689278,0.43804262036306235
2014-02-12,0.5489073263934079,0.8199195171026157,0.29287419024889194,0.5418261344997266,0.5410094637223974
2014-02-13,0.5805506837572554,0.8030150753768844,0.26959781867757326,0.6475409836065574,0.6020488573680063
2014-02-14,0.59923856766958,0.7821285140562249,0.2698466780238501,0.6646641179683234,0.6803149606299213
2014-02-15,0.638887731182018,0.773319959879639,0.3879427792915532,0.6806768558951966,0.7136113296616837
2014-02-16,0.6554149727335778,0.7875751503006012,0.3881511746680286,0.6912165848336062,0.7547169811320755
2014-02-17,0.6476981694693424,0.7507507507507507,0.38835942818243707,0.6952017448200655,0.7564807541241163
2014-02-18,0.6604287403155196,0.769,0.38856753997958493,0.7329700272479565,0.7511773940345369
2014-02-19,0.682795907018596,0.7612387612387612,0.49081632653061225,0.7363834422657952,0.7427450980392157
2014-02-20,0.6726386625733162,0.7544910179640718,0.4967698061883713,0.6728361458900382,0.7664576802507836
2014-02-21,0.6515802427217738,0.7547357926221336,0.429299796057104,0.6501632208922742,0.7721221613155834
2014-02-22,0.6446889290369717,0.7719123505976095,0.42949371389738367,0.6394779771615008,0.7378716744913928
2014-02-23,0.639864112346429,0.7741293532338308,0.4296875,0.6152173913043478,0.7404222048475372
2014-02-24,0.6449176447767813,0.7962226640159046,0.4298811544991511,0.6246605105920695,0.72890625
2014-02-25,0.6630399425738087,0.733862959285005,0.5278343516632722,0.6449511400651465,0.7455113192818111
2014-02-26,0.6884824780217861,0.7351190476190477,0.5626060400407193,0.6722734671730873,0.7839313572542902
2014-02-27,0.6631470967768863,0.7185332011892963,0.4674355495251018,0.6957700650759219,0.7708495713172252
2014-02-28,0.6609540641436967,0.7217821782178218,0.5008477449983045,0.7062330623306233,0.7149532710280374
2014-03-01,0.6912757021162395,0.7398615232443125,0.6003389830508474,0.7361863488624052,0.688715953307393
2014-03-02,0.6720473120268817,0.7045454545454546,0.600474415452389,0.7455332972387656,0.6376360808709176
2014-03-03,0.6710919477168604,0.7087857847976309,0.600609756097561,0.7440476190476191,0.6309246309246309
2014-03-04,0.6724608740969836,0.7001972386587771,0.6007450050795801,0.7452677122769065,0.6436335403726708
2014-03-05,0.636466812859208,0.6965517241379311,0.508124576844956,0.7508108108108108,0.5903801396431342
2014-03-06,0.6490355387429456,0.670275590551181,0.5661590524534688,0.7504051863857374,0.6093023255813953
2014-03-07,0.7072424965970182,0.6361848574237955,0.7645466847090663,0.7489200863930886,0.6793183578621224
2014-03-08,0.6885145376773067,0.6424361493123771,0.7179573892458573,0.7226119805720453,0.6710526315789473
2014-03-09,0.6614588154178155,0.6398429833169774,0.718052738336714,0.7071197411003236,0.5808197989172467
2014-03-10,0.6033806082469879,0.6931372549019608,0.7181480229807367,0.6900269541778976,0.312210200927357
2014-03-11,0.5440482909794658,0.683643486777669,0.7057432432432432,0.6632543103448276,0.12355212355212356
2014-03-12,0.5085020139671039,0.6829745596868885,0.6497804795677136,0.6348949919224556,0.06635802469135803
2014-03-13,0.4980192763980535,0.7038123167155426,0.6191762322754895,0.6367061356297093,0.03238242097147263
2014-03-14,0.4959416344368059,0.7080078125,0.6098548768140398,0.6535771920387305,0.012326656394453005
2014-03-15,0.4787446456867092,0.7170731707317073,0.5941295546558705,0.5983870967741935,0.005388760585065435
2014-03-16,0.47265820224289345,0.7309941520467836,0.5942664418212479,0.5615260612573885,0.0038461538461538464
2014-03-17,0.4639720957557446,0.7409931840311588,0.5944032366824006,0.5166487647690655,0.003843197540353574
2014-03-18,0.4501489805014209,0.7208171206225681,0.5945399393326593,0.48523886205045624,0.0
2014-03-19,0.4425386148985606,0.7541302235179786,0.5842318059299192,0.4302575107296137,0.0015349194167306216
2014-03-20,0.40863153574391203,0.7398058252427184,0.5186931626810374,0.37372654155495977,0.0023006134969325155
2014-03-21,0.3556333736598963,0.7303588748787585,0.35117845117845115,0.3333333333333333,0.007662835249042145
2014-03-22,0.35522026679729857,0.7170542635658914,0.3056210030292831,0.38136047134440276,0.016845329249617153
2014-03-23,0.36281209934913017,0.7250726040658277,0.30585464333781964,0.4004282655246253,0.019892884468247895
2014-03-24,0.3703860313610862,0.7205029013539652,0.30608812647157757,0.4044943820224719,0.05045871559633028
2014-03-25,0.3768961927147876,0.7246376811594203,0.31304640215198387,0.40802139037433155,0.061879297173414824
2014-03-26,0.3951299789294684,0.7326254826254825,0.3801680672268908,0.4051309460181721,0.06259541984732825
2014-03-27,0.4187310715793229,0.7859209257473481,0.48319892473118276,0.34935897435897434,0.05644546147978642
2014-03-28,0.399475715411527,0.7591522157996147,0.46758481692979514,0.2995194874532835,0.07164634146341463
2014-03-29,0.3889304899026521,0.737247353224254,0.47481531229012763,0.2705442902881537,0.07311500380807312
2014-03-30,0.382550208502015,0.726923076923077,0.4749916079221215,0.24533333333333332,0.08295281582952815
2014-03-31,0.3796005376216884,0.6887608069164265,0.47516778523489933,0.24040511727078892,0.11406844106463879
2014-04-01,0.41292005601187837,0.6938579654510557,0.6128815833612882,0.21044219499200853,0.1344984802431611
2014-04-02,0.4257380374509681,0.6778523489932886,0.619382964453387,0.22044728434504793,0.1852695520121488
2014-04-03,0.39344671796935116,0.6704980842911877,0.4676500167616493,0.2118147951037786,0.22382397572078908
2014-04-04,0.4105531347313924,0.6698564593301435,0.48860589812332444,0.18882978723404256,0.29492039423805916
2014-04-05,0.4242715174198026,0.6912045889101339,0.5179229480737018,0.18341307814992025,0.30454545454545456
2014-04-06,0.4235154502777842,0.673352435530086,0.5180843938379103,0.18544102019128586,0.31718395155185464
2014-04-07,0.4036174416474879,0.6717557251908397,0.5182457315031804,0.21720658523632502,0.20726172465960666
2014-04-08,0.36359988606917387,0.665395614871306,0.41767068273092367,0.208067940552017,0.16326530612244897
2014-04-09,0.4016464302344162,0.6657142857142857,0.6336567413850787,0.1893899204244032,0.11782477341389729
2014-04-10,0.4212462102999311,0.6784015223596574,0.6675585284280936,0.20996818663838812,0.1290566037735849
2014-04-11,0.47735604118324465,0.6378326996197718,0.710464727515881,0.2458929517753047,0.3152337858220211
2014-04-12,0.5124818291559903,0.6619183285849952,0.7018716577540107,0.24152542372881355,0.4446119065561417
2014-04-13,0.517265765759437,0.6603415559772297,0.7019712662880053,0.22181048173636844,0.48493975903614456
2014-04-14,0.5394161797853078,0.6597156398104265,0.7020708082832332,0.2037037037037037,0.5921745673438675
2014-04-15,0.5446699503356298,0.6553030303030303,0.5632721202003339,0.24431517715494447,0.7157894736842105
2014-04-16,0.5734128483926435,0.6622516556291391,0.5320427236315086,0.3097251585623679,0.7896318557475582
2014-04-17,0.5953572292690295,0.6559546313799622,0.5385385385385386,0.3475964078182779,0.8393393393393394
2014-04-18,0.6083592664326216,0.6610009442870632,0.5907271514342896,0.3775079197465681,0.8042010502625656
2014-04-19,0.6512300968665737,0.6622641509433962,0.7445815271757252,0.40422163588390503,0.7938530734632684
2014-04-20,0.6687381915053003,0.702167766258247,0.7446666666666666,0.45358649789029537,0.7745318352059926
2014-04-21,0.6501095332485246,0.7080979284369116,0.7447517494168611,0.44175013178703215,0.7058383233532934
2014-04-22,0.5952411001752794,0.7243650047036689,0.700532978014657,0.35247629083245524,0.6035901271503366
2014-04-23,0.5490662039210457,0.7349624060150376,0.6566766566766566,0.3091100579252238,0.49551569506726456
2014-04-24,0.4773527623195994,0.7474178403755869,0.5905459387483356,0.27421052631578946,0.2972367438386856
2014-04-25,0.44732490670436836,0.7448405253283302,0.5650582362728785,0.2577590741714887,0.22164179104477613
2014-04-26,0.4633241493383383,0.7132146204311153,0.49234863606121093,0.2823343848580442,0.36539895600298283
2014-04-27,0.4223407086069274,0.7556179775280899,0.49251745926172263,0.2653704676826064,0.17585692995529062
2014-04-28,0.4253608749207551,0.7717492984097287,0.49268617021276595,0.27468487394957986,0.16232315711094564
2014-04-29,0.45193689919895375,0.7635514018691589,0.5091392489199069,0.33490813648293966,0.20014880952380953
2014-04-30,0.44294236233365963,0.7983193277310925,0.5036544850498339,0.30325288562434416,0.16654275092936802
2014-05-01,0.4449190805128801,0.771455223880597,0.5117901029558286,0.3329837441006817,0.16344725111441308
2014-05-02,0.4566884894601661,0.7884436160298229,0.5803452855245683,0.3139412997903564,0.14402375649591687
2014-05-03,0.45160755186888857,0.8100558659217877,0.6651178227680052,0.2592980618124673,0.07195845697329377
2014-05-04,0.45693334980075245,0.8195348837209302,0.6652289316522892,0.2554973821989529,0.08747220163083766
2014-05-05,0.4553935800975695,0.8085501858736059,0.6653399668325042,0.24175824175824176,0.10592592592592592
2014-05-06,0.41522973398770296,0.7725162488393686,0.5908488063660478,0.21391213389121339,0.08364174685418209
2014-05-07,0.4277649622464411,0.7634508348794063,0.6532979781239643,0.19445896497647674,0.09985207100591716
2014-05-08,0.40588470040452146,0.7831325301204819,0.5069582504970178,0.20114942528735633,0.13229859571322986
2014-05-09,0.4299626900681447,0.7916666666666666,0.5332891685988739,0.22872062663185377,0.16617429837518463
2014-05-10,0.4355873166261555,0.786308973172988,0.3983443708609271,0.24478079331941544,0.3129151291512915
2014-05-11,0.4081356435027773,0.8059149722735675,0.398543528632903,0.2540427751695357,0.17404129793510326
2014-05-12,0.39678187152145944,0.7774699907663897,0.39874255459960295,0.2716371220020855,0.13927781871775977
2014-05-13,0.4095625597753543,0.7739852398523985,0.43929870989083697,0.3064095883272538,0.11855670103092783
2014-05-14,0.41632454543315933,0.7953917050691244,0.4801587301587301,0.2911458333333333,0.09860191317144959
2014-05-15,0.4189240303602896,0.8047882136279927,0.5527272727272727,0.2696512233211869,0.04852941176470588
2014-05-16,0.393986561599853,0.795768169273229,0.5142101784534039,0.24245577523413112,0.02351212343864805
2014-05-17,0.3937211023034011,0.8005514705882353,0.5285761480013215,0.23400936037441497,0.011747430249632892
2014-05-18,0.398053701546212,0.7750229568411386,0.5287318361955086,0.27598752598752596,0.012472487160674981
2014-05-19,0.41009584216867084,0.791743119266055,0.5288874215912842,0.3116883116883117,0.008064516129032258
2014-05-20,0.4266732359632839,0.775435380384968,0.5877887788778877,0.3354101765316719,0.00805860805860806
2014-05-21,0.45742228533598084,0.7793040293040293,0.5595513032002639,0.419823559937727,0.07101024890190337
2014-05-22,0.46749737101215205,0.7557182067703568,0.5385883905013192,0.46887966804979253,0.10680321872713973
2014-05-23,0.5151290029192831,0.7422303473491774,0.5872073854269699,0.481078278900985,0.25
2014-05-24,0.5952431896431919,0.7315068493150685,0.5758075148319051,0.5243523316062176,0.5493060628195763
2014-05-25,0.6140086171223073,0.7326642335766423,0.5759472817133443,0.4955981356809943,0.6518248175182482
2014-05-26,0.6095112340983587,0.7429352780309937,0.5760869565217391,0.4720496894409938,0.6469730123997083
2014-05-27,0.6201098377372252,0.74408014571949,0.5762265393480408,0.4604242110708743,0.6997084548104956
2014-05-28,0.597968452363943,0.737943585077343,0.5385121790651745,0.43588417786970013,0.6795338674435543
2014-05-29,0.5887894848948138,0.740909090909091,0.5166173083251069,0.4382428940568475,0.6593886462882096
2014-05-30,0.5868666198064633,0.7293369663941871,0.5463815789473685,0.46229338842975204,0.6094545454545455
2014-05-31,0.5617213126170465,0.7286751361161525,0.47681683656691876,0.4207537429013939,0.6206395348837209
2014-06-01,0.5785250154958984,0.741613780598368,0.4769888231426693,0.46078431372549017,0.6347131445170661
2014-06-02,0.6076709121831332,0.6947463768115942,0.477160696680907,0.5069623517276947,0.7518142235123367
2014-06-03,0.6045854649490595,0.6995475113122172,0.4044021024967148,0.5355670103092783,0.7788252356780275
2014-06-04,0.6036266104463525,0.6871609403254972,0.3773399014778325,0.5543534260690366,0.7956521739130434
2014-06-05,0.6210606688650675,0.7217705510388437,0.34143138542350626,0.576725025746653,0.8443157132512672
2014-06-06,0.6234534918443502,0.7256317689530686,0.3111256974072859,0.5959855892949047,0.8610709117221418
2014-06-07,0.6251269291452453,0.7204688908926962,0.32381889763779526,0.6239711934156379,0.8322487346348517
2014-06-08,0.6167404715316837,0.6981981981981982,0.3240406690718268,0.6087403598971722,0.8359826589595376
2014-06-09,0.5950894180889473,0.7128712871287128,0.32426229508196724,0.5554984583761562,0.787725631768953
2014-06-10,0.5693027993451979,0.7059352517985611,0.29432972795804657,0.517205957883924,0.7597402597402597
2014-06-11,0.5580170599878359,0.6963162623539982,0.34043250327653996,0.5046201232032854,0.6906993511175198
2014-06-12,0.5508976049974352,0.7136445242369838,0.3603013429413692,0.495638789122627,0.6340057636887608
2014-06-13,0.5785647371482178,0.6744394618834081,0.4020956123117223,0.5041025641025642,0.7336213102951764
2014-06-14,0.5876851863819726,0.6693548387096775,0.360392798690671,0.5094823167606356,0.8115107913669065
2014-06-15,0.5988437565362101,0.6893464637421665,0.36060209424083767,0.5035860655737705,0.8418404025880661
2014-06-16,0.6129966722446201,0.706618962432916,0.3608112528622833,0.5181771633384537,0.8663793103448276
2014-06-17,0.6185788218577895,0.6764968722073279,0.39568345323741005,0.5148413510747185,0.8872936109117013
2014-06-18,0.6081726002967465,0.6830357142857143,0.3229813664596274,0.5012787723785166,0.9253945480631277
2014-06-19,0.5959713818779201,0.6877787689562891,0.30686274509803924,0.46881390593047034,0.9204301075268817
2014-06-20,0.5576926606893615,0.6675579322638145,0.4188173799411957,0.3822176801226367,0.7621776504297995
2014-06-21,0.5530892872664724,0.6963490650044524,0.44513389941214887,0.3564862104187947,0.7143879742304939
2014-06-22,0.5162318696851997,0.7304270462633452,0.445315050603983,0.38131699846860645,0.5078683834048641
2014-06-23,0.4686927714043755,0.7306666666666667,0.44549608355091386,0.36122448979591837,0.33738384560400286
2014-06-24,0.45049753493305145,0.7344582593250444,0.4606851549755302,0.38041815400305967,0.22642857142857142
2014-06-25,0.41090921453065626,0.7320319432120674,0.4403131115459883,0.3470948012232416,0.12419700214132762
2014-06-26,0.4342060730419746,0.7171985815602837,0.5203782197587219,0.3851248089658686,0.11412268188302425
2014-06-27,0.45158109301348764,0.7387068201948628,0.5505215123859192,0.40020366598778007,0.11689237348538846
2014-06-28,0.44011518935956656,0.7292035398230088,0.5363310524600847,0.378117048346056,0.1168091168091168
2014-06-29,0.441786729038947,0.7418213969938108,0.5364820846905538,0.3550356052899288,0.13380782918149467
2014-06-30,0.44539094977645854,0.7544169611307421,0.5366330185607294,0.37671581087951195,0.11379800853485064
2014-07-01,0.4733479216595908,0.7202118270079435,0.6276041666666667,0.375,0.17057569296375266
2014-07-02,0.5013317241147011,0.7028218694885362,0.7162382037097299,0.3859827323514474,0.2002840909090909
2014-07-03,0.49189336140037687,0.707488986784141,0.7039687703318152,0.3822335025380711,0.17388218594748048
2014-07-04,0.49497727775554107,0.7200704225352113,0.7053658536585365,0.37645865043125315,0.17801418439716313
2014-07-05,0.4774424169731225,0.7053649956024626,0.7054616384915475,0.3564908722109533,0.14245216158752658
2014-07-06,0.46083454950133357,0.6985940246045694,0.7055573610659733,0.31170805879371516,0.1274787535410765
2014-07-07,0.4662286376816884,0.6971027216856892,0.7056530214424952,0.29584599797365757,0.16631280962491155
2014-07-08,0.43946494884262854,0.6912280701754385,0.6375446573562845,0.30886075949367087,0.12022630834512023
2014-07-09,0.45868585552499713,0.705521472392638,0.6337662337662338,0.37955465587044535,0.11590106007067137
2014-07-10,0.47912488434613965,0.6970227670753064,0.6806231742940604,0.41173495194739507,0.1271186440677966
2014-07-11,0.49268967395262786,0.6797900262467191,0.6875405580791694,0.4277047522750253,0.17572335920959775
2014-07-12,0.5008012530033468,0.7001748251748252,0.6256892637041842,0.4608388074785245,0.2165021156558533
2014-07-13,0.49944650000727836,0.7170305676855895,0.625810635538262,0.502020202020202,0.1529245947850599
2014-07-14,0.4833965657769207,0.6858638743455497,0.625931928687196,0.502776375567895,0.11901408450704225
2014-07-15,0.4535750002400307,0.6887532693984306,0.5706416072585871,0.47679112008072655,0.0781140042223786
2014-07-16,0.4244897350222124,0.6567944250871081,0.5503725299643667,0.41906202723146746,0.07172995780590717
2014-07-17,0.40778909787369616,0.6771105308964317,0.5197538860103628,0.3654233870967742,0.06886858749121574
2014-07-18,0.41836773045703346,0.6591304347826087,0.577533182259631,0.3743073047858942,0.0625
2014-07-19,0.4169341449506181,0.6446568201563858,0.5669902912621358,0.38872104733131924,0.06736842105263158
2014-07-20,0.44605629203627184,0.7274305555555556,0.5671303785182789,0.40060392551585305,0.08906030855539972
2014-07-21,0.4511222680713074,0.7077189939288812,0.5672703751617076,0.432092555331992,0.09740714786264891
2014-07-22,0.428331342268124,0.6594454072790294,0.4823795667636599,0.42584213172448465,0.14565826330532214
2014-07-23,0.4246725620415944,0.6519480519480519,0.4760827407886231,0.4020100502512563,0.16864940517844645
2014-07-24,0.43444589198490857,0.6513840830449826,0.4497576736672052,0.4324460070316424,0.2041958041958042
2014-07-25,0.4663511466745388,0.6568712186689715,0.4476744186046512,0.44779116465863456,0.31306778476589797
2014-07-26,0.4505647108567162,0.7158894645941278,0.37164998385534387,0.44656297039638737,0.2681564245810056
2014-07-27,0.4535298963262999,0.6980155306298533,0.37185280826339573,0.4358074222668004,0.30844382414515004
2014-07-28,0.45616001584519306,0.7129310344827586,0.3720555017747661,0.4070175438596491,0.33263598326359833
2014-07-29,0.48415304371638124,0.7080103359173127,0.3635483870967742,0.437875751503006,0.42717770034843205
2014-07-30,0.46582690298018103,0.6764199655765921,0.2712028377942599,0.45468202303455185,0.4610027855153203
2014-07-31,0.42831334196230214,0.7171109200343938,0.18214055448098,0.43543543543543545,0.37856645789839943
2014-08-01,0.40674283340943357,0.7560137457044673,0.15758942958427324,0.4192096048024012,0.2941585535465925
2014-08-02,0.4221619202912298,0.7450643776824034,0.16849226804123707,0.404,0.37109103544127864
2014-08-03,0.4206128745173344,0.7521440823327616,0.16876006441223834,0.4052973513243378,0.35625
2014-08-04,0.4284886626371837,0.7583547557840618,0.16902768834513848,0.4305694305694306,0.3560027758501041
2014-08-05,0.424240354055192,0.7654109589041096,0.1837785645317026,0.4558162755866201,0.2919556171983356
2014-08-06,0.4276148845759624,0.7596236099230111,0.15894465894465892,0.49251497005988026,0.2993762993762994
2014-08-07,0.4507169460665005,0.7572649572649572,0.1595368285622386,0.4982543640897756,0.3878116343490305
2014-08-08,0.459660584456194,0.7643040136635355,0.14180064308681672,0.4661016949152542,0.46643598615916954
2014-08-09,0.4561017606917261,0.764505119453925,0.15943426550948248,0.45440956651718983,0.4460580912863071
2014-08-10,0.4526240970346044,0.7757885763000852,0.15970437017994854,0.4596613545816733,0.41534208707671044
2014-08-11,0.45566608964188704,0.7529812606473595,0.15997430131705748,0.4594325535092086,0.45027624309392267
2014-08-12,0.47253132519043795,0.7804255319148936,0.19942196531791911,0.44029850746268656,0.4699792960662526
2014-08-13,0.4749306004975885,0.7865646258503401,0.18844301765650084,0.4405768274490303,0.48413793103448277
2014-08-14,0.5327080920005077,0.7774001699235344,0.22785622593068033,0.47912524850894633,0.6464507236388698
2014-08-15,0.5835406476064182,0.797962648556876,0.2540904716073147,0.53899652260308,0.7431129476584022
2014-08-16,0.6054870288925109,0.7752332485156912,0.28159076330981403,0.5908639523336644,0.774260151410874
2014-08-17,0.6283109608403161,0.8101694915254237,0.2818210965052902,0.6069478908188586,0.8143053645116919
2014-08-18,0.6308151102442372,0.8086367485182049,0.28205128205128205,0.6071428571428571,0.8254295532646048
2014-08-19,0.6326196043680314,0.7495769881556684,0.29509772508811283,0.6197322756569162,0.8660714285714286
2014-08-20,0.6181482763129527,0.746407438715131,0.24215246636771304,0.5931615460852329,0.8908716540837337
2014-08-21,0.6163146349142765,0.7728040540540541,0.21549791866794754,0.5839524517087668,0.8930041152263375
2014-08-22,0.6096461103341937,0.7789029535864979,0.1955825864276568,0.5826732673267326,0.8814256339958876
2014-08-23,0.6004438518190613,0.769814502529511,0.18752000000000002,0.5581395348837209,0.8863013698630137
2014-08-24,0.5845486192233744,0.7674810446503791,0.18777991042866282,0.5321463897131553,0.8507871321013005
2014-08-25,0.5777121488115072,0.7491582491582491,0.18803965462104255,0.5289174493326743,0.844733242134063
2014-08-26,0.5493177841506103,0.6862910008410429,0.19437340153452687,0.5237154150197628,0.7928913192071086
2014-08-27,0.5294409907987514,0.6336134453781512,0.20294023649728343,0.5353086419753087,0.7459016393442623
2014-08-28,0.5129001975646406,0.6255247691015953,0.28115015974440893,0.5217176702862784,0.6232081911262799
2014-08-29,0.5098776482779516,0.6174496644295302,0.356116256786969,0.517513566847558,0.548431105047749
2014-08-30,0.4828325233273733,0.6160938809723386,0.3713282247765006,0.4960552268244576,0.44785276073619634
2014-08-31,0.46503677740950977,0.5795644891122278,0.37152888605170764,0.5071463775258748,0.4019073569482289
2014-09-01,0.46338901529713483,0.5757322175732218,0.37172941927249525,0.49901477832512314,0.40707964601769914
2014-09-02,0.46759102192034796,0.5660535117056856,0.37192982456140355,0.5051698670605613,0.4272108843537415
2014-09-03,0.4487473395304616,0.5622389306599833,0.2991071428571429,0.5162401574803149,0.4174031271244052
2014-09-04,0.46479034244978856,0.5826377295492488,0.33598979917118266,0.49827840629611414,0.4422554347826087
2014-09-05,0.44006261005398095,0.572977481234362,0.29923518164435947,0.4365781710914454,0.451459606245757
2014-09-06,0.4458884151134154,0.5766666666666667,0.29276839757884676,0.4466830466830467,0.46743554952510175
2014-09-07,0.44126564176366917,0.5537052456286429,0.29299363057324845,0.4214145383104126,0.4969491525423729
2014-09-08,0.4526161388973547,0.5574043261231281,0.2932187201528176,0.4835542464408444,0.47628726287262874
2014-09-09,0.45829276073547043,0.5552784704904405,0.2517504774029281,0.4784102060843965,0.5477318889641164
2014-09-10,0.4407016580043198,0.5456810631229236,0.16417435571110406,0.5022069641981364,0.550744248985115
2014-09-11,0.4433055407390779,0.5336099585062241,0.14503816793893132,0.5367647058823529,0.5578093306288032
2014-09-12,0.4267721265789187,0.5232172470978441,0.14340222575516692,0.5242528172464478,0.5162162162162162
2014-09-13,0.3775387535882298,0.527754763877382,0.11919898283534647,0.5019588638589618,0.3612424037812289
2014-09-14,0.33324138135356635,0.5190397350993378,0.11947886876390212,0.47919725893294174,0.21524966261808368
2014-09-15,0.32131022076140675,0.5417700578990902,0.11975857687420588,0.44569471624266144,0.17801753202966958
2014-09-16,0.2857114118250474,0.5181818181818182,0.1047951730708161,0.4073349633251834,0.11253369272237197
2014-09-17,0.28354945215004884,0.5367464905037159,0.1282539682539683,0.3836754643206256,0.08552188552188553
2014-09-18,0.2631557755289333,0.5404290429042904,0.1139320850523643,0.3336590131900342,0.06460296096904442
2014-09-19,0.2840605227175015,0.52679307502061,0.11104060913705582,0.39013671875,0.10827168796234028
2014-09-20,0.29971113435877167,0.5065897858319605,0.10719949254678085,0.40897999023914106,0.1760752688172043
2014-09-21,0.33424135737443794,0.5053497942386831,0.10748256182625238,0.44878048780487806,0.27535258562793824
2014-09-22,0.3446950572190929,0.502467105263158,0.1077654516640254,0.41686981960019504,0.3516778523489933
2014-09-23,0.36624773978987346,0.5036976170912079,0.10361216730038025,0.4780701754385965,0.3796109993293092
2014-09-24,0.37641776902533486,0.48686371100164205,0.11118150142540384,0.4203604481246956,0.48726541554959785
2014-09-25,0.41878591463120224,0.5414273995077933,0.10892970234325527,0.43670886075949367,0.5880776959142666
2014-09-26,0.4252502932404702,0.5688524590163935,0.08990186767964548,0.45255474452554745,0.5896921017402945
2014-09-27,0.425341955037944,0.5585585585585586,0.06803797468354433,0.46206225680933855,0.6127090301003344
2014-09-28,0.43485748548917263,0.5957446808510638,0.06833280607402725,0.46037919299951385,0.6149732620320856
2014-09-29,0.465668496885177,0.6091578086672118,0.06862745098039214,0.5208940719144801,0.663994655978624
2014-09-30,0.47698064072156865,0.6299019607843137,0.06070186531773636,0.4963574550752793,0.7209612817089452
2014-10-01,0.46275375680730746,0.6440816326530612,0.05720606826801522,0.5393203883495146,0.6104069379586391
2014-10-02,0.4625590647096812,0.6427406199021207,0.0726698262243286,0.5521591460456089,0.5826666666666667
2014-10-03,0.4531504768736717,0.638956805215974,0.07359444093493372,0.5290979631425801,0.5709526982011992
2014-10-04,0.4603305660588428,0.5985342019543973,0.06030944111146197,0.5506543868153175,0.6318242343541944
2014-10-05,0.4746285546561845,0.5866558177379984,0.06060606060606055,0.5692829457364341,0.6819693945442449
2014-10-06,0.46083979257536883,0.4650406504065041,0.06090249289996841,0.5554479418886199,0.761968085106383
2014-10-07,0.48265904059570597,0.46953696181965876,0.07823343848580444,0.5682478218780251,0.8146179401993355
2014-10-08,0.48023519251934965,0.47077922077922074,0.09334594765058346,0.5002418964683115,0.8565737051792829
2014-10-09,0.48024226877857035,0.4793187347931873,0.12957124842370749,0.4647001934235977,0.847378898473789
2014-10-10,0.48127629450502885,0.4886547811993517,0.1711314213677907,0.3919768003866602,0.873342175066313
2014-10-11,0.4616022239189266,0.502834008097166,0.14209199747952106,0.34396135265700484,0.8575215374420145
2014-10-12,0.460698689462991,0.4975728155339806,0.1423622047244094,0.34524384355383875,0.8576158940397351
2014-10-13,0.46166797619862165,0.49555375909458366,0.142632241813602,0.3832046332046332,0.8252812706816678
2014-10-14,0.46079731625691356,0.507269789983845,0.14290210890777466,0.4013506994693681,0.7916666666666666
2014-10-15,0.4750767265163883,0.5020177562550444,0.17023285084959094,0.4223722275795564,0.8056840713813616
2014-10-16,0.49321700943146257,0.5016129032258064,0.18276187480339734,0.4549397590361446,0.8335535006605019
2014-10-17,0.48898997005467804,0.5060435132957293,0.14968553459119494,0.4797687861271676,0.8204620462046205
2014-10-18,0.49115083528228953,0.5080515297906603,0.15655454259666768,0.49590755897929706,0.804089709762533
2014-10-19,0.4708788160763788,0.5333869670152855,0.15681961030798242,0.4879692011549567,0.7053394858272907
2014-10-20,0.43076349574144734,0.5329581993569132,0.15708451146716929,0.45791245791245794,0.575098814229249
2014-10-21,0.4036030555259783,0.5429718875502008,0.19472361809045224,0.42115384615384616,0.4555628703094141
2014-10-22,0.3827666887291331,0.5304975922953451,0.2417582417582418,0.4627582892839981,0.29605263157894735
2014-10-23,0.33887994403053423,0.49398556535685645,0.2263025737602009,0.4274735830931796,0.20775805391190005
2014-10-24,0.34515746943525993,0.5176282051282051,0.21022905553812365,0.49639942390782527,0.15637319316688567
2014-10-25,0.3605159054444549,0.510808646917534,0.2606649937264742,0.5110364683301344,0.15955351280367697
2014-10-26,0.37900902477194554,0.5056,0.2608968328629665,0.5270983213429257,0.22244094488188976
2014-10-27,0.4032967208859648,0.5283772981614708,0.261128526645768,0.4971236816874401,0.3265573770491803
2014-10-28,0.4316082516985733,0.5119808306709266,0.29959260419931055,0.5203641590800192,0.3944954128440367
2014-10-29,0.45137701909338507,0.5067837190742219,0.45238095238095233,0.48419540229885055,0.3621480026195154
2014-10-30,0.4815983458019689,0.5135566188197767,0.555903538991544,0.4930588798468167,0.36387434554973824
2014-10-31,0.47721252008278336,0.49800796812749004,0.47401377582968063,0.4698564593301435,0.4669718770438195
2014-11-01,0.43523895007075497,0.5031847133757962,0.32018779342723,0.44045911047345765,0.477124183006536
2014-11-02,0.4393248352415774,0.5202863961813842,0.3204005006257822,0.4254302103250478,0.49118223383409537
2014-11-03,0.4532488625960925,0.5405405405405406,0.32061307475758527,0.5040611562350693,0.44778067885117495
2014-11-04,0.3949966351571498,0.5583796664019063,0.18511569731081923,0.48424068767908307,0.3522504892367906
2014-11-05,0.434323388349456,0.7039682539682539,0.3229134104407627,0.46921241050119333,0.24119947848761408
2014-11-06,0.39254348367660213,0.7216494845360825,0.18281250000000004,0.4833015267175573,0.18241042345276873
2014-11-07,0.3639642218084864,0.6830427892234548,0.12089971883786321,0.5145445875059609,0.13736979166666666
2014-11-08,0.3703035112827374,0.6555819477434679,0.1402248594628357,0.5624404194470924,0.12296681847755368
2014-11-09,0.3567510249930411,0.6613924050632911,0.14049328754292856,0.5535969509290138,0.07152145643693109
2014-11-10,0.3442031555427282,0.6316205533596838,0.1407615480649188,0.5147619047619048,0.08966861598440545
2014-11-11,0.3510267544329665,0.6350710900473934,0.11357254290171603,0.5268919562113279,0.12857142857142856
2014-11-12,0.3568013775114719,0.6337805840568271,0.11384903306300687,0.5147478591817317,0.16482803374432187
2014-11-13,0.4287411771614472,0.6309148264984228,0.14780168381665104,0.5263908701854494,0.4098573281452659
2014-11-14,0.4430140827601313,0.5949566587864461,0.1197007481296758,0.49809885931558934,0.559300064808814
2014-11-15,0.4475628835255109,0.5826771653543308,0.11623558741040818,0.4812351543942993,0.6101036269430051
2014-11-16,0.47158062852567273,0.5924468922108577,0.11651090342679127,0.4919278252611586,0.6854368932038835
2014-11-17,0.47251899027744204,0.5613207547169812,0.11678604796013703,0.5049833887043189,0.7069857697283312
2014-11-18,0.46849611708825956,0.5569520816967792,0.09900373599003731,0.49146110056925996,0.7265675500969618
2014-11-19,0.4858019923442971,0.5580847723704867,0.1204481792717087,0.5120910384068279,0.7525839793281653
2014-11-20,0.47051415530325713,0.5458823529411765,0.09831985065339144,0.5018957345971564,0.7359586830213041
2014-11-21,0.4614243218010914,0.5579937304075235,0.09704510108864695,0.5106584557081951,0.68
2014-11-22,0.4735381668126724,0.6029757243539546,0.10789800995024879,0.484375,0.6989039329464861
2014-11-23,0.4601776823592081,0.6087636932707355,0.1081753186198321,0.4704212020823474,0.6533505154639175
2014-11-24,0.44440060558155087,0.599687255668491,0.10845245494095712,0.4422894985808893,0.627173213135866
2014-11-25,0.4187064438444379,0.58671875,0.11028269648959299,0.40189125295508277,0.575933075933076
2014-11-26,0.4171074760345418,0.5846994535519126,0.11086956521739133,0.4281663516068053,0.5446945337620579
2014-11-27,0.4124175304336033,0.5655226209048362,0.13070475007761562,0.38403401039206425,0.5694087403598972
2014-11-28,0.4193435526980344,0.5970381917381138,0.1309745499689634,0.3918791312559018,0.5574823378291587
2014-11-29,0.3945717472494635,0.5864485981308412,0.05833074775054292,0.4110429447852761,0.5224646983311938
2014-11-30,0.39622488099564557,0.5929961089494163,0.05862282878411906,0.41179245283018867,0.5214881334188582
2014-12-01,0.4033198694043857,0.5855365474339036,0.058914728682170514,0.4431871758604432,0.5256410256410257
2014-12-02,0.3966322855819526,0.5648795648795648,0.05610663360198387,0.5094250706880301,0.4561178731582319
2014-12-03,0.3779323038369715,0.5496894409937888,0.05113108149984502,0.5011775788977861,0.40973111395646605
2014-12-04,0.3892697833228831,0.5624515128006207,0.07682775712515488,0.5409604519774012,0.37683941138835575
2014-12-05,0.3944092614506448,0.5426356589147288,0.10839269123567663,0.5557647058823529,0.37084398976982097
2014-12-06,0.3696286820583231,0.5189775367931836,0.07430340557275539,0.5714957666980245,0.3137380191693291
2014-12-07,0.3708101725968391,0.53328173374613,0.07458991024450634,0.5528913963328632,0.322477650063857
2014-12-08,0.3520545964420954,0.5390564578499613,0.07487623762376239,0.5122180451127819,0.2820676451818762
2014-12-09,0.3835292873215893,0.5425038639876352,0.07701824930405199,0.5274776890558948,0.38711734693877553
2014-12-10,0.40698972270523953,0.5598455598455598,0.13358070500927643,0.5164319248826291,0.4181007010834927
2014-12-11,0.3809009585542084,0.5848765432098766,0.10108191653786713,0.5096198967620835,0.32802547770700635
2014-12-12,0.4006712656332835,0.5944487278334618,0.07632880098887518,0.5079737335834896,0.42393380012730747
2014-12-13,0.3311785624870678,0.5970724191063175,0.07815878900216244,0.459915611814346,0.1895674300254453
2014-12-14,0.3175457651563157,0.6443418013856813,0.07844348363187148,0.46157450796626054,0.08582326764144946
2014-12-15,0.32932660143919534,0.6661538461538461,0.07872800246989808,0.4955503512880562,0.07687420584498093
2014-12-16,0.3183724959374272,0.6433512682551883,0.0737654320987654,0.49859550561797755,0.057777777777777775
2014-12-17,0.3349950465784419,0.6720430107526882,0.08114779389077442,0.5315863359850257,0.05520304568527919
2014-12-18,0.3411256603086151,0.6500383729854182,0.08698334361505244,0.5551917680074836,0.07228915662650602
2014-12-19,0.3419328603105155,0.6641104294478528,0.06352143077397476,0.5684899485741001,0.07160963244613434
2014-12-20,0.36924446312794046,0.7003831417624521,0.06134401972872994,0.5911214953271028,0.12412919569347688
2014-12-21,0.424400094971404,0.6990811638591118,0.06163328197226503,0.6590378327884167,0.27784810126582277
2014-12-22,0.435900789177043,0.6824789594491201,0.061922365988909434,0.6475256769374417,0.35167615433270083
2014-12-23,0.46174358703760565,0.6972477064220184,0.06467508469356331,0.65142323845077,0.4336283185840708
2014-12-24,0.48357337132438566,0.8326967150496563,0.05018472906403937,0.644589552238806,0.4068224889450411
2014-12-25,0.46020619215941794,0.8305343511450382,0.06001846722068327,0.5967365967365967,0.35353535353535354
2014-12-26,0.40434780495473077,0.8039664378337147,0.060307692307692284,0.5228331780055918,0.2302839116719243
2014-12-27,0.3910645260225561,0.8216463414634146,0.06059673946478006,0.49790405216581274,0.1841109709962169
2014-12-28,0.37105586935774937,0.7996953541507997,0.06088560885608851,0.42830540037243947,0.1953371140516698
2014-12-29,0.3795557754748365,0.819634703196347,0.061174300645557955,0.454164727780363,0.18324937027707808
2014-12-30,0.3451274716962404,0.8311787072243346,0.0497848801475107,0.36046511627906974,0.13908118313404658
2014-12-31,0.3262183386873079,0.8335866261398176,0.05898617511520743,0.27708042770804275,0.13522012578616352
2015-01-01,0.34040784682952413,0.8321943811693242,0.09705159705159705,0.25325278810408924,0.1791326209930861
2015-01-02,0.3379374349086,0.8376327769347496,0.09732883021185135,0.20761727821644219,0.2091708542713568
2015-01-03,0.323524280115161,0.8369977255496588,0.05279312461632901,0.2084493964716806,0.1958568738229755
2015-01-04,0.3509458700727041,0.8606060606060606,0.0530837680270021,0.21531322505800465,0.27478042659974905
2015-01-05,0.4147412707657625,0.8713096139288418,0.05337423312883438,0.18506493506493507,0.5492163009404388
2015-01-06,0.44648573006330905,0.8751891074130106,0.052131248083409965,0.21325915623551228,0.6453634085213033
2015-01-07,0.46995907334327347,0.8820861678004535,0.07388105456774985,0.23632993512511585,0.6875391358797746
2015-01-08,0.46494045954139684,0.8867069486404834,0.047808764940239,0.24502084298286245,0.6802252816020025
2015-01-09,0.4944375041766956,0.8860377358490567,0.10140931372549022,0.3574074074074074,0.632895559724828
2015-01-10,0.5224822886460876,0.892156862745098,0.129249617151608,0.3910226746876446,0.6775
2015-01-11,0.5219261916030881,0.8944988696307461,0.1295162278015921,0.4528214616096207,0.6108682073703935
2015-01-12,0.5099903126247921,0.891566265060241,0.12978267523722065,0.4905224225612575,0.5280898876404494
2015-01-13,0.4823733046396822,0.8863807373965388,0.08843329253365972,0.4699630314232902,0.4847161572052402
2015-01-14,0.5241583843096149,0.8796992481203008,0.09880697460997245,0.48221709006928404,0.6359102244389028
2015-01-15,0.588420360563444,0.8797896318557475,0.15168195718654431,0.530932594644506,0.7912772585669782
2015-01-16,0.6023090654181271,0.8843843843843844,0.1439926627942525,0.5371481310567605,0.8437110834371109
2015-01-17,0.601529635911149,0.8979744936234059,0.1638141809290954,0.5216789667896679,0.8226509023024269
2015-01-18,0.59250900558689,0.8988005997001499,0.1640696608615949,0.4974642692485016,0.8097014925373134
2015-01-19,0.5871246916518054,0.8936329588014982,0.16432498472816126,0.4875576036866359,0.8029832193909261
2015-01-20,0.5674187270539033,0.8914670658682635,0.16458015267175574,0.42791340396130817,0.7857142857142857
2015-01-21,0.5564150419671521,0.893792071802543,0.11111111111111116,0.4783609576427256,0.7423960273122284
2015-01-22,0.5059805814446274,0.899103139013453,0.10070186145865123,0.4012885411872987,0.6228287841191067
2015-01-23,0.4718563493247686,0.8536221060492906,0.10311165344722395,0.3739650413983441,0.5567265964042157
2015-01-24,0.48668112238773253,0.8694029850746269,0.0954559316864898,0.4068965517241379,0.5749690210656754
2015-01-25,0.5139168243238601,0.8732289336316181,0.09573170731707314,0.4099264705882353,0.676780185758514
2015-01-26,0.5611474602717577,0.8770491803278688,0.09600731484303571,0.5493798805695912,0.7221534653465347
2015-01-27,0.5994568995384554,0.870439314966493,0.08653260207190738,0.5991735537190083,0.8416821273964131
2015-01-28,0.6138430611724,0.8712797619047619,0.13341455985379225,0.5878843506195502,0.8627935723114957
2015-01-29,0.6248483836469945,0.875092936802974,0.10566382460414125,0.6298165137614679,0.8888202594193947
2015-01-30,0.6219158406956441,0.8707280832095097,0.0645357686453577,0.6579550664832645,0.8944444444444445
2015-01-31,0.6193337788204087,0.8849294729027468,0.04260499087035907,0.6466544454628781,0.9031462060456509
2015-02-01,0.6383723993840972,0.8887240356083086,0.04289625798600549,0.7100320659642694,0.9118372379778051
2015-02-02,0.625821051482525,0.8851000741289844,0.04318734793187351,0.652014652014652,0.9229821318545902
2015-02-03,0.5896480277359903,0.8807407407407407,0.06415323806628159,0.5867276887871854,0.8269704433497537
2015-02-04,0.589242135797842,0.8793486306439674,0.15227963525835864,0.6084172003659652,0.7169230769230769
2015-02-05,0.5757081934485384,0.8668639053254438,0.2111820115466424,0.5962505715592136,0.6285362853628537
2015-02-06,0.5633657503743766,0.8625277161862528,0.22478736330498172,0.5840950639853748,0.5820528580208973
2015-02-07,0.5440526435167531,0.8589364844903988,0.18038262982083209,0.5920511649154865,0.5448402948402948
2015-02-08,0.47565034603380785,0.8538745387453874,0.1806314511232544,0.37945205479452054,0.4886433394720687
2015-02-09,0.46154389838039667,0.8377581120943953,0.18088012139605458,0.4048379735280694,0.4226993865030675
2015-02-10,0.4482690462041897,0.8371407516580693,0.1523058252427184,0.3677007299270073,0.43592887798896385
2015-02-11,0.4364766003175784,0.8424153166421208,0.10797694874127994,0.33105335157318744,0.4644607843137255
2015-02-12,0.44195089007153826,0.8395879323031641,0.08671922377198304,0.3669097538742024,0.4745866503368034
2015-02-13,0.39588230599304275,0.850735294117647,0.1567141558047893,0.3416856492027335,0.23439412484700123
2015-02-14,0.37373722036855245,0.8346803820720059,0.14393939393939392,0.37932604735883424,0.13700305810397553
2015-02-15,0.380625215380782,0.8333333333333334,0.14419872765828534,0.41966317705962675,0.12530562347188265
2015-02-16,0.405096662260981,0.8268525311812179,0.14445790430042393,0.4749772520473157,0.1740989615149664
2015-02-17,0.4157293929038633,0.8313782991202346,0.14471692400847713,0.5097771714415643,0.17704517704517705
2015-02-18,0.4299852473768979,0.832967032967033,0.1449757869249395,0.5559090909090909,0.18608907870652838
2015-02-19,0.4192532049845086,0.8396778916544656,0.10801815431164896,0.5274875056792367,0.20182926829268294
2015-02-20,0.44040538669386625,0.8397951719092904,0.12552934059286147,0.5263396911898274,0.2699573430834857
2015-02-21,0.46976220961570103,0.827485380116959,0.13940127003326275,0.5102133454380391,0.40194884287454324
2015-02-22,0.4943624161840596,0.8341855368882396,0.1396614268440145,0.558076225045372,0.4455264759586123
2015-02-23,0.46240723976522735,0.8240875912408759,0.13992142641281358,0.5170068027210885,0.3686131386861314
2015-02-24,0.4746637602265789,0.8344274252370533,0.15015105740181267,0.5888485947416138,0.3252279635258359
2015-02-25,0.4242471099674854,0.8287172011661808,0.16762307459981873,0.4576347983688265,0.24301336573511542
2015-02-26,0.41691085841460856,0.844136926438456,0.3251811594202898,0.41757246376811596,0.08075288403157256
2015-02-27,0.39428864772633404,0.8304221251819506,0.2598853003320254,0.4200995925758262,0.06674757281553398
2015-02-28,0.38284458454369663,0.8058181818181818,0.19583584791792397,0.43936651583710407,0.09035779260157671
2015-03-01,0.3939807692664645,0.8081395348837209,0.196078431372549,0.47715965626413387,0.09454545454545454
2015-03-02,0.39951154821150847,0.7966594045025417,0.19632086851628472,0.5045207956600362,0.10054512416717142
2015-03-03,0.39089962982862014,0.7677793904208998,0.21043111245100998,0.44374152733845457,0.14164648910411623
2015-03-04,0.4859467363031393,0.7447425670775925,0.41078963230861965,0.568654019873532,0.21960072595281308
2015-03-05,0.5525370591326787,0.7673913043478261,0.35914432057848744,0.6144469525959368,0.46916565900846435
2015-03-06,0.5712910176411375,0.7653874004344678,0.3593373493975903,0.6389891696750902,0.5214501510574018
2015-03-07,0.5017898878882616,0.7706222865412445,0.10659439927732606,0.6021650879566982,0.5277777777777778
2015-03-08,0.5124201611579466,0.8011569052783803,0.10686333534015657,0.5798016230838593,0.5618587809293905
2015-03-09,0.5077023394981974,0.8251445086705202,0.10713210953957264,0.5412347904461469,0.5572979493365501
2015-03-10,0.5151542997387946,0.8216606498194946,0.06738868832731648,0.6031531531531531,0.568414707655214
2015-03-11,0.4955038600233085,0.8131313131313131,0.04932330827067666,0.5267897343538946,0.5927710843373494
2015-03-12,0.4800100060865543,0.7901946647440519,0.029765484064942838,0.5486048604860486,0.551475015051174
2015-03-13,0.5017237045101044,0.8054755043227666,0.062218214607754785,0.5519568151147098,0.5872442839951865
2015-03-14,0.5093281671440455,0.8214542836573074,0.03245192307692313,0.5490107913669064,0.6343956704750451
2015-03-15,0.5144571474110673,0.8258992805755396,0.03274256533493547,0.5375280898876404,0.6616586538461539
2015-03-16,0.47010525221158267,0.8447160316319196,0.033033033033033066,0.4002695417789757,0.6024024024024024
2015-03-17,0.42078128672611326,0.8455459770114943,0.05043530471329927,0.32195779074988773,0.4651860744297719
2015-03-18,0.35560710200112833,0.83632447954056,0.08013205282112845,0.2612208258527828,0.244751049790042
2015-03-19,0.3702023593130749,0.8278335724533716,0.045904590459045935,0.24136384028712426,0.3657074340527578
2015-03-20,0.37867151994495185,0.8265232974910395,0.050989802039592136,0.23094170403587444,0.40623127621330135
2015-03-21,0.3724390319863635,0.8130372492836676,0.1337331334332834,0.21963245181532945,0.32335329341317365
2015-03-22,0.36703015706159814,0.8138869005010737,0.13399280575539574,0.22580645161290322,0.29443447037701975
2015-03-23,0.3957157451830722,0.8133047210300429,0.13425232244531016,0.2794446932377967,0.35586124401913877
2015-03-24,0.43091220647485823,0.7991422444603288,0.21270221689634516,0.26051924798567594,0.4512851165570831
2015-03-25,0.49738611504304986,0.8049999999999999,0.25426774483378256,0.3185682326621924,0.6117084826762246
2015-03-26,0.4961344835309013,0.7787294789436117,0.31586826347305386,0.30008944543828264,0.5898507462686567
2015-03-27,0.4814497242995972,0.7717546362339515,0.2681831786890153,0.31247206079570855,0.5733890214797136
2015-03-28,0.46799561374225995,0.7662152530292231,0.14392579293836028,0.32797140303842715,0.6338700059630292
2015-03-29,0.46392480303470585,0.7656695156695157,0.1441818725695483,0.29388119696292986,0.6519666269368296
2015-03-30,0.45400079136151683,0.797864768683274,0.1444377990430622,0.3066964285714286,0.5670041691483025
2015-03-31,0.449865705132924,0.8058321479374111,0.13632286995515697,0.2971887550200803,0.5601190476190476
2015-04-01,0.4447570870675814,0.8159203980099503,0.14524805738194857,0.35504014272970563,0.462819750148721
2015-04-02,0.434553438674573,0.8295454545454546,0.2321481924111144,0.3727151136870263,0.3038049940546968
2015-04-03,0.4100556694511691,0.843860894251242,0.2529868578255675,0.3520499108734403,0.19132501485442663
2015-04-04,0.4667967956120282,0.8326241134751773,0.5386682591818454,0.34743875278396436,0.14845605700712589
2015-04-05,0.45288996896955797,0.8263642806520198,0.5388059701492538,0.3330365093499555,0.11335311572700296
2015-04-06,0.4531778647962613,0.8186968838526912,0.5389435989256939,0.33288829550511795,0.1221826809015421
2015-04-07,0.5249359213896988,0.7912243453644727,0.852326968973747,0.34653024911032027,0.10966212211025489
2015-04-08,0.4891331905747226,0.7418670438472419,0.7542499254399045,0.3454868830591374,0.11492890995260663
2015-04-09,0.5228521482395139,0.7420494699646643,0.857185450208706,0.3542222222222222,0.137951450562463
2015-04-10,0.534657072368546,0.7838983050847458,0.8256333830104322,0.3847179031541537,0.14437869822485208
2015-04-11,0.5099056966551048,0.7918136908962596,0.6769964243146602,0.37211367673179396,0.1986989946777055
2015-04-12,0.5287636277935036,0.7722143864598026,0.6770926422400954,0.41988459831335995,0.2458628841607565
2015-04-13,0.505392467274925,0.7484143763213531,0.6771888028588445,0.38864241348713396,0.2073242764323686
2015-04-14,0.5387069690013416,0.7190140845070423,0.7657040785948199,0.4239467849223947,0.2461629279811098
2015-04-15,0.5713087608614239,0.712878254750176,0.8398809523809524,0.4321808510638298,0.30029498525073745
2015-04-16,0.5700712407619811,0.7419127988748242,0.8086878905087771,0.39831634913602126,0.3313679245283019
2015-04-17,0.6117766088666141,0.7196064652143359,0.9036287923854849,0.3883968113374668,0.4354743665291691
2015-04-18,0.5596498822573013,0.7134831460674158,0.8786797502230151,0.37317397078353254,0.27326266195524146
2015-04-19,0.5320719014221682,0.7263157894736842,0.8787158145065398,0.3154867256637168,0.2077692760447322
2015-04-20,0.5561033324347909,0.7349228611500701,0.8787518573551263,0.35426802299867316,0.2564705882352941
2015-04-21,0.48826455549745357,0.7463209530483532,0.6639928698752229,0.3240495137046861,0.21869488536155202
2015-04-22,0.4314678873885951,0.7780112044817927,0.465993465993466,0.2920901458241273,0.1897767332549941
2015-04-23,0.44161455988826115,0.7886634009797061,0.4453681710213777,0.34452296819787986,0.18790369935408102
2015-04-24,0.4542359104215389,0.7853146853146853,0.5016325319085781,0.40264900662251657,0.1273474178403756
2015-04-25,0.5192501683535395,0.7847658979734451,0.6581602373887241,0.47219770520741394,0.16187683284457477
2015-04-26,0.5476660963252458,0.7828212290502793,0.6582616434292494,0.5280105866784296,0.22157092614302462
2015-04-27,0.5571460332500424,0.7725052337752966,0.6583629893238434,0.5335097001763669,0.26420620972466313
2015-04-28,0.6133238645365893,0.795676429567643,0.7761636525348354,0.5641251652710445,0.31733021077283374
2015-04-29,0.6353224853674666,0.8048780487804879,0.9143449911084766,0.5634361233480176,0.2586307782328847
2015-04-30,0.6445371754014912,0.8224233983286908,0.957037037037037,0.5565830030823425,0.24210526315789474
2015-05-01,0.6384784462997317,0.8093249826026444,0.8672985781990521,0.4705105633802817,0.4067796610169492
2015-05-02,0.5924025477035855,0.7948539638386648,0.7468167012140954,0.3699956005279367,0.45794392523364486
2015-05-03,0.5868010819682887,0.8012508686587908,0.7468916518650088,0.3390501319261214,0.46001167542323407
2015-05-04,0.5564927866312165,0.7791666666666667,0.7469665581532998,0.29318681318681317,0.40665110851808633
2015-05-05,0.4942146887349214,0.7626648160999306,0.5307692307692308,0.29042179261862916,0.39300291545189503
2015-05-06,0.5389269843907123,0.7836338418862691,0.624075717243419,0.310935441370224,0.4370629370629371
2015-05-07,0.6277548854511699,0.7934857934857935,0.8698994677705499,0.33977172958735735,0.5078625509609784
2015-05-08,0.6091504078034331,0.7957063711911357,0.7785988767366243,0.36287845546292236,0.49941792782305006
2015-05-09,0.6698358081483873,0.7868512110726644,0.9086879432624113,0.4899122807017544,0.493891797556719
2015-05-10,0.658305701988751,0.7710926694329184,0.9087149187592319,0.4458570802279702,0.5075581395348837
2015-05-11,0.6524753731356534,0.7657221838286109,0.9087418783225044,0.4618755477651183,0.47356188262638
2015-05-12,0.6252091544967976,0.7223756906077348,0.905521110126956,0.43101182654402104,0.4419279907084785
2015-05-13,0.6533644575927456,0.738440303657695,0.9557260920897285,0.46891418563922943,0.4503772489843297
2015-05-14,0.6148346562822371,0.7517241379310344,0.9448214812629094,0.3956236323851203,0.367169373549884
2015-05-15,0.5999602387845013,0.7656788421778085,0.96047197640118,0.39195100612423445,0.2817391304347826
2015-05-16,0.5645824085377555,0.7286501377410468,0.9147744028310233,0.35592479230432883,0.2589803012746234
2015-05-17,0.577875534255889,0.7536132140399174,0.9147995283018868,0.4195804195804196,0.2235089751013318
2015-05-18,0.5889737045280345,0.7606602475928473,0.91482463896257,0.4442988204456094,0.2361111111111111
2015-05-19,0.5739372030256883,0.747766323024055,0.8635827931644078,0.44148471615720525,0.242914979757085
2015-05-20,0.528955705556488,0.7554945054945055,0.763181148748159,0.38847664775207336,0.20867052023121388
2015-05-21,0.5257843943429057,0.7227179135209334,0.7367491166077739,0.4328097731239092,0.21086077411900636
2015-05-22,0.5320127459220234,0.7126200274348422,0.7730350309096261,0.43916266899258616,0.20323325635103925
2015-05-23,0.48422462601756194,0.7374914324880055,0.55562095350206,0.3945074106364429,0.24927870744373917
2015-05-24,0.4777878603328122,0.7582191780821917,0.5557516916740217,0.2949891067538126,0.3021914648212226
2015-05-25,0.47576882101514045,0.7412731006160165,0.5558823529411765,0.29006968641114983,0.315850144092219
2015-05-26,0.46287441086167674,0.734610123119015,0.5560129373713614,0.29647366129734437,0.26440092165898615
2015-05-27,0.39929871584810933,0.7559808612440191,0.2960023515579071,0.31723237597911225,0.22797927461139897
2015-05-28,0.3631040528030392,0.7158469945355191,0.23449897149573906,0.31622444541104827,0.1858457997698504
2015-05-29,0.3498393864181452,0.7215017064846416,0.14717978848413626,0.3282608695652174,0.2024151811385854
2015-05-30,0.3479608543548878,0.7066848567530696,0.11160058737151246,0.4028683181225554,0.1706896551724138
2015-05-31,0.3764412029664433,0.710974778459441,0.11186142102172636,0.5330147697654214,0.1499138426191844
2015-06-01,0.39432236108009017,0.7227520435967303,0.11212210155562075,0.5788102475032566,0.16360505166475317
2015-06-02,0.43062127637571607,0.7134104833219878,0.13262910798122063,0.6263020833333334,0.25014343086632246
2015-06-03,0.5146560511567367,0.7673469387755102,0.2980346142563801,0.6698481561822126,0.32339449541284404
2015-06-04,0.5551663902776011,0.7865397688647179,0.3715542521994135,0.6895056374674762,0.37306590257879657
2015-06-05,0.5184526280320042,0.7907608695652174,0.22984462034593955,0.6918075422626788,0.361397479954181
2015-06-06,0.46489615737636425,0.7807196198234895,0.09613130128956626,0.6616117850953206,0.3211219232970807
2015-06-07,0.4571378773702782,0.7835820895522388,0.09639613243480805,0.6219142485924642,0.3266590389016018
2015-06-08,0.4228889003273847,0.7938983050847458,0.09666080843585234,0.5116883116883116,0.2893081761006289
2015-06-09,0.42179734457151963,0.7886178861788617,0.17950219619326502,0.46992643877109475,0.24914285714285714
2015-06-10,0.4192592609467612,0.7867298578199052,0.2081381733021077,0.42517301038062283,0.2569960022844089
2015-06-11,0.48077517873093994,0.8044654939106901,0.3681592039800995,0.4976221357544315,0.2528538812785388
2015-06-12,0.4501780620205468,0.786342123056119,0.23815096547688708,0.4978392394122731,0.27837992013690815
2015-06-13,0.4543235148892562,0.8060810810810811,0.181924539338988,0.5533477321814255,0.2759407069555302
2015-06-14,0.4763553493954361,0.812288993923025,0.18216374269005853,0.5833333333333334,0.32763532763532766
2015-06-15,0.5013520969127099,0.7887989203778678,0.18240280619701843,0.6611998273629693,0.37300683371298404
2015-06-16,0.4995959074250166,0.7680377612946729,0.1531268264172998,0.6850733390854185,0.39214570290267503
2015-06-17,0.53118053257694,0.7809973045822103,0.11744084136722177,0.6830530401034929,0.5432309442548351
2015-06-18,0.5643820668374557,0.731986531986532,0.19742990654205606,0.6788793103448276,0.6492325184764071
2015-06-19,0.67253778317251,0.7570659488559892,0.5345985401459854,0.6928048255062473,0.7056818181818182
2015-06-20,0.6628608654750671,0.7041022192333557,0.5011675423234092,0.6903531438415159,0.7558205565019875
2015-06-21,0.6622494198781437,0.6834677419354839,0.5013131018383425,0.6810159276797245,0.7832009080590239
2015-06-22,0.6492909842491181,0.6702484889187375,0.5014585764294048,0.6665232358003442,0.7589336358479863
2015-06-23,0.6389578471109084,0.6704697986577182,0.4744823563721201,0.6563440860215054,0.7545351473922902
2015-06-24,0.6215916643063298,0.6841046277665996,0.4483965014577259,0.6620808254514188,0.691784702549575
2015-06-25,0.6340312153758987,0.6943699731903485,0.606820169046925,0.5973356252685862,0.637599093997735
2015-06-26,0.6144964287566966,0.6858673811118553,0.6850233100233101,0.5189003436426117,0.5681946802490097
2015-06-27,0.5896434577327743,0.6900937081659972,0.6152053597436644,0.514813224559897,0.5384615384615384
2015-06-28,0.5881928299315013,0.6615384615384615,0.6153174140943506,0.5253218884120172,0.5505935556811759
2015-06-29,0.5874341269558728,0.6463903743315508,0.615429403202329,0.45345345345345345,0.6344632768361582
2015-06-30,0.5696282737026106,0.6519706078824316,0.570721769499418,0.37993138936535165,0.6758893280632411
2015-07-01,0.6090029755093047,0.6461949265687583,0.6718068082630201,0.37591084440634376,0.7420993227990971
2015-07-02,0.5165382321599461,0.6424282855236825,0.3600930773705643,0.35861182519280205,0.7050197405527355
2015-07-03,0.5199691895056324,0.6306666666666667,0.3082291363768538,0.4329764453961456,0.7080045095828635
2015-07-04,0.5146647763690566,0.6489007328447702,0.3084302325581395,0.3959760273972603,0.7053521126760564
2015-07-05,0.495801075993886,0.6331557922769641,0.30863121185701836,0.35729567821994007,0.6841216216216216
2015-07-06,0.5161117517123239,0.5821689953426481,0.3088320743753632,0.44525235243798117,0.7281935846933033
2015-07-07,0.553453572750738,0.5631648936170213,0.33836770258495497,0.5468148781530568,0.765466816647919
2015-07-08,0.5633423252066834,0.5661129568106312,0.3440766550522648,0.5944444444444444,0.7487352445193929
2015-07-09,0.6022239249560104,0.6620185922974768,0.3285921625544267,0.6514310123878684,0.7668539325842697
2015-07-10,0.5832765780451477,0.6648971466489715,0.2167730702263494,0.6737830913748932,0.7776530039303762
2015-07-11,0.5825244628161391,0.6352785145888594,0.20655642587757472,0.6397780623132736,0.8484848484848485
2015-07-12,0.593788612797029,0.638833664678595,0.2067865429234339,0.6663822525597269,0.8631519910263601
2015-07-13,0.5865258356865947,0.6165562913907285,0.2070165265294288,0.64136460554371,0.8811659192825112
2015-07-14,0.5683345363006366,0.599602911978822,0.19507246376811593,0.5946291560102301,0.8840336134453781
2015-07-15,0.552711182905085,0.6137566137566137,0.1787887568820632,0.5274818917767362,0.8908174692049272
2015-07-16,0.5070652099203312,0.6166556510244547,0.1222479721900348,0.3973594548551959,0.8919977616116396
2015-07-17,0.4773863124411759,0.5898282694848085,0.11439328120474945,0.34738186462324394,0.8579418344519015
2015-07-18,0.4523128429543991,0.6455445544554456,0.09496236247828604,0.30127659574468085,0.7674678591391839
2015-07-19,0.4190693434881035,0.6127968337730871,0.09522431259044861,0.2403232666950234,0.7279329608938547
2015-07-20,0.40348212539423656,0.6558998022412657,0.09548611111111116,0.233843537414966,0.6286990508096035
2015-07-21,0.3627684265811798,0.6758893280632411,0.04165461382701763,0.23799405014874628,0.4955357142857143
2015-07-22,0.3726495989526001,0.6879526003949967,0.06766917293233088,0.2659303313508921,0.4690462911321807
2015-07-23,0.3789148069098742,0.6842105263157895,0.047990748771321146,0.33418259023354563,0.4492753623188406
2015-07-24,0.3605823691352957,0.6706114398422091,0.07890173410404622,0.2894736842105263,0.4033426183844011
2015-07-25,0.40881691449551466,0.6563731931668857,0.08032360589425025,0.37462876537972,0.5239420935412027
2015-07-26,0.43904238533155604,0.6585686145764937,0.08058925476603118,0.4410517387616624,0.5759599332220368
2015-07-27,0.4528339981367665,0.6686351706036746,0.08085475021657518,0.4417125900805426,0.6201334816462737
2015-07-28,0.45491464034799645,0.6708196721311475,0.09122401847575057,0.4016949152542373,0.6559199555308505
2015-07-29,0.44954838538192754,0.6651376146788991,0.10764790764790766,0.3926302414231258,0.6327777777777778
2015-07-30,0.43880348731527197,0.6692861820563196,0.1130986728216965,0.3920406435224386,0.580788450860633
2015-07-31,0.40891742987949176,0.6668848167539267,0.0741274877415633,0.4007617435463394,0.4938956714761376
2015-08-01,0.41193238139704874,0.6769130150425114,0.1620530565167243,0.3900169204737733,0.4187465335551858
2015-08-02,0.39228421161390836,0.6660130718954249,0.16229460939752094,0.35391120507399576,0.3869179600886918
2015-08-03,0.3848457737871276,0.6623122142390594,0.162536023054755,0.3355874894336433,0.37894736842105264
2015-08-04,0.3760087091449125,0.6690600522193211,0.10688562373955635,0.37980566117448245,0.34828349944629017
2015-08-05,0.34936941699646873,0.7136333985649055,0.12039170506912444,0.3277027027027027,0.23574986164914222
2015-08-06,0.33162540480561065,0.757496740547588,0.12553987906708897,0.27311101730688053,0.17035398230088494
2015-08-07,0.34932339796136713,0.8104234527687296,0.11341393206678185,0.2772151898734177,0.19624101713653952
2015-08-08,0.32355593039008845,0.7154947916666667,0.14791366906474823,0.2606495149725854,0.17016574585635358
2015-08-09,0.32822649978057106,0.7299934938191281,0.1481588032220944,0.22934232715008432,0.20541137493097736
2015-08-10,0.31807698184590766,0.7919375812743823,0.1484037963761864,0.202275600505689,0.12969094922737306
2015-08-11,0.30451719640638963,0.7953216374269005,0.13341000575043127,0.17902274641954508,0.11031439602868175
2015-08-12,0.2995200631942568,0.825974025974026,0.1054900833572866,0.16463157894736843,0.1019845644983462
2015-08-13,0.3113961404472441,0.8397144711226476,0.13390804597701145,0.17003367003367004,0.10192837465564739
2015-08-14,0.32728632180248973,0.87094682230869,0.14852054007469118,0.1745898190997055,0.11508810572687225
2015-08-15,0.33563049107739584,0.8502916396629941,0.1708788052843193,0.19091673675357443,0.13043478260869565
2015-08-16,0.3402953178731923,0.8769430051813472,0.1711168532873959,0.22236233711643547,0.09075907590759076
2015-08-17,0.3678672621560825,0.8750809061488674,0.17135476463834676,0.27605042016806725,0.14898295766904893
2015-08-18,0.3958959319602113,0.8745148771021992,0.18794835007173605,0.3485930281394372,0.17252747252747253
2015-08-19,0.45572178658777074,0.8377504848093084,0.19793459552495696,0.3984047019311503,0.38879736408566723
2015-08-20,0.4974694809140703,0.8423772609819121,0.1276168626326355,0.4238355014687369,0.5960482985729967
2015-08-21,0.5230889302062558,0.8340865074241446,0.23337155963302747,0.39681208053691275,0.628085573230938
2015-08-22,0.5237894282006205,0.8348387096774194,0.22441960447119513,0.38951781970649896,0.6463815789473685
2015-08-23,0.5660097099121275,0.8452611218568665,0.2246418338108882,0.4379715004191115,0.7561643835616438
2015-08-24,0.5565736873657652,0.8505154639175257,0.2248639358350043,0.42857142857142855,0.7223439211391018
2015-08-25,0.5987923003784779,0.8686413393432066,0.29954180985108825,0.4639865996649916,0.7629994526546251
2015-08-26,0.5685511644135056,0.879021879021879,0.1823647294589178,0.4491419003767267,0.7636761487964989
2015-08-27,0.5508043455573524,0.8823151125401929,0.14968517458500286,0.46317991631799166,0.708037178786222
2015-08-28,0.5466606133531804,0.8868894601542416,0.15135908440629475,0.4642409033877039,0.6841530054644809
2015-08-29,0.572229966912763,0.9030186255619782,0.25171624713958807,0.4443979933110368,0.689787001638449
2015-08-30,0.5597973750376021,0.9069319640564827,0.251930225907921,0.4203928123694108,0.6599344978165939
2015-08-31,0.5557615924235829,0.9050673508659397,0.25214408233276153,0.3713450292397661,0.6944899072558647
2015-09-01,0.5036902126090155,0.9134615384615384,0.1680480137182052,0.30020876826722337,0.6330425299890948
2015-09-02,0.5086700195121908,0.9167200512491992,0.25171428571428567,0.330550918196995,0.5356948228882834
2015-09-03,0.49330334831855416,0.9193341869398207,0.19680091402456446,0.31622861910721733,0.5408496732026143
2015-09-04,0.5285613378898387,0.9136276391554703,0.28640776699029125,0.3611342785654712,0.5530756668481219
2015-09-05,0.49879122548233656,0.9085677749360613,0.2272337996003425,0.31638182576073365,0.5429815016322089
2015-09-06,0.5072682637960199,0.8945686900958466,0.2274543378995434,0.335,0.5720500271886895
2015-09-07,0.5253977000843917,0.8914431673052363,0.22767475035663343,0.36942940441482713,0.6130434782608696
2015-09-08,0.5229282088483729,0.8921506062539886,0.2278950370792926,0.42631140716069943,0.5453557848995111
2015-09-09,0.5420339318891461,0.8960459183673469,0.23210721414314228,0.5068664169787765,0.5331161780673181
2015-09-10,0.5349732111213575,0.9018483110261313,0.17360319270239455,0.519134775374376,0.5453065653825285
2015-09-11,0.5752040183590805,0.8796178343949045,0.34824736392134514,0.5284823284823285,0.544468546637744
2015-09-12,0.5660803630617504,0.8707829408020369,0.2666666666666667,0.6130507065669161,0.5138211382113821
2015-09-13,0.5461281770522012,0.8428753180661578,0.26687553403588726,0.5953469048608226,0.47941495124593714
2015-09-14,0.551900619560213,0.8753973299427845,0.2670842824601367,0.6287375415282392,0.4363833243096914
2015-09-15,0.5866650201892163,0.8729351969504447,0.3711927127810988,0.6176836861768369,0.48484848484848486
2015-09-16,0.5586587957481813,0.8647619047619047,0.34206033010813885,0.5946058091286307,0.43320713899405083
2015-09-17,0.5935768521955352,0.8705583756345178,0.4972972972972973,0.5972625466611364,0.4091891891891892
2015-09-18,0.5739332173347628,0.9055168040583386,0.5150739476678043,0.6044776119402985,0.2706645056726094
2015-09-19,0.5882591691585246,0.9043092522179974,0.6497014500995166,0.6046415250725238,0.19438444924406048
2015-09-20,0.5771728079775693,0.9062697910069665,0.6498010233086982,0.5907207953603977,0.16189962223421478
2015-09-21,0.5750419885187752,0.9037974683544304,0.6499005399261153,0.5954451345755694,0.15102481121898598
2015-09-22,0.5093314177984731,0.9032258064516129,0.3801136363636364,0.6138245033112583,0.14016172506738545
2015-09-23,0.4971053705393378,0.9152970922882427,0.2803180914512923,0.6230864708316094,0.1697198275862069
2015-09-24,0.4499726777881909,0.8989260897030954,0.17972742759795568,0.6054590570719603,0.1157781367797523
2015-09-25,0.4694496232926553,0.8869949494949495,0.2736304286119784,0.5944605208763952,0.12271259418729817
2015-09-26,0.48411041318353576,0.8933753943217666,0.32264472190692395,0.5628099173553719,0.15761161915008068
2015-09-27,0.5012803538073732,0.8896595208070618,0.32283687943262407,0.61090458488228,0.1817204301075269
2015-09-28,0.4839820522091033,0.8651543793320731,0.3230289279636982,0.5854665565648225,0.16227834497581944
2015-09-29,0.46918080500122483,0.8463476070528967,0.304224553444854,0.5328105654147751,0.1933404940923738
2015-09-30,0.47004328977908977,0.8445563247325362,0.31235827664399096,0.5429042904290429,0.18035426731078905
2015-10-01,0.5044393091011838,0.8509433962264151,0.32757155001416827,0.5822680412371134,0.25697424892703863
2015-10-02,0.5357133025864239,0.8491514770584538,0.3736543909348442,0.5634789777411376,0.35656836461126007
2015-10-03,0.5675701606060014,0.8015075376884422,0.5089209855564996,0.5756077461887104,0.3842443729903537
2015-10-04,0.5552145132782165,0.8229755178907722,0.5090600226500566,0.4876441515650741,0.401178361006963
2015-10-05,0.5726531289660126,0.8312421580928482,0.5091989810359467,0.5063812268423219,0.44379014989293364
2015-10-06,0.580440896257603,0.8376175548589342,0.5947934352009054,0.4666666666666667,0.42268592830390583
2015-10-07,0.6054372839811794,0.856516290726817,0.736067892503536,0.4125874125874126,0.41657754010695186
2015-10-08,0.6012274471393031,0.8584846587351284,0.7375565610859729,0.37006578947368424,0.4388027792624265
2015-10-09,0.5954527858749232,0.851063829787234,0.7842804636697767,0.3362104397862721,0.41025641025641024
2015-10-10,0.5871446459264333,0.848030018761726,0.8363482193329564,0.29046836483155297,0.37373198077949815
2015-10-11,0.6097801222933501,0.861875,0.8363944617123481,0.384394250513347,0.35645677694770544
2015-10-12,0.5968693698681373,0.8719550281074329,0.8364406779661017,0.3078817733990148,0.3712
2015-10-13,0.6077031497364507,0.8732833957553059,0.8364868681163513,0.37669265490356996,0.3443496801705757
2015-10-14,0.5856123614724026,0.8671241422333126,0.771880293619424,0.32198523379819527,0.3814597762386787
2015-10-15,0.5912264834758684,0.8216957605985038,0.8041208015805814,0.33866338663386636,0.40042598509052185
2015-10-16,0.6592690284155813,0.8473520249221184,0.8899548532731377,0.4319672131147541,0.46780202235231505
2015-10-17,0.6661565237557514,0.8312577833125778,0.7593794076163611,0.5096272019664072,0.5643617021276596
2015-10-18,0.6880710749843315,0.8114499066583696,0.7594472645234067,0.5290745290745291,0.6523125996810207
2015-10-19,0.6992972013105085,0.8115671641791045,0.7595150831688751,0.553417928776095,0.6726886291179596
2015-10-20,0.7008657178990991,0.8141702921068987,0.6820744081172492,0.599836333878887,0.7073818374933617
2015-10-21,0.7013766685308053,0.8136645962732919,0.610312764158918,0.652760736196319,0.7287685774946921
2015-10-22,0.7284102389013223,0.8361266294227188,0.7107042253521128,0.6373671300081766,0.7294429708222812
2015-10-23,0.7293696908025389,0.8045905707196029,0.7656998028724303,0.6117695136902329,0.7354188759278897
2015-10-24,0.7328312266740501,0.7991320520768754,0.7694256756756757,0.6282679738562091,0.7344992050874404
2015-10-25,0.7185137772389562,0.7831474597273853,0.7694905713481565,0.6455696202531646,0.6758474576271186
2015-10-26,0.7291060373225894,0.7356037151702786,0.7695554305008441,0.6918367346938775,0.7194282689253574
2015-10-27,0.7167867914246691,0.6893564356435644,0.7777777777777778,0.6719706242350061,0.728042328042328
2015-10-28,0.693800713447075,0.6536796536796536,0.7140044994375703,0.651305057096248,0.7562136435748281
2015-10-29,0.7410436964946249,0.7292954264524103,0.7627213944335114,0.6999592335915206,0.7721987315010571
2015-10-30,0.7171702102698704,0.679431747992588,0.6697582911748173,0.7123064384678076,0.8071843634442684
2015-10-31,0.737636117136773,0.6549382716049383,0.7586400674346727,0.6969450101832994,0.8400211193241817
2015-11-01,0.7524325880475884,0.6977174583590376,0.7587078651685393,0.6889250814332247,0.8643799472295515
2015-11-02,0.7585188119744012,0.7225647348951911,0.7587756248244875,0.6898656898656899,0.8628691983122363
2015-11-03,0.7538182646651439,0.6974738139248305,0.6998877035373385,0.7323026851098454,0.8856088560885609
2015-11-04,0.7383753514661197,0.6514778325123153,0.6006174571989896,0.7677917852785685,0.9336143308746049
2015-11-05,0.6946978307159019,0.5716923076923077,0.42901234567901236,0.8117886178861788,0.9662980516061085
2015-11-06,0.6695139400423827,0.534440344403444,0.34614305750350627,0.8285249898415278,0.9689473684210527
2015-11-07,0.611641372860577,0.4953902888752305,0.14021312394840157,0.8419983753046304,0.9689637033140452
2015-11-08,0.6013374749181635,0.4545454545454546,0.1404541631623213,0.8408444985789687,0.9695057833859095
2015-11-09,0.6004406653000266,0.43953345610804173,0.14069506726457404,0.8478084415584416,0.9737256962690489
2015-11-10,0.5832685556682906,0.4153374233128835,0.11347716447184086,0.8336713995943205,0.9705882352941176
2015-11-11,0.5815620738317898,0.46474555487431024,0.0736694677871148,0.8256285482562855,0.9622047244094488
2015-11-12,0.5837709307000271,0.5153186274509804,0.07392887146457572,0.7993514389947305,0.9464847848898216
2015-11-13,0.578357296490619,0.4966319657072872,0.10386338185890254,0.786871961102107,0.9260618772941793
2015-11-14,0.5553689923088089,0.4883720930232558,0.0750069969213546,0.7582017010935601,0.899895178197065
2015-11-15,0.5474107438601579,0.4850152905198777,0.0752658086177952,0.7425101214574898,0.8868517548454689
2015-11-16,0.5300999941208466,0.4645476772616137,0.0755244755244755,0.7211655200323756,0.8591623036649214
2015-11-17,0.5223760840129741,0.5296273671350031,0.04502237136465326,0.6953883495145631,0.8194662480376766
2015-11-18,0.5284370654451075,0.6147741147741148,0.051719317864131975,0.6663970885564092,0.7808577405857741
2015-11-19,0.5038946551793679,0.5729103111653447,0.07322526551145891,0.65642683912692,0.7130162049137481
2015-11-20,0.4736179941870076,0.5402439024390244,0.11651299245599334,0.5668686868686869,0.670846394984326
2015-11-21,0.46316970860796847,0.502132845825716,0.13631284916201114,0.5432148626817448,0.6710182767624021
2015-11-22,0.44822837229296303,0.5006090133982948,0.1365540351857023,0.5393621316108196,0.6163883089770354
2015-11-23,0.43296935779685475,0.5039561777236762,0.1367950865438302,0.5032284100080711,0.5878977569118414
2015-11-24,0.41451978086590147,0.5072992700729927,0.12698855707507672,0.4320290439693425,0.591762252346194
2015-11-25,0.40271043935349776,0.5179331306990882,0.2377232142857143,0.38306451612903225,0.47212089630015636
2015-11-26,0.3638537694504667,0.5097205346294047,0.18214783821478386,0.32083837162434503,0.4427083333333333
2015-11-27,0.39988788750620946,0.47601700060716456,0.18237590630228662,0.4153908138597905,0.5257678292555961
2015-11-28,0.4683251920122355,0.8276699029126213,0.16977976024533037,0.40394683850181234,0.47190426638917793
2015-11-29,0.4645934358070514,0.8417222559126744,0.1700111482720178,0.40982286634460546,0.43681747269890797
2015-11-30,0.4264348179666896,0.8187878787878788,0.17024240735580942,0.3476861167002012,0.369022869022869
2015-12-01,0.433482175403029,0.707450030284676,0.1250696378830084,0.5076427996781979,0.39376623376623376
2015-12-02,0.42891398066689945,0.4951573849878934,0.24394319131161235,0.5118616807398472,0.46469366562824505
2015-12-03,0.40541732680679554,0.5819721718088324,0.11971046770601335,0.5297427652733119,0.3902439024390244
2015-12-04,0.3626959680070134,0.6596130592503022,0.2251600333982744,0.4166331860184813,0.14937759336099585
2015-12-05,0.34789804871996133,0.7619335347432024,0.24401780745687252,0.3317269076305221,0.05391394504924832
2015-12-06,0.3461963384987458,0.7644927536231885,0.24422809457579975,0.32476916900843034,0.05129533678756477
2015-12-07,0.3669916842114974,0.7954133977066988,0.24443826473859842,0.36597110754414125,0.06214396685655101
2015-12-08,0.3508686807083152,0.8124246079613993,0.201000834028357,0.3305254713196951,0.05952380952380952
2015-12-09,0.36556794691733735,0.8547317661241711,0.18204558087826572,0.37169206094627105,0.05380237972064149
2015-12-10,0.4428941011505975,0.8626506024096385,0.40372325646012786,0.4312625250501002,0.07394002068252327
2015-12-11,0.46515947769299937,0.7916917519566526,0.4177777777777778,0.5596955128205128,0.09147286821705426
2015-12-12,0.4969042579053428,0.7141997593261131,0.3482366009441822,0.6663996796155387,0.2587809917355372
2015-12-13,0.5715612933566135,0.7540589296452195,0.34841754580788453,0.7237790232185749,0.4599896747547754
2015-12-14,0.599620251937764,0.7890625,0.34859839023036354,0.7603041216486595,0.500515995872033
2015-12-15,0.609364766804137,0.7597597597597597,0.30327413984461704,0.7736,0.6008251676121712
2015-12-16,0.6356349083553738,0.8271308523409364,0.31927877947295424,0.7780887644942023,0.6180412371134021
2015-12-17,0.6428447460478629,0.8068386322735452,0.33555185801442045,0.7777777777777778,0.6512107161257084
2015-12-18,0.6185712806284074,0.7829736211031175,0.21707790407540895,0.7754694366759888,0.6987641606591143
2015-12-19,0.6483910915129609,0.786698621929299,0.30764966740576494,0.7611821086261981,0.7380339680905815
2015-12-20,0.6536485129092204,0.8275449101796407,0.3078415073427542,0.7636726546906187,0.7155349794238683
2015-12-21,0.656936500591959,0.822262118491921,0.30803324099722995,0.7601755786113328,0.7372750642673522
2015-12-22,0.6179931867422698,0.8444976076555024,0.16782054832456383,0.7602712405265257,0.6993833504624871
2015-12-23,0.6499778285920457,0.8894202032277346,0.2267441860465116,0.7667464114832536,0.7170005136106831
2015-12-24,0.6610461446589534,0.8870967741935484,0.28369775809576525,0.7911518533280192,0.6822381930184805
2015-12-25,0.6715051964231263,0.8961194029850746,0.25207526286662973,0.7928286852589641,0.7449974345818369
2015-12-26,0.6710258516319121,0.915871121718377,0.25228215767634854,0.7805655117483075,0.7353846153846154
2015-12-27,0.6590178729722628,0.9224806201550387,0.25248893805309736,0.7404458598726115,0.7206560738083034
2015-12-28,0.5935331616582609,0.7067938021454112,0.2526956040917888,0.7194588141663351,0.6951844262295082
2015-12-29,0.5944180487019203,0.7885646217986897,0.2736318407960199,0.6610978520286396,0.6543778801843319
2015-12-30,0.6056097978380575,0.8184523809523809,0.3136225476651009,0.6660039761431411,0.6243602865916069
2015-12-31,0.5505412305295717,0.8530636525877454,0.2770718232044199,0.5083465818759937,0.5636828644501278
2016-01-01,0.519357585261114,0.9209274673008323,0.259872963269815,0.38180373460468814,0.5148261758691206
2016-01-02,0.4868786281872786,0.9061200237670826,0.2600773053561568,0.28157267672756153,0.49974450689831373
2016-01-03,0.4671616927321657,0.8836104513064134,0.2602815346398013,0.30647082175466456,0.41828396322778344
2016-01-04,0.4566824918636454,0.8729970326409495,0.26048565121412803,0.2619047619047619,0.43134252169474224
2016-01-05,0.4067111665989152,0.8754448398576512,0.1746206896551724,0.23086076953589846,0.34591836734693876
2016-01-06,0.3595057255383189,0.8968583283935981,0.09349145063430775,0.20340999206978588,0.2442631310555839
2016-01-07,0.35741955397705705,0.9129146919431279,0.06782464846980973,0.21244550138723742,0.23649337410805302
2016-01-08,0.3923126880257444,0.8833629366489046,0.11245865490628448,0.22702060221870046,0.3464085583290881
2016-01-09,0.3885041319825322,0.8834319526627219,0.10443648387985671,0.23366336633663368,0.3324847250509165
2016-01-10,0.3890663365807686,0.8923713778829095,0.10468319559228645,0.21417260490894696,0.3450381679389313
2016-01-11,0.35819225153519213,0.892434988179669,0.10492977141283388,0.20854768500197862,0.2268565615462869
2016-01-12,0.33326867830364554,0.8907265209686946,0.08425110132158586,0.19897151898734178,0.15912557193695984
2016-01-13,0.3362107256038155,0.8902007083825265,0.07294247178640245,0.18505338078291814,0.19664634146341464
2016-01-14,0.3345411975348948,0.8997050147492626,0.10704457897633457,0.1826086956521739,0.148806500761808
2016-01-15,0.30956443077459556,0.8820754716981132,0.09683631361760658,0.16949822204662188,0.08984771573604061
2016-01-16,0.31269444190672935,0.8338243959929287,0.08223322332233218,0.17338072669826224,0.1613394216133942
2016-01-17,0.32944426224602896,0.8003533568904594,0.08248556502612048,0.1930517173312278,0.24188640973630832
2016-01-18,0.3549325839391735,0.8104767510300177,0.08273776800439803,0.22849250197316495,0.29802331474911303
2016-01-19,0.3859093600688311,0.7970588235294118,0.08298983237153068,0.2532544378698225,0.41033434650455924
2016-01-20,0.37324196995873377,0.7971781305114638,0.08653846153846156,0.23659305993690852,0.37265822784810126
2016-01-21,0.43675380429137756,0.7555816686251469,0.10381763251853882,0.3744580212849823,0.5131578947368421
2016-01-22,0.4362753205314005,0.632413388138579,0.09170785282811644,0.45547675334909377,0.5655032878098128
2016-01-23,0.46075190360651,0.6496478873239437,0.09195717814987647,0.5230405671524222,0.5783619817997978
2016-01-24,0.4359605337588799,0.6451612903225806,0.09220636663007686,0.4940944881889764,0.5123799898938858
2016-01-25,0.44991070512127107,0.6242672919109027,0.0924554183813443,0.5344352617079889,0.5484848484848485
2016-01-26,0.4451088608256977,0.6139425893380199,0.09270433351618212,0.6164437450826121,0.4573447753659768
2016-01-27,0.4602640193042215,0.5485948477751756,0.09295311214697011,0.6979944946913095,0.5015136226034309
2016-01-28,0.4443323438419239,0.47922761849034523,0.1378837719298246,0.7028301886792453,0.45738779626828036
2016-01-29,0.4573921609085262,0.5046783625730994,0.14743765415182242,0.7218074656188606,0.45564516129032256
2016-01-30,0.44896192184656564,0.48158971361776737,0.1145205479452055,0.7513747054202671,0.44836272040302266
2016-01-31,0.46236098237565204,0.5210280373831775,0.11476307860860036,0.7962308598351001,0.4174219536757301
2016-02-01,0.4620631274282341,0.5388207822533566,0.11500547645125958,0.8069073783359497,0.3875188726723704
2016-02-02,0.4998427437521059,0.514585764294049,0.12181768409526417,0.82071400549235,0.5422535211267606
2016-02-03,0.5048608290101438,0.5405247813411078,0.1053639846743295,0.8431372549019608,0.5304172951231775
2016-02-04,0.544297547876023,0.5501165501165501,0.2325581395348837,0.8447667581340651,0.549748743718593
2016-02-05,0.5933231862020996,0.48398369248689577,0.46936542669584247,0.8358150470219435,0.5841285786037167
2016-02-06,0.5402876323238954,0.47788125727590225,0.3136450642603227,0.8354876615746181,0.5341365461847389
2016-02-07,0.5521046778413439,0.5887143688190808,0.3138326954620011,0.8206734534064213,0.48519819367787254
2016-02-08,0.5388524361153503,0.5982558139534884,0.3140202241049467,0.8078277886497065,0.4353059177532598
2016-02-09,0.5527639253377946,0.5851249273678094,0.4437158469945355,0.7566510172143975,0.4255639097744361
2016-02-10,0.5656939435258908,0.5720092915214867,0.5255394700901392,0.7098161908486508,0.45541082164328656
2016-02-11,0.5709292366473769,0.5240858966918166,0.5729109776078646,0.6704456606724003,0.5162744116174262
2016-02-12,0.5755988481812175,0.5069605568445475,0.6104286104286104,0.677999218444705,0.507007007007007
2016-02-13,0.5782488110248076,0.5078260869565218,0.6722161572052402,0.633203125,0.49974987493746875
2016-02-14,0.5959264952231407,0.49246813441483195,0.6723055934515689,0.6134322530261617,0.6055
2016-02-15,0.576191209742978,0.5390851187029531,0.6723949809056192,0.5995316159250585,0.49375312343828087
2016-02-16,0.5458233715995587,0.49884259259259256,0.6724843196073085,0.5793991416309013,0.4325674325674326
2016-02-17,0.5186059534603351,0.5193753614806247,0.623773173391494,0.4949297971918877,0.436345481777334
2016-02-18,0.5612302903066239,0.49479768786127165,0.812755519215045,0.5107212475633528,0.42664670658682635
2016-02-19,0.5652794942079072,0.5158867706528019,0.7806539509536785,0.5276695245518317,0.43690773067331673
2016-02-20,0.5343298856460255,0.5560046189376444,0.8098610732770363,0.4215037008180756,0.34995014955134596
2016-02-21,0.5249586821376018,0.5406809001731102,0.8099128540305011,0.3855140186915888,0.3637269556552068
2016-02-22,0.5422480758687822,0.5403690888119954,0.8099646065886197,0.3460490463215259,0.47260956175298807
2016-02-23,0.5806111331217031,0.5152737752161383,0.8780620577027762,0.40894941634241244,0.5201592832254853
2016-02-24,0.5943243575345338,0.5184331797235022,0.8429931972789115,0.485025281991443,0.5308457711442786
2016-02-25,0.594226465783079,0.58664363845711,0.8998911860718172,0.38763608087091755,0.5027349577324715
2016-02-26,0.5809750588406737,0.6075949367088608,0.8920315474571662,0.3396813058686358,0.4845924453280318
2016-02-27,0.5823616578529462,0.6227717078780908,0.758020663404024,0.3714063714063714,0.5772478887232986
2016-02-28,0.5497868349093612,0.5551724137931034,0.7580864365316662,0.35262135922330096,0.5332671300893744
2016-02-29,0.5381394851983072,0.5818495117748421,0.7581521739130435,0.3078416149068323,0.5047146401985112
2016-03-01,0.5217555470342498,0.5074626865671642,0.7315946753599565,0.3092743500194024,0.5386904761904762
2016-03-02,0.5435489541404066,0.4543889845094664,0.8435632808256383,0.32195500387897596,0.5542885473475458
2016-03-03,0.5529363844841076,0.4822247706422018,0.824871029052403,0.3233811554866227,0.5812685827552032
2016-03-04,0.5682197370369796,0.44641833810888254,0.9112377850162866,0.26589147286821707,0.649331352154532
2016-03-05,0.583964718264903,0.4742268041237113,0.8852103120759838,0.2774118558698179,0.699009900990099
2016-03-06,0.6189731507985488,0.4653692043503148,0.885241454150841,0.3543764523625097,0.7709054923305294
2016-03-07,0.6240687497642555,0.4731121281464531,0.8852725793327909,0.31049167634533487,0.8273986152324432
2016-03-08,0.5507722294640142,0.41337907375643224,0.735357917570499,0.23181114551083593,0.8225407810182896
2016-03-09,0.5611005724173121,0.41028571428571425,0.8124152886961236,0.19264990328820117,0.8290513833992095
2016-03-10,0.589157006159147,0.42033123929183325,0.8880758807588076,0.21809744779582366,0.8301234567901234
2016-03-11,0.5901206088839074,0.46518264840182644,0.8512598211866703,0.2241979126401237,0.8198420533070089
2016-03-12,0.6303797257424547,0.6018254420992584,0.9279523293607801,0.21522411128284388,0.7765170202269364
2016-03-13,0.6134144179785275,0.6237172177879133,0.9279718386135933,0.15295480880648898,0.7490138067061144
2016-03-14,0.60789243299037,0.6216524216524216,0.9279913373037358,0.1667953667953668,0.7151306062099556
2016-03-15,0.6032327189112849,0.6156036446469249,0.8882273342354533,0.18988807410266306,0.7192118226600985
2016-03-16,0.5933483078698837,0.6351735913488902,0.8566017316017316,0.19328703703703703,0.6883308714918759
2016-03-17,0.5890684597269774,0.6689419795221843,0.8509602380308359,0.17200154261473197,0.6643700787401575
2016-03-18,0.6165967355109641,0.6463899943149517,0.9745808545159546,0.19121048573631458,0.6542056074766355
2016-03-19,0.6260490893372478,0.6704545454545454,0.9751284130846175,0.17572254335260115,0.6828908554572272
2016-03-20,0.6218076734793451,0.6632595116411131,0.9751351351351352,0.19183359013867488,0.657002457002457
2016-03-21,0.6161994267865425,0.6651532349602725,0.9751418535530938,0.18059299191374664,0.6439096267190569
2016-03-22,0.6020716307147311,0.7067498581962564,0.9651539708265803,0.16397228637413394,0.5724104074619538
2016-03-23,0.5938087505624143,0.723922902494331,0.9586821496084256,0.15582916506348596,0.5368007850834151
2016-03-24,0.5900049773366057,0.7512747875354108,0.9327753779697624,0.14384615384615385,0.5321235899950957
2016-03-25,0.5691148349699455,0.768969422423556,0.91417004048583,0.11341791618608228,0.47990196078431374
2016-03-26,0.5450284653976801,0.7577815506508205,0.8998920669185105,0.12067640276710223,0.4017638412542871
2016-03-27,0.5391356706948742,0.7731900452488688,0.8999190720258969,0.1244717633499808,0.35896180215475026
2016-03-28,0.5400144031384364,0.7557942340305257,0.8999460625674218,0.1313364055299539,0.37298091042584436
2016-03-29,0.5756623168071602,0.7587570621468926,0.9552440010784577,0.1600767754318618,0.42857142857142855
2016-03-30,0.6114765893799062,0.7769621682665161,0.946900269541779,0.24673829623944743,0.47530562347188265
2016-03-31,0.6299397894533143,0.8053047404063205,0.9787119374831582,0.25431530494821636,0.4814271749755621
2016-04-01,0.6330798410278787,0.838127467569092,0.9822198275862069,0.24348159509202455,0.4684904738641915
2016-04-02,0.6261441028973906,0.8472378804960541,0.9523296525720442,0.25871981602146416,0.4462890625
2016-04-03,0.6109497822443196,0.8591549295774648,0.9523424878836834,0.2413793103448276,0.39092240117130306
2016-04-04,0.5748299993045825,0.8350225225225225,0.9523553162853298,0.2504787437763309,0.26146341463414635
2016-04-05,0.5316643717188484,0.8660664040517727,0.9058127018299247,0.2163093415007657,0.13846903949293027
2016-04-06,0.4951675282748621,0.858830146231721,0.8434221146085553,0.17412935323383086,0.10428849902534112
2016-04-07,0.5206022021313031,0.8695896571107364,0.9107046799354491,0.21882172915072687,0.08329274232830004
2016-04-08,0.5125938673695263,0.8747191011235955,0.8246840548534552,0.2711281070745698,0.0798442064264849
2016-04-09,0.5270032956552502,0.8725435148792813,0.8868279569892473,0.26299694189602446,0.08564476885644769
2016-04-10,0.5346070567768182,0.8569023569023569,0.8868583714055361,0.2969048528849828,0.09776264591439689
2016-04-11,0.5492707029555655,0.8109927089175547,0.8868887694787748,0.35141329258976317,0.14778804083616917
2016-04-12,0.5849975452625631,0.8127802690582959,0.8595218909481601,0.475754104620084,0.19193391642371235
2016-04-13,0.6130795738699313,0.8151260504201681,0.9154135338345865,0.4988549618320611,0.22292374939290918
2016-04-14,0.6162861516936204,0.8230683090705487,0.9186577181208053,0.48798168637924455,0.2354368932038835
2016-04-15,0.6220075799584195,0.8186905428091774,0.9318303811057435,0.5080091533180778,0.22950024260067928
2016-04-16,0.5343720874304756,0.8120805369127517,0.5436007512744835,0.5470834921845216,0.2347235693501455
2016-04-17,0.5313324774769461,0.8479597540525433,0.5437231759656652,0.510670731707317,0.22297624818225883
2016-04-18,0.5252336032903122,0.840782122905028,0.5438455349959774,0.5428571428571428,0.17344961240310078
2016-04-19,0.5293430275582532,0.818537130094919,0.5911528150134049,0.5038080731150039,0.20387409200968523
2016-04-20,0.5824177398057262,0.83203125,0.8129187885285446,0.4765892653216597,0.20813165537270087
2016-04-21,0.5774897370275561,0.7953151143335192,0.8027867095391211,0.4573820395738204,0.2544750846637639
2016-04-22,0.6036291497972053,0.7965440356744704,0.8483793195821056,0.46253328261696464,0.30705996131528046
2016-04-23,0.6047322311941933,0.7888579387186629,0.8336904124263524,0.4711026615969582,0.32527791203479944
2016-04-24,0.6326098422634677,0.7861915367483296,0.8337349397590361,0.5298365640440897,0.38067632850241545
2016-04-25,0.6618848411638121,0.7796327212020033,0.833779443254818,0.5353343465045592,0.4987928536938677
2016-04-26,0.6837884578893824,0.8058954393770856,0.8338239229328338,0.5191796429927839,0.5762548262548263
2016-04-27,0.6992602716238312,0.8071150639244025,0.8384162653825575,0.5649202733485194,0.5865894838398457
2016-04-28,0.6947255712829036,0.8222222222222222,0.8221449585450655,0.5168880455407969,0.6176470588235294
2016-04-29,0.6263613452841083,0.8312048861743476,0.7352941176470589,0.3220789074355083,0.6168674698795181
2016-04-30,0.6354326714029934,0.8351831298557159,0.7489975942261428,0.35494880546075086,0.6026011560693642
2016-05-01,0.6469706150589707,0.8358291735995563,0.7490646712987707,0.365049279757392,0.6379393355801637
2016-05-02,0.6164591949876037,0.8259423503325942,0.7491317125300561,0.270935960591133,0.6198267564966313
2016-05-03,0.6455201550206744,0.8437673130193906,0.8410790598290598,0.25606060606060604,0.6411736411736412
2016-05-04,0.6195407831231706,0.8488372093023255,0.7377837116154873,0.21317682695948503,0.6783653846153846
2016-05-05,0.5958742473342825,0.7565024903154399,0.7229044313934864,0.232778198334595,0.6713118692936089
2016-05-06,0.5839468443476266,0.7494469026548672,0.5535094742460636,0.35944003026863414,0.6733909702209414
2016-05-07,0.6146269085189855,0.814262023217247,0.612059765208111,0.3154311649016641,0.7167546807489198
2016-05-08,0.5992726330822149,0.8171270718232044,0.6121632435316084,0.2782608695652174,0.6895393474088292
2016-05-09,0.6132557916488117,0.8260629486471562,0.6122666666666667,0.3321995464852608,0.6824940047961631
2016-05-10,0.5471148691151972,0.8062913907284768,0.38443081844841376,0.3898753305629014,0.6078619367209971
2016-05-11,0.5139448462711877,0.7810259238830668,0.3158315565031983,0.43089123867069484,0.5280306660277911
2016-05-12,0.5273944836278877,0.7850055126791621,0.397015720756728,0.41223103057757643,0.5153256704980843
2016-05-13,0.5154391977266828,0.7922865013774105,0.38145977623867877,0.37245283018867925,0.5155576831019627
2016-05-14,0.4703864211624246,0.777533039647577,0.2790945406125166,0.3545831761599397,0.47033492822966505
2016-05-15,0.47516877445194333,0.7749036873968079,0.2792864749733759,0.37254901960784315,0.47393591582974653
2016-05-16,0.46797378245487586,0.7755775577557755,0.279478307159968,0.36750848096494537,0.44933078393881454
2016-05-17,0.47973974418524024,0.754260582737768,0.305747738158595,0.39788997739261495,0.4610606784519828
2016-05-18,0.4729084790117143,0.760989010989011,0.2772013833466347,0.35630885122410544,0.497134670487106
2016-05-19,0.4611919371888705,0.7819879187259747,0.11861702127659579,0.3885542168674699,0.5556085918854415
2016-05-20,0.47044930403587065,0.7590559824368825,0.07763892581760168,0.41437711704930374,0.6307251908396947
2016-05-21,0.506709665109238,0.8173340647284696,0.11031366294524192,0.4420617005267118,0.6571292322365284
2016-05-22,0.5048698248817765,0.8064692982456141,0.11055009301089558,0.46709289206468596,0.6353670162059104
2016-05-23,0.5106508765954659,0.8071232876712329,0.11078639744952179,0.4781954887218045,0.6464983325393044
2016-05-24,0.5101083676566632,0.8066812705366923,0.1341301460823373,0.47200300638857573,0.6276190476190476
2016-05-25,0.5177393993580863,0.8166392993979201,0.12825278810408924,0.5082644628099173,0.6178010471204188
2016-05-26,0.4777907109962316,0.7850109409190372,0.1016724183700557,0.4769057453999249,0.5475737392959087
2016-05-27,0.47117887078822707,0.8206670311645707,0.13375796178343946,0.46096096096096095,0.4693295292439372
2016-05-28,0.46429422534108766,0.7530054644808744,0.07561687450252053,0.4971857410881801,0.5313688212927756
2016-05-29,0.4664920797509425,0.659202621518296,0.07586206896551728,0.4981245311327832,0.6327790973871734
2016-05-30,0.4661643890977639,0.6441048034934498,0.07610713338636965,0.42744656917885265,0.7169990503323836
2016-05-31,0.47619305107621146,0.6808510638297872,0.07635206786850479,0.4332833583208396,0.7142857142857143
2016-06-01,0.4715972428383063,0.643947655398037,0.04081632653061229,0.4402397901835894,0.7613851992409867
2016-06-02,0.4724722583205838,0.6463215258855586,0.03577106518282991,0.45767790262172287,0.7501185395922239
2016-06-03,0.4862673125662717,0.6154684095860566,0.06145695364238413,0.515537251965556,0.75260663507109
2016-06-04,0.5405753953630239,0.7196516058791508,0.22219279661016944,0.4592065868263473,0.7612505921364282
2016-06-05,0.5271054755453407,0.7083786724700762,0.22239872915011916,0.4399551066217733,0.7376893939393939
2016-06-06,0.48452688392720344,0.5633496465470365,0.2226045526733722,0.5,0.6521533364884051
2016-06-07,0.5033428167137017,0.5255434782608696,0.3006086266207991,0.508411214953271,0.6788079470198676
2016-06-08,0.5165574711085272,0.48940793047256925,0.4021164021164021,0.523168908819133,0.6515366430260048
2016-06-09,0.5898112693412292,0.46959826275787186,0.6815657233536101,0.5039223010833022,0.7041587901701323
2016-06-10,0.557798363246082,0.4812805208898535,0.5359598096245373,0.5063480209111277,0.7076051015588096
2016-06-11,0.5027411112575589,0.4880694143167028,0.3248744382765001,0.5393803658081374,0.6586402266288952
2016-06-12,0.4798425296920913,0.4200542005420054,0.3250528541226215,0.5574626865671641,0.6168003775365739
2016-06-13,0.5227754029860348,0.40249187432286027,0.3252311756935271,0.59828422230511,0.7650943396226415
2016-06-14,0.5395263221502131,0.4022739577693557,0.3272583201267829,0.6096196868008948,0.8189533239038189
2016-06-15,0.5601954949365671,0.4204545454545454,0.3512014787430684,0.6194558330227358,0.8496701225259189
2016-06-16,0.5683298819135065,0.3910221741481882,0.37222808870116153,0.657973174366617,0.8520960904380593
2016-06-17,0.5637000092834673,0.40972972972972976,0.27527051992610185,0.6893854748603352,0.8804143126177024
2016-06-18,0.6205691812493045,0.39492166396542405,0.48496042216358837,0.7021593447505584,0.900235294117647
2016-06-19,0.6308693708858913,0.4044276457883369,0.4850962806647323,0.7294380349832527,0.9045155221072436
2016-06-20,0.6225798269443288,0.3934160820291419,0.4852320675105485,0.7254464285714286,0.8862247296661965
2016-06-21,0.6955499766673471,0.3959007551240561,0.7938307408383865,0.7080699144663444,0.8843984962406015
2016-06-22,0.6881457119270755,0.37628032345013473,0.7630469161834476,0.720817843866171,0.8924377642085486
2016-06-23,0.7039055265403633,0.37338362068965514,0.8216073781291173,0.704199182460052,0.9164319248826291
2016-06-24,0.7153947205618513,0.38179859989229936,0.8912012644889358,0.6786775631500743,0.9099014547160957
2016-06-25,0.6155954708681993,0.383745963401507,0.5030287068738477,0.6698848867434088,0.9057223264540337
2016-06-26,0.6057831346313467,0.3727810650887574,0.5031595576619273,0.6414253897550112,0.9057665260196905
2016-06-27,0.5972859776669237,0.4048387096774193,0.5032903395630429,0.6051948051948052,0.8758200562324273
2016-06-28,0.5326688092357148,0.47447608812466413,0.2605263157894737,0.5797477744807121,0.8159250585480093
2016-06-29,0.5233314004931616,0.43770139634801286,0.36700868192580904,0.5517241379310345,0.7368913857677902
2016-06-30,0.5462238847745018,0.45625335480407947,0.6278274592319832,0.4840622683469237,0.6167524567150211
2016-07-01,0.5037776800885889,0.4640557939914163,0.5579805416776229,0.4720266765468692,0.5210477081384471
2016-07-02,0.5046597971206852,0.44504021447721176,0.6898002103049421,0.43592592592592594,0.4478728377746611
2016-07-03,0.48934338000964916,0.46570203644158625,0.6898817345597897,0.3639392817475009,0.4378504672897196
2016-07-04,0.49169754612334315,0.44884841992501334,0.6899632159747766,0.344559585492228,0.4834189631013545
2016-07-05,0.5103771633446514,0.4400428265524625,0.6900446545836616,0.37920828708842025,0.5322128851540616
2016-07-06,0.4179162280666947,0.4735152487961477,0.3022584033613446,0.3121301775147929,0.5837610825944937
2016-07-07,0.41567767434811254,0.5096256684491979,0.24468364400105014,0.33937153419593347,0.5690298507462687
2016-07-08,0.41916747571360136,0.575093532870123,0.17979002624671914,0.2812269031781227,0.6405594405594406
2016-07-09,0.4043754092430847,0.5737179487179487,0.12175282078194705,0.27151828592537863,0.6505125815470643
2016-07-10,0.41141853846785226,0.5878270154831821,0.12198321091290665,0.25258493353028066,0.6832789939450395
2016-07-11,0.40278764478686735,0.5538954108858057,0.1222134801993181,0.22554448135843486,0.7094972067039106
2016-07-12,0.428704822833087,0.6229333333333333,0.15679077084425797,0.21476014760147602,0.7203350395532806
2016-07-13,0.43011159603361965,0.6545842217484008,0.2977719528178244,0.19181113980081152,0.5762790697674418
2016-07-14,0.41654441377688073,0.633990410229089,0.39177148846960164,0.16482300884955753,0.4755927475592748
2016-07-15,0.4147059507186449,0.6001064962726305,0.5381189415771548,0.16697382970880945,0.35362453531598514
2016-07-16,0.3652562963642249,0.6295902075572113,0.39235201676270304,0.1348563006632277,0.30422666047375757
2016-07-17,0.31475773140867364,0.6015957446808511,0.3925111285676879,0.13075506445672191,0.1341689879294336
2016-07-18,0.29996114311193184,0.6044657097288677,0.39267015706806285,0.12150220913107511,0.08120649651972157
2016-07-19,0.3146925747560191,0.6094580233793836,0.48730698769955505,0.09753404490246595,0.06447124304267161
2016-07-20,0.2653022408105299,0.6144450345193839,0.28152799581371013,0.10264900662251655,0.06258692628650904
2016-07-21,0.23779651858194137,0.6035031847133758,0.1723777138373005,0.1099668995954395,0.06533827618164968
2016-07-22,0.24819414655844152,0.6557029177718833,0.1990062761506276,0.08897058823529412,0.04909680407596109
2016-07-23,0.22954710023456457,0.6495227995758218,0.1210457516339869,0.10363836824696802,0.04398148148148148
2016-07-24,0.23050765088075686,0.640169581346052,0.12127548353371664,0.10690668626010287,0.053678852383155944
2016-07-25,0.23716248450486516,0.6430084745762712,0.12150509537496734,0.11568123393316196,0.06845513413506013
2016-07-26,0.23376786345081185,0.6490206458443621,0.07471264367816088,0.12812041116005873,0.08321775312066575
2016-07-27,0.30978624343622374,0.6396825396825396,0.3126142595978062,0.14128440366972478,0.1455637707948244
2016-07-28,0.36152161294837826,0.6229508196721312,0.47232375979112273,0.15774027879677183,0.1930715935334873
2016-07-29,0.4144919475582791,0.7198731501057083,0.49621508744453147,0.18518518518518517,0.2566943674976916
2016-07-30,0.42240448800493224,0.6481774960380349,0.4879958246346555,0.21334310850439883,0.3401015228426396
2016-07-31,0.4376037020590745,0.6425554382259768,0.4881294025567441,0.2253572737266398,0.3943726937269373
2016-08-01,0.46208440899548664,0.6263852242744063,0.4882629107981221,0.2684981684981685,0.46519133241124944
2016-08-02,0.4912161148818796,0.5891350210970464,0.5348109517601043,0.32478945441230317,0.5161290322580645
2016-08-03,0.564478696096945,0.8191881918819188,0.4788842544316997,0.39604685212298685,0.5637954859511746
2016-08-04,0.6182530556396963,0.8614330874604847,0.6085483450612458,0.41785583607757043,0.5851749539594844
2016-08-05,0.6532287975931783,0.8925750394944708,0.6492965085982283,0.4663496708119971,0.6046939714680166
2016-08-06,0.6294230906873592,0.8836842105263158,0.5412867934357906,0.47312614259597807,0.6195952161913524
2016-08-07,0.6210923202352597,0.8826933193056286,0.54140625,0.4864766081871345,0.5737931034482758
2016-08-08,0.61539381159437,0.8953732912723449,0.5415256443634471,0.4782608695652174,0.5464154411764706
2016-08-09,0.5970694854381531,0.8959537572254335,0.5471108797501301,0.4978086194302411,0.44740468534680755
2016-08-10,0.5943049701570019,0.9180672268907563,0.6919073640385116,0.4954362906170135,0.27180899908172634
2016-08-11,0.585189110963962,0.931758530183727,0.6891259105098855,0.522992700729927,0.1968793024323084
2016-08-12,0.5863298093634064,0.9338929695697796,0.7011703511053315,0.5501641736592484,0.16009174311926605
2016-08-13,0.5764561485018137,0.9360251704247509,0.6349453978159126,0.5780452224653537,0.15680880330123798
2016-08-14,0.5874713529731301,0.9376310272536688,0.6350402911359501,0.5902296755377324,0.18698441796516957
2016-08-15,0.5916993684714309,0.9392352016762703,0.6351351351351351,0.6009475218658892,0.19147961520842877
2016-08-16,0.6422942442115378,0.9387434554973823,0.7957911145752143,0.5617486338797815,0.27289377289377287
2016-08-17,0.6475762998528138,0.9445316588173731,0.8688311688311688,0.5746540422432629,0.2022883295194508
2016-08-18,0.6249455162629138,0.9461297071129707,0.8493897688911971,0.5587914088096105,0.1454711802378774
2016-08-19,0.641392727871061,0.9461578672242551,0.9174454828660437,0.5611353711790393,0.14083219021490626
2016-08-20,0.6187627903993833,0.9467084639498433,0.8673760705943421,0.5540196435067297,0.10694698354661791
2016-08-21,0.6324569954831515,0.9477806788511749,0.8674104826154645,0.6054545454545455,0.10918227501142073
2016-08-22,0.6192578071321077,0.9488517745302714,0.8674448767833982,0.5917848055252636,0.06894977168949772
2016-08-23,0.6286326244536499,0.9478351591027647,0.8851141078838174,0.6090116279069767,0.07256960292104062
2016-08-24,0.633665393765719,0.9457768508863399,0.9069224786103189,0.5902651652742463,0.09169708029197081
2016-08-25,0.6227354719466774,0.9478895257946848,0.8576982892690513,0.5900508351488744,0.0953032375740994
2016-08-26,0.6093759165736532,0.9494791666666667,0.8922000518268982,0.5361161524500907,0.059708295350957154
2016-08-27,0.5869259541783138,0.9495054659031754,0.8238341968911918,0.5174165457184325,0.05694760820045558
2016-08-28,0.5654027480425335,0.9490114464099896,0.823879823879824,0.4345302865433442,0.05418943533697632
2016-08-29,0.5742221229948211,0.9490379615184608,0.8239254272397721,0.41878172588832485,0.10514337733272644
2016-08-30,0.4973830889447654,0.9495841995841996,0.4874449909396842,0.4128307357738311,0.13967242948134667
2016-08-31,0.4741515434611852,0.9516883116883117,0.4272774327122153,0.3898550724637681,0.12778535698044566
2016-09-01,0.4504676855995149,0.9511941848390446,0.36041397153945665,0.36617167692864905,0.12409090909090909
2016-09-02,0.45668135244239755,0.9377270368448365,0.44205897568546304,0.33562635771180305,0.1113130395274875
2016-09-03,0.4602902774850031,0.9367219917012448,0.4685802948021722,0.3141512848353239,0.12170753860127158
2016-09-04,0.47266432860175767,0.9274235355106273,0.46871768355739396,0.3147612156295224,0.17975487970948706
2016-09-05,0.47141247834973876,0.9259067357512953,0.4688550012923236,0.31030741410488244,0.18058076225045372
2016-09-06,0.47825588291600507,0.92180217503884,0.46899224806201545,0.36984815618221256,0.1523809523809524
2016-09-07,0.570713983089683,0.9233954451345756,0.8008266597778352,0.3754969280809541,0.18313689936536717
2016-09-08,0.5753171469415163,0.9213657527159855,0.7631714876033058,0.3883670520231214,0.22836429542365203
2016-09-09,0.5997422120555478,0.9193381592554292,0.6026336173508908,0.4431202600216685,0.4338768115942029
2016-09-10,0.5504363198181755,0.9121447028423773,0.36499741868869384,0.4216606498194946,0.5029425079221367
2016-09-11,0.5245595982305227,0.8982438016528925,0.3651612903225806,0.38505954529050884,0.4497737556561086
2016-09-12,0.5201127036156028,0.8946824987093444,0.3653250773993808,0.3939393939393939,0.4265038444142922
2016-09-13,0.4901396862789621,0.8993808049535603,0.30281145215372707,0.32708258204111074,0.43128390596745025
2016-09-14,0.4770866127795314,0.8855079938112429,0.2385250128932439,0.3410237923576063,0.44328965205603255
2016-09-15,0.45517775559002893,0.8902061855670103,0.20752771332817732,0.32144144144144143,0.4015356820234869
2016-09-16,0.42804467142795166,0.8722308088614117,0.13530927835051543,0.2802593659942363,0.42437923250564336
2016-09-17,0.4467547442214129,0.858908341915551,0.1192991497036846,0.2988836874324811,0.509927797833935
2016-09-18,0.4653974509494946,0.851775604734946,0.11952601751674397,0.3390928725701944,0.5511953089760938
2016-09-19,0.46509200255464944,0.8446502057613169,0.119752768477981,0.3364519611370997,0.5595130748422001
2016-09-20,0.4346864862618333,0.8015424164524422,0.09423274974253348,0.289568345323741,0.5534024335286165
2016-09-21,0.45555031028593923,0.8119218910585817,0.10785070785070783,0.29341963322545844,0.609009009009009
2016-09-22,0.47161864664237363,0.8109912686183873,0.146165723108595,0.30122214234363764,0.6280954524988743
2016-09-23,0.486587154016362,0.7926078028747433,0.24440442500643167,0.3305785123966942,0.5787578757875788
2016-09-24,0.47562652716997944,0.8034889687018985,0.22865226337448563,0.32830459770114945,0.5420602789023842
2016-09-25,0.4710167302316222,0.796923076923077,0.2288506042684495,0.33895870736086176,0.5193345323741008
2016-09-26,0.46625905952045144,0.7790876473603281,0.22904884318766072,0.3679109834888729,0.48898876404494385
2016-09-27,0.4792518217767088,0.7710040983606558,0.20997172963248523,0.44277000358808755,0.49326145552560646
2016-09-28,0.4704250325046783,0.8141321044546851,0.24075025693730734,0.4931850789096126,0.33363268971710824
2016-09-29,0.468121786128805,0.7896622313203685,0.34497816593886466,0.5242022230190032,0.21364452423698385
2016-09-30,0.5007242886163219,0.767774936061381,0.49435028248587576,0.5397849462365591,0.20098698968147152
2016-10-01,0.5235696254320876,0.8098159509202454,0.5178433889602054,0.5854532425653888,0.18116591928251122
2016-10-02,0.5222412434325503,0.776188042922841,0.5179671457905544,0.6074498567335244,0.18735992828328105
2016-10-03,0.5117850541277965,0.7732379979570991,0.5180908391070054,0.5954171142141067,0.1603942652329749
2016-10-04,0.48406118320411556,0.774885145482389,0.42406362237044637,0.6445955619183965,0.09270040304523063
2016-10-05,0.47869486552578216,0.7918367346938775,0.3703513721467043,0.6554561717352415,0.09713518352730528
2016-10-06,0.446289682919788,0.8220295767465579,0.16974358974358972,0.6573676680972819,0.1360178970917226
2016-10-07,0.4480154356700751,0.8165137614678899,0.1391950781850807,0.6968180193063997,0.13953488372093023
2016-10-08,0.4501094124956539,0.8171166581762608,0.14146591491542804,0.6929949964260186,0.14886008046490837
2016-10-09,0.45352219605528526,0.8309572301425662,0.14168588265436843,0.7038227938549482,0.13762287756925826
2016-10-10,0.4585596096295621,0.8213740458015267,0.141905737704918,0.7235714285714285,0.14738722644037516
2016-10-11,0.47412825808551134,0.8290946083418108,0.14212548015364912,0.6797572295608711,0.24553571428571427
2016-10-12,0.5086068926761494,0.8149466192170819,0.22555043522785456,0.6695217701641685,0.3244087460954931
2016-10-13,0.4853037789548211,0.7535569105691057,0.20552853852060404,0.6632179807349269,0.31891168599464764
2016-10-14,0.507254586657088,0.7983748095479939,0.284288638689867,0.6298145506419401,0.31654034774855105
2016-10-15,0.5043415479097817,0.7786802030456853,0.26221540035814783,0.6270944741532977,0.3493761140819964
2016-10-16,0.49460136559461965,0.741248097412481,0.2624040920716113,0.605488239486814,0.3692650334075724
2016-10-17,0.4816213910244754,0.7170385395537525,0.2625926872922526,0.5871036693979338,0.3597506678539626
2016-10-18,0.48460844746693066,0.7136340598073999,0.28962167689161555,0.5751424501424501,0.36003560302625726
2016-10-19,0.5275659790182805,0.7107396149949341,0.5021722463582929,0.5592737629049483,0.33807829181494664
2016-10-20,0.5211492006504278,0.7493670886075949,0.4606540623403168,0.5206405693950178,0.3539350822587817
2016-10-21,0.5213946472794618,0.7464574898785425,0.4469987228607918,0.5627890430451796,0.3293333333333333
2016-10-22,0.48043076675060786,0.7789580171977744,0.3148621041879469,0.5782361308677099,0.24966681474900043
2016-10-23,0.4988057318546634,0.794236602628918,0.31503701812611695,0.5986491290437256,0.2873001776198934
2016-10-24,0.5012068725387737,0.7503789792824659,0.31521184277692704,0.6112295664534471,0.3280071016422548
2016-10-25,0.4774409293925226,0.7196969696969697,0.20413370757846394,0.6465364120781527,0.339396628216504
2016-10-26,0.5294005861552663,0.7425542655224634,0.3084183673469387,0.6590909090909091,0.4075388026607539
2016-10-27,0.544493960563647,0.7633703329969728,0.2851313440448865,0.7057152999645012,0.4237588652482269
2016-10-28,0.5396057484654628,0.7065052950075643,0.1965833758286588,0.7267565649396736,0.5285777580859548
2016-10-29,0.5778995894762837,0.7439516129032258,0.22584756563854191,0.7080525008868394,0.6337466784765279
2016-10-30,0.5902512800233406,0.7168765743073048,0.22604485219164117,0.6836879432624113,0.7343957503320053
2016-10-31,0.5920691258484748,0.7326283987915407,0.22624203821656053,0.6430343849698689,0.7663716814159292
2016-11-01,0.5781831416565373,0.7382989431303473,0.1854304635761589,0.6282778171509568,0.7607253427686864
2016-11-02,0.5737603652872845,0.6996981891348089,0.1866564807741279,0.6248671625929861,0.7838196286472149
2016-11-03,0.5667667716086393,0.6842634489693313,0.23472505091649698,0.5531161473087819,0.794962439239947
2016-11-04,0.5522842049468508,0.6623115577889447,0.284296258589972,0.44141592920353984,0.821113074204947
2016-11-05,0.5526828544463601,0.6720241084881968,0.33867684478371496,0.39738145789101204,0.8026490066225166
2016-11-06,0.541397474484431,0.7088353413654618,0.3388450775883999,0.3597453130527061,0.7581641659311562
2016-11-07,0.5364701506862893,0.7059708981435022,0.3390132248219736,0.3765912305516266,0.7243052492280547
2016-11-08,0.5441658916210715,0.6860581745235708,0.3930841596745487,0.37044892188052314,0.7270723104056437
2016-11-09,0.5562063770239397,0.6676691729323307,0.4931367564819522,0.37208480565371027,0.6919347730277655
2016-11-10,0.5263526452696183,0.6282565130260521,0.2632782719186785,0.48039561992228896,0.7334801762114538
2016-11-11,0.4713166363906916,0.6705057586379569,0.1247459349593496,0.4858757062146893,0.6041391457507705
2016-11-12,0.49678062725879757,0.7322322322322322,0.12496824993649991,0.5326509001058948,0.5972711267605634
2016-11-13,0.513621459171518,0.7083541770885442,0.12519045200609447,0.5860973888496824,0.634843818741751
2016-11-14,0.5300132958352793,0.7055,0.12541254125412538,0.617636684303351,0.6715039577836411
2016-11-15,0.5288890025917299,0.7316341829085458,0.044923857868020334,0.6484485190409027,0.6905494505494505
2016-11-16,0.539566268475354,0.7397602397602397,0.06876427302715049,0.6577370461755375,0.6920035149384886
2016-11-17,0.5288359476012604,0.7024463305042437,0.057584982242516514,0.6434108527131783,0.7119016249451032
2016-11-18,0.5428199544785361,0.685129740518962,0.03905655592188684,0.6586826347305389,0.7884108867427568
2016-11-19,0.5552443570597466,0.6812967581047382,0.021805273833671368,0.719718309859155,0.7981570864414217
2016-11-20,0.5508964672889973,0.6889332003988036,0.02205323193916353,0.6842661034846885,0.8083333333333333
2016-11-21,0.5542728990519935,0.6885899352267065,0.02230106436898127,0.6815622800844475,0.8246383165278387
2016-11-22,0.5500720207794657,0.7111553784860558,0.03242969343805424,0.6574041505451987,0.7992988606485539
2016-11-23,0.5474291537953417,0.7192633150821304,0.04685916919959476,0.6237693389592124,0.7998247919404292
2016-11-24,0.5402737435155399,0.7388059701492538,0.030134211192706983,0.6101933216168717,0.7819614711033275
2016-11-25,0.5225290743569486,0.6737941322725012,0.03037974683544309,0.6437104708362614,0.7422319474835887
2016-11-26,0.4965272719931947,0.6699801192842942,0.02733485193621865,0.5932560590094836,0.6955380577427821
2016-11-27,0.48471236338040563,0.7019374068554396,0.027580971659919018,0.574438202247191,0.634892872759073
2016-11-28,0.46101695238534385,0.6802383316782523,0.027826966860612146,0.5879255879255879,0.5480769230769231
2016-11-29,0.4648311026343204,0.741439205955335,0.03818917551846235,0.6249122807017544,0.45478374836173
2016-11-30,0.4544714915299744,0.7341269841269842,0.05158027812895072,0.6618730270080674,0.3703056768558952
2016-12-01,0.4432650325157171,0.7397124442240952,0.04600606673407481,0.6595371669004207,0.3278044522042776
2016-12-02,0.42361823989056957,0.7502477700693756,0.047005307050796086,0.6070802663862601,0.2901396160558464
2016-12-03,0.4608178536231035,0.7612679544328875,0.05937342091965636,0.641906096706377,0.3807239424334932
2016-12-04,0.48804679510001264,0.802970297029703,0.05961101288204096,0.7155866900175132,0.37401918047079336
2016-12-05,0.4843689413374994,0.7783275606135577,0.05984848484848482,0.7345938375350141,0.36470588235294116
2016-12-06,0.5098031285758738,0.7546983184965381,0.06563998990153996,0.7245362268113406,0.4943379790940767
2016-12-07,0.5325528580156947,0.7558082056351952,0.06713780918727918,0.7347795661301609,0.5724858511101437
2016-12-08,0.5385908281940723,0.7460474308300395,0.07292455210698967,0.7527107380202868,0.582680591818973
2016-12-09,0.5473655198468228,0.7792592592592593,0.05020181634712406,0.7493006993006993,0.6107003044802087
2016-12-10,0.5141306408674688,0.8302073050345509,0.0360655737704918,0.7119888150996155,0.4782608695652174
2016-12-11,0.505332297569822,0.8179575727676369,0.036308623298033305,0.6677148846960168,0.49934810951760106
2016-12-12,0.4963817351848547,0.7810650887573964,0.036551550289891654,0.6318546978693678,0.5360556038227628
2016-12-13,0.4960458547431089,0.7999014292755051,0.12978830645161288,0.6016061452513967,0.45288753799392095
2016-12-14,0.5085147299219531,0.8073891625615763,0.33333333333333337,0.5539267015706806,0.3394097222222222
2016-12-15,0.5419405359566953,0.8193008370260955,0.6138539042821158,0.4647592463363573,0.2698481561822126
2016-12-16,0.4166154847418757,0.8248031496062992,0.1611684714177789,0.4363446110917335,0.24414570685169124
2016-12-17,0.43881176426108764,0.853910477127398,0.2273413897280967,0.45292887029288703,0.22106631989596878
2016-12-18,0.42644223005004356,0.8613569321533923,0.22753586710294493,0.43360055768560474,0.18327556325823224
2016-12-19,0.4095538703051643,0.8619164619164619,0.22773024660291896,0.4034843205574913,0.14508445214378518
2016-12-20,0.4099648957947438,0.8560903732809431,0.23698113207547167,0.415186346220829,0.1316017316017316
2016-12-21,0.4135281339501299,0.8502700049091801,0.31187122736418516,0.36908077994428967,0.12289052358286456
2016-12-22,0.4518005741142688,0.8591756624141316,0.30198642192607494,0.4444831186912635,0.20155709342560554
2016-12-23,0.49233838823375714,0.8734673859735165,0.25691302161890395,0.5177453027139874,0.32122784262862086
2016-12-24,0.5803078454239904,0.8862745098039215,0.36717768283488317,0.5172173913043479,0.550561797752809
2016-12-25,0.5785685405942855,0.8985791278784909,0.3673366834170855,0.41898470097357443,0.6293736501079914
2016-12-26,0.5674962204988556,0.885896180215475,0.36749560411956794,0.30761209593326383,0.7089810017271158
2016-12-27,0.5674456212122031,0.8898678414096917,0.3676544450025113,0.24704656011118833,0.7652136383254208
2016-12-28,0.5663360038268676,0.8889432485322897,0.3268892794376098,0.24105592219520666,0.808455565142364
2016-12-29,0.5351791859153598,0.8679706601466992,0.2374497991967871,0.20347222222222222,0.8318240620957309
2016-12-30,0.5526530121040907,0.8616813294232649,0.3144291091593475,0.18708781673030198,0.8474137931034482
2016-12-31,0.5713541355429024,0.8597948216902784,0.39839438033115904,0.18147120055517002,0.8457561395950022
2017-01-01,0.5794454228530769,0.861328125,0.3985452721344369,0.22199098161637185,0.8359173126614987
2017-01-02,0.5651585698272727,0.8560273304050756,0.3986960882647944,0.21081830790568654,0.7950925527335342
2017-01-03,0.5619304949661164,0.8380487804878048,0.3988468287791427,0.22253032928942806,0.7882960413080895
2017-01-04,0.5168106116386304,0.8074110190151146,0.2488721804511278,0.21483021483021483,0.7961290322580645
2017-01-05,0.506021205254412,0.7358674463937622,0.2245051365572538,0.23138205749913404,0.8323301805674979
2017-01-06,0.5352703336247625,0.7369702873843156,0.3321643286573146,0.20602493074792244,0.8659217877094972
2017-01-07,0.5401720004889015,0.8305744888023369,0.24768344603055348,0.19626168224299065,0.886168384879725
2017-01-08,0.5430555179117779,0.8189781021897811,0.24787180771156736,0.20069204152249134,0.9046801202232718
2017-01-09,0.5608672547985301,0.791828793774319,0.2480600750938673,0.2756831546177793,0.9278969957081545
2017-01-10,0.5571670733305077,0.7982498784637821,0.19769769769769774,0.29149377593361,0.9412269412269412
2017-01-11,0.5898781745660021,0.8231292517006803,0.23467600700525393,0.36259937780850326,0.9391080617495712
2017-01-12,0.5625620660333218,0.7620203982515784,0.19884942471235623,0.34381478921907394,0.9455636519502786
2017-01-13,0.6064413776671176,0.7776699029126214,0.33358339584896224,0.3706390328151986,0.9438731790916881
2017-01-14,0.6121426810058315,0.8340611353711791,0.2885,0.3863950276243094,0.9396145610278372
2017-01-15,0.6118979015030036,0.8389912706110572,0.2886778305423644,0.38798757335174316,0.9319349315068494
2017-01-16,0.5932796043203027,0.8288899660688318,0.288855572213893,0.3336783988957902,0.9216944801026957
2017-01-17,0.5993487726068738,0.8478682170542635,0.2890332250811891,0.3528803035529493,0.9076133447390933
2017-01-18,0.6195295111049176,0.8397094430992736,0.40859140859140863,0.31275862068965515,0.917058572039333
2017-01-19,0.6990564460941123,0.8475314617618587,0.7435705368289638,0.31196139262323336,0.8931623931623932
2017-01-20,0.6524803663461851,0.849540396710208,0.5132301547678482,0.3804272915230875,0.8667236223835968
2017-01-21,0.6280048373746362,0.844294003868472,0.5133516346393812,0.3644505683775405,0.7899231426131511
2017-01-22,0.5913554468626946,0.8279362010633156,0.5134730538922156,0.33643250688705234,0.6875800256081946
2017-01-23,0.5656939385344808,0.836231884057971,0.5135944125717136,0.3476764199655766,0.5652730375426621
2017-01-24,0.6106901802020035,0.8392081120231772,0.7541147132169577,0.35306262904335856,0.49637526652452024
2017-01-25,0.6346404564973158,0.8436293436293436,0.8224881575666916,0.478156174750602,0.39428815004262574
2017-01-26,0.6268138288983947,0.8620356970574048,0.8357427716849452,0.5457359009628611,0.2637409458883681
2017-01-27,0.6128190092114294,0.8625843780135005,0.8178420134562672,0.5651426607081471,0.20570698466780238
2017-01-28,0.6159720783625809,0.8655421686746988,0.8455406078724464,0.5876288659793815,0.16517667092379737
2017-01-29,0.617297445534104,0.8704238921001927,0.8455790784557908,0.6221229817931982,0.13106382978723405
2017-01-30,0.6191108864864807,0.8767453057294174,0.8456175298804781,0.65625,0.09783071033602722
2017-01-31,0.6361315909153372,0.8873917228103946,0.90067214339059,0.657397871610024,0.09906462585034014
2017-02-01,0.6490444912158813,0.8917748917748918,0.9507217521154804,0.6427590940288264,0.1109222269443264
2017-02-02,0.6368719391190653,0.9004807692307693,0.9056979348096541,0.6291595197255575,0.11214953271028037
2017-02-03,0.6345714498268628,0.9149447381066795,0.917910447761194,0.5805898491083676,0.12484076433121019
2017-02-04,0.648269754178256,0.9221902017291066,0.9718975379258891,0.5903325334247514,0.10865874363327674
2017-02-05,0.6372784760119891,0.9236677868458953,0.9719045251118846,0.5839616175462645,0.06957997454391175
2017-02-06,0.6301435170069274,0.9189059500959693,0.9719115088242605,0.5686879068174032,0.061068702290076333
2017-02-07,0.6063800315385373,0.9189448441247002,0.9425944333996024,0.5143835616438356,0.04959728698601102
2017-02-08,0.5587215268314651,0.9194630872483222,0.8240993788819876,0.45361177678877096,0.03771186440677966
2017-02-09,0.5762934750589526,0.9214183037853378,0.8994038748137109,0.43394934976043803,0.05040237187632359
2017-02-10,0.5955633050941873,0.8989463601532567,0.8914824931710951,0.4868286007526514,0.10499576629974598
2017-02-11,0.6091999040776406,0.9205361416945907,0.9131082423038729,0.4897400820793434,0.11341515023275497
2017-02-12,0.6201762234692938,0.9086124401913875,0.9131298088855795,0.49948717948717947,0.15947546531302875
2017-02-13,0.6247506290706455,0.893352462936394,0.913151364764268,0.49419002050580996,0.19830866807610995
2017-02-14,0.6561932006979292,0.8838432122370937,0.9315306375589184,0.5507345404851384,0.2586644125105664
2017-02-15,0.6394528727408971,0.8877209746774964,0.7934027777777778,0.5577185792349727,0.3189691592733418
2017-02-16,0.6408071091404582,0.8815663801337154,0.8504835110339697,0.5254353021509047,0.30574324324324326
2017-02-17,0.5722756151715898,0.871599045346062,0.7721864154685176,0.5102389078498294,0.1350780920219502
2017-02-18,0.5828310759139308,0.8482824427480916,0.7806691449814126,0.5247355851245309,0.17763713080168778
2017-02-19,0.5962523378421446,0.8412017167381974,0.7807234886025768,0.5146657571623465,0.2484183888654576
2017-02-20,0.6231051522970529,0.8617731172545281,0.7807778053009661,0.4957381520627344,0.35413153456998314
2017-02-21,0.6185141977200035,0.8561219628394474,0.7808320950965825,0.4591002044989775,0.3780025284450063
2017-02-22,0.6258674842315504,0.8347619047619048,0.8440207972270364,0.41567291311754684,0.4090143218197136
2017-02-23,0.6166771484551993,0.829128986197049,0.7349009900990099,0.4298365122615804,0.4728421052631579
2017-02-24,0.6427405182835824,0.7997145575642246,0.7943578322197475,0.39734422880490294,0.5795454545454546
2017-02-25,0.6652645219815574,0.7489300998573467,0.747649678377041,0.40469707283866574,0.7597812368531762
2017-02-26,0.6738093273154309,0.7366920152091254,0.747712094978976,0.4164681864579789,0.7943650126156434
2017-02-27,0.6922957440740305,0.7410926365795725,0.7477744807121662,0.46190476190476193,0.8184110970996217
2017-02-28,0.711547008726081,0.7397910731244064,0.8271940667490729,0.43760625637538253,0.8415966386554622
2017-03-01,0.6901267285132773,0.7147603227337447,0.7377656945130994,0.4343983684568321,0.8735825283494331
2017-03-02,0.6512189577562784,0.7077798861480076,0.5648628613787992,0.44852191641182465,0.8837111670864819
2017-03-03,0.6155917526343208,0.6827880512091038,0.39056324110671936,0.49728260869565216,0.8917331095258078
2017-03-04,0.5971621894827756,0.6483412322274882,0.449987651271919,0.4258064516129032,0.864513422818792
2017-03-05,0.5685375640649571,0.5627664613927048,0.45012345679012344,0.40801086218601496,0.8532494758909853
2017-03-06,0.5563493669148861,0.5681818181818181,0.45025919526042957,0.39429928741092635,0.8126571668063705
2017-03-07,0.5336018024657303,0.5362044486512068,0.4042448173741362,0.4118046132971506,0.7821533305404273
2017-03-08,0.5106420640135689,0.5193945127719962,0.34468295090056744,0.3970837572058325,0.7814070351758794
2017-03-09,0.5161499007480748,0.5002364066193854,0.34089787863838183,0.42271186440677966,0.8007534533277522
2017-03-10,0.5117447727625897,0.4763705103969754,0.39482120838471024,0.3812267028126059,0.794560669456067
2017-03-11,0.5382338550471426,0.43788379782711384,0.41444773175542404,0.46747967479674796,0.8331242158092849
2017-03-12,0.5364032157382642,0.5212464589235127,0.4145920631008134,0.43176430748391464,0.778010033444816
2017-03-13,0.5201888473501307,0.4705049551675319,0.4147363233119763,0.4048747461069736,0.790639364814041
2017-03-14,0.5626327174786523,0.5150943396226415,0.4786893323478689,0.42842639593908627,0.8283208020050126
2017-03-15,0.5684586476406602,0.49740688354549745,0.4253694581280788,0.5226657645466847,0.82839248434238
2017-03-16,0.5633492797007587,0.46795475966069744,0.4961832061068703,0.475820087926953,0.8134390651085142
2017-03-17,0.6281938654562461,0.4267545925577013,0.7191038897095028,0.5196078431372549,0.8473091364205256
2017-03-18,0.6218537717755921,0.3799435028248588,0.7174501599803101,0.521797904697533,0.8682235195996664
2017-03-19,0.6377490513657227,0.3336470588235294,0.7175196850393701,0.5577702702702703,0.9420591913297207
2017-03-20,0.6449893460513387,0.3344308560677328,0.717589175891759,0.5721040189125296,0.9558333333333333
2017-03-21,0.6347443877419451,0.33850493653032443,0.721101819970487,0.5276839972991222,0.9516867971678468
2017-03-22,0.6405041209974583,0.31062030075187974,0.8281288418982051,0.4711441106986163,0.9521232306411324
2017-03-23,0.6646738318177794,0.31892907468294973,0.8586529006882989,0.5256410256410257,0.9554723262588432
2017-03-24,0.6444967491775111,0.3352112676056338,0.799213565986729,0.5163575042158516,0.9272046589018302
2017-03-25,0.6164101397757161,0.32097606757390895,0.7343980343980344,0.512137559002023,0.8981288981288982
2017-03-26,0.5974087540487526,0.3442776735459663,0.7344632768361582,0.45096056622851366,0.8599334995843724
2017-03-27,0.5508055978362245,0.3398968588842006,0.7345284872298625,0.34400269541778977,0.7847943498130453
2017-03-28,0.5563722775312245,0.34629803186504216,0.8273999508961454,0.28393398450656787,0.7678571428571429
2017-03-29,0.5318088822075477,0.34004683840749417,0.7729504172803142,0.27575757575757576,0.7384806973848069
2017-03-30,0.5257338946484925,0.36329588014981273,0.7779141104294478,0.2517670817906429,0.7099585062240664
2017-03-31,0.5506940276067585,0.38231165184838556,0.8748773307163886,0.2338492597577389,0.711737868104521
2017-04-01,0.534452167827857,0.37277829747427504,0.8854549914152563,0.20047090480995627,0.6791044776119403
2017-04-02,0.5261544966654799,0.415614773258532,0.8854830799411476,0.1980497646267653,0.6054703688354746
2017-04-03,0.5554467571851481,0.438785046728972,0.8855111546947781,0.2218487394957983,0.675642087821044
2017-04-04,0.6053303765043923,0.5165810368986454,0.8536764705882353,0.33098118279569894,0.7200828157349897
2017-04-05,0.5883535756930448,0.5546218487394958,0.7990688556726293,0.2596573731944911,0.7400662251655629
2017-04-06,0.6069481335064679,0.5800279981334577,0.8084272415482606,0.27971793149764945,0.7596193628465039
2017-04-07,0.6227042539347667,0.5970149253731343,0.8665197158951752,0.2692178583417254,0.7580645161290323
2017-04-08,0.6178025088937489,0.5976689976689977,0.876101860920666,0.3087248322147651,0.6887143447705664
2017-04-09,0.6281179769619023,0.6304753028890959,0.8761321909424724,0.3009057363300906,0.7049586776859504
2017-04-10,0.5897078333259902,0.6390312063344201,0.8761625061184533,0.29510395707578807,0.5485336637752994
2017-04-11,0.530104169575356,0.6336126629422718,0.8128211402006362,0.25243043915521285,0.42155243600330305
2017-04-12,0.525469847962012,0.6314564913913447,0.7925636007827789,0.3646112600536193,0.3132480396203054
2017-04-13,0.5025773037834375,0.6269767441860465,0.8366348740523355,0.32763819095477387,0.21905940594059406
2017-04-14,0.4919744482548405,0.6336587633658763,0.8660146699266503,0.27193569993302075,0.19628865979381444
2017-04-15,0.4516612285011352,0.6324349442379182,0.7086286971400635,0.26648811516571813,0.19909315746084089
2017-04-16,0.4487470900375029,0.6576869484440315,0.7086999022482894,0.2955153949129853,0.1330861145447054
2017-04-17,0.45446185294574704,0.7228412256267409,0.7087710725629123,0.28203412512546,0.10420098846787479
2017-04-18,0.47068498152419597,0.8389791183294664,0.7161700048851978,0.2518394648829431,0.07575133799917662
2017-04-19,0.45821793763077934,0.8617810760667903,0.6822954822954823,0.21430959545302575,0.07448559670781893
2017-04-20,0.420315832053728,0.8706536856745479,0.501708984375,0.2336229946524064,0.07527766351295763
2017-04-21,0.4441363330000058,0.892029657089898,0.5352697095435685,0.2863347811560307,0.06291118421052631
2017-04-22,0.4348299139613333,0.8930060213061602,0.49145924841386046,0.2952571810287241,0.05959720509658857
2017-04-23,0.4503455124341003,0.8875,0.4915833130031715,0.3335559265442404,0.08874281018898932
2017-04-24,0.47407825132856174,0.9032855159648311,0.4917073170731707,0.36949265687583444,0.13182751540041068
2017-04-25,0.5141046105014871,0.9093432007400555,0.5559619604974396,0.41541541541541543,0.17569786535303777
2017-04-26,0.5101349800828974,0.9070735090152566,0.4427108727450024,0.49666444296197465,0.19409109560935575
2017-04-27,0.5176149990596759,0.905268022181146,0.3975140141359981,0.5515171723907969,0.21616078753076293
2017-04-28,0.5388024187442757,0.8979214780600462,0.442738791423002,0.5406666666666666,0.2738827388273883
2017-04-29,0.5610814336118951,0.853185595567867,0.4440925700365408,0.5458180606464512,0.4012295081967213
2017-04-30,0.5861934146163952,0.8491001384402399,0.44422795908426693,0.6085942704863424,0.44285129045473165
2017-05-01,0.6144750449907775,0.8482472324723247,0.4443632822011201,0.6726606726606726,0.4926289926289926
2017-05-02,0.6666918759186519,0.8045182111572153,0.5413826679649465,0.6954061251664447,0.6254604993860008
2017-05-03,0.6565156136802864,0.7815668202764977,0.5405208079824775,0.6828618968386023,0.6211129296235679
2017-05-04,0.6478251559949836,0.8074619990787655,0.5739659367396593,0.6004657351962741,0.6094069529652352
2017-05-05,0.6420300839411004,0.70902394106814,0.5079056190707857,0.6933821084137014,0.6578086672117743
2017-05-06,0.6469098555682142,0.7036355269213069,0.5505836575875487,0.6472739361702128,0.6861463015937883
2017-05-07,0.6458856760669218,0.7010119595216191,0.550692924872356,0.655367231638418,0.6764705882352942
2017-05-08,0.6673118669432804,0.7121839080459771,0.5508021390374331,0.6471760797342193,0.7590853409554921
2017-05-09,0.6627832637907082,0.6539522058823529,0.48894289185905226,0.7180338757887745,0.7902040816326531
2017-05-10,0.6690857029454235,0.66421681212678,0.4402332361516035,0.7224435590969456,0.8494492044063647
2017-05-11,0.6973809252502381,0.6873278236914601,0.472431382074326,0.7447726518420179,0.8849918433931484
2017-05-12,0.6787525979704889,0.6879302432308398,0.4652744050509956,0.6629064366290643,0.8988993069710558
2017-05-13,0.6922245311682774,0.7119266055045872,0.44792425345957754,0.7048092868988391,0.9042379788101059
2017-05-14,0.6965615986055551,0.7083906464924347,0.44805825242718444,0.7145225464190982,0.915274949083503
2017-05-15,0.7070937167921589,0.7300641613198899,0.44819218636253333,0.7474312230692741,0.9026872964169381
2017-05-16,0.7223096383216889,0.7576729271644526,0.5402717127607957,0.7044400265076209,0.8868538868538869
2017-05-17,0.7303182550318195,0.7774725274725275,0.5750666990055784,0.6810202053660153,0.887713588283157
2017-05-18,0.7473268371478455,0.7629290617848971,0.6180892337536372,0.7205298013245033,0.8877592517283448
2017-05-19,0.7355165336518914,0.6944190301921318,0.6213333333333333,0.7437934458788481,0.8825203252032521
2017-05-20,0.7605183144309806,0.6780978509373571,0.7142510906446922,0.7504963600264726,0.8992279561154003
2017-05-21,0.7485940007924515,0.6224862888482632,0.714320329537194,0.7416473701620906,0.9159220146222583
2017-05-22,0.718535443914711,0.546368204659662,0.7143895348837209,0.6795634920634921,0.9338205440519691
2017-05-23,0.7311623254237227,0.5365296803652968,0.776701380479535,0.6621487603305786,0.9492694805194806
2017-05-24,0.7145856555008646,0.5403925148334094,0.6595641646489104,0.7131526768010575,0.9452332657200812
2017-05-25,0.7121252596070139,0.4726277372262774,0.6957153231663036,0.726792203501817,0.9533657745336578
2017-05-26,0.7342622809250866,0.4008207934336525,0.8286544046466602,0.7440554821664465,0.9635184434535874
2017-05-27,0.7252680904533703,0.3906107566089334,0.8161142027582869,0.7332452954770551,0.9611021069692058
2017-05-28,0.7204455457355992,0.3744874715261959,0.8161586840832123,0.7336633663366336,0.9574726609963548
2017-05-29,0.7290235281473239,0.40573770491803274,0.8162031438935913,0.7601451666116793,0.9340080971659919
2017-05-30,0.7177991951268206,0.4283113336367774,0.816247582205029,0.7229551451187335,0.9036827195467422
2017-05-31,0.7013221600769718,0.4576888080072793,0.7696398356296834,0.6867787668974613,0.8911812297734628
2017-06-01,0.7083117863128657,0.5457025920873124,0.7808119864668922,0.6539222148978246,0.8528103517994339
2017-06-02,0.7122693610800388,0.5981818181818181,0.7936699685914472,0.6342668863261944,0.8229587712206953
2017-06-03,0.6999979423055396,0.5688323489323035,0.8108695652173913,0.6324110671936759,0.7878787878787878
2017-06-04,0.6925171233347766,0.6498637602179836,0.81091523786525,0.5689825485676655,0.7403069466882067
2017-06-05,0.6745015255438547,0.6273263731275533,0.8109608884596813,0.5520078999341672,0.707710940654017
2017-06-06,0.6810574774109639,0.6048094373865699,0.8807627323195752,0.5340572556762093,0.7046004842615012
2017-06-07,0.6550391647488985,0.5909297052154194,0.8952702702702703,0.47401315789473686,0.6599435256151674
2017-06-08,0.6502435005521213,0.6681776971894833,0.9102533172496985,0.40480105228543245,0.617741935483871
2017-06-09,0.633578642542166,0.6887177163570457,0.9293294741919923,0.3809993425378041,0.5352680370818218
2017-06-10,0.6133044342014424,0.6530797101449275,0.9011333494092115,0.380874137364443,0.5181305398871877
2017-06-11,0.6122126787980273,0.6165685830692621,0.9011571841851495,0.36366622864651776,0.56745871929118
2017-06-12,0.5842882913497591,0.5452488687782806,0.90118100747168,0.2824302134646962,0.6082930756843801
2017-06-13,0.5943619836726621,0.5119855269109,0.8956626506024097,0.2977675640183848,0.6720321931589537
2017-06-14,0.594107956131831,0.5140144665461122,0.8973741267164539,0.24581555628487037,0.7192276749798874
2017-06-15,0.5950221046247317,0.482150926344329,0.9125722543352601,0.2181758530183727,0.767189384800965
2017-06-16,0.5751492248599126,0.49683830171635046,0.7486154587045509,0.2581174155460807,0.7970257234726688
2017-06-17,0.5579011811796099,0.45643340857787806,0.7525276841598459,0.24,0.7826436319807152
2017-06-18,0.5571040581182488,0.4945848375451264,0.7525872442839951,0.21337266470009833,0.7678714859437751
2017-06-19,0.5426417671868212,0.4997744700045106,0.7526467757459095,0.19233289646133683,0.7258129265355279
2017-06-20,0.5338197450361604,0.5081154192966637,0.8159730574933847,0.17916803144448085,0.6320224719101124
2017-06-21,0.46756281519688514,0.5033799008562416,0.5952380952380952,0.19842829076620824,0.5732049739269955
2017-06-22,0.43748974730542967,0.5220720720720721,0.5409954315941332,0.21014729950900163,0.47674418604651164
2017-06-23,0.42886151261053135,0.5420981539846916,0.617548076923077,0.1537958115183246,0.4020040080160321
2017-06-24,0.4389042230239183,0.5931593159315931,0.6861331410718577,0.14098789663068367,0.33533653846153844
2017-06-25,0.4337570915262083,0.6950067476383266,0.6862085535800095,0.12393721386527141,0.22987585102122546
2017-06-26,0.4199638340773799,0.6785071942446044,0.6862839298582752,0.10689767898005885,0.20816653322658127
2017-06-27,0.4111551175100959,0.7069662921348314,0.6352065321805955,0.09836601307189542,0.20408163265306123
2017-06-28,0.41981078000449346,0.6990116801437556,0.714045618247299,0.0793858216269193,0.1868
2017-06-29,0.4512715399033609,0.7040862146385272,0.813250120019203,0.0790333115610712,0.20871651339464214
2017-06-30,0.43477728332020815,0.6889587073608617,0.7799376049916007,0.07117205354227882,0.19904076738609114
2017-07-01,0.43762906711325983,0.6787797218483624,0.7826295585412668,0.07016971279373369,0.21893727526967638
2017-07-02,0.44021023234799916,0.6573991031390134,0.7826816982489806,0.07275693311582382,0.2480031948881789
2017-07-03,0.4449580148619324,0.6584491259524876,0.7827338129496403,0.0903457273320287,0.24830339321357286
2017-07-04,0.40816885877211156,0.6689068100358423,0.676096859266363,0.08216498206716662,0.20550678371907422
2017-07-05,0.4026332357375443,0.6587550380653828,0.6761744966442953,0.10528031290743155,0.17032309533306741
2017-07-06,0.36931641244340574,0.6830796777081468,0.5650611071171818,0.08797653958944282,0.14114832535885166
2017-07-07,0.3777868424830343,0.7360178970917226,0.5584571154767609,0.0986970684039088,0.11797528895974492
2017-07-08,0.3870854360799346,0.7222719141323792,0.6126946107784431,0.09345490068381634,0.1199203187250996
2017-07-09,0.3920536376624522,0.7250782297720161,0.6127873563218391,0.09375,0.1365989645559538
2017-07-10,0.372115657529329,0.679177837354781,0.6128800574575054,0.07777416205662219,0.11863057324840764
2017-07-11,0.39964716562539865,0.7025457793657883,0.6548587841072284,0.12817176317501627,0.11301233585356148
2017-07-12,0.4166466404169777,0.7044642857142858,0.6893993778415889,0.1486178861788618,0.12410501193317422
2017-07-13,0.45753426937685204,0.7603748326639893,0.7985645933014354,0.1745773732119636,0.09662027833001988
2017-07-14,0.4624556408668642,0.8064228367528992,0.7445587180100455,0.1927201819954501,0.106120826709062
2017-07-15,0.4622822419356091,0.7864467231386536,0.7589670014347203,0.2024041585445094,0.10131108462455304
2017-07-16,0.4438086011421821,0.7125668449197862,0.7590246234759742,0.20753491393309517,0.09610802223987291
2017-07-17,0.4550085060045523,0.6859688195991092,0.7590822179732314,0.23603896103896105,0.1389440254069075
2017-07-18,0.4916134620785546,0.7083704363312555,0.8831541218637993,0.2177864329763064,0.15714285714285714
2017-07-19,0.49967257721208724,0.659101023587005,0.9077878643096035,0.24497079818299805,0.18683062276874257
2017-07-20,0.5293377516698142,0.7099644128113879,0.919035108669692,0.2306195264352903,0.25773195876288657
2017-07-21,0.5640914209684618,0.7140951534015119,0.9620343839541547,0.23540856031128404,0.3448275862068966
2017-07-22,0.5886397060444055,0.7208888888888889,0.9663404153735975,0.2632090761750405,0.4041204437400951
2017-07-23,0.6072681133239587,0.6996890270990671,0.9663484486873508,0.29650032404407,0.46653465346534656
2017-07-24,0.6101607884780756,0.7411190053285968,0.9663564781675018,0.2656300615484289,0.4675376088677751
2017-07-25,0.6153342167092171,0.748335552596538,0.9580152671755725,0.2694300518134715,0.4855559952512861
2017-07-26,0.6227309934708943,0.805678793256433,0.9348914858096828,0.26222078342505667,0.48813291139240506
2017-07-27,0.6224374144017966,0.8674057649667406,0.9215546018121126,0.25080906148867316,0.4499802293396599
2017-07-28,0.6224056439805922,0.8962765957446809,0.9187127532777115,0.2766095114849563,0.39802371541501974
2017-07-29,0.6099878435346728,0.8573327425786442,0.9044327931363203,0.259379042690815,0.4188067957329119
2017-07-30,0.6185341924941837,0.8534100974313552,0.9044555634977365,0.3055286129970902,0.4107424960505529
2017-07-31,0.6419930500003552,0.9274015050907481,0.9044783230109577,0.33775048480930836,0.39834188709040663
2017-08-01,0.650016219834223,0.9287610619469027,0.9075970469159323,0.3453957996768982,0.4183109707971586
2017-08-02,0.619412521183347,0.9314462627156126,0.9026190476190477,0.20768733850129198,0.4358974358974359
2017-08-03,0.6402721553830129,0.920866489832007,0.9438228993096882,0.20665159832095575,0.48974763406940064
2017-08-04,0.6387703512353544,0.9200176756517897,0.9493098524512137,0.17333763718528084,0.5124162396531337
2017-08-05,0.6250683030764825,0.9121024734982333,0.9019747799191054,0.19328815747015166,0.4929078014184397
2017-08-06,0.642600633170298,0.8988962472406181,0.9019980970504282,0.1929032258064516,0.5766049625836943
2017-08-07,0.6394801822986276,0.9042365401588702,0.9020214030915576,0.17607223476297967,0.5755905511811024
2017-08-08,0.6446156185698713,0.9263343625937362,0.8801711840228246,0.18085106382978725,0.5911058638331366
2017-08-09,0.6727175689919014,0.8778659611992945,0.8576182552888043,0.3287141475990977,0.6266719118804092
2017-08-10,0.6734885991889895,0.873071837814015,0.8607414448669202,0.32506443298969073,0.6350766810853323
2017-08-11,0.6657666079002009,0.8607929515418502,0.799239724400095,0.3819645732689211,0.6210691823899371
2017-08-12,0.6680813218981072,0.8687802730074857,0.8152019002375297,0.3576947842884739,0.630648330058939
2017-08-13,0.6606346304638342,0.8318661971830986,0.8152457848492045,0.37013196009011906,0.6252945797329144
2017-08-14,0.723262035589833,0.8363396392432908,0.8152896486229819,0.5296010296010296,0.7118178248920298
2017-08-15,0.6924106158989092,0.8298153034300791,0.6864467125563731,0.5265358636217433,0.7268445839874411
2017-08-16,0.6698421475475104,0.8545054945054945,0.5951589938300902,0.5035369774919615,0.7261671243624951
2017-08-17,0.6508561915550144,0.8378734622144113,0.4851720047449585,0.5419479267116682,0.7384313725490196
2017-08-18,0.6841753434148529,0.8493631971892841,0.5481499051233396,0.5841902313624678,0.7549980399843199
2017-08-19,0.6734992443500558,0.7884108867427568,0.5345032013279583,0.6007067137809188,0.7703761755485894
2017-08-20,0.6804793954265188,0.8503729706011409,0.5346135609293504,0.6146435452793835,0.7222875048962005
2017-08-21,0.6322864249741632,0.8236842105263158,0.5347238682152169,0.5203852327447833,0.6503523884103367
2017-08-22,0.6395065633584313,0.8215694870670758,0.5976303317535545,0.4871630295250321,0.6516634050880626
2017-08-23,0.5886668173450895,0.7721297107800176,0.5728500355366026,0.3551491819056785,0.6545383411580594
2017-08-24,0.6147390927486536,0.7187910643889619,0.6013737565135007,0.4583066067992303,0.6804849432929214
2017-08-25,0.6021861717572409,0.7644483362521891,0.6452758702344306,0.3199743507534466,0.6790461297888976
2017-08-26,0.5796939093458181,0.6722100656455142,0.703125,0.27403846153846156,0.6694021101992966
2017-08-27,0.55676251648627,0.5848643919510061,0.7031952662721894,0.224927907721884,0.7140625
2017-08-28,0.591677685041344,0.6327066025360735,0.7032654992901088,0.3142216527866752,0.7165169855525185
2017-08-29,0.6060353067136286,0.7111013986013985,0.6709250059143601,0.33173230867755366,0.7103825136612022
2017-08-30,0.5624717465991181,0.41415465268676277,0.6669820245979186,0.47503201024327785,0.6937182988685134
2017-08-31,0.5201271998672888,0.3838427947598253,0.5949397020572239,0.44416,0.6575663026521061
2017-09-01,0.5778712470949531,0.3841117415975557,0.5773049645390071,0.6935380678182982,0.6565302144249513
2017-09-02,0.6339991211571573,0.4018324607329843,0.6811628456629638,0.7639910457307323,0.6890101325019485
2017-09-03,0.6576565720835803,0.4138682948102922,0.6812381852551985,0.7937979539641944,0.7417218543046358
2017-09-04,0.6693424494396227,0.4420226678291195,0.6813134892511221,0.7740492170022372,0.7799844236760125
2017-09-05,0.668528580041978,0.4387799564270153,0.6813887576759565,0.7859424920127795,0.7680031140521604
2017-09-06,0.7004717922270908,0.438588850174216,0.8040141676505312,0.7908016608112424,0.7684824902723736
2017-09-07,0.6978386302023358,0.35959947757945143,0.8779508970727101,0.7863984674329502,0.7674056787242318
2017-09-08,0.7216462279559852,0.5143603133159269,0.9310833136653293,0.6923076923076923,0.7488335925349923
2017-09-09,0.7082445997962381,0.5123966942148761,0.9381783860311468,0.6614550095724314,0.7209483093664982
2017-09-10,0.677051896369515,0.5543478260869565,0.9381929700401038,0.5594896331738437,0.6561771561771562
2017-09-11,0.6433113905148289,0.49543676662320735,0.9382075471698114,0.5267857142857143,0.6128155339805825
2017-09-12,0.6064365143614381,0.5134665508253693,0.8934213628861117,0.46955690149824675,0.5493012422360248
2017-09-13,0.5335928656477654,0.5523230568823274,0.8557284299858557,0.31421287444231993,0.4121071012805588
2017-09-14,0.5189615905460937,0.6050347222222222,0.8074475606881923,0.2867155144950621,0.37664856477889835
2017-09-15,0.5271992960114232,0.5570498915401301,0.8753534401508012,0.2808917197452229,0.3955021326095386
2017-09-16,0.5519742074767984,0.5511708586296618,0.903886925795053,0.30245144858325373,0.4503875968992248
2017-09-17,0.5479316952838544,0.5851755526657998,0.9039095619406501,0.25397835773392746,0.4486633087950407
2017-09-18,0.5623557711746036,0.6802426343154246,0.9039321874264187,0.25548838689150494,0.40975987606506586
2017-09-19,0.5359317834415901,0.6587267215244694,0.8267419962335216,0.24013994910941475,0.4181184668989547
2017-09-20,0.576036306966668,0.716017316017316,0.8060720169451636,0.312241653418124,0.4698142414860681
2017-09-21,0.553699567060036,0.7187364777152747,0.7818823529411765,0.2867132867132867,0.4274661508704062
2017-09-22,0.5555942012786066,0.7339965397923875,0.7083039284874147,0.39879250079440737,0.38128383604021654
2017-09-23,0.49713399660984803,0.7894509295287505,0.7361241768579492,0.21982210927573062,0.24313877077696172
2017-09-24,0.500890999093778,0.7225583405358686,0.7361862214907124,0.34582407113369323,0.1989953632148377
2017-09-25,0.5186815885669297,0.7075593952483801,0.7362482369534555,0.4180952380952381,0.21282348397064504
2017-09-26,0.49809786332026995,0.7348877374784111,0.5884841363102233,0.45318946366232943,0.21583011583011583
2017-09-27,0.4167425553190875,0.7501078981441519,0.3968515037593985,0.32201776649746194,0.1979930528753377
2017-09-28,0.40744478209922247,0.7161345987920622,0.3051444679351656,0.35965746907706947,0.2488425925925926
2017-09-29,0.38963663392670345,0.7498921949115998,0.26420854861437293,0.25713379835129996,0.2873119938295411
2017-09-30,0.43920712637236003,0.7530172413793104,0.35031697581591925,0.32234548335974644,0.33114880493446414
2017-10-01,0.42145282030432607,0.7432141318397243,0.35046948356807517,0.23605830164765526,0.3560693641618497
2017-10-02,0.41516795375277404,0.7635658914728682,0.35062191973715096,0.20557491289198607,0.3409090909090909
2017-10-03,0.3946942555117957,0.7774429616874731,0.2890661661191929,0.22039265357821405,0.29187524066230264
2017-10-04,0.39391092232652125,0.7284853700516352,0.24137931034482762,0.3194048749604305,0.2863741339491917
2017-10-05,0.36599085919872926,0.7595698924731182,0.22467166979362097,0.25348101265822787,0.22624086186995
2017-10-06,0.32486954358072867,0.7304385210662081,0.12192262602579129,0.2486554887693768,0.19846153846153847
2017-10-07,0.3123588719318219,0.7137945853029652,0.07266760431317398,0.2884250474383302,0.17454825067281815
2017-10-08,0.31664740925091994,0.7091924398625429,0.07288493086477621,0.3142586152386974,0.17025365103766332
2017-10-09,0.33233064206503393,0.7402318591670245,0.07310215557638233,0.3331226295828066,0.1828659239339224
2017-10-10,0.35033895907582785,0.6639484978540773,0.07331927851955966,0.3845181674565561,0.27956989247311825
2017-10-11,0.38553020963835405,0.7027027027027026,0.09578454332552688,0.4150347441566646,0.3285988483685221
2017-10-12,0.433027508107795,0.6809605488850772,0.11964411144930931,0.5124723713293338,0.4190330007674597
2017-10-13,0.47150553329163536,0.6275182168881268,0.1355337078651685,0.5782828282828283,0.5446873801304181
2017-10-14,0.5119688388497068,0.5826906598114825,0.18979639597472497,0.6128116124960555,0.6625766871165644
2017-10-15,0.536362646876178,0.6286937901498929,0.18998596162845105,0.656782334384858,0.6699885013415101
2017-10-16,0.5410543439100013,0.6592465753424658,0.19017543859649122,0.6887417218543046,0.6260536398467433
2017-10-17,0.5130205922754532,0.6123234916559692,0.14522918615528535,0.7005044136191677,0.5940252776713902
2017-10-18,0.49810843337002075,0.5940975192472198,0.0872106616787468,0.7100535770564135,0.6010719754977029
2017-10-19,0.5182199572304859,0.5929884566053869,0.1269284712482468,0.7356647763074984,0.6172981247608114
2017-10-20,0.5126542817853836,0.5645299145299145,0.15938303341902316,0.7433070866141732,0.5833970925784239
2017-10-21,0.4893840543149496,0.5425032037590773,0.08714953271028036,0.771095717884131,0.5567877629063097
2017-10-22,0.493961265037393,0.5264730999146029,0.08736276570894652,0.787850173119295,0.5741590214067278
2017-10-23,0.5353621030118327,0.5275288092189501,0.08757589911256425,0.8316551290119572,0.6946885747038594
2017-10-24,0.5671922145965266,0.5610068259385665,0.1113705346719589,0.8442906574394463,0.7521008403361344
2017-10-25,0.5854105766072608,0.6187633262260128,0.08566760037348276,0.8540880503144654,0.7831233295150821
2017-10-26,0.6083959781962394,0.6534526854219949,0.13068844807467916,0.8635649166928638,0.7858778625954198
2017-10-27,0.6060507243067621,0.6037494674051982,0.15982267848810083,0.8582652419861723,0.8023655093475772
2017-10-28,0.5905234378932431,0.6264906303236797,0.1301609517144856,0.8316054037071945,0.7738367658276125
2017-10-29,0.5776525001061252,0.6594295444870157,0.1303638059701493,0.7823492462311558,0.7384674037361799
2017-10-30,0.5706339003377926,0.6370212765957447,0.13056656563301472,0.7660910518053375,0.7488567073170732
2017-10-31,0.5695108817587893,0.6154827732879626,0.18834498834498836,0.756120527306968,0.7180952380952381
2017-11-01,0.5402827104722618,0.6054421768707483,0.17921230482405037,0.6940696579855664,0.6824067022086824
2017-11-02,0.5450417299146421,0.5877603059923502,0.22460391425908666,0.6555834378920954,0.7122192615150361
2017-11-03,0.5854269810801248,0.6121495327102804,0.2594921965991148,0.689244277202885,0.7808219178082192
2017-11-04,0.5866895996659476,0.5936305732484076,0.18304611085235212,0.7473354231974921,0.8227462913655382
2017-11-05,0.5963005765105567,0.5666383701188455,0.1832363213038417,0.7916013788780947,0.8437262357414449
2017-11-06,0.5874642426829835,0.5519728468392024,0.18342644320297952,0.7653508771929824,0.8491068034967693
2017-11-07,0.6085169979252345,0.547921967769296,0.27414475215266465,0.7472596304415909,0.8647416413373861
2017-11-08,0.6177321859461172,0.5858414582450191,0.2703583061889251,0.7529743268628679,0.8617546524876567
2017-11-09,0.6013456080692818,0.5826271186440678,0.23051872528495,0.7327073552425665,0.8595292331055429
2017-11-10,0.6070603900175919,0.6162642947903431,0.2548837209302326,0.7255944931163955,0.8314990512333966
2017-11-11,0.5941050959606333,0.604995766299746,0.25505696349686124,0.6753206130747575,0.8410470409711684
2017-11-12,0.566207358231827,0.6195514176893779,0.2552301255230126,0.5694183864915572,0.8206295032233599
2017-11-13,0.4951784531128989,0.45050761421319796,0.25540320706483843,0.4635823694904658,0.8112206216830933
2017-11-14,0.4740812009911398,0.4566596194503171,0.21747211895910779,0.4325,0.7896930655551345
2017-11-15,0.450432646802821,0.46491969568892644,0.2587688734030198,0.29584504842236803,0.7821969696969697
2017-11-16,0.4693178079478115,0.4799324038867765,0.3074779377612633,0.311367895065584,0.7784929950776222
2017-11-17,0.47686550304530373,0.4265202702702703,0.4200139308103088,0.2709959413050265,0.7899318697956094
2017-11-18,0.4942289206502746,0.42591810890671167,0.43198700092850506,0.350187265917603,0.7688233068482785
2017-11-19,0.5140441515373094,0.4253164556962026,0.4321188210721745,0.4234009360374415,0.7753403933434191
2017-11-20,0.548383583497515,0.4550822437789962,0.4322505800464037,0.5598877105427323,0.7463137996219281
2017-11-21,0.5232110211716098,0.46585160202360876,0.3273022500579912,0.5793576551294044,0.7203325774754347
2017-11-22,0.5874017015150211,0.5014749262536873,0.5018552875695732,0.6103491271820449,0.735927465054779
2017-11-23,0.5982624988106056,0.47598989048020224,0.648272664038952,0.5637270177625429,0.7050604229607251
2017-11-24,0.5695213272821895,0.43200000000000005,0.6483541956420955,0.5529595015576324,0.6447716119290299
2017-11-25,0.5838484145011594,0.4031986531986532,0.7958285052143685,0.4824042354406727,0.6539622641509434
2017-11-26,0.612141235551205,0.40933950357593607,0.7958758109360519,0.586239103362391,0.6571105243304414
2017-11-27,0.6392071118611075,0.3847771236333053,0.7959230947417189,0.6604419545596016,0.7156862745098039
2017-11-28,0.6699382360733614,0.3745271122320303,0.7760537285780453,0.7542003733665215,0.7749717301168488
2017-11-29,0.6767024746605445,0.3840336134453781,0.7876823338735819,0.7626749611197512,0.7724189902034665
2017-11-30,0.7253864850728817,0.37841243175136496,0.8685185185185185,0.7932213930348259,0.8613935969868173
2017-12-01,0.7263525993040254,0.3883291351805206,0.8053691275167785,0.8265464718682002,0.8851656626506024
2017-12-02,0.7372870067759164,0.3831305077633236,0.8440536788523831,0.8408949658172779,0.8810688746706812
2017-12-03,0.7225180688679889,0.37625838926174493,0.844089752486699,0.8179558869214042,0.8517682468021068
2017-12-04,0.7160487786525477,0.370649895178197,0.8441258094357077,0.8024844720496894,0.8469349379465965
2017-12-05,0.6949883934942295,0.36797988264878456,0.7974566473988439,0.781434337162372,0.8330827067669173
2017-12-06,0.690918694481637,0.3841642228739003,0.7343966712898752,0.8063314711359404,0.8387824126268321
2017-12-07,0.6896270793163803,0.3886097152428811,0.7353824820892073,0.8287309959664908,0.8057851239669421
2017-12-08,0.6712618369898594,0.36040184177480117,0.6573475046210722,0.80924317617866,0.8580548253849043
2017-12-09,0.6864586986332145,0.35648535564853556,0.6601986601986602,0.8244961240310078,0.9046546546546547
2017-12-10,0.6937845526343682,0.3391886240066918,0.6602771362586606,0.842839429634222,0.9328330206378986
2017-12-11,0.6945231176188115,0.3373745819397993,0.6603555760794274,0.8512550356368144,0.9291072768192048
2017-12-12,0.6933074237378858,0.3464270789803594,0.631578947368421,0.8683395291201983,0.9268841394825647
2017-12-13,0.6927517175606086,0.49456975772765244,0.49688437572120936,0.8826262000619387,0.8969265367316341
2017-12-14,0.7108387048447745,0.474321503131524,0.6089063221042916,0.8773993808049536,0.8827276133383289
2017-12-15,0.7071708735904049,0.4816360601001669,0.5866205305651673,0.8960074280408542,0.8644194756554308
2017-12-16,0.6857165693719359,0.45848977889027953,0.5689575645756457,0.8932549504950495,0.822163983526769
2017-12-17,0.6760919042171664,0.445371142618849,0.5690569518100069,0.893906588308073,0.7960329341317365
2017-12-18,0.6634481690816705,0.41433930804501873,0.5691562932226832,0.8846629560915276,0.7856341189674523
2017-12-19,0.6630882703389855,0.41874999999999996,0.5674118460474764,0.867387944358578,0.7988032909498878
2017-12-20,0.6408667631269436,0.4135776759683465,0.45829493087557605,0.8377626699629172,0.8538317757009346
2017-12-21,0.6680710557791844,0.39675270607826807,0.5881133379405667,0.8047574915044795,0.882660687593423
2017-12-22,0.6264955514618464,0.3645443196004994,0.5089820359281437,0.7538604076590488,0.8785954426596937
2017-12-23,0.5877628134045076,0.31031613976705485,0.3838360580244071,0.755480086446434,0.9014189693801344
2017-12-24,0.578631557226958,0.3056133056133056,0.38397790055248615,0.7126543209876544,0.9122807017543859
2017-12-25,0.5727306215705437,0.2971737323358271,0.3841196777905639,0.697315643319963,0.9123134328358209
2017-12-26,0.5414615055620586,0.2949729954299959,0.38426138978370916,0.5835903763109191,0.9030212607236106
2017-12-27,0.49670865261228403,0.27782392026578073,0.3015873015873016,0.5263644773358002,0.8810589112602536
2017-12-28,0.4937723094268934,0.2843503528435035,0.3401563937442502,0.49445129469790383,0.8561311964219158
2017-12-29,0.5129716570901715,0.29543568464730285,0.4417107381007128,0.4745762711864407,0.8401639344262295
2017-12-30,0.46817967435300195,0.28950642886768974,0.5416091954022988,0.348120764017252,0.6934823091247673
2017-12-31,0.44368918770796173,0.2798507462686567,0.5417145483796828,0.29719741299661223,0.655994043186895
2018-01-01,0.42230764101739865,0.27932034811438045,0.5418198529411764,0.23429802955665024,0.6337923334573874
2018-01-02,0.4304464899697776,0.30198840099420055,0.541925109120147,0.2536164973838104,0.6242559523809523
2018-01-03,0.4735808468607393,0.28778467908902694,0.6922370234267341,0.30738461538461537,0.6069170695425808
2018-01-04,0.4575740122458448,0.29925496688741726,0.600459242250287,0.3079052599200246,0.6226765799256505
2018-01-05,0.511226543905604,0.3003723624327679,0.7128099173553719,0.36654366543665434,0.6651802303976218
2018-01-06,0.5253776712697662,0.29321753515301907,0.7539591462015148,0.3132493083307716,0.7410846953937593
2018-01-07,0.522218106306513,0.3017775940471269,0.7540156034878385,0.38844499078057776,0.6446342369105087
2018-01-08,0.49815431908573765,0.32066115702479336,0.7540720348703831,0.43533026113671275,0.4825538233110616
2018-01-09,0.49680524403973464,0.32961586121437425,0.7827981651376147,0.41246928746928746,0.4623376623376623
2018-01-10,0.4788013194465901,0.3480594549958712,0.7498280210960788,0.38593797973595334,0.431379821958457
2018-01-11,0.4940051891432807,0.34832851836566237,0.8392939018798716,0.3809085328422345,0.4074898034853541
2018-01-12,0.48727838461703865,0.3745874587458746,0.8388723355489343,0.3853942927278306,0.3502594514455152
2018-01-13,0.5062073386682734,0.3884536082474227,0.942942254812099,0.4107361963190184,0.28269729529455356
2018-01-14,0.46487319648082365,0.3664468260511129,0.9429553264604811,0.25268322600429316,0.2974074074074074
2018-01-15,0.48212967834854903,0.3815409971157808,0.9429683921209345,0.20600858369098712,0.3980007404664939
2018-01-16,0.4783096606502245,0.39744645799011535,0.9429814517975728,0.18050873429359485,0.3923019985196151
2018-01-17,0.4862821571772931,0.3902840675174969,0.961996336996337,0.1488970588235294,0.4439511653718091
2018-01-18,0.4815133959810611,0.36831275720164613,0.9601739528496224,0.13935681470137826,0.45821005917159763
2018-01-19,0.4689975019042274,0.3508844097079391,0.9663615560640733,0.1258420085731782,0.43290203327171906
2018-01-20,0.465718392896362,0.3721217105263158,0.9631663234957676,0.13253749617385982,0.3950480413895048
2018-01-21,0.46235882523405686,0.3489519112207151,0.9631747483989022,0.17380660954712362,0.36350203176948653
2018-01-22,0.4662489075724648,0.4129005751848809,0.9631831694488909,0.18721321505047414,0.301698670605613
2018-01-23,0.47298346300844085,0.42135523613963044,0.9645633287608596,0.21070336391437308,0.2953119232189
2018-01-24,0.46267723450000847,0.4454022988505747,0.9533714285714285,0.21614185264445124,0.23579335793357933
2018-01-25,0.47581188051308904,0.47148132950348787,0.9849177330895795,0.2613080684596577,0.18554039099963113
2018-01-26,0.4684945196508297,0.4766201804757998,0.9938313913639479,0.24534066605560648,0.1581858407079646
2018-01-27,0.46367701035328923,0.4825748257482575,0.9917770671539515,0.19089798411728773,0.18945816439366014
2018-01-28,0.45474880040249976,0.47786885245901645,0.9917789449646038,0.16732824427480916,0.18201915991156964
2018-01-29,0.46544420573894807,0.5026628430970914,0.9917808219178083,0.1349206349206349,0.23241252302025783
2018-01-30,0.4469758153990382,0.5110565110565111,0.9833371376398082,0.11199267622825755,0.18151693667157584
2018-01-31,0.4463996100046712,0.5218993041342612,0.9778639890460977,0.10585723001830384,0.1799779168200221
2018-02-01,0.43028663216781093,0.5118657937806874,0.9758156513803331,0.06495882891125343,0.16850625459896984
2018-02-02,0.4208038323225577,0.49079754601227,0.969434306569343,0.04939024390243903,0.17359323280617875
2018-02-03,0.40058939767971735,0.43131643499591166,0.9372862029646523,0.04846083511124657,0.18529411764705883
2018-02-04,0.386180821794552,0.42991418062934206,0.9373005015959872,0.0356489945155393,0.14185961043733922
2018-02-05,0.3659084944424332,0.3897058823529411,0.9373147937086848,0.03411513859275053,0.10249816311535635
2018-02-06,0.356777122053765,0.37158023683135977,0.9051959890610757,0.03501827040194884,0.11531399192067572
2018-02-07,0.34561998498893987,0.35020408163265304,0.8708133971291866,0.037747336377473364,0.1237151248164464
2018-02-08,0.34725462763178655,0.3671970624235006,0.8728929384965831,0.03773584905660377,0.11119266055045872
2018-02-09,0.3270116416508341,0.34461663947797716,0.8364837166932362,0.03376939458472771,0.09317681584739546
2018-02-10,0.32009595427169457,0.3880962087240114,0.793488160291439,0.031326034063260344,0.06747341400806747
2018-02-11,0.32244409441781563,0.38141809290953543,0.7935351695879809,0.033444816053511704,0.0813782991202346
2018-02-12,0.3434000600716982,0.44032586558044806,0.793582157487483,0.03525835866261398,0.1044338585562477
2018-02-13,0.3567730603510355,0.4747557003257329,0.8104664391353811,0.04223640230932847,0.09963369963369964
2018-02-14,0.32876478343788895,0.44688644688644685,0.7529572338489536,0.041616038882138516,0.07359941413401684
2018-02-15,0.3309943829860395,0.4918633034987795,0.6947919035706163,0.05496507743698755,0.08235724743777452
2018-02-16,0.35676475598982155,0.5180967873119153,0.7580718508412915,0.0652701882210079,0.08562019758507135
2018-02-17,0.35683011902749406,0.5491869918699187,0.7301659468060924,0.06676783004552352,0.08119970738844184
2018-02-18,0.3652016539541525,0.5623730190979277,0.7302272727272727,0.08191747572815535,0.08628884826325411
2018-02-19,0.36739594421497646,0.5487408610885459,0.7302885707793683,0.08492569002123142,0.10562865497076024
2018-02-20,0.38212605953634987,0.5976451481932603,0.7303498409813721,0.07701637355973318,0.12349287541103397
2018-02-21,0.33743338607362305,0.5734577922077921,0.5568930274812628,0.059411943013034256,0.15997078159240322
2018-02-22,0.3307673290011382,0.5574036511156186,0.5338328792007266,0.046363636363636364,0.185469149324571
2018-02-23,0.33751689927053014,0.5413625304136254,0.5082860385925085,0.047864283550439264,0.25255474452554744
2018-02-24,0.3229193786863871,0.526145115524929,0.3681343622333182,0.05299818291944276,0.34439985406785845
2018-02-25,0.338296957612919,0.5336304700162074,0.3682777399591559,0.05631244323342416,0.3949671772428884
2018-02-26,0.3261843234447022,0.522073714054273,0.368421052631579,0.05478208232445521,0.35946044476850164
2018-02-27,0.2998817732227278,0.5101214574898785,0.24540712179632573,0.04931921331316188,0.3946793002915452
2018-02-28,0.28778287018296406,0.5159854309995953,0.2020408163265306,0.06261343012704174,0.3704918032786885
2018-03-01,0.30555200696484086,0.5137540453074434,0.237814554522784,0.09736921681282129,0.37327021121631465
2018-03-02,0.29144749073869614,0.4941366761019005,0.2107887579329103,0.12122128174123338,0.33964324717874045
2018-03-03,0.29248448098745133,0.46766370250606304,0.21096759573985946,0.1637957086733152,0.32751091703056767
2018-03-04,0.3123767421795788,0.5353535353535354,0.2111463525147259,0.22145015105740182,0.2815569297926519
2018-03-05,0.33765073725607797,0.5904684975767367,0.21132502831257083,0.30262760495318636,0.24618181818181817
2018-03-06,0.3713224674644931,0.5829632620104965,0.18500905797101452,0.4806763285024155,0.2366412213740458
2018-03-07,0.42107596583459966,0.6364003228410008,0.2334163459361558,0.5695744038635677,0.2449127906976744
2018-03-08,0.43746706707601424,0.6599435256151673,0.29108193752829337,0.552202776101388,0.24664002905920815
2018-03-09,0.44854192953626815,0.7475806451612903,0.29757863770083726,0.5173453996983409,0.23166303558460422
2018-03-10,0.4757145830393628,0.7243047158403869,0.40384615384615385,0.5217129071170085,0.252994555353902
2018-03-11,0.4898643137973691,0.7614826752618855,0.40398099977380686,0.5004522158577027,0.2935413642960813
2018-03-12,0.5156112323966221,0.7108336689488521,0.40411578471279963,0.5735382760699217,0.37395719985491477
2018-03-13,0.5208069253143857,0.7214170692431562,0.43590323309970613,0.554986441699307,0.37092095721537344
2018-03-14,0.5343450146163229,0.654728370221328,0.6211573236889693,0.4743975903614458,0.3870967741935484
2018-03-15,0.47962636872806963,0.6299275945293644,0.5805649717514124,0.2956940680517916,0.41231884057971013
2018-03-16,0.44962712503335645,0.6188178528347407,0.44464527790329866,0.23269114990969295,0.5023542194856936
2018-03-17,0.3943435275180855,0.6020900321543408,0.3498983510277841,0.1420403250075233,0.4833454018826937
2018-03-18,0.36857630300264443,0.6030534351145038,0.3500451671183379,0.08182912154031288,0.43937748823742306
2018-03-19,0.34872285860889274,0.5518072289156626,0.3501919169112666,0.045714285714285714,0.447178002894356
2018-03-20,0.3326928893591302,0.5351264552388599,0.31151241534988716,0.03096812988574865,0.4531645569620253
2018-03-21,0.29292191662607303,0.5373194221508828,0.1995034980816971,0.025247971145175834,0.4096167751265365
2018-03-22,0.2808711406721562,0.5218612113918973,0.19968411552346566,0.026442307692307692,0.3754969280809541
2018-03-23,0.29011174680222995,0.5376904570970329,0.29370629370629375,0.03063983178131571,0.2984104046242775
2018-03-24,0.3330125814124907,0.5571142284569138,0.45511953089760937,0.04354354354354354,0.27627302275189597
2018-03-25,0.3422154338696286,0.5737179487179487,0.45524239007891765,0.05253677574302011,0.28736462093862813
2018-03-26,0.3340610250603643,0.590708850620745,0.45536519386834984,0.04801920768307323,0.24215084806928908
2018-03-27,0.3863428386630172,0.5988791032826262,0.6560739238224025,0.05340534053405341,0.237012987012987
2018-03-28,0.3919847805806291,0.6138455382152861,0.6169445696259577,0.07858428314337132,0.2585647313379012
2018-03-29,0.3662975294463486,0.628,0.5061950889840054,0.09415292353823089,0.23684210526315788
2018-03-30,0.36680923395111464,0.5881647341063574,0.49797297297297294,0.08992805755395683,0.2911711711711712
2018-03-31,0.4111585134922673,0.5631494804156675,0.6586354424679126,0.06982319448606533,0.3530259365994236
2018-04-01,0.42386351384978777,0.6080703156212546,0.6587122917604682,0.052726183343319355,0.37594526467410877
2018-04-02,0.43210170888162525,0.6178115015974441,0.6587891064595994,0.04791853848457622,0.4038876889848812
2018-04-03,0.4177833107178994,0.5960079840319361,0.6557155715571557,0.029341317365269463,0.3900683699172364
2018-04-04,0.4297328534895324,0.5818036711891461,0.7228346456692913,0.0236456150853038,0.3906474820143885
2018-04-05,0.4234291330015001,0.5815715995213402,0.6668915879442195,0.020945541591861162,0.42430780294857967
2018-04-06,0.3710267534030036,0.5809409888357258,0.49718911625815154,0.018845348489380794,0.3871315600287563
2018-04-07,0.37177004903622235,0.6289358310083699,0.5532823741007193,0.018839712918660288,0.28602227811713976
2018-04-08,0.3549401491196994,0.5896414342629481,0.553382782647786,0.01883408071748879,0.2579022988505747
2018-04-09,0.33810319945971523,0.5842293906810037,0.5534831460674157,0.017931858936043037,0.19676840215439856
2018-04-10,0.3735945275172194,0.5923566878980892,0.6695124691080656,0.02001792650134449,0.21249102656137833
2018-04-11,0.3549473297776938,0.607242339832869,0.6199460916442048,0.01821983273596177,0.1743810548977395
2018-04-12,0.36142694787678786,0.5843277645186953,0.6914439703570627,0.01821439235592714,0.1517216642754663
2018-04-13,0.34324068470311286,0.5499005964214712,0.5938482263134262,0.020895522388059702,0.20831839368949445
2018-04-14,0.38443015998636065,0.5814785373608903,0.6417508417508417,0.02775290957923008,0.2867383512544803
2018-04-15,0.3866025757971287,0.5800556217719508,0.6418312387791741,0.03788782816229117,0.28663561447509855
2018-04-16,0.40906773332712343,0.5647339158061955,0.6419115997307606,0.07038473009245452,0.35924068767908307
2018-04-17,0.46672905078386273,0.5756252481143311,0.7566173171825931,0.16159809183064996,0.37307554600787685
2018-04-18,0.5362693999367709,0.6587301587301587,0.8057860506840099,0.2789865871833085,0.4015748031496063
2018-04-19,0.5846217712196496,0.671955573185244,0.768609865470852,0.48539928486293205,0.41252236135957066
2018-04-20,0.5999627127380553,0.6812053925455988,0.7231562429948442,0.6303246946678582,0.36516452074391986
2018-04-21,0.5379755258634539,0.6936187078874356,0.43993724787090993,0.6393686718284693,0.37897747586700037
2018-04-22,0.5707345849301145,0.7056259904912836,0.4400627380685638,0.693361119380768,0.44388849177984274
2018-04-23,0.5621068167706276,0.7089108910891089,0.44018817204301075,0.6470238095238096,0.45230439442658094
2018-04-24,0.48915872860765325,0.7090261282660333,0.2550951847704367,0.5542993156798572,0.4382142857142857
2018-04-25,0.5200547688887582,0.7036011080332409,0.18226600985221675,0.6802498512790006,0.5141021063905747
2018-04-26,0.5429184556301676,0.7337816455696202,0.12782628162077458,0.7240559024680345,0.5860099928622412
2018-04-27,0.5523679517596405,0.727164887307236,0.1604744852282901,0.7110582639714625,0.6107741705315733
2018-04-28,0.5693955999243157,0.7189723320158103,0.19982098903557843,0.7325408618127786,0.6262482168330956
2018-04-29,0.5699210537992001,0.7518767285657842,0.19999999999999996,0.7156862745098039,0.6121212121212121
2018-04-30,0.5822507326304889,0.7622432859399684,0.20017893088794458,0.752895752895753,0.6136849607982894
2018-05-01,0.5834352131731104,0.7583892617449665,0.14959749552772805,0.7752375296912114,0.6505165657285358
2018-05-02,0.5651226048506673,0.765982636148382,0.1243013637379835,0.7459186702285545,0.6242877492877493
2018-05-03,0.55582672673912,0.7767258382642999,0.08292355833705856,0.7709198813056379,0.5927376290494838
2018-05-04,0.5581846090320498,0.7685331230283912,0.08782122905027934,0.7671314150103826,0.6092526690391459
2018-05-05,0.5567855865233564,0.7635001970831691,0.09137622877569263,0.772835112692764,0.5994308075418001
2018-05-06,0.5620944434879317,0.7572892040977147,0.09157918248827335,0.7889119478209309,0.6105974395448079
2018-05-07,0.5575896622514916,0.7254824734147303,0.09178204555605185,0.7753408417308832,0.6377532883043014
2018-05-08,0.548310162168063,0.7177165354330708,0.07479348068765346,0.7706666666666667,0.6300639658848614
2018-05-09,0.5463530362297767,0.7237308146399055,0.03883928571428574,0.7802132701421801,0.6426287744227354
2018-05-10,0.5325489153002615,0.7088906372934697,0.03972327605445214,0.745928338762215,0.6356534090909091
2018-05-11,0.536130188097885,0.7215886747935509,0.04640785363676925,0.7510361160449971,0.6254881079162229
2018-05-12,0.5540999226617778,0.7244496855345912,0.059781396386348384,0.7774489493933117,0.6547196593328601
2018-05-13,0.5308033821430681,0.7445972495088409,0.05999107939339876,0.7304733727810651,0.5881518268889677
2018-05-14,0.5058133322101703,0.7270227808326788,0.06020066889632103,0.7083703046435965,0.5276595744680851
2018-05-15,0.5087466750456696,0.7561837455830389,0.0512706197057512,0.7007687758722649,0.5267635590216235
2018-05-16,0.47117147853492725,0.7676609105180534,0.022286605749944233,0.5947383978717115,0.5
2018-05-17,0.4416920646796656,0.7763828952530404,0.020276292335115853,0.4837470449172577,0.4863620262132483
2018-05-18,0.4159278707262328,0.756078431372549,0.021385609267097316,0.45140324963072376,0.4348441926345609
2018-05-19,0.3754685037852762,0.7624460995687965,0.02271714922048995,0.36237448316597753,0.3543362831858407
2018-05-20,0.3592766565933133,0.7594043887147335,0.02293475840570025,0.2970180100383821,0.35774946921443734
2018-05-21,0.3517717799931497,0.7567567567567568,0.02315227070347281,0.28158205430932703,0.3455960382030421
2018-05-22,0.3171549881137295,0.7247454972592012,0.043623414199866484,0.22868102685157865,0.27157001414427157
2018-05-23,0.33278968148752824,0.7217221135029355,0.11437472185135733,0.2575221238938053,0.23753976670201485
2018-05-24,0.329290594969841,0.695226917057903,0.07007786429365959,0.3016809200825715,0.25017667844522967
2018-05-25,0.3087065722045261,0.6918263590144701,0.12121886120996439,0.20666273584905662,0.2151183327446132
2018-05-26,0.2742377267655386,0.6696637998436279,0.11629975539248383,0.15915119363395225,0.1518361581920904
2018-05-27,0.27003238205858887,0.6822977725674091,0.11649622054246334,0.14790807307012374,0.13342746205435935
2018-05-28,0.2730824049851822,0.706640625,0.11669259835519008,0.13843888070692195,0.1305575158786168
2018-05-29,0.2745756843407797,0.7071456462319406,0.11688888888888893,0.1434040047114252,0.1308641975308642
2018-05-30,0.26241980226684725,0.7224824355971897,0.062430570984225775,0.13747424197821606,0.1272919605077574
2018-05-31,0.26274590949054266,0.7194693718298868,0.10661928031985779,0.13007651559741024,0.09481847021501587
2018-06-01,0.2795084869438763,0.7301092043681747,0.1159227181878747,0.17122683142100617,0.10077519379844961
2018-06-02,0.31320614097651966,0.7298245614035088,0.18716696269982236,0.1935294117647059,0.14230362803804156
2018-06-03,0.3224370578326823,0.7435697583787997,0.1873473917869034,0.21376065862981475,0.14507042253521127
2018-06-04,0.3311363650102678,0.7537982080249318,0.18752774079005774,0.23221634332745444,0.15100316789862725
2018-06-05,0.3377236655608506,0.7550623052959502,0.18970490348347013,0.2509550396708786,0.15517241379310345
2018-06-06,0.3319122185320341,0.7489295445698716,0.14041703637976932,0.2779083431257344,0.16039395005276116
2018-06-07,0.3721718791936976,0.7560311284046692,0.26813040585495673,0.2992657856093979,0.16526019690576652
2018-06-08,0.3775474394045859,0.7654609101516919,0.2960088691796009,0.2912507339988256,0.15746924428822495
2018-06-09,0.3684321262333765,0.7663297045101088,0.2613611172688982,0.30584091576166716,0.14019676739283204
2018-06-10,0.3636865490939373,0.7388262728332686,0.2615248226950354,0.3089788732394366,0.14541622760800843
2018-06-11,0.3587184086303967,0.7303807303807304,0.26168845557278975,0.27075388677031387,0.1720505617977528
2018-06-12,0.33927447267109334,0.7646601941747573,0.18143553389455025,0.24252199413489736,0.16848016848016847
2018-06-13,0.3398808125504612,0.7597049689440993,0.15215946843853823,0.26590442685429494,0.18175438596491228
2018-06-14,0.3437328558307921,0.7353511835467599,0.16496899911426044,0.276084407971864,0.19852683269028412
2018-06-15,0.35468449129233415,0.7253685027152832,0.19548372813814474,0.27278054497509524,0.22510518934081347
2018-06-16,0.33438879305533625,0.703373400542846,0.14187693669765378,0.2557117750439367,0.23659305993690852
2018-06-17,0.3289224531196174,0.703875968992248,0.14206682894445677,0.22342606149341143,0.2463209530483532
2018-06-18,0.32052016495520896,0.6997287872917474,0.14225663716814163,0.21662763466042154,0.2234676007005254
2018-06-19,0.32576573849514395,0.6963594113090628,0.12784782127847816,0.22885572139303484,0.25
2018-06-20,0.33037317198385385,0.7015098722415796,0.15723131357806286,0.22088940901111762,0.24186209310465523
2018-06-21,0.3334353454552298,0.7178792569659442,0.1706831748839266,0.20620064346300088,0.23897830650804758
2018-06-22,0.3117742812433963,0.7195357833655707,0.10433244916003537,0.20497076023391814,0.21825813221406087
2018-06-23,0.3524617270057633,0.748646558391338,0.20088397790055246,0.20052616194095294,0.2597902097902098
2018-06-24,0.36507837689198513,0.7603401623502126,0.20106053910737953,0.23816481589713617,0.26074799021321216
2018-06-25,0.38525111420832214,0.7299072642967542,0.20123702231058094,0.28980426526438796,0.32005590496156533
2018-06-26,0.394809061144509,0.7195828505214368,0.17513250883392228,0.35689252336448596,0.3276283618581907
2018-06-27,0.39449191954369084,0.7015444015444016,0.18370501214396118,0.3672992700729927,0.3254189944134078
2018-06-28,0.3928362548762247,0.6900810497877268,0.19050772626931567,0.38499708114419146,0.3057591623036649
2018-06-29,0.36592348116490586,0.6631944444444444,0.12315162215846387,0.38809454333236065,0.2892533147243545
2018-06-30,0.39604918677422174,0.6502121095256459,0.26037069726390116,0.3952742123687281,0.2783397279386118
2018-07-01,0.41093672828275385,0.6345412490362374,0.26053386278402824,0.41498979294254884,0.33368200836820083
2018-07-02,0.39426751348559497,0.6331406551059731,0.2606969563299515,0.37755102040816324,0.3056814220982921
2018-07-03,0.3558071216861007,0.6467642526964561,0.11179713340683572,0.36257650830661614,0.30209059233449476
2018-07-04,0.3964768248768853,0.6911821332306507,0.21891534391534395,0.32575757575757575,0.3500522466039707
2018-07-05,0.39423433733635654,0.7093918398768284,0.21908750275512456,0.27206524905330615,0.3763927576601671
2018-07-06,0.4292428443170289,0.6979607541362063,0.35764654032613485,0.24403028538147933,0.41733379742429516
2018-07-07,0.4264395662544532,0.7157692307692307,0.3196739369905266,0.24512372634643376,0.42519137091162146
2018-07-08,0.40919440219909925,0.700884275278739,0.3198237885462555,0.20285215366705472,0.4132173913043478
2018-07-09,0.4192477656769069,0.7109915449654112,0.3199735741026206,0.22286878091358744,0.42315716272600834
2018-07-10,0.44363294556002386,0.7372262773722628,0.38485248789079696,0.21727748691099477,0.43517553006604104
2018-07-11,0.43143446600224933,0.750384024577573,0.4028175214615892,0.22681011922070368,0.34572619874913135
2018-07-12,0.4314221427861197,0.7489443378119002,0.347931338028169,0.2988372093023256,0.32997568600208405
2018-07-13,0.5005370461267427,0.7544128933231006,0.38613861386138615,0.5518744551002616,0.30972222222222223
2018-07-14,0.519507199791218,0.7840429612581511,0.3310602727672679,0.6859384079023824,0.27698715723707046
2018-07-15,0.5369946681562039,0.7960122699386503,0.3312073894875742,0.7917513796108046,0.22900763358778625
2018-07-16,0.5357835777188316,0.7960904561134534,0.33135444151275284,0.7999419279907085,0.21574748525841136
2018-07-17,0.5759858504711213,0.7628352490421456,0.4948340294570235,0.8066763425253991,0.2395977808599168
2018-07-18,0.6170428229823978,0.7449253159708924,0.5312087912087913,0.8270458502611724,0.36499133448873483
2018-07-19,0.6416850166523527,0.7369831546707504,0.5234014502307185,0.8500145053669858,0.45634095634095634
2018-07-20,0.6174239324130848,0.7309605817068503,0.429920913884007,0.8082946635730859,0.5005195704883962
2018-07-21,0.6419859110049833,0.6973986228003061,0.5253678893037558,0.7738474920266744,0.5713296398891967
2018-07-22,0.6338707607009212,0.691395793499044,0.5254721124286341,0.6889855072463769,0.6296296296296297
2018-07-23,0.6205120228827741,0.6972477064220184,0.525576289791438,0.6699507389162561,0.5892733564013841
2018-07-24,0.627081440483144,0.6721436759648453,0.5316066725197541,0.6995944380069525,0.6049809754410239
2018-07-25,0.6147869716930557,0.6592818945760122,0.511301294711433,0.703156675354764,0.5854080221300139
2018-07-26,0.6256699987545071,0.6601756395570828,0.5754716981132075,0.6835552982049797,0.5834773591427583
2018-07-27,0.6394366164019207,0.6629770992366413,0.5799517438034656,0.7021707670043416,0.6126468555632343
2018-07-28,0.6929745457228247,0.6810377718428081,0.7381578947368421,0.7271412037037037,0.6255613126079448
2018-07-29,0.6991328710293228,0.6979405034324943,0.7382153036614778,0.7350303731559156,0.6253453038674033
2018-07-30,0.7193498321712297,0.7155928326343881,0.7382726874177992,0.7593984962406015,0.6641353123921298
2018-07-31,0.6971402466114073,0.7115091463414633,0.7672583826429981,0.6955767562879445,0.6142167011732229
2018-08-01,0.65010119787945,0.6902857142857143,0.6176599474145487,0.6812138728323699,0.6112452569851673
2018-08-02,0.6705985454930299,0.7067783701447068,0.7743702081051479,0.6281421554464027,0.573103448275862
2018-08-03,0.5642096110913035,0.6482679862961553,0.5219010074463426,0.5892547660311959,0.49741468459152016
2018-08-04,0.5392556886537505,0.6274733637747336,0.4812787387781914,0.5720473577822697,0.47622329427980703
2018-08-05,0.5453446977290585,0.6359832635983264,0.48139229422066554,0.5796766743648961,0.48432655873234587
2018-08-06,0.5360210321994875,0.6163498098859316,0.4815057999562268,0.5503607503607504,0.49586776859504134
2018-08-07,0.5331286447743184,0.6309388065374382,0.38140043763676146,0.6165608770917484,0.5036144578313253
2018-08-08,0.5335668092799696,0.6063829787234043,0.42353970684751696,0.6074415921546005,0.4969029593943565
2018-08-09,0.5222814438639473,0.5723509304975314,0.3851706036745407,0.592560553633218,0.5390436876504988
2018-08-10,0.532022080750572,0.570615034168565,0.3923026459654494,0.5912366676275583,0.5739339752407153
2018-08-11,0.4815097893013014,0.571157495256167,0.21578487101005683,0.5461095100864554,0.5929872808525266
2018-08-12,0.416582879883003,0.5671471927162367,0.2159562841530055,0.2777297608758283,0.6054982817869415
2018-08-13,0.38805548803894585,0.5521425862722791,0.2161276223776224,0.17453917050691245,0.6094125729989694
2018-08-14,0.3655774350353414,0.5352539802880971,0.1758793969849246,0.10797581341779441,0.6432005494505495
2018-08-15,0.36717530254169184,0.5305039787798409,0.1740934906072521,0.10189982728842832,0.6622039134912462
2018-08-16,0.37194782156394435,0.5821969696969698,0.1478488753002839,0.1139568345323741,0.6437886067261496
2018-08-17,0.3916906065172129,0.6065884134797426,0.2548034934497817,0.10845799769850403,0.5969125214408233
2018-08-18,0.3979713800067976,0.5889477668433005,0.3831041257367387,0.08656888121944205,0.5332647462277091
2018-08-19,0.40130040699693315,0.5815361331819902,0.38323876036665216,0.13168487636572743,0.508741858073363
2018-08-20,0.41397971749695783,0.6070347957639939,0.3833733362426358,0.1925840758838747,0.4729266620973269
2018-08-21,0.42084761491383754,0.612476370510397,0.2988656195462478,0.32155172413793104,0.45049674546077423
2018-08-22,0.42367967523055516,0.5910808767951625,0.4100327153762269,0.2953174375179546,0.3982876712328767
2018-08-23,0.40102660480747077,0.6078579523989422,0.4062363715656345,0.22027570361860999,0.36973639164669636
2018-08-24,0.3581839966384083,0.6404833836858006,0.2770874209723131,0.19552110249784668,0.3196440793976728
2018-08-25,0.3726126116173334,0.6357115892789732,0.3670444638186574,0.18800229621125145,0.2996920971604516
2018-08-26,0.3637435503723885,0.6233962264150943,0.36718239267814334,0.19626972740315637,0.26812585499316005
2018-08-27,0.35623097784442703,0.6088268577895134,0.3673202614379085,0.17527251864601262,0.27350427350427353
2018-08-28,0.3671442371504887,0.6036953242835597,0.4064473970812459,0.17579581301978778,0.2826384142173616
2018-08-29,0.359646193735395,0.5665284583490389,0.35060975609756095,0.1938073394495413,0.327639221045439
2018-08-30,0.3514811171245103,0.560663149962321,0.3143914652732419,0.22212668386357123,0.3087431693989071
2018-08-31,0.36688652574102926,0.56045197740113,0.2707879843273835,0.25358166189111747,0.38272447934448617
2018-09-01,0.38963678017989267,0.5376506024096386,0.2859630032644178,0.2970495560011458,0.4378839590443686
2018-09-02,0.40780597094203697,0.5310500564546481,0.286118363794604,0.3172966781214204,0.49675878539747526
2018-09-03,0.42622840029177145,0.5541760722347631,0.2862736567326517,0.3358144861150873,0.5286493860845839
2018-09-04,0.4075694314661026,0.5366679202707785,0.28642888212266204,0.29507727532913564,0.5121036481418343
2018-09-05,0.36551980637206827,0.5259398496240602,0.16938464883670368,0.2786838340486409,0.48807089297886846
2018-09-06,0.3869262346635015,0.501315295001879,0.21739130434782605,0.27431350114416475,0.5546848381601363
2018-09-07,0.388241962470105,0.48610067618332076,0.1919148011301891,0.2836717186159565,0.5912806539509536
2018-09-08,0.41170597756744465,0.5016898235073226,0.23207301173402872,0.3481989708404803,0.5648621041879469
2018-09-09,0.40231096450386583,0.5075075075075075,0.23223984358027372,0.32695055730208633,0.5425459496255957
2018-09-10,0.4052157207654248,0.49868667917448406,0.2324066029539531,0.36714285714285716,0.5226267437904049
2018-09-11,0.4132593597167237,0.5003750937734434,0.2566775244299674,0.3864610111396744,0.5095238095238095
2018-09-12,0.4551111550825933,0.501687289088864,0.4194528875379939,0.3906339234723015,0.5086705202312138
2018-09-13,0.4924439254830666,0.5018740629685157,0.6401128717169524,0.39508992292320866,0.4326988443235894
2018-09-14,0.48512304385387317,0.5073061071562384,0.6653645833333333,0.3926940639269406,0.3751274209989806
2018-09-15,0.47448916221875914,0.48239700374531835,0.738121067476676,0.3041369472182596,0.3733016304347826
2018-09-16,0.4726888707219638,0.47734930737551484,0.738177874186551,0.3163148887621221,0.3589134125636672
2018-09-17,0.4709216197065901,0.4977544910179641,0.7382346562567772,0.3028229255774166,0.3448744059742023
2018-09-18,0.46258952239249473,0.4964459408903853,0.6643538594969645,0.31527936145952107,0.3742789277231082
2018-09-19,0.46256663387991576,0.4913986537023186,0.6739648818556254,0.304645198062126,0.38025780189959296
2018-09-20,0.46302124987155135,0.48560747663551407,0.6566970091027309,0.30455840455840455,0.40522210918955576
2018-09-21,0.46954407711289814,0.49551569506726456,0.5763813651137595,0.3733978923383651,0.4328813559322034
2018-09-22,0.4995649801643008,0.4953305939484498,0.5244800693240901,0.48234624145785876,0.49610301592680445
2018-09-23,0.5206852360972137,0.4966392830470501,0.5245830625947585,0.5212069456305153,0.5403116531165312
2018-09-24,0.540547484042617,0.5009331840238895,0.5246860112602858,0.5591918042117245,0.5773789366745682
2018-09-25,0.5595426898973962,0.5022388059701492,0.6256765533665296,0.5246088193456615,0.5856465809072444
2018-09-26,0.5304547194242902,0.5184632599776202,0.46645021645021645,0.535551763367463,0.6013536379018612
2018-09-27,0.5075865933866067,0.517524235645041,0.4176585154728414,0.5021324992891669,0.5930311231393776
2018-09-28,0.48079575758601534,0.5367126351099516,0.3799221116399827,0.44855031267765777,0.5579979709164694
2018-09-29,0.48955229275486456,0.5592399403874814,0.45857668180834954,0.3927252060244388,0.5476673427991886
2018-09-30,0.4794990725309945,0.5877094972067038,0.45869377162629754,0.3653409090909091,0.5062521122000676
2018-10-01,0.4656274826146402,0.5871183916604616,0.45881081081081077,0.3385401874467481,0.4780405405405405
2018-10-02,0.49615136158172746,0.6096017863788612,0.5512321660181583,0.39182282793867124,0.43194866599121917
2018-10-03,0.49077501111733624,0.6175595238095238,0.580073481737627,0.40051092818620493,0.3649561107359892
2018-10-04,0.5299426316259411,0.6232800297508367,0.6577355229040622,0.4897843359818388,0.34897063786702665
2018-10-05,0.5066877885867821,0.6490706319702602,0.5052927198098942,0.5191489361702127,0.3532388663967611
2018-10-06,0.4958877134543572,0.6800445930880714,0.51036717062635,0.5371525808281339,0.25598650927487354
2018-10-07,0.4868533697152979,0.725854383358098,0.5104729000215936,0.5185710235327474,0.19251517194875253
2018-10-08,0.4932057114179471,0.7222428518380988,0.5105785837651122,0.5586734693877551,0.1813279406808224
2018-10-09,0.49049067940990343,0.72271714922049,0.5106842218864667,0.5412298101445169,0.18733153638814015
2018-10-10,0.46924364710648836,0.7191094619666047,0.4762624082865775,0.4943342776203966,0.18726844055237454
2018-10-11,0.46470632992525407,0.7014094955489614,0.5065803667745415,0.45992636646842255,0.19090909090909092
2018-10-12,0.5034003974136603,0.7085650723025584,0.5601811906816221,0.48669309173272934,0.2581622349377314
2018-10-13,0.5090664782815654,0.7127501853224611,0.4610739702393789,0.5273138975375036,0.3351278600269179
2018-10-14,0.5307494970231497,0.7261948869951834,0.46119016817593794,0.5444255800792304,0.39118735284224687
2018-10-15,0.534154938855164,0.7366666666666667,0.46130631601638283,0.5338048090523339,0.40484196368527237
2018-10-16,0.595430916979628,0.807108478341355,0.46659482758620685,0.5715497737556561,0.5364705882352941
2018-10-17,0.6338038972501064,0.810140636565507,0.5313510019392372,0.6265196494204128,0.5672043010752689
2018-10-18,0.6093456651561595,0.8190899001109878,0.4388194743644981,0.6322781232334652,0.5471951629156869
2018-10-19,0.5616052479008251,0.8202662721893491,0.2967908679732931,0.6270132805877366,0.5023505708529215
2018-10-20,0.5377815277650102,0.7988909426987061,0.2704565030146425,0.596045197740113,0.48573346760657937
2018-10-21,0.5437759184806055,0.8004434589800443,0.2706135629709365,0.6077379271392263,0.4963087248322148
2018-10-22,0.5158911785974339,0.8097524935352789,0.27077055531640115,0.5607001693958216,0.42234149614223415
2018-10-23,0.4546443500892872,0.818685376661743,0.19044544867656554,0.5458650860852385,0.2635814889336016
2018-10-24,0.4462536080196999,0.816906607604282,0.19492254733218584,0.5251128668171557,0.248072410325176
2018-10-25,0.4399292983424239,0.8210332103321033,0.1684233168423317,0.5125528913963329,0.2577077747989276
2018-10-26,0.4311338111527715,0.8092954629288085,0.17956989247311828,0.49915397631133673,0.23651591289782245
2018-10-27,0.43278889646611857,0.8160029498525074,0.17394108793807783,0.5057795319988723,0.23543201607501674
2018-10-28,0.43080713692366013,0.8134906008109104,0.1741186586414445,0.4932356257046223,0.24238366253766322
2018-10-29,0.45147964722897205,0.8065585851142225,0.17429615301955725,0.5395886165116934,0.285475234270415
2018-10-30,0.45090629919849523,0.7812154696132596,0.16179630425440483,0.5447887323943662,0.3158246905319505
2018-10-31,0.4368153249878675,0.7801914580265096,0.1037593984962406,0.5556181357364123,0.3076923076923077
2018-11-01,0.42981096465139546,0.7681266102318733,0.08741408934707906,0.5377252252252253,0.3259779338014042
2018-11-02,0.4595065044674046,0.7707873436350258,0.15288812540261976,0.5584013509710104,0.3559491978609626
2018-11-03,0.47147831920045036,0.708348657594704,0.22541863460712752,0.5619020821609454,0.3902439024390244
2018-11-04,0.48543898694013293,0.7238970588235294,0.22558488946125776,0.5831223628691983,0.4091516366065464
2018-11-05,0.505818118702998,0.7096655641308343,0.22575107296137342,0.6040494938132733,0.48380634390651084
2018-11-06,0.5319336317632506,0.7060984570168993,0.3044411070585711,0.6005060444194545,0.5166889185580774
2018-11-07,0.522275391090697,0.6753580609621741,0.306949806949807,0.5435637998875773,0.5632298965632299
2018-11-08,0.551239110386819,0.6703377386196769,0.3843019515333477,0.5745996066310761,0.5757171447631755
2018-11-09,0.5424802402947543,0.6598165137614679,0.3006003430531733,0.6073033707865169,0.6022007335778593
2018-11-10,0.5033457144989936,0.6702127659574468,0.14062165058949627,0.5942151081156979,0.6083333333333333
2018-11-11,0.474059298746748,0.6567656765676568,0.1408058294042006,0.5488489612577204,0.5498167277574142
2018-11-12,0.4586425474901532,0.6495601173020528,0.14098992929076493,0.5273645804097671,0.516655562958028
2018-11-13,0.44288394308439094,0.6335654085745694,0.1411739502999143,0.5216049382716049,0.4751914751914752
2018-11-14,0.4255836259227435,0.6135531135531136,0.1150139216106233,0.5486676016830294,0.4250998668442077
2018-11-15,0.37738520093732497,0.5115342365433907,0.10235546038543897,0.5179472798653953,0.3777038269550749
2018-11-16,0.3706934077826291,0.5018301610541728,0.10062085206593874,0.4701429772918419,0.4101796407185629
2018-11-17,0.3871527721997226,0.49908525429930484,0.183861301369863,0.4669282511210762,0.39873628200864647
2018-11-18,0.4037918413226027,0.5084125822970007,0.18403595120907335,0.4838890445502942,0.43882978723404253
2018-11-19,0.4057508612565898,0.5414990859232176,0.1842105263157895,0.4546218487394958,0.4426719840478564
2018-11-20,0.4350521947039297,0.47733918128654973,0.2825668449197861,0.4354522542705125,0.5448504983388704
2018-11-21,0.4655662438043193,0.4483010595542565,0.2455089820359282,0.5111982082866742,0.6572567253404185
2018-11-22,0.4812629069939052,0.4309715120525931,0.32264271969211034,0.45032185838231176,0.7211155378486056
2018-11-23,0.4644623152993891,0.4439576487769259,0.32278751603249256,0.4037493005036374,0.6873547958845005
2018-11-24,0.4384851596588578,0.4317518248175183,0.26116691600769393,0.3709090909090909,0.6901128069011281
2018-11-25,0.43679487493127445,0.3998540678584458,0.2613247863247863,0.37024608501118567,0.71575456053068
2018-11-26,0.44460479396786723,0.3603209336250912,0.26148258919034395,0.39865809337433605,0.7579575596816976
2018-11-27,0.42767811857243876,0.34670069267225667,0.2712516018795387,0.363890441587479,0.7288697381504806
2018-11-28,0.37549715222933355,0.34183673469387754,0.24215246636771304,0.26823134953897737,0.6497680583167661
2018-11-29,0.37883093410833796,0.3537340619307833,0.2502134927412468,0.264804469273743,0.6465717124875787
2018-11-30,0.43153933549301776,0.35797523670793885,0.43692636072572033,0.24350740016755096,0.687748344370861
2018-12-01,0.4253528684106599,0.33891518019657807,0.45902688860435337,0.20965940815187045,0.6938099966898378
2018-12-02,0.4140151961082924,0.3286026200873362,0.45914230851290805,0.19955344683226348,0.6687624090006619
2018-12-03,0.39448783294111334,0.36485994907238994,0.45925767918088733,0.16071428571428573,0.5931194177968905
2018-12-04,0.42079560081440615,0.3458181818181818,0.6391554702495201,0.13835425383542538,0.5598544973544973
2018-12-05,0.3678246795781255,0.3507815339876409,0.46801705756929635,0.1358059118795315,0.5166942148760331
2018-12-06,0.35078223372514944,0.3379360465116279,0.46813046258793434,0.13242263730136605,0.4646397884996695
2018-12-07,0.31829095484446557,0.346531057028696,0.3554987212276215,0.13935340022296544,0.4317806408985794
2018-12-08,0.3371440751193009,0.3289760348583878,0.42531429789047515,0.15241014210086376,0.4418758256274769
2018-12-09,0.33501661641201846,0.3310344827586207,0.42543672773753727,0.13955431754874653,0.44404093760316937
2018-12-10,0.33913388249216236,0.33599419448476053,0.4255591054313099,0.1590086326928432,0.43597359735973595
2018-12-11,0.3019457084362511,0.33949945593035913,0.29237649063032367,0.17010022271714922,0.40580666446717256
2018-12-12,0.2826618331955423,0.3328498912255258,0.22546306152863527,0.16699137211244086,0.40534300791556727
2018-12-13,0.3290441392951297,0.3363537513591881,0.3916560238399319,0.17306622148024486,0.41510056050115396
2018-12-14,0.35997231856796635,0.3409420289855073,0.5139391359863801,0.1855354659248957,0.3994726433750824
2018-12-15,0.31487599437158464,0.3683448026077508,0.4727659574468085,0.1910456062291435,0.2273476112026359
2018-12-16,0.30069081144399284,0.37110789283128165,0.47287811104020416,0.20989713650264108,0.14888010540184454
2018-12-17,0.2965095089668058,0.3648208469055375,0.47299021692896637,0.21289605336297943,0.13533091866973987
2018-12-18,0.31959220954362655,0.3516642547033285,0.5086115245587923,0.24034454015004167,0.17774851876234365
2018-12-19,0.3335785884105101,0.34141048824593123,0.49234693877551017,0.27416666666666667,0.22639025995393222
2018-12-20,0.3506190257450221,0.39334779464931313,0.4675876726886291,0.3221327409053041,0.2194078947368421
2018-12-21,0.34551388416877,0.41741958800144563,0.49235019124521884,0.25985563575791226,0.21243012167050312
2018-12-22,0.3720384232377446,0.398121387283237,0.5022307202039515,0.28504024424091035,0.3027613412228797
2018-12-23,0.39002733167026027,0.39003250270855905,0.5023364485981308,0.29245283018867924,0.37528754518567203
2018-12-24,0.4090112263432644,0.3945848375451263,0.5024421320874921,0.3323162274618585,0.4067017082785808
2018-12-25,0.38954610040697635,0.40851678094550703,0.4713375796178344,0.2753743760399334,0.40295566502463054
2018-12-26,0.3664982707849285,0.45995670995671,0.47144979834430056,0.1954532852786249,0.33913328956007877
2018-12-27,0.384587893329816,0.4706094482509917,0.5795840407470289,0.16324833702882482,0.3249097472924188
2018-12-28,0.4136690118441368,0.4747656813266041,0.6418417144069595,0.1942366306456082,0.3438320209973753
2018-12-29,0.42597153088869255,0.47603603603603606,0.7605006364022062,0.18725761772853186,0.2800918333879961
2018-12-30,0.4247300529651948,0.48487031700288186,0.7605514316012725,0.20825256161728053,0.24524590163934426
2018-12-31,0.42668882451002427,0.5210658984515664,0.7606022052586938,0.21400885935769656,0.2110783349721403
2019-01-01,0.4252784772344675,0.5525557955363571,0.7742209031163876,0.20592305563243843,0.16841415465268678
2019-01-02,0.4262061999373177,0.5462396545519972,0.7742687579482832,0.21333702268954066,0.17097936455944973
2019-01-03,0.4031305729624828,0.5683453237410072,0.5982199618563255,0.24785615491009683,0.19810085134250163
2019-01-04,0.4251851649092885,0.5749730312837109,0.7182203389830508,0.21736725663716813,0.19018003273322423
2019-01-05,0.43625005566499936,0.6089144500359454,0.714467273882652,0.20237766104506497,0.21924083769633507
2019-01-06,0.42567995956882443,0.6025871361839741,0.7145277424819991,0.16970702045328911,0.21589793915603533
2019-01-07,0.4293978576287163,0.634698275862069,0.7145881854753335,0.1528046421663443,0.21550032701111838
2019-01-08,0.46032330342069416,0.6269299820466787,0.8060965283657917,0.17845303867403314,0.22981366459627328
2019-01-09,0.49314460954756467,0.6148600143575018,0.8455026455026455,0.2363987848660591,0.2758169934640523
2019-01-10,0.5146949543461069,0.6167922497308934,0.8798137960220059,0.2534511319712866,0.30872263966024177
2019-01-11,0.5674075232228994,0.6262553802008608,0.9339961920880051,0.28677891250345017,0.42259960809928154
2019-01-12,0.589670375004892,0.6461097167443528,0.9407783417935702,0.31015452538631344,0.46163891609533136
2019-01-13,0.606484598575223,0.6609318996415771,0.9407908648762952,0.3219310344827586,0.5022845953002611
2019-01-14,0.6083295551599911,0.649587961304192,0.9408033826638478,0.2824048538334253,0.5605220228384992
2019-01-15,0.6078193633018115,0.643624641833811,0.9408158951595857,0.2506203473945409,0.5962165688193085
2019-01-16,0.5936117147884219,0.6473326172574293,0.8719357565511412,0.24807056229327454,0.6071079230518422
2019-01-17,0.5839834387513767,0.6521116678596994,0.9095710965560955,0.22209975199779552,0.5521512385919165
2019-01-18,0.5550290732045253,0.6629695885509839,0.9167722855935784,0.2115702479338843,0.4288041707396546
2019-01-19,0.4992433846293296,0.6673819742489271,0.8726504751847941,0.17681079592398788,0.28013029315960913
2019-01-20,0.4786754520552706,0.6821594565606006,0.8726773648648649,0.1762114537444934,0.18365353305112342
2019-01-21,0.4801514700878774,0.6983559685489635,0.8727042431918937,0.20533993944398568,0.14420572916666666
2019-01-22,0.478831669449389,0.7091818506609504,0.8727311101730688,0.2182168409466153,0.11519687601692158
2019-01-23,0.4693517562491845,0.7278571428571429,0.8411057185060139,0.2154057771664374,0.09303838646714378
2019-01-24,0.4771466437064398,0.7393787932881114,0.8130801687763713,0.2761276127612761,0.08
2019-01-25,0.5033833919480327,0.7491077801570307,0.7958236658932715,0.39675556777563925,0.07184655396618986
2019-01-26,0.5747440964852526,0.7663217980734927,0.9040489245044285,0.5379329301814184,0.09067273318167046
2019-01-27,0.5990165530691128,0.7738944365192582,0.9040691545435379,0.5894476504534213,0.1286549707602339
2019-01-28,0.6022322865491597,0.7672014260249554,0.9040893760539629,0.5807692307692308,0.15686911334848977
2019-01-29,0.6128854825559594,0.7601568068424804,0.898840885142255,0.5935182642131283,0.19902597402597402
2019-01-30,0.6177959064226403,0.7616672604203776,0.8933839022334598,0.6051619989017024,0.2109704641350211
2019-01-31,0.6176576838906049,0.73005698005698,0.8750789972614282,0.5838594564919023,0.28163530175210905
2019-02-01,0.6512256171885054,0.733001067995728,0.9012215669755687,0.6245883644346871,0.34609146934803764
2019-02-02,0.645100241885841,0.7526690391459074,0.8606022320488524,0.6120713305898491,0.3550583657587549
2019-02-03,0.6473963820538302,0.7474208466737815,0.8606315789473684,0.6149204607789358,0.366612641815235
2019-02-04,0.6567111785067795,0.7361308677098151,0.8606609134918964,0.6635590896627365,0.36649384316267014
2019-02-05,0.6525728930577643,0.7486669036615713,0.8722643097643098,0.6735197368421053,0.31584062196307094
2019-02-06,0.6354623608253301,0.757640369580668,0.7980223017041869,0.696355165798849,0.28983160621761656
2019-02-07,0.605014449163377,0.772291296625222,0.6726966764829617,0.6969863013698631,0.27808352217546134
2019-02-08,0.5296809903463393,0.76171875,0.5217665615141955,0.6151739249520679,0.22006472491909385
2019-02-09,0.5444477788401288,0.7376641817536387,0.5456265769554247,0.609802847754655,0.2846975088967972
2019-02-10,0.5268096346667029,0.7366926898509581,0.5457220937565692,0.5858198740761018,0.2390038809831824
2019-02-11,0.518407006332724,0.7179851010996807,0.5458175704077344,0.5511767925561029,0.25864856126737795
2019-02-12,0.4863422738524157,0.7312056737588652,0.3212859844505148,0.6068399452804377,0.28603749191984484
2019-02-13,0.5288496480190805,0.7210209145693016,0.36827731092436977,0.6920131291028446,0.3340872374798061
2019-02-14,0.529783128270202,0.7250177179305457,0.3190506196177274,0.7229969920700028,0.3520671834625323
2019-02-15,0.5415980290420783,0.7212185618136734,0.3477530449391012,0.7063969382176053,0.39102357119793346
2019-02-16,0.5251946725004604,0.7588526912181304,0.3262649590594163,0.6693085542497951,0.34635248547449965
2019-02-17,0.5477523387860798,0.7458407079646018,0.3264063811922754,0.6879781420765028,0.430784123910939
2019-02-18,0.565997859451633,0.7480537862703468,0.32654774396642183,0.7039060366020213,0.4854838709677419
2019-02-19,0.5857612955527919,0.7410682702511496,0.32668904741921945,0.6993446204259968,0.5759432441148017
2019-02-20,0.613129144057732,0.7309052333804809,0.45961820851688695,0.6404586404586404,0.6215344938749194
2019-02-21,0.6136651358247983,0.7331212442559208,0.459731543624161,0.6018013100436681,0.6600064453754432
2019-02-22,0.6386600532466726,0.727208480565371,0.5068148458796393,0.6360163710777627,0.6846005154639175
2019-02-23,0.6741011329279083,0.7287177675732956,0.6085953878406709,0.6595744680851063,0.6995169082125604
2019-02-24,0.6817030120926602,0.7206920903954802,0.6086774261161182,0.6569402781565312,0.7405022537025112
2019-02-25,0.6893921107129164,0.706671373102718,0.6087594300083823,0.6600327153762269,0.7821049243643385
2019-02-26,0.6703748025243031,0.7014820042342977,0.5966897129687827,0.6214227309893704,0.7619047619047619
2019-02-27,0.6806513568821098,0.7216931216931217,0.626099706744868,0.6340599455040872,0.7407526535863622
2019-02-28,0.6228082190836519,0.7055712270803949,0.48942408376963353,0.5894851539090166,0.7067524115755627
2019-03-01,0.6215288960973177,0.687698272823405,0.4623115577889447,0.6102941176470589,0.7258116361298618
2019-03-02,0.6224562601934432,0.719168428470754,0.3971111576303119,0.6444323441328614,0.7291131105398457
2019-03-03,0.6137457353576139,0.6998943289890807,0.397237337798242,0.6524224278715297,0.705428846771603
2019-03-04,0.5835020696326547,0.6700704225352112,0.39736346516007537,0.6397278911564626,0.6268464996788696
2019-03-05,0.5783007686241699,0.645899331221401,0.37866108786610875,0.6539717083786725,0.6346709470304976
2019-03-06,0.5586698283790594,0.659746657283603,0.2616607404308722,0.6396518901278216,0.673620025673941
2019-03-07,0.586117592606693,0.6792120998944777,0.267461313258051,0.6846112017400762,0.7131857555341675
2019-03-08,0.5646450665501827,0.6722925457102673,0.2009199247334309,0.6692035879315031,0.7161642078255291
2019-03-09,0.5775517980156499,0.69103690685413,0.25,0.6230978260869565,0.7460724591215133
2019-03-10,0.5936525761292584,0.7273366127898806,0.2501567398119122,0.6096169519152405,0.7875
2019-03-11,0.5785059625341779,0.7474534597822269,0.2503134141245299,0.5703422053231939,0.7459147709067606
2019-03-12,0.5979763570332476,0.7531601123595506,0.29433883434301233,0.6038555525386913,0.740550928891736
2019-03-13,0.6192008572337058,0.7437697437697437,0.39974937343358397,0.6134636264929425,0.7198206852385527
2019-03-14,0.6026385946726578,0.7052631578947368,0.4458133221967008,0.5443690637720489,0.7151088348271447
2019-03-15,0.6183658446834486,0.7572781480182392,0.5494780793319416,0.46174715138361366,0.70496
2019-03-16,0.6031125460002769,0.7713884992987378,0.527656021707368,0.42690534309736916,0.6865003198976327
2019-03-17,0.6082336962221299,0.7697160883280757,0.527754590984975,0.44278741865509763,0.692676686920371
2019-03-18,0.6328605748680015,0.7515767344078487,0.5278531191320677,0.5039306044998645,0.7480818414322251
2019-03-19,0.648866118654895,0.7544658493870403,0.6149353358364622,0.46639566395663956,0.7596676254394376
2019-03-20,0.6633708434422797,0.7317927170868348,0.7017726798748696,0.4771064752099702,0.7428115015974441
2019-03-21,0.655109516184587,0.7409870493524676,0.69557964970809,0.5067713976164681,0.6770999680613222
2019-03-22,0.6378796245309767,0.7617214835549335,0.5909943714821764,0.553208773354996,0.6455938697318008
2019-03-23,0.6075991691183619,0.7467646030080448,0.45331388078365986,0.5961017866811045,0.6342164060006383
2019-03-24,0.5904123347741791,0.7479020979020978,0.4534277974578037,0.564276048714479,0.5960433950223357
2019-03-25,0.5754844497980955,0.7549807759524642,0.4535416666666666,0.5064935064935064,0.5869218500797448
2019-03-26,0.5784132921274877,0.7686932215234102,0.4634451156009165,0.5068974844468488,0.5746173469387755
2019-03-27,0.5365578195600232,0.7575969263010828,0.3998334027488546,0.44943212547322875,0.539368823716927
2019-03-28,0.5334381893431821,0.7667597765363129,0.2943993337497397,0.4798594214652609,0.5927342256214149
2019-03-29,0.5435500513056089,0.75043630017452,0.2668609492089925,0.5302702702702703,0.6266326855686525
2019-03-30,0.5726368861796838,0.7623866015352407,0.3121748178980229,0.5647122399351526,0.6512738853503185
2019-03-31,0.5857741392693123,0.7802581095221486,0.3123179359134415,0.5991356023770935,0.6513849092645654
2019-04-01,0.5870176972956693,0.7465132496513249,0.3124609943831912,0.6321901161220632,0.6569064290260981
2019-04-02,0.6194631589346689,0.7727431160683165,0.41805324459234605,0.5985421166306696,0.6885141584473433
2019-04-03,0.656815822259757,0.6923344947735192,0.414223331253899,0.6860998650472334,0.8346055979643766
2019-04-04,0.7002994077984308,0.699407871821665,0.513929313929314,0.711548839719374,0.8763116057233704
2019-04-05,0.6987591797576095,0.6915041782729805,0.4957389316150489,0.7234960884812517,0.8842975206611571
2019-04-06,0.7287423393620946,0.6696832579185521,0.6192851205320034,0.7343581445523193,0.8916428344455036
2019-04-07,0.7312898229902851,0.67571329157968,0.6193642218990234,0.7317336209220814,0.8983481575603558
2019-04-08,0.7277216217092991,0.6556521739130434,0.6194432904029913,0.7431266846361186,0.8926643378850428
2019-04-09,0.7394781783652469,0.6415159944367177,0.6564901349948079,0.7687954729183508,0.8911111111111111
2019-04-10,0.7378539395264205,0.651372957942301,0.6789867109634551,0.7505387931034483,0.8705172960964773
2019-04-11,0.7097769874690927,0.6831132731063239,0.6171891218600789,0.6999730676003232,0.8388324873096447
2019-04-12,0.6818071556066646,0.670024313997916,0.5193026151930262,0.7040926225094238,0.8338090707262924
2019-04-13,0.6963148038497089,0.6934027777777778,0.5997094832952895,0.6716016150740243,0.8205453392517438
2019-04-14,0.6743045738723334,0.6765012148559528,0.5997925311203319,0.6202906350914962,0.8006339144215531
2019-04-15,0.6652473046250148,0.6748785565579458,0.5998755444928439,0.5918751681463545,0.7943599493029151
2019-04-16,0.625884142677017,0.6579951439472771,0.5138946495230194,0.5882194728348574,0.7434273044029142
2019-04-17,0.6002382185279793,0.6771844660194175,0.44370723616006635,0.5767679483732187,0.7032932235592146
2019-04-18,0.5830552841056905,0.6537261698440209,0.4353233830845771,0.5736559139784946,0.6695156695156695
2019-04-19,0.5459034955619997,0.6673596673596673,0.38735751295336784,0.5038968019349637,0.625
2019-04-20,0.5398769510724843,0.6608936612400416,0.3918358889349358,0.5088662009672219,0.5979120531477381
2019-04-21,0.5534738405682067,0.6606648199445984,0.3919618810855604,0.5758796669352673,0.5853889943074004
2019-04-22,0.5631593345233405,0.6548978885427483,0.3920878210439105,0.614124597207304,0.5915270312993993
2019-04-23,0.5776304946612275,0.6470588235294117,0.47815282667218884,0.5680536912751678,0.6172566371681416
2019-04-24,0.5410017101482837,0.6475268073331027,0.3509316770186336,0.5187869028448738,0.6467614533965245
2019-04-25,0.558002676193261,0.6310511756569848,0.34257917615400535,0.5988730882747518,0.6595072646873026
2019-04-26,0.5806595566786289,0.6491531282405807,0.375,0.637607296137339,0.6608778023365961
2019-04-27,0.593383046762399,0.6727712508638563,0.44796192840885574,0.5956020380799142,0.6571969696969697
2019-04-28,0.5755159714949252,0.68566493955095,0.44807612743069924,0.5233243967828418,0.6449984222152099
2019-04-29,0.546059817905497,0.6944060773480663,0.44819027921406407,0.4384883409273653,0.6031545741324921
2019-04-30,0.5451193084209207,0.72143596824301,0.4193548387096774,0.46195069667738475,0.5777357300536109
2019-05-01,0.5457765835641077,0.7163561076604554,0.4190614016952656,0.5057594428073935,0.5419293820933165
2019-05-02,0.5387293149684779,0.7016212487064505,0.5214964861513022,0.44456347080878417,0.4872360542073747
2019-05-03,0.4372627426873862,0.7882758620689655,0.3269270510436041,0.3550200803212851,0.27882797731569
2019-05-04,0.43649487386007585,0.7793864184763875,0.43388429752066116,0.33270877944325483,0.2
2019-05-05,0.4373298486473757,0.7684355616815989,0.43400123941334434,0.3352956917313353,0.21158690176322417
2019-05-06,0.43538608851726623,0.7864278332759215,0.43411813300289137,0.29373996789727125,0.2272584198929808
2019-05-07,0.4298716720007902,0.7995867768595042,0.4154449721247161,0.2813586520460016,0.22309628697293896
2019-05-08,0.40713262284080026,0.8206540447504302,0.3137902559867878,0.2518716577540107,0.2422145328719723
2019-05-09,0.407860235279103,0.8372333103922918,0.3038183694530444,0.25233894680566693,0.2380503144654088
2019-05-10,0.42598092815168453,0.8242174062607499,0.23318200577796122,0.3126670229823624,0.33385727758566486
2019-05-11,0.4712727370083342,0.7953920220082531,0.31689704972147725,0.345711995725354,0.42708988057825265
2019-05-12,0.5162556080168852,0.8171192849776555,0.3170379537953796,0.406517094017094,0.5243480992774112
2019-05-13,0.5796764466659576,0.79553264604811,0.3171787997525263,0.5813084112149532,0.6246859296482412
2019-05-14,0.5868739529783755,0.7447612504294057,0.20804123711340206,0.6647090229578216,0.7299843014128728
2019-05-15,0.6174519894399703,0.7242445054945055,0.22696351267779835,0.7232452628769682,0.7953546767106089
2019-05-16,0.6356685497786838,0.6979059388946104,0.2739076669414674,0.7355923159018143,0.8352682773768434
2019-05-17,0.624763161278928,0.6667810569663692,0.21512466515557382,0.7514003734329154,0.8657465495608532
2019-05-18,0.6409085060827088,0.7084048027444254,0.17964565306963332,0.7906666666666666,0.8849169018501097
2019-05-19,0.6503520794286026,0.7246227709190672,0.17981462409886717,0.8104505465209277,0.8865203761755486
2019-05-20,0.6387100839808554,0.6959204662324305,0.17998352553542007,0.7977078891257996,0.8812284550297712
2019-05-21,0.6312738157939357,0.6840301576422207,0.20115297508750263,0.7689848121502798,0.8709273182957393
2019-05-22,0.6224137256762503,0.6772867420349435,0.21613832853025938,0.743740010655301,0.8524898214844974
2019-05-23,0.6594671049597909,0.7212328767123288,0.29141798724017287,0.7754993342210386,0.849718221665623
2019-05-24,0.6579670364614572,0.7014720985963712,0.3345679012345679,0.7795527156549521,0.8162754303599374
2019-05-25,0.6626154239720141,0.7114989733059549,0.43262703147500514,0.72504657971786,0.7812891113892365
2019-05-26,0.6435845708872939,0.7074923024290113,0.43274372686137397,0.6758914316125598,0.7582108226462309
2019-05-27,0.6202533217840209,0.6542407660738714,0.43286037425457535,0.6600159616919393,0.7338961851156973
2019-05-28,0.6240591728071736,0.6157264957264957,0.4329769736842105,0.7029255319148936,0.7446076899030947
2019-05-29,0.6061630215763941,0.5898838004101161,0.32929085303186023,0.7548524328636002,0.750625
2019-05-30,0.5782762553435492,0.5575674752306116,0.29921907110563095,0.7046783625730995,0.7516401124648547
2019-05-31,0.5797691257071186,0.5529371584699454,0.29278816519416473,0.6726016476215785,0.8007495315427857
2019-06-01,0.5662779240633471,0.5701604643222943,0.18364831552999183,0.6814558979808714,0.829847018420231
2019-06-02,0.5783734966447419,0.5583617747440273,0.1838159786403779,0.7192563081009297,0.8520599250936329
2019-06-03,0.5726746112399954,0.5680655066530195,0.18398357289527723,0.7105682421667552,0.8280811232449298
2019-06-04,0.5804464434510206,0.5665075034106413,0.3180045165263806,0.6418900982213963,0.7953836556456644
2019-06-05,0.5742282972740794,0.561200136379134,0.3339490968801314,0.6088110403397028,0.7929529154973496
2019-06-06,0.5823720681740966,0.5483980913428765,0.3771803816950544,0.6189970814539666,0.7849127182044888
2019-06-07,0.5741114920131632,0.5294718909710392,0.42552318424292157,0.636870026525199,0.7045808663134933
2019-06-08,0.5700002338066579,0.5252043596730245,0.45128205128205123,0.6412092283214001,0.6623052959501557
2019-06-09,0.5230256502031004,0.529451821586653,0.4513945857260049,0.4986744432661718,0.6125817502335721
2019-06-10,0.511750364855761,0.5384615384615384,0.4515070740209145,0.45242512589451367,0.6046077210460772
2019-06-11,0.5100996190975654,0.5314732902347737,0.5785157851578515,0.43243243243243246,0.49797696856520385
2019-06-12,0.4246362909221879,0.5435374149659864,0.5341258454601352,0.27894039735099335,0.3419415059116366
2019-06-13,0.4100089887229308,0.5705542332539952,0.6118852459016393,0.21716101694915255,0.24043545878693623
2019-06-14,0.38213988450935976,0.5720598232494901,0.57139930342143,0.20413026211278792,0.18097014925373134
2019-06-15,0.3806269935968439,0.6231736323479442,0.48975829578041785,0.2466913710958179,0.16288467516319552
2019-06-16,0.39481513015362635,0.6188858695652174,0.48986278926889204,0.326012172532416,0.14449968924798012
2019-06-17,0.3891075751878691,0.5928692699490662,0.48996723996724,0.3164021164021164,0.15719167443305374
2019-06-18,0.392085324649277,0.5597420230821453,0.5140225179119755,0.28246495636075114,0.21211180124223603
2019-06-19,0.4559483973831103,0.5595520868680013,0.635693819074908,0.3733474352194606,0.2552002483700714
2019-06-20,0.4628539676172889,0.5084803256445047,0.6245140167792101,0.4425059476605868,0.27591558038485414
2019-06-21,0.5163986798330111,0.5096642929806714,0.8128068739770867,0.4223044397463002,0.32081911262798635
2019-06-22,0.4944188287008592,0.4942372881355932,0.7991409286152588,0.3294583883751651,0.3548387096774194
2019-06-23,0.5321764159419364,0.47949847509318877,0.7991820040899795,0.35235076597992604,0.49767441860465117
2019-06-24,0.5685082747395599,0.46883468834688347,0.7992230627683501,0.46474782149458677,0.5412275263484191
2019-06-25,0.6180689914811246,0.465628174737555,0.830539656582175,0.6251319957761352,0.5509761388286334
2019-06-26,0.6304174887643185,0.48171970209884907,0.8070713263846311,0.6439693850620216,0.588909541511772
2019-06-27,0.6794187221882483,0.4507614213197969,0.8563547200653862,0.6725593667546174,0.7379993806131929
2019-06-28,0.6998612321828902,0.445872801082544,0.8737487231869254,0.6705354787654972,0.8092879256965945
2019-06-29,0.7164823608584433,0.45958741968211025,0.8629493464052287,0.7117616033755274,0.8316310739709069
2019-06-30,0.7055907911112707,0.4617985125084516,0.8629773330610577,0.6983917743211179,0.7991955445544554
2019-07-01,0.6899931307768469,0.42412977357215276,0.8630053082890976,0.6707959936742225,0.8020414475719146
2019-07-02,0.6662244935318158,0.41891891891891897,0.8863033272096346,0.5504611330698287,0.8092145949288806
2019-07-03,0.6547396978488969,0.41675109760216145,0.8418367346938775,0.529768177028451,0.8306027820710974
2019-07-04,0.6361596386360734,0.4291019581363943,0.7782085288716588,0.5372662628390835,0.8000618046971569
2019-07-05,0.6067203853077197,0.40296996287546405,0.7782537739698082,0.5165876777251185,0.7290701266604881
2019-07-06,0.5656849167807043,0.4224021592442645,0.7122170099938814,0.4298499605159252,0.6982705373687461
2019-07-07,0.5525654447999051,0.4172006745362563,0.7122756933115824,0.35710526315789476,0.723680148193887
2019-07-08,0.5263678222119894,0.40863115306810516,0.7123343527013252,0.27308602999210735,0.7114197530864198
2019-07-09,0.5498269166507779,0.37950792045837545,0.7203424378312271,0.3968963703314045,0.7025609379821043
2019-07-10,0.5301191768604373,0.36623989218328845,0.647034848176075,0.4125690244543781,0.6946329426280075
2019-07-11,0.5014879215659971,0.35466487032670935,0.5959657701711492,0.3183491062039958,0.7369719395621338
2019-07-12,0.5258063711257019,0.3437710437710437,0.6290486860867794,0.3421813403416557,0.7882244143033292
2019-07-13,0.5598582914226833,0.36418714237630423,0.6586558044806518,0.42275354703100365,0.7938366718027735
2019-07-14,0.5509547189061175,0.3755047106325706,0.6587253105273875,0.37168374047806674,0.7979051139864448
2019-07-15,0.5230075197098911,0.36125126135216956,0.6587947882736156,0.26785714285714285,0.8041268863566369
2019-07-16,0.5180537092127373,0.3755884330867518,0.7199267250152657,0.175899186138094,0.8008004926108374
2019-07-17,0.5055381648873173,0.3909243697478991,0.7077737077737078,0.15275590551181104,0.770698676515851
2019-07-18,0.5045092174679671,0.405241935483871,0.7428280773143439,0.14012070322749934,0.7298461538461538
2019-07-19,0.4882907609415641,0.40073899899227405,0.7327095199349064,0.11962224554039874,0.7000922792986773
2019-07-20,0.48516916371456853,0.4398925453324378,0.7144600366076876,0.07998950957251508,0.7063345633456335
2019-07-21,0.48704602689959975,0.4441087613293051,0.7145180967873119,0.09727320398531725,0.6922840454964648
2019-07-22,0.4795139440729763,0.4442953020134228,0.7145761333604391,0.11874180865006553,0.6404425322679779
2019-07-23,0.38578275482810553,0.4669573968466958,0.4512195121951219,0.11189727463312368,0.5130568356374808
2019-07-24,0.35691830805699976,0.4859154929577465,0.4043893517577728,0.07545192559601782,0.4619164619164619
2019-07-25,0.33592639291091764,0.49178679182031515,0.38134904510361645,0.059455212152959666,0.4111145225667793
2019-07-26,0.3058150091524294,0.4956434316353887,0.3703026609790778,0.06572401152134066,0.29158993247391035
2019-07-27,0.26179423522634143,0.5822445561139029,0.30300568643379366,0.05575916230366492,0.1061675360540043
2019-07-28,0.2521855049905982,0.608171466845278,0.3031472081218274,0.045276105731483905,0.05214723926380368
2019-07-29,0.24492006749913167,0.5995982591228657,0.3032886723507917,0.038461538461538464,0.03833180006133088
2019-07-30,0.24717188052078862,0.6020749665327978,0.3125634260198904,0.040020925974365684,0.034028203556100554
2019-07-31,0.2564677292061059,0.6550685848109736,0.294237012987013,0.0502092050209205,0.026356114005516396
2019-08-01,0.2740933029982702,0.6695652173913044,0.3432744978697505,0.06300653594771242,0.020526960784313725
2019-08-02,0.25565267079547027,0.6763624205951186,0.26409736308316434,0.06377417668583377,0.018376722817764167
2019-08-03,0.24934119965692478,0.6504010695187166,0.2362603934293247,0.08100339691664489,0.02969993876301286
2019-08-04,0.2622943760440928,0.6759104577347144,0.23641524736415243,0.09430512016718913,0.04254667891031527
2019-08-05,0.2633122214021815,0.633934535738143,0.2365700385161159,0.12797074954296161,0.05477356181150551
2019-08-06,0.27588690365877055,0.6207011686143573,0.2219294689906769,0.16945169712793734,0.09146527990211074
2019-08-07,0.31263902250680964,0.6802403204272363,0.1908814589665654,0.21613155833985903,0.163302752293578
2019-08-08,0.3541866398263038,0.7827827827827828,0.1865883306320908,0.22573068893528184,0.2216447569550596
2019-08-09,0.3917304965308135,0.7925283522348232,0.23597326311525213,0.2768066788416384,0.2616136919315403
2019-08-10,0.39007786095950103,0.8106035345115038,0.20028351559335766,0.30255607720396455,0.24686831652917812
2019-08-11,0.3964437732746544,0.8256666666666667,0.20044543429844097,0.31134289439374185,0.24832009773976788
2019-08-12,0.3782326384203527,0.8010663112295902,0.2006072874493927,0.26850886339937435,0.24274809160305344
2019-08-13,0.33365562724104064,0.7888074616922052,0.14531471362072457,0.21918165233255146,0.1813186813186813
2019-08-14,0.3215267232023643,0.8001998001998002,0.13739376770538247,0.22980719124544033,0.1187061336588343
2019-08-15,0.3172396855984531,0.7926098535286286,0.134129071414121,0.23209169054441262,0.1101281269066504
2019-08-16,0.3106759680743641,0.8089850249584026,0.10699838187702271,0.20442708333333334,0.12229338212869777
2019-08-17,0.32094670505512113,0.7920825016633399,0.11809908998988883,0.20958083832335328,0.16402439024390245
2019-08-18,0.3242569134523477,0.8124376454938477,0.11827739587545494,0.2105674128058303,0.15574519963425784
2019-08-19,0.3320111665788563,0.7972074468085106,0.11845562967455026,0.2612542284673432,0.15112736136502133
2019-08-20,0.3360437139557593,0.8095712861415753,0.09417946645109132,0.26040582726326744,0.18001827596710326
2019-08-21,0.33574197999313854,0.8156146179401993,0.1064861588199636,0.22080624187256176,0.20006090133982948
2019-08-22,0.364779171210466,0.8263035536366655,0.16181818181818186,0.25273010920436817,0.2182648401826484
2019-08-23,0.3794123478985199,0.8087649402390438,0.1298727529791961,0.3571614244866129,0.221850273889227
2019-08-24,0.3949623606746989,0.8048456687686691,0.14579967689822293,0.4132016632016632,0.21600243383024034
2019-08-25,0.42895009017528,0.7996018579960186,0.14597213809812237,0.48038451545856065,0.2898418491484185
2019-08-26,0.43313186237867607,0.7694859038142621,0.14614452967299152,0.4620779220779221,0.3548190939495287
2019-08-27,0.4585845183573203,0.7397214854111406,0.12896064581231081,0.5650480394702675,0.4006079027355623
2019-08-28,0.46772090185195286,0.7378190255220418,0.12469733656174331,0.5765835929387332,0.4317836523852932
2019-08-29,0.45979125139576105,0.7581179589131876,0.11398022997780921,0.5123280560602128,0.45473876063183477
2019-08-30,0.4503639549985747,0.7711162636634648,0.09217426381605487,0.44317592112091336,0.4949893713938658
2019-08-31,0.4523710604450243,0.8006622516556291,0.13450292397660824,0.3743190661478599,0.5
2019-09-01,0.4316797631621159,0.8017212843429328,0.13467741935483868,0.31353734439834025,0.47678300455235206
2019-09-02,0.42966381548866034,0.8113831899404368,0.13485184438621245,0.33886440238527354,0.43355582524271846
2019-09-03,0.4187409285115694,0.8035064505458154,0.13502619911326075,0.30300673924313115,0.43342432514407037
2019-09-04,0.41898882480644123,0.7863756613756614,0.1313721539391497,0.30914744752526563,0.4490600363856883
2019-09-05,0.43412055366575286,0.8003305785123966,0.2939161966156325,0.29637305699481864,0.34586238254016366
2019-09-06,0.3839528112696904,0.6982815598149372,0.3468277945619336,0.25433825433825435,0.23636363636363636
2019-09-07,0.3980917732525616,0.6475057813016187,0.43314538864277086,0.2581563956499223,0.25355952741593457
2019-09-08,0.3949086756897656,0.6515852047556143,0.4332595127843769,0.24100440072482526,0.25378558449424593
2019-09-09,0.3985684511739862,0.6563222185539782,0.43337359098228667,0.2484472049689441,0.2561307901907357
2019-09-10,0.3777375706057361,0.6151815181518152,0.38840813040853295,0.2703751617076326,0.23698547215496368
2019-09-11,0.3745923675028834,0.6235565819861432,0.38108651911468816,0.289187790998448,0.20453857791225416
2019-09-12,0.4174571136330462,0.6286279683377309,0.3932810299738483,0.3974657357124386,0.25045372050816694
2019-09-13,0.4472088274404345,0.613913616880976,0.4772727272727273,0.39193381592554294,0.3057151496824917
2019-09-14,0.46075908547112326,0.6110744891232696,0.5734968831691132,0.423882140087878,0.23458282950423218
2019-09-15,0.46851217888077346,0.5996705107084019,0.5735826296743064,0.5170542635658915,0.1837413115744938
2019-09-16,0.4670709429884482,0.6169301712779973,0.5736683417085426,0.5362955308705761,0.14138972809667674
2019-09-17,0.46371606260602277,0.6154099440237076,0.5462218649517685,0.56275826446281,0.13047417698580488
2019-09-18,0.4557994197902152,0.6135615536537196,0.5218002812939522,0.5595145881745417,0.12832125603864733
2019-09-19,0.4702778495949447,0.604475156301415,0.597026918441141,0.5694372741352607,0.11017204950196197
2019-09-20,0.4879700617581161,0.6078947368421053,0.5653745732074713,0.6304516129032258,0.14815932407966204
2019-09-21,0.46551000828225175,0.5945412693193028,0.4991967871485944,0.5990712074303406,0.16923076923076924
2019-09-22,0.45617144890283773,0.5907297830374754,0.4992973298534431,0.5220531338663915,0.212605548854041
2019-09-23,0.46928802334813613,0.5915215248110417,0.4993978321959053,0.4992264053635895,0.28700633102200784
2019-09-24,0.44803520740534325,0.5867279894875164,0.5141481035520771,0.38927558649136373,0.30198915009041594
2019-09-25,0.4806450749214066,0.5178981937602627,0.517255216693419,0.43427835051546393,0.45314853871648086
2019-09-26,0.4657640250835842,0.5101772816808929,0.5047141424272819,0.36202009791290907,0.48614457831325303
2019-09-27,0.4713388368611684,0.5027896291434197,0.5072202166064982,0.37429160226687275,0.5010538994278831
2019-09-28,0.49430968714602097,0.506233595800525,0.5349909765390014,0.40741694566057174,0.5285972305839856
2019-09-29,0.5037332301359516,0.49426041325024594,0.535084202085004,0.4472193614830072,0.5383689437255492
2019-09-30,0.507520245424558,0.4826229508196721,0.5351773902585688,0.45842985842985845,0.5538507821901324
2019-10-01,0.5344079666013144,0.48115372009177315,0.52625250501002,0.5365414307771488,0.5936842105263158
2019-10-02,0.5011806986898729,0.4891874180865007,0.5467842115808454,0.4383843581167996,0.5303668069753458
2019-10-03,0.4972086068905138,0.5057320668195218,0.5803285256410257,0.41795267489711935,0.4848211602043883
2019-10-04,0.4381565782713203,0.5324165029469548,0.503705187262167,0.3502185651838519,0.3662860576923077
2019-10-05,0.421161424752293,0.5400981996726677,0.48818582298758506,0.31902313624678663,0.33733854010213277
2019-10-06,0.42864984550645585,0.5667539267015707,0.4882882882882883,0.32562323310203034,0.33393393393393395
2019-10-07,0.4044448263780671,0.5642787046123651,0.48839071257005606,0.29522096608427545,0.2698889222455719
2019-10-08,0.37472624636441565,0.5696533682145193,0.41705023013808284,0.27690726945800154,0.23529411764705882
2019-10-09,0.3493190145144447,0.5603138280483818,0.3719487795118047,0.2657935285053929,0.19921992199219923
2019-10-10,0.3672726988859921,0.5892156862745098,0.3854770954190838,0.24184852374839538,0.2525494901019796
2019-10-11,0.41246513877250046,0.576608951323097,0.5087999999999999,0.25410677618069816,0.3103448275862069
2019-10-12,0.4280616250302699,0.5917700849118224,0.5046990601879624,0.2455735180908391,0.3702038369304556
2019-10-13,0.42542849803474336,0.6069213189683317,0.504798080767693,0.21780400205233452,0.3721905903506143
2019-10-14,0.4415243511639232,0.595626631853786,0.5048970617629422,0.22159528084124133,0.4439784301977232
2019-10-15,0.4303903454738857,0.5944535073409462,0.5049960031974421,0.19923076923076924,0.42288110212638513
2019-10-16,0.431252045924386,0.5834964122635355,0.49130869130869126,0.2019994873109459,0.4482035928143713
2019-10-17,0.4578731301829716,0.5908053472448647,0.5908909308829404,0.20861096873398258,0.44118527387009876
2019-10-18,0.46735626353470455,0.5655149934810952,0.6716596764529659,0.21393799641301564,0.41831238779174146
2019-10-19,0.4611636181134109,0.5839035516454871,0.7010782747603834,0.17827868852459017,0.3813939575231828
2019-10-20,0.4525434854452137,0.5713355048859935,0.7011379516869635,0.20486555697823303,0.3328349282296651
2019-10-21,0.45532697150649426,0.574405731032237,0.7011976047904191,0.2060931899641577,0.33961136023916294
2019-10-22,0.46322316948251735,0.5247395833333333,0.741169427260028,0.23342718198105963,0.35355648535564854
2019-10-23,0.463707434575017,0.5333550276602668,0.7663607342378292,0.22287615148413512,0.3322378249178369
2019-10-24,0.4841955310398339,0.533181522446324,0.7733891881109116,0.24251726784343822,0.3876941457586619
2019-10-25,0.4566808617629783,0.6178861788617886,0.7465097726366174,0.21508951406649615,0.24723798148701104
2019-10-26,0.5139030473605303,0.6196358907672301,0.8281156530408773,0.2917412426489389,0.3161194029850746
2019-10-27,0.5805623432033326,0.5888852778680533,0.8281499202551834,0.35940695296523517,0.5458072217248583
2019-10-28,0.6004812006960459,0.5646523716699156,0.8281841738090492,0.41093789930999236,0.5981503579952268
2019-10-29,0.6141093290478372,0.5560246833387463,0.8505380629732961,0.41492079713847724,0.6349537727408291
2019-10-30,0.6256478527358765,0.5467532467532468,0.8531579996015143,0.4395913154533844,0.6630888491353608
2019-10-31,0.619718837687158,0.557611165206102,0.8591633466135458,0.41470888661899896,0.6473919523099851
2019-11-01,0.6613453668007465,0.5343932511356262,0.8908583947420833,0.47102374266019914,0.7491060786650775
2019-11-02,0.6831778424329649,0.5335711968861498,0.9086021505376344,0.5163348647269015,0.7742031575811736
2019-11-03,0.6504147510609655,0.5298313878080415,0.90862034640653,0.4562388364378668,0.7069684335914235
2019-11-04,0.6407396664441112,0.526742301458671,0.9086385350318471,0.4660714285714286,0.6615064007144984
2019-11-05,0.618208404867495,0.5252754374594946,0.8614925373134328,0.4560061208875287,0.6300595238095238
2019-11-06,0.6028812250143676,0.5170068027210885,0.7992439315559092,0.4969403365629781,0.5983338292174948
2019-11-07,0.6167289288542303,0.5055051813471503,0.8056494927392083,0.5799133316339536,0.5758477096966091
2019-11-08,0.6391262122318249,0.5101974749109744,0.8361177406523469,0.641946992864424,0.568242640499554
2019-11-09,0.6210187852106579,0.5527508090614887,0.786438655796381,0.6160509554140128,0.5288347205707491
2019-11-10,0.6224261699714033,0.5626010999676481,0.7864811133200795,0.6377992868059094,0.5028231797919762
2019-11-11,0.6080463465166587,0.5459249676584734,0.7865235539654144,0.6208301502419149,0.47890671420083186
2019-11-12,0.6066259103802459,0.5412221144519884,0.7865659777424483,0.6267820773930753,0.47193347193347196
2019-11-13,0.5599799501931162,0.5316742081447964,0.6630240413272401,0.5716467294476966,0.4735748218527316
2019-11-14,0.5164514259319057,0.5247172859450727,0.4928486293206198,0.5463104325699746,0.5019293558919561
2019-11-15,0.514100288027301,0.5381136950904393,0.5000993048659385,0.514627321292292,0.5035608308605342
2019-11-16,0.5382985169507558,0.5450435905715209,0.545869737887212,0.5277212614445574,0.534559477899733
2019-11-17,0.5499949116925499,0.5852162685603615,0.5459598967639467,0.5062293414696161,0.5625741399762753
2019-11-18,0.5602637543203883,0.5656663439819296,0.5460500198491465,0.5449923741738688,0.5843462792766083
2019-11-19,0.5256888358696862,0.5474193548387096,0.47370510021829726,0.4947903430749682,0.5868405453467694
2019-11-20,0.5326639448780546,0.5485327313769752,0.41626984126984123,0.586890243902439,0.578962962962963
2019-11-21,0.5163844238295658,0.6166989039329465,0.3415988891093037,0.5293370586741174,0.5779028436018957
2019-11-22,0.5291491170342395,0.602320335159523,0.3488694962316541,0.5497714575926866,0.6156351791530945
2019-11-23,0.5348806239178979,0.6124355670103092,0.32579813603014074,0.5562325463315563,0.6450562462995856
2019-11-24,0.5439419522667793,0.6135265700483092,0.32593180015860423,0.5713197969543147,0.6649896419058893
2019-11-25,0.5024326069961627,0.6313586606567934,0.3260654112983151,0.469170261354986,0.5831360946745562
2019-11-26,0.44803206421916053,0.6562600579336981,0.3206500198176774,0.3845763571790969,0.4306418219461698
2019-11-27,0.41238486315527445,0.6637709137709138,0.306320586487022,0.32817651534364695,0.3512714370195151
2019-11-28,0.42349177491043194,0.672885172081055,0.2844690966719493,0.39579107505070993,0.3408217558380136
2019-11-29,0.4000264852100736,0.6784565916398714,0.2846108140225787,0.3427122940430925,0.29432624113475175
2019-11-30,0.37795719669880523,0.689810350369656,0.27801980198019804,0.31829700963000507,0.22570162481536188
2019-12-01,0.37540974641258756,0.7098329048843188,0.278162740051475,0.31872308082087664,0.19492025989367986
2019-12-02,0.3887410538503128,0.7153870864118215,0.27830562153602534,0.3421985815602837,0.21907292589312075
2019-12-03,0.43928779112663374,0.6563904945407836,0.33801701959232144,0.4649278298303368,0.29781582054309325
2019-12-04,0.4430306201474761,0.6664526484751203,0.3064899089829838,0.43240506329113926,0.36677485984066094
2019-12-05,0.45190590482862847,0.6819640564826701,0.3084075173095945,0.39129334345735256,0.4259587020648968
2019-12-06,0.4840786904450719,0.697144690407443,0.396756329113924,0.375,0.4674137422589207
2019-12-07,0.4865015482071141,0.7228992944194996,0.4150682222661657,0.3103971667088287,0.49764150943396224
2019-12-08,0.4810000225426989,0.7277973709522283,0.4151838671411625,0.25847243297926153,0.5225464190981433
2019-12-09,0.4677963654060623,0.6862179487179487,0.4152994662976873,0.27762326169405815,0.4920447849145551
2019-12-10,0.476190654361628,0.6735020826658122,0.4488142292490118,0.27022244691607683,0.5122238586156111
2019-12-11,0.4880660534496428,0.6579115951313261,0.46828689982216953,0.3078089461713419,0.5182567726737338
2019-12-12,0.5101019008913235,0.670509125840538,0.5468194389569341,0.3547246083880748,0.46835443037974683
2019-12-13,0.5534272949448473,0.6859795134443022,0.6679834090460202,0.4038898711795908,0.45585638610947615
2019-12-14,0.5842991230298661,0.69888,0.7567140600315956,0.4535353535353535,0.42806707855251547
2019-12-15,0.5863191887560657,0.6999360204734485,0.7567620927936821,0.4756374652865438,0.41294117647058826
2019-12-16,0.589331523075969,0.6993923888711224,0.7568101065929728,0.4871277132761232,0.41399588356365774
2019-12-17,0.5916868207274386,0.6889386189258312,0.7736333135977896,0.5008831693161746,0.40329218106995884
2019-12-18,0.5893293788535077,0.6791307126877597,0.7083662194159432,0.54313824419778,0.42668233911254777
2019-12-19,0.5943599560903345,0.6782747603833865,0.6656145196291181,0.5379571248423708,0.49559341950646296
2019-12-20,0.5879770358813876,0.6700734589587991,0.7207100591715976,0.4462934947049924,0.5148311306901615
2019-12-21,0.5920095433094861,0.6609195402298851,0.7414711102346677,0.44920594907990924,0.5164415736934821
2019-12-22,0.5689920759706292,0.6623045004787743,0.7415220820189274,0.4075100806451613,0.46463164073965363
2019-12-23,0.5291914811083182,0.6384811742182515,0.7415730337078652,0.35701688082640465,0.3796948356807512
2019-12-24,0.5065175291315263,0.6242424242424243,0.7197477335435554,0.3133501259445844,0.3687298327955412
2019-12-25,0.477678152430321,0.6476403061224489,0.7198029556650246,0.2236212540921682,0.3196480938416422
2019-12-26,0.4314840394674422,0.6646477526299012,0.7198581560283688,0.16289023162134944,0.1785400175901495
2019-12-27,0.43647379497957467,0.6647546207775653,0.7809730155603702,0.15655675811729172,0.14361078546307152
2019-12-28,0.44437222710749014,0.6600828289264097,0.8629381646317448,0.138147961751384,0.11631995312042191
2019-12-29,0.44683377589089057,0.6439490445859872,0.8629651506202008,0.15622641509433963,0.12419449326303457
2019-12-30,0.45223878798885564,0.6246418338108882,0.8629921259842519,0.16700201207243462,0.15431918008784773
2019-12-31,0.4505173328761162,0.6158497772119669,0.8992324345601259,0.16872014080965553,0.11826697892271663
2020-01-01,0.4516492248665189,0.6201081769010499,0.9279811097992916,0.16163901458019106,0.09686859818554287
2020-01-02,0.4677668332241211,0.6727099236641221,0.92799527837891,0.14777582307112339,0.12258630778232885
2020-01-03,0.45181750321963,0.6168521462639109,0.9012588512981904,0.1592964824120603,0.129862532904358
2020-01-04,0.4612296946356128,0.6026700572155117,0.8861356932153392,0.17307209243908567,0.18304093567251462
2020-01-05,0.4537966183748952,0.5846838258659041,0.886158081006685,0.16398794575590156,0.18035662087109033
2020-01-06,0.4537913806725145,0.5781448538754765,0.8861804599960684,0.16118503640472007,0.1896551724137931
2020-01-07,0.46733109537464557,0.5801841854557002,0.8806996855345912,0.16917670682730923,0.2392638036809816
2020-01-08,0.4912062140359662,0.5634920634920635,0.8239339752407153,0.2085319949811794,0.36886682242990654
2020-01-09,0.5274504564964695,0.5595049190733101,0.7744597249508841,0.28299046663321625,0.49284671532846713
2020-01-10,0.5407173574550004,0.5691624365482233,0.7835395796503634,0.3072485578128919,0.502918855808523
2020-01-11,0.5628616294401305,0.5680304471931494,0.7751374705420266,0.3392678034102307,0.5690107966151152
2020-01-12,0.5846422243542697,0.5729232720355104,0.7751816218338896,0.37377788919528704,0.6166861143523921
2020-01-13,0.5938216280575673,0.5762282091917591,0.7752257557911268,0.3659147869674185,0.657917760279965
2020-01-14,0.5883133741611786,0.5690747782002534,0.768792934249264,0.3658231019794538,0.6495626822157434
2020-01-15,0.5872294325232923,0.5169464681659803,0.7515698587127159,0.3692384769539078,0.7111629262605654
2020-01-16,0.5838149739411337,0.512349588347055,0.7145379635079459,0.38692712246431255,0.7214452214452215
2020-01-17,0.5592700364293269,0.5321304210193099,0.6618281679089839,0.3172258387581372,0.7258957180308768
2020-01-18,0.5390732838422598,0.5594936708860759,0.6136497352422043,0.3081351689612015,0.6750145602795574
2020-01-19,0.5378607735885739,0.5656437836127808,0.6137254901960785,0.31181181181181183,0.6602620087336245
2020-01-20,0.5625057855692606,0.5692599620493359,0.6138012154479514,0.36527395546659996,0.7016880093131548
2020-01-21,0.5779881343798425,0.5760354094214353,0.6138769110152882,0.3966983491745873,0.7253418679080593
2020-01-22,0.5440503843678308,0.5815423514538558,0.5839702135998432,0.37834458614653665,0.6323443862710878
2020-01-23,0.5436844157553351,0.6120063191153239,0.6005094043887147,0.41875,0.5434719395173015
2020-01-24,0.5600487076467922,0.591282375236892,0.5073457394711067,0.5936015996001,0.5479651162790697
2020-01-25,0.6016703809754883,0.6008841174613199,0.5442616529573051,0.6881559220389805,0.5733798314443476
2020-01-26,0.6117259248112856,0.6063762626262627,0.5443508909340121,0.7247064701473894,0.5714700755374782
2020-01-27,0.5789078367885835,0.594509308930262,0.5444400939702427,0.6910589410589411,0.48562300319488816
2020-01-28,0.5705513623843463,0.5977917981072556,0.49716187120767275,0.682896379525593,0.5043554006968641
2020-01-29,0.5839426193675097,0.5468306527909177,0.4727984344422701,0.7056914628057913,0.6104499274310595
2020-01-30,0.584653535740381,0.5186002522068096,0.3995304245744473,0.6987771400049912,0.7217063261752756
2020-01-31,0.5768506915978411,0.5089820359281437,0.323943661971831,0.687125748502994,0.7873513199883957
2020-02-01,0.5877381340325135,0.5368620037807184,0.2871112849599061,0.7094038413569469,0.8175754060324826
2020-02-02,0.6078129257684984,0.5823622047244095,0.2872506843957763,0.7306733167082294,0.8309654972455784
2020-02-03,0.6184136579246392,0.5869017632241813,0.28739002932551316,0.781101969583645,0.8182608695652174
2020-02-04,0.6242919532027552,0.5920679886685553,0.2730648944487881,0.8125623130608175,0.8194726166328601
2020-02-05,0.6222038182790957,0.5799244808055382,0.3072112565956615,0.8021430351358086,0.7995365005793743
2020-02-06,0.6111570230484604,0.5608681975463983,0.289957014458773,0.8139013452914798,0.7799015348971908
2020-02-07,0.591745996335226,0.5682389937106918,0.2979097479976558,0.7863013698630137,0.7145338737695426
2020-02-08,0.541037635875402,0.5784344545740333,0.23417968749999996,0.7405378486055777,0.6109985528219971
2020-02-09,0.5367191042805908,0.6074795725958517,0.2343292325717633,0.6910629823251182,0.6140046296296297
2020-02-10,0.5248146718283584,0.5849827207037386,0.23447871925029284,0.6572921851667496,0.6225050621926526
2020-02-11,0.49510104558037715,0.5643844221105527,0.24106968573101695,0.5526250311022642,0.6223250433776749
2020-02-12,0.5128843793969318,0.5262166405023547,0.25195160031225605,0.6246268656716418,0.6487424111014745
2020-02-13,0.5237099520943582,0.5131826741996234,0.25834146341463415,0.6351653817458344,0.688150289017341
2020-02-14,0.5152876831530017,0.5469093191088799,0.23312524385485756,0.6168572849328692,0.6642588847154002
2020-02-15,0.5028085578115364,0.5649309912170639,0.21923151940706065,0.550584141188168,0.6764875794338533
2020-02-16,0.5125095243151432,0.5537786139855754,0.21938377535101405,0.5849900596421471,0.6918856482818365
2020-02-17,0.5100931251093341,0.5445141065830721,0.2195359719243517,0.5843478260869566,0.6919745958429562
2020-02-18,0.5183059192352005,0.5343152616734566,0.21968810916179338,0.6130153999006458,0.7062049062049062
2020-02-19,0.48596515495092396,0.5397869674185464,0.19820697719742741,0.5373727340451949,0.6684939411425274
2020-02-20,0.4670891773501191,0.5436893203883495,0.18004676539360875,0.4930486593843098,0.6515719642342083
2020-02-21,0.48292414184453314,0.5638697557921102,0.13481394895772447,0.5256887565152644,0.7073241061130334
2020-02-22,0.5091818958164379,0.5774647887323944,0.16497857421114137,0.5349875930521092,0.7592966272701066
2020-02-23,0.48145196051453587,0.5763454317897372,0.16514118792599808,0.4534854874720913,0.730835734870317
2020-02-24,0.48583476858990016,0.5699092899593369,0.16530373831775702,0.4556051587301587,0.752520887352348
2020-02-25,0.484217121150988,0.5691056910569106,0.16313023165271556,0.43763947433672207,0.7669930875576036
2020-02-26,0.5124376576311801,0.5951859956236324,0.18664850136239786,0.4608329201784829,0.8070832133602073
2020-02-27,0.5154395834391938,0.59125,0.2004280988519167,0.46121437422552664,0.8088658606793322
2020-02-28,0.5098798219692616,0.6485473289597001,0.19396887159533072,0.4321110009910803,0.7648920863309353
2020-02-29,0.5038239827975319,0.6905059337913804,0.15055436685469747,0.4409214763438197,0.7333141542002302
2020-03-01,0.5061265182700077,0.6918513893225102,0.15071956437183975,0.46953937592867756,0.7123957434570032
2020-03-02,0.49614866223487636,0.66916354556804,0.15088469764728762,0.4736320871502847,0.6909143185738931
2020-03-03,0.5281024157866474,0.6692667706708268,0.30151632970451014,0.4693069306930693,0.6723196320781833
2020-03-04,0.5228405577333322,0.6759201497192764,0.34985422740524785,0.42736946300420686,0.6382183908045977
2020-03-05,0.5121370404695706,0.7146866230121609,0.3740769529731831,0.38322612568035624,0.5765584602125826
2020-03-06,0.5206501678786213,0.7378428927680798,0.3267923061977851,0.42146920603512245,0.596496266513498
2020-03-07,0.5356252809016582,0.7990028046120287,0.3653846153846154,0.4050445103857567,0.573069193224232
2020-03-08,0.5369178943116611,0.8046728971962617,0.36550786560497184,0.4071693448702101,0.5703214695752009
2020-03-09,0.5264488099486818,0.8037994394269699,0.36563106796116507,0.33292140385565994,0.6034433285509325
2020-03-10,0.5025901073109309,0.7565379825653799,0.29722384003106195,0.34099332839140106,0.6156052782558806
2020-03-11,0.48172744295104053,0.7566137566137566,0.23524844720496896,0.32707509881422925,0.6079724691712074
2020-03-12,0.4741524478910009,0.7570006222775358,0.19095672423830778,0.35490244504816004,0.59375
2020-03-13,0.43631647101543647,0.6600311041990669,0.02871556072953041,0.35259259259259257,0.703926626540556
2020-03-14,0.44310188678031326,0.6138059701492538,0.027352085354025224,0.3421377437669711,0.7891117478510029
2020-03-15,0.44201664062868434,0.5949642524090768,0.027540729247478635,0.36870681145113526,0.7768547694070467
2020-03-16,0.4504428852175962,0.5854568054692355,0.027729299980608912,0.42684431285467556,0.7617411225658648
2020-03-17,0.43487045954454484,0.6135445790618204,0.020356727413726294,0.3586581154415392,0.7469224162610936
2020-03-18,0.4293121521981816,0.6180124223602484,0.0071719325450668725,0.35709001233045623,0.7349742415569548
2020-03-19,0.4203476072604076,0.6873641726171996,0.0040697674418604946,0.26577909270216965,0.7241773962804006
2020-03-20,0.39776258981050916,0.7160148975791434,0.002325130788606855,0.2228247473502588,0.6498855835240275
2020-03-21,0.3685001754574797,0.6794911573068569,0.0034870205346765326,0.21710202069985216,0.5739205032885331
2020-03-22,0.3682001982670138,0.6861042183622829,0.003680030989734684,0.1889627987188963,0.5940537449971413
2020-03-23,0.3564142461739357,0.6462015503875969,0.0038729666924864903,0.16798029556650246,0.6076021720491569
2020-03-24,0.3670590363672305,0.661810291382517,0.0019361084220715918,0.17163260280719034,0.6328571428571429
2020-03-25,0.3859773598005357,0.6991013325069724,0.0027100271002710175,0.172575086164451,0.6695229934304484
2020-03-26,0.3982790797919274,0.7329615861214374,0.005419005225469342,0.1617031749938469,0.693032552826956
2020-03-27,0.4021267516049132,0.7039331062248374,0.014125386996904021,0.2312992125984252,0.6591493005994862
2020-03-28,0.3952519965094172,0.7321981424148607,0.014122654285161573,0.2696186961869619,0.565068493150685
2020-03-29,0.38706589733068864,0.7363045496750232,0.014313346228239876,0.2606984751598623,0.5369472182596291
2020-03-30,0.36486098632931635,0.6970915841584158,0.014503964416940685,0.2621096631423654,0.4857387335995436
2020-03-31,0.36116017233390824,0.6897618311166099,0.010054137664346485,0.3028515240904621,0.4419731964642144
2020-04-01,0.35252103725085293,0.7136672850958565,0.009472259810554773,0.32120914229540426,0.36573546180159633
2020-04-02,0.37677674400126515,0.7316846986089645,0.005798221878623888,0.4285012285012285,0.34112282701624397
2020-04-03,0.36036726552474907,0.7160074165636588,0.007536231884057942,0.30852370424957015,0.4094017094017094
2020-04-04,0.35917500949623765,0.6950880444856349,0.00502318392581147,0.24926326129666013,0.4873255482768442
2020-04-05,0.36228542583495404,0.6939468807906115,0.005215375700212466,0.25681315983304687,0.49316628701594534
2020-04-06,0.3532116282019,0.6600802716887928,0.0054074932406334986,0.24693176239567993,0.5004269854824936
2020-04-07,0.35859889906925424,0.6617283950617283,0.0061787989959452005,0.2505521472392638,0.5159362549800797
2020-04-08,0.3735823822873249,0.6609071274298056,0.010231660231660222,0.31280667320902844,0.5103840682788051
2020-04-09,0.36800147916449,0.702961135101789,0.012931866435051176,0.2896737797400049,0.4664391353811149
2020-04-10,0.3695905463745543,0.7755164970706137,0.032419915090698526,0.2729279058361942,0.3974978675007108
2020-04-11,0.42911526544216666,0.7999383477188656,0.20528651360216088,0.33488600147094877,0.3763501989766913
2020-04-12,0.386510317555057,0.8690292758089369,0.20543981481481477,0.2629901960784314,0.2085819835180449
2020-04-13,0.3725767862493228,0.8860135551447936,0.20559305689488905,0.2790982602303357,0.11960227272727272
2020-04-14,0.3445257311954347,0.8986757006467508,0.1490551484766679,0.23664870161685447,0.0937233740414655
2020-04-15,0.36941341881385265,0.9020935960591133,0.2857142857142857,0.2106294391378888,0.07921635434412266
2020-04-16,0.418722029884053,0.8925823330255463,0.39456437933693134,0.3190499510284035,0.06869145614533069
2020-04-17,0.5179045314982615,0.8855384615384615,0.6588938138369629,0.44063647490820074,0.08654937570942112
2020-04-18,0.6034579393576954,0.8834204860043063,0.8934489402697495,0.5663240332843857,0.07063829787234042
2020-04-19,0.652943504752614,0.8730012300123001,0.8934694663841264,0.742353804746758,0.10294951786727169
2020-04-20,0.6747235623761267,0.879188441438672,0.8934899845916795,0.7847358121330724,0.14148001134108307
2020-04-21,0.6752178252069265,0.8761524277811924,0.8526863084922011,0.8229395940327708,0.14909297052154194
2020-04-22,0.6863770416476234,0.8798771121351766,0.8952637658837119,0.828117359413203,0.14224992915840182
2020-04-23,0.6657017420117598,0.8811425061425061,0.8134744947064485,0.8169151796626741,0.15127478753541077
2020-04-24,0.6375388115034286,0.8615290144304575,0.7267128560431101,0.8279569892473119,0.13395638629283488
2020-04-25,0.5105401967212386,0.8606507059545734,0.199538195112565,0.8389934033716101,0.14297848244620612
2020-04-26,0.5157794080908988,0.86314820497085,0.19969218930357835,0.8075232046897899,0.1927540333993773
2020-04-27,0.532529757036149,0.8598159509202454,0.1998461242546643,0.7914529914529914,0.279003961516695
2020-04-28,0.546007488150839,0.8518859245630175,0.2386538461538461,0.80126953125,0.2922206506364922
2020-04-29,0.6252442653487623,0.8608215818516247,0.4858681022880216,0.8171833048572126,0.33710407239819007
2020-04-30,0.6612102788155576,0.8602513024823781,0.4519415609381008,0.8189360663738409,0.5137121854679106
2020-05-01,0.7835681356977025,0.8532475490196079,0.7981933499903902,0.8070261039277873,0.6758055398530243
2020-05-02,0.7322932608788606,0.8422664624808576,0.6026133743274404,0.7595121951219512,0.7247810115851936
2020-05-03,0.7378104260086717,0.8432333129210043,0.60268972142171,0.8149231894659839,0.6903954802259887
2020-05-04,0.7442490963639972,0.8288950107131925,0.6027660391855552,0.841296928327645,0.7040384072295962
2020-05-05,0.7912221324512643,0.8362913096695226,0.7553293643172652,0.8386546429441872,0.7346132128740824
2020-05-06,0.7998028624118763,0.8231875191189966,0.7824500768049155,0.8430799220272904,0.7504939316963025
2020-05-07,0.6909786770040436,0.8244648318042813,0.4075638318295258,0.8484774665042631,0.6834085778781038
2020-05-08,0.6867159175395705,0.7960868236013452,0.5236084452975047,0.8390160740379932,0.5881523272214386
2020-05-09,0.6771163873582329,0.78239608801956,0.4880061408558818,0.8478207937667397,0.5902425267907502
2020-05-10,0.6798133038982823,0.7302169263672471,0.4881043745203377,0.8488315481986368,0.6521003665069073
2020-05-11,0.6873282756788938,0.7193036041539401,0.4882025704968348,0.84789486493064,0.6939120631341601
2020-05-12,0.6574107545186965,0.7322137404580153,0.30418105101649406,0.8637469586374696,0.7295012679628065
2020-05-13,0.6892355574577401,0.7780830280830281,0.4028763183125599,0.8596448552663586,0.716338028169014
2020-05-14,0.6472217960129476,0.7619774183704608,0.24635736196319014,0.8475194552529183,0.733032948465221
2020-05-15,0.6843279994744431,0.7400854179377669,0.39812152578110027,0.8448820812059324,0.754222972972973
2020-05-16,0.7152239226291355,0.7981091796279354,0.4733614411651974,0.815994166261546,0.7734309034618632
2020-05-17,0.6937444855555144,0.8109756097560976,0.47346234910902474,0.7800729040097205,0.7104670793472144
2020-05-18,0.6605639654822644,0.7637915269734836,0.4735632183908046,0.7193877551020408,0.6855133614627286
2020-05-19,0.6371257605980045,0.7632541133455211,0.51944072016855,0.634199659946563,0.6316085489313836
2020-05-20,0.6519194461711582,0.7806883947608895,0.6242818843355036,0.5560951918406993,0.64661231374754
2020-05-21,0.698513708105535,0.7804506699147381,0.8527666092284127,0.5146880310755038,0.6461495222034851
2020-05-22,0.7030469468167124,0.7589041095890411,0.8549004594180705,0.5560679611650485,0.6423152570946895
2020-05-23,0.6842318410224244,0.7455873402312843,0.7936842105263158,0.590633341421985,0.6070224719101124
2020-05-24,0.6808547542248512,0.780042592029206,0.7937236892460773,0.5456089277049976,0.6040438079191238
2020-05-25,0.6687162202792862,0.7554744525547445,0.7937631528601492,0.5428086344894494,0.5828186412128018
2020-05-26,0.6586984206986766,0.793858315597446,0.7938026013771997,0.48496605237633367,0.5621667134437272
2020-05-27,0.68052784256262,0.7981762917933131,0.9372729011283228,0.46084848484848484,0.5258136924803591
2020-05-28,0.6730996931858672,0.8012762078395624,0.9074569789674952,0.4692195831313621,0.514446002805049
2020-05-29,0.634997242349183,0.7797691373025517,0.9132097113362646,0.3753331717954931,0.4716769489624229
2020-05-30,0.5697412163838855,0.7722441542666262,0.8568425076452599,0.3224321705426357,0.32744603308102044
2020-05-31,0.5515925485853285,0.7592592592592593,0.8568698643225683,0.34584645192540564,0.24439461883408073
2020-06-01,0.5327793877779473,0.7572078907435509,0.8568972105464272,0.3079903147699758,0.20902213505183526
2020-06-02,0.5426863508389982,0.7967233009708738,0.8867239732569245,0.2626482691842169,0.2246498599439776
2020-06-03,0.5591803845661049,0.7858659387321808,0.972498090145149,0.2170861568247822,0.2612713525623075
2020-06-04,0.5510220854209865,0.771376591873863,0.9833874355547069,0.22284055165739172,0.22648376259798433
2020-06-05,0.5428668780811495,0.7732646256441346,0.973463153875525,0.2181906144170295,0.20654911838790932
2020-06-06,0.5702221739043561,0.8090909090909091,0.9933193357510975,0.21910519951632407,0.25937325125909344
2020-06-07,0.5716915728538605,0.8379279006361708,0.9933206106870229,0.1738394584139265,0.2816783216783217
2020-06-08,0.5655648453861081,0.8431253785584494,0.9933218851364244,0.15204254290548708,0.2737695749440716
2020-06-09,0.5606944858266039,0.8489252194974266,0.9889355207935903,0.18825519574673755,0.2166620072686609
2020-06-10,0.5376247653201378,0.850181598062954,0.9826435246995995,0.20028992510268182,0.11738401341531582
2020-06-11,0.5243290315394087,0.8296520423600605,0.9912280701754386,0.16690821256038646,0.10952780106174909
2020-06-12,0.5360442405134753,0.8115547489413188,0.9805529075309819,0.2096112050229413,0.1424581005586592
2020-06-13,0.5412539853108729,0.7989114000604778,0.9807472359893252,0.24070497344278127,0.14465233175090758
2020-06-14,0.5639559920183782,0.8186215235792019,0.9807509052792072,0.30123099203475745,0.15522054718034617
2020-06-15,0.5543025434399227,0.7748564521003325,0.9807545731707317,0.3334942084942085,0.12810493999441808
2020-06-16,0.5566135109948089,0.7882175226586103,0.9767574776147838,0.2870928829915561,0.17438616071428573
2020-06-17,0.6002998416952331,0.797946239806705,0.9826666666666667,0.3818137964302943,0.2387726638772664
2020-06-18,0.6069366607958396,0.8040458937198067,0.9464863835459912,0.40197733301181576,0.2752370329057446
2020-06-19,0.5649652960336877,0.827950498038032,0.9114623000761615,0.33003857280617166,0.19040981321438527
2020-06-20,0.5515434854948191,0.8123114061557031,0.862173995811917,0.34634851771511205,0.18534002229654403
2020-06-21,0.547873947988749,0.8250377073906485,0.8622002283974115,0.2980722891566265,0.20618556701030927
2020-06-22,0.5717790384678971,0.8148371531966224,0.8622264509990485,0.35991327390990124,0.2501392757660167
2020-06-23,0.5842788002254703,0.8151944528188122,0.9113394216133942,0.36970134874759153,0.24087997772208297
2020-06-24,0.5984007251983915,0.8309222423146474,0.9516834696595016,0.3712978569708644,0.23969933184855233
2020-06-25,0.5787925034511915,0.8026514010244049,0.7900342335488779,0.44583533943187287,0.27664903979961036
2020-06-26,0.5898417562174953,0.7891566265060241,0.7655447803764974,0.4902527075812274,0.3144129104062326
2020-06-27,0.5487800639243694,0.7979524239686842,0.6091254752851711,0.45452358036573626,0.33351877607788594
2020-06-28,0.571547736291078,0.8100541842263697,0.6091997719064817,0.4892951647822949,0.37764182424916576
2020-06-29,0.5609107143354729,0.8152272043334337,0.6092740402888636,0.4466089466089466,0.3725326661106478
2020-06-30,0.5443257897404534,0.8261131167268352,0.5605168155044651,0.4779995191151719,0.31267370761534186
2020-07-01,0.5037781684000601,0.8406015037593985,0.4544072948328267,0.4230769230769231,0.29702695193109196
2020-07-02,0.48091290816343546,0.7961515333734215,0.42146248812915477,0.48353761115116556,0.2225
2020-07-03,0.46117743135999334,0.8205590622182146,0.38568173186479304,0.4846227775108121,0.15384615384615385
2020-07-04,0.4587017937240435,0.8353365384615384,0.38579836719194993,0.47513812154696133,0.13853414769572459
2020-07-05,0.4574550393938815,0.8410934214478822,0.3859149582384207,0.48318924111431316,0.11962253677490979
2020-07-06,0.4525368406222946,0.8072072072072072,0.3860315050294173,0.49315726290516204,0.12375138734739179
2020-07-07,0.5101897065083852,0.7835484839387571,0.505123339658444,0.5770523283725396,0.17503467406380027
2020-07-08,0.4947284997010291,0.7941176470588236,0.3549611079491558,0.6445884329253659,0.18524681087077094
2020-07-09,0.4848555164663609,0.7641764176417641,0.32473444613050073,0.5707773512476008,0.27973385084557806
2020-07-10,0.5079748598737424,0.7339532093581284,0.3201213730324294,0.5989445910290238,0.37888026607538805
2020-07-11,0.525120142757022,0.7466266866566716,0.3371255214258627,0.6321342925659472,0.3845940703796065
2020-07-12,0.4965592791711382,0.7221223021582734,0.3372511848341232,0.5936226324622392,0.3332409972299169
2020-07-13,0.49894942048869373,0.725801618219958,0.3373768006065201,0.5870086289549377,0.3456106341733592
2020-07-14,0.5313317116028773,0.7405632115038945,0.511654349061967,0.5353462736640306,0.3377630121816168
2020-07-15,0.5551603993919577,0.7328541479484876,0.5611974232663888,0.5440824149496886,0.382507611403266
2020-07-16,0.5803914554262409,0.7365269461077844,0.7067626444402348,0.5791616766467066,0.29911455451023794
2020-07-17,0.543642665703052,0.7321161328943431,0.6441287878787878,0.5045498084291188,0.2937759336099585
2020-07-18,0.5349752075623768,0.7375822860562538,0.6805529255822761,0.43332535312425186,0.2884402654867257
2020-07-19,0.566593263050509,0.6745438229135508,0.6806134040136311,0.5421254188606989,0.36909040641415536
2020-07-20,0.5803876338078712,0.6967703349282297,0.6806738595494983,0.5850681981335247,0.35903814262023215
2020-07-21,0.5905314206550881,0.6771300448430493,0.7534065102195306,0.6124401913875598,0.3191489361702128
2020-07-22,0.6147423703759218,0.6784219964136282,0.856953642384106,0.5821573786175556,0.3414364640883978
2020-07-23,0.6200394598352494,0.6552136241410218,0.8301172909572455,0.6073648971783836,0.38746202706434685
2020-07-24,0.5994420424156752,0.6299283154121864,0.7703801777945904,0.5921587377480277,0.4053009387078962
2020-07-25,0.6469034212576191,0.6303374141534787,0.8615733736762481,0.6814053537284895,0.41429754347226055
2020-07-26,0.6552874409696602,0.6331343283582089,0.8615995462280204,0.6896057347670251,0.4368101545253863
2020-07-27,0.676533941577465,0.6081766636824828,0.8616257088846881,0.729574773053034,0.5067586206896552
2020-07-28,0.7295869344117153,0.5617541766109786,0.9512379512379512,0.7489849534272749,0.6563706563706564
2020-07-29,0.7512685489227959,0.5326573218013719,0.9639077853363568,0.7836676217765043,0.7248414667769506
2020-07-30,0.7615150496457622,0.5277280858676208,0.9716606839221613,0.7605633802816901,0.7861080485115767
2020-07-31,0.7691887721686697,0.5248882265275707,0.955421231582924,0.7852028639618138,0.8112427666023698
2020-08-01,0.7765837454566462,0.5694278903456496,0.9493862134088763,0.7420663326175138,0.8454545454545455
2020-08-02,0.772019431011562,0.5546619005064045,0.9493957703927492,0.7208969465648855,0.8631231065822088
2020-08-03,0.7618887870459334,0.5074449076831447,0.9494053237681707,0.7033150488910088,0.8873898678414097
2020-08-04,0.7485340870831174,0.5227746353081274,0.8858059645149112,0.7088698140200286,0.8766859344894027
2020-08-05,0.7246083729695221,0.5592261904761905,0.809775429326288,0.666746126340882,0.8626857457347276
2020-08-06,0.748450732272264,0.580481999404939,0.9362264150943396,0.627025738798856,0.8500687757909215
2020-08-07,0.7496045515903942,0.5585960737656157,0.9260516883606866,0.6647605432451751,0.849009900990099
2020-08-08,0.7453939093087271,0.607493309545049,0.8683515654470011,0.6767508337303478,0.8289799285125103
2020-08-09,0.734125153650901,0.606718192627824,0.8683763907222327,0.6513455584663015,0.8100604727872457
2020-08-10,0.7135965844114425,0.6151560178306092,0.8684012066365008,0.6195238095238095,0.7513053036548503
2020-08-11,0.6984554900381638,0.6405228758169934,0.8484448633364751,0.535348726493692,0.7695054945054945
2020-08-12,0.7177137777736553,0.6447876447876448,0.8560120618168112,0.584007615421228,0.7860477890689371
2020-08-13,0.7423515759809072,0.6294536817102138,0.8971170152628604,0.6545324768022841,0.7883031301482701
2020-08-14,0.7288386816148438,0.674087266251113,0.872268274302939,0.577069457659372,0.7919297282459511
2020-08-15,0.7463564499922132,0.6836795252225519,0.8805801469203239,0.6118906064209275,0.8092755214050494
2020-08-16,0.7693954935126077,0.7223375852862652,0.8806026365348399,0.6540656205420827,0.8205761316872427
2020-08-17,0.7830766559289167,0.7319098457888493,0.8806251176802862,0.687901117185643,0.8318705430608886
2020-08-18,0.7909743796997347,0.7459235102282834,0.9177334337349398,0.6606463878326996,0.8395941870030161
2020-08-19,0.7701931393093104,0.7362181387077653,0.9247129681912291,0.5747208363031598,0.8451206140350878
2020-08-20,0.7586654751251236,0.7863703703703704,0.8605570191945804,0.5296912114014252,0.858043299534119
2020-08-21,0.743914631196195,0.7813981042654028,0.7785512699905927,0.5822844929945381,0.8334246575342465
2020-08-22,0.7370544402715512,0.8276576843352088,0.7242287434161023,0.5650522317188984,0.8312791016159956
2020-08-23,0.728605751624008,0.822380106571936,0.724280609366184,0.5471160693092808,0.8206462212486308
2020-08-24,0.6967390195097778,0.825984018940515,0.7243324558104551,0.4359278595158994,0.800711743772242
2020-08-25,0.6863380945994451,0.8328402366863905,0.7601052829479226,0.42799525504151836,0.7244116037219486
2020-08-26,0.6177226449478097,0.8601005619639159,0.6306390977443609,0.3396584440227704,0.6404924760601916
2020-08-27,0.5784402566948846,0.8764044943820225,0.6573952264611915,0.31989566042210105,0.4600656455142232
2020-08-28,0.5432497333801748,0.8817617499261011,0.6296505073280722,0.2541488857278331,0.4074377905386929
2020-08-29,0.563347205631596,0.8939125295508275,0.8048093180537291,0.24247452002844275,0.3121924548933844
2020-08-30,0.5565564994170338,0.893943870014771,0.8048459804658152,0.2533175355450237,0.27411861164252527
2020-08-31,0.5443869478396629,0.8868871825162433,0.8048826291079813,0.23004027481639422,0.25573770491803277
2020-09-01,0.543512045972612,0.9114260407440212,0.8024784078107398,0.23424917100900047,0.2258945643266867
2020-09-02,0.5771255781884932,0.9105667060212514,0.90820349164633,0.2898413450153919,0.19989077007099945
2020-09-03,0.5885636614355677,0.9156093242844496,0.8483483483483484,0.2687026515151515,0.3215943215943216
2020-09-04,0.5831803006627168,0.9061946902654867,0.6839932445111654,0.3036686390532544,0.4388646288209607
2020-09-05,0.6068068484658422,0.9056325567679151,0.7273921200750468,0.30525319451017513,0.48894952251023194
2020-09-06,0.6044001674862705,0.9035966981132075,0.7274432564246858,0.2557369292642536,0.5308237861429351
2020-09-07,0.6217903691379755,0.8968464485705865,0.7274943735933983,0.3280510879848628,0.5347695664030543
2020-09-08,0.6506875294146308,0.9001178550383029,0.7275454715919745,0.4017498226531095,0.5733369683751364
2020-09-09,0.6619975949090161,0.9007363770250368,0.7512185976752905,0.3735224586288416,0.6225129463068956
2020-09-10,0.6606270008550794,0.8992932862190812,0.8007497656982193,0.39777830300165445,0.5446866485013624
2020-09-11,0.6444614970295928,0.9057992346187813,0.8105322338830585,0.4142249527410208,0.44728956687551075
2020-09-12,0.5920729254297215,0.9028840494408475,0.7532321528948848,0.3456177651783605,0.36655773420479304
2020-09-13,0.5731329102587174,0.894380700205943,0.7532783814162608,0.382144544166273,0.2627280152463926
2020-09-14,0.5422893155760596,0.8905882352941177,0.7533245926203409,0.276741440377804,0.24850299401197604
2020-09-15,0.5409080631083037,0.8859159070861511,0.8080524344569289,0.2495278564683664,0.2201360544217687
2020-09-16,0.5310030549467695,0.8847736625514403,0.782999438307433,0.2546613169695539,0.20157780195865072
2020-09-17,0.555168580128392,0.8842198060534823,0.7931486334706103,0.32845681925436526,0.21484906173511015
2020-09-18,0.5545306554894182,0.8892479435957696,0.7435897435897436,0.36777541873083275,0.21750951604132682
2020-09-19,0.5747109678982518,0.8872246696035242,0.781437125748503,0.4091981132075472,0.220983963033433
2020-09-20,0.5811720056579445,0.9036993540810334,0.7814780168381665,0.3878802169299693,0.2516304347826087
2020-09-21,0.5735235586963656,0.8972703257998239,0.7815188926300037,0.39226779820839225,0.2230372181472426
2020-09-22,0.5275106779445585,0.8970070422535211,0.5952870768655321,0.3697855291067641,0.24796306355241715
2020-09-23,0.5276082697877368,0.8952772073921971,0.6136873597606582,0.3579170593779453,0.24355145262014663
2020-09-24,0.47714479583042324,0.9002932551319648,0.42344363432417276,0.2984687868080094,0.28637350705754616
2020-09-25,0.4499788496991529,0.8891820580474934,0.35476635514018695,0.26071596796985397,0.29525101763907735
2020-09-26,0.4441851758133385,0.8971277842907386,0.261446458605868,0.30915940663998115,0.3090070537167661
2020-09-27,0.45319283892033757,0.9033108702021682,0.26158445440956657,0.3677024482109228,0.2801735828586927
2020-09-28,0.45436052963011136,0.8922085530169889,0.26172239865495983,0.35467168745587196,0.30883947939262474
2020-09-29,0.44965577790566136,0.8849194729136164,0.30556593201344784,0.30941176470588233,0.2987259419896991
2020-09-30,0.43520505356670647,0.8913934426229508,0.20410830999066298,0.37214772994589507,0.2731707317073171
2020-10-01,0.4485858266492589,0.8598185542873866,0.26979088872292756,0.4268579492003763,0.23787591438634517
2020-10-02,0.4311270221845205,0.868929198361615,0.2732872876610043,0.3550434987067952,0.22724810400866738
2020-10-03,0.4293976737827342,0.8797894121088038,0.3622620380739082,0.2849083215796897,0.19063092336853507
2020-10-04,0.4160151118670079,0.8804093567251462,0.36238104123903714,0.2902467685076381,0.13102328099621008
2020-10-05,0.43473152691099853,0.8804443145279158,0.36250000000000004,0.399906015037594,0.09607577807848444
2020-10-06,0.46170272794660977,0.8907071887784921,0.4696884909531803,0.42283298097251587,0.06358225108225109
2020-10-07,0.43122492219040864,0.8869412795793163,0.44386422976501305,0.33161108501643966,0.062483094400865566
2020-10-08,0.4341431473053126,0.9065420560747663,0.5211635278761887,0.25099788682789387,0.0578691184424013
2020-10-09,0.4433390325460002,0.8937226277372263,0.4863907531692767,0.334037558685446,0.059205190592051905
2020-10-10,0.49240128193472316,0.8911266783420899,0.6350419384902144,0.37127434874442616,0.07216216216216216
2020-10-11,0.4783705635543649,0.8771520280128392,0.635109951546776,0.27287658376349133,0.12834369089435288
2020-10-12,0.48726284619371113,0.8766044340723453,0.6351779392584311,0.24818203143326295,0.18908698001080498
2020-10-13,0.5245592521098109,0.8702245552639254,0.6352459016393442,0.27626641651031897,0.3165001350256549
2020-10-14,0.5372440299480268,0.8717201166180758,0.5358539765319426,0.40257913247362254,0.3388228941684665
2020-10-15,0.5259294572374792,0.8752550276887205,0.48435754189944136,0.3816221284575715,0.36248313090418355
2020-10-16,0.5083934814479036,0.8860722610722611,0.39582945447775086,0.3820014061401453,0.3696708041014571
2020-10-17,0.49513449613820126,0.9032915817069619,0.41250930752047654,0.31162136832239923,0.35311572700296734
2020-10-18,0.47822825757890153,0.9076878276062901,0.41261864879955334,0.2827360037479503,0.3098705501618123
2020-10-19,0.4647842064316207,0.9016011644832606,0.41272794938593227,0.25901639344262295,0.28579131841466704
2020-10-20,0.4770464297907457,0.8864959254947613,0.5036279069767442,0.25310231795832355,0.2649595687331536
2020-10-21,0.4801748190841244,0.8885656095432063,0.4916294642857143,0.23384831460674158,0.30665588790083537
2020-10-22,0.6009021899505682,0.8819080860965678,0.8093732564627115,0.27779077931195884,0.4345366379310345
2020-10-23,0.6168683395240002,0.8842686827566153,0.7991818519895872,0.28685072531586336,0.4971720980339348
2020-10-24,0.6558717159697195,0.8822674418604651,0.9100204498977505,0.31181286549707604,0.5193861066235864
2020-10-25,0.7147690368390843,0.8834641092705608,0.9100371747211896,0.5194106641721234,0.546164199192463
2020-10-26,0.7124607990005468,0.8747821034282394,0.9100538933283776,0.4856207622165069,0.5793864370290636
2020-10-27,0.700630763552363,0.8751089166424629,0.9132292827945002,0.4104721832632071,0.6037126715092817
2020-10-28,0.7000470381382642,0.8815331010452961,0.9515140256362623,0.3318532367375555,0.635287789133943
2020-10-29,0.6612207047978843,0.8835994194484761,0.8603268945022289,0.26799065420560747,0.6329658510352245
2020-10-30,0.6174584243696588,0.877539175856065,0.7598885793871866,0.2057930390095772,0.6266129032258064
2020-10-31,0.6019690237074713,0.8941108210037714,0.6828815447456369,0.1662774404483886,0.6646062886320881
2020-11-01,0.5957429252069486,0.8805104408352669,0.6829404121032114,0.13144991828157834,0.6880709296077377
2020-11-02,0.5931419367244546,0.8587996520730646,0.6829992576095025,0.15873015873015872,0.6720386784850927
2020-11-03,0.5809016528886747,0.8866666666666667,0.6071627389125998,0.1442240373395566,0.6855531686358755
2020-11-04,0.6261567352921029,0.9006085192697769,0.7677179962894248,0.15468968735417638,0.6816107382550336
2020-11-05,0.6397868568748755,0.9015063731170336,0.7273233166388425,0.22929787730347562,0.7010198604401503
2020-11-06,0.7078871093377008,0.9000868809730669,0.8625741839762611,0.3052705223880597,0.7636168500134156
2020-11-07,0.7571446598748149,0.87492762015055,0.9210087150009272,0.4255071112147354,0.8071351931330472
2020-11-08,0.7721600510691145,0.8781476121562952,0.9210233592880979,0.45734265734265733,0.8321265754894074
2020-11-09,0.7789385925405569,0.8793402777777778,0.9210379981464318,0.46282917734793755,0.8525469168900804
2020-11-10,0.8290613637817619,0.898756146948221,0.896590066716086,0.6693849021435229,0.8515143393192174
2020-11-11,0.8050108362410171,0.9042799305957201,0.7600518806744487,0.7060330771022595,0.8496784565916399
2020-11-12,0.7903620607589824,0.9098005203816132,0.7600963319748055,0.6613879832324173,0.8301634074470935
2020-11-13,0.7989597258973891,0.9141618497109827,0.8360807556954992,0.6277066356228173,0.8178896625602571
2020-11-14,0.78720518729952,0.9084079745738226,0.8053703703703704,0.6454841713221602,0.7895582329317269
2020-11-15,0.7591027830694064,0.8812824956672444,0.8054064062210702,0.5890155922736793,0.7607066381156317
2020-11-16,0.7470549863785596,0.8668784291077101,0.8054424287301,0.5730572359236854,0.7428418517527429
2020-11-17,0.7676318812266294,0.8634526558891455,0.915047196002221,0.5354733658990463,0.7565543071161048
2020-11-18,0.7900258182292651,0.8510822510822511,0.8978534418948927,0.6072093023255813,0.8039582776143354
2020-11-19,0.8171881378574117,0.8493941142527409,0.8821461609620722,0.6823994419902348,0.854812834224599
2020-11-20,0.8008163777299586,0.847995385059129,0.8246392896781354,0.689679218967922,0.8409516172146485
2020-11-21,0.7888823580912591,0.8457324106113033,0.8011836508230072,0.7197304206367651,0.7888829502939605
2020-11-22,0.7891929790037198,0.8342461804554626,0.8012204142011834,0.7393122676579925,0.7819930537002404
2020-11-23,0.796012853541539,0.8256484149855907,0.8012571639859494,0.7451800232288037,0.811965811965812
2020-11-24,0.7708968494707245,0.8127340823970037,0.788354898336414,0.6667440780306549,0.8157543391188251
2020-11-25,0.7641138815453082,0.8076036866359447,0.8303455923119571,0.5922916182957976,0.8262146289375334
2020-11-26,0.7730049381718227,0.7777137921105672,0.8991130820399114,0.6065459610027855,0.8086469175340272
2020-11-27,0.7777199650259936,0.6813471502590673,0.8991317199334934,0.6952889301462056,0.8351120597652081
2020-11-28,0.7873898800598853,0.6661870503597123,0.8991503509420022,0.7303944315545243,0.8538276873833022
2020-11-29,0.8079695337518016,0.6973532796317606,0.8991689750692521,0.7814892136395268,0.8538666666666667
2020-11-30,0.7998122974213933,0.6750071901064136,0.8991875923190547,0.7975417439703154,0.8275126632897893
2020-12-01,0.7870615608137963,0.6500862564692351,0.859885545504892,0.8203106886158127,0.8179637526652452
2020-12-02,0.8082396898608568,0.6352400114975567,0.958656330749354,0.8263792304126101,0.8126831867839062
2020-12-03,0.7896898403893305,0.5600574712643678,0.9817309466691272,0.8215527230590962,0.795418220564731
2020-12-04,0.7567411392458904,0.5231255386383223,0.9876383763837638,0.7926320667284523,0.7235685752330226
2020-12-05,0.7372481678188394,0.5456634118322803,0.9922523519645822,0.689830901088719,0.7212460063897763
2020-12-06,0.7048520585634943,0.5578524260694804,0.9922537808926596,0.6403427512737379,0.6289592760180995
2020-12-07,0.6751577647011783,0.5665901262916189,0.9922552092937489,0.5760592729798565,0.5657264502394891
2020-12-08,0.6403413044160478,0.5784791965566715,0.980641592920354,0.544675925925926,0.4575685022612397
2020-12-09,0.5972282911246126,0.5874928284566838,0.9714285714285714,0.47813006248553575,0.35186170212765955
2020-12-10,0.5304317926598873,0.5689704617149411,0.927018061186878,0.3058769088385007,0.3198617388992289
2020-12-11,0.5052399260950196,0.5751146788990826,0.8896259443523125,0.24866990515845477,0.3075491759702286
2020-12-12,0.5121487921246385,0.5497277156778446,0.8824613117170228,0.30920444033302497,0.3072017007706617
2020-12-13,0.4985172220104964,0.4911174785100286,0.8824829618714312,0.2665895953757225,0.3538788522848034
2020-12-14,0.5288535959158771,0.4935548553423088,0.8825046040515654,0.3125288950531669,0.42682602921646745
2020-12-15,0.5515802581351307,0.4965635738831615,0.876265881053213,0.36376242200138664,0.46972915560276157
2020-12-16,0.5659984503776608,0.4620669911251074,0.927098674521355,0.3948706099815157,0.47995752588266527
2020-12-17,0.6023247457060924,0.4315970234688037,0.9317136020614761,0.48255948255948256,0.5634288747346072
2020-12-18,0.6250333302039978,0.42002861230329036,0.937615016562385,0.45981524249422634,0.6826744494560891
2020-12-19,0.5877980247983687,0.39416475972540044,0.8973321067157314,0.4241514661740937,0.6355437665782493
2020-12-20,0.6194985116716488,0.3788961967400629,0.8973509933774835,0.5173130193905817,0.6844338371784673
2020-12-21,0.6221309226158325,0.3999428244711264,0.8973698730917785,0.4968843757212093,0.6943266171792153
2020-12-22,0.6124920049128276,0.4001143183766791,0.8172122103714601,0.5191508998615597,0.7134905910416115
2020-12-23,0.6152058791720185,0.4248571428571428,0.8139363853649568,0.5259515570934256,0.696078431372549
2020-12-24,0.6399509094683733,0.5084261639531562,0.8159926470588235,0.555119926199262,0.6802649006622516
2020-12-25,0.5983626037197722,0.46830382638492285,0.8160264657232126,0.5543002075167166,0.5548199152542372
2020-12-26,0.5923955614144364,0.46988295746502995,0.8160602719588387,0.5117565698478561,0.5718824463860207
2020-12-27,0.5593031909362375,0.5156963470319635,0.816094065772552,0.3927172159483752,0.5127051349920593
2020-12-28,0.5700563323173102,0.47132667617689017,0.8161278471711977,0.41589861751152074,0.5768721884096322
2020-12-29,0.580464276987922,0.46035367940673133,0.8593204775022957,0.4148813637410735,0.5873015873015873
2020-12-30,0.6051361608616174,0.48160821214713434,0.8789937568857877,0.43735605711653613,0.6225866172970114
2020-12-31,0.6387906501950966,0.5527366020524516,0.8736919405177161,0.5242919640801289,0.6044420941300899
2021-01-01,0.6715397126377131,0.5941863778854375,0.8786710719530103,0.5669889502762431,0.6463124504361618
2021-01-02,0.6993246436403281,0.6415954415954416,0.8786933382271976,0.6039125431530494,0.6730972515856237
2021-01-03,0.7648757652775999,0.7257191683281117,0.8787155963302752,0.6516336861481823,0.8034346103038309
2021-01-04,0.7481503994346306,0.5985193621867881,0.87873784626674,0.6968023924545663,0.8185419968304279
2021-01-05,0.7516672312807444,0.5946484486194137,0.8338224504768892,0.7136614535418583,0.8645365724848165
2021-01-06,0.7582442389237937,0.5828116107000569,0.8402714102328993,0.724994251552081,0.8848996832101372
2021-01-07,0.7504074927070545,0.6099573257467994,0.7548588192152549,0.7239080459770115,0.9129057798891528
2021-01-08,0.724649184100962,0.5807736063708759,0.6023831347387718,0.7726959319696621,0.9427440633245383
2021-01-09,0.7318712064106658,0.5499004833665055,0.6218841642228738,0.8023897058823529,0.9533104721709311
2021-01-10,0.7301458375050557,0.5255827174530984,0.6219534542789078,0.8210429588789341,0.9520042194092827
2021-01-11,0.7253579583827954,0.5063938618925832,0.6220227189446683,0.8180983004134129,0.9549169522805168
2021-01-12,0.6952586714570302,0.4965909090909091,0.49734383586737496,0.8266360505166476,0.9604638903531892
2021-01-13,0.7268783467584732,0.5279750071002556,0.602930402930403,0.8195592286501377,0.9570487483530962
2021-01-14,0.7363985845249132,0.5499716070414538,0.6352316425563084,0.8049116364470966,0.9554794520547946
2021-01-15,0.760666857300395,0.5835935282429747,0.7207982424020505,0.7856815052776503,0.9525941532789044
2021-01-16,0.7190108283648483,0.5221339387060159,0.6467142595643419,0.7719660472585456,0.9352290679304898
2021-01-17,0.721413086816854,0.5835460992907802,0.6467789165446559,0.7600917431192661,0.8952355883127139
2021-01-18,0.7127413960159915,0.6386840612592173,0.646843549862763,0.6904379729419858,0.875
2021-01-19,0.6717477543880122,0.6574992911823079,0.6469081595316502,0.5825309491059147,0.8000526177321757
2021-01-20,0.599023318589571,0.5804988662131519,0.5847814157673312,0.47673619069447626,0.7540768016833246
2021-01-21,0.5601187017285156,0.5769339756304902,0.5848573518653987,0.38817598533455544,0.6905074940836182
2021-01-22,0.5365860425635742,0.5334277620396601,0.6145547632108246,0.315922107674685,0.6824395373291272
2021-01-23,0.44684419154977506,0.43840271877655057,0.4155393053016453,0.26431516262024735,0.669119579500657
2021-01-24,0.4761854042949323,0.464326160815402,0.41564613416194485,0.3043279138997023,0.72044140830268
2021-01-25,0.4986016080589889,0.4885366544013586,0.41575292397660824,0.3866758241758242,0.7034410296821645
2021-01-26,0.5283814900045394,0.48556876061120546,0.42919788050429386,0.49576562142366676,0.7029936974789915
2021-01-27,0.5727281128833873,0.5623762376237624,0.5546218487394958,0.5464530892448513,0.6274612759254398
2021-01-28,0.5609344911464087,0.568156108597285,0.5130593607305935,0.5326012354152367,0.6299212598425197
2021-01-29,0.5245627602908027,0.5035340684195646,0.4802775748721695,0.5256175663311985,0.5888218315402781
2021-01-30,0.5371001354437541,0.432447710570944,0.49388351287201027,0.5284701577864166,0.6935991605456453
2021-01-31,0.5086656159938192,0.42893472732410287,0.49397590361445787,0.41335162322816643,0.6984002098085497
2021-02-01,0.5192243090615429,0.42824858757062145,0.4940682606315021,0.4464,0.7081803880440483
2021-02-02,0.4189898449957902,0.4007342558599266,0.3031021897810219,0.31078610603290674,0.6613368283093054
2021-02-03,0.407601598745018,0.42631281761716544,0.29082284254698043,0.2673063742289239,0.6459643605870021
2021-02-04,0.3888018590180058,0.4309906858594411,0.2973367384166362,0.25810872544540886,0.5687712863505371
2021-02-05,0.3687559293228837,0.4681151241534989,0.19551340507021708,0.27289335464717973,0.5385018334206391
2021-02-06,0.3297362592501413,0.44428772919605075,0.23942377826404082,0.2531963470319635,0.3820371825085101
2021-02-07,0.31238931494641675,0.43090806542583193,0.2395624430264357,0.24400821730198585,0.33507853403141363
2021-02-08,0.30143567320996023,0.4685649844939386,0.2397010572366023,0.20880876312186217,0.28866788798743787
2021-02-09,0.34000360561127485,0.4348928974069899,0.25441953708766174,0.2915811088295688,0.3791208791208791
2021-02-10,0.39409473323035227,0.4663285432516202,0.39358600583090375,0.2851277372262774,0.4313366466126079
2021-02-11,0.4014277452158209,0.4723943661971831,0.42138823100746947,0.30763968072976056,0.4042887029288703
2021-02-12,0.42254850020679735,0.46296817797803436,0.5579234972677596,0.2583219334245326,0.4109803921568628
2021-02-13,0.42362962115514396,0.4625563063063063,0.5028228009470042,0.2821974014132665,0.446941975953999
2021-02-14,0.4453140672727627,0.45313819307627357,0.5029133284777858,0.3653144940747493,0.45989025346224194
2021-02-15,0.4707167404382423,0.5326392796848621,0.503003823047515,0.3597630439735703,0.48746081504702193
2021-02-16,0.45142590178155206,0.5479606188466948,0.50309428467419,0.3020501138952164,0.4525985897101071
2021-02-17,0.4168379445913326,0.5120922384701913,0.39963603275705184,0.2958323844226828,0.4597911227154047
2021-02-18,0.42772524183742683,0.5026707899915659,0.31022561863173215,0.33287795992714025,0.5651265987992691
2021-02-19,0.488164278590621,0.5994940978077572,0.3601964708022558,0.41702708854996584,0.5759394572025052
2021-02-20,0.5289342337947349,0.6024164091036808,0.4305201891596945,0.47883477469276287,0.603965562222802
2021-02-21,0.5414767222036604,0.5969101123595506,0.4306237497726859,0.5142207053469852,0.62415232133542
2021-02-22,0.5176843649960226,0.4956472900870542,0.43072727272727274,0.5211555959963603,0.6232073011734028
2021-02-23,0.5057889203667549,0.4738910724312184,0.34121068896564266,0.4971571526040482,0.7108967674661105
2021-02-24,0.539670760216028,0.4353073252876789,0.4133042529989095,0.522737608003638,0.7873338545738858
2021-02-25,0.5839278498829057,0.48344556677890016,0.52262402326004,0.5469424869288475,0.7826993225638353
2021-02-26,0.5565134488237059,0.4600280504908836,0.42914244186046513,0.5413636363636364,0.7955196665798385
2021-02-27,0.5163926411646879,0.4517666853617499,0.33460490463215253,0.48284480799818225,0.7963541666666667
2021-02-28,0.5149594609575685,0.45752733389402855,0.334725753723211,0.47273966378918675,0.7948450924238479
2021-03-01,0.492322007038735,0.4879484304932735,0.3348465589250046,0.4281171928230752,0.7183758459135867
2021-03-02,0.48624944597868225,0.49285514149621745,0.38180827886710245,0.43619436875567663,0.6341399947957325
2021-03-03,0.45112013773086435,0.47507002801120446,0.3699400980214195,0.43813847900113506,0.5213319458896982
2021-03-04,0.4632995766229707,0.4735368244189303,0.4143375680580762,0.4711756695415343,0.494148244473342
2021-03-05,0.43753244331649416,0.47732362821948493,0.40246779168934854,0.3880190605854323,0.4823192927717109
2021-03-06,0.3679318502520402,0.44136579904841866,0.20464441219158203,0.37159709618874776,0.4541200935794125
2021-03-07,0.3306212658274625,0.4082260772243984,0.2047886812987484,0.2869131322295305,0.42255717255717257
2021-03-08,0.34905733307116094,0.4109090909090909,0.2049328980776206,0.2732426303854875,0.5071447129124448
2021-03-09,0.34752026162397903,0.4289709172259508,0.20036264732547593,0.2854228066198141,0.4753246753246753
2021-03-10,0.32660305984797644,0.4143136706737489,0.17240754169688177,0.24682683590208523,0.4728641911191898
2021-03-11,0.31155146586641436,0.4418669647847959,0.19539604857712523,0.18422841604350781,0.42471443406022846
2021-03-12,0.3195457638952,0.44090528080469404,0.2627763682493657,0.19687358405074762,0.37762782247599275
2021-03-13,0.3124038439964633,0.4717877094972067,0.21217611886211274,0.20317100792751983,0.362480539699014
2021-03-14,0.3288690095014992,0.4590896397654286,0.21231884057971018,0.23550724637681159,0.4085603112840467
2021-03-15,0.33023828114051473,0.4061976549413735,0.21246151059590657,0.3047317183608784,0.3975622406639004
2021-03-16,0.3284317499491102,0.4080379570192576,0.17421224194132556,0.27931190583974647,0.45216489499611096
2021-03-17,0.3491996831724114,0.4132254464285714,0.20206409560021732,0.326091875990043,0.45541731467081387
2021-03-18,0.3684984717707705,0.4128312412831241,0.22538015930485156,0.34886877828054297,0.48691370821456337
2021-03-19,0.43622226526711705,0.4174567763524819,0.3353846153846154,0.48608912010857275,0.5059585492227979
2021-03-20,0.43406315475157,0.4262614998606078,0.320123054650742,0.4993215739484396,0.4905464905464905
2021-03-21,0.4188594586743723,0.40858416945373466,0.3202460647729328,0.47094732082297086,0.47566027964785085
2021-03-22,0.4181994920686597,0.4817497910281415,0.32036903039073805,0.41455696202531644,0.45612218483044265
2021-03-23,0.3837635453842771,0.515041782729805,0.2365708084644601,0.4167231638418079,0.3667184265010352
2021-03-24,0.4180215509710587,0.621832358674464,0.22495479204339963,0.4798915499322187,0.34540750323415265
2021-03-25,0.4052195551758721,0.6592427616926504,0.16073042849394326,0.5181838716964084,0.2827211588204863
2021-03-26,0.3756430111170117,0.7069301419426663,0.101409978308026,0.487353206865402,0.20687871735195243
2021-03-27,0.3615306807256802,0.6683361157484697,0.15506958250497016,0.41770151275683,0.20501551189245087
2021-03-28,0.36073526628895003,0.6981919332406119,0.15522226237802672,0.3959367945823928,0.19359007495476868
2021-03-29,0.37050836098851164,0.7030033370411568,0.15537488708220415,0.4321823516136312,0.19147286821705425
2021-03-30,0.40978493370286884,0.7164303586321935,0.27420520231213874,0.4129061371841155,0.23559803668302765
2021-03-31,0.3770932879633857,0.7156753752084491,0.1755463247245801,0.38393864200315814,0.23321280991735538
2021-04-01,0.41318980908460234,0.6893581550430675,0.24322860238353194,0.4291835814163284,0.2909888974954815
2021-04-02,0.43105574530768553,0.6644444444444444,0.29517963531323343,0.3688838782412627,0.39571502323180174
2021-04-03,0.43862817463652043,0.6495417939461261,0.2862815884476534,0.39675383228133454,0.42193548387096774
2021-04-04,0.45213134200545924,0.6610216546363132,0.28641039523551703,0.41604687852152356,0.44504643962848295
2021-04-05,0.46725650866627355,0.7288370802109354,0.28653915553951637,0.3839567372690401,0.46969306164560226
2021-04-06,0.568582486125937,0.753607103218646,0.5745985928197728,0.4579860328902906,0.48813821557503867
2021-04-07,0.6285487506841381,0.7755894590846047,0.7438672438672438,0.46418918918918917,0.5305491105955144
2021-04-08,0.6071873288481656,0.7792567942318358,0.6544634806131651,0.43188471065075434,0.5631443298969072
2021-04-09,0.5920170791722661,0.7992791793734405,0.6103498016588532,0.42120666366501575,0.5372326719917547
2021-04-10,0.5543205339662893,0.7896341463414634,0.4305029745808545,0.4814314652261985,0.515713549716641
2021-04-11,0.5662155713718422,0.7894153505126074,0.43060562364816146,0.5238523852385238,0.5209889260880762
2021-04-12,0.5522997549515152,0.7556786703601108,0.4307082357181474,0.5158605174353206,0.506951596292482
2021-04-13,0.5396994053645513,0.7621157574079203,0.4556756756756757,0.4887539361223572,0.45225225225225224
2021-04-14,0.5616720154156616,0.8161683277962348,0.5283732660781841,0.44074657072183493,0.4613998970663922
2021-04-15,0.540535555144292,0.7807915859396624,0.5390850144092219,0.3977068345323741,0.44455878569590945
2021-04-16,0.5876846166573734,0.7924737133370227,0.6232667026832344,0.48258035513598563,0.452417695473251
2021-04-17,0.563451220574775,0.7856154910096819,0.560676989557076,0.3808988764044944,0.5266135253278478
2021-04-18,0.5372745491035782,0.8420907079646018,0.5607560756075607,0.2069197933048753,0.539331619537275
2021-04-19,0.5673439722701286,0.8559579762233895,0.5608351331893449,0.21675651392632525,0.6358262657414546
2021-04-20,0.5992023779464745,0.8593145384190161,0.681662767680403,0.16595553559398157,0.6898766700924974
2021-04-21,0.5905015756609117,0.83061619231832,0.6759625764663548,0.16367310282891784,0.691754431030054
2021-04-22,0.5916963092931276,0.7870165745856353,0.7450980392156863,0.13153759820426486,0.7031330251669234
2021-04-23,0.5949786560137488,0.7321181993924331,0.8034172661870503,0.09829443447037702,0.7460847240051348
2021-04-24,0.6071910183523186,0.691882937603534,0.8791584247437512,0.11285618128786179,0.7448665297741273
2021-04-25,0.609424930939362,0.6919679823350815,0.8791801510248112,0.14625392552714223,0.7202976648704131
2021-04-26,0.5811119484616585,0.6578366445916115,0.8792018694948769,0.15272482619421396,0.6346844535659313
2021-04-27,0.584343058187421,0.6689655172413793,0.8829978432782171,0.1616591928251121,0.6237496794049756
2021-04-28,0.5721510681952979,0.6414782129067844,0.8932614555256064,0.1638646043488007,0.59
2021-04-29,0.5828404046622713,0.6239316239316239,0.9274164570607258,0.20528910802330794,0.5747244296334273
2021-04-30,0.5654665987453411,0.6430540242557883,0.8990479611999281,0.19336768989468966,0.5263967196309585
2021-05-01,0.5252252345596495,0.613116561036098,0.8406968390804598,0.18077956989247312,0.466307968229567
2021-05-02,0.5251165797107706,0.6068870523415978,0.8407254444244927,0.1769316909294513,0.475922131147541
2021-05-03,0.5340023451266024,0.6061690994216469,0.840754039497307,0.22480967308553515,0.4642765685019206
2021-05-04,0.5824698553414687,0.6302312775330396,0.8511936815652485,0.4045220505932393,0.44393241167434716
2021-05-05,0.5850681442947613,0.5840902835122488,0.741564967695621,0.5060429722470904,0.508574353724085
2021-05-06,0.5847920194413089,0.5704457897633461,0.723667683473892,0.4954128440366973,0.5496417604912999
2021-05-07,0.6339443052731236,0.5810178817056396,0.7979906709723718,0.5850111856823266,0.5717574827321565
2021-05-08,0.6545856325469426,0.5412541254125413,0.8997309417040359,0.6034444195929323,0.5739130434782609
2021-05-09,0.669681851986935,0.5001374759417102,0.8997489239598279,0.6639087656529516,0.6149322423932498
2021-05-10,0.669969628298297,0.5016492578339747,0.8997668997668997,0.6161412921976303,0.662321063394683
2021-05-11,0.6714749146965098,0.4962901896125309,0.929903191107924,0.5824765310683951,0.6772297469971889
2021-05-12,0.6708400992553711,0.5502747252747253,0.9211328195017028,0.5640223463687151,0.6479305058763414
2021-05-13,0.6366931765441359,0.4605877506179621,0.8121863799283154,0.6137176050044683,0.6602809706257982
2021-05-14,0.6185306328836045,0.4357495881383855,0.757749507256764,0.6026356935447844,0.6779877425944841
2021-05-15,0.6297210879270929,0.46555037057370297,0.8129702615549982,0.5962483251451541,0.6441153944345163
2021-05-16,0.5645856341608309,0.4330406147091108,0.8130037614185921,0.39182853315472205,0.6204696273608984
2021-05-17,0.5492583047860734,0.41618655692729767,0.8130372492836676,0.4049107142857143,0.5628986986476142
2021-05-18,0.526076010055218,0.3425671969281404,0.7982094897045657,0.3974559250167373,0.5660714285714286
2021-05-19,0.46169459226980747,0.33589251439539347,0.7873254564983888,0.22623828647925034,0.4973221117061974
2021-05-20,0.47056325849228164,0.2946820175438597,0.7880794701986755,0.23064911889359804,0.5688424273329934
2021-05-21,0.4548624673991376,0.29268292682926833,0.7804223335719399,0.1801962533452275,0.5661483558501147
2021-05-22,0.47363669156924304,0.3136986301369863,0.7541599570585078,0.2015607580824972,0.6251274209989807
2021-05-23,0.48334331343277603,0.32319912352780056,0.7542039355992844,0.26794471689701294,0.5880254777070064
2021-05-24,0.47527131716450655,0.3417305585980285,0.754247898408156,0.20525963895698685,0.5998471726948548
2021-05-25,0.4636197949407548,0.3449219819326581,0.7564377682403434,0.14705882352941177,0.6060606060606061
2021-05-26,0.47977035919786226,0.34345922276956764,0.7187555873413195,0.176876809979951,0.679989816700611
2021-05-27,0.44390491529076687,0.33761969904240763,0.728459063282088,0.1447661469933185,0.5647747518452533
2021-05-28,0.430686249525823,0.3481947483588621,0.707774798927614,0.14005789356490758,0.5267175572519084
2021-05-29,0.4188583058476061,0.3448181569592562,0.7219442458899215,0.11999109528049866,0.4886797252607479
2021-05-30,0.42715498168591515,0.33378895571350464,0.7219939253171341,0.12842198976185176,0.5244150559511699
2021-05-31,0.42793656803182456,0.3509155506969117,0.7220435869953554,0.1330663106364041,0.505720823798627
2021-06-01,0.4155498322746094,0.34672131147540985,0.7220932309340954,0.14371523915461623,0.4496695475343162
2021-06-02,0.4302567554189802,0.35017754711827365,0.83375,0.111432384341637,0.4256670902160102
2021-06-03,0.4072057494998508,0.3405243036592026,0.8044991965720407,0.09762063597954192,0.3861788617886179
2021-06-04,0.37377277012787463,0.3568113568113568,0.7427704391288825,0.09604268563806136,0.2994665989331979
2021-06-05,0.3631157148651147,0.36080786026200873,0.7986792789577013,0.0824627695043343,0.21051295073641443
2021-06-06,0.3360213371198121,0.3394270122783083,0.7987152034261242,0.056666666666666664,0.14927646610814926
2021-06-07,0.3286837786972188,0.35733769776322966,0.7987511150758252,0.04087980448789158,0.11776649746192894
2021-06-08,0.3298539924065256,0.40741750749931827,0.7827327863003924,0.03487338960462017,0.09439228622177112
2021-06-09,0.274412045351928,0.39367502726281356,0.5769573747101837,0.0379746835443038,0.08904109589041095
2021-06-10,0.26488493003871,0.3922049604796948,0.5399429386590585,0.02797513321492007,0.09941668780116662
2021-06-11,0.27313987862472416,0.3727520435967302,0.569976822963095,0.02685904550499445,0.12297160243407708
2021-06-12,0.2830346262974232,0.3958049577771724,0.6003565062388592,0.024189968930315137,0.11178707224334601
2021-06-13,0.28664059646174034,0.4177559912854031,0.6004277312422028,0.03461282449522964,0.0937658388241257
2021-06-14,0.28963276223346224,0.4040294037571468,0.6004989308624376,0.03948535936113576,0.11451735495312895
2021-06-15,0.3057204144359354,0.4031028851388133,0.6404774630322465,0.05012197826569084,0.12917933130699089
2021-06-16,0.2719508688235397,0.4772789115646259,0.43676522978268617,0.06385809312638581,0.10990124082046088
2021-06-17,0.3067867173592328,0.5573993471164309,0.47675868210151384,0.10640656173797385,0.08658227848101266
2021-06-18,0.2257849205826311,0.531139515909709,0.1581196581196581,0.1389627659574468,0.07491774234371046
2021-06-19,0.2225720570697272,0.5731375747688962,0.10646252447925941,0.1646354974518059,0.046052631578947366
2021-06-20,0.2192622176002056,0.5808643653166621,0.10662157351370594,0.14377492246344706,0.04578800910700734
2021-06-21,0.2066812052168863,0.5413043478260869,0.10678056593699947,0.13842746400885936,0.04021244309559939
2021-06-22,0.21838054998107206,0.5762021189894051,0.12989323843416367,0.12090345438441098,0.04652338811630847
2021-06-23,0.21656167067403856,0.5564910374796306,0.14712684575698276,0.09918087226034979,0.0634479271991911
2021-06-24,0.22997758588201872,0.5563399402660874,0.20490928495197436,0.08587870739265162,0.07278241091736164
2021-06-25,0.22856090237891533,0.5673181324647123,0.20113818246487636,0.07125470236778048,0.07453259221829207
2021-06-26,0.2726132651059721,0.5807327001356852,0.2683143669985776,0.08783185840707965,0.1535741348825461
2021-06-27,0.2923985508494372,0.574877916440586,0.2684444444444445,0.09975669099756691,0.2265151515151515
2021-06-28,0.3035242313437237,0.5899104963384866,0.26857447564877357,0.07739938080495357,0.2782125725826811
2021-06-29,0.2954592549962132,0.6062906724511931,0.2599964457081927,0.07627680742869777,0.2392730943967693
2021-06-30,0.28287143085277333,0.605313092979127,0.19811656005685852,0.07471264367816093,0.25334342669694676
2021-07-01,0.2776405363630757,0.6425474254742547,0.11778290993071594,0.06895027624309392,0.28128153380423815
2021-07-02,0.2894502003131144,0.6697371985911678,0.10550621669627003,0.07158638974812197,0.31097099621689783
2021-07-03,0.3107886302446642,0.6646803900325027,0.22411649795773392,0.052794345040865914,0.3015632879475542
2021-07-04,0.3036501063943259,0.6463579745464392,0.22425426136363635,0.07022968197879859,0.2737585076884295
2021-07-05,0.31784919330447475,0.6529507309149973,0.22439197585655957,0.1183484212850519,0.2757056451612903
2021-07-06,0.3270229958983043,0.6500676589986468,0.22452964146254883,0.15055187637969095,0.2829428067523306
2021-07-07,0.30748660617367524,0.6425865800865801,0.10434782608695647,0.22003972632972854,0.26297229219143575
2021-07-08,0.2879223815685824,0.5661347038139032,0.08073101490418733,0.25551632833186233,0.24930747922437674
2021-07-09,0.28907601582868014,0.6365603028664143,0.08816746496363315,0.21707478491065518,0.21450151057401812
2021-07-10,0.308642703635941,0.6304406596377399,0.09932600212841436,0.3411998235553595,0.16360432922225018
2021-07-11,0.28154075863263117,0.6575675675675676,0.09948572441922332,0.22844542447629548,0.14066431806743834
2021-07-12,0.2810772203704116,0.7030532288570657,0.09964539007092199,0.1917989417989418,0.129811320754717
2021-07-13,0.26512931746531476,0.7090761750405186,0.10388229037404717,0.12960105796782015,0.11795774647887323
2021-07-14,0.26995234097221366,0.7318390494193897,0.1403757532789791,0.11657117672983694,0.09102338446064873
2021-07-15,0.27069562039267253,0.7551295896328294,0.13981924508240295,0.11015642211940956,0.07767722473604827
2021-07-16,0.25775081032141534,0.6620782726045884,0.17593905031892276,0.11784140969162996,0.07514450867052024
2021-07-17,0.2599051803974185,0.7142471667566108,0.1379982285208149,0.09491301475445937,0.09246231155778895
2021-07-18,0.23594095480033903,0.6104666846506609,0.13815090329436774,0.09291061206516953,0.102235619191158
2021-07-19,0.23593346898371886,0.6084142394822006,0.13830352399504164,0.09355051727933084,0.10346559517830237
2021-07-20,0.2807125174470526,0.5850633593960637,0.2962110481586402,0.13512323943661972,0.10645242279688677
2021-07-21,0.30788458095809157,0.597843665768194,0.3492653567003009,0.16369636963696368,0.12073293172690763
2021-07-22,0.3262241198180236,0.6079223928860146,0.379646017699115,0.1968763748350198,0.12045169385194479
2021-07-23,0.32947653873859023,0.6174568965517242,0.3797557954344364,0.24191774796569165,0.07877571500250878
2021-07-24,0.3177437998114238,0.6086722326959333,0.2806086341118188,0.3087071240105541,0.07298720842738901
2021-07-25,0.33521642221673115,0.6066235864297254,0.28073589244648856,0.3715102220268191,0.08199598796389168
2021-07-26,0.325079428261357,0.6083445491251682,0.2808631057658295,0.3281318681318681,0.08297819002256204
2021-07-27,0.36419021286904274,0.5920344456404736,0.3080459770114943,0.3847506042627994,0.17192982456140352
2021-07-28,0.39026319868006215,0.5835351089588378,0.24805516265912309,0.5199912126537786,0.20947131044850914
2021-07-29,0.4625333039210145,0.6834319526627219,0.26445112250309355,0.5886228860092246,0.313627254509018
2021-07-30,0.5626764958984122,0.7582683517074482,0.4406150583244963,0.6275801493192797,0.42424242424242425
2021-07-31,0.592055243309461,0.7397849462365591,0.4628026153030571,0.6763995609220637,0.48923385077616427
2021-08-01,0.5917065504427098,0.7051867777479173,0.46289752650176674,0.6881035996488147,0.5106382978723404
2021-08-02,0.6162471193092349,0.6899516389038152,0.46299240416887477,0.7309633530831687,0.581081081081081
2021-08-03,0.5774532768075922,0.6948697287134031,0.5070646414694454,0.5647213690215006,0.5431573680260195
2021-08-04,0.493865804537846,0.6713211600429645,0.4296309376655483,0.31498135556042994,0.5595297648824412
2021-08-05,0.5083027431629765,0.7433557046979866,0.5044138418079096,0.24780701754385964,0.5376344086021505
2021-08-06,0.5271278267050896,0.7192699946323134,0.5698146513680494,0.21442666081999562,0.605
2021-08-07,0.49317545519950023,0.6576334853769787,0.4391104835863042,0.2251205611573871,0.6508372906773306
2021-08-08,0.4963968930928574,0.6118562231759657,0.43920945826716074,0.2353714661406969,0.6991504247876063
2021-08-09,0.5055184938390367,0.6060606060606061,0.43930839802399435,0.25,0.7267049712715463
2021-08-10,0.5484809686231815,0.628686327077748,0.3695537131769272,0.4304490690032859,0.7652347652347652
2021-08-11,0.5718558387157672,0.6006432591798445,0.34338624338624335,0.55562855891371,0.787765293383271
2021-08-12,0.6228573101139336,0.6430868167202572,0.43078822077235057,0.6047733742062623,0.8127808287568647
2021-08-13,0.6166192251575129,0.6145191534958478,0.41008462623413255,0.6210595446584939,0.8208135762415772
2021-08-14,0.6342691259239912,0.6151580074986609,0.4759386567953464,0.6283650689428759,0.8176147704590818
2021-08-15,0.6267316937050089,0.5959839357429719,0.47603101868170605,0.6157549234135667,0.819156896981791
2021-08-16,0.629485904834122,0.588865096359743,0.47612334801762113,0.6482170203456574,0.8047381546134663
2021-08-17,0.6572143595884329,0.6727321380786727,0.4607117688513037,0.700349956255468,0.7950635751682872
2021-08-18,0.6854532970017281,0.7343499197431782,0.47419411661088606,0.7389022523507545,0.7943668993020937
2021-08-19,0.6968688015732272,0.7477935276811982,0.5049313138429024,0.739833843463052,0.7949165213057563
2021-08-20,0.656000171862819,0.743048128342246,0.3481246698362388,0.7490710382513661,0.783756851021425
2021-08-21,0.6457271897822993,0.7570168404170008,0.2866197183098591,0.7661713286713286,0.7731008717310087
2021-08-22,0.6551084351328808,0.7477284874398717,0.28674529132195037,0.794625300415119,0.7913346613545816
2021-08-23,0.6497575386164156,0.751269035532995,0.28687082013375576,0.7752293577981652,0.7856609410007468
2021-08-24,0.658455515195989,0.7096688034188035,0.39028682034136897,0.7538763922253767,0.7799900447984072
2021-08-25,0.6556955055134275,0.6923898531375167,0.39778325123152714,0.7548034934497817,0.7778054242348843
2021-08-26,0.6411293845962444,0.8053924185798185,0.40721196130167103,0.7153459943243833,0.6365671641791045
2021-08-27,0.5910728770403803,0.7493995196156926,0.3707351389377418,0.6599738105630729,0.5841830390450137
2021-08-28,0.5175066745733027,0.645410885805763,0.31404958677685946,0.5745145101461925,0.5360517155643958
2021-08-29,0.4588281311791181,0.5649506535076021,0.3141701828410689,0.4799301919720768,0.47626149639572457
2021-08-30,0.439938829494247,0.5586666666666666,0.3142907365090526,0.44122137404580153,0.4455765407554672
2021-08-31,0.4371004682820196,0.5489202879232205,0.37504393673110725,0.396860008722198,0.4275776397515528
2021-09-01,0.4283013247805383,0.5690298507462687,0.400632577754349,0.3538260300850229,0.3897168405365127
2021-09-02,0.4993582139155384,0.5782041033839596,0.4790934645115952,0.4439843068875327,0.4961509808790663
2021-09-03,0.5701249695789433,0.6233351092168353,0.5185315299490603,0.6071039442144258,0.5315292949354519
2021-09-04,0.6137322715687882,0.6231691078561917,0.5451352300667369,0.6812636165577342,0.6053611317944899
2021-09-05,0.6256020693496154,0.6634717784877529,0.5452151009657594,0.7046395120888695,0.5890818858560795
2021-09-06,0.6309335951563593,0.6915091828586638,0.5452949438202247,0.7012195121951219,0.5857107417514265
2021-09-07,0.63449738596683,0.724587546567323,0.5453747586449008,0.7189200957979535,0.5491071428571429
2021-09-08,0.6612217762988272,0.7531258313381218,0.5702000702000702,0.7061384414453635,0.6154227622117531
2021-09-09,0.6428314248841716,0.7481382978723404,0.5441305492191613,0.679651795429815,0.5994050570153694
2021-09-10,0.6433378758201977,0.7710715235309757,0.6010526315789474,0.6168407310704961,0.5843866171003718
2021-09-11,0.6326361212962832,0.8463583200425305,0.5732327661813716,0.554709593212965,0.5562438057482656
2021-09-12,0.6426556119858932,0.8543715120914164,0.5733076113644335,0.5863418877772945,0.5566014367104285
2021-09-13,0.6374245457798854,0.8581296493092455,0.5733824302998423,0.5575125027179821,0.5606736007924715
2021-09-14,0.6314682809168637,0.8629482071713147,0.5476858345021038,0.5232608695652174,0.591978212428819
2021-09-15,0.6048814608435706,0.8653744025491237,0.5053461875547764,0.5255379265377091,0.5232673267326733
2021-09-16,0.6115308275413217,0.8792142288293071,0.53732912723449,0.5373750543242068,0.4922048997772829
2021-09-17,0.6128023699273818,0.8840233545647558,0.5647450499386718,0.5385618075168368,0.46387926768926274
2021-09-18,0.5989849876041754,0.8922791191297427,0.5141906096706377,0.5553866203301477,0.4340836012861736
2021-09-19,0.5849134713167274,0.8896551724137931,0.51427570502715,0.5257328990228013,0.40999010880316517
2021-09-20,0.5702188154549519,0.8819941660037125,0.5143607705779334,0.4921841076856274,0.392336217552534
2021-09-21,0.5798654175381864,0.8833510074231177,0.5323060759936964,0.5155198610809637,0.38828472565496785
2021-09-22,0.6133613840578184,0.8754306917572223,0.6551120448179272,0.4741753472222222,0.44872745243390166
2021-09-23,0.588000859748603,0.8942766295707472,0.5671276037108349,0.43111303970492515,0.45948616600790515
2021-09-24,0.565483146371495,0.8964238410596026,0.5320266013300665,0.3783080260303688,0.4551741170659422
2021-09-25,0.5562096795798366,0.8673199152542372,0.46001749781277346,0.3905877250054218,0.5069135802469136
2021-09-26,0.5596054390715443,0.8980672491395287,0.460111966410077,0.36209887250650474,0.5181436682300666
2021-09-27,0.5778063640961921,0.8875066172578083,0.4602064019590695,0.42575330587470195,0.5377591312931885
2021-09-28,0.5784343027154767,0.8933580312251919,0.5027981811822315,0.3940182054616385,0.5235627929928448
2021-09-29,0.5306064797700917,0.8992063492063492,0.30529812904353903,0.4647887323943662,0.4531327084361125
2021-09-30,0.5021500728930659,0.9016133298069294,0.21083916083916088,0.4690207972270364,0.42712700369913686
2021-10-01,0.5184285663145795,0.8958223162347964,0.19769271106449926,0.562053281351527,0.4181459566074951
2021-10-02,0.4975599516585424,0.8974358974358975,0.20115344285214964,0.510827197921178,0.3808232684249445
2021-10-03,0.49596724416670923,0.88107822410148,0.2012930281320986,0.5360467633686945,0.3654509610645638
2021-10-04,0.47578738376071106,0.8660501981505945,0.20143256464011183,0.5134199134199134,0.3222468588322247
2021-10-05,0.4827805185438982,0.8613312202852614,0.2054148471615721,0.5483661545120104,0.31600985221674877
2021-10-06,0.48100269581866706,0.8632162661737524,0.15403422982885084,0.5733448723496322,0.3334154149224329
2021-10-07,0.5026571372565531,0.854012671594509,0.16430941155928058,0.5851178888167856,0.4071885770556376
2021-10-08,0.5119811849474215,0.8490366851411982,0.2463337988826816,0.6163494809688581,0.33620477479694805
2021-10-09,0.49313186577780266,0.8414248021108179,0.19479839413510214,0.6432432432432432,0.2930610236220472
2021-10-10,0.5050002515496792,0.8412028488525455,0.19493891797556717,0.6891482922611327,0.2947109471094711
2021-10-11,0.496320972828814,0.73707805907173,0.19507939277612985,0.7201210287443268,0.33300541072306933
2021-10-12,0.4968852725074883,0.7266016345900344,0.1952198185624564,0.7018150388936906,0.36390459798377184
2021-10-13,0.4824141049127466,0.6945176594623089,0.15593929879644164,0.6841650464463167,0.39503441494591934
2021-10-14,0.4975039183737555,0.6961791831357049,0.21730031391698634,0.7211663066954643,0.3553698697468666
2021-10-15,0.5218137667567617,0.6981032665964173,0.2571926765475152,0.6754480673720579,0.4565110565110565
2021-10-16,0.5371740889304493,0.6528838556755333,0.27039748953974896,0.6619170984455959,0.5634979120609187
2021-10-17,0.5208000504242841,0.6111111111111112,0.2705246644587763,0.601122382905245,0.6004420432220039
2021-10-18,0.524658837188609,0.6106870229007634,0.27065179505054027,0.5917134225291325,0.6255831082739995
2021-10-19,0.5476510017721106,0.601842105263158,0.3572050879944241,0.5911542610571737,0.6404025527736867
2021-10-20,0.5974812284872796,0.6101026045777427,0.4817073170731707,0.6455996548748921,0.6525153374233129
2021-10-21,0.6198847297562995,0.6338769068911099,0.5985020031353423,0.5999568686650851,0.6472031403336604
2021-10-22,0.6333248083957127,0.6494872469103339,0.5405781957506095,0.6927554980595084,0.6504782928623988
2021-10-23,0.6124047717567258,0.6603575184016824,0.4816298102037263,0.7031687863763743,0.6044629720451201
2021-10-24,0.6055010529598797,0.6520367936925098,0.4817200557103064,0.7045258620689655,0.5837215003677372
2021-10-25,0.5956350648092219,0.6873357856016815,0.4818102697998259,0.6744236156000862,0.5389705882352941
2021-10-26,0.6125125147106474,0.7318098240084056,0.4688478941872607,0.7348125807841448,0.5145797598627787
2021-10-27,0.6205316416357314,0.7636554621848739,0.5136593005046111,0.7182855912125781,0.4865262126408623
2021-10-28,0.6404764372960398,0.7511157784195327,0.5215727209464162,0.7435400516795866,0.5456771981386236
2021-10-29,0.6696069512126102,0.7131233595800526,0.6848147503913724,0.6889128094725512,0.5915768854064642
2021-10-30,0.6707622691121269,0.7171346103384939,0.6311304347826088,0.7262160998708567,0.6085679314565483
2021-10-31,0.6732667163480823,0.727177334732424,0.6311945748565466,0.7013126748439854,0.6333822809593734
2021-11-01,0.7081202011256196,0.7896669289273538,0.631258692628651,0.7450516351118761,0.6665035478345975
2021-11-02,0.6758223370777519,0.777136864184583,0.5972536068138363,0.6478812647881265,0.6810176125244618
2021-11-03,0.6531524248207169,0.78086500655308,0.5151199165797706,0.6137634408602151,0.7028613352898019
2021-11-04,0.6337147994985455,0.7817085953878407,0.470894874022589,0.6159965598795958,0.6662591687041565
2021-11-05,0.6053760495463106,0.7909352894943673,0.49461431549687285,0.539767841788478,0.5961867514055244
2021-11-06,0.6168086263815685,0.8017286537454165,0.648775403856175,0.5071996561358263,0.5095307917888563
2021-11-07,0.5884503073121923,0.8156585493584708,0.6488364015283085,0.42436613665663947,0.4649401417053506
2021-11-08,0.5766538376962341,0.8212041884816754,0.6488973780170169,0.3802363050483351,0.4562774792379091
2021-11-09,0.570522897722952,0.8086888249149438,0.6564236111111111,0.34664948453608246,0.4703296703296703
2021-11-10,0.5983054508569152,0.8155416012558869,0.6918937684429787,0.43461455872879534,0.451171875
2021-11-11,0.5847955175219242,0.8161130002615746,0.6355432141617494,0.4149849720910262,0.47254088357334634
2021-11-12,0.6056570546387929,0.8376046025104602,0.6356064549713691,0.48358016741790083,0.4658369936554417
2021-11-13,0.5619709132064734,0.8329411764705883,0.4814365024288688,0.4216738197424893,0.5118321541839473
2021-11-14,0.5810226095243027,0.8298484056455828,0.48152645273200345,0.49173996996352715,0.5209756097560976
2021-11-15,0.5560116796702508,0.8212699242226287,0.48161637183489425,0.4622479622479623,0.45891246037551814
2021-11-16,0.5438095458756429,0.8278474399164054,0.410958904109589,0.5254128243619988,0.4110190151145783
2021-11-17,0.500057309542056,0.8336380255941499,0.28398058252427183,0.430746140651801,0.45186448939800145
2021-11-18,0.4886008007161086,0.8430809399477807,0.2856647599237303,0.4180064308681672,0.4076510721247563
2021-11-19,0.44569878702500976,0.8133646567475855,0.2199306759098787,0.3178311187312473,0.4316686967113276
2021-11-20,0.42915939473534176,0.8110647181628392,0.1696413099982672,0.3177630169273623,0.4181685338528982
2021-11-21,0.4035710604874381,0.8056352726324028,0.16978516978516978,0.2694944301628106,0.36936936936936937
2021-11-22,0.4202174928535294,0.7968179447052687,0.16992897973324095,0.3090597558363675,0.4050632911392405
2021-11-23,0.41228166962633106,0.7846153846153846,0.12729476965708353,0.2955032119914347,0.4417133122414213
2021-11-24,0.38309750514562546,0.7557351407716371,0.09696969696969693,0.27895525583386854,0.40072992700729926
2021-11-25,0.3647194886365736,0.6877769090435235,0.0784279778393352,0.2806078767123288,0.4120651909511068
2021-11-26,0.37387256374917793,0.7113079729025534,0.07858750216375276,0.3094371923817676,0.3961575875486381
2021-11-27,0.36722202887732824,0.6366241208648085,0.06992038767739706,0.3395378690629012,0.42280573790420617
2021-11-28,0.38041799621002514,0.6661458333333333,0.07008132894964525,0.3452406417112299,0.4402041808458921
2021-11-29,0.3722538113974417,0.6618068211403281,0.07024221453287194,0.29961505560307955,0.4573511543134872
2021-11-30,0.3626951769329445,0.6686621551275378,0.0645217090468777,0.28586700876630317,0.4317298347910593
2021-12-01,0.3301044098166279,0.5771532656778559,0.0719474230370114,0.2552372808892689,0.41607966966237553
2021-12-02,0.352821400634375,0.5858480749219563,0.16548504236555417,0.25902970720239366,0.4009227780475959
2021-12-03,0.36587846836666726,0.5841352405721716,0.15750345781466113,0.33974358974358976,0.38213158533624664
2021-12-04,0.34939193198434687,0.5803432137285491,0.14070872947277446,0.2847682119205298,0.39174757281553396
2021-12-05,0.41795628566472703,0.5788926436184039,0.14085724161769786,0.4073045706962836,0.5447706867265227
2021-12-06,0.44628526939614,0.5865384615384616,0.14100570243649557,0.4734144778987828,0.58418243571082
2021-12-07,0.4712526086871237,0.5510522213561964,0.16085003455425018,0.5602049530315969,0.6129032258064516
2021-12-08,0.5080386987114676,0.6020779220779221,0.2095353256175505,0.5944503735325507,0.6260911736178467
2021-12-09,0.4977358354302031,0.6211373669176837,0.2300518134715026,0.5499359795134443,0.5898181818181818
2021-12-10,0.4378150919033006,0.5991692627206646,0.13935417026420305,0.4393001920204822,0.5734367426078526
2021-12-11,0.4139080085807094,0.5712431871269141,0.15780386740331487,0.4206484641638225,0.505936515628786
2021-12-12,0.3503394038703836,0.5648676699532953,0.15794924909373387,0.31904457240349754,0.3594961240310077
2021-12-13,0.31414246938838747,0.574059662775616,0.15809458060062132,0.24008528784648187,0.2843303463308307
2021-12-14,0.30582870441408666,0.5741701244813278,0.17635893011216563,0.211042421658495,0.26174334140435834
2021-12-15,0.3050015884730493,0.5807622504537204,0.17270531400966183,0.21163682864450128,0.2549019607843137
2021-12-16,0.3259329489925089,0.604199066874028,0.15680524409177166,0.23609631365864053,0.30663117134559537
2021-12-17,0.35887730675056795,0.5869396216636434,0.3794411866160745,0.20515551768214743,0.2639729010404065
2021-12-18,0.3663084339514871,0.5896373056994819,0.3419555095706156,0.2298189563365282,0.30382196419932267
2021-12-19,0.37570621887202627,0.6244496244496245,0.3420689655172414,0.2644804088586031,0.271825876662636
2021-12-20,0.38455046774042245,0.6393060590367685,0.342182382347871,0.2752820949542261,0.281431334622824
2021-12-21,0.36835922284418265,0.6308568470100957,0.3057566356428818,0.27479778629203916,0.2620256224317138
2021-12-22,0.36636643696356813,0.6268115942028986,0.3150094778562812,0.27835709725473506,0.24528757854035765
2021-12-23,0.4041965465118907,0.6489003880983182,0.46967608545830464,0.31,0.18820971249093985
2021-12-24,0.4791278417993196,0.6277806518365235,0.6080964685615848,0.44416081684747927,0.23647342995169082
2021-12-25,0.4632514512170838,0.6232221360227567,0.6081639683086462,0.3972777541471714,0.22434194638976093
2021-12-26,0.4530318686842588,0.5522233712512927,0.6082314448079904,0.4131405485860089,0.23853211009174313
2021-12-27,0.45783675295521187,0.6156629620056862,0.6082988980716253,0.41284013605442177,0.19454501568911417
2021-12-28,0.4693865305575927,0.5741602067183462,0.6847994491306593,0.4395324123273114,0.17905405405405406
2021-12-29,0.49524949918983985,0.5706535778868509,0.738209982788296,0.4723756906077348,0.19975874547647768
2021-12-30,0.5245195695472935,0.5790289256198347,0.7607984856307004,0.5281495644784364,0.2301013024602026
2021-12-31,0.5114460813028235,0.6387813064807643,0.7097384721266345,0.483857264231096,0.2134072823727996
2022-01-01,0.5377667132725854,0.6737222509034589,0.7097884052984689,0.5546825228286261,0.21287367405978785
2022-01-02,0.4888006289336731,0.6761290322580645,0.7098383212934296,0.35159235668789807,0.21764280549530007
2022-01-03,0.48211895279436456,0.674406604747162,0.7098882201203783,0.3220123116111229,0.22216867469879517
2022-01-04,0.4018421564679203,0.6404436419912303,0.607977991746905,0.23174872665534804,0.127198265478198
2022-01-05,0.3903809071478834,0.629190304280557,0.6627127385250129,0.17207723318480797,0.09754335260115607
2022-01-06,0.41044268762732494,0.6604795050270689,0.7402887590237195,0.137462876537972,0.10353960992053937
2022-01-07,0.37723477655157833,0.5868556701030928,0.6729678638941399,0.13043478260869565,0.11868078960038517
2022-01-08,0.38593787828402176,0.5740788456583354,0.6859106529209622,0.12828668363019508,0.15547533092659446
2022-01-09,0.39861867604819695,0.5749613601236476,0.6859646108915993,0.15645537417850328,0.17709335899903753
2022-01-10,0.4166677437940024,0.6015967035797064,0.6860185503263483,0.17337855023314963,0.20567717103680538
2022-01-11,0.4289205720348455,0.5947476828012359,0.5462819852309806,0.21318075863530409,0.36147186147186144
2022-01-12,0.5219082236794552,0.635006435006435,0.7146291208791209,0.31313559322033896,0.42486174561192597
2022-01-13,0.526899530239455,0.6224909933093155,0.7651502145922746,0.32260114382546073,0.3973557692307692
2022-01-14,0.5428413100801478,0.6066375096475431,0.8441469275660831,0.336298178737823,0.384282624369142
2022-01-15,0.5048834307194335,0.5799897119341564,0.872318517247297,0.2695320770696591,0.2976934166266218
2022-01-16,0.5304896597918953,0.5752121367960916,0.8723404255319149,0.40008467400508047,0.27432140283449435
2022-01-17,0.5222408241666713,0.5660668380462726,0.8723623262995368,0.3906878306878307,0.2598463016330452
2022-01-18,0.5113720056841731,0.6124389617065022,0.8723842195540309,0.35442234447735926,0.2062424969987995
2022-01-19,0.4858069251642865,0.618191161356629,0.8453095523923855,0.29849799026866936,0.18122899663946232
2022-01-20,0.4660446598355279,0.6529668636013357,0.7424554183813443,0.28109137055837563,0.18766498680105592
2022-01-21,0.47325200922550986,0.6335387776065742,0.7824447111263501,0.26517234087544933,0.21185220729366602
2022-01-22,0.5204297006137847,0.5753530166880616,0.7939664038395612,0.32621564482029597,0.38618373710722
2022-01-23,0.5608847266799684,0.608829568788501,0.7940017137960582,0.3498203339674487,0.4908872901678657
2022-01-24,0.5781899727010884,0.6145753143443675,0.7940370116518163,0.3508030431107354,0.5533445216974346
2022-01-25,0.5844999168431354,0.6457157516675218,0.7013876991605277,0.34755968730192266,0.6433365292425696
2022-01-26,0.5700473957500636,0.647345473198256,0.630866735183282,0.3293198141106886,0.6726575605080278
2022-01-27,0.5825831783274732,0.7120512820512821,0.5980476108922761,0.30221752903907073,0.718016291327264
2022-01-28,0.5262483550187365,0.7585234555242246,0.39075342465753427,0.26182432432432434,0.6938922155688623
2022-01-29,0.4750905730649805,0.730138390568939,0.37082691319979455,0.19379354021532616,0.6056034482758621
2022-01-30,0.4538330391033131,0.7440430438124519,0.3709346114344403,0.1561840439003799,0.5441704572659803
2022-01-31,0.42358200711420557,0.6857069672131147,0.37104227280506585,0.14116902300063305,0.49640976543800863
2022-02-01,0.42673347846175413,0.6857874519846351,0.445242984257358,0.1770042194092827,0.3988992581957406
2022-02-02,0.44124478593032734,0.6799795186891961,0.47168520102651834,0.2341278211347817,0.3791866028708134
2022-02-03,0.4665787109161361,0.7112874328129,0.5521724255901471,0.2806832560101223,0.32217172925137527
2022-02-04,0.48685249239275485,0.6967758444216992,0.5883358987514965,0.3445076955513388,0.31779053084648495
2022-02-05,0.4688939036355172,0.6876438986953185,0.49127906976744184,0.3741568296795953,0.32249581639971314
2022-02-06,0.4994191829783518,0.710230179028133,0.49136604547785945,0.47629083245521603,0.31978967495219884
2022-02-07,0.5253250833933714,0.712094093582204,0.4914529914529915,0.6076696165191741,0.2900836320191159
2022-02-08,0.5300429713362487,0.7313394683026585,0.5860536660399931,0.5036865388666526,0.29909221213569037
2022-02-09,0.5150389626110777,0.7462305136723741,0.4822282980177717,0.47893850042123,0.3527585383329353
2022-02-10,0.5400314403960499,0.7539601430761369,0.5868785238339314,0.4881027584754685,0.33118433619866283
2022-02-11,0.5592524528638054,0.746360153256705,0.559104885548343,0.5378947368421053,0.39365003580806873
2022-02-12,0.5501664248360935,0.7533197139938713,0.39402220324508963,0.6213428751841718,0.431980906921241
2022-02-13,0.5652626209254209,0.7607863160582078,0.3941256830601093,0.6651936026936027,0.4409448818897638
2022-02-14,0.573347762754547,0.7697805002552323,0.3942291275396961,0.6374921102461604,0.49188931297709926
2022-02-15,0.547909788273138,0.776473590201582,0.29003072721065215,0.629785443836769,0.49534939184354876
2022-02-16,0.5569527787466114,0.772704081632653,0.3816350913125107,0.6147213459516299,0.4587505960896519
2022-02-17,0.5874799445024532,0.7541443509308849,0.5059726962457338,0.5887300252312868,0.5010727056019071
2022-02-18,0.5724791496147592,0.7531871494135645,0.4751748848319399,0.5734706747950389,0.4880838894184938
2022-02-19,0.5489567648548127,0.7443283201631404,0.41965199590583424,0.5603194619588062,0.4715272813914701
2022-02-20,0.515914919204195,0.7650356778797146,0.41975098072659045,0.4393780205925615,0.4394949976179133
2022-02-21,0.4753219815903681,0.8015286624203821,0.419849931787176,0.35483193277310926,0.32507739938080493
2022-02-22,0.43602821874676156,0.7954661232806928,0.4199488491048593,0.2646502835538752,0.26404761904761903
2022-02-23,0.4330667077560313,0.803921568627451,0.4706784861916127,0.21629567408651826,0.2413711021185432
2022-02-24,0.4560515246770419,0.8217922606924644,0.6248508607465485,0.1969347050178459,0.1806282722513089
2022-02-25,0.40154641071911024,0.8096207686434207,0.3345262440354465,0.2086481947942905,0.2533904354032834
2022-02-26,0.4287085746857804,0.7913486005089059,0.4522065087749191,0.23126967471143756,0.24000951474785917
2022-02-27,0.42533286239175705,0.7527346731111677,0.4522998296422487,0.24255140579101972,0.25374554102259217
2022-02-28,0.4612711401337922,0.767293997965412,0.4523931187191279,0.2773232641074051,0.34807417974322397
2022-03-01,0.5731751836212544,0.7220950928044749,0.6735354223433243,0.4349832214765101,0.46208699786070834
2022-03-02,0.5889316429709184,0.7440264361972547,0.5509960837731993,0.52505766408052,0.5356463878326996
2022-03-03,0.6168053796798001,0.7479034307496824,0.44552264215185566,0.6285115303983229,0.6452839154193395
2022-03-04,0.5719115163143897,0.745680894308943,0.37531914893617024,0.5711590861454622,0.5954869358669834
2022-03-05,0.5401863022320853,0.7470154940309881,0.21017699115044253,0.5326906957250629,0.6708620280218476
2022-03-06,0.5424056929117256,0.7569832402234637,0.21031138335885657,0.500523779593547,0.7018043684710351
2022-03-07,0.5410315142166141,0.7616146230007617,0.2104457298400817,0.5397989107666527,0.6522667932589603
2022-03-08,0.4693968155834413,0.7454314720812183,0.09253274366388842,0.4242931937172775,0.6153298528713811
2022-03-09,0.4354159080362676,0.7688403958386196,0.08775510204081638,0.3038107202680067,0.5812574139976275
2022-03-10,0.44894423584433646,0.7650938609842719,0.19316442781839827,0.27276533389156377,0.5647533206831119
2022-03-11,0.46115191172161785,0.8341364443317272,0.1839510370622237,0.28442863122645456,0.5420915342660659
2022-03-12,0.42788913782642773,0.824290060851927,0.10997790243073258,0.25026156099602426,0.527027027027027
2022-03-13,0.39716495867306884,0.8048162230671736,0.11012916383412641,0.2096234309623431,0.46409101682863235
2022-03-14,0.3910488031474195,0.8066396350734921,0.11028037383177569,0.1809244927839364,0.4663507109004739
2022-03-15,0.3750932603746592,0.7973144160121611,0.08171933401291198,0.16457549142618152,0.45676380004738215
2022-03-16,0.3848124019322834,0.8221884498480243,0.09410565653134029,0.17269496132134643,0.45026054002842253
2022-03-17,0.43111000169663105,0.8310964801215498,0.1903872282608695,0.19147157190635453,0.5114847264977505
2022-03-18,0.44983464549812335,0.8187341772151899,0.2744099167940227,0.19435736677115986,0.5118371212121212
2022-03-19,0.44851923930015936,0.8129587446216148,0.21918505942275046,0.2528207271207689,0.509112426035503
2022-03-20,0.47436157563690273,0.7887145748987854,0.21931760312340864,0.33214957175684146,0.5572645527685754
2022-03-21,0.489085498661748,0.7796610169491526,0.21945010183299385,0.3757309941520468,0.5814998817127986
2022-03-22,0.5403643535703906,0.8161355589276682,0.25080604106567117,0.49801628732512004,0.5964995269631032
2022-03-23,0.5515325746755562,0.8219974715549937,0.24855785544621645,0.5323590814196242,0.6032158902813904
2022-03-24,0.5213206868887778,0.8311425682507583,0.24529262086513992,0.5161761636401586,0.49267139479905436
2022-03-25,0.5399905857282897,0.8344705585039172,0.2476255088195387,0.5678213689482471,0.510044906641456
2022-03-26,0.6222959798016117,0.8163213744315311,0.5301000508733253,0.6307114542040476,0.5120510396975425
2022-03-27,0.5904106722184638,0.8345541803485729,0.5301797219396406,0.5990821860659157,0.39782660051972596
2022-03-28,0.5975225309313872,0.8383838383838383,0.5302593659942363,0.6171011470281543,0.4043457723193198
2022-03-29,0.5601563444929863,0.8353951022469074,0.30627118644067797,0.664720600500417,0.43423848878394333
2022-03-30,0.5862276968835126,0.8508329126703685,0.418403660396543,0.6745882843443819,0.40108593012275734
2022-03-31,0.6283393057087594,0.843805198082261,0.6662148424262961,0.6165068778657774,0.3868303044607033
2022-04-01,0.5901773417035104,0.8451059535822402,0.6273081483991191,0.5265680350072932,0.36172722982538935
2022-04-02,0.5554962170445574,0.8426229508196721,0.6070460704607046,0.403125,0.36919084689785325
2022-04-03,0.597140412821481,0.846444780635401,0.6071126164267571,0.43240991460112477,0.5025943396226416
2022-04-04,0.5904898884414391,0.8472397277539703,0.6071791398577717,0.417326114119117,0.49021457203489743
2022-04-05,0.6249702768132245,0.8424899193548387,0.7685796512612155,0.40224859462835727,0.48656294200848654
2022-04-06,0.6378181740488678,0.8321995464852607,0.8322613405551794,0.38905079100749373,0.4977610181475371
2022-04-07,0.6637858039163519,0.847103274559194,0.8348282281265865,0.41477627471383977,0.558435438265787
2022-04-08,0.5996422339199828,0.8388315285822211,0.5527918781725889,0.4429879317519767,0.5639575971731449
2022-04-09,0.5892342424411947,0.8313192346424975,0.5692776180003383,0.435614728520907,0.5207253886010362
2022-04-10,0.5298804558457975,0.753838409262522,0.5693504736129905,0.36002495840266224,0.4363079821050153
2022-04-11,0.5278558372507131,0.7700050327126321,0.569423304583122,0.36286130172593056,0.4091337099811676
2022-04-12,0.5428230527819883,0.7640251572327044,0.6080486980047346,0.37276507276507276,0.4264532831254413
2022-04-13,0.5701026483093979,0.7660965794768612,0.6754015215553677,0.3932654333818333,0.4456470588235294
2022-04-14,0.5779131102144672,0.7814935881317576,0.718052738336714,0.4077306733167082,0.4043754410726888
2022-04-15,0.5266401712554662,0.7928607340372046,0.5073516984958594,0.40536048202784125,0.40098777046095957
2022-04-16,0.45992561663455894,0.8019602915305353,0.36650895572828657,0.3498130452845866,0.3214201739948272
2022-04-17,0.4683002103379621,0.8128140703517588,0.36661598242946447,0.33457943925233646,0.35919134931828867
2022-04-18,0.459942835434211,0.8168801808590807,0.36672297297297296,0.28343023255813954,0.372737955346651
2022-04-19,0.4352672151956847,0.8274736313410347,0.35534538084782974,0.23188706663898692,0.3263627819548872
2022-04-20,0.3939998761875809,0.8240020085362791,0.26393110435663625,0.21087588210875882,0.2771905097486493
2022-04-21,0.412864330664583,0.7914156626506024,0.3692385615397602,0.21062461091512763,0.2801784875528417
2022-04-22,0.4006351827668312,0.7854454203262233,0.27211343686698175,0.245850622406639,0.29913125146748065
2022-04-23,0.40032619571997957,0.7591570496738584,0.12793248945147684,0.2806471686372122,0.4335680751173709
2022-04-24,0.40789655701680083,0.7511913719588663,0.1280796490043874,0.35006221484861055,0.4022529922553391
2022-04-25,0.4057084716556764,0.7728184553660983,0.1282267588999494,0.3346464855898818,0.38714218676677614
2022-04-26,0.4077775409786092,0.7269992479318125,0.0700067476383266,0.3996683250414594,0.43443584330283835
2022-04-27,0.4098349633380345,0.7175438596491228,0.07303086523865743,0.39191709844559586,0.45684803001876173
2022-04-28,0.38250259051118446,0.7303933851165121,0.033726812816188834,0.3466639038541235,0.41922626025791326
2022-04-29,0.3653140749180406,0.6971442885771544,0.013825661777103315,0.3356121814791796,0.4146741678387248
2022-04-30,0.3843690978848926,0.695717505634861,0.025286581254214457,0.4208782104391052,0.39559409421138975
2022-05-01,0.39486481383196126,0.6865297946920381,0.025450868026293594,0.4609650031062332,0.4065135895032802
2022-05-02,0.3904719580154582,0.6690863579474343,0.025615099427030663,0.474120082815735,0.3930662918716327
2022-05-03,0.3559441883846707,0.6896896896896897,0.023925863521482738,0.39681225419167876,0.31334894613583136
2022-05-04,0.347734571885408,0.6970227670753064,0.025438005390835627,0.4027317880794702,0.26574572699601967
2022-05-05,0.3372269395334905,0.6555777888944472,0.03553983493346813,0.367059797227395,0.2907303370786517
2022-05-06,0.37514309651768357,0.6461615403850962,0.03216571236106436,0.4786925941249483,0.34355253919962553
2022-05-07,0.36270746282198363,0.562,0.04361003535948815,0.5036194415718718,0.34160037435657464
2022-05-08,0.3651313248421558,0.5713571607098226,0.043771043771043794,0.47580645161290325,0.3695906432748538
2022-05-09,0.3973517870833675,0.5459770114942528,0.04393199798013803,0.5439321893735787,0.45556594948550044
2022-05-10,0.4158648262571357,0.35648263802148383,0.031639178727701056,0.6655642827614717,0.6097732055178864
2022-05-11,0.45001970945898273,0.3479020979020979,0.028268551236749095,0.6889853275470138,0.7349228611500701
2022-05-12,0.48338802097270356,0.36179775280898874,0.03280619111709282,0.7252066115702479,0.8137415283944847
2022-05-13,0.4771365948638198,0.373689465801298,0.01396131202691342,0.6783722371410865,0.8425233644859813
2022-05-14,0.4751600873581292,0.363613676066883,0.032122435250588666,0.6354812061131764,0.8694230320018688
2022-05-15,0.5031770068129068,0.3720059880239521,0.03228518580797035,0.7321907908321288,0.8762260625875758
2022-05-16,0.5158888242598734,0.3571963083063108,0.032447881640887744,0.7890173410404624,0.8848937660518328
2022-05-17,0.5172307529169655,0.3658354114713217,0.03496385947218017,0.7981424148606812,0.8699813258636788
2022-05-18,0.5191918745827209,0.3642483171278983,0.06621848739495795,0.8049938093272803,0.8413068844807468
2022-05-19,0.5029571987932561,0.3606679960119641,0.07292891950932612,0.8033835362079637,0.7748483434437704
2022-05-20,0.474069372207795,0.3413904809369549,0.084005376344086,0.775990099009901,0.6948915325402379
2022-05-21,0.4673329747052458,0.34230194319880414,0.11490005039475892,0.7554134873169726,0.6567164179104478
2022-05-22,0.41100792400551744,0.338480697384807,0.11504870675176349,0.6202061855670103,0.5702961063184891
2022-05-23,0.3555713146488539,0.3463645418326693,0.11519731318219983,0.4518655947227376,0.5088578088578088
2022-05-24,0.3787318431470946,0.3480209111277073,0.3640026863666891,0.30791426215993406,0.494989512934048
2022-05-25,0.3822365876155327,0.34071677451468396,0.49739801913714954,0.2120337935297754,0.4787977632805219
2022-05-26,0.37973377039436274,0.3558099029609355,0.49731453507888557,0.2311495673671199,0.43466107617051014
2022-05-27,0.4120437010958696,0.36592039800995024,0.6603456955865078,0.22018537590113285,0.4017233348858873
2022-05-28,0.46021462750286435,0.3556329271325541,0.8528523489932887,0.21560955518945635,0.4167636786961583
2022-05-29,0.46680415970100037,0.3610144206862258,0.8528770340546888,0.2126827259625283,0.44064245810055863
2022-05-30,0.4585182431810717,0.3658960974397216,0.8529017108352902,0.18567311650885138,0.42960204794042356
2022-05-31,0.45770837814403764,0.37375745526838966,0.8529263793392587,0.16464293064416546,0.4395067473243369
2022-06-01,0.4507681628374953,0.37118012422360247,0.7940979208584842,0.19094650205761318,0.4468481042102815
2022-06-02,0.45165704795724637,0.34202682563338305,0.7544006705783739,0.18740999794281013,0.5227906976744187
2022-06-03,0.4790008256862115,0.34442513037000244,0.8342272879651358,0.2025915261209379,0.5347593582887701
2022-06-04,0.46856660574034836,0.381578947368421,0.7821350762527233,0.23565700185070945,0.47489539748953974
2022-06-05,0.4435492822014033,0.4028294862248697,0.782171581769437,0.17948190789473684,0.4097141529165698
2022-06-06,0.44067882198322866,0.4464019851116625,0.782208075054448,0.16793422404933198,0.36617100371747213
2022-06-07,0.46170881418921383,0.46911436368146864,0.8427135678391959,0.19749280723386764,0.3375145180023229
2022-06-08,0.449794802191388,0.48586309523809523,0.7924970691676436,0.1877953564824327,0.3330236878773804
2022-06-09,0.49757392729251737,0.7639474336722043,0.8941728064300067,0.14852095316351685,0.18365451590434176
2022-06-10,0.46838801810970954,0.7684680218145761,0.8625481332663654,0.14109673444239063,0.10143918291550603
2022-06-11,0.3751455863396249,0.733828996282528,0.5858721124874455,0.1186858316221766,0.0621954049663495
2022-06-12,0.3685950838958645,0.6850842418235877,0.5859414225941423,0.14535003079449804,0.058004640371229696
2022-06-13,0.39383340989452387,0.7418875402526628,0.5860107095046854,0.16810344827586207,0.07933194154488518
2022-06-14,0.34958093564766796,0.579247152055473,0.523841392002677,0.13359326903344962,0.16164192949907236
2022-06-15,0.29676927664957076,0.5058182718494677,0.33556373369019743,0.12659006975789905,0.21910503130071876
2022-06-16,0.33628860486991896,0.5247524752475248,0.31192507108212075,0.14871794871794872,0.3597589244320816
2022-06-17,0.37325983793669,0.5204157386785448,0.3449832775919732,0.14212469237079572,0.4855156431054461
2022-06-18,0.42154159252242807,0.6467095497278574,0.2698545393746865,0.14865696124666802,0.6209453197405005
2022-06-19,0.48481091124170084,0.6829087311402424,0.2699765964560348,0.2047970479704797,0.7815612694000463
2022-06-20,0.4971176525062982,0.6886745796241345,0.2700986127360856,0.21705267472842796,0.8126447429365447
2022-06-21,0.5158720769538737,0.7438813349814586,0.27022058823529416,0.27397540983606555,0.7754109747626765
2022-06-22,0.5172078115777228,0.7283737024221453,0.26867167919799495,0.33312845728334356,0.7386574074074074
2022-06-23,0.5093143528610811,0.7882382011366444,0.2786501837621116,0.3013109381401065,0.6690580884054617
2022-06-24,0.4962933481373776,0.8036067193675889,0.14080507766828132,0.3882858898218308,0.6524757056918093
2022-06-25,0.48359785409549294,0.7905655717461102,0.16299265197060786,0.31347256347256347,0.6673606291926902
2022-06-26,0.43367715649153615,0.7767901234567901,0.16313240941726503,0.2323439099283521,0.5624421831637373
2022-06-27,0.4185163712318282,0.804986423105406,0.16327212020033388,0.2359803520261973,0.4698265895953757
2022-06-28,0.42069118792170856,0.7268015794669299,0.2680687698213987,0.27481072232453446,0.41308368007397134
2022-06-29,0.39009376468597307,0.7355045645201086,0.16538718291054744,0.27168576104746317,0.38779755026577306
2022-06-30,0.37567585018103744,0.7816970892945239,0.08493242115801769,0.2978114133769687,0.33826247689463956
2022-07-01,0.3721389922110964,0.8152897657213317,0.0729062395729062,0.27280163599182006,0.32755832755832753
2022-07-02,0.39579158722626157,0.8525641025641025,0.07839866555462882,0.3457370680842364,0.30646651270207853
2022-07-03,0.4083880372459146,0.8461917673157505,0.07855236824549705,0.37816843826655766,0.3306395751558531
2022-07-04,0.4068277265071842,0.8238048299655003,0.07870601967650492,0.36215001021867976,0.3626500461680517
2022-07-05,0.3965429605554569,0.8080808080808081,0.07885961987329104,0.32304863097670616,0.3761827832910224
2022-07-06,0.38490677954845975,0.8049261083743843,0.022503750625104235,0.3054136874361593,0.406783571758191
2022-07-07,0.40041272180963683,0.8197488303373553,0.016833333333333367,0.33231209150326796,0.43275663206459053
2022-07-08,0.40061497372912747,0.828409650418513,0.025495750708215303,0.3908515417602614,0.3577029520295203
2022-07-09,0.4502119406479088,0.8397735663302979,0.035988003998667084,0.43119640669661086,0.4938897855660595
2022-07-10,0.46174257974435934,0.8378444881889764,0.0361485923704814,0.4068177179016126,0.566159520516367
2022-07-11,0.47236486818557377,0.8415744157441575,0.036309127248500994,0.42918367346938774,0.5823922562802489
2022-07-12,0.44421216187919393,0.8443187407771766,0.016153205661948333,0.3670679453172822,0.5493087557603686
2022-07-13,0.43246455028795033,0.8357511679370544,0.02447552447552448,0.39024887800897595,0.4793826307302465
2022-07-14,0.3857479761406478,0.8616027531956736,0.06009655402030967,0.2679991841729553,0.3532934131736527
2022-07-15,0.3752500812036622,0.8889161956254608,0.07689747003994674,0.20799347471451876,0.32719318443472256
2022-07-16,0.3487260657083273,0.8670761670761671,0.1798968214345149,0.16860346585117228,0.17932780847145488
2022-07-17,0.3415279943746344,0.8693195774993859,0.18003327787021628,0.16877293110476968,0.14798619102416571
2022-07-18,0.3146561766009226,0.7635068762278978,0.18016968890367657,0.1768901569186876,0.13805798435342845
2022-07-19,0.3483281422068445,0.7797692118831329,0.2889221556886228,0.1691116544417278,0.15550954681389464
2022-07-20,0.34372593359909437,0.7916053019145802,0.1774488608015965,0.18781829293135058,0.21803127874885003
2022-07-21,0.41222281892452917,0.7656441717791411,0.25257731958762886,0.28024439918533606,0.35042538514601057
2022-07-22,0.42902744612697763,0.7909715407262021,0.11953449709060682,0.35227041335776826,0.4533333333333333
2022-07-23,0.4609833817463446,0.7002698062300712,0.16040558510638303,0.4203990228013029,0.5628591128476212
2022-07-24,0.4715144175058409,0.6956841589014222,0.16054512215389727,0.4388357419092204,0.5909926470588235
2022-07-25,0.48662846703324236,0.7357195391027213,0.16068461282818214,0.45075295075295074,0.5993567654491155
2022-07-26,0.5436232791978413,0.7455882352941177,0.19571357368333608,0.5609359104781282,0.6722553973357832
2022-07-27,0.517703774428414,0.7370742465082087,0.11794019933554822,0.5315296989422295,0.6842709529276694
2022-07-28,0.5126332677990557,0.7959333659970602,0.09035044012622484,0.4679682733374009,0.6962809917355371
2022-07-29,0.5586703184952614,0.7675728630908646,0.22899368980405177,0.49471329808865394,0.7434014229974754
2022-07-30,0.5914900169702244,0.7220861900097943,0.34550888261663626,0.5271396625330351,0.7712253327214319
2022-07-31,0.5744176866048359,0.6952264381884945,0.3456175298804781,0.4839430894308943,0.7728836889194769
2022-08-01,0.5660642738061492,0.6923641703377386,0.34572614107883815,0.4704328388538915,0.7557339449541285
2022-08-02,0.5642283561937564,0.6802055297284071,0.41237968801858615,0.4195449004469728,0.7447833065810594
2022-08-03,0.5757991588652955,0.696917808219178,0.41430230628836906,0.4395693682713792,0.7524071526822559
2022-08-04,0.6252498988895404,0.7048178038640254,0.5514266755142667,0.5136068237205524,0.731148292459317
2022-08-05,0.6540030142817023,0.6867970660146699,0.7473876264720518,0.51248730964467,0.669340054995417
2022-08-06,0.6065913573254494,0.7188951356636519,0.5897180762852405,0.47239139261063745,0.6453608247422681
2022-08-07,0.6013729788748196,0.7079667644183774,0.5897861051235285,0.4877207225492186,0.6200183234081539
2022-08-08,0.5640684938307939,0.6977766919130222,0.5898541114058355,0.45799512987012986,0.5106480421341882
2022-08-09,0.5735707638971458,0.6858817782120176,0.6348417039615448,0.5035504159058632,0.4700091575091575
2022-08-10,0.5934739732765762,0.6825396825396826,0.7905203844879019,0.49776876267748477,0.403067063401236
2022-08-11,0.6472850738328025,0.6650390625,0.9376967688483844,0.5568850131819104,0.42951945080091536
2022-08-12,0.6531078587134149,0.6551134976812302,0.9309145129224652,0.5411597729115978,0.4852436513383665
2022-08-13,0.6737243670108404,0.6878965348950707,0.9562696703660759,0.6278126900466248,0.42291857273559014
2022-08-14,0.6729225350474011,0.6674798731397902,0.9562769128850612,0.6291041751114714,0.4388291790532815
2022-08-15,0.727283810005336,0.7380487804878049,0.9562841530054644,0.6674772036474164,0.5473251028806584
2022-08-16,0.7239544152757368,0.753474762253109,0.8824503311258278,0.6701782820097245,0.5897142857142857
2022-08-17,0.711544298957588,0.802535348610434,0.7353087237212382,0.6929309297144015,0.6154021937842779
2022-08-18,0.6425245574722792,0.8130636119912259,0.58987090367428,0.6208991494532199,0.5462645647703906
2022-08-19,0.5883864174954694,0.8121345029239766,0.551712725467483,0.5991091314031181,0.39058931018730014
2022-08-20,0.5573405349099299,0.7829476248477467,0.46409662475182,0.5676113360323887,0.41470655400776435
2022-08-21,0.5541406769567954,0.7710667316122747,0.4641852770885029,0.5808540781218376,0.4004566210045662
2022-08-22,0.5611134426369906,0.8078889700511322,0.4642739000992392,0.6031970861999191,0.3690938141976718
2022-08-23,0.5049139147740336,0.807935735150925,0.2859269059037539,0.5903297592555129,0.3354632587859425
2022-08-24,0.5085157551377654,0.7834022876612314,0.3870701058201058,0.5327669902912622,0.3308236367784622
2022-08-25,0.5174138698232199,0.7856447688564476,0.42783931228302197,0.5375126390293226,0.3186587591240876
2022-08-26,0.5369081328299209,0.8085623935782048,0.44677685950413226,0.5014152850788516,0.39087799315849486
2022-08-27,0.4964525454923015,0.7898832684824902,0.318129234837217,0.4687689508793208,0.40902872777017785
2022-08-28,0.48418692135546787,0.8144906394359348,0.3182419035029742,0.43633791430881164,0.3676772281741509
2022-08-29,0.45412575012965206,0.7768595041322314,0.31835453494135135,0.3885633461305314,0.33272561531449407
2022-08-30,0.4277611673565744,0.8014580801944107,0.19639907499174103,0.4078787878787879,0.3053087263613579
2022-08-31,0.408982253924711,0.8010204081632653,0.11924029727497931,0.38719450616037165,0.3284738041002278
2022-09-01,0.43107919935454075,0.7541899441340782,0.2156538969616909,0.37096122778675283,0.3835117285356411
2022-09-02,0.430425261902862,0.7391937833899951,0.15453194650817237,0.41449626488996566,0.4134790528233151
2022-09-03,0.4110504971719803,0.666181111920369,0.16127434796962692,0.4136051675413807,0.4031413612565445
2022-09-04,0.4435858718020411,0.6766990291262136,0.16141277438521207,0.49767911200807263,0.43855257168866635
2022-09-05,0.42950559458612947,0.6003397233681145,0.16155115511551155,0.49697336561743344,0.45915813424345847
2022-09-06,0.42828620057288147,0.5929160601649685,0.16168949018313805,0.4603590881581602,0.4981801637852593
2022-09-07,0.43710887479652527,0.5978656318214892,0.10640052787858789,0.4844695441710367,0.5596997953149875
2022-09-08,0.43590159671860906,0.6200290979631427,0.07504535708395188,0.5001008267795927,0.548431105047749
2022-09-09,0.4410044519740022,0.617939393939394,0.08822559366754612,0.48931451612903226,0.5685383041600364
2022-09-10,0.4413792599887585,0.6173048957828405,0.07089859851607583,0.4702680911106632,0.6070454545454546
2022-09-11,0.4248900466322506,0.6040707535740247,0.07105176393010226,0.4143490528012898,0.6100886162235856
2022-09-12,0.44905947489784825,0.594718992248062,0.07120487885281024,0.46766068909933506,0.6626533393911859
2022-09-13,0.46678240919037084,0.5705982077984983,0.09278180619644039,0.5060435132957293,0.6977061094708153
2022-09-14,0.4218540976487899,0.46222760290556897,0.05420991926182239,0.4652567975830816,0.7057220708446866
2022-09-15,0.4311608126568778,0.4843863471314451,0.0733113673805601,0.4752315747080145,0.6917139614074915
2022-09-16,0.400430352351289,0.40561471442400776,0.06506341624114642,0.434266156633783,0.6967771221062188
2022-09-17,0.40316409503377293,0.40745221388821684,0.08629776021080371,0.45450885668276975,0.6643975493533015
2022-09-18,0.41253674340745633,0.3896952104499274,0.08644821340358966,0.4741396659287583,0.6998638838475499
2022-09-19,0.38200736321064266,0.39613059250302296,0.08659861705630556,0.39798792756539236,0.6473123157178499
2022-09-20,0.36747077043557264,0.3941005802707931,0.09382716049382711,0.34862200764433715,0.6333333333333333
2022-09-21,0.37881329343568704,0.3877205704616872,0.1515799868334431,0.38515687851971037,0.5907957379279075
2022-09-22,0.3871356765752433,0.3837602706621557,0.1434918545334869,0.3762316509149407,0.6450589301903898
2022-09-23,0.37205336805086703,0.3771442377385842,0.07058242843040474,0.3731403297145155,0.6673464763199637
2022-09-24,0.37271800524361864,0.3652173913043478,0.03635466359598616,0.38472361809045225,0.7045763479836883
2022-09-25,0.3681422007763292,0.35257184255010865,0.03651315789473686,0.3804260450160772,0.7030577576443942
2022-09-26,0.37437502812933166,0.3491067117334621,0.03667160006577863,0.4128993369499699,0.698822463768116
2022-09-27,0.380158282300433,0.354573980207579,0.012660309108845746,0.43571715548413015,0.7176816844011773
2022-09-28,0.3972797174093167,0.3672779922779923,0.012822620417557107,0.4288009640490058,0.7802172928927117
2022-09-29,0.3807156916146487,0.3495778045838359,0.02564102564102566,0.3485943775100402,0.7990495587236931
2022-09-30,0.38146547625636373,0.37747226242161114,0.04354971240755956,0.345111423408954,0.7597285067873303
2022-10-01,0.41393864291544324,0.48565227875572703,0.04140650673677293,0.3779606583701325,0.7507351277991404
2022-10-02,0.4108075419874603,0.502410800385728,0.0415639888286512,0.37627934978928357,0.7229760289461782
2022-10-03,0.4244089515145618,0.5259098577970596,0.04172141918528249,0.3832263242375602,0.746778204838345
2022-10-04,0.4269508276321663,0.5301204819277108,0.09591065856462477,0.3462387161484453,0.7355334538878843
2022-10-05,0.4128514666400765,0.539388099253192,0.11313628899835793,0.32611311672683513,0.6727683615819209
2022-10-06,0.43133039444823223,0.6069364161849711,0.1543260548350025,0.3495087226789653,0.6145503840939901
2022-10-07,0.45261774231039453,0.6778232602937635,0.11375574523965859,0.39815557337610263,0.6207363903320533
2022-10-08,0.43286287444726645,0.7306210881078479,0.09354997538158538,0.3343355381840048,0.5729448961156278
2022-10-09,0.42454654530862057,0.7323706377858002,0.09369872005251068,0.3144288577154309,0.5576879656807405
2022-10-10,0.39430405237701366,0.7564966313763234,0.09384741591468415,0.26908435183329993,0.45778781038374716
2022-10-11,0.3699882658152835,0.76088525378879,0.09399606299212604,0.2590144230769231,0.36605732340329494
2022-10-12,0.3033393946369063,0.6697931697931698,0.043792028866655786,0.21570198277588623,0.28407039711191334
2022-10-13,0.26202833478364346,0.6501562875691271,0.021482453263365064,0.19623548257909493,0.1802391157229867
2022-10-14,0.30495535915616384,0.7875,0.06509263813739963,0.191991991991992,0.17523680649526388
2022-10-15,0.30545348745981493,0.771689497716895,0.044426229508196746,0.19915932746196957,0.20653889515219842
2022-10-16,0.3229727242840156,0.8483901970206631,0.04458285526962791,0.20392235341204723,0.19499549143372408
2022-10-17,0.34190941893023674,0.8503483065097286,0.044739429695181854,0.22869147659063627,0.24385846292540003
2022-10-18,0.35806612700372986,0.8549471661863592,0.09306898246763884,0.20304060812162433,0.281207751239297
2022-10-19,0.3730055113080696,0.8888355342136854,0.07781782437745743,0.2244,0.3009686866411354
2022-10-20,0.3836778416883477,0.8898223715794527,0.06306306306306309,0.275744851029794,0.30608108108108106
2022-10-21,0.38149932223841587,0.8857691384689225,0.0889289223714379,0.2578968412634946,0.2934023868498086
2022-10-22,0.3893210806702934,0.8944337811900192,0.17717373505813006,0.2524485308814711,0.23322827555155334
2022-10-23,0.3922020179509086,0.8992564164068122,0.17730844793713163,0.28157474020783374,0.21066846725185687
2022-10-24,0.39295399331033176,0.9074340527577938,0.17744311671304636,0.2817182817182817,0.20522052205220523
2022-10-25,0.42024274049102744,0.9026612323183889,0.1891980360065466,0.3857371154614463,0.20337457817772778
2022-10-26,0.5028902496401466,0.9132310642377757,0.48388152511863847,0.34431795486319156,0.27013045434098065
2022-10-27,0.6402996327127133,0.9240354660915409,0.8663285340314136,0.4119408945686901,0.35889363615920844
2022-10-28,0.6223756826371527,0.9218974604695735,0.8334696548339604,0.40207626272709124,0.33205935251798563
2022-10-29,0.5962053934412127,0.925748502994012,0.6900556100752371,0.455688622754491,0.3133288379411104
2022-10-30,0.6233835696510215,0.9085249042145593,0.6901062959934587,0.47715026940730393,0.41775280898876405
2022-10-31,0.6103475768920159,0.8731146756045008,0.6901569653368215,0.4714684756584198,0.4066501909683217
2022-11-01,0.5520295066591767,0.8614169459071326,0.48585908124897825,0.46618791143028127,0.3946540880503145
2022-11-02,0.5587241019513702,0.8652787748265135,0.5290944753187317,0.49581172716394095,0.34471143049629466
2022-11-03,0.5253142053217872,0.9141148325358852,0.45530315411014877,0.3678963110667996,0.3639425235743152
2022-11-04,0.4907290906439285,0.9064817029418799,0.1697712418300653,0.4615231259968102,0.42514029180695845
2022-11-05,0.5486450786276378,0.7517934002869441,0.44486195066165657,0.4442894159856488,0.5536355475763016
2022-11-06,0.5140499079122001,0.6648338513028926,0.444952629859523,0.4364288561179753,0.5099842943684092
2022-11-07,0.520269514040391,0.6070745697896749,0.4450432794381839,0.4686192468619247,0.560340960071781
2022-11-08,0.6086339488354024,0.6391875746714457,0.7049314173742651,0.4649402390438247,0.6254765642520744
2022-11-09,0.7177734634093683,0.6939799331103679,0.8256326530612245,0.5550687114120693,0.7964125560538117
2022-11-10,0.7847047757595883,0.7738237401480774,0.8248449232778322,0.6851851851851852,0.8549652544272585
2022-11-11,0.8597227289913248,0.8755969436485196,0.9688265056308144,0.7067489548078837,0.8877185118780816
2022-11-12,0.8786292101833046,0.9341131534972547,0.9688315926892951,0.7193471337579618,0.8922249607887072
2022-11-13,0.8801098890617725,0.9451073985680191,0.9688366780877794,0.7265671641791045,0.8799283154121864
2022-11-14,0.877140507047762,0.9463135289906943,0.9688417618270799,0.7369677676084362,0.8564389697648376
2022-11-15,0.8818840409352608,0.9477576335877863,0.9864622410699723,0.7384125721106027,0.8549037169726825
2022-11-16,0.8604109787398173,0.9477700930121631,0.995433789954338,0.7245425616547335,0.7738974703380345
2022-11-17,0.8114753439372593,0.9570815450643777,0.9867927604761129,0.6943726386955658,0.6076544315129812
2022-11-18,0.7588228464007493,0.9597139451728248,0.9801108575154874,0.6441351888667992,0.4513313940478854
2022-11-19,0.7226805387642771,0.9265967588179218,0.9882640586797066,0.616577221228384,0.3592841163310962
2022-11-20,0.7537760922265918,0.9289969025494401,0.9882659713168188,0.7032988871224165,0.3945426079176918
2022-11-21,0.7718559249051207,0.9290138161029061,0.9882678833306175,0.7577985297039539,0.41234347048300535
2022-11-22,0.7597904820851009,0.9354608240057156,0.9604105571847508,0.7701628923321414,0.37312765481779564
2022-11-23,0.7463680621032259,0.9307142857142857,0.9677471900961069,0.7445878848063555,0.34242288779615554
2022-11-24,0.758007115381623,0.951678171863842,0.9848534201954398,0.7587370929308975,0.33675977653631284
2022-11-25,0.7540133455759503,0.951451689671585,0.9848558866634098,0.7933293627159024,0.2864164432529044
2022-11-26,0.7200424528705894,0.9421841541755889,0.9816020840117226,0.7669710202461294,0.1894125530489167
2022-11-27,0.7009307202058803,0.9424357754519506,0.9816050789516523,0.7054971224449296,0.17418490397498884
2022-11-28,0.6819937957178805,0.9410225921521997,0.9816080729166666,0.6396825396825396,0.1656619781201161
2022-11-29,0.6484340362610457,0.9443651925820257,0.940113913751017,0.5945248958539973,0.11473214285714285
2022-11-30,0.6472145630274554,0.9410506299025434,0.9515131793036121,0.5916303054343515,0.10466413746931488
2022-12-01,0.6376958165719637,0.9451045627376425,0.974784447698064,0.49791790600832836,0.13297634984381973
2022-12-02,0.6425528233398621,0.94488001900689,0.996096291476903,0.4512291831879461,0.17800579968770913
2022-12-03,0.6687351983377615,0.9175771971496437,0.9957716701902748,0.5490584737363726,0.21253345227475468
2022-12-04,0.6687905035538309,0.9225837093327001,0.9957723577235772,0.5093143083630598,0.24749163879598662
2022-12-05,0.6650689032460797,0.9572649572649573,0.9957730450333279,0.49435308103824055,0.21288452964779314
2022-12-06,0.6645559257995286,0.9572751008782341,0.9895968790637191,0.48335974643423135,0.22799197682193
2022-12-07,0.6646736911851073,0.9563360227812056,0.9941491955143832,0.485838779956427,0.22237076648841356
2022-12-08,0.645683469362828,0.9546856465005931,0.9857003574910628,0.49643564356435643,0.14591222989529962
2022-12-09,0.5873839109707872,0.9506641366223909,0.9780666125101544,0.3628984359532766,0.05790645879732739
2022-12-10,0.5475174297184726,0.9473559402418781,0.9567901234567902,0.2494061757719715,0.036517479403250945
2022-12-11,0.5330442264112112,0.9324324324324325,0.9567971414649992,0.2186819711062735,0.024265360641139804
2022-12-12,0.5156238064877602,0.8888362171130599,0.9568041571938941,0.1919271863870202,0.024927665257066547
2022-12-13,0.5042832688770722,0.8639810426540284,0.9559993505439195,0.17289812067260138,0.02425456163773921
2022-12-14,0.5059595920007696,0.8888888888888888,0.9391233766233766,0.16356803797468356,0.03225806451612903
2022-12-15,0.479315187389927,0.899336807200379,0.8178867067034572,0.16333794739964405,0.03669928825622776
2022-12-16,0.43648179014317573,0.8898887047122899,0.6092177864329763,0.17477263740608937,0.07204803202134756
2022-12-17,0.4707312105788667,0.8712121212121212,0.6396235599545677,0.19134216248270408,0.1807469986660738
2022-12-18,0.508945930046292,0.805207100591716,0.6396820246593121,0.2648221343873518,0.3260724605467882
2022-12-19,0.5567514770704375,0.9193090392806437,0.6397404703974048,0.26951195415925705,0.39844444444444443
2022-12-20,0.5944469089529764,0.9205110007097232,0.7878689588063574,0.23350454365863296,0.4359031326371917
2022-12-21,0.5924366442743775,0.9176915799432356,0.8363872223123074,0.18763578905787082,0.42803198578409596
2022-12-22,0.5979701219646418,0.9082525419720975,0.9156939040207522,0.17752764612954186,0.39040639573617586
2022-12-23,0.587540611924277,0.9061465721040189,0.8732371535094829,0.1928923988153998,0.37788632326820604
2022-12-24,0.5452780082856981,0.8508626802174427,0.8445705024311183,0.16758784050532965,0.3180910099889012
2022-12-25,0.525152292292667,0.8537334593572778,0.8445956895154756,0.1146635089796724,0.28761651131824234
2022-12-26,0.5263721854840195,0.8570753602645877,0.8446208684381076,0.10714285714285714,0.29664965609052585
2022-12-27,0.5099370608468392,0.8611242324043458,0.8446460392029808,0.10771355296902742,0.22626441881100265
2022-12-28,0.49304976935904604,0.8587957497048406,0.8147068351149984,0.11439842209072978,0.18429807052561545
2022-12-29,0.5065153440459691,0.8482058545797923,0.8165182186234818,0.12186945375665549,0.2394678492239468
2022-12-30,0.5239486676142551,0.8581543544961058,0.875,0.12322555205047318,0.23941476391044114
2022-12-31,0.5360701000723127,0.8612553091080699,0.8860288165776267,0.1760299625468165,0.22096631205673758
2023-01-01,0.5356894925226895,0.8560981363529134,0.886047264486889,0.18722901064249114,0.21338355860846445
2023-01-02,0.5264183254626639,0.8495283018867925,0.8860657064249878,0.18620689655172415,0.18387239698715108
2023-01-03,0.5261261295773992,0.8448479132280122,0.886084142394822,0.18951930654058313,0.1840531561461794
2023-01-04,0.4295396223328326,0.8451202263083452,0.47953405597799714,0.23517825487492613,0.158325952170062
2023-01-05,0.4614476434073454,0.8395003535234504,0.6138790035587189,0.23079952737298148,0.1616116891742307
2023-01-06,0.4626752957873301,0.8454288407163053,0.6202490700307295,0.22721008072455207,0.1578131916777335
2023-01-07,0.5270613754766083,0.846643109540636,0.8661060802069858,0.20098425196850395,0.1945120601903076
2023-01-08,0.5316088427220744,0.8450306170513424,0.866127728375101,0.23341861838220823,0.181858407079646
2023-01-09,0.5363460352735837,0.8257593595479162,0.8661493695441319,0.2563951200314837,0.19708029197080293
2023-01-10,0.5960812752194207,0.8222693032015066,0.9303378050751576,0.3429077316545347,0.2888102609464839
2023-01-11,0.6337038716682024,0.8263120734290421,0.8944731738849386,0.477970102281668,0.3360601370771612
2023-01-12,0.6572788135350854,0.8202352941176471,0.9035385361124576,0.5244837758112094,0.3808576480990274
2023-01-13,0.6882110517049246,0.7061867795812751,0.9665589660743135,0.5678332677939442,0.5122651933701657
2023-01-14,0.6948043916143842,0.66862652869238,0.9334517848489743,0.6207981128366424,0.5563411400795404
2023-01-15,0.7396682116896633,0.651775217493534,0.9334625322997416,0.688875786163522,0.6845593108018555
2023-01-16,0.7360827699100642,0.5947343676539727,0.9334732762796706,0.7215562978974258,0.6945671378091873
2023-01-17,0.7332930292079228,0.5837837837837838,0.9334840167904424,0.6994106090373281,0.7164937072201369
2023-01-18,0.7311915131308191,0.6005639097744361,0.9302663438256659,0.6372029070909448,0.7567328918322296
2023-01-19,0.744365324958753,0.6067653276955602,0.9704648160103293,0.6052631578947368,0.7949679982343854
2023-01-20,0.7144064767112144,0.5634100516674495,0.9522349523963208,0.5617514235224819,0.7802294792586054
2023-01-21,0.7298789835992935,0.6412303357595679,0.9583736689254598,0.4988221436984688,0.8210897860136774
2023-01-22,0.7236855282797665,0.6460093896713615,0.9583803839328924,0.4590775269872424,0.8312748125275695
2023-01-23,0.742279262592197,0.654071814128139,0.9583870967741935,0.489403453689168,0.8672546857772878
2023-01-24,0.7625430716557406,0.6259971844204599,0.9508143847766489,0.5932901706886404,0.8800705467372134
2023-01-25,0.7691824504957808,0.6542341074360779,0.9592067075137053,0.5812083169870538,0.8820806700462861
2023-01-26,0.7907426994232675,0.6461069418386491,0.9643720780267613,0.6573838007452442,0.8951079770824152
2023-01-27,0.8048112645665857,0.6764361078546307,0.9493874919406834,0.6835294117647058,0.909892046706323
2023-01-28,0.803372970947515,0.6863572433192686,0.9416599516518936,0.6826112526955499,0.902863436123348
2023-01-29,0.786323118748491,0.6747129130536678,0.941669352239768,0.6421011368090944,0.8868090728914336
2023-01-30,0.7555433404263826,0.6551077788191191,0.9416787497986144,0.5363511659807956,0.8890356671070013
2023-01-31,0.7520115734741186,0.668306394940267,0.9550579896907216,0.4998040752351097,0.8848778340303765
2023-02-01,0.7580893825244777,0.6882903981264636,0.9309067482686423,0.5286973555337904,0.8844630281690141
2023-02-02,0.7698264075679592,0.687895106532428,0.9384863123993559,0.5765765765765766,0.8763476347634763
2023-02-03,0.7784228883723531,0.6889044943820224,0.9776203509901787,0.5582533777168592,0.8889133304003519
2023-02-04,0.7658995626334648,0.7219751930727826,0.8731487443657437,0.5826155050900548,0.8858588080052782
2023-02-05,0.7803519527041807,0.71548900327562,0.8731691614356993,0.641808573106283,0.8909410729991205
2023-02-06,0.781546058507202,0.6914619883040936,0.8731895719343418,0.683757338551859,0.8777753352385139
2023-02-07,0.7669031224174543,0.6992516370439663,0.8074014481094127,0.6820583056153394,0.8789010989010989
2023-02-08,0.7268637003006179,0.7035305120411504,0.6616795366795367,0.6635367762128326,0.8787079762689519
2023-02-09,0.6429541192810377,0.6844319775596073,0.4983110825156828,0.5399960884021122,0.8490773286467487
2023-02-10,0.6365250786186418,0.6672119654124795,0.5556449018977163,0.4853343762221353,0.8379090709422359
2023-02-11,0.5965177009677088,0.6196261682242991,0.5018491718925873,0.43499511241446726,0.8296003513394817
2023-02-12,0.5439420568909905,0.6159775753328662,0.5019292604501608,0.32877247849882724,0.7290889132821076
2023-02-13,0.5144688008286944,0.6156001868285848,0.5020093232599261,0.28903654485049834,0.6512291483757682
2023-02-14,0.4513076558908881,0.647209899603082,0.3887817422050788,0.2434544744040641,0.5257845073513276
2023-02-15,0.42671788654089154,0.6533613445378151,0.35433070866141736,0.21058800546981832,0.48859148749451514
2023-02-16,0.3989741447856722,0.6072345390898484,0.26847686375321334,0.23828125,0.48190392629962714
2023-02-17,0.4045301784538256,0.5697620158656089,0.24353413654618472,0.3333333333333333,0.47149122807017546
2023-02-18,0.4395214710674239,0.5549335199440169,0.3168968840346932,0.40960562280359236,0.47664985748739314
2023-02-19,0.5026706634049605,0.6119402985074627,0.3170065842299663,0.5528010931095062,0.5289346777729066
2023-02-20,0.515827570423906,0.5474469573327116,0.31711624919717407,0.652615144418423,0.5461319307473154
2023-02-21,0.5206004847163099,0.5370629370629371,0.317225878953283,0.6575609756097561,0.5705521472392638
2023-02-22,0.5124086674104298,0.5532509904451177,0.26260032102728736,0.6751853296917675,0.5585980284775466
2023-02-23,0.49540821232769605,0.5778191985088537,0.19435082651259827,0.6623756582796957,0.5470871660096365
2023-02-24,0.47644355542715444,0.5609131143722339,0.1538831835686778,0.6805772230889235,0.5104007006787825
2023-02-25,0.4406512485624793,0.5540288775034932,0.09465746831381361,0.6552934295184246,0.4586252189141856
2023-02-26,0.40578969793466424,0.5348079161816065,0.09480269489894133,0.5641325536062378,0.4294156270518713
2023-02-27,0.3960217886727868,0.5377094972067039,0.09494787489975942,0.5525238744884038,0.39890590809628007
2023-02-28,0.4280089889395622,0.528508261577845,0.11032713277742145,0.6192517537022604,0.45394880770072193
2023-03-01,0.4112358071719447,0.5316426244765007,0.10758377425044097,0.6218585622443016,0.3838582677165354
2023-03-02,0.4282293637498209,0.500581530588509,0.18900288554023725,0.6743280093494352,0.34900502952110213
2023-03-03,0.38642342973790933,0.5027906976744185,0.133354704279532,0.598442064264849,0.31110625273283776
2023-03-04,0.3909020290120478,0.5145315043013252,0.13221153846153844,0.5852803738317757,0.3315846994535519
2023-03-05,0.37610638952861875,0.5097629009762901,0.13235058484217277,0.5847771072610473,0.27753496503496505
2023-03-06,0.37086547913021994,0.49523588194283064,0.1324895866709388,0.5994550408719346,0.2562814070351759
2023-03-07,0.33234248276718664,0.4663104089219331,0.1326285439692455,0.5135240319128235,0.21690694626474444
2023-03-08,0.3682084939746624,0.4840882694541231,0.15935297885970534,0.572568093385214,0.2568246341996069
2023-03-09,0.39660022593531624,0.5150952159777056,0.3248999199359488,0.48745380276210853,0.25895196506550217
2023-03-10,0.3952073396076539,0.5035987926631066,0.2950688440601985,0.4811357448463633,0.3010259768609474
2023-03-11,0.422730974380859,0.5345868152274837,0.29486153353609734,0.48434765700952753,0.37712789175032735
2023-03-12,0.46131536032094156,0.5878394058946391,0.29497439180537777,0.48503110419906686,0.47741653938468254
2023-03-13,0.4767915560284183,0.6071925754060326,0.29508721395423265,0.4645286686103013,0.5403577661431065
2023-03-14,0.505851505123658,0.5214567385757365,0.32448,0.5388651379712398,0.6386041439476554
2023-03-15,0.5022398282456961,0.4744897959183674,0.3316269396896496,0.4808626384301535,0.7219799389446141
2023-03-16,0.4717054281432838,0.4528170646881521,0.13803582853486884,0.5301087801087802,0.7658600392413342
2023-03-17,0.4821184985217153,0.45224849327770056,0.1826323364784903,0.52048941542047,0.7731037489102005
2023-03-18,0.5120631885697786,0.42943221320973346,0.29373201151263195,0.5493203883495146,0.7757681412072347
2023-03-19,0.4975306763167661,0.4344300278035218,0.29384492406075136,0.4993205202873229,0.7625272331154684
2023-03-20,0.45875985358641536,0.4081538105165624,0.293957800511509,0.40236801242236025,0.7305597908952298
2023-03-21,0.4568542648872798,0.3950903195924039,0.39603643918810927,0.3250533669706967,0.7112369337979094
2023-03-22,0.43791253653115125,0.39499884232461213,0.42937040588047304,0.27629025999223905,0.6509906379272806
2023-03-23,0.44980397174023734,0.4229166666666667,0.49976034510305156,0.2677012609117362,0.608837614279495
2023-03-24,0.48924001540941664,0.41009025688498035,0.731150159744409,0.24379363847944144,0.5719260065288357
2023-03-25,0.44107315310232365,0.4178621008792226,0.639195016770484,0.1952685669963157,0.5119669277632725
2023-03-26,0.4291662714585346,0.4168401572981726,0.6392526349409134,0.19135323768902676,0.4692190559060257
2023-03-27,0.42899255380365986,0.42229417206290476,0.6393102347117994,0.2178716805582477,0.4364941278816877
2023-03-28,0.46723278555957765,0.43976878612716763,0.7678799489144317,0.3436046511627907,0.3176777560339204
2023-03-29,0.4717752434444306,0.45145631067961167,0.8320830007980846,0.35225731447393915,0.25130434782608696
2023-03-30,0.4528100929280346,0.4700716431707881,0.8185445260134057,0.33049205734211545,0.19213214518582916
2023-03-31,0.4777877880580935,0.5113216266173752,0.7547470879208553,0.421266705403835,0.22381573229030857
2023-04-01,0.5013841947317143,0.5592515592515592,0.8438098276962348,0.42389620449264137,0.1785791874864219
2023-04-02,0.5497736007127874,0.5586605080831408,0.8438347423831551,0.5765730880929332,0.22002606429192006
2023-04-03,0.5481120318760889,0.5442161163703533,0.843859649122807,0.5915602013162988,0.21281216069489686
2023-04-04,0.5194932964784688,0.5373961218836565,0.7909424334236964,0.5029998064640991,0.24663482414242294
2023-04-05,0.5227492215191832,0.5499653819524579,0.7739158163265306,0.5203173374613003,0.24679835033644454
2023-04-06,0.564242451115246,0.565989847715736,0.896062490036665,0.5401431611530276,0.2547743055555556
2023-04-07,0.5237166435616861,0.5391003460207613,0.8914568058654766,0.497678916827853,0.16663050553265352
2023-04-08,0.5179018689714326,0.507610701107011,0.8868525896414343,0.5550183716882614,0.12212581344902386
2023-04-09,0.49178136595587907,0.5238644224118054,0.8868706182281708,0.4767981438515081,0.0795922793320321
2023-04-10,0.4838135462075453,0.4963116643614569,0.8868886410705751,0.4971969843417746,0.05485689505637467
2023-04-11,0.4263497516133327,0.45033417838211565,0.7889455240522459,0.43100115964437574,0.03511814437459354
2023-04-12,0.4439249165831474,0.4525345622119815,0.7759197324414716,0.5151690821256039,0.03207628955353273
2023-04-13,0.48039600123867954,0.4973508408200875,0.8769108280254777,0.5278207109737248,0.01950162513542795
2023-04-14,0.5196946316666523,0.5432980193459236,0.9770737143766917,0.5425922348850686,0.015814558058925475
2023-04-15,0.5106099407028155,0.572645636656689,0.9450811843361987,0.5069524913093859,0.017760450508988522
2023-04-16,0.5385974199064821,0.5741252302025783,0.9450899251949706,0.61633519984553,0.018839324382849718
2023-04-17,0.523460340827035,0.6218642117376294,0.9450986632718014,0.5104247104247104,0.016453777873998703
2023-04-18,0.5210978887817217,0.6184997699033594,0.9048528241845665,0.5454545454545454,0.015584415584415584
2023-04-19,0.527858501137911,0.6645962732919255,0.863347120585428,0.5698571979930529,0.013633412681237828
2023-04-20,0.5087725775130129,0.6782428702851886,0.8150151105455702,0.5234420219949836,0.018390307226308956
2023-04-21,0.49587535797743004,0.6491147390204645,0.7991412213740459,0.5108024691358025,0.024443002379407313
2023-04-22,0.44261740217245765,0.5974712643678162,0.5978692955954842,0.5483124397299903,0.026816608996539794
2023-04-23,0.42381205957457135,0.602390255113767,0.597933227344992,0.4616274585422291,0.033297297297297294
2023-04-24,0.45104356323885003,0.5891544117647058,0.597997138769671,0.5733564680933102,0.043666234327712924
2023-04-25,0.5050021501451848,0.5883298874339535,0.7566751430387794,0.6127602158828065,0.062243354225199915
2023-04-26,0.44386494466096554,0.5840606338998622,0.6399173685046877,0.46656388514164576,0.08491789109766638
2023-04-27,0.4252871944927494,0.557060849598163,0.5829361296472831,0.38400770712909443,0.1771440915964571
2023-04-28,0.4429610239379095,0.5397153351698807,0.561715647339158,0.3529185128106338,0.3174946004319654
2023-04-29,0.4427792218862455,0.5391324305714942,0.5384371029224905,0.29622496147919875,0.39732239257179874
2023-04-30,0.41222874914468555,0.505277650298302,0.5385104017786247,0.2050837666088966,0.4000431778929188
2023-05-01,0.4215143597639914,0.49736178022482225,0.5385836773578914,0.14978821717366192,0.5003237642995899
2023-05-02,0.4026320491743589,0.49518348623853214,0.4765835846959835,0.11761308950914341,0.5211480362537765
2023-05-03,0.39338412238455217,0.5136436597110754,0.4357142857142857,0.09257120862201694,0.5316073354908306
2023-05-04,0.38930064167049894,0.5091701054562128,0.5016664021583875,0.10525303059457379,0.4411130284728214
2023-05-05,0.3791636606152393,0.5081366032546413,0.5526816883529038,0.09676798768757214,0.35906836316584
2023-05-06,0.42300460982051574,0.538955087076077,0.667618594320165,0.08290055779957684,0.4025442000862441
2023-05-07,0.4564396692571851,0.5484536082474227,0.6676713197969544,0.07826923076923077,0.5313645182151325
2023-05-08,0.4686665678854063,0.5561154374713697,0.6677240285487709,0.06268025379734667,0.5881465517241379
2023-05-09,0.47188843924986257,0.5520952599038241,0.6736441484300666,0.05440215301806997,0.6074121956474897
2023-05-10,0.4764988237971991,0.5467032967032968,0.7111146345330586,0.05554487795502595,0.5926324859974149
2023-05-11,0.4812361350239241,0.5612268253604944,0.7025998731769182,0.05245964642582629,0.6086581951324574
2023-05-12,0.4103124425790474,0.537070938215103,0.48898399112379143,0.042843419788664745,0.5723514211886305
2023-05-13,0.3766953591245804,0.5978037062457104,0.3088748019017432,0.040145985401459854,0.559956942949408
2023-05-14,0.35675212087016406,0.5953796889295517,0.3089843131041039,0.037065488765123875,0.4855789926818769
2023-05-15,0.32587038083317565,0.5762634347130117,0.30909378960709755,0.05165130568356375,0.3664729933290295
2023-05-16,0.3577312313802945,0.6339734796524921,0.43244099477269127,0.05125743904780188,0.3132530120481928
2023-05-17,0.37693955259432754,0.6187428571428571,0.5199556541019956,0.061036468330134354,0.3080232308023231
2023-05-18,0.33996825597697555,0.6277422303473492,0.4001583531274743,0.055843408175014396,0.2761290322580645
2023-05-19,0.32665895770573994,0.6186885994973726,0.3484800506649778,0.05372217958557176,0.28574500107503764
2023-05-20,0.31266920861140507,0.6194609410689813,0.37517809086591736,0.06579704584692116,0.19024075666380053
2023-05-21,0.3104711676970566,0.6316510618862754,0.3752769863880975,0.0744150364403529,0.16054158607350097
2023-05-22,0.31806348428473474,0.6652968036529681,0.3753758506092736,0.06634707574304889,0.16523420713364848
2023-05-23,0.31038041451380743,0.6640036521342159,0.35063291139240504,0.0799463190184049,0.1469387755102041
2023-05-24,0.29629542519102037,0.6551802829758102,0.2877709223224173,0.08587310714970289,0.1563573883161512
2023-05-25,0.31246891663952314,0.6566278804471823,0.3318570072761784,0.08681487159831353,0.1745759072364183
2023-05-26,0.2944672203111126,0.6446167883211679,0.2248932468764827,0.12952672925847863,0.17883211678832117
2023-05-27,0.3134749371141071,0.672976054732041,0.27419354838709675,0.1549808429118774,0.15174930242541318
2023-05-28,0.32518366000763466,0.6812585499316006,0.2743083003952569,0.21126221030453937,0.13390557939914163
2023-05-29,0.3447033119691823,0.6551173922954183,0.27442301612393294,0.2690540022979701,0.18021883715940784
2023-05-30,0.3841950157747572,0.6556517775752051,0.27453769559032715,0.38694237028527667,0.21964821964821965
2023-05-31,0.3982105612038358,0.6411483253588517,0.25442477876106195,0.49310872894333846,0.20416041175209093
2023-06-01,0.40548535654549933,0.6271070615034169,0.22420603570864273,0.5789473684210527,0.1916809605488851
2023-06-02,0.45312113889758326,0.5795946253700752,0.41184834123222747,0.6182548794489093,0.20278670953912112
2023-06-03,0.4590458776594105,0.6074681238615665,0.32727847101563734,0.5951788788980295,0.30625803686240893
2023-06-04,0.4763748737697828,0.5918506715228773,0.3273847125710676,0.5812930374904361,0.40497107349475037
2023-06-05,0.4764474900842708,0.5664542558033683,0.32749092057476714,0.6590170204628036,0.352827763496144
2023-06-06,0.4941767400049527,0.6138794084186576,0.3137038206504579,0.664244741873805,0.3848789890768901
2023-06-07,0.5253652102800264,0.6157870791628753,0.23725335438042616,0.7698336838080673,0.4785867237687366
2023-06-08,0.5658031202593664,0.6613600181942234,0.2596275252525253,0.8404051987767585,0.5018197388139585
2023-06-09,0.5985262538446254,0.679399727148704,0.3571090421335017,0.85438562965794,0.5032106164383562
2023-06-10,0.5851640060531504,0.6774266878836099,0.3341748185547492,0.865112724493695,0.46394179328054785
2023-06-11,0.6150686839904274,0.7111363636363637,0.3342798548666982,0.8787010506208214,0.5361574668378263
2023-06-12,0.6197561486464354,0.7280163599182004,0.33438485804416407,0.8792971734148205,0.5373262032085562
2023-06-13,0.6279336753190471,0.7258064516129032,0.38274720075697843,0.896123734962765,0.5070573139435415
2023-06-14,0.6477617039477057,0.7324551442198501,0.5392620624408704,0.8547155402825506,0.46461406884755185
2023-06-15,0.6198067079625739,0.6305631244323342,0.5848967365599873,0.8058789845390342,0.45788798631893973
2023-06-16,0.6487260206215024,0.6853575482406357,0.6396595208070618,0.7864503816793893,0.4834366317589228
2023-06-17,0.6976517048905171,0.7013163867453472,0.7497241922773838,0.7840106849837817,0.5555555555555556
2023-06-18,0.6772693081528264,0.7079646017699115,0.7497636306334698,0.7672644028996566,0.4840845973082675
2023-06-19,0.6808007600306443,0.7016787658802177,0.7498030565621554,0.7411787144764448,0.5305425032037591
2023-06-20,0.6823579473028079,0.7142209117713767,0.7498424700693131,0.7152936689549961,0.5500747384155455
2023-06-21,0.7065435432688676,0.7390022675736961,0.7410615845014963,0.7429933269780744,0.6031169940222032
2023-06-22,0.7460805980071248,0.7485830877352074,0.7266141732283464,0.7678231033168128,0.7413020277481324
2023-06-23,0.7685039107627358,0.771078875793291,0.7729491418674225,0.776253097007814,0.7537345283824157
2023-06-24,0.7667253582383328,0.7677317017901655,0.7448047858942066,0.7677210365853658,0.7866439086835929
2023-06-25,0.7748009028591217,0.779111916628908,0.7448449551393043,0.7740522004191275,0.8011945392491467
2023-06-26,0.7698551525325956,0.756964892412231,0.7448851117406359,0.7714285714285715,0.8061420345489443
2023-06-27,0.7741707481132178,0.7529438405797102,0.7830055074744295,0.7453818320319939,0.8153518123667377
2023-06-28,0.7801881683136624,0.7573013357482454,0.8703587161736941,0.7235338918507236,0.7695587294819868
2023-06-29,0.7079804317049142,0.7530556813037573,0.7643542551518012,0.6529602132114982,0.6615515771526002
2023-06-30,0.675512937794238,0.7777777777777778,0.7201950298836112,0.5886943281309478,0.6153846153846154
2023-07-01,0.7094867069027144,0.788235294117647,0.8188394401635477,0.6137012369172217,0.6171708564124414
2023-07-02,0.703023300767553,0.843248133906356,0.8188679245283019,0.5665905631659056,0.5833865814696486
2023-07-03,0.6942654575662901,0.8333333333333334,0.8188963999371168,0.5860757085790375,0.5387563884156729
2023-07-04,0.6537250799531724,0.8417363780239656,0.6848475322225716,0.5760745530620007,0.5122418565041515
2023-07-05,0.6479492799085953,0.8401898734177216,0.684897061134685,0.5554287887431071,0.5112813963388676
2023-07-06,0.6288093727592876,0.8054237288135593,0.6436203645505971,0.6416349809885932,0.4245584166844009
2023-07-07,0.5961896719677194,0.7959783099864437,0.5390416339355852,0.6082493822467212,0.44148936170212766
2023-07-08,0.5762723949115749,0.7714027558165801,0.6966698083568961,0.5368681109844166,0.3001489044884067
2023-07-09,0.5828019415095674,0.7567750677506775,0.6967174493482017,0.5614668440053202,0.3162484049340706
2023-07-10,0.5793359997582461,0.7547979227816664,0.6967650753768844,0.5298252279635258,0.33595577291090795
2023-07-11,0.5437483256275423,0.7525959367945824,0.6982257811273356,0.4607787274453941,0.26339285714285715
2023-07-12,0.5339607951841043,0.7402392236515459,0.6850863422291994,0.4510064565134827,0.2595111583421892
2023-07-13,0.5707105757466732,0.694043321299639,0.8508868309527546,0.37858363394721856,0.35932851678708033
2023-07-14,0.6102051815204371,0.6857658470561696,0.9216886377903327,0.3785117691723614,0.45485447206288504
2023-07-15,0.6542599554841962,0.6991429860171403,0.8972226580888122,0.4682102865818941,0.552463891248938
2023-07-16,0.6390087888958565,0.6879368658399099,0.8972387825541261,0.43889943074003795,0.5319600764493523
2023-07-17,0.6309430519263236,0.6756086564472498,0.8972549019607843,0.4460254221210396,0.5048832271762208
2023-07-18,0.6433604835640678,0.6795131845841784,0.8321831869510665,0.49753414264036416,0.5642114200806623
2023-07-19,0.6568165747642056,0.6872465074357819,0.8107260467304376,0.5450407737530817,0.5842529711375212
2023-07-20,0.640446654206537,0.6789817526469926,0.7293822514894952,0.5987864998103906,0.5546361128792701
2023-07-21,0.6095885470666623,0.6563063063063064,0.7761404608872864,0.6045497630331753,0.4013576580398812
2023-07-22,0.48811707143149147,0.6507543346093223,0.6747648902821317,0.46512509476876424,0.16182396606574762
2023-07-23,0.46454950963479624,0.6217919855920757,0.6748158595831375,0.42164108394921357,0.13994910941475827
2023-07-24,0.45210427730584857,0.6239027683997299,0.6748668129113131,0.4064039408866995,0.1032435870256519
2023-07-25,0.4436944508767421,0.6370387038703871,0.7057809807300642,0.3208941087327145,0.11106401017380246
2023-07-26,0.434319074357997,0.6323959505061867,0.7678571428571428,0.25416666666666665,0.08285653740199195
2023-07-27,0.43817950378291254,0.6574448942869995,0.7718089271730619,0.244650634349555,0.0788135593220339
2023-07-28,0.41526053008329883,0.620643130200135,0.7170372690259943,0.2502839833396441,0.07307773776742216
2023-07-29,0.4722109947972621,0.6092625899280575,0.8129012055738218,0.33749763392012117,0.12918254976704785
2023-07-30,0.4764296834918827,0.6023825578781749,0.8129304946775203,0.33478425435276304,0.15562142705907261
2023-07-31,0.47756628135333445,0.6078651685393258,0.8129597746126154,0.33491012298959316,0.15453005927180355
2023-08-01,0.47788978256077286,0.5448213884520332,0.8378716744913928,0.3798713583049565,0.14899470899470899
2023-08-02,0.45844147673194324,0.5325696316262354,0.6731340948208417,0.3739360696046907,0.25412611087600506
2023-08-03,0.45339479299649493,0.5549068044015271,0.5136107634543179,0.41906202723146746,0.3259995768986672
2023-08-04,0.4781265889032666,0.5655590480466997,0.4833411543876115,0.4757042919266402,0.38790186125211507
2023-08-05,0.5249700343434551,0.5881032547699214,0.7145761651548326,0.3761814744801512,0.4210192429689152
2023-08-06,0.5158054324828987,0.578770197486535,0.7146207974980454,0.4326214326214326,0.3372093023255814
2023-08-07,0.539377117250946,0.5588961184653354,0.7146654158849282,0.43858654572940287,0.4453603889241175
2023-08-08,0.476214329581374,0.5457604306864065,0.4914803814287948,0.40185150198375214,0.4657650042265427
2023-08-09,0.4476827580878387,0.5983404350751289,0.368865270396999,0.3498299962221383,0.4736953306570885
2023-08-10,0.43937811561928797,0.5887892376681614,0.35505547741834664,0.3745042492917847,0.4391634980988593
2023-08-11,0.3911622621166212,0.5850706119704102,0.21796875000000004,0.3400679758308157,0.4215417106652587
2023-08-12,0.3657630687933784,0.6219184222321829,0.10045305421027961,0.3781385690013215,0.3625422297297297
2023-08-13,0.3651629979796154,0.6276047501680484,0.10059356451109025,0.39637599093997733,0.3360776862993456
2023-08-14,0.3367876556944003,0.6332885304659498,0.10073403092300481,0.3440271749386677,0.26910088644997887
2023-08-15,0.36328343188912154,0.6862262038073907,0.06698938163647716,0.4350943396226415,0.2648238024899768
2023-08-16,0.3861765109003001,0.6923421406180027,0.06432474629195939,0.5823429541595926,0.20569620253164558
2023-08-17,0.36493948519927016,0.6888291918513544,0.052763034655010976,0.515465861938891,0.2026998523518245
2023-08-18,0.40986575177174667,0.6716651745747538,0.060558763852036845,0.5202715444088252,0.3869675242513707
2023-08-19,0.45774530684889336,0.6882971582009398,0.07599875156054936,0.5395927601809954,0.5270925574530888
2023-08-20,0.47661152956024105,0.6964205816554809,0.07614292401310652,0.49707822808671065,0.6368043844856661
2023-08-21,0.5332165420832014,0.7018564079624245,0.07628705148205928,0.6164719185827365,0.7382507903055848
2023-08-22,0.5411894440073566,0.7233899821109123,0.09608485415691781,0.6101375541737328,0.7351453855878635
2023-08-23,0.5247959772720985,0.7203219315895373,0.0945102932002495,0.5457799547852299,0.7385717295133769
2023-08-24,0.529713567854653,0.732454179704962,0.12521440823327612,0.5345639480128085,0.7266217354675653
2023-08-25,0.5021927332205268,0.747486033519553,0.10009354536950421,0.5267419962335217,0.6344493577595284
2023-08-26,0.45603233628010803,0.7529043789097408,0.08963367108339826,0.44285445302202975,0.5387368421052632
2023-08-27,0.45505951611243034,0.7647978557069466,0.08977556109725682,0.44051204819277107,0.5251525994527468
2023-08-28,0.414887490082561,0.7748995087092452,0.08991740688795391,0.30735930735930733,0.48737373737373735
2023-08-29,0.39949783430677865,0.7745032373297611,0.09644749143035214,0.26270229582235605,0.4643383126446455
2023-08-30,0.44397996513290866,0.8013392857142857,0.10422184140831903,0.27507055503292566,0.5952881783761044
2023-08-31,0.48733585834154713,0.798705646061147,0.26947040498442365,0.2567720090293454,0.6243953732912724
2023-09-01,0.48536001764702774,0.8023203926818385,0.2907646783990032,0.24995298100432575,0.5984020185029436
2023-09-02,0.46273355057909193,0.7374525987062235,0.2489878542510121,0.2809326814591952,0.5835610678999369
2023-09-03,0.45709377257461664,0.7294826048171276,0.2491047796979604,0.26151532242902803,0.5882723833543506
2023-09-04,0.47104506234331267,0.7299888517279822,0.24922166874221674,0.3016917293233083,0.6032779995797436
2023-09-05,0.46233179639914435,0.7218011591618368,0.24933852140077817,0.27776733696673556,0.6004201680672269
2023-09-06,0.3880676441133184,0.734789391575663,0.09134765017117963,0.24577226606538896,0.4803612686410418
2023-09-07,0.38760391983782155,0.7468805704099821,0.08386494476427575,0.2832988916024798,0.4363712725745485
2023-09-08,0.3781926866783111,0.701047003787035,0.11387678904791532,0.358564988730278,0.33928196514801595
2023-09-09,0.3643779783914154,0.7385300668151448,0.10452636490900602,0.3275117370892019,0.286943744752309
2023-09-10,0.38840101461117404,0.7230015586729013,0.10466562986003114,0.4722117912129178,0.25372507869884575
2023-09-11,0.41070631393892754,0.7306322350845948,0.1048048515005442,0.5543457856204242,0.25304238355014685
2023-09-12,0.4671069160885031,0.7569552637436012,0.1284203980099502,0.6769894894894894,0.30606251311097127
2023-09-13,0.5301305537696255,0.7594570538495772,0.20068397326286336,0.7474197785700882,0.41296140939597314
2023-09-14,0.5455989098151011,0.7225806451612904,0.3113148896487411,0.7429643527204502,0.4055357517299224
2023-09-15,0.5572723856556346,0.7055160142348754,0.30613830613830617,0.7180641530669668,0.49937106918238994
2023-09-16,0.5958170319909358,0.723815877251501,0.33701056556867615,0.8032633158289573,0.5191783693146091
2023-09-17,0.5433875066277702,0.7481102712316585,0.3371135622184247,0.7656103506469154,0.32271584241408213
2023-09-18,0.5096247005909745,0.7403867526116915,0.33721652687169934,0.7480314960629921,0.21286402681751518
2023-09-19,0.512757532821849,0.7266666666666667,0.37738779313558,0.7613870665417057,0.18558860494344365
2023-09-20,0.49186338846048233,0.7245056654076871,0.3642857142857143,0.7404422788605697,0.1382198952879581
2023-09-21,0.503320904287579,0.7132385606397157,0.40366402732494955,0.7466741615139592,0.14970686767169178
2023-09-22,0.4775950769071062,0.7281812125249834,0.27615647314498604,0.7733233420756838,0.1327192798827716
2023-09-23,0.43662180310960536,0.6893872113676731,0.2295514511873351,0.7111818692639071,0.11636668061950607
2023-09-24,0.47008037940861674,0.6903440621531631,0.2296710117939168,0.751685393258427,0.20862105042896004
2023-09-25,0.497648526953408,0.6673324456280515,0.2297905352986811,0.7846845160082382,0.3087866108786611
2023-09-26,0.4859340521245494,0.6875970712225428,0.17018305926155752,0.7665668289030326,0.31938924911106464
2023-09-27,0.47628725943911987,0.6648181011535048,0.15914378780828298,0.7963690810406139,0.2848180677540778
2023-09-28,0.47282809717302043,0.658239077400754,0.08933002481389574,0.8261601796407185,0.31758310683671337
2023-09-29,0.44254348743952243,0.6206208425720621,0.12172429834082799,0.7912067352666043,0.23662207357859533
2023-09-30,0.454806758033222,0.624473509199734,0.10093023255813949,0.8164983164983165,0.277324973876698
2023-10-01,0.44277110171509126,0.6429521276595744,0.10106960161215317,0.797643538432766,0.22941913915587128
2023-10-02,0.4368712362270746,0.6866829160203856,0.10120892746435217,0.7262528047868362,0.23334029663672445
2023-10-03,0.4351076012152942,0.6628267611874169,0.08058267472493419,0.6920919798093101,0.30492898913951544
2023-10-04,0.4357029518675692,0.6580287929125138,0.07127362875735976,0.6885981308411215,0.3249112549592817
2023-10-05,0.43023493711735994,0.662090345438441,0.13787761425251743,0.5963371332461223,0.3246346555323591
2023-10-06,0.4721373628728709,0.6550808058445872,0.15644361833952913,0.6113602391629297,0.4656647881444375
2023-10-07,0.48380639061144726,0.6927844178840195,0.24918692891435656,0.46403885671586026,0.5292153589315526
2023-10-08,0.4782774208630547,0.6928524009736667,0.24930318984205635,0.3444153903623459,0.6265387022741498
2023-10-09,0.47558094325594424,0.659070796460177,0.24941941477008822,0.30046685340802987,0.6933667083854819
2023-10-10,0.44899566248120326,0.6631276266312762,0.24953560371517025,0.20407020164301717,0.6792492179353493
2023-10-11,0.4529560130976444,0.6747014595311809,0.3165144714440489,0.1289901064028374,0.6916180150125104
2023-10-12,0.4078061697517571,0.6135308423612647,0.24280408542246978,0.1013437849944009,0.6735459662288931
2023-10-13,0.35849652664655596,0.5992484526967286,0.16787869410490486,0.08807613360701623,0.578782826177574
2023-10-14,0.3325332326168329,0.5880662983425414,0.10102103960396036,0.08488805970149253,0.5561575328193373
2023-10-15,0.3227729119820169,0.6022978347326557,0.10116009280742455,0.06659205372132065,0.5210416666666666
2023-10-16,0.31496550983282373,0.5928871217141595,0.10129910300030931,0.05203282357329355,0.5136429910435326
2023-10-17,0.35847347280268577,0.6000441696113075,0.1481366939848462,0.06097333581950401,0.6247396917950854
2023-10-18,0.38019836043225413,0.6180172223448885,0.16774891774891776,0.06357196122296793,0.6714553404122423
2023-10-19,0.36359114507857004,0.6335540838852097,0.09491420621425262,0.06915191053122087,0.656744379683597
2023-10-20,0.3912849514830733,0.6649746192893401,0.09428129829984544,0.07081625046589639,0.7350676378772112
2023-10-21,0.3999260802039062,0.648278905560459,0.09287590789677025,0.07452953232718465,0.784019975031211
2023-10-22,0.40623133222795715,0.6302669313920142,0.09301606922126082,0.08699701937406855,0.8146453089244852
2023-10-23,0.42130619985339357,0.6488751654168505,0.09315618723930175,0.1089588377723971,0.834234608985025
2023-10-24,0.44979383890773794,0.6317530319735392,0.1966326845844918,0.11135940409683426,0.8594302349760865
2023-10-25,0.44386206179540755,0.6058201058201058,0.14471042471042472,0.12325451498789797,0.9016632016632017
2023-10-26,0.4670025445948121,0.5911395195062816,0.20907967881408274,0.14947877885331348,0.9183122012055706
2023-10-27,0.4902319357231776,0.6064345526663728,0.23205187586845766,0.1903964265773311,0.9320448877805486
2023-10-28,0.5354490198480497,0.6129103326723948,0.38653905526397037,0.21548195013025678,0.9268647413255766
2023-10-29,0.5524762663660083,0.6242290748898678,0.38663373977465654,0.28130232558139534,0.9177399252181139
2023-10-30,0.5498286358247338,0.6022902444395508,0.3867283950617284,0.3002232142857143,0.9100726895119419
2023-10-31,0.5441617165619983,0.6054601497137825,0.33837370776114795,0.35075320810861077,0.8820598006644518
2023-11-01,0.5257741044385782,0.6306405458947832,0.2321814254859611,0.4395686128672369,0.8007058335063317
2023-11-02,0.5531942546762493,0.6725352112676056,0.37066173068024066,0.46160996467744936,0.7079701120797012
2023-11-03,0.6013975076311316,0.6145214521452145,0.6944787168414559,0.4144981412639405,0.6820917202739157
2023-11-04,0.6665052285830759,0.6610206775186978,0.8496530454895914,0.4727745772161308,0.6825726141078838
2023-11-05,0.6935478259036533,0.6529579942819441,0.8496762257169288,0.5843552582683017,0.6872018253474383
2023-11-06,0.7172862709757497,0.627528583992964,0.8496993987975952,0.7258034553223109,0.6661136457901286
2023-11-07,0.7207508041251676,0.6056276104638383,0.9008939580764488,0.7490713224368499,0.627410325523533
2023-11-08,0.6892292949256345,0.5894505494505495,0.7585144089998459,0.7650882079851439,0.6438640132669984
2023-11-09,0.688476566947359,0.6286530432871896,0.6818181818181819,0.7779428147047902,0.6654922279792747
2023-11-10,0.7093407815125754,0.6445518453427065,0.6391927283931598,0.8043437906070169,0.7492747617074181
2023-11-11,0.6896398287658613,0.5367889303755766,0.6392483056069008,0.8363028953229399,0.7462191837580278
2023-11-12,0.701592341078792,0.5564339042599913,0.6393038657015246,0.8357765819261459,0.7748550124275062
2023-11-13,0.700302149256797,0.5585071350164654,0.6393594086849399,0.811873840445269,0.7914682128805136
2023-11-14,0.7147674136938575,0.5553116769095698,0.6695919938414165,0.8163606010016694,0.8178053830227743
2023-11-15,0.771672169164696,0.533245556287031,0.9010160098522167,0.8130563798219584,0.8393707306975782
2023-11-16,0.7430422216939474,0.49561211057481347,0.9010312451900877,0.7862043389579084,0.7893211920529801
2023-11-17,0.7111629751725921,0.48541346786576,0.8665743305632503,0.7664071190211346,0.7262569832402235
2023-11-18,0.7224129008531643,0.48969298245614035,0.9499923065086936,0.7145505097312326,0.7354158047165908
2023-11-19,0.6852178321684199,0.46766060074545057,0.95,0.6297257227575982,0.6934850051706308
2023-11-20,0.6547530710219653,0.46032441911442346,0.9500076911244424,0.5879192143783584,0.6207609594706369
2023-11-21,0.6638921595244253,0.4832347140039448,0.9724700092279299,0.6065209336791404,0.5933429811866859
2023-11-22,0.6722009314932498,0.5039439088518843,0.9683223127787175,0.6299314687905168,0.586606035551881
2023-11-23,0.6565973222233793,0.5618838992332968,0.9269680196801968,0.6122222222222222,0.5253151477578012
2023-11-24,0.6033561565935505,0.6119141480508103,0.9269792467332821,0.5726717274578782,0.3018595041322314
2023-11-25,0.6084246197423773,0.6568863586599518,0.9695665539501999,0.5492410218437616,0.25800454451559596
2023-11-26,0.5986726591682539,0.6547723292469352,0.9695712309820194,0.5400703312974273,0.23027674514663363
2023-11-27,0.6002871975907877,0.6817684394834755,0.9695759065765212,0.49500370096225016,0.2548007433409044
2023-11-28,0.5672835388790051,0.6768052516411378,0.97511138423721,0.3657724329324699,0.2514450867052023
2023-11-29,0.561438929713749,0.7387880113760665,0.9883256528417819,0.29800221975582686,0.22063983488132094
2023-11-30,0.5625549073800938,0.7239720034995625,0.9784979265857779,0.2613279082670612,0.28642179116797356
2023-12-01,0.5968137650564449,0.7238136890443909,0.9568488943488943,0.24981508875739644,0.456777388075098
2023-12-02,0.607077267342103,0.7074770441626586,0.9806540764624597,0.259567387687188,0.4806105610561056
2023-12-03,0.61632137138193,0.7615300546448087,0.9806570463616825,0.2097966728280961,0.5133017116931327
2023-12-04,0.6158031424804402,0.7416958041958042,0.9806600153491941,0.20827943078913325,0.5325773195876289
2023-12-05,0.6223058624350721,0.7032991042167358,0.9642418661755678,0.19789356984478937,0.6237889095031952
2023-12-06,0.6112397636834156,0.744866754041066,0.883535369034832,0.13024200997598373,0.6863149216817807
2023-12-07,0.5813378313918748,0.6887966804979253,0.7516109235961952,0.1361285555966014,0.7488151658767772
2023-12-08,0.5687644537141904,0.635589519650655,0.722963644730787,0.13776546629732225,0.7787391841779975
2023-12-09,0.569332551728637,0.5896092556210435,0.7659509202453988,0.1137370753323486,0.808032955715757
2023-12-10,0.5499107324877734,0.5504146660846791,0.765986811838675,0.1336533136422374,0.7495881383855024
2023-12-11,0.5707875971171715,0.6855771328823914,0.7660226924256364,0.10723514211886305,0.7243154210417954
2023-12-12,0.5513909094743066,0.6420157068062827,0.7389238080637743,0.10869164052408194,0.7159324825030877
2023-12-13,0.5524558146732529,0.6085059978189749,0.7866339668914777,0.12915129151291513,0.685532002469644
2023-12-14,0.5300689187520025,0.6083733100741386,0.7558620689655172,0.11344770337576093,0.6425925925925926
2023-12-15,0.5492600958727246,0.6483540440374973,0.8440085810603739,0.09369236444116562,0.6109853939518618
2023-12-16,0.5242675007021187,0.6745858761987794,0.7714110617435269,0.08998709201548959,0.5610859728506787
2023-12-17,0.536388833438967,0.6986271518849423,0.7714460784313726,0.0715339233038348,0.6039481801357187
2023-12-18,0.5268153748748087,0.6479302832244009,0.7714810843927095,0.06470046082949309,0.6231496710526315
2023-12-19,0.520115383443184,0.6545414942278371,0.7575803981623277,0.07758938444526355,0.5907502569373073
2023-12-20,0.510790737936355,0.606925087108014,0.7790537436839687,0.07333701861065045,0.5838471023427867
2023-12-21,0.4787346964876219,0.6083170041367298,0.6546233925290876,0.06724392041267502,0.5847544688719951
2023-12-22,0.4844288528968026,0.5986068785372225,0.6964641053114955,0.07773070547062073,0.5649137222678718
2023-12-23,0.5085736140011311,0.5381936887921654,0.8221610039791858,0.09373848987108656,0.5802012733620867
2023-12-24,0.5184661283417583,0.5219756309834639,0.8221882172915073,0.10937212299760633,0.6203285420944559
2023-12-25,0.5254705890019717,0.554274526865347,0.8222154222766218,0.11874079528718703,0.6066516115787313
2023-12-26,0.4966511696773175,0.5134841235319705,0.8222426189383509,0.07472851095159212,0.5761494252873564
2023-12-27,0.4792536256667246,0.5101108936725376,0.7704190884062404,0.06312108943687891,0.5733634311512416
2023-12-28,0.5142975606201037,0.6019565217391305,0.8356017739715553,0.06936522539098436,0.5502667213787443
2023-12-29,0.49127700824625886,0.5661812649424038,0.7448012232415901,0.07689477557027226,0.5772307692307692
2023-12-30,0.5138824299722708,0.5845284658843981,0.7819905213270142,0.06842008460548096,0.6205906480721903
2023-12-31,0.49776666709498696,0.5087986096024332,0.7820238459186792,0.05866127252666421,0.6415829403321714
2024-01-01,0.5013136674822154,0.5249782797567333,0.7820571603240104,0.05184776613348042,0.6463714637146372
2024-01-02,0.4957505844494529,0.5118349619978284,0.7820904645476773,0.08198529411764706,0.6070916171346588
2024-01-03,0.4952007545668063,0.5167173252279635,0.7081741787624141,0.10365741591619188,0.6522540983606557
2024-01-04,0.4594770115123417,0.5246364228348166,0.5507179957225787,0.11760382212421903,0.6449498053677525
2024-01-05,0.488797981786765,0.49609375,0.683213685657553,0.16957560169024435,0.6063088897992626
2024-01-06,0.5225939675847507,0.5662833586461271,0.781459987782529,0.15815576781778104,0.584476756092566
2024-01-07,0.5321378241621382,0.63470715835141,0.7814933577645442,0.17447199265381083,0.5378787878787878
2024-01-08,0.5487599245141821,0.6707872478854913,0.7815267175572519,0.20639001101726037,0.5363357215967247
2024-01-09,0.5439078081483811,0.6405030355594102,0.7606472294306212,0.17091977235175326,0.6035611952517397
2024-01-10,0.5269066632021147,0.5889876436158682,0.6974969474969475,0.1962187958883994,0.6249232658072437
2024-01-11,0.5230566530818269,0.5587342869527525,0.7112772775827865,0.17471095613874105,0.6475040916530278
2024-01-12,0.5431521393794659,0.5640303358613218,0.7187976808056149,0.1601834862385321,0.7295970546123952
2024-01-13,0.5744140765375104,0.5407279029462738,0.7347063310450038,0.2537149146945515,0.7685071574642127
2024-01-14,0.6065492032170987,0.5364955598873727,0.7347467968273338,0.3745414526779164,0.7804130034757718
2024-01-15,0.6259173443420921,0.5530532698137722,0.7347872502668904,0.42453695213643866,0.7912919051512673
2024-01-16,0.6450294798450311,0.5066031608573285,0.7348276913693199,0.5771910524385772,0.7614960147148988
2024-01-17,0.6171655239748378,0.5402597402597402,0.6238755907912792,0.5965169569202566,0.7080098079280752
2024-01-18,0.5118454149129469,0.5167712616316815,0.23277439024390245,0.6293988269794721,0.6684371807967313
2024-01-19,0.5160032812676907,0.5454348766767634,0.28410303307422646,0.6345977643393806,0.5998774509803921
2024-01-20,0.47163847428720634,0.5202249621457928,0.36254190795489183,0.4838768779772811,0.5199101490708598
2024-01-21,0.4348069392435763,0.49762110726643594,0.3626390370257504,0.391830005495512,0.48713760718660676
2024-01-22,0.4079913998177733,0.508108108108108,0.3627361365021329,0.31776556776556775,0.44335578689528476
2024-01-23,0.4031061946515323,0.4937310851707739,0.2831683168316832,0.31715802966489653,0.5183673469387755
2024-01-24,0.3717299573546733,0.4465096174627188,0.21702710935120317,0.2702306847308678,0.5531524178739032
2024-01-25,0.45092617754438236,0.45829732065687123,0.278818334094716,0.4680578436756361,0.598531211750306
2024-01-26,0.4584681844694695,0.4454525815510909,0.18422655298416568,0.6396412884333821,0.5645523149092393
2024-01-27,0.4591779344516976,0.3691144708423326,0.19043994519713803,0.6841720036596524,0.5929853181076672
2024-01-28,0.46995402636451655,0.36903476570935,0.1905631659056316,0.7242956458104647,0.5959225280326198
2024-01-29,0.48862011034345887,0.36183074265975823,0.1906863491097246,0.7949515273458936,0.6070118222584591
2024-01-30,0.46357460383012206,0.39499244549967627,0.10894704808277544,0.8231528895391368,0.5272060321988995
2024-01-31,0.4724868808303587,0.4249028916702633,0.1253613266392819,0.8464070213933077,0.4932762836185819
2024-02-01,0.4798253798200167,0.4368932038834952,0.14998478856099784,0.816636197440585,0.5157873293949888
2024-02-02,0.48400279793018797,0.43205349439171703,0.29961977186311783,0.733869493694023,0.47046843177189407
2024-02-03,0.4402428972932543,0.4589174034936381,0.2750912408759124,0.6873172514619883,0.3396456933414783
2024-02-04,0.3942735679523172,0.4639931004743424,0.2752014596320511,0.5209208843413119,0.3169788273615635
2024-02-05,0.3848657016531932,0.45333045915067904,0.2753116448768622,0.5248447204968945,0.2859759820883371
2024-02-06,0.3423827144636485,0.4459051724137931,0.19167046663626686,0.4423744292237443,0.2895807895807896
2024-02-07,0.3415636808714906,0.4298642533936652,0.21656534954407292,0.46712929145361576,0.25269582909460836
2024-02-08,0.3408745191301724,0.47177940542869456,0.20164108798055003,0.5322256709877671,0.15785191212367777
2024-02-09,0.3395971541671875,0.5184148180055999,0.24247948951686416,0.4333698430083972,0.16412446613788895
2024-02-10,0.400205746135204,0.5915159345391904,0.26492480631930726,0.5135973717831721,0.23078487189914598
2024-02-11,0.43011637947916764,0.6232508073196986,0.26503645200486026,0.631934306569343,0.20024395202276885
2024-02-12,0.40416255026910575,0.6209642703400775,0.26514806378132116,0.5467980295566502,0.183739837398374
2024-02-13,0.4367576786525462,0.5930707983645362,0.3042818098997875,0.6198467712513681,0.229831335094493
2024-02-14,0.4130841133863573,0.6148881239242685,0.1557613481099135,0.6013131497355463,0.2803738317757009
2024-02-15,0.47191655621085055,0.6437943643794364,0.3438069216757741,0.5222465353756383,0.3778184034125533
2024-02-16,0.5505096351566541,0.6348387096774193,0.45940203369251786,0.6402917046490428,0.4675060926076361
2024-02-17,0.5633598394820789,0.6897441410449365,0.4435508345978756,0.5958804228946409,0.5242639593908629
2024-02-18,0.5800795792993204,0.7055030094582975,0.44363526020330757,0.5664297430289775,0.6047503045066992
2024-02-19,0.6070847883800298,0.696969696969697,0.44371966019417475,0.6270043731778425,0.6606454231784047
2024-02-20,0.5941594290309437,0.7245380318006016,0.4438040345821326,0.5552924029877938,0.6530032467532467
2024-02-21,0.5930551564759667,0.7203007518796993,0.42356687898089174,0.5373406193078324,0.6910123757354433
2024-02-22,0.5434682084112933,0.7094072164948453,0.4184988627748294,0.43562192678929157,0.6103448275862069
2024-02-23,0.5313497205900736,0.7296542838737385,0.4962098241358399,0.35542607428987616,0.5441087000608396
2024-02-24,0.5099276587994659,0.761914984972091,0.3977565560103077,0.3630074640451484,0.5170316301703163
2024-02-25,0.48145111385179135,0.7628246404807899,0.39784783267656865,0.24171823807790316,0.5234137441719036
2024-02-26,0.48982497120061974,0.7785407725321889,0.39793908167904224,0.26660600545950863,0.516214025131739
2024-02-27,0.5105228489761919,0.8011156404205106,0.4513636363636364,0.21615720524017468,0.5734549138804458
2024-02-28,0.5026831017763129,0.793007293007293,0.4287229207695804,0.19337820629434238,0.5956239870340356
2024-02-29,0.5690115600322556,0.7679605404246194,0.44122993032414415,0.27973808657693705,0.7871176828033218
2024-03-01,0.5621343157336145,0.6809605488850772,0.39164016356201725,0.3266048372431351,0.8493317132442284
2024-03-02,0.5898243570983678,0.6945337620578778,0.3917322834645669,0.418,0.8550313828710265
2024-03-03,0.6183189982808219,0.6911701671667381,0.39182437547312643,0.5329940010907108,0.8572874493927125
2024-03-04,0.6065989572462205,0.6670237840154274,0.39191643960036326,0.49091239549254817,0.8765432098765432
2024-03-05,0.6301958702923326,0.6405312767780634,0.39942485242924175,0.5842267853897873,0.896600566572238
2024-03-06,0.68462807573474,0.58792032555151,0.5037832929782082,0.7287427325581395,0.9180659518511026
2024-03-07,0.7359913936166737,0.6130620985010706,0.6902708427901347,0.724977293369664,0.9156553398058253
2024-03-08,0.7298240711155943,0.582744594305288,0.6656580937972769,0.7529967308390846,0.917896865520728
2024-03-09,0.729083847835154,0.5796232876712328,0.6986840114959916,0.71000544761213,0.9280226445612616
2024-03-10,0.7433657763840087,0.583351166274342,0.6987295825771325,0.7677923021060276,0.9235900545785325
2024-03-11,0.7311326700454032,0.5566966195977749,0.6987751398760018,0.7620257760029043,0.9070331447049312
2024-03-12,0.7294964456371863,0.5065240641711231,0.720895071061385,0.7885662431941923,0.9020004041220449
2024-03-13,0.7025893008869912,0.5132591958939264,0.6885865457294029,0.7341680275812013,0.8743434343434343
2024-03-14,0.7034275664734249,0.541800299337182,0.7085852478839179,0.7325834542815675,0.8307412643910321
2024-03-15,0.7198400067046526,0.5722530996152202,0.7609188453982167,0.7295483402865953,0.8166397415185783
2024-03-16,0.71648557274688,0.5751228895063047,0.7118464792988819,0.7653246282190788,0.8136482939632546
2024-03-17,0.7064888425885882,0.5472222222222223,0.7118900135972202,0.743064369900272,0.8237787646346387
2024-03-18,0.7291210718189767,0.5782952360606708,0.7119335347432024,0.7770123277737491,0.8492431886982845
2024-03-19,0.6976168405211082,0.5739000427167877,0.635100438000302,0.747326445531992,0.8341404358353511
2024-03-20,0.6756784761521216,0.5434550501815076,0.5446994865599517,0.7640449438202247,0.8505144240468026
2024-03-21,0.6691762813110664,0.5104611443210931,0.5175902159142383,0.7664431962312013,0.882210568777733
2024-03-22,0.657748848285279,0.5097118463180363,0.5471014492753623,0.7034420289855072,0.8707400685622101
2024-03-23,0.6460372138630689,0.5793854033290653,0.4787924528301887,0.6723419670349574,0.8536290322580645
2024-03-24,0.6508053659802626,0.5826754853851077,0.47887111379414427,0.6876131836291199,0.8540616811126789
2024-03-25,0.6415499204331534,0.5733788395904437,0.4789497510185604,0.6634075683505342,0.8504635227730754
2024-03-26,0.6576100550968509,0.5903177649818725,0.49939649969824984,0.6833816075307748,0.8573443481765062
2024-03-27,0.6118258201602752,0.5985074626865672,0.49298536732538845,0.5361085972850679,0.8197018533440773
2024-03-28,0.5654898314592522,0.5521210829247496,0.48838612368024137,0.4750271444082519,0.7464249748237664
2024-03-29,0.5866823123776561,0.6427962489343564,0.5125923691750867,0.5183643929799168,0.6729762384212646
2024-03-30,0.5054912617672597,0.6818666098444492,0.5334740651387213,0.3288712011577424,0.47775317092812564
2024-03-31,0.45324485567400064,0.7036642522368981,0.533544399216041,0.23096400795803942,0.34480676328502413
2024-04-01,0.41868145822008374,0.7171458998935037,0.5336147120892373,0.13960216998191682,0.2843630509156772
2024-04-02,0.38695630472052966,0.7627768313458263,0.40406932931424266,0.1435545109383475,0.23742454728370221
2024-04-03,0.40173541009823055,0.7598467106663828,0.4157625075346595,0.17263195950831525,0.25870046268356467
2024-04-04,0.40438527118389433,0.7796934865900383,0.46677715835467837,0.1997108259533707,0.17135961383748993
2024-04-05,0.3838977330586446,0.8348584805277719,0.43657728231395,0.15215034333212865,0.11200482606072792
2024-04-06,0.3784142268758749,0.8180851063829787,0.3536677210423257,0.2092140921409214,0.13268998793727382
2024-04-07,0.39079847206128404,0.8345032971708147,0.3537650602409639,0.22236271676300579,0.15256281407035177
2024-04-08,0.4096793882020189,0.8222033177371331,0.35386237012498123,0.3348383601228102,0.12781350482315113
2024-04-09,0.39225952954789717,0.8184137784392941,0.35606744956338454,0.2625496569158541,0.13200723327305605
2024-04-10,0.38454513767050275,0.8180272108843537,0.37708866475989766,0.24282361437082506,0.10024106066693451
2024-04-11,0.33390404106773913,0.8461211477151966,0.24187236604455142,0.14097472924187726,0.10664792126933119
2024-04-12,0.33173946677947924,0.855291117722057,0.20511662904439432,0.12759429705829273,0.1389558232931727
2024-04-13,0.32249265702276264,0.8444869343530912,0.1471561841709299,0.09274630097437749,0.20558120859265208
2024-04-14,0.3318644565043214,0.8183942225998301,0.14728448924326765,0.09200793793974382,0.269771176234444
2024-04-15,0.3331833756747073,0.8042047143767255,0.14741275571600476,0.09072871572871573,0.2903873168773831
2024-04-16,0.3281518817174758,0.8229299363057325,0.15250413596029477,0.0811541929666366,0.25601926163723915
2024-04-17,0.3102094936034844,0.807047336022076,0.09759398496240601,0.08745041471330689,0.24874623871614845
2024-04-18,0.334552909922444,0.8011460101867572,0.14403849045256356,0.10582296736974942,0.287204171680706
2024-04-19,0.32961704415351395,0.7782728622957776,0.14582080577269996,0.12166546503244412,0.27270904351313413
2024-04-20,0.3252897548721369,0.7787441663131098,0.11829249962422972,0.15372139124166517,0.2504009623095429
2024-04-21,0.30591080439101564,0.7800636267232237,0.11842500751427709,0.11729729729729729,0.20785728602926437
2024-04-22,0.2876689794463163,0.7338846480067854,0.11855747558226892,0.08701134930643127,0.21122244488977956
2024-04-23,0.2994018491712509,0.7445410218359126,0.1727764423076923,0.06430115273775217,0.21598877980364656
2024-04-24,0.2890358672817445,0.7204323866044935,0.1994892594261679,0.03169457950657302,0.20452724358974358
2024-04-25,0.2629981996600368,0.6524687433778342,0.18173625713427455,0.03312927619733525,0.18465852193070298
2024-04-26,0.29034172830742566,0.6612288135593221,0.1779546478450218,0.03924392439243925,0.2829395274329195
2024-04-27,0.28994381192017965,0.6928616818470663,0.1719219219219219,0.04013678905687545,0.2548548548548549
2024-04-28,0.2775431278559167,0.6044049131723845,0.1720462393034079,0.061903904984703974,0.27181745396317053
2024-04-29,0.28890977631285697,0.5947491001482108,0.17217051936355454,0.09014033825116949,0.29857914748849307
2024-04-30,0.3143465812758459,0.5808636748518206,0.22767522137175444,0.12951969778737182,0.31932773109243695
2024-05-01,0.3544956898887305,0.5051851851851852,0.23694477791116442,0.2823741007194245,0.39347869573914784
2024-05-02,0.34736286559089874,0.46868387642826914,0.19729932483120782,0.23646826110411798,0.487
2024-05-03,0.3273859792149173,0.46921937804104086,0.24377437743774377,0.17763394462423587,0.4189162167566487
2024-05-04,0.3298909000224317,0.46108291032148896,0.2531873406329683,0.13248247348552938,0.4728108756497401
2024-05-05,0.31515227196049905,0.4444914358215267,0.25329934013197364,0.09130122214234364,0.4715170897461523
2024-05-06,0.3027898199087713,0.4490486257928118,0.253411306042885,0.05965858041329739,0.4490407673860911
2024-05-07,0.3191924530248933,0.4618473895582329,0.32488755622188903,0.03988501616960115,0.45014985014985015
2024-05-08,0.2905111860511789,0.4695688926458157,0.25678309099085594,0.02838153403987785,0.4073112265281662
2024-05-09,0.26071441176680743,0.46059581660680327,0.23321342925659472,0.027298850574712645,0.32174955062911925
2024-05-10,0.30927140170930406,0.4828897338403042,0.39157800089914585,0.02675525228945951,0.33586261980830673
2024-05-11,0.3024958346391352,0.4652587117212249,0.4223853760863051,0.025673249551166965,0.29666600119784386
2024-05-12,0.29954584233272646,0.4607263513513513,0.4224719101123595,0.031951175731466525,0.2830339321357285
2024-05-13,0.29052225037717805,0.4705509816339455,0.4225584182144997,0.03768844221105527,0.23129115944921175
2024-05-14,0.30179460977696587,0.4628535246939637,0.5572862063801108,0.04378252287816257,0.1432561851556265
2024-05-15,0.30566183024801596,0.47225152985861996,0.6081162024558251,0.042339433082167206,0.09994015559545183
2024-05-16,0.375093111901372,0.4983122362869198,0.8426411139392125,0.04932735426008968,0.11009174311926606
2024-05-17,0.3717919051559208,0.4823876819236448,0.8461077844311378,0.0468077474892396,0.11186440677966102
2024-05-18,0.3774113734916013,0.49810206663854917,0.8423888639425235,0.06688183611260534,0.10227272727272728
2024-05-19,0.39441578888282963,0.5728441914400169,0.8424124513618677,0.0645392613840086,0.09786725134542555
2024-05-20,0.3982778819979063,0.582841483979764,0.8424360317222804,0.06739559060763578,0.100438421681945
2024-05-21,0.4309861646587999,0.5865121180189674,0.8580191502094554,0.10806451612903226,0.17134887427774456
2024-05-22,0.4575719838173964,0.543826380109566,0.8300673148840688,0.17272890163053217,0.2836653386454183
2024-05-23,0.44400809365251337,0.5159047819675584,0.7412503739156446,0.22053027588677893,0.2983469428400717
2024-05-24,0.5423931417846948,0.5299073294018535,0.7338118737849559,0.5201504567436862,0.38570290720828354
2024-05-25,0.538295279101455,0.5506422404716782,0.750299043062201,0.42281518624641834,0.4294246466255226
2024-05-26,0.5214960883446761,0.5381052631578948,0.7503363731499477,0.37815577439570275,0.41938694267515925
2024-05-27,0.524212950877493,0.5219953693959167,0.750373692077728,0.3225921947726459,0.5018905472636815
2024-05-28,0.46557628381791955,0.5138888888888888,0.7504109998505455,0.14157866475747272,0.4564265817747712
2024-05-29,0.46884510429571336,0.5478645066273933,0.7996114763897191,0.10200429491768075,0.42590013924806047
2024-05-30,0.39857822576603863,0.5586874211190576,0.5804571940833707,0.05421363392377885,0.4009546539379475
2024-05-31,0.4203380127267338,0.6426919032597266,0.7158649536898716,0.03148479427549195,0.2913103996818453
2024-06-01,0.3927610653330499,0.6169049621530698,0.6951456310679611,0.032552316222500446,0.22644135188866799
2024-06-02,0.39444861254577185,0.6235022072734917,0.6951911589008364,0.03469241773962804,0.2244086662691314
2024-06-03,0.3881002748498236,0.6183270281630937,0.6952366731372257,0.04130162703379224,0.19753577106518283
2024-06-04,0.35941754577780916,0.6320655599915949,0.5180650940579277,0.07096889524490525,0.21657063381680905
2024-06-05,0.3403256305808808,0.6615546218487395,0.3912524257351844,0.08918677390527256,0.21930870083432658
2024-06-06,0.3316934211029756,0.5914723797521528,0.38119402985074624,0.12133666904932094,0.23277060575968223
2024-06-07,0.3568226613049867,0.5959680806383872,0.4414266527383972,0.14168304448811864,0.2482128673550437
2024-06-08,0.3509747345797575,0.63615368465253,0.2575350641599522,0.14272954626652376,0.36748064324002383
2024-06-09,0.3760893720808462,0.5824937027707808,0.2576458302252723,0.2454009644579389,0.4188169908693926
2024-06-10,0.41940049125863044,0.5926547743966422,0.2577565632458234,0.38642857142857145,0.44076205596348483
2024-06-11,0.3980504041965496,0.5872849349559379,0.1931394481730052,0.38082485270487415,0.430952380952381
2024-06-12,0.419951647788575,0.6104468219005663,0.15478675812705045,0.4218136379864334,0.4927593731402499
2024-06-13,0.44301151098831204,0.6273070469798658,0.18517966303861633,0.43119757272889525,0.5283617612058706
2024-06-14,0.4466032827545412,0.6458377018242818,0.14445438282647582,0.4359386152748037,0.5601824310926036
2024-06-15,0.4014252833933364,0.5767295597484277,0.08183037710538088,0.43960749330954507,0.507533703409992
2024-06-16,0.3619407006765759,0.5659190945294488,0.08196721311475408,0.3077060292543703,0.49217046580773044
2024-06-17,0.3592764863674265,0.555951383067896,0.08210400834450904,0.30301408953094344,0.4960364645263575
2024-06-18,0.35938878654611806,0.5344646972553949,0.06987485101311086,0.30438659058487877,0.5288290073310877
2024-06-19,0.3560243994236013,0.5368663594470047,0.08476091166393562,0.2979140666785523,0.5045562599049128
2024-06-20,0.3288192590898987,0.5641884816753926,0.08489722966934765,0.28591800356506236,0.38027332144979203
2024-06-21,0.3159736708836707,0.6139028475711893,0.07133283693224124,0.27945107823917303,0.2992079207920792
2024-06-22,0.3416111113071002,0.6141930081641198,0.08561643835616439,0.36689237348538845,0.29974262522272815
2024-06-23,0.32167940740760376,0.6203432398493094,0.0857525681107637,0.3381435952253697,0.2424782264449723
2024-06-24,0.3029438283561879,0.647834274952919,0.0858886573384936,0.24670466690416815,0.2313477142291708
2024-06-25,0.3354294366509262,0.6167364016736402,0.136032147641018,0.2984861976847729,0.29046299960427385
2024-06-26,0.33336653090042956,0.6536289479188454,0.1333333333333333,0.2948717948717949,0.2516320474777448
2024-06-27,0.3599379034105668,0.6327896277708072,0.09314090165153999,0.3991454513085277,0.3146756329113924
2024-06-28,0.38219091194910987,0.5628266778172695,0.07453138946742044,0.5475258098967604,0.34387977061498914
2024-06-29,0.43447790128009434,0.5418060200668897,0.1548415885765283,0.6814379782879516,0.3598260181890075
2024-06-30,0.46057892502633196,0.48589341692789967,0.15496728138013083,0.7608540925266903,0.44060090927060686
2024-07-01,0.489349284705456,0.5162975344755537,0.15509293680297398,0.8124888809820316,0.4735177865612648
2024-07-02,0.4642894685150264,0.5128472947566325,0.10496580434136193,0.8532550693703308,0.3860897055917803
2024-07-03,0.46567533974597825,0.5221386800334169,0.13423517169614985,0.8691090165392139,0.3372184907151324
2024-07-04,0.49083541804849085,0.49759866360409266,0.2462841854934602,0.8714438122332859,0.34801501086312464
2024-07-05,0.5076621596279822,0.4753653444676409,0.24639619557140735,0.8695111111111111,0.43937598736176936
2024-07-06,0.5636837797760714,0.5034439574201628,0.36671619613670137,0.8576253110558123,0.5269496544916091
2024-07-07,0.5747334824883373,0.4977045075125208,0.3668102807903729,0.8631597654167407,0.5712593762337149
2024-07-08,0.563317400169002,0.4775714583767995,0.3669043374925728,0.8656716417910447,0.5431221630155911
2024-07-09,0.5484931157805568,0.4822695035460993,0.34828456854299716,0.7917925031089004,0.5716258879242304
2024-07-10,0.5377324015964771,0.4750782064650678,0.31125631125631126,0.7662522202486679,0.5983428684158612
2024-07-11,0.5987650652478684,0.47852376980817346,0.5775798069784707,0.7192328183271177,0.619723865877712
2024-07-12,0.5962083204797818,0.4492391077756931,0.734560570071259,0.6551846590909091,0.545848944981266
2024-07-13,0.568096381658799,0.4406002501042101,0.8141606056108059,0.6053612639801171,0.4122634069400631
2024-07-14,0.5296936173772923,0.419045634507189,0.8141881864054615,0.5198793042243521,0.36566134437216635
2024-07-15,0.5662914759956119,0.4297916666666667,0.8142157590146906,0.6232475598935227,0.397910918407568
2024-07-16,0.5686182349918776,0.43720058321183086,0.7440652818991098,0.7022711142654364,0.390935960591133
2024-07-17,0.539129279715801,0.3300708038317368,0.7623497997329773,0.6125598722724853,0.4515366430260047
2024-07-18,0.5579569414590624,0.33437434936498023,0.8234945120142391,0.6390564029797801,0.43490250147725035
2024-07-19,0.5588275792858762,0.33805162364696084,0.7868901082604183,0.6729916651888632,0.4373769200472627
2024-07-20,0.5706218111309526,0.33215400624349634,0.6768979833926454,0.725886524822695,0.5475487300649734
2024-07-21,0.579175572966812,0.3320848938826467,0.676945885841364,0.732671512143237,0.575
2024-07-22,0.5521394522661873,0.3338880798835032,0.6769937740883487,0.5911024459411556,0.6065735091517418
2024-07-23,0.569776559412169,0.3329866888519135,0.7026826737809397,0.5594541910331384,0.683982683982684
2024-07-24,0.584082804514152,0.3372842586816386,0.6541197391819799,0.666194188518781,0.6787330316742082
2024-07-25,0.5283214599390735,0.35343035343035345,0.5322269965920877,0.6180690876882197,0.6095594020456334
2024-07-26,0.563715352207779,0.33506547495323213,0.5872592592592593,0.6524973432518597,0.680039331366765
2024-07-27,0.5566563195955245,0.34580216126350793,0.6262775885054066,0.5996104126084647,0.6549351160047189
2024-07-28,0.5632253874334142,0.36152088094743406,0.6263329383886256,0.5520538243626062,0.7129939060349911
2024-07-29,0.5486438947018779,0.3737017033651848,0.6263882718791648,0.49814126394052044,0.6963443396226415
2024-07-30,0.5106107912705184,0.401453790238837,0.5432336393248445,0.4697345132743363,0.6280212222440558
2024-07-31,0.4582987395494126,0.4075996677740864,0.4830495928941525,0.35551229870819323,0.5870333988212181
2024-08-01,0.5174372734943375,0.414780984014947,0.6758436944937833,0.2910474168435952,0.6880769986250246
2024-08-02,0.5033197273201013,0.4217517642175176,0.5891667899955602,0.2602158146117106,0.7421445404556166
2024-08-03,0.4878754363410598,0.41834405478315007,0.5652559928973069,0.23257870534135125,0.7353229923424308
2024-08-04,0.47544574791854477,0.43008298755186725,0.5653203136558662,0.2440318302387268,0.6623478602277189
2024-08-05,0.484683338490207,0.43580170089193115,0.5653846153846154,0.3265558698727016,0.61099116781158
2024-08-06,0.4978735714585659,0.41746163417669013,0.47522555834935665,0.3448824465264274,0.7539246467817896
2024-08-07,0.5174111247217648,0.4167530582624922,0.4414374445430346,0.43354542241074584,0.7779085736707867
2024-08-08,0.5429380951756028,0.4490049751243781,0.4639952683720242,0.4935500971903163,0.7652020400156925
2024-08-09,0.5263964808947292,0.45181347150259066,0.4476641040804258,0.44929328621908127,0.756815061776819
2024-08-10,0.5407158690680055,0.43721508495648576,0.4654841093865484,0.49761526232114467,0.7625490196078432
2024-08-11,0.5428410018284162,0.4565983012222913,0.4655631096659769,0.47739314729777466,0.7718094491276221
2024-08-12,0.5476558951684113,0.4691383595691798,0.46564208659671935,0.4361645770792866,0.8196785574284594
2024-08-13,0.4966915057706983,0.4754607579208946,0.3572695035460993,0.452683615819209,0.7013521457965902
2024-08-14,0.4550185541122552,0.4426501035196687,0.4254690500812528,0.305207413945278,0.6467476489028213
2024-08-15,0.47886117707631815,0.44773338853239497,0.5636632200886262,0.2795623014472291,0.6244857982370225
2024-08-16,0.4938269420582476,0.6450745033112583,0.48441884507458277,0.285689077113111,0.5601253427340384
2024-08-17,0.5101974427939213,0.6877715704531346,0.5847607796810396,0.23976711362032463,0.5284903074211866
2024-08-18,0.4896138307926892,0.6505999172527928,0.5848220877011664,0.19562533074616334,0.5274079874706343
2024-08-19,0.4623058921474776,0.6262668045501552,0.584883377620313,0.16948853615520282,0.46858485026423957
2024-08-20,0.4843567782641015,0.6079404466501241,0.7580811808118081,0.1445953094692294,0.42681017612524463
2024-08-21,0.4952779551707911,0.6030597477775481,0.7888134592680047,0.17718617771509168,0.41205243592252006
2024-08-22,0.49060545855485277,0.6093427035965275,0.8044857606610595,0.2078265468006346,0.34076682316118934
2024-08-23,0.47584522472183316,0.591031204794379,0.7447624668043671,0.24585830102220654,0.32172892626637983
2024-08-24,0.5355956612987397,0.6045454545454545,0.8830210945567193,0.26607929515418505,0.3887368009385999
2024-08-25,0.5417858872145966,0.6052468498244165,0.8830383480825958,0.29704016913319237,0.38181818181818183
2024-08-26,0.5487931020982704,0.6115241635687733,0.8830555965196873,0.2883565263343315,0.4122361219702893
2024-08-27,0.5343793678107658,0.637001858352261,0.8730462990268357,0.2588939767523776,0.3685753371115888
2024-08-28,0.5575269085479898,0.6286127167630058,0.9043196225858765,0.26712449374889946,0.4300508010941774
2024-08-29,0.5804173291415433,0.6311661506707946,0.9150943396226415,0.2596830985915493,0.5157257276811877
2024-08-30,0.5526489583213652,0.6184482047049112,0.7803979366249079,0.26174969195564163,0.55
2024-08-31,0.5538403544352435,0.6038786878481535,0.804745063365753,0.30605420626539953,0.5006834602616677
2024-09-01,0.5352711580688032,0.5785891089108911,0.8047738323265066,0.30828787612176667,0.4494338149160484
2024-09-02,0.5504153109544119,0.5912559290575377,0.8048025928108427,0.36523574947220266,0.44036697247706424
2024-09-03,0.557156558046773,0.5781443298969072,0.804831344822507,0.415127528583993,0.4305230288836846
2024-09-04,0.4841521153618044,0.6027623170480314,0.6460972017673048,0.3570172353148083,0.3307317073170732
2024-09-05,0.45347128686417393,0.6393239901071723,0.7244882933294066,0.308246878846492,0.14182598517362466
2024-09-06,0.4402709900163466,0.6229136616525861,0.7442579505300353,0.2805907172995781,0.11332163058318705
2024-09-07,0.4248347337516059,0.5955912649361351,0.7248638304136612,0.2425733872385305,0.13631045241809672
2024-09-08,0.4287536832124902,0.6131822863027807,0.7249043273476596,0.23304042179261863,0.14388769740690194
2024-09-09,0.4211425672976511,0.6004942339373971,0.7249448123620309,0.22755227552275523,0.13157894736842105
2024-09-10,0.43727020280814183,0.6341362981264155,0.655385520894644,0.29234012649332397,0.1672188657181836
2024-09-11,0.4179301208811034,0.6572663647591601,0.4809474768280123,0.3441067978218865,0.18939984411535463
2024-09-12,0.5206669937985937,0.7024079028606709,0.595175051485731,0.39778714436248686,0.3872978764854861
2024-09-13,0.5685811523859005,0.7430041152263375,0.6233269598470363,0.45162423178226513,0.4563693026879626
2024-09-14,0.5986714217143216,0.7529314955770418,0.6655882352941176,0.5479283707865169,0.4282375851996105
2024-09-15,0.6191792766339415,0.7439325380501851,0.6656374062637848,0.6169913989819203,0.4501557632398754
2024-09-16,0.6218438549813035,0.7084104462266091,0.6656865627756543,0.648999648999649,0.46427876192330153
2024-09-17,0.6321662235482022,0.6930509868421053,0.7287961193591063,0.6437971573960344,0.4630206305955625
2024-09-18,0.640176028714513,0.7085303186022611,0.6699000587889476,0.6671929824561403,0.5150807550107025
2024-09-19,0.641272965589887,0.7196876284422524,0.5662013225569434,0.7146114716716365,0.564591439688716
2024-09-20,0.6521918351482743,0.7121430039038422,0.6012342051131354,0.7065941774815854,0.5887959540945341
2024-09-21,0.6464961947025272,0.7006984387838948,0.5958572058175408,0.6929686130106961,0.5964605211979774
2024-09-22,0.6477941252294812,0.6995276237420415,0.5959165687426558,0.6756661991584852,0.6200661092747424
2024-09-23,0.6260481114481891,0.6739219712525668,0.5959759142311647,0.6538124452234881,0.5804821150855366
2024-09-24,0.658153615681628,0.693492096078834,0.6985315712187958,0.6812127584998248,0.5593780369290573
2024-09-25,0.6306917822008457,0.7011494252873562,0.5677580384671854,0.7177150867355879,0.536144578313253
2024-09-26,0.6003137882498772,0.6544223271085574,0.5515267175572519,0.7286264891380518,0.46667961919564793
2024-09-27,0.6244850812158568,0.681780878128847,0.6698957874651401,0.7237694867752671,0.4224941724941725
2024-09-28,0.6006141946953836,0.6830769230769231,0.6684766656882888,0.6700525394045534,0.38085065061176926
2024-09-29,0.5926123619720225,0.6753486464315013,0.668525311812179,0.6597793731395553,0.3667961165048544
2024-09-30,0.584085624414859,0.6659831863850728,0.6685739436619718,0.6271008403361344,0.37468452727625706
2024-10-01,0.5889074461251463,0.6849118491184911,0.7007481296758105,0.5324698057062839,0.4375
2024-10-02,0.5792381172349654,0.6540274646443943,0.6343502493399824,0.5236261813090655,0.5049485736464195
2024-10-03,0.6136846300813602,0.6620901639344262,0.7486434961137997,0.4762904636920385,0.5677143965851765
2024-10-04,0.5749514428629776,0.6281499692685926,0.5819648093841643,0.4770818754373688,0.6126091173617847
2024-10-05,0.5810382771523829,0.6202376075378944,0.5472804574109369,0.5336715060346335,0.6229635376260667
2024-10-06,0.5774631140412072,0.6479623182469794,0.5473468191146291,0.490731024833858,0.623812293969362
2024-10-07,0.5751641105718139,0.6652334152334152,0.5474131613659681,0.518796992481203,0.5692128732066692
2024-10-08,0.5732789162776721,0.6689866939611054,0.5133352872215708,0.5622377622377622,0.54855592169025
2024-10-09,0.5754636274591283,0.7208350388866148,0.5095970695970695,0.5801433315853872,0.49127906976744184
2024-10-10,0.532363134725135,0.6691221608348681,0.5232932903603867,0.5311080041943377,0.4059290835109475
2024-10-11,0.46398692939989383,0.6133387888707038,0.4316683755675992,0.4579765857067971,0.352963967454475
2024-10-12,0.4374711467653982,0.5827367559828186,0.39835969537199767,0.43448637316561844,0.33430176254115823
2024-10-13,0.43351615835983814,0.596523517382413,0.39844779616342074,0.3980786026200873,0.34101471727343147
2024-10-14,0.4344267474025694,0.5790226947454509,0.3985358711566618,0.3419490045406916,0.4181994191674734
2024-10-15,0.4249587013352014,0.5613246116107931,0.39862392036305083,0.286537454164484,0.4533488192024777
2024-10-16,0.37973473723083334,0.592274678111588,0.17476580796252927,0.24231843575418993,0.5095800270950261
2024-10-17,0.3652994678593151,0.5968532897425418,0.10844431435679791,0.2094606388549485,0.5464396284829721
2024-10-18,0.36956308355301065,0.604902962206333,0.10301434006438392,0.25514834205933684,0.5151866898819888
2024-10-19,0.3745887923768208,0.6423611111111112,0.11192392099487924,0.2266620136101902,0.5174081237911026
2024-10-20,0.38071744188612844,0.6530528895241985,0.11205383265067292,0.28628750872295883,0.4714755366466834
2024-10-21,0.38635173849846927,0.6543487137607187,0.11218370630393448,0.3202511773940345,0.4586233565351895
2024-10-22,0.37715363076877645,0.6756480914472341,0.06156770985668325,0.3343215905127311,0.4370771312584574
2024-10-23,0.3466667777979081,0.6944897959183673,0.06901593800263195,0.26695727986050566,0.35620409741012754
2024-10-24,0.3487180523928621,0.682513772699449,0.05701754385964908,0.31659693165969316,0.338743961352657
2024-10-25,0.33162086790261003,0.6738066095471236,0.05101593334307852,0.24385567369705421,0.35780525502318394
2024-10-26,0.4033391070231103,0.7658576381807056,0.06240865244080673,0.3290345067967933,0.4560556306741356
2024-10-27,0.4215643346234323,0.7461256117455138,0.06254566710507092,0.3829935528837777,0.49459250675936656
2024-10-28,0.41981875324808715,0.7025484199796126,0.0626826417299825,0.4102787456445993,0.5037652056381541
2024-10-29,0.43728915765188875,0.7364451691805952,0.04061358655953251,0.4554955582651106,0.5166023166023166
2024-10-30,0.4810160813829487,0.7320154880782556,0.04046158340636863,0.5358760013932428,0.6157112526539278
2024-10-31,0.5114227970171261,0.758761206193969,0.04775814225208119,0.6231934528991816,0.6159783867232729
2024-11-01,0.503100474581677,0.762069667956814,0.06556658878504673,0.629874651810585,0.554890989774262
2024-11-02,0.4797925675143738,0.7458248472505091,0.058694699956198026,0.6036553524804178,0.5109953703703703
2024-11-03,0.46712298414896847,0.7458766035430666,0.05883211678832112,0.5673512008353637,0.49643201542912246
2024-11-04,0.46964625180694725,0.7506107491856677,0.0589694935045979,0.5225334957369062,0.546471268800617
2024-11-05,0.49343042668072834,0.7182983920211683,0.10770577933450087,0.5949895615866388,0.5527279737806053
2024-11-06,0.4680957071587901,0.6296296296296297,0.11907193929665838,0.6013219690380935,0.5223592906707787
2024-11-07,0.5148799174735496,0.6478128179043743,0.05777648088707321,0.6674782608695652,0.6864521102331855
2024-11-08,0.5767530687469153,0.6863303498779496,0.14675419401896428,0.6939662667362198,0.779961464354528
2024-11-09,0.596885620959799,0.7559487492373398,0.09028588098016332,0.7273991655076495,0.8139086881140435
2024-11-10,0.6064645209784363,0.7586417242781618,0.0904185503864664,0.7366591343646793,0.8401386748844376
2024-11-11,0.6318803784231355,0.7546249237649929,0.09055118110236215,0.8138686131386861,0.868476795686501
2024-11-12,0.6422620075209554,0.7335365853658536,0.09068377314477327,0.8437880104257167,0.9010396611474779
2024-11-13,0.639348058850303,0.7161146108514529,0.044169096209912495,0.8752605976372481,0.9218479307025986
2024-11-14,0.6406696966514154,0.7364892320195042,0.036583588398192646,0.870244919228765,0.9193610469591994
2024-11-15,0.6461245832306788,0.7397928092626447,0.05085980763625764,0.8794720389023967,0.9143736771214162
2024-11-16,0.6618055072556517,0.7682778229082047,0.07591432318228175,0.8892168779301962,0.9138130050019239
2024-11-17,0.6591612660900368,0.7516751269035533,0.07604895104895104,0.8920138888888889,0.9169070975187537
2024-11-18,0.643064644870149,0.7056435241575314,0.07618353969410052,0.8837007463981947,0.9067307692307692
2024-11-19,0.6458108495837729,0.7154455043637102,0.11054471307893965,0.8601180145782714,0.8971351663141703
2024-11-20,0.6271121879269769,0.7311282467532467,0.11140235910878116,0.7912545549193128,0.8746635909265668
2024-11-21,0.6276761397984226,0.7821059038344491,0.1161910308677927,0.756939625260236,0.8554679992312128
2024-11-22,0.6527000226763434,0.791683569979716,0.0952103654098122,0.8392020815264527,0.8847040737893928
2024-11-23,0.6391969327668102,0.7673899817481241,0.08835516739446869,0.8093999306278182,0.89164265129683
2024-11-24,0.6488603525977165,0.7621654501216545,0.08848784747489447,0.8513958730709208,0.8933922397233961
2024-11-25,0.6302419863094442,0.7062639367524832,0.08862048894062868,0.8365117891816921,0.8895717303629729
2024-11-26,0.6403660036144618,0.7069314957438184,0.11290557253019062,0.8549141965678627,0.8867127496159755
2024-11-27,0.6501527306484445,0.7570415400202635,0.08612161768984583,0.8653379549393414,0.8921098099443271
2024-11-28,0.6740681986578743,0.7777552674230146,0.1664,0.865361289204644,0.8867562380038387
2024-11-29,0.6484873415204992,0.8318817095402066,0.16652123327516,0.7711365211365211,0.8244099021301093
2024-11-30,0.6350706152826074,0.8394086674767112,0.20823033299403815,0.7029274207517755,0.7897160399079048
2024-12-01,0.6041796048288912,0.8481473982587568,0.2083454492585054,0.600969864911673,0.7592557068866296
2024-12-02,0.5960130805024063,0.8477732793522267,0.20846053205407766,0.5967099567099567,0.731108553893364
2024-12-03,0.5779014577172255,0.859137826350941,0.12819767441860463,0.6005886426592798,0.7236816874400767
2024-12-04,0.5887919619976002,0.8644273573452044,0.14765295741897977,0.6853037908949282,0.6577837423312883
2024-12-05,0.6041764712490711,0.8735585676714546,0.17451322290031968,0.7002422983731394,0.6683917960513706
2024-12-06,0.6720273814082017,0.8907766990291263,0.19163155600755488,0.7958124242948607,0.8098888463012649
2024-12-07,0.6372196592244224,0.887360970677452,0.15034863451481695,0.793598615916955,0.7175704157884653
2024-12-08,0.6249202246210628,0.8758592802264457,0.15047204066811914,0.782736550769763,0.6906130268199234
2024-12-09,0.6257472892432538,0.8653729533050334,0.15059541097879758,0.8043929436181252,0.6826278490710592
2024-12-10,0.6751173189820955,0.860751818916734,0.3387541745317264,0.8109977520318173,0.6899655304481042
2024-12-11,0.6084498562014333,0.8623964437260052,0.14416376306620204,0.7799100968188105,0.6473291211947156
2024-12-12,0.6019720321915525,0.8713131313131313,0.2800116127159239,0.7249783923941228,0.5315849923430321
2024-12-13,0.5458072197636044,0.8769945465562513,0.4629898403483309,0.5597995160732804,0.283444976076555
2024-12-14,0.5410594789964361,0.8830775444264943,0.43389928892758667,0.620701572490064,0.2265595101415997
2024-12-15,0.5218481768287577,0.8800726832222895,0.43398142774230997,0.5753282653766413,0.19801033097378995
2024-12-16,0.5020067494400576,0.8752523213564796,0.4340635427245031,0.5118327863188806,0.18687834736036726
2024-12-17,0.4806918192823343,0.8803229061553985,0.4487960545401799,0.4381692573402418,0.15547905909351692
2024-12-18,0.4529001418160218,0.8849878934624698,0.3917331399564902,0.3878432049732343,0.1470363288718929
2024-12-19,0.48537402127380364,0.8930804922332056,0.31598027842227383,0.5037983425414365,0.2286369718982986
2024-12-20,0.508792491076398,0.8852359822509076,0.14122082064665797,0.6495770757811151,0.3591360856269113
2024-12-21,0.5999999405824845,0.8667069973785038,0.320382719628878,0.6770797376596479,0.5358303076629085
2024-12-22,0.5752472161200557,0.8627016129032258,0.32048122916364685,0.5836065573770491,0.5341994650363011
2024-12-23,0.5679206190143148,0.8701874622052006,0.3205797101449276,0.5533126293995859,0.5276026743075454
2024-12-24,0.5174181199124201,0.8669891172914148,0.293001014345747,0.4008970156977747,0.5087853323147441
2024-12-25,0.49021826384936706,0.8198670159177917,0.3465662126919733,0.307519834425664,0.4869199923620393
2024-12-26,0.4300599364578024,0.8291700241740532,0.34666087208460095,0.17002931539920677,0.3743795341733486
2024-12-27,0.37543197135579953,0.8269889224572005,0.27245075318655854,0.13620689655172413,0.2660813132277152
2024-12-28,0.36046615491876255,0.8175594039468386,0.31991310644460536,0.121186002413377,0.183206106870229
2024-12-29,0.3647714326080455,0.7755184215824441,0.3200115841297423,0.150810065494657,0.21274565922533867
2024-12-30,0.37292376986035053,0.7650966183574879,0.32011003329955123,0.1768051008099259,0.22968332697443725
2024-12-31,0.3572226911727952,0.8283356812235863,0.17182976259409377,0.1910751206064783,0.2376502002670227
2025-01-01,0.36187029883285515,0.882897384305835,0.09813287016934436,0.21378122308354866,0.2526697177726926
2025-01-02,0.3582806175832692,0.8807081070207202,0.09826338639652676,0.21029968997588702,0.2438512869399428
2025-01-03,0.3687806583038521,0.8767095736122285,0.13008247721024457,0.1909764077837093,0.27735417460922607
2025-01-04,0.3384280926543763,0.8658757289362558,0.11385995370370372,0.14927685950413222,0.22469982847341338
2025-01-05,0.29764801493426646,0.8600723763570567,0.11398813829017795,0.11344465484592874,0.10308689024390244
2025-01-06,0.2842027195463197,0.8508542713567839,0.11411628579693378,0.0944922547332186,0.07734806629834254
2025-01-07,0.30719838524067616,0.8633440514469454,0.20433839479392624,0.09120633281707108,0.0699047619047619
2025-01-08,0.29612531010708765,0.8696001607394013,0.1484962406015038,0.07880247763248452,0.08760236145496096
2025-01-09,0.30529472233980237,0.8730413820811571,0.12433135752493851,0.0901427834164803,0.13366336633663367
2025-01-10,0.29620992459998724,0.8716609760996183,0.09901705695287655,0.07309941520467836,0.14106225014277557
2025-01-11,0.30504469479986573,0.8624497991967872,0.0844052608758491,0.08013757523645744,0.19318614389036926
2025-01-12,0.33257812419100274,0.8610720738807468,0.08453757225433522,0.08803301237964237,0.2966698382492864
2025-01-13,0.34135246316047574,0.8438378161380972,0.08466984539806388,0.08492350008595496,0.3519786910197869
2025-01-14,0.347188354509931,0.8292193457756372,0.06789945102571515,0.08284633894809212,0.40878828229027964
2025-01-15,0.3537347594328325,0.8228330658105939,0.12205691174346378,0.09176834507647362,0.3782807151007988
2025-01-16,0.36653966278691846,0.7987963891675025,0.18919699595609474,0.0986254295532646,0.37953983647081196
2025-01-17,0.3757704631895197,0.8016446048937024,0.1536462093862816,0.12231575330699193,0.42547528517110267
2025-01-18,0.37740402826809155,0.8163224383396832,0.17860236788911343,0.1269323256612848,0.38775898118228475
2025-01-19,0.38531705835510793,0.8315958299919808,0.1787209470189115,0.13927528765241284,0.3916761687571266
2025-01-20,0.39819887196506526,0.832431348967729,0.1788394919168591,0.1665521978021978,0.4149724491734752
2025-01-21,0.4202431269877884,0.8168336673346693,0.1789580025977775,0.20892703862660944,0.4762537993920973
2025-01-22,0.49811500718576124,0.8286916449609296,0.37157287157287155,0.2550635084105733,0.5371320037986704
2025-01-23,0.5750850057869837,0.8341346153846154,0.5636993218871735,0.3500943881928951,0.552411697683251
2025-01-24,0.5878574399817084,0.8798317644702583,0.44229659549913447,0.4004804392587509,0.62882096069869
2025-01-25,0.6841391771590364,0.881257509010813,0.6771960190393769,0.48618974095042033,0.6919134396355353
2025-01-26,0.7050128894435649,0.8714714714714715,0.6772425728295356,0.5353344768439108,0.7360030366293414
2025-01-27,0.6912317290061911,0.8630904723779023,0.6772891131939438,0.47350368718916136,0.7510436432637572
2025-01-28,0.6604102910833228,0.8603161897138283,0.5542099192618224,0.46502057613168724,0.7620944792259533
2025-01-29,0.6248674036219628,0.8483393357342937,0.515496612368459,0.40630893193896794,0.7293247344461306
2025-01-30,0.5950647560350935,0.7945589117823565,0.5260882098587489,0.32739115529653756,0.7322207472027309
2025-01-31,0.5562332591762865,0.6452,0.6522553682086756,0.2985432733504713,0.6289343951459992
2025-02-01,0.5673450641751768,0.6472705458908219,0.6657060518731989,0.3154557916381083,0.6409478672985782
2025-02-02,0.5702357525249888,0.6593362654938024,0.6657542140901888,0.311804008908686,0.6440485216072782
2025-02-03,0.6339130036653277,0.675194883070158,0.6658023624315759,0.447070914696814,0.747583854462763
2025-02-04,0.6280368867832548,0.6512789768185452,0.5735272936770848,0.5016269909231033,0.7857142857142857
2025-02-05,0.7252545560471748,0.7290709290709291,0.7639688940092166,0.5833904109589041,0.8245879901496496
2025-02-06,0.7190845298004032,0.7912504994007191,0.6207343412526998,0.6313987330936484,0.8329545454545455
2025-02-07,0.6993097749752378,0.7725184741362093,0.5873884249928016,0.6229031153714482,0.8144290854004923
2025-02-08,0.6816680970368683,0.7763578274760383,0.6358140204404779,0.5575902789662844,0.7569102612646724
2025-02-09,0.6741818755021718,0.7853863046516271,0.6358664363845711,0.5484257357973991,0.72704902517509
2025-02-10,0.6185953595933431,0.780439121756487,0.6359188372427688,0.43387510692899917,0.6241483724451173
2025-02-11,0.564662033487029,0.7798842546397925,0.6349640287769784,0.3806021211084502,0.463197729422895
2025-02-12,0.5614171266609865,0.782122905027933,0.7797439217378794,0.3323071660680691,0.3514945138100643
2025-02-13,0.5627408147480087,0.7941352483542788,0.824223245109321,0.32694938440492477,0.3056553811235105
2025-02-14,0.5451166902692034,0.789589150378939,0.7872860635696821,0.31766113865618056,0.2859304084720121
2025-02-15,0.5511405784110808,0.8181455633100698,0.8743169398907104,0.2664957264957265,0.24560408394781622
2025-02-16,0.5434988531484926,0.8084130781499203,0.874335010783609,0.2447444881216886,0.24650283553875235
2025-02-17,0.5093180133986521,0.7574247558301774,0.8743530764807361,0.20950102529049897,0.195993195993196
2025-02-18,0.4823977250575818,0.7550817058589079,0.8743711369843323,0.174098752776354,0.12603930461073318
2025-02-19,0.4679388640665772,0.7599123331340905,0.8830123598735269,0.1475913905022207,0.0812393727564708
2025-02-20,0.440525679901182,0.7685258964143427,0.8331656847248168,0.11904355251921435,0.04136758594635436
2025-02-21,0.417348100961271,0.775542720573591,0.7596264367816092,0.10211748633879782,0.03210576015108593
2025-02-22,0.4063036513533736,0.7495021903624054,0.7394052578652492,0.09646576745774287,0.03984138972809668
2025-02-23,0.4102626321319678,0.7798128608401353,0.739442688882505,0.0906452714236941,0.031149707381536718
2025-02-24,0.4079849737671785,0.7734872611464968,0.7394801091483556,0.08499743983614952,0.03397508493771234
2025-02-25,0.4036903781146792,0.7639800995024876,0.7126651349798966,0.09112627986348124,0.04698999811285148
2025-02-26,0.3658614356726735,0.6983684838838042,0.5193108399138551,0.12199283398737416,0.12377358490566037
2025-02-27,0.4326957753286552,0.6841058285259598,0.6688199827734711,0.16751961787785738,0.21033767213733257
2025-02-28,0.4677998709195119,0.6927207637231503,0.5649490455002153,0.2977997612143954,0.3157299132402867
2025-03-01,0.5243197668665045,0.6744879697753032,0.5152123995407578,0.5153478854024557,0.39223081274750143
2025-03-02,0.5968867847636807,0.6705765407554671,0.5152819629789066,0.6492753623188405,0.5524132730015083
2025-03-03,0.6413717152271629,0.6754124428543034,0.5153515064562411,0.7345721104670986,0.6401508011310085
2025-03-04,0.6646284442766042,0.6641494435612083,0.5728016066561469,0.7436509289244929,0.6779117979645685
2025-03-05,0.6293429259152085,0.6773296244784424,0.6028399311531842,0.6562713019768235,0.5809308460523837
2025-03-06,0.6664453295554397,0.6825586015097338,0.9239925426645633,0.5518827738967456,0.5073474001507159
2025-03-07,0.598074022276957,0.598411122144985,0.867221106968741,0.4676320272572402,0.45903183273686193
2025-03-08,0.5524580641506961,0.48947577442414614,0.8668100358422939,0.4111735649804122,0.4423728813559322
2025-03-09,0.52485507972616,0.4929521540599563,0.866829128440367,0.33293596730245234,0.40670306910186405
2025-03-10,0.5011903092411221,0.4843191742755062,0.8668482155654292,0.3228333049548783,0.3307605421686747
2025-03-11,0.5002614509008607,0.46219487993649533,0.8582688449412439,0.37623425263874705,0.30434782608695654
2025-03-12,0.5500301930457376,0.4652777777777778,0.9081530305201319,0.49548936170212765,0.3312006021829131
2025-03-13,0.6153763692918547,0.4574489188653045,0.9335243553008596,0.5706262763784887,0.4999059266227658
2025-03-14,0.6186018382554669,0.4585481951606505,0.9123334765792867,0.5484090522375361,0.5551166290443943
2025-03-15,0.5896090729482122,0.462423160816974,0.9258092237181323,0.5176930928887377,0.4525108143690051
2025-03-16,0.5972154053432788,0.4821570182394924,0.9258198482027782,0.5109712536145603,0.46991350131628434
2025-03-17,0.6108940987826403,0.47115956392467795,0.9258304696449027,0.5404761904761904,0.5061101710847904
2025-03-18,0.5806326092736723,0.4758224336107808,0.9199713672154617,0.5254208467947628,0.40131578947368424
2025-03-19,0.5289066059943189,0.46601941747572817,0.82107071285428,0.5015300918055083,0.32700620184175905
2025-03-20,0.5437544881355346,0.4851426307448494,0.7898955202518964,0.5638279789223185,0.336151822623074
2025-03-21,0.5694320694213957,0.5052485640720935,0.8341442472810532,0.6189666893269884,0.3193687770054481
2025-03-22,0.5444779730580094,0.5196039603960396,0.6784947775075119,0.6336448598130842,0.34616829451540193
2025-03-23,0.5436335625315936,0.49415957236190855,0.6785407725321888,0.6581719334012912,0.3436619718309859
2025-03-24,0.517885473073094,0.5296912114014252,0.6785867543985123,0.6261253609648377,0.23713856552760046
2025-03-25,0.535777595823763,0.5151395210765881,0.6980835240274599,0.6586277173913043,0.2712596207996996
2025-03-26,0.5656610129743993,0.5326474079936684,0.7328757328757329,0.7118356257429105,0.2852852852852853
2025-03-27,0.5523309171050604,0.5568743818001978,0.7327709465255934,0.7166383701188455,0.20303996997560517
2025-03-28,0.5205004390344729,0.6402294303797469,0.6927805575411008,0.6486165336954677,0.10037523452157598
2025-03-29,0.5361045143755043,0.6685782084239668,0.7994568324757004,0.585030549898167,0.09135246670418308
2025-03-30,0.5031279351208289,0.6763542902332937,0.7994854937830499,0.44646190395384355,0.09021005251312829
2025-03-31,0.4654461839870663,0.6888713184423799,0.799514146899114,0.3006447234475738,0.07275454715919745
2025-04-01,0.4446032910233341,0.7122529644268775,0.8018288326903844,0.2015267175572519,0.06280464941882265
2025-04-02,0.4191312464288683,0.6968978462754396,0.7597142857142857,0.1760515603799186,0.04386129334582943
2025-04-03,0.4306355615859169,0.7032793362307388,0.8120268533066705,0.15719857554688824,0.05003748125937031
2025-04-04,0.44458287418324205,0.6924748173019948,0.8403313339045987,0.18294337063411326,0.06258197489226157
2025-04-05,0.39089282827834676,0.7184044233807267,0.5603312865914608,0.20596711307001186,0.07886849007118771
2025-04-06,0.4029794330321083,0.7107601184600197,0.560394060536836,0.26677966101694917,0.0739838921146282
2025-04-07,0.41928138972001544,0.6956178444532175,0.5604568165596002,0.31655651584477207,0.10449438202247191
2025-04-08,0.4152558530154983,0.6822577462009078,0.3481301741364544,0.42206031853608944,0.20857517318854146
2025-04-09,0.43532952465014296,0.6708760852407261,0.39389182246325105,0.3901406064712858,0.2864095844253089
2025-04-10,0.4596317848483295,0.6985598737423555,0.396546803652968,0.3705962059620596,0.3728242560359349
2025-04-11,0.5306853239622851,0.7153846153846154,0.6635754030532173,0.3141405588484335,0.4296407185628742
2025-04-12,0.5766976911848035,0.7280615263261684,0.8706134094151212,0.27294277006434137,0.43517305893358277
2025-04-13,0.5908090827797213,0.737776025236593,0.870631864213379,0.25969189097680717,0.49513655069210627
2025-04-14,0.6136231740008917,0.7271831263552139,0.8706503137478608,0.27708192281652,0.5795773330839723
2025-04-15,0.5883670470869835,0.7459597950335042,0.8772280051333239,0.25215772550346927,0.4781226626776365
2025-04-16,0.5731996167523131,0.7590147783251231,0.8128029654975762,0.2575296108291032,0.46345111235745
2025-04-17,0.5888144521612159,0.7655634357762018,0.8973627940128297,0.2549484012857385,0.4373831775700935
2025-04-18,0.6164914727904498,0.7784124482962379,0.9321550741163056,0.27604871447902574,0.47934965427022985
2025-04-19,0.5782930983328436,0.759157148483655,0.9498361122987031,0.2200236766446812,0.3841554559043348
2025-04-20,0.5610655213396457,0.756448119708604,0.9498432601880877,0.18938112952316538,0.34858957593872597
2025-04-21,0.5572743360750313,0.763976377952756,0.9498504060407466,0.18224852071005918,0.3330220395965633
2025-04-22,0.5759379786453316,0.7715016728990356,0.9810541310541311,0.17173766058147397,0.3794584500466853
2025-04-23,0.6231918155674301,0.7660369933097206,0.9780658025922233,0.20348149400033802,0.5451829723674384
2025-04-24,0.613859605029791,0.7538855006885697,0.9520079749359157,0.19195674214261574,0.5575882023520627
2025-04-25,0.624603454677161,0.7496066089693155,0.9628363947031183,0.20814326744382497,0.5778275475923852
2025-04-26,0.6878370474689182,0.8011799410029499,0.9691059225512528,0.28429054054054054,0.6967717857809292
2025-04-27,0.7031257071970013,0.8006291781360597,0.9691103202846975,0.3186961661881439,0.7240671641791044
2025-04-28,0.6876437285292492,0.7930017692156477,0.9691147167662966,0.31171901384667344,0.676739414288379
2025-04-29,0.6949382848278567,0.7875393081761006,0.9759499074996443,0.39000506500084414,0.6262588586348378
2025-04-30,0.6678023453059676,0.8001572018078208,0.9840637450199203,0.3477380148548278,0.5392504195413015
2025-05-01,0.6749332888724677,0.7850687622789784,0.9783753023189643,0.439831223628692,0.4964578672632364
2025-05-02,0.6566954586215809,0.7807896287566294,0.9581792318634423,0.3866014174822815,0.5012115563839702
2025-05-03,0.6325405400136611,0.8126472898664572,0.8997297681695349,0.4648220010123165,0.3529631010063362
2025-05-04,0.631365236019879,0.8199489495385823,0.8997440273037542,0.4892037786774629,0.3165641885597168
2025-05-05,0.6227469300124938,0.8031016882606988,0.8997582823830513,0.49434980603811773,0.2937779433681073
2025-05-06,0.62049241466682,0.8194308145240432,0.9712823429058857,0.41112984822934234,0.28012665300800893
2025-05-07,0.6234538288652229,0.8494897959183674,0.9917555081734186,0.4237059517787894,0.22886405959031658
2025-05-08,0.6760593739607488,0.8624681185010791,0.9916145537237067,0.4435266351989211,0.40662818841928877
2025-05-09,0.7076284772226681,0.8630835621812476,0.9783998863151911,0.5471093881678746,0.4419210722263589
2025-05-10,0.682909748131133,0.8687978034908805,0.9236999147485081,0.5187057633973711,0.4204355108877722
2025-05-11,0.690510851350324,0.8703921568627451,0.9237107543685182,0.5388374052232519,0.4291030889467808
2025-05-12,0.7111651189287392,0.8727700450891982,0.9237215909090909,0.5830525606469003,0.46511627906976744
2025-05-13,0.6554117734167266,0.8741669933359467,0.6112768072716943,0.6430857335354556,0.49311755952380953
2025-05-14,0.6825814895079393,0.8769351361943954,0.6483953422323203,0.6786796901313573,0.5263157894736842
2025-05-15,0.6744613653697722,0.8736285266457681,0.7286667613232998,0.6829432564404782,0.41260691706954256
2025-05-16,0.615481198267171,0.8758080313418217,0.595542305508234,0.6090909090909091,0.3814835471277189
2025-05-17,0.61954859135232,0.8777908343125734,0.5095812633073101,0.6049486618414408,0.48587360594795537
2025-05-18,0.6476411987349409,0.8770315253573526,0.5096508657394266,0.6593739481656008,0.5445084556773834
2025-05-19,0.6876264491566874,0.8805794831636649,0.5097204484177664,0.7065455157327949,0.6536603493125233
2025-05-20,0.7230106441037351,0.8837345860246624,0.621311010215664,0.7037348586810229,0.6832621214935909
2025-05-21,0.7018162287951427,0.8829745596868884,0.4936870478081997,0.6856181665264929,0.7449851411589896
2025-05-22,0.7593186681259096,0.8849540207395813,0.6397163120567375,0.7194752774974773,0.7931290622098421
2025-05-23,0.7725002693038159,0.8806729264475743,0.7079846830236846,0.7518076341012275,0.7495358336427775
2025-05-24,0.7929224430103838,0.8742421279092509,0.8065796937039138,0.7427706792199058,0.7480972712084648
2025-05-25,0.7713495858687193,0.8736800938599922,0.806607117538636,0.6796100184905026,0.7255011135857461
2025-05-26,0.7227950319536568,0.852394916911046,0.8066345335979586,0.5988235294117648,0.6333271478938579
2025-05-27,0.711514179169754,0.8479280688037529,0.8066619418851878,0.6042681902201311,0.5871985157699443
2025-05-28,0.6836613454282081,0.852061754934532,0.7582199546485261,0.5393145161290323,0.585049156000742
2025-05-29,0.6148332835095601,0.8530676045330208,0.6542440130367011,0.43440282210650094,0.5176186943620178
2025-05-30,0.6362798513527738,0.8519242039460833,0.7174837064324171,0.39570036949949616,0.5800111255330984
2025-05-31,0.6241001049438457,0.86015625,0.6768664116730415,0.3531486146095718,0.6062291434927698
2025-06-01,0.6307276054429141,0.8586213630150361,0.6769121813031161,0.39590329079919406,0.5914735866543095
2025-06-02,0.6225986697161546,0.8395158141351035,0.6769579379691262,0.3595769682726204,0.6143439584877687
2025-06-03,0.6711504801085515,0.8487214522740582,0.8695836873406967,0.34206109432695536,0.6242356864924958
2025-06-04,0.6594966435388959,0.8717798594847775,0.7183916182925103,0.46148682664876656,0.5863282697295294
2025-06-05,0.6690847815260232,0.8840975609756098,0.747876557191393,0.4464765100671141,0.5978884978699759
2025-06-06,0.6571595162083088,0.8759266484588373,0.7276716206652513,0.4220768327461835,0.6029629629629629
2025-06-07,0.5413936812524403,0.8700994733762434,0.7002547410133031,0.34619255283461925,0.24902795778559525
2025-06-08,0.5043058098152433,0.8710998439937597,0.700297155794538,0.26496729833976185,0.18085894113291373
2025-06-09,0.4922498007107979,0.8605966075258336,0.700339558573854,0.25888665325285043,0.14917638349065335
2025-06-10,0.5312957323974814,0.8629629629629629,0.8541519309661905,0.25632858340318526,0.15173945225758698
2025-06-11,0.511232899461206,0.8639641395439486,0.792927864214993,0.23466309084813947,0.15337650323774282
2025-06-12,0.5502285557667373,0.8643803585346843,0.9451279875548013,0.2532260767554885,0.1381798002219756
2025-06-13,0.5407857974720163,0.8651860510422755,0.9379242081447964,0.24296246648793565,0.11707046421305715
2025-06-14,0.6026958117668125,0.8605375925204519,0.9129082426127527,0.28748534092812866,0.34985207100591714
2025-06-15,0.635037476349313,0.8508276533592989,0.9129205541419282,0.33768844221105526,0.4387132556849695
2025-06-16,0.6512389248715871,0.8438473520249221,0.9129328621908127,0.3553843577290236,0.49279112754158966
2025-06-17,0.6394018208628589,0.8427097527739926,0.9321650650084794,0.28633623576691225,0.4963962299020514
2025-06-18,0.6267451066680971,0.8437135072012456,0.9262399321746503,0.23388581952117865,0.5031411677753141
2025-06-19,0.6087168071527205,0.8351819420120646,0.832438541961006,0.25292936056243726,0.5143173840753741
2025-06-20,0.5917131571389886,0.8340466926070039,0.8324622121768611,0.25372384937238496,0.44661987439970446
2025-06-21,0.5207834581949302,0.8224080918109318,0.7604519774011299,0.23176037483266398,0.26851338873499536
2025-06-22,0.5076146305551996,0.8313885647607935,0.7604858070893942,0.19541576041492387,0.24316838995568685
2025-06-23,0.5198516843708302,0.8189772506319268,0.7605196272239481,0.20140515222482436,0.29850470740262136
2025-06-24,0.5044329947758954,0.8252332814930016,0.6217704362558238,0.22779729051680883,0.3429309708379476
2025-06-25,0.5556221148339455,0.820019436345967,0.831733483907397,0.24096989966555185,0.3297656394168666
2025-06-26,0.5366215370116708,0.8264671589584143,0.7220889202540579,0.22320682160173885,0.3747232472324723
2025-06-27,0.5901789849020269,0.8292209053817758,0.873271239062941,0.26696756937479105,0.39125622578859987
2025-06-28,0.618481308618567,0.844017094017094,0.9111048398476083,0.25071034598027747,0.46809295462928807
2025-06-29,0.6260193837375704,0.8457953000582638,0.911117381489842,0.29612299465240643,0.4510418587497695
2025-06-30,0.5827638661636648,0.8368932038834951,0.9111299195937368,0.2524644945697577,0.33056784660766964
2025-07-01,0.5579914891859391,0.8532323820617356,0.8940761636107193,0.2544269963247578,0.23023041474654377
2025-07-02,0.56118926562474,0.8577251552795031,0.9184882245099422,0.241857357608151,0.2266863251013638
2025-07-03,0.5507666313674994,0.8558121482631477,0.8606880992667795,0.25384101536406145,0.23272526257600884
2025-07-04,0.5523351404634221,0.8236321303841676,0.9024390243902439,0.19752880280514276,0.2857406042741341
2025-07-05,0.5455468702635937,0.7885548011639185,0.9024527769946433,0.20567612687813022,0.28550377601768284
2025-07-06,0.5357626120559527,0.7854926299456944,0.9024665257223397,0.1744283091303622,0.28066298342541435
2025-07-07,0.554358370765598,0.787085514834206,0.9024802705749718,0.21595460614152204,0.31191309151169216
2025-07-08,0.5338355247857726,0.805932531989143,0.7876567563759335,0.2089103954613716,0.3328424153166421
2025-07-09,0.5315030260710263,0.8255475867416167,0.7306283460129614,0.24791458124791457,0.3219215902816124
2025-07-10,0.5399541615932804,0.8222868217054263,0.7864487956050148,0.25387823185988323,0.2972027972027972
2025-07-11,0.5500487380581388,0.821352451075373,0.7257746478873239,0.29336224149432955,0.35970561177552896
2025-07-12,0.5980477856456664,0.8039519566059667,0.7314462751725109,0.3805235951308988,0.4762693156732892
2025-07-13,0.6320500168505174,0.7881076893279102,0.7314840889890172,0.4691563854618206,0.5394519036233217
2025-07-14,0.6262096333159723,0.7891169635941131,0.7315218921582429,0.4775795965994332,0.5066200809121001
2025-07-15,0.6274358597118761,0.7649564375605034,0.572072072072072,0.5768333333333333,0.5958815958815958
2025-07-16,0.5775478800239383,0.6360820751064653,0.4263194933145672,0.5544075987335444,0.6933823529411764
2025-07-17,0.5878847706662143,0.6280239984517129,0.46960315226569094,0.5391536154615129,0.7147583164859401
2025-07-18,0.5890568159721555,0.6509287925696594,0.40368650626143243,0.6125270697984341,0.6890848952590959
2025-07-19,0.6033550526433342,0.6635712903849874,0.5239167135621834,0.5494670219853431,0.6764651846408231
2025-07-20,0.6337103921172083,0.7019342359767892,0.5239836826557884,0.5868442964196503,0.7220793534166055
2025-07-21,0.6472944840009802,0.70276542254883,0.5240506329113924,0.5899100899100899,0.7724517906336088
2025-07-22,0.652107469842801,0.7051430781129158,0.653213331458304,0.5188946229399034,0.7311788468600808
2025-07-23,0.6445125772228868,0.7162188285327663,0.7753093363329584,0.5021637816245007,0.5843583624013218
2025-07-24,0.6370640405570009,0.6859296482412061,0.8189230985519471,0.5303711100016641,0.5130323054331865
2025-07-25,0.5673259300305672,0.6610628019323672,0.6698060163058757,0.4232945091514143,0.5151403927326115
2025-07-26,0.5185417716595331,0.5224111282843895,0.5685172171468729,0.4177341540509067,0.5655045871559633
2025-07-27,0.5033352094962016,0.5199922735174811,0.5685778527262507,0.37624750499001997,0.5485232067510548
2025-07-28,0.5040541128196242,0.48686751641560444,0.5686384712659829,0.4067852985198736,0.5539251650770359
2025-07-29,0.45855608646706336,0.5284804016219347,0.3114638943523461,0.4210176255404057,0.5732624243535669
2025-07-30,0.48000097655937574,0.5575289575289575,0.26014889731703894,0.4490440565253533,0.6532819948661532
2025-07-31,0.46029207090163043,0.5510519204786721,0.1566011235955056,0.3897938829787234,0.7437213565536205
2025-08-01,0.4533521816571193,0.5569278270937862,0.1102373262182278,0.38341366129300314,0.7628299120234604
2025-08-02,0.4574524032432287,0.5120586532896005,0.16568379668632405,0.4174144233964772,0.7346527396005131
2025-08-03,0.4566563925587602,0.5003858024691358,0.16580092657588097,0.4248213989034723,0.7356174422865519
2025-08-04,0.4699344721354385,0.511861137897782,0.16591802358225716,0.46079734219269103,0.7411613848690236
2025-08-05,0.480443866311424,0.4903586579251832,0.1904561403508772,0.519348945357914,0.7216117216117216
2025-08-06,0.49712733287377453,0.4817813765182186,0.26298063429694074,0.5292261707074062,0.7145211499725325
2025-08-07,0.5440464778117735,0.4608712413261372,0.37378981338571626,0.658807903038353,0.6827169534968875
2025-08-08,0.5451312379762383,0.4588552707650799,0.3514309764309764,0.6887450199203188,0.6814936847885777
2025-08-09,0.546110410703086,0.45491329479768783,0.4020199186421658,0.7495435684647302,0.5779648609077599
2025-08-10,0.5215371503550842,0.4440377576574841,0.40210378681626924,0.7653501493528045,0.4746569075937786
2025-08-11,0.49120433432548816,0.45570107858243447,0.4021876314682373,0.7139538742326199,0.3929747530186608
2025-08-12,0.4820373294364062,0.4459849797804737,0.35263600673023,0.66821499668215,0.4613133345527712
2025-08-13,0.4982144081345594,0.4562957258375048,0.480162624421702,0.5964504893017084,0.4599487929773226
2025-08-14,0.496066061528402,0.5149181905678537,0.5762545556490047,0.45041459369817577,0.4426769061985738
2025-08-15,0.5017619330113084,0.657428791377983,0.4473721093202523,0.47720112750787597,0.4250457038391225
2025-08-16,0.4933843519035005,0.6442178179719069,0.5585762331838565,0.33736737400530503,0.43337598245293363
2025-08-17,0.47022491048263493,0.617929973066564,0.5586380832282472,0.267197082711752,0.4371345029239766
2025-08-18,0.4631824413710703,0.6135795345258703,0.5586999159428412,0.268975803778588,0.41147451123698153
2025-08-19,0.4233530749921675,0.6053846153846154,0.44908250455245835,0.24672742336371167,0.39221775666788455
2025-08-20,0.3923849940890622,0.5716208421457412,0.36302521008403366,0.23343273691186217,0.4014611872146119
2025-08-21,0.37918172711697096,0.5526720492118415,0.2933762778322364,0.2537684280271658,0.4169101533966399
2025-08-22,0.34113334329606326,0.5714011147414952,0.226827219266312,0.2091752235839682,0.35712981559247764
2025-08-23,0.3929948364152266,0.5589930822444273,0.3660926781464371,0.22338135452889551,0.4235122307411464
2025-08-24,0.4265253478376423,0.5900096061479347,0.36618141097424417,0.28741721854304636,0.46249315568534405
2025-08-25,0.4605187467195898,0.6865155589704188,0.3662701189643107,0.3203112067538487,0.46897810218978103
2025-08-26,0.47942138883799706,0.6731323218743999,0.41225860621326615,0.3265475008275405,0.5057471264367817
2025-08-27,0.5183469077126103,0.668010752688172,0.5135021687421295,0.36852556677147114,0.5233491426486684
2025-08-28,0.5120890005405833,0.6099059320406988,0.5465864577504197,0.3545665122435473,0.5372971001276673
2025-08-29,0.5591709002675431,0.5648752399232246,0.7349279619527207,0.36211745244003307,0.574762946754194
2025-08-30,0.5808012565340621,0.5705238917674151,0.8018181818181818,0.37347006285147205,0.5773928896991796
2025-08-31,0.5661293531053924,0.5598618572524943,0.8018458956789261,0.322970067802216,0.5798395916879329
2025-09-01,0.5456767693934489,0.5685785536159601,0.8018736017897092,0.24983465608465608,0.5624202660834701
2025-09-02,0.5239240227472463,0.5705792098197162,0.8019013001537816,0.23706397751694494,0.48615160349854225
2025-09-03,0.4863776899573303,0.5852348993288591,0.6102879507967571,0.251900826446281,0.49808708325742396
2025-09-04,0.5021717214224894,0.6228911042944785,0.6,0.2816063460585027,0.5041894353369764
2025-09-05,0.49961856273632965,0.6798926586160629,0.5231973169368362,0.2772637144745539,0.5181205609178656
2025-09-06,0.5153009106823876,0.6966270601763127,0.5760793628615342,0.2398810507186519,0.5486161689730518
2025-09-07,0.4989939280112465,0.6750335313278406,0.5761385861972619,0.2028410967955071,0.5419624977243764
2025-09-08,0.5105869966641873,0.6622605363984675,0.5761977929878475,0.17010734929810073,0.6337823079723335
2025-09-09,0.5012578957460398,0.6391495882014939,0.5833798882681565,0.15356671070013211,0.6289353958143767
2025-09-10,0.4779322010459176,0.6765607047108387,0.5323278871665968,0.1411589895988113,0.5616812227074236
2025-09-11,0.4857730809344474,0.6988320888378327,0.6202178162524434,0.12413337735226147,0.49990904129525193
2025-09-12,0.47219770294314756,0.7199464012251149,0.5626134301270418,0.12823898333058262,0.47799199708985085
2025-09-13,0.4213568395110373,0.6926315789473685,0.5083752093802345,0.1250825082508251,0.35933806146572106
2025-09-14,0.40362862021245594,0.6877152698048221,0.5084438241451501,0.14090084144530607,0.27745454545454545
2025-09-15,0.42850749929422555,0.7116893055289841,0.5085124197599777,0.22896733751237217,0.26486093437556807
2025-09-16,0.5204574375172845,0.7381407804131599,0.7276405748569834,0.3288800923635164,0.28716830243547803
2025-09-17,0.5513567336770147,0.7404857525339453,0.7511160714285714,0.41144459102902375,0.30238051971651825
2025-09-18,0.5813736695350517,0.7332695984703632,0.784349281629237,0.47139323990107174,0.33648255813953487
2025-09-19,0.5810979328144787,0.7595106098260371,0.7241283124128313,0.516320474777448,0.32443233424159856
2025-09-20,0.6022581555269251,0.8092507645259939,0.7093850230093433,0.5694742047140267,0.32092262985833636
2025-09-21,0.6505066877918978,0.822281673991974,0.709425543781372,0.6626565589980224,0.407662974396223
2025-09-22,0.6332288836614918,0.8299579671379442,0.7094660532552628,0.6503542593507992,0.3431372549019608
2025-09-23,0.649993262503913,0.83018147086915,0.7614998606077502,0.6191103789126854,0.38918133962606644
2025-09-24,0.5900773999616851,0.8590527119938884,0.6370731707317073,0.5282490528743206,0.33593466424682394
2025-09-25,0.5491569722669384,0.8699637196868436,0.5472408026755853,0.5108695652173914,0.26855380148793323
2025-09-26,0.546964974973718,0.8675066819396716,0.4871116065208304,0.48872056644162687,0.3445210449927431
2025-09-27,0.584870505377435,0.8892918495896164,0.5557258289217052,0.48452420151465264,0.4099401414837656
2025-09-28,0.5739303742660653,0.8904580152671756,0.5557877141663184,0.4260082304526749,0.4234675371780921
2025-09-29,0.5768702057524245,0.8834191948101507,0.555849582172702,0.4096445029624753,0.4585675430643699
2025-09-30,0.5654374836930598,0.8830599008012209,0.5219328784291881,0.4298173440842521,0.426939811457578
2025-10-01,0.607283598334463,0.9032996376120541,0.5082149818991925,0.5129976966107272,0.5046220772158782
2025-10-02,0.6936000566184894,0.9105644546147978,0.612278992064597,0.652245435104458,0.5993113446901052
2025-10-03,0.6681860697187447,0.913441372735939,0.508630289532294,0.6694078947368421,0.581264721869904
2025-10-04,0.7153732115921814,0.9134578726648875,0.6427279053583855,0.6750534451570466,0.6302536231884058
2025-10-05,0.7217001610572189,0.9031827711072994,0.642777623156137,0.690233475830319,0.6506067741351205
2025-10-06,0.7325873054645566,0.8957698170731707,0.6428273271184082,0.684037481505836,0.7077145961608113
2025-10-07,0.7035586117445617,0.8967422366164983,0.4584028937117418,0.7120315581854043,0.7470577584646025
2025-10-08,0.7024701957500975,0.9015238095238095,0.4166087077479482,0.7140509449465899,0.777697320782042
2025-10-09,0.6793750645489655,0.9095410398019425,0.3770514603616133,0.6421294774893197,0.7887782805429864
2025-10-10,0.6559753959944268,0.9095582635186595,0.31094423585036857,0.5950386068670938,0.8083604777415853
2025-10-11,0.6625750496288765,0.9122406244051018,0.28072858731924355,0.6102168199737188,0.8471141668174417
2025-10-12,0.670029094428922,0.9002664636467453,0.28082858334491867,0.6281819674823452,0.8708393632416788
2025-10-13,0.6915077848295601,0.9019980970504282,0.28092855157075336,0.693431855500821,0.8896726351962381
2025-10-14,0.6647374051148485,0.904490106544901,0.2810284920083391,0.589886718108685,0.8835443037974684
2025-10-15,0.6433205532547224,0.9026060490774206,0.28807670928293494,0.4970453053184504,0.8855541493400831
2025-10-16,0.6194881340953724,0.9212628375808292,0.2591357510073642,0.41342524208107667,0.8841287057122198
2025-10-17,0.6128383904466971,0.9210876592508082,0.22089469297026953,0.4122087298982606,0.8971624796674499
2025-10-18,0.6074909048324553,0.911787072243346,0.2190582025281289,0.4272354388843314,0.8718829056740152
2025-10-19,0.5754296416776399,0.9074320471393271,0.21916666666666662,0.33103674540682415,0.8440831074977416
2025-10-20,0.5474758884981153,0.8979475484606614,0.21927510068046108,0.24356240774151222,0.8291184971098265
2025-10-21,0.5668072129664317,0.8916967509025271,0.3126909191891142,0.22646769432600852,0.8363734874480766
2025-10-22,0.5663624831735018,0.8915273556231003,0.2909898653338887,0.23479258894900804,0.8481401227880101
2025-10-23,0.5655243965092248,0.8934472934472935,0.2958078845086063,0.25049180327868853,0.8223506048023109
2025-10-24,0.546813015437562,0.8864413216862894,0.2549618320610687,0.2566792329126373,0.7891696750902527
2025-10-25,0.5583358228389184,0.8805771786595785,0.35276158756591725,0.24237954768928222,0.7576249774408952
2025-10-26,0.5351931662245216,0.8830675778283978,0.3528513944775913,0.2251351794199574,0.67971851317214
2025-10-27,0.5187812834722793,0.8568988422850636,0.3529411764705882,0.23836828309305375,0.6269168320404114
2025-10-28,0.5567644835587007,0.8626185958254269,0.4401442641143015,0.314987714987715,0.6093073593073594
2025-10-29,0.5507121348297755,0.8719408081957882,0.44909847434119277,0.29299050114641334,0.5888187556357078
2025-10-30,0.5417913821086064,0.8767071320182094,0.413950908334489,0.2778778450957917,0.5986296429859358
2025-10-31,0.49307770636677273,0.8359567608571971,0.28397115917914584,0.25638506876227896,0.5959978366684694
2025-11-01,0.455512839071451,0.8189230185817217,0.2702065714681825,0.16532984121787528,0.5675919250180245
2025-11-02,0.4585832032463907,0.802654028436019,0.2703077349598004,0.17495908346972178,0.5864119661200217
2025-11-03,0.43680251316229834,0.7922668688400303,0.2704088704088704,0.15300278186876126,0.5315315315315315
2025-11-04,0.44904234011772926,0.8122039037331817,0.30487804878048785,0.13972513089005237,0.5393622770671951
2025-11-05,0.407823073910502,0.7984084880636605,0.19093806290702509,0.1567151971208899,0.48523054755043227
2025-11-06,0.4126215035131995,0.7954157984466755,0.2165419783873649,0.17157343801112201,0.4669547992076355
2025-11-07,0.41449650494876455,0.7846590909090909,0.27552292561296576,0.17432542927228128,0.4234785740007202
2025-11-08,0.4633725571913839,0.7858360159060784,0.381994459833795,0.23201438848920863,0.45364536453645365
2025-11-09,0.4632775326389937,0.7620219613782658,0.3820800443151918,0.24554520189635443,0.4634629229661627
2025-11-10,0.447271395588665,0.7698277493848192,0.3821656050955414,0.2917620137299771,0.34533021414432247
2025-11-11,0.4296963684960947,0.7513247539742619,0.44870552402049013,0.27586206896551724,0.2428931270241094
2025-11-12,0.39311667312403914,0.7441816461684012,0.448781838316722,0.23055555555555557,0.1489476524554776
2025-11-13,0.4020907351887417,0.73950056753689,0.5101730103806228,0.23117137722594347,0.1275179856115108
2025-11-14,0.42544708817307453,0.7204463779080764,0.5852477165790202,0.2554720679516498,0.14062219025355152
2025-11-15,0.3889478684597803,0.5873676248108926,0.46907430469074307,0.32908704883227174,0.17026249550521394
2025-11-16,0.39817992747855596,0.5583286065418793,0.46914775871610404,0.40561724363161333,0.159626101024627
2025-11-17,0.40632056670939243,0.5457466918714555,0.46922119241942173,0.37648979591836734,0.23382458662832495
2025-11-18,0.435152407941298,0.5176715176715176,0.4095435684647303,0.46784198498204377,0.34555256064690026
2025-11-19,0.5298014473223792,0.6551398337112623,0.4000829760752317,0.604047657907622,0.4599353215954006
2025-11-20,0.5388611483403303,0.6723975061401852,0.32757190265486724,0.6550261096605744,0.5004490749056942
2025-11-21,0.5305796709317137,0.6497922176048356,0.34632932393197846,0.6351770272475118,0.49102011494252873
2025-11-22,0.5077485429435685,0.5743153918791313,0.31282831075476913,0.630831973898858,0.5130184952415155
2025-11-23,0.5187246574508785,0.5776057401812689,0.31292328956461646,0.6168651117272875,0.5675044883303411
2025-11-24,0.5425047790589688,0.5875023598263167,0.3130182421227198,0.6374755381604696,0.6320229761263687
2025-11-25,0.5308468582592153,0.5707814269535674,0.3146331352770485,0.6096526985162237,0.6283201722900216
2025-11-26,0.5215281181217338,0.5948292130590678,0.36943907156673117,0.5293446364525595,0.592499551408577
2025-11-27,0.5037450990553064,0.5584905660377358,0.41041580328774696,0.47269763651181745,0.5733763903839254
2025-11-28,0.4782509587496655,0.5291454442558008,0.41049723756906076,0.4750651890482399,0.49829596412556054
2025-11-29,0.4240572450942232,0.5092417955488495,0.4155503383510565,0.41616424963337134,0.3552725968436155
2025-11-30,0.4094766476616498,0.5564774655855176,0.41563104114885385,0.3722710980775497,0.2935269858346781
2025-12-01,0.4003475794036383,0.5552413273001509,0.41571172166229464,0.3946896888744095,0.2357475797776981
2025-12-02,0.4025131768726721,0.5590951932139492,0.40819988956377695,0.3744299674267101,0.268327657286252
2025-12-03,0.47341304696435493,0.6106294760648323,0.5246376811594202,0.4442273245399772,0.31415770609318994
2025-12-04,0.4795707896606191,0.5673638590540795,0.6377311620204251,0.40231195050472157,0.3108761870632503
2025-12-05,0.49518481580698065,0.6569329314242653,0.665516765558162,0.3465733355038255,0.31171623074166965
2025-12-06,0.5090327393144979,0.6967413825579205,0.7366169977924945,0.2936197916666667,0.3091527852409099
2025-12-07,0.5075093613845996,0.7013182674199623,0.7366533314939991,0.2672091131000814,0.3248567335243553
2025-12-08,0.4890175198976018,0.6834871022406326,0.7366896551724138,0.215750081353726,0.3201432408236347
2025-12-09,0.4675345420081019,0.6950301204819277,0.7267963039580747,0.20985846754514398,0.23845327604726102
2025-12-10,0.4467210013563532,0.6939582156973461,0.7142857142857143,0.1702992843201041,0.20834079112224807
2025-12-11,0.4487012232979993,0.753293187805796,0.6517303184889012,0.1780777362172711,0.21170365068002864
2025-12-12,0.5064293030462356,0.7665098777046095,0.771298593879239,0.183739837398374,0.3041689032027196
2025-12-13,0.5071328996657382,0.7612866817155757,0.6938662991040662,0.24743944074134286,0.3259391771019678
2025-12-14,0.4964476329977445,0.7716757570058304,0.6939084895259096,0.25227568270481143,0.26793060275442676
2025-12-15,0.47787465131392187,0.777359909740504,0.6939506683202425,0.23078173248821712,0.2094062947067239
2025-12-16,0.4625312892702787,0.775521714608009,0.6770460181868283,0.18085797855053623,0.2166994457357411
2025-12-17,0.4739760278057803,0.7889097744360902,0.7290260366441659,0.19366368805848902,0.18430461208437612
2025-12-18,0.46490771912215384,0.8105619244502913,0.7044077134986226,0.1882716049382716,0.15638963360142985
2025-12-19,0.4404340106667419,0.6833897031191282,0.7423219942156728,0.19181419522494722,0.14421015010721944
2025-12-20,0.43340411865304646,0.6582754086041706,0.7743045992839438,0.16060409223773953,0.14043237448633197
2025-12-21,0.4404070189986577,0.6803155522163786,0.7743356739639268,0.1649618444552687,0.1420150053590568
2025-12-22,0.4479238315296966,0.7342723004694836,0.7743667400881057,0.16785714285714284,0.11519914270405429
2025-12-23,0.46744885010169057,0.7298159969958693,0.8381280110117,0.19542282097062166,0.10642857142857143
2025-12-24,0.482394902425194,0.744509104561667,0.8960913845306909,0.18971113274910742,0.09926798785931083
2025-12-25,0.48925739755921205,0.7441816816816818,0.9236273565432779,0.20639299042674022,0.08282756158514816
2025-12-26,0.4751132197414771,0.7376618502533308,0.9236378646119978,0.1818624269954575,0.05729073710512225
2025-12-27,0.455890164394461,0.7228893058161351,0.8970972623469529,0.1464720194647202,0.05710206995003569
2025-12-28,0.4621404328550899,0.7313824798349278,0.897111416781293,0.1435290301654233,0.07653880463871543
2025-12-29,0.48504010038776635,0.7284321080270068,0.897125567322239,0.17707150964812712,0.13753121655369246
2025-12-30,0.482209396274632,0.7187324207762985,0.8315456545654565,0.19503891050583658,0.18352059925093633
2025-12-31,0.5075989088760201,0.7510311211098613,0.8158944039598515,0.22791376236018804,0.23555634807417974
2026-01-01,0.5000831315946959,0.7994376757263355,0.7559802034643938,0.21118314424635332,0.23373150294170084
2026-01-02,0.4768150878439664,0.7642428785607196,0.7560137457044673,0.18522119591638309,0.2017825311942959
2026-01-03,0.5079699299847615,0.7882705639872587,0.8114348543155581,0.23007128969539858,0.20210301194083052
2026-01-04,0.5121499922379218,0.775571375046834,0.8114607667995053,0.25255143366272476,0.20901639344262296
2026-01-05,0.5165904959620785,0.7385278141974152,0.8114866721626821,0.2811791383219955,0.23516835916622128
2026-01-06,0.5025449320837861,0.75,0.7319686770160736,0.2863157894736842,0.24189526184538654
2026-01-07,0.5007419156941664,0.7549148099606815,0.6909340659340659,0.28837435233160624,0.26874443455031166
2026-01-08,0.5238601152190026,0.7478472482216398,0.6746326054113446,0.3024121741945928,0.37054843304843305
2026-01-09,0.5681250794707244,0.7404080104810031,0.6455644053831364,0.41421171900291354,0.47231618301584477
2026-01-10,0.5449826400291846,0.6994760479041916,0.5964575037759166,0.4058909208609807,0.4781060875756497
2026-01-11,0.5382036164407565,0.6810102899906454,0.5965129049972542,0.43090614886731393,0.44438512190781276
2026-01-12,0.5006860178748309,0.6677890011223344,0.5965682910089225,0.3070700533894192,0.4313167259786477
2026-01-13,0.5074270250698595,0.6923508509444548,0.6443864946472687,0.279521190553219,0.41344956413449563
2026-01-14,0.4762257731732519,0.7389678384442782,0.45615479621243304,0.2702571567200388,0.43952330131625755
2026-01-15,0.5310056488865782,0.8081884464385867,0.5351262349066959,0.3174320827943079,0.4632758314067224
2026-01-16,0.5427750648913865,0.8214953271028037,0.48333104678282346,0.3691188358932902,0.4971550497866287
2026-01-17,0.5359690192294492,0.818725471874416,0.4488340192043896,0.40591658583899126,0.4704
2026-01-18,0.5144569148169186,0.8372571001494769,0.4489096145933342,0.31307580410538227,0.458585140419481
2026-01-19,0.5235634302848244,0.8371006912011956,0.4489851892484915,0.3626373626373626,0.4455304780522481
2026-01-20,0.5100043020677328,0.8333955920806874,0.4490607431783903,0.33769591210211664,0.419864960909737
2026-01-21,0.5437744946301593,0.8052287581699347,0.6510830819851934,0.29046849757673665,0.42831764078877244
2026-01-22,0.535176291333681,0.7699775952203136,0.6511309115832762,0.2810531416572444,0.43854351687388987
2026-01-23,0.5227536237785404,0.741833115549748,0.7077850877192983,0.22512919896640826,0.41626709287870717
2026-01-24,0.5538163178767375,0.7577454273982829,0.7300260380978485,0.21346681737445503,0.5140269886363636
2026-01-25,0.607422290640535,0.7523791752192573,0.7300630309673883,0.3157894736842105,0.6314574826912835
2026-01-26,0.651248809565002,0.7583955223880597,0.7301000137005069,0.41468926553672314,0.7018104366347178
2026-01-27,0.6987022427512419,0.7625443014362991,0.8357534246575342,0.4699806326662363,0.726530612244898
2026-01-28,0.6970979122315437,0.7480417754569191,0.8815230790302698,0.4471518476682266,0.7116749467707594
2026-01-29,0.6547578431005129,0.7423084094723102,0.8789372774582306,0.3591481122942885,0.6386375731772219
2026-01-30,0.6617336163126538,0.6927665920954511,0.9003149390661372,0.35183094047427005,0.702021993614757
2026-01-31,0.6344066285675525,0.591425908667288,0.8250273822562979,0.38806451612903226,0.7331087072175918
2026-02-01,0.6701471749964684,0.5283265001863586,0.8250513347022588,0.5054023544589582,0.8218085106382979
2026-02-02,0.6581353404980087,0.49972051425377306,0.8250752805912949,0.48129635601418896,0.8264492111327779
2026-02-03,0.6647626786832335,0.5106184798807749,0.7826741480771863,0.5211994196356602,0.8445586671393123
2026-02-04,0.6892429677093073,0.5025144347178245,0.8315544608648057,0.5714055448098001,0.8514974304447989
2026-02-05,0.6793330957815524,0.4405959031657356,0.7794499931591189,0.6333601933924254,0.8639262934089298
2026-02-06,0.6992374258942471,0.3917333829826848,0.7649794801641587,0.7573316145665485,0.8829052258635961
2026-02-07,0.7458854040980087,0.44210722263588975,0.8305293393516618,0.8185919123570162,0.8923131420474673
2026-02-08,0.7279842041787682,0.43979155034431416,0.8305525164113785,0.7788337628865979,0.862758987072782
2026-02-09,0.731945217276641,0.4640863416449572,0.8305756871325037,0.7738766306973748,0.859242209631728
2026-02-10,0.7612981463017414,0.5097674418604652,0.9242548537052229,0.756682769726248,0.8544875199150292
2026-02-11,0.7673885774023002,0.5308779761904762,0.938755980861244,0.7512477861857993,0.8486725663716814
2026-02-12,0.7583147905824199,0.49841919285847125,0.9304264625478403,0.7548293625241468,0.8495841443992214
2026-02-13,0.6951490398107842,0.45053923391595385,0.9341260079267459,0.6384999195235795,0.7574309978768577
2026-02-14,0.5915342897294382,0.41662018962632463,0.9233397103033616,0.4367557129063405,0.5894215460817265
2026-02-15,0.5298160257638018,0.3942379182156134,0.9233501844514278,0.30539018503620274,0.4962858153519632
2026-02-16,0.5285827212848231,0.4071733878461252,0.9233606557377049,0.2685006435006435,0.5152961980548187
2026-02-17,0.5023844745363616,0.4018952062430323,0.9233711241633656,0.23130127070934534,0.452970297029703
2026-02-18,0.479323612343973,0.38844510496005946,0.9089046708549576,0.1978128015439048,0.4221318720169701
2026-02-19,0.46990756943208345,0.41976225854383353,0.9068687696299331,0.17848528702363725,0.37451396253092967
2026-02-20,0.4303915372764939,0.44308263695450323,0.752594210813763,0.18536977491961415,0.3405195264180951
2026-02-21,0.44680837722817046,0.46453769030820646,0.7776109215017065,0.17971387236778652,0.36537102473498234
2026-02-22,0.46482767742370895,0.48041581585297943,0.7776412776412777,0.22870459659273545,0.37254901960784315
2026-02-23,0.4486621955620075,0.47865627319970305,0.7776716254947454,0.2442551823879158,0.2940657011656658
2026-02-24,0.4803245795194728,0.47170161439970315,0.7614628820960698,0.31924807197943444,0.3688857496026841
2026-02-25,0.48292516028561944,0.47866419294990725,0.7030972847591759,0.3927710843373494,0.3571680790960452
2026-02-26,0.4764391773642044,0.4924874791318865,0.5529331514324693,0.43350465788628334,0.42683142100617827
2026-02-27,0.49424396338372584,0.5443249258160238,0.4019915427636066,0.5156576200417536,0.5150017649135192
2026-02-28,0.5321836292899451,0.5323567587613574,0.42498636115657396,0.6144829800899165,0.5569084171519323
2026-03-01,0.5328587982494817,0.5589543937708565,0.4250647756716215,0.6050730454326537,0.5423429781227946
2026-03-02,0.5356559638075379,0.5907321594068582,0.4251431688028361,0.6086677367576244,0.5180807902628329
2026-03-03,0.4546680950259084,0.6842105263157895,0.2631220177232447,0.49109292248435243,0.3802469135802469
2026-03-04,0.44010749364526525,0.7185473411154345,0.21401308615049075,0.43164313222079587,0.39622641509433965
2026-03-05,0.48343774223537606,0.842534271952575,0.35995638544364184,0.3837638376383764,0.34749647390691113
2026-03-06,0.4112412605625846,0.8555288016299315,0.20468792586535844,0.28649342316329807,0.2982548915917504
2026-03-07,0.40379410862542425,0.8707407407407407,0.26447744924376615,0.22052927024859664,0.25942897426859357
2026-03-08,0.3577300270781911,0.8911312719866691,0.2645776566757493,0.13935214881334188,0.1358590308370044
2026-03-09,0.33210085598027855,0.8672713809700111,0.26467783680697454,0.10325476992143659,0.09319943622269204
2026-03-10,0.34077273910129824,0.8708125115676476,0.3005992917461182,0.10131452388586085,0.09036462920556632
2026-03-11,0.3659479079274345,0.8739822353811991,0.3990194743292932,0.10819041513062991,0.08259950686861571
2026-03-12,0.30943951980897827,0.8699352451433857,0.1953976034858388,0.10480769230769231,0.0676175382989963
2026-03-13,0.29357371633183627,0.8803181650018498,0.10878148400272292,0.11424451209742029,0.07095070422535212
2026-03-14,0.291166827723215,0.8916219715184021,0.05826300027225706,0.1262415892342198,0.088540749867981
2026-03-15,0.3239956959462454,0.8910872781065089,0.058391180073499416,0.16962998558385392,0.17687434002111932
2026-03-16,0.37974951419645014,0.8924015529672767,0.0585193249863909,0.2631326073030109,0.30494457152912197
2026-03-17,0.4374834474231388,0.8955637707948244,0.08980813716151859,0.3711769415532426,0.39338494018296977
2026-03-18,0.4497436365723909,0.8924413232304564,0.10911564625850345,0.420108869676593,0.37730870712401055
2026-03-19,0.4896742768103965,0.8963414634146342,0.1220242143925997,0.49959980790779573,0.4407316215265564
2026-03-20,0.49223055837559027,0.9015333456493626,0.1081338411316648,0.4950384122919334,0.46421663442940037
2026-03-21,0.509947140074576,0.8928703361654968,0.14225486196110426,0.5356056969115058,0.46905766526019693
2026-03-22,0.5367202914046713,0.8962142197599261,0.14237149850421538,0.5952,0.5130954473545438
2026-03-23,0.5463180233251538,0.914327917282127,0.14248810333106732,0.6258198688209886,0.5026362038664324
2026-03-24,0.5411827329759533,0.9069595717186635,0.15592713431212613,0.5746960972488804,0.5271481286241434
2026-03-25,0.5179694117655106,0.8994093761535622,0.1221965475057768,0.49528226451303375,0.5549894588896697
2026-03-26,0.48104558622726645,0.9106846281601771,0.12313128567545528,0.4387591941157659,0.4516072369576673
2026-03-27,0.44325644176381135,0.907380073800738,0.08425057752412013,0.39168665067945646,0.3897084650509308
2026-03-28,0.40288498040710785,0.8972514296255303,0.06399456521739133,0.32544757033248084,0.32484635645302895
2026-03-29,0.3708879008620671,0.8876798229435633,0.06412172259203908,0.2480421927441266,0.28370786516853935
2026-03-30,0.35820892062833454,0.8913885303337636,0.06424884542243958,0.20214125918823905,0.27505704756889593
2026-03-31,0.32175473235947455,0.8853244837758112,0.04318891756077681,0.17510784470362678,0.1833976833976834
2026-04-01,0.3272646850659225,0.8847926267281105,0.10755024443237371,0.16405750798722044,0.15265836111598527
2026-04-02,0.39448052937669653,0.8846295613711759,0.3683638832315004,0.17808656764095193,0.14684210526315788
2026-04-03,0.3542774299655921,0.8817025981205086,0.23404833016562587,0.19243053337591823,0.10892825820031574
2026-04-04,0.3374388842283967,0.8115327929255711,0.2923849599565631,0.17866836979083506,0.06716941424061733
2026-04-05,0.3321633892997351,0.800147356787622,0.29248099891422363,0.1781609195402299,0.057864281956864806
2026-04-06,0.3304777900442484,0.7920810313075506,0.2925770118062152,0.1830806065442937,0.05417251051893408
2026-04-07,0.3403197412968619,0.7893573927453508,0.3166892808683853,0.1905521864028088,0.06468010517090271
2026-04-08,0.3610771075563082,0.7890279823269514,0.3399810066476733,0.24046593266315622,0.0748335085874518
2026-04-09,0.38717778970044103,0.7951408061844285,0.42566467715680956,0.2364390555201021,0.09146661994042404
2026-04-10,0.42880006136279253,0.7944423997055576,0.5791401057914011,0.21933322698995056,0.12228451296426068
2026-04-11,0.49941462832241634,0.796688132474701,0.7070789259560619,0.2716108452950558,0.22228060956384657
2026-04-12,0.5168270005860035,0.7678440029433407,0.7071186440677966,0.3221176845798118,0.2702276707530648
2026-04-13,0.5158308376831953,0.7379069339709399,0.7071583514099783,0.3424744897959184,0.2757835755559447
2026-04-14,0.5798598544957203,0.7785950717175432,0.8167276670733361,0.3990116371751953,0.32510504201680673
2026-04-15,0.601457808587077,0.7973892259606545,0.8469775006776904,0.3952821166719796,0.36618239103798356
2026-04-16,0.5856153660380484,0.834375,0.7984821791570673,0.34103585657370517,0.36856842842142107
2026-04-17,0.5951713356346525,0.8412056607241316,0.8188346883468834,0.32711918419375396,0.3935258092738408
2026-04-18,0.6275342462627065,0.8261668504226387,0.891884568486655,0.34124581806595505,0.4508397480755773
2026-04-19,0.6375238825606183,0.8236266764651846,0.8918992143050664,0.3792609111181905,0.45530872835403186
2026-04-20,0.6504470235109934,0.8122703894195444,0.8919138561560341,0.38413760152890586,0.5134662469394893
2026-04-21,0.6383585296068909,0.8277318640955005,0.886646803900325,0.3590764331210191,0.4799790173107187
2026-04-22,0.5902743422384695,0.8049944913698127,0.8070412999322952,0.3268587804489731,0.4222027972027972
2026-04-23,0.6172887924485653,0.8296309895355242,0.8108583807202816,0.39430117796879977,0.43436462156965566
2026-04-24,0.6424944251964807,0.8483847283406755,0.7878705834574252,0.4674518542097724,0.46627053477804964
2026-04-25,0.6298683948802936,0.8109744907322445,0.8340552246886843,0.44127943984723106,0.43316442425301416
2026-04-26,0.6234109964517123,0.8455045871559633,0.8340776830423603,0.3998408910103421,0.4142208245981831
2026-04-27,0.6172056389130499,0.8493854338653458,0.8341001353179973,0.43127585109767735,0.35406113537117906
2026-04-28,0.6400517543341872,0.8286867204695525,0.9167906913814098,0.4703356131700334,0.3443939923157527
2026-04-29,0.6458833909562454,0.8175316339629561,0.9278950216450217,0.4976145038167939,0.34049240440020956
2026-04-30,0.6323819541481994,0.8243491015768243,0.8727174354118761,0.480680553347114,0.35178072625698326
2026-05-01,0.5987967074239557,0.8130155820348304,0.7930754665945361,0.4960254372019078,0.2930703438645488
2026-05-02,0.6354408627436855,0.8073680351906158,0.8922244759972955,0.5336194563662375,0.30855148342059335
2026-05-03,0.6467910283188121,0.801905809052593,0.8922390481341266,0.5688175460902734,0.3242017099982551
2026-05-04,0.6788127533951505,0.8052400146573837,0.892253616330945,0.6117908787541713,0.4059665038381019
2026-05-05,0.7142944020656071,0.824876350980033,0.8560421735604218,0.6782650142993327,0.49799406942264085
2026-05-06,0.7389088290167043,0.8236263736263736,0.8540343289633734,0.7416997617156473,0.5362748517614231
2026-05-07,0.7415063197538626,0.7249587987548067,0.9055405405405406,0.7892312579415502,0.5462946817785528
2026-05-08,0.7099142729553217,0.7447821310875138,0.721929468990677,0.8124503731935843,0.5604951185495118
2026-05-09,0.6833119097202834,0.7311001281347245,0.6834639286679276,0.8123213718640838,0.5063622102143978
2026-05-10,0.6884362805947862,0.7058931185944364,0.6835066864784547,0.8652167010636609,0.49912861624259325
2026-05-11,0.6664849330589177,0.6689844464775847,0.68354943273906,0.8526984126984127,0.46070744032061334
2026-05-12,0.6221679604579868,0.6427003293084522,0.6707629979743417,0.8205046817965402,0.35470383275261325
2026-05-13,0.5734947788849709,0.620632888238522,0.5962732919254659,0.7727705490320533,0.30430238634384255
2026-05-14,0.4996565882912609,0.5643745427944404,0.4640205211286621,0.7253688719657306,0.2448624172762104
2026-05-15,0.46279189075372384,0.5280672883525325,0.4272408207343412,0.6400697969543148,0.25578965697370715
2026-05-16,0.4214730545673332,0.4804387568555759,0.3161020380618167,0.6177636796193497,0.27158774373259054
2026-05-17,0.3646744100076319,0.47523304697495883,0.31619433198380564,0.3788455439264193,0.2884247171453438
2026-05-18,0.3631170588362159,0.4937865497076024,0.3162866009985157,0.40605676232757254,0.236338322311173
2026-05-19,0.36301421781680665,0.45824958889091905,0.3043712898003238,0.4239061509194673,0.26552984165651644
2026-05-20,0.3585486070522567,0.4519546949214468,0.26763793336031294,0.45538120145823424,0.2592205984690327
2026-05-21,0.37801546853829426,0.4171689497716895,0.35594820609657407,0.46133122028526147,0.2776134979996521
2026-05-22,0.3773537204440456,0.41015339663988315,0.34659474039109917,0.4797971795278086,0.2728695652173913
2026-05-23,0.3738739112790404,0.3883512872010224,0.3843042071197411,0.4722750316856781,0.25056511910972007
2026-05-24,0.3840028216209422,0.3762322015334063,0.3843872185519752,0.4900997940757168,0.2852920723226704
2026-05-25,0.38412347558123183,0.3863843767110786,0.38447020760312756,0.412258473234083,0.3533808447766383
2026-05-26,0.35955801935050075,0.3583941605839416,0.38455317428224833,0.4052256532066508,0.2900590893291623
2026-05-27,0.3751473765487383,0.3492063492063492,0.4066037735849056,0.38109563014566183,0.3636837532580365
2026-05-28,0.3718372314243085,0.3739511127325793,0.37259129497372323,0.3349691309165743,0.4058373870743572
2026-05-29,0.40425982819813255,0.35017326281232897,0.4372136890326057,0.3292181069958848,0.5004342539517109
2026-05-30,0.45023652860117247,0.35831509846827136,0.5394045534150613,0.355119480930527,0.5481069815908302
2026-05-31,0.43847640868312754,0.3664539653600729,0.5394665948275862,0.30205696202531646,0.5459281125195347
2026-06-01,0.4208042369670264,0.3528982865475756,0.5395286195286195,0.27638031956968834,0.5144097222222223
2026-06-02,0.40785342826052506,0.3369783123747039,0.3981955292216537,0.2954761151534325,0.6007637562923104
2026-06-03,0.40912781799671294,0.31140670553935856,0.3718863605762758,0.27550213506247034,0.677716070808747
2026-06-04,0.4090267019355629,0.29531790854436146,0.38637587506731286,0.26865907653383936,0.6857539475967378
2026-06-05,0.41298970984222805,0.2899817850637523,0.35253735361421457,0.26308300395256917,0.7463566967383761
2026-06-06,0.38980604668659513,0.34656710981606265,0.1511440107671601,0.23774897249446728,0.8237640936686904
2026-06-07,0.3865071159495037,0.3448652585579024,0.15125824249764497,0.21969337758811444,0.8302115851543531
2026-06-08,0.4043248597363359,0.34644092481339883,0.15137244348762113,0.26011378002528446,0.8593722906190394
2026-06-09,0.3745767165613837,0.35657080451401524,0.14449078434010498,0.1406225312055617,0.856622746185853
2026-06-10,0.3691684187963665,0.34431301182893537,0.1571159537261232,0.1387045813586098,0.8365401282717976
2026-06-11,0.37893197521727684,0.34788937409024745,0.16650975117686617,0.15210867161585848,0.8492201039861352
2026-06-12,0.3840487604212787,0.35510278333636525,0.20656266810112967,0.16219204042956412,0.8123375498180558
2026-06-13,0.39606785187883303,0.3757730083666788,0.2975662229393573,0.17843044370756356,0.7325017325017324
2026-06-14,0.3848248306472013,0.3753409710856519,0.29766066146813663,0.19940006315124723,0.6668976268837693
2026-06-15,0.37240954874855825,0.37763636363636366,0.29775507460680195,0.20773480662983426,0.6065119501212332
2026-06-16,0.4435254822843672,0.38393019451008903,0.3725806451612903,0.4392361111111111,0.5783549783549784
2026-06-17,0.46391356165760766,0.38731370410759725,0.49926085203601667,0.44847719741202463,0.5206024930747922
2026-06-18,0.4344317335568806,0.39651099400327094,0.4259607632356893,0.4234774376775008,0.4917777393110611
2026-06-19,0.4105344084721773,0.4082485465116279,0.313180169286578,0.4191512856917495,0.5015576323987538
2026-06-20,0.39041598337365785,0.42216167120799275,0.3132724341751746,0.34085173501577287,0.4853780930956913
2026-06-21,0.40252292270282286,0.4139120958953868,0.31336467427803893,0.33748620091468223,0.5453287197231834
2026-06-22,0.416629290479282,0.4960958779734883,0.31345688960515716,0.31709239987385685,0.5398719944646255
2026-06-23,0.36686274722403117,0.48257080610021785,0.2399624009668323,0.2689579063534605,0.47595987547561397
2026-06-24,0.37012613567058145,0.49391904156834276,0.1941460794844253,0.308953341740227,0.4834860798893308
2026-06-25,0.3931380494465185,0.4764065335753176,0.1331722378842798,0.34609929078014184,0.6168741355463347
2026-06-26,0.40324675691372436,0.4540010887316277,0.16442953020134232,0.3805546801134573,0.6140017286084701
2026-06-27,0.44489570333048367,0.4626269956458636,0.19192054757750643,0.47156136757523237,0.6534739025233322
2026-06-28,0.45911811289131355,0.5162343551605297,0.19202898550724634,0.5277252678008821,0.6004838430965959
2026-06-29,0.46364038700772847,0.5183170112441059,0.1921373943378505,0.5506378957316113,0.5934692467173462
2026-06-30,0.47578486738176984,0.4933816863100635,0.15964582774349345,0.6026771653543307,0.6474347901191916
2026-07-01,0.48973012423484746,0.4980058013052937,0.14299128101945002,0.6474570933711227,0.6704663212435233
2026-07-02,0.47516472605381965,0.5327170563712162,0.15383583690987124,0.6561712846347607,0.5579347262994302
2026-07-03,0.47097673035768195,0.5902500906125407,0.1992758481963256,0.6494569494726901,0.4449240331491713
2026-07-04,0.4239063571330818,0.5944917557528537,0.199383212657549,0.6188227887944602,0.28292767132746416
2026-07-05,0.3767931024373681,0.6092391304347826,0.19949054833087543,0.5084185680566483,0.19002416292716603
2026-07-06,0.31932805280500515,0.5477268610758921,0.1995978552278821,0.42731277533039647,0.10267471958584987
2026-07-07,0.3051151639989862,0.5610286128214415,0.23240852432649783,0.34576057888941325,0.08126293995859213
2026-07-08,0.290062318392184,0.5828354155350353,0.23237737871884212,0.28845548914753066,0.05658099016732793
2026-07-09,0.29156713509118765,0.5648081100651702,0.29907543883156906,0.25271269067463437,0.049672300793377026
2026-07-10,0.3049890843163342,0.580633484162896,0.3637459807073955,0.23160377358490566,0.04397309881013968
2026-07-11,0.32001273165040744,0.6071299312341658,0.3935699933020763,0.22417858827228423,0.05517241379310345
2026-07-12,0.3422054162450628,0.6176949520535553,0.3936512188588267,0.27679974850675887,0.08067574556111015
2026-07-13,0.3571156567906694,0.591534008683068,0.39373242265970265,0.29514380009429514,0.14805239572561185
2026-07-14,0.3541776915425738,0.537891119551456,0.3354311730048206,0.36847894406033943,0.17490952955367914
2026-07-15,0.3811661315241862,0.5227848101265823,0.42281429910295887,0.3549096622152396,0.22415575465196416
2026-07-16,0.3485845158516947,0.4850840715964564,0.3423025435073628,0.34197298146402766,0.22497846683893197
2026-07-17,0.34446689021992083,0.5021691973969631,0.3027707134252443,0.30406784985079316,0.26885980020668276
2026-07-18,0.3417193592981682,0.5449123441171155,0.25936830835117775,0.29946608040201006,0.26313070432236957
2026-07-19,0.3479002203926421,0.567040115648717,0.25946741603104506,0.3064845344638091,0.25860881542699726
2026-07-20,0.37574344466857124,0.5627822944896116,0.2595664971902596,0.4032967032967033,0.27732828369771045
2026-07-21,0.3887296379586095,0.6029624277456647,0.2805351170568562,0.39758279704912886,0.2738382099827883
2026-07-22,0.4206420474678318,0.5273613870326892,0.4554574638844302,0.4113308223477715,0.2884185166064361
2026-07-23,0.44247249184875104,0.5225713253882268,0.4882974454995319,0.4591244311941001,0.29989676531314524
2026-07-24,0.45681089848602224,0.5360173316483119,0.5255415886600696,0.48854722309381865,0.2771374505418889
2026-07-25,0.4838503605761768,0.5185920577617329,0.6474127557160048,0.5342745098039215,0.2351221190230478
2026-07-26,0.4791894374769068,0.5791373398303555,0.6474598930481283,0.4932559598494354,0.19690455717970765
2026-07-27,0.4690989121467211,0.5983399494767232,0.6475070177783719,0.4950603732162459,0.13548830811554333
2026-07-28,0.43155204606603786,0.5841602020566481,0.5545308740978347,0.46597679523361557,0.12154031287605295
2026-07-29,0.430242610622691,0.6204906204906204,0.5508485901376453,0.4389402727700267,0.11069095909247163
2026-07-30,0.4019213195980727,0.6016230838593327,0.530197755211117,0.36175548589341694,0.11410895342842413
2026-07-31,0.42971899969570904,0.5452578434908042,0.7567134268537075,0.30590816486444133,0.11099656357388316
2026-08-01,0.4815535903239296,0.540652605011718,0.7910766764627304,0.4572234409276089,0.1372616388936609
2026-08-02,0.5336900469670098,0.5445205479452055,0.7911045812742086,0.6424878583738054,0.15664720027481965
2026-08-03,0.5465001384076448,0.48747522076049743,0.7911324786324786,0.6724624060150376,0.23493044822256567
2026-08-04,0.5493813890861919,0.4938738738738738,0.7115769795700361,0.7489428347689898,0.24313186813186813
2026-08-05,0.5918391307046739,0.5809764006485318,0.7548731642189586,0.7851550266207329,0.2463519313304721
2026-08-06,0.6065041329793641,0.5643011527377522,0.7890802296088639,0.8374823860967591,0.2351527634740817
2026-08-07,0.6153947484532122,0.5416891770214298,0.8254137746930059,0.8600500939261114,0.23442594817230136
2026-08-08,0.6169413918187703,0.5577961829312208,0.8390497797944748,0.8372202222570042,0.2336993822923816
2026-08-09,0.6149463778371023,0.5519351935193519,0.8390712570056045,0.8129890453834115,0.25579001544004115
2026-08-10,0.5959536762560282,0.5219582433405328,0.8390927284856571,0.7901736817399468,0.23259005145797598
2026-08-11,0.5581810952482688,0.4820946553895987,0.7810832443970117,0.7496871088861077,0.2198593723203567
2026-08-12,0.5493090109989514,0.456998920474991,0.816593303988262,0.7189113092444862,0.20473251028806586
2026-08-13,0.53540232614521,0.4864184205792409,0.7770072019205121,0.658742571160463,0.21944111092062404
2026-08-14,0.47906347715399383,0.3224820143884892,0.7327643685824776,0.6397185301016419,0.22128899554336648
2026-08-15,0.47681653733502743,0.3217047293652221,0.7904,0.5708255159474672,0.22433590402742073
2026-08-16,0.4636907329791771,0.3117583603020496,0.7904279429409412,0.515085196185712,0.23749143248800547
2026-08-17,0.46228087955723396,0.3032536401222362,0.790455878432418,0.5412628946545796,0.21415110501970192
2026-08-18,0.4804517518356959,0.30230050323508273,0.8435292549646808,0.5469604625722769,0.2290167865707434
2026-08-19,0.4750181286284989,0.3009883198562444,0.8164978678038379,0.5534375,0.22914882685391333
2026-08-20,0.5427141004925916,0.2978799856270212,0.9084610259826782,0.5672551163880644,0.3972602739726027
2026-08-21,0.6229224194737446,0.3305191305909826,0.916466826538769,0.634020618556701,0.610683102208526
2026-08-22,0.6997550609663977,0.33872126436781613,0.9491141601172239,0.7230985475558332,0.7880862718247176
2026-08-23,0.7151474293641418,0.325731729215299,0.9491209376664891,0.7514053716427233,0.8343316789320554
2026-08-24,0.7159270148549015,0.3364452423698384,0.949127713410574,0.7172521467603434,0.8608829568788501
2026-08-25,0.7187150612647226,0.3530784419314307,0.9209054593874834,0.7163596628161099,0.8845166809238666
2026-08-26,0.7235301294795046,0.35588657573582194,0.9309013446944482,0.6997034493522709,0.9076291481354772
2026-08-27,0.7165507138891181,0.37484299300197377,0.9017571884984026,0.6855493133583022,0.9040533606977937
2026-08-28,0.7094741086073677,0.37369931826336567,0.9228004791694396,0.6469027929474177,0.8944938440492476
2026-08-29,0.6292208744927398,0.3858295964125561,0.6947032206547777,0.5789391575663027,0.8574115233373226
2026-08-30,0.6024718515729349,0.4045911047345767,0.6947438456420492,0.48354390890656684,0.827008547008547
2026-08-31,0.5423657393415119,0.41366325981710594,0.6947844598190527,0.2531191515907673,0.8078960861391216
2026-09-01,0.517412852990409,0.41717461455718896,0.735000665158973,0.14782473101512553,0.7696514012303486
2026-09-02,0.50628527931123,0.44649578777558707,0.7201383346634743,0.12862488306828812,0.7298821117375704
2026-09-03,0.5008958722502608,0.44605734767025085,0.7249634259874984,0.11083398285268901,0.7217287324906048
2026-09-04,0.5111639059327469,0.42590933524457986,0.7613031914893618,0.10458229426433915,0.7528608027327071
2026-09-05,0.5193348732851948,0.42941597993550695,0.7927137348756814,0.09428081658095683,0.7609289617486339
2026-09-06,0.5271830457511293,0.43363782912412685,0.7927412922095187,0.09457775007790589,0.7877753115929657
2026-09-07,0.53922035798236,0.4195916905444126,0.7927688422172006,0.13724879264682974,0.8072721065209969
2026-09-08,0.5446355201097866,0.41808415398388543,0.792796384901648,0.17196261682242991,0.7956989247311828
2026-09-09,0.5394228824397299,0.422484783387039,0.7404651162790697,0.19218190313035352,0.8025597269624574
2026-09-10,0.5605482703688114,0.4361911580454627,0.754982726547967,0.228122080348801,0.8228971165330149
2026-09-11,0.5657159614932521,0.4645669291338582,0.7289756875249103,0.25782344698738907,0.8114977823268509
2026-09-12,0.5629839615598162,0.4576847378779746,0.69115302869288,0.29685554171855544,0.806242537949855
2026-09-13,0.6315349336803624,0.7334525939177101,0.6911940496745916,0.30988326848249026,0.7916098226466576
2026-09-14,0.649749548615437,0.7554999105705598,0.6912350597609562,0.3618113912231559,0.7904518329070759
2026-09-15,0.6639033314095206,0.7678826895565093,0.6009826052317089,0.4597790571028474,0.8269689737470167
2026-09-16,0.6357814310700431,0.7171464330413015,0.4965480616038237,0.4727753578095831,0.8566558718254644
2026-09-17,0.614399752715528,0.7136217375759742,0.46661356697198986,0.41966091149478923,0.8577027948193592
2026-09-18,0.597080010975168,0.7197497765862377,0.4182373241306079,0.40248833592534994,0.8478446072584768
2026-09-19,0.5330510566831843,0.6906719085060757,0.2716655607166556,0.39729435546571296,0.772572402044293
2026-09-20,0.45854905900261267,0.5738788636769698,0.2717622080679406,0.3443718905472637,0.6441832737182763
2026-09-21,0.3868282219873683,0.557341907824223,0.27185882977311926,0.26068708223224,0.45742506811989103
