,score
1954-07-01,
1954-07-02,
1954-07-03,
1954-07-04,
1954-07-05,
1954-07-06,
1954-07-07,
1954-07-08,
1954-07-09,
1954-07-10,
1954-07-11,
1954-07-12,
1954-07-13,
1954-07-14,
1954-07-15,
1954-07-16,
1954-07-17,
1954-07-18,
1954-07-19,
1954-07-20,
1954-07-21,
1954-07-22,
1954-07-23,
1954-07-24,
1954-07-25,
1954-07-26,
1954-07-27,
1954-07-28,
1954-07-29,
1954-07-30,
1954-07-31,
1954-08-01,
1954-08-02,
1954-08-03,
1954-08-04,
1954-08-05,
1954-08-06,
1954-08-07,
1954-08-08,
1954-08-09,
1954-08-10,
1954-08-11,
1954-08-12,
1954-08-13,
1954-08-14,
1954-08-15,
1954-08-16,
1954-08-17,
1954-08-18,
1954-08-19,
1954-08-20,
1954-08-21,
1954-08-22,
1954-08-23,
1954-08-24,
1954-08-25,
1954-08-26,
1954-08-27,
1954-08-28,
1954-08-29,
1954-08-30,
1954-08-31,
1954-09-01,
1954-09-02,
1954-09-03,
1954-09-04,
1954-09-05,
1954-09-06,
1954-09-07,
1954-09-08,
1954-09-09,
1954-09-10,
1954-09-11,
1954-09-12,
1954-09-13,
1954-09-14,
1954-09-15,
1954-09-16,
1954-09-17,
1954-09-18,
1954-09-19,
1954-09-20,
1954-09-21,
1954-09-22,
1954-09-23,
1954-09-24,
1954-09-25,
1954-09-26,
1954-09-27,
1954-09-28,
1954-09-29,
1954-09-30,
1954-10-01,
1954-10-02,
1954-10-03,
1954-10-04,
1954-10-05,
1954-10-06,
1954-10-07,
1954-10-08,
1954-10-09,
1954-10-10,
1954-10-11,
1954-10-12,
1954-10-13,
1954-10-14,
1954-10-15,
1954-10-16,
1954-10-17,
1954-10-18,
1954-10-19,
1954-10-20,
1954-10-21,
1954-10-22,
1954-10-23,
1954-10-24,
1954-10-25,
1954-10-26,
1954-10-27,
1954-10-28,
1954-10-29,
1954-10-30,
1954-10-31,
1954-11-01,
1954-11-02,
1954-11-03,
1954-11-04,
1954-11-05,
1954-11-06,
1954-11-07,
1954-11-08,
1954-11-09,
1954-11-10,
1954-11-11,
1954-11-12,
1954-11-13,
1954-11-14,
1954-11-15,
1954-11-16,
1954-11-17,
1954-11-18,
1954-11-19,
1954-11-20,
1954-11-21,
1954-11-22,
1954-11-23,
1954-11-24,
1954-11-25,
1954-11-26,
1954-11-27,
1954-11-28,
1954-11-29,
1954-11-30,
1954-12-01,
1954-12-02,
1954-12-03,
1954-12-04,
1954-12-05,
1954-12-06,
1954-12-07,
1954-12-08,
1954-12-09,
1954-12-10,
1954-12-11,
1954-12-12,
1954-12-13,
1954-12-14,
1954-12-15,
1954-12-16,
1954-12-17,
1954-12-18,
1954-12-19,
1954-12-20,
1954-12-21,
1954-12-22,
1954-12-23,
1954-12-24,
1954-12-25,
1954-12-26,
1954-12-27,
1954-12-28,
1954-12-29,
1954-12-30,
1954-12-31,
1955-01-01,
1955-01-02,
1955-01-03,
1955-01-04,
1955-01-05,
1955-01-06,
1955-01-07,
1955-01-08,
1955-01-09,
1955-01-10,
1955-01-11,
1955-01-12,
1955-01-13,
1955-01-14,
1955-01-15,
1955-01-16,
1955-01-17,
1955-01-18,
1955-01-19,
1955-01-20,
1955-01-21,
1955-01-22,
1955-01-23,
1955-01-24,
1955-01-25,
1955-01-26,
1955-01-27,
1955-01-28,
1955-01-29,
1955-01-30,
1955-01-31,
1955-02-01,
1955-02-02,
1955-02-03,
1955-02-04,
1955-02-05,
1955-02-06,
1955-02-07,
1955-02-08,
1955-02-09,
1955-02-10,
1955-02-11,
1955-02-12,
1955-02-13,
1955-02-14,
1955-02-15,
1955-02-16,
1955-02-17,
1955-02-18,
1955-02-19,
1955-02-20,
1955-02-21,
1955-02-22,
1955-02-23,
1955-02-24,
1955-02-25,
1955-02-26,
1955-02-27,
1955-02-28,
1955-03-01,
1955-03-02,
1955-03-03,
1955-03-04,
1955-03-05,
1955-03-06,
1955-03-07,
1955-03-08,
1955-03-09,
1955-03-10,
1955-03-11,
1955-03-12,
1955-03-13,
1955-03-14,
1955-03-15,
1955-03-16,
1955-03-17,
1955-03-18,
1955-03-19,
1955-03-20,
1955-03-21,
1955-03-22,
1955-03-23,
1955-03-24,
1955-03-25,
1955-03-26,
1955-03-27,
1955-03-28,
1955-03-29,
1955-03-30,
1955-03-31,
1955-04-01,
1955-04-02,
1955-04-03,
1955-04-04,
1955-04-05,
1955-04-06,
1955-04-07,
1955-04-08,
1955-04-09,
1955-04-10,
1955-04-11,
1955-04-12,
1955-04-13,
1955-04-14,
1955-04-15,
1955-04-16,
1955-04-17,
1955-04-18,
1955-04-19,
1955-04-20,
1955-04-21,
1955-04-22,
1955-04-23,
1955-04-24,
1955-04-25,
1955-04-26,
1955-04-27,
1955-04-28,
1955-04-29,
1955-04-30,
1955-05-01,
1955-05-02,
1955-05-03,
1955-05-04,
1955-05-05,
1955-05-06,
1955-05-07,
1955-05-08,
1955-05-09,
1955-05-10,
1955-05-11,
1955-05-12,
1955-05-13,
1955-05-14,
1955-05-15,
1955-05-16,
1955-05-17,
1955-05-18,
1955-05-19,
1955-05-20,
1955-05-21,
1955-05-22,
1955-05-23,
1955-05-24,
1955-05-25,
1955-05-26,
1955-05-27,
1955-05-28,
1955-05-29,
1955-05-30,
1955-05-31,
1955-06-01,
1955-06-02,
1955-06-03,
1955-06-04,
1955-06-05,
1955-06-06,
1955-06-07,
1955-06-08,
1955-06-09,
1955-06-10,
1955-06-11,
1955-06-12,
1955-06-13,
1955-06-14,
1955-06-15,
1955-06-16,
1955-06-17,
1955-06-18,
1955-06-19,
1955-06-20,
1955-06-21,
1955-06-22,
1955-06-23,
1955-06-24,
1955-06-25,
1955-06-26,
1955-06-27,
1955-06-28,
1955-06-29,
1955-06-30,
1955-07-01,
1955-07-02,
1955-07-03,
1955-07-04,
1955-07-05,
1955-07-06,
1955-07-07,
1955-07-08,
1955-07-09,
1955-07-10,
1955-07-11,
1955-07-12,
1955-07-13,
1955-07-14,
1955-07-15,
1955-07-16,
1955-07-17,
1955-07-18,
1955-07-19,
1955-07-20,
1955-07-21,
1955-07-22,
1955-07-23,
1955-07-24,
1955-07-25,
1955-07-26,
1955-07-27,
1955-07-28,
1955-07-29,
1955-07-30,
1955-07-31,
1955-08-01,
1955-08-02,
1955-08-03,
1955-08-04,
1955-08-05,
1955-08-06,
1955-08-07,
1955-08-08,
1955-08-09,
1955-08-10,
1955-08-11,
1955-08-12,
1955-08-13,
1955-08-14,
1955-08-15,
1955-08-16,
1955-08-17,
1955-08-18,
1955-08-19,
1955-08-20,
1955-08-21,
1955-08-22,
1955-08-23,
1955-08-24,
1955-08-25,
1955-08-26,
1955-08-27,
1955-08-28,
1955-08-29,
1955-08-30,
1955-08-31,
1955-09-01,
1955-09-02,
1955-09-03,
1955-09-04,
1955-09-05,
1955-09-06,
1955-09-07,
1955-09-08,
1955-09-09,
1955-09-10,
1955-09-11,
1955-09-12,
1955-09-13,
1955-09-14,
1955-09-15,
1955-09-16,
1955-09-17,
1955-09-18,
1955-09-19,
1955-09-20,
1955-09-21,
1955-09-22,
1955-09-23,
1955-09-24,
1955-09-25,
1955-09-26,
1955-09-27,
1955-09-28,
1955-09-29,
1955-09-30,
1955-10-01,
1955-10-02,
1955-10-03,
1955-10-04,
1955-10-05,
1955-10-06,
1955-10-07,
1955-10-08,
1955-10-09,
1955-10-10,
1955-10-11,
1955-10-12,
1955-10-13,
1955-10-14,
1955-10-15,
1955-10-16,
1955-10-17,
1955-10-18,
1955-10-19,
1955-10-20,
1955-10-21,
1955-10-22,
1955-10-23,
1955-10-24,
1955-10-25,
1955-10-26,
1955-10-27,
1955-10-28,
1955-10-29,
1955-10-30,
1955-10-31,
1955-11-01,
1955-11-02,
1955-11-03,
1955-11-04,
1955-11-05,
1955-11-06,
1955-11-07,
1955-11-08,
1955-11-09,
1955-11-10,
1955-11-11,
1955-11-12,
1955-11-13,
1955-11-14,
1955-11-15,
1955-11-16,
1955-11-17,
1955-11-18,
1955-11-19,
1955-11-20,
1955-11-21,
1955-11-22,
1955-11-23,
1955-11-24,
1955-11-25,
1955-11-26,
1955-11-27,
1955-11-28,
1955-11-29,
1955-11-30,
1955-12-01,
1955-12-02,
1955-12-03,
1955-12-04,
1955-12-05,
1955-12-06,
1955-12-07,
1955-12-08,
1955-12-09,
1955-12-10,
1955-12-11,
1955-12-12,
1955-12-13,
1955-12-14,
1955-12-15,
1955-12-16,
1955-12-17,
1955-12-18,
1955-12-19,
1955-12-20,
1955-12-21,
1955-12-22,
1955-12-23,
1955-12-24,
1955-12-25,
1955-12-26,
1955-12-27,
1955-12-28,
1955-12-29,
1955-12-30,
1955-12-31,
1956-01-01,
1956-01-02,
1956-01-03,
1956-01-04,
1956-01-05,
1956-01-06,
1956-01-07,
1956-01-08,
1956-01-09,
1956-01-10,
1956-01-11,
1956-01-12,
1956-01-13,
1956-01-14,
1956-01-15,
1956-01-16,
1956-01-17,
1956-01-18,
1956-01-19,
1956-01-20,
1956-01-21,
1956-01-22,
1956-01-23,
1956-01-24,
1956-01-25,
1956-01-26,
1956-01-27,
1956-01-28,
1956-01-29,
1956-01-30,
1956-01-31,
1956-02-01,
1956-02-02,
1956-02-03,
1956-02-04,
1956-02-05,
1956-02-06,
1956-02-07,
1956-02-08,
1956-02-09,
1956-02-10,
1956-02-11,
1956-02-12,
1956-02-13,
1956-02-14,
1956-02-15,
1956-02-16,
1956-02-17,
1956-02-18,
1956-02-19,
1956-02-20,
1956-02-21,
1956-02-22,
1956-02-23,
1956-02-24,
1956-02-25,
1956-02-26,
1956-02-27,
1956-02-28,
1956-02-29,
1956-03-01,
1956-03-02,
1956-03-03,
1956-03-04,
1956-03-05,
1956-03-06,
1956-03-07,
1956-03-08,
1956-03-09,
1956-03-10,
1956-03-11,
1956-03-12,
1956-03-13,
1956-03-14,
1956-03-15,
1956-03-16,
1956-03-17,
1956-03-18,
1956-03-19,
1956-03-20,
1956-03-21,
1956-03-22,
1956-03-23,
1956-03-24,
1956-03-25,
1956-03-26,
1956-03-27,
1956-03-28,
1956-03-29,
1956-03-30,
1956-03-31,
1956-04-01,
1956-04-02,
1956-04-03,
1956-04-04,
1956-04-05,
1956-04-06,
1956-04-07,
1956-04-08,
1956-04-09,
1956-04-10,
1956-04-11,
1956-04-12,
1956-04-13,
1956-04-14,
1956-04-15,
1956-04-16,
1956-04-17,
1956-04-18,
1956-04-19,
1956-04-20,
1956-04-21,
1956-04-22,
1956-04-23,
1956-04-24,
1956-04-25,
1956-04-26,
1956-04-27,
1956-04-28,
1956-04-29,
1956-04-30,
1956-05-01,
1956-05-02,
1956-05-03,
1956-05-04,
1956-05-05,
1956-05-06,
1956-05-07,
1956-05-08,
1956-05-09,
1956-05-10,
1956-05-11,
1956-05-12,
1956-05-13,
1956-05-14,
1956-05-15,
1956-05-16,
1956-05-17,
1956-05-18,
1956-05-19,
1956-05-20,
1956-05-21,
1956-05-22,
1956-05-23,
1956-05-24,
1956-05-25,
1956-05-26,
1956-05-27,
1956-05-28,
1956-05-29,
1956-05-30,
1956-05-31,
1956-06-01,
1956-06-02,
1956-06-03,
1956-06-04,
1956-06-05,
1956-06-06,
1956-06-07,
1956-06-08,
1956-06-09,
1956-06-10,
1956-06-11,
1956-06-12,
1956-06-13,
1956-06-14,
1956-06-15,
1956-06-16,
1956-06-17,
1956-06-18,
1956-06-19,
1956-06-20,
1956-06-21,
1956-06-22,
1956-06-23,
1956-06-24,
1956-06-25,
1956-06-26,
1956-06-27,
1956-06-28,
1956-06-29,
1956-06-30,
1956-07-01,
1956-07-02,
1956-07-03,
1956-07-04,
1956-07-05,
1956-07-06,
1956-07-07,
1956-07-08,
1956-07-09,
1956-07-10,
1956-07-11,
1956-07-12,
1956-07-13,
1956-07-14,
1956-07-15,
1956-07-16,
1956-07-17,
1956-07-18,
1956-07-19,
1956-07-20,
1956-07-21,
1956-07-22,
1956-07-23,
1956-07-24,
1956-07-25,
1956-07-26,
1956-07-27,
1956-07-28,
1956-07-29,
1956-07-30,
1956-07-31,
1956-08-01,
1956-08-02,
1956-08-03,
1956-08-04,
1956-08-05,
1956-08-06,
1956-08-07,
1956-08-08,
1956-08-09,
1956-08-10,
1956-08-11,
1956-08-12,
1956-08-13,
1956-08-14,
1956-08-15,
1956-08-16,
1956-08-17,
1956-08-18,
1956-08-19,
1956-08-20,
1956-08-21,
1956-08-22,
1956-08-23,
1956-08-24,
1956-08-25,
1956-08-26,
1956-08-27,
1956-08-28,
1956-08-29,
1956-08-30,
1956-08-31,
1956-09-01,
1956-09-02,
1956-09-03,
1956-09-04,
1956-09-05,
1956-09-06,
1956-09-07,
1956-09-08,
1956-09-09,
1956-09-10,
1956-09-11,
1956-09-12,
1956-09-13,
1956-09-14,
1956-09-15,
1956-09-16,
1956-09-17,
1956-09-18,
1956-09-19,
1956-09-20,
1956-09-21,
1956-09-22,
1956-09-23,
1956-09-24,
1956-09-25,
1956-09-26,
1956-09-27,
1956-09-28,
1956-09-29,
1956-09-30,
1956-10-01,
1956-10-02,
1956-10-03,
1956-10-04,
1956-10-05,
1956-10-06,
1956-10-07,
1956-10-08,
1956-10-09,
1956-10-10,
1956-10-11,
1956-10-12,
1956-10-13,
1956-10-14,
1956-10-15,
1956-10-16,
1956-10-17,
1956-10-18,
1956-10-19,
1956-10-20,
1956-10-21,
1956-10-22,
1956-10-23,
1956-10-24,
1956-10-25,
1956-10-26,
1956-10-27,
1956-10-28,
1956-10-29,
1956-10-30,
1956-10-31,
1956-11-01,
1956-11-02,
1956-11-03,
1956-11-04,
1956-11-05,
1956-11-06,
1956-11-07,
1956-11-08,
1956-11-09,
1956-11-10,
1956-11-11,
1956-11-12,
1956-11-13,
1956-11-14,
1956-11-15,
1956-11-16,
1956-11-17,
1956-11-18,
1956-11-19,
1956-11-20,
1956-11-21,
1956-11-22,
1956-11-23,
1956-11-24,
1956-11-25,
1956-11-26,
1956-11-27,
1956-11-28,
1956-11-29,
1956-11-30,
1956-12-01,
1956-12-02,
1956-12-03,
1956-12-04,
1956-12-05,
1956-12-06,
1956-12-07,
1956-12-08,
1956-12-09,
1956-12-10,
1956-12-11,
1956-12-12,
1956-12-13,
1956-12-14,
1956-12-15,
1956-12-16,
1956-12-17,
1956-12-18,
1956-12-19,
1956-12-20,
1956-12-21,
1956-12-22,
1956-12-23,
1956-12-24,
1956-12-25,
1956-12-26,
1956-12-27,
1956-12-28,
1956-12-29,
1956-12-30,
1956-12-31,
1957-01-01,
1957-01-02,
1957-01-03,
1957-01-04,
1957-01-05,
1957-01-06,
1957-01-07,
1957-01-08,
1957-01-09,
1957-01-10,
1957-01-11,
1957-01-12,
1957-01-13,
1957-01-14,
1957-01-15,
1957-01-16,
1957-01-17,
1957-01-18,
1957-01-19,
1957-01-20,
1957-01-21,
1957-01-22,
1957-01-23,
1957-01-24,
1957-01-25,
1957-01-26,
1957-01-27,
1957-01-28,
1957-01-29,
1957-01-30,
1957-01-31,
1957-02-01,
1957-02-02,
1957-02-03,
1957-02-04,
1957-02-05,
1957-02-06,
1957-02-07,
1957-02-08,
1957-02-09,
1957-02-10,
1957-02-11,
1957-02-12,
1957-02-13,
1957-02-14,
1957-02-15,
1957-02-16,
1957-02-17,
1957-02-18,
1957-02-19,
1957-02-20,
1957-02-21,
1957-02-22,
1957-02-23,
1957-02-24,
1957-02-25,
1957-02-26,
1957-02-27,
1957-02-28,
1957-03-01,
1957-03-02,
1957-03-03,
1957-03-04,
1957-03-05,
1957-03-06,
1957-03-07,
1957-03-08,
1957-03-09,
1957-03-10,
1957-03-11,
1957-03-12,
1957-03-13,
1957-03-14,
1957-03-15,
1957-03-16,
1957-03-17,
1957-03-18,
1957-03-19,
1957-03-20,
1957-03-21,
1957-03-22,
1957-03-23,
1957-03-24,
1957-03-25,
1957-03-26,
1957-03-27,
1957-03-28,
1957-03-29,
1957-03-30,
1957-03-31,
1957-04-01,
1957-04-02,
1957-04-03,
1957-04-04,
1957-04-05,
1957-04-06,
1957-04-07,
1957-04-08,
1957-04-09,
1957-04-10,
1957-04-11,
1957-04-12,
1957-04-13,
1957-04-14,
1957-04-15,
1957-04-16,
1957-04-17,
1957-04-18,
1957-04-19,
1957-04-20,
1957-04-21,
1957-04-22,
1957-04-23,
1957-04-24,
1957-04-25,
1957-04-26,
1957-04-27,
1957-04-28,
1957-04-29,
1957-04-30,
1957-05-01,
1957-05-02,
1957-05-03,
1957-05-04,
1957-05-05,
1957-05-06,
1957-05-07,
1957-05-08,
1957-05-09,
1957-05-10,
1957-05-11,
1957-05-12,
1957-05-13,
1957-05-14,
1957-05-15,
1957-05-16,
1957-05-17,
1957-05-18,
1957-05-19,
1957-05-20,
1957-05-21,
1957-05-22,
1957-05-23,
1957-05-24,
1957-05-25,
1957-05-26,
1957-05-27,
1957-05-28,
1957-05-29,
1957-05-30,
1957-05-31,
1957-06-01,
1957-06-02,
1957-06-03,
1957-06-04,
1957-06-05,
1957-06-06,
1957-06-07,
1957-06-08,
1957-06-09,
1957-06-10,
1957-06-11,
1957-06-12,
1957-06-13,
1957-06-14,
1957-06-15,
1957-06-16,
1957-06-17,
1957-06-18,
1957-06-19,
1957-06-20,
1957-06-21,
1957-06-22,
1957-06-23,
1957-06-24,
1957-06-25,
1957-06-26,
1957-06-27,
1957-06-28,
1957-06-29,
1957-06-30,
1957-07-01,
1957-07-02,
1957-07-03,
1957-07-04,
1957-07-05,
1957-07-06,
1957-07-07,
1957-07-08,
1957-07-09,
1957-07-10,
1957-07-11,
1957-07-12,
1957-07-13,
1957-07-14,
1957-07-15,
1957-07-16,
1957-07-17,
1957-07-18,
1957-07-19,
1957-07-20,
1957-07-21,
1957-07-22,
1957-07-23,
1957-07-24,
1957-07-25,
1957-07-26,
1957-07-27,
1957-07-28,
1957-07-29,
1957-07-30,
1957-07-31,
1957-08-01,
1957-08-02,
1957-08-03,
1957-08-04,
1957-08-05,
1957-08-06,
1957-08-07,
1957-08-08,
1957-08-09,
1957-08-10,
1957-08-11,
1957-08-12,
1957-08-13,
1957-08-14,
1957-08-15,
1957-08-16,
1957-08-17,
1957-08-18,
1957-08-19,
1957-08-20,
1957-08-21,
1957-08-22,
1957-08-23,
1957-08-24,
1957-08-25,
1957-08-26,
1957-08-27,
1957-08-28,
1957-08-29,
1957-08-30,
1957-08-31,
1957-09-01,
1957-09-02,
1957-09-03,
1957-09-04,
1957-09-05,
1957-09-06,
1957-09-07,
1957-09-08,
1957-09-09,
1957-09-10,
1957-09-11,
1957-09-12,
1957-09-13,
1957-09-14,
1957-09-15,
1957-09-16,
1957-09-17,
1957-09-18,
1957-09-19,
1957-09-20,
1957-09-21,
1957-09-22,
1957-09-23,
1957-09-24,
1957-09-25,
1957-09-26,
1957-09-27,
1957-09-28,
1957-09-29,
1957-09-30,
1957-10-01,
1957-10-02,
1957-10-03,
1957-10-04,
1957-10-05,
1957-10-06,
1957-10-07,
1957-10-08,
1957-10-09,
1957-10-10,
1957-10-11,
1957-10-12,
1957-10-13,
1957-10-14,
1957-10-15,
1957-10-16,
1957-10-17,
1957-10-18,
1957-10-19,
1957-10-20,
1957-10-21,
1957-10-22,
1957-10-23,
1957-10-24,
1957-10-25,
1957-10-26,
1957-10-27,
1957-10-28,
1957-10-29,
1957-10-30,
1957-10-31,
1957-11-01,
1957-11-02,
1957-11-03,
1957-11-04,
1957-11-05,
1957-11-06,
1957-11-07,
1957-11-08,
1957-11-09,
1957-11-10,
1957-11-11,
1957-11-12,
1957-11-13,
1957-11-14,
1957-11-15,
1957-11-16,
1957-11-17,
1957-11-18,
1957-11-19,
1957-11-20,
1957-11-21,
1957-11-22,
1957-11-23,
1957-11-24,
1957-11-25,
1957-11-26,
1957-11-27,
1957-11-28,
1957-11-29,
1957-11-30,
1957-12-01,
1957-12-02,
1957-12-03,
1957-12-04,
1957-12-05,
1957-12-06,
1957-12-07,
1957-12-08,
1957-12-09,
1957-12-10,
1957-12-11,
1957-12-12,
1957-12-13,
1957-12-14,
1957-12-15,
1957-12-16,
1957-12-17,
1957-12-18,
1957-12-19,
1957-12-20,
1957-12-21,
1957-12-22,
1957-12-23,
1957-12-24,
1957-12-25,
1957-12-26,
1957-12-27,
1957-12-28,
1957-12-29,
1957-12-30,
1957-12-31,
1958-01-01,
1958-01-02,
1958-01-03,
1958-01-04,
1958-01-05,
1958-01-06,
1958-01-07,
1958-01-08,
1958-01-09,
1958-01-10,
1958-01-11,
1958-01-12,
1958-01-13,
1958-01-14,
1958-01-15,
1958-01-16,
1958-01-17,
1958-01-18,
1958-01-19,
1958-01-20,
1958-01-21,
1958-01-22,
1958-01-23,
1958-01-24,
1958-01-25,
1958-01-26,
1958-01-27,
1958-01-28,
1958-01-29,
1958-01-30,
1958-01-31,
1958-02-01,
1958-02-02,
1958-02-03,
1958-02-04,
1958-02-05,
1958-02-06,
1958-02-07,
1958-02-08,
1958-02-09,
1958-02-10,
1958-02-11,
1958-02-12,
1958-02-13,
1958-02-14,
1958-02-15,
1958-02-16,
1958-02-17,
1958-02-18,
1958-02-19,
1958-02-20,
1958-02-21,
1958-02-22,
1958-02-23,
1958-02-24,
1958-02-25,
1958-02-26,
1958-02-27,
1958-02-28,
1958-03-01,
1958-03-02,
1958-03-03,
1958-03-04,
1958-03-05,
1958-03-06,
1958-03-07,
1958-03-08,
1958-03-09,
1958-03-10,
1958-03-11,
1958-03-12,
1958-03-13,
1958-03-14,
1958-03-15,
1958-03-16,
1958-03-17,
1958-03-18,
1958-03-19,
1958-03-20,
1958-03-21,
1958-03-22,
1958-03-23,
1958-03-24,
1958-03-25,
1958-03-26,
1958-03-27,
1958-03-28,
1958-03-29,
1958-03-30,
1958-03-31,
1958-04-01,
1958-04-02,
1958-04-03,
1958-04-04,
1958-04-05,
1958-04-06,
1958-04-07,
1958-04-08,
1958-04-09,
1958-04-10,
1958-04-11,
1958-04-12,
1958-04-13,
1958-04-14,
1958-04-15,
1958-04-16,
1958-04-17,
1958-04-18,
1958-04-19,
1958-04-20,
1958-04-21,
1958-04-22,
1958-04-23,
1958-04-24,
1958-04-25,
1958-04-26,
1958-04-27,
1958-04-28,
1958-04-29,
1958-04-30,
1958-05-01,
1958-05-02,
1958-05-03,
1958-05-04,
1958-05-05,
1958-05-06,
1958-05-07,
1958-05-08,
1958-05-09,
1958-05-10,
1958-05-11,
1958-05-12,
1958-05-13,
1958-05-14,
1958-05-15,
1958-05-16,
1958-05-17,
1958-05-18,
1958-05-19,
1958-05-20,
1958-05-21,
1958-05-22,
1958-05-23,
1958-05-24,
1958-05-25,
1958-05-26,
1958-05-27,
1958-05-28,
1958-05-29,
1958-05-30,
1958-05-31,
1958-06-01,
1958-06-02,
1958-06-03,
1958-06-04,
1958-06-05,
1958-06-06,
1958-06-07,
1958-06-08,
1958-06-09,
1958-06-10,
1958-06-11,
1958-06-12,
1958-06-13,
1958-06-14,
1958-06-15,
1958-06-16,
1958-06-17,
1958-06-18,
1958-06-19,
1958-06-20,
1958-06-21,
1958-06-22,
1958-06-23,
1958-06-24,
1958-06-25,
1958-06-26,
1958-06-27,
1958-06-28,
1958-06-29,
1958-06-30,
1958-07-01,
1958-07-02,
1958-07-03,
1958-07-04,
1958-07-05,
1958-07-06,
1958-07-07,
1958-07-08,
1958-07-09,
1958-07-10,
1958-07-11,
1958-07-12,
1958-07-13,
1958-07-14,
1958-07-15,
1958-07-16,
1958-07-17,
1958-07-18,
1958-07-19,
1958-07-20,
1958-07-21,
1958-07-22,
1958-07-23,
1958-07-24,
1958-07-25,
1958-07-26,
1958-07-27,
1958-07-28,
1958-07-29,
1958-07-30,
1958-07-31,
1958-08-01,
1958-08-02,
1958-08-03,
1958-08-04,
1958-08-05,
1958-08-06,
1958-08-07,
1958-08-08,
1958-08-09,
1958-08-10,
1958-08-11,
1958-08-12,
1958-08-13,
1958-08-14,
1958-08-15,
1958-08-16,
1958-08-17,
1958-08-18,
1958-08-19,
1958-08-20,
1958-08-21,
1958-08-22,
1958-08-23,
1958-08-24,
1958-08-25,
1958-08-26,
1958-08-27,
1958-08-28,
1958-08-29,
1958-08-30,
1958-08-31,
1958-09-01,
1958-09-02,
1958-09-03,
1958-09-04,
1958-09-05,
1958-09-06,
1958-09-07,
1958-09-08,
1958-09-09,
1958-09-10,
1958-09-11,
1958-09-12,
1958-09-13,
1958-09-14,
1958-09-15,
1958-09-16,
1958-09-17,
1958-09-18,
1958-09-19,
1958-09-20,
1958-09-21,
1958-09-22,
1958-09-23,
1958-09-24,
1958-09-25,
1958-09-26,
1958-09-27,
1958-09-28,
1958-09-29,
1958-09-30,
1958-10-01,
1958-10-02,
1958-10-03,
1958-10-04,
1958-10-05,
1958-10-06,
1958-10-07,
1958-10-08,
1958-10-09,
1958-10-10,
1958-10-11,
1958-10-12,
1958-10-13,
1958-10-14,
1958-10-15,
1958-10-16,
1958-10-17,
1958-10-18,
1958-10-19,
1958-10-20,
1958-10-21,
1958-10-22,
1958-10-23,
1958-10-24,
1958-10-25,
1958-10-26,
1958-10-27,
1958-10-28,
1958-10-29,
1958-10-30,
1958-10-31,
1958-11-01,
1958-11-02,
1958-11-03,
1958-11-04,
1958-11-05,
1958-11-06,
1958-11-07,
1958-11-08,
1958-11-09,
1958-11-10,
1958-11-11,
1958-11-12,
1958-11-13,
1958-11-14,
1958-11-15,
1958-11-16,
1958-11-17,
1958-11-18,
1958-11-19,
1958-11-20,
1958-11-21,
1958-11-22,
1958-11-23,
1958-11-24,
1958-11-25,
1958-11-26,
1958-11-27,
1958-11-28,
1958-11-29,
1958-11-30,
1958-12-01,
1958-12-02,
1958-12-03,
1958-12-04,
1958-12-05,
1958-12-06,
1958-12-07,
1958-12-08,
1958-12-09,
1958-12-10,
1958-12-11,
1958-12-12,
1958-12-13,
1958-12-14,
1958-12-15,
1958-12-16,
1958-12-17,
1958-12-18,
1958-12-19,
1958-12-20,
1958-12-21,
1958-12-22,
1958-12-23,
1958-12-24,
1958-12-25,
1958-12-26,
1958-12-27,
1958-12-28,
1958-12-29,
1958-12-30,
1958-12-31,
1959-01-01,
1959-01-02,
1959-01-03,
1959-01-04,
1959-01-05,
1959-01-06,
1959-01-07,
1959-01-08,
1959-01-09,
1959-01-10,
1959-01-11,
1959-01-12,
1959-01-13,
1959-01-14,
1959-01-15,
1959-01-16,
1959-01-17,
1959-01-18,
1959-01-19,
1959-01-20,
1959-01-21,
1959-01-22,
1959-01-23,
1959-01-24,
1959-01-25,
1959-01-26,
1959-01-27,
1959-01-28,
1959-01-29,
1959-01-30,
1959-01-31,
1959-02-01,
1959-02-02,
1959-02-03,
1959-02-04,
1959-02-05,
1959-02-06,
1959-02-07,
1959-02-08,
1959-02-09,
1959-02-10,
1959-02-11,
1959-02-12,
1959-02-13,
1959-02-14,
1959-02-15,
1959-02-16,
1959-02-17,
1959-02-18,
1959-02-19,
1959-02-20,
1959-02-21,
1959-02-22,
1959-02-23,
1959-02-24,
1959-02-25,
1959-02-26,
1959-02-27,
1959-02-28,
1959-03-01,
1959-03-02,
1959-03-03,
1959-03-04,
1959-03-05,
1959-03-06,
1959-03-07,
1959-03-08,
1959-03-09,
1959-03-10,
1959-03-11,
1959-03-12,
1959-03-13,
1959-03-14,
1959-03-15,
1959-03-16,
1959-03-17,
1959-03-18,
1959-03-19,
1959-03-20,
1959-03-21,
1959-03-22,
1959-03-23,
1959-03-24,
1959-03-25,
1959-03-26,
1959-03-27,
1959-03-28,
1959-03-29,
1959-03-30,
1959-03-31,
1959-04-01,
1959-04-02,
1959-04-03,
1959-04-04,
1959-04-05,
1959-04-06,
1959-04-07,
1959-04-08,
1959-04-09,
1959-04-10,
1959-04-11,
1959-04-12,
1959-04-13,
1959-04-14,
1959-04-15,
1959-04-16,
1959-04-17,
1959-04-18,
1959-04-19,
1959-04-20,
1959-04-21,
1959-04-22,
1959-04-23,
1959-04-24,
1959-04-25,
1959-04-26,
1959-04-27,
1959-04-28,
1959-04-29,
1959-04-30,
1959-05-01,
1959-05-02,
1959-05-03,
1959-05-04,
1959-05-05,
1959-05-06,
1959-05-07,
1959-05-08,
1959-05-09,
1959-05-10,
1959-05-11,
1959-05-12,
1959-05-13,
1959-05-14,
1959-05-15,
1959-05-16,
1959-05-17,
1959-05-18,
1959-05-19,
1959-05-20,
1959-05-21,
1959-05-22,
1959-05-23,
1959-05-24,
1959-05-25,
1959-05-26,
1959-05-27,
1959-05-28,
1959-05-29,
1959-05-30,
1959-05-31,
1959-06-01,
1959-06-02,
1959-06-03,
1959-06-04,
1959-06-05,
1959-06-06,
1959-06-07,
1959-06-08,
1959-06-09,
1959-06-10,
1959-06-11,
1959-06-12,
1959-06-13,
1959-06-14,
1959-06-15,
1959-06-16,
1959-06-17,
1959-06-18,
1959-06-19,
1959-06-20,
1959-06-21,
1959-06-22,
1959-06-23,
1959-06-24,
1959-06-25,
1959-06-26,
1959-06-27,
1959-06-28,
1959-06-29,
1959-06-30,
1959-07-01,
1959-07-02,
1959-07-03,
1959-07-04,
1959-07-05,
1959-07-06,
1959-07-07,
1959-07-08,
1959-07-09,
1959-07-10,
1959-07-11,
1959-07-12,
1959-07-13,
1959-07-14,
1959-07-15,
1959-07-16,
1959-07-17,
1959-07-18,
1959-07-19,
1959-07-20,
1959-07-21,
1959-07-22,
1959-07-23,
1959-07-24,
1959-07-25,
1959-07-26,
1959-07-27,
1959-07-28,
1959-07-29,
1959-07-30,
1959-07-31,
1959-08-01,
1959-08-02,
1959-08-03,
1959-08-04,
1959-08-05,
1959-08-06,
1959-08-07,
1959-08-08,
1959-08-09,
1959-08-10,
1959-08-11,
1959-08-12,
1959-08-13,
1959-08-14,
1959-08-15,
1959-08-16,
1959-08-17,
1959-08-18,
1959-08-19,
1959-08-20,
1959-08-21,
1959-08-22,
1959-08-23,
1959-08-24,
1959-08-25,
1959-08-26,
1959-08-27,
1959-08-28,
1959-08-29,
1959-08-30,
1959-08-31,
1959-09-01,
1959-09-02,
1959-09-03,
1959-09-04,
1959-09-05,
1959-09-06,
1959-09-07,
1959-09-08,
1959-09-09,
1959-09-10,
1959-09-11,
1959-09-12,
1959-09-13,
1959-09-14,
1959-09-15,
1959-09-16,
1959-09-17,
1959-09-18,
1959-09-19,
1959-09-20,
1959-09-21,
1959-09-22,
1959-09-23,
1959-09-24,
1959-09-25,
1959-09-26,
1959-09-27,
1959-09-28,
1959-09-29,
1959-09-30,
1959-10-01,
1959-10-02,
1959-10-03,
1959-10-04,
1959-10-05,
1959-10-06,
1959-10-07,
1959-10-08,
1959-10-09,
1959-10-10,
1959-10-11,
1959-10-12,
1959-10-13,
1959-10-14,
1959-10-15,
1959-10-16,
1959-10-17,
1959-10-18,
1959-10-19,
1959-10-20,
1959-10-21,
1959-10-22,
1959-10-23,
1959-10-24,
1959-10-25,
1959-10-26,
1959-10-27,
1959-10-28,
1959-10-29,
1959-10-30,
1959-10-31,
1959-11-01,
1959-11-02,
1959-11-03,
1959-11-04,
1959-11-05,
1959-11-06,
1959-11-07,
1959-11-08,
1959-11-09,
1959-11-10,
1959-11-11,
1959-11-12,
1959-11-13,
1959-11-14,
1959-11-15,
1959-11-16,
1959-11-17,
1959-11-18,
1959-11-19,
1959-11-20,
1959-11-21,
1959-11-22,
1959-11-23,
1959-11-24,
1959-11-25,
1959-11-26,
1959-11-27,
1959-11-28,
1959-11-29,
1959-11-30,
1959-12-01,
1959-12-02,
1959-12-03,
1959-12-04,
1959-12-05,
1959-12-06,
1959-12-07,
1959-12-08,
1959-12-09,
1959-12-10,
1959-12-11,
1959-12-12,
1959-12-13,
1959-12-14,
1959-12-15,
1959-12-16,
1959-12-17,
1959-12-18,
1959-12-19,
1959-12-20,
1959-12-21,
1959-12-22,
1959-12-23,
1959-12-24,
1959-12-25,
1959-12-26,
1959-12-27,
1959-12-28,
1959-12-29,
1959-12-30,
1959-12-31,
1960-01-01,
1960-01-02,
1960-01-03,
1960-01-04,
1960-01-05,
1960-01-06,
1960-01-07,
1960-01-08,
1960-01-09,
1960-01-10,
1960-01-11,
1960-01-12,
1960-01-13,
1960-01-14,
1960-01-15,
1960-01-16,
1960-01-17,
1960-01-18,
1960-01-19,
1960-01-20,
1960-01-21,
1960-01-22,
1960-01-23,
1960-01-24,
1960-01-25,
1960-01-26,
1960-01-27,
1960-01-28,
1960-01-29,
1960-01-30,
1960-01-31,
1960-02-01,
1960-02-02,
1960-02-03,
1960-02-04,
1960-02-05,
1960-02-06,
1960-02-07,
1960-02-08,
1960-02-09,
1960-02-10,
1960-02-11,
1960-02-12,
1960-02-13,
1960-02-14,
1960-02-15,
1960-02-16,
1960-02-17,
1960-02-18,
1960-02-19,
1960-02-20,
1960-02-21,
1960-02-22,
1960-02-23,
1960-02-24,
1960-02-25,
1960-02-26,
1960-02-27,
1960-02-28,
1960-02-29,
1960-03-01,
1960-03-02,
1960-03-03,
1960-03-04,
1960-03-05,
1960-03-06,
1960-03-07,
1960-03-08,
1960-03-09,
1960-03-10,
1960-03-11,
1960-03-12,
1960-03-13,
1960-03-14,
1960-03-15,
1960-03-16,
1960-03-17,
1960-03-18,
1960-03-19,
1960-03-20,
1960-03-21,
1960-03-22,
1960-03-23,
1960-03-24,
1960-03-25,
1960-03-26,
1960-03-27,
1960-03-28,
1960-03-29,
1960-03-30,
1960-03-31,
1960-04-01,
1960-04-02,
1960-04-03,
1960-04-04,
1960-04-05,
1960-04-06,
1960-04-07,
1960-04-08,
1960-04-09,
1960-04-10,
1960-04-11,
1960-04-12,
1960-04-13,
1960-04-14,
1960-04-15,
1960-04-16,
1960-04-17,
1960-04-18,
1960-04-19,
1960-04-20,
1960-04-21,
1960-04-22,
1960-04-23,
1960-04-24,
1960-04-25,
1960-04-26,
1960-04-27,
1960-04-28,
1960-04-29,
1960-04-30,
1960-05-01,
1960-05-02,
1960-05-03,
1960-05-04,
1960-05-05,
1960-05-06,
1960-05-07,
1960-05-08,
1960-05-09,
1960-05-10,
1960-05-11,
1960-05-12,
1960-05-13,
1960-05-14,
1960-05-15,
1960-05-16,
1960-05-17,
1960-05-18,
1960-05-19,
1960-05-20,
1960-05-21,
1960-05-22,
1960-05-23,
1960-05-24,
1960-05-25,
1960-05-26,
1960-05-27,
1960-05-28,
1960-05-29,
1960-05-30,
1960-05-31,
1960-06-01,
1960-06-02,
1960-06-03,
1960-06-04,
1960-06-05,
1960-06-06,
1960-06-07,
1960-06-08,
1960-06-09,
1960-06-10,
1960-06-11,
1960-06-12,
1960-06-13,
1960-06-14,
1960-06-15,
1960-06-16,
1960-06-17,
1960-06-18,
1960-06-19,
1960-06-20,
1960-06-21,
1960-06-22,
1960-06-23,
1960-06-24,
1960-06-25,
1960-06-26,
1960-06-27,
1960-06-28,
1960-06-29,
1960-06-30,
1960-07-01,
1960-07-02,
1960-07-03,
1960-07-04,
1960-07-05,
1960-07-06,
1960-07-07,
1960-07-08,
1960-07-09,
1960-07-10,
1960-07-11,
1960-07-12,
1960-07-13,
1960-07-14,
1960-07-15,
1960-07-16,
1960-07-17,
1960-07-18,
1960-07-19,
1960-07-20,
1960-07-21,
1960-07-22,
1960-07-23,
1960-07-24,
1960-07-25,
1960-07-26,
1960-07-27,
1960-07-28,
1960-07-29,
1960-07-30,
1960-07-31,
1960-08-01,
1960-08-02,
1960-08-03,
1960-08-04,
1960-08-05,
1960-08-06,
1960-08-07,
1960-08-08,
1960-08-09,
1960-08-10,
1960-08-11,
1960-08-12,
1960-08-13,
1960-08-14,
1960-08-15,
1960-08-16,
1960-08-17,
1960-08-18,
1960-08-19,
1960-08-20,
1960-08-21,
1960-08-22,
1960-08-23,
1960-08-24,
1960-08-25,
1960-08-26,
1960-08-27,
1960-08-28,
1960-08-29,
1960-08-30,
1960-08-31,
1960-09-01,
1960-09-02,
1960-09-03,
1960-09-04,
1960-09-05,
1960-09-06,
1960-09-07,
1960-09-08,
1960-09-09,
1960-09-10,
1960-09-11,
1960-09-12,
1960-09-13,
1960-09-14,
1960-09-15,
1960-09-16,
1960-09-17,
1960-09-18,
1960-09-19,
1960-09-20,
1960-09-21,
1960-09-22,
1960-09-23,
1960-09-24,
1960-09-25,
1960-09-26,
1960-09-27,
1960-09-28,
1960-09-29,
1960-09-30,
1960-10-01,
1960-10-02,
1960-10-03,
1960-10-04,
1960-10-05,
1960-10-06,
1960-10-07,
1960-10-08,
1960-10-09,
1960-10-10,
1960-10-11,
1960-10-12,
1960-10-13,
1960-10-14,
1960-10-15,
1960-10-16,
1960-10-17,
1960-10-18,
1960-10-19,
1960-10-20,
1960-10-21,
1960-10-22,
1960-10-23,
1960-10-24,
1960-10-25,
1960-10-26,
1960-10-27,
1960-10-28,
1960-10-29,
1960-10-30,
1960-10-31,
1960-11-01,
1960-11-02,
1960-11-03,
1960-11-04,
1960-11-05,
1960-11-06,
1960-11-07,
1960-11-08,
1960-11-09,
1960-11-10,
1960-11-11,
1960-11-12,
1960-11-13,
1960-11-14,
1960-11-15,
1960-11-16,
1960-11-17,
1960-11-18,
1960-11-19,
1960-11-20,
1960-11-21,
1960-11-22,
1960-11-23,
1960-11-24,
1960-11-25,
1960-11-26,
1960-11-27,
1960-11-28,
1960-11-29,
1960-11-30,
1960-12-01,
1960-12-02,
1960-12-03,
1960-12-04,
1960-12-05,
1960-12-06,
1960-12-07,
1960-12-08,
1960-12-09,
1960-12-10,
1960-12-11,
1960-12-12,
1960-12-13,
1960-12-14,
1960-12-15,
1960-12-16,
1960-12-17,
1960-12-18,
1960-12-19,
1960-12-20,
1960-12-21,
1960-12-22,
1960-12-23,
1960-12-24,
1960-12-25,
1960-12-26,
1960-12-27,
1960-12-28,
1960-12-29,
1960-12-30,
1960-12-31,
1961-01-01,
1961-01-02,
1961-01-03,
1961-01-04,
1961-01-05,
1961-01-06,
1961-01-07,
1961-01-08,
1961-01-09,
1961-01-10,
1961-01-11,
1961-01-12,
1961-01-13,
1961-01-14,
1961-01-15,
1961-01-16,
1961-01-17,
1961-01-18,
1961-01-19,
1961-01-20,
1961-01-21,
1961-01-22,
1961-01-23,
1961-01-24,
1961-01-25,
1961-01-26,
1961-01-27,
1961-01-28,
1961-01-29,
1961-01-30,
1961-01-31,
1961-02-01,
1961-02-02,
1961-02-03,
1961-02-04,
1961-02-05,
1961-02-06,
1961-02-07,
1961-02-08,
1961-02-09,
1961-02-10,
1961-02-11,
1961-02-12,
1961-02-13,
1961-02-14,
1961-02-15,
1961-02-16,
1961-02-17,
1961-02-18,
1961-02-19,
1961-02-20,
1961-02-21,
1961-02-22,
1961-02-23,
1961-02-24,
1961-02-25,
1961-02-26,
1961-02-27,
1961-02-28,
1961-03-01,
1961-03-02,
1961-03-03,
1961-03-04,
1961-03-05,
1961-03-06,
1961-03-07,
1961-03-08,
1961-03-09,
1961-03-10,
1961-03-11,
1961-03-12,
1961-03-13,
1961-03-14,
1961-03-15,
1961-03-16,
1961-03-17,
1961-03-18,
1961-03-19,
1961-03-20,
1961-03-21,
1961-03-22,
1961-03-23,
1961-03-24,
1961-03-25,
1961-03-26,
1961-03-27,
1961-03-28,
1961-03-29,
1961-03-30,
1961-03-31,
1961-04-01,
1961-04-02,
1961-04-03,
1961-04-04,
1961-04-05,
1961-04-06,
1961-04-07,
1961-04-08,
1961-04-09,
1961-04-10,
1961-04-11,
1961-04-12,
1961-04-13,
1961-04-14,
1961-04-15,
1961-04-16,
1961-04-17,
1961-04-18,
1961-04-19,
1961-04-20,
1961-04-21,
1961-04-22,
1961-04-23,
1961-04-24,
1961-04-25,
1961-04-26,
1961-04-27,
1961-04-28,
1961-04-29,
1961-04-30,
1961-05-01,
1961-05-02,
1961-05-03,
1961-05-04,
1961-05-05,
1961-05-06,
1961-05-07,
1961-05-08,
1961-05-09,
1961-05-10,
1961-05-11,
1961-05-12,
1961-05-13,
1961-05-14,
1961-05-15,
1961-05-16,
1961-05-17,
1961-05-18,
1961-05-19,
1961-05-20,
1961-05-21,
1961-05-22,
1961-05-23,
1961-05-24,
1961-05-25,
1961-05-26,
1961-05-27,
1961-05-28,
1961-05-29,
1961-05-30,
1961-05-31,
1961-06-01,
1961-06-02,
1961-06-03,
1961-06-04,
1961-06-05,
1961-06-06,
1961-06-07,
1961-06-08,
1961-06-09,
1961-06-10,
1961-06-11,
1961-06-12,
1961-06-13,
1961-06-14,
1961-06-15,
1961-06-16,
1961-06-17,
1961-06-18,
1961-06-19,
1961-06-20,
1961-06-21,
1961-06-22,
1961-06-23,
1961-06-24,
1961-06-25,
1961-06-26,
1961-06-27,
1961-06-28,
1961-06-29,
1961-06-30,
1961-07-01,
1961-07-02,
1961-07-03,
1961-07-04,
1961-07-05,
1961-07-06,
1961-07-07,
1961-07-08,
1961-07-09,
1961-07-10,
1961-07-11,
1961-07-12,
1961-07-13,
1961-07-14,
1961-07-15,
1961-07-16,
1961-07-17,
1961-07-18,
1961-07-19,
1961-07-20,
1961-07-21,
1961-07-22,
1961-07-23,
1961-07-24,
1961-07-25,
1961-07-26,
1961-07-27,
1961-07-28,
1961-07-29,
1961-07-30,
1961-07-31,
1961-08-01,
1961-08-02,
1961-08-03,
1961-08-04,
1961-08-05,
1961-08-06,
1961-08-07,
1961-08-08,
1961-08-09,
1961-08-10,
1961-08-11,
1961-08-12,
1961-08-13,
1961-08-14,
1961-08-15,
1961-08-16,
1961-08-17,
1961-08-18,
1961-08-19,
1961-08-20,
1961-08-21,
1961-08-22,
1961-08-23,
1961-08-24,
1961-08-25,
1961-08-26,
1961-08-27,
1961-08-28,
1961-08-29,
1961-08-30,
1961-08-31,
1961-09-01,
1961-09-02,
1961-09-03,
1961-09-04,
1961-09-05,
1961-09-06,
1961-09-07,
1961-09-08,
1961-09-09,
1961-09-10,
1961-09-11,
1961-09-12,
1961-09-13,
1961-09-14,
1961-09-15,
1961-09-16,
1961-09-17,
1961-09-18,
1961-09-19,
1961-09-20,
1961-09-21,
1961-09-22,
1961-09-23,
1961-09-24,
1961-09-25,
1961-09-26,
1961-09-27,
1961-09-28,
1961-09-29,
1961-09-30,
1961-10-01,
1961-10-02,
1961-10-03,
1961-10-04,
1961-10-05,
1961-10-06,
1961-10-07,
1961-10-08,
1961-10-09,
1961-10-10,
1961-10-11,
1961-10-12,
1961-10-13,
1961-10-14,
1961-10-15,
1961-10-16,
1961-10-17,
1961-10-18,
1961-10-19,
1961-10-20,
1961-10-21,
1961-10-22,
1961-10-23,
1961-10-24,
1961-10-25,
1961-10-26,
1961-10-27,
1961-10-28,
1961-10-29,
1961-10-30,
1961-10-31,
1961-11-01,
1961-11-02,
1961-11-03,
1961-11-04,
1961-11-05,
1961-11-06,
1961-11-07,
1961-11-08,
1961-11-09,
1961-11-10,
1961-11-11,
1961-11-12,
1961-11-13,
1961-11-14,
1961-11-15,
1961-11-16,
1961-11-17,
1961-11-18,
1961-11-19,
1961-11-20,
1961-11-21,
1961-11-22,
1961-11-23,
1961-11-24,
1961-11-25,
1961-11-26,
1961-11-27,
1961-11-28,
1961-11-29,
1961-11-30,
1961-12-01,
1961-12-02,
1961-12-03,
1961-12-04,
1961-12-05,
1961-12-06,
1961-12-07,
1961-12-08,
1961-12-09,
1961-12-10,
1961-12-11,
1961-12-12,
1961-12-13,
1961-12-14,
1961-12-15,
1961-12-16,
1961-12-17,
1961-12-18,
1961-12-19,
1961-12-20,
1961-12-21,
1961-12-22,
1961-12-23,
1961-12-24,
1961-12-25,
1961-12-26,
1961-12-27,
1961-12-28,
1961-12-29,
1961-12-30,
1961-12-31,
1962-01-01,
1962-01-02,
1962-01-03,
1962-01-04,
1962-01-05,
1962-01-06,
1962-01-07,
1962-01-08,
1962-01-09,
1962-01-10,
1962-01-11,
1962-01-12,
1962-01-13,
1962-01-14,
1962-01-15,
1962-01-16,
1962-01-17,
1962-01-18,
1962-01-19,
1962-01-20,
1962-01-21,
1962-01-22,
1962-01-23,
1962-01-24,
1962-01-25,
1962-01-26,
1962-01-27,
1962-01-28,
1962-01-29,
1962-01-30,
1962-01-31,
1962-02-01,
1962-02-02,
1962-02-03,
1962-02-04,
1962-02-05,
1962-02-06,
1962-02-07,
1962-02-08,
1962-02-09,
1962-02-10,
1962-02-11,
1962-02-12,
1962-02-13,
1962-02-14,
1962-02-15,
1962-02-16,
1962-02-17,
1962-02-18,
1962-02-19,
1962-02-20,
1962-02-21,
1962-02-22,
1962-02-23,
1962-02-24,
1962-02-25,
1962-02-26,
1962-02-27,
1962-02-28,
1962-03-01,
1962-03-02,
1962-03-03,
1962-03-04,
1962-03-05,
1962-03-06,
1962-03-07,
1962-03-08,
1962-03-09,
1962-03-10,
1962-03-11,
1962-03-12,
1962-03-13,
1962-03-14,
1962-03-15,
1962-03-16,
1962-03-17,
1962-03-18,
1962-03-19,
1962-03-20,
1962-03-21,
1962-03-22,
1962-03-23,
1962-03-24,
1962-03-25,
1962-03-26,
1962-03-27,
1962-03-28,
1962-03-29,
1962-03-30,
1962-03-31,
1962-04-01,
1962-04-02,
1962-04-03,
1962-04-04,
1962-04-05,
1962-04-06,
1962-04-07,
1962-04-08,
1962-04-09,
1962-04-10,
1962-04-11,
1962-04-12,
1962-04-13,
1962-04-14,
1962-04-15,
1962-04-16,
1962-04-17,
1962-04-18,
1962-04-19,
1962-04-20,
1962-04-21,
1962-04-22,
1962-04-23,
1962-04-24,
1962-04-25,
1962-04-26,
1962-04-27,
1962-04-28,
1962-04-29,
1962-04-30,
1962-05-01,
1962-05-02,
1962-05-03,
1962-05-04,
1962-05-05,
1962-05-06,
1962-05-07,
1962-05-08,
1962-05-09,
1962-05-10,
1962-05-11,
1962-05-12,
1962-05-13,
1962-05-14,
1962-05-15,
1962-05-16,
1962-05-17,
1962-05-18,
1962-05-19,
1962-05-20,
1962-05-21,
1962-05-22,
1962-05-23,
1962-05-24,
1962-05-25,
1962-05-26,
1962-05-27,
1962-05-28,
1962-05-29,
1962-05-30,
1962-05-31,
1962-06-01,
1962-06-02,
1962-06-03,
1962-06-04,
1962-06-05,
1962-06-06,
1962-06-07,
1962-06-08,
1962-06-09,
1962-06-10,
1962-06-11,
1962-06-12,
1962-06-13,
1962-06-14,
1962-06-15,
1962-06-16,
1962-06-17,
1962-06-18,
1962-06-19,
1962-06-20,
1962-06-21,
1962-06-22,
1962-06-23,
1962-06-24,
1962-06-25,
1962-06-26,
1962-06-27,
1962-06-28,
1962-06-29,
1962-06-30,
1962-07-01,
1962-07-02,
1962-07-03,
1962-07-04,
1962-07-05,
1962-07-06,
1962-07-07,
1962-07-08,
1962-07-09,
1962-07-10,
1962-07-11,
1962-07-12,
1962-07-13,
1962-07-14,
1962-07-15,
1962-07-16,
1962-07-17,
1962-07-18,
1962-07-19,
1962-07-20,
1962-07-21,
1962-07-22,
1962-07-23,
1962-07-24,
1962-07-25,
1962-07-26,
1962-07-27,
1962-07-28,
1962-07-29,
1962-07-30,
1962-07-31,
1962-08-01,
1962-08-02,
1962-08-03,
1962-08-04,
1962-08-05,
1962-08-06,
1962-08-07,
1962-08-08,
1962-08-09,
1962-08-10,
1962-08-11,
1962-08-12,
1962-08-13,
1962-08-14,
1962-08-15,
1962-08-16,
1962-08-17,
1962-08-18,
1962-08-19,
1962-08-20,
1962-08-21,
1962-08-22,
1962-08-23,
1962-08-24,
1962-08-25,
1962-08-26,
1962-08-27,
1962-08-28,
1962-08-29,
1962-08-30,
1962-08-31,
1962-09-01,
1962-09-02,
1962-09-03,
1962-09-04,
1962-09-05,
1962-09-06,
1962-09-07,
1962-09-08,
1962-09-09,
1962-09-10,
1962-09-11,
1962-09-12,
1962-09-13,
1962-09-14,
1962-09-15,
1962-09-16,
1962-09-17,
1962-09-18,
1962-09-19,
1962-09-20,
1962-09-21,
1962-09-22,
1962-09-23,
1962-09-24,
1962-09-25,
1962-09-26,
1962-09-27,
1962-09-28,
1962-09-29,
1962-09-30,
1962-10-01,
1962-10-02,
1962-10-03,
1962-10-04,
1962-10-05,
1962-10-06,
1962-10-07,
1962-10-08,
1962-10-09,
1962-10-10,
1962-10-11,
1962-10-12,
1962-10-13,
1962-10-14,
1962-10-15,
1962-10-16,
1962-10-17,
1962-10-18,
1962-10-19,
1962-10-20,
1962-10-21,
1962-10-22,
1962-10-23,
1962-10-24,
1962-10-25,
1962-10-26,
1962-10-27,
1962-10-28,
1962-10-29,
1962-10-30,
1962-10-31,
1962-11-01,
1962-11-02,
1962-11-03,
1962-11-04,
1962-11-05,
1962-11-06,
1962-11-07,
1962-11-08,
1962-11-09,
1962-11-10,
1962-11-11,
1962-11-12,
1962-11-13,
1962-11-14,
1962-11-15,
1962-11-16,
1962-11-17,
1962-11-18,
1962-11-19,
1962-11-20,
1962-11-21,
1962-11-22,
1962-11-23,
1962-11-24,
1962-11-25,
1962-11-26,
1962-11-27,
1962-11-28,
1962-11-29,
1962-11-30,
1962-12-01,
1962-12-02,
1962-12-03,
1962-12-04,
1962-12-05,
1962-12-06,
1962-12-07,
1962-12-08,
1962-12-09,
1962-12-10,
1962-12-11,
1962-12-12,
1962-12-13,
1962-12-14,
1962-12-15,
1962-12-16,
1962-12-17,
1962-12-18,
1962-12-19,
1962-12-20,
1962-12-21,
1962-12-22,
1962-12-23,
1962-12-24,
1962-12-25,
1962-12-26,
1962-12-27,
1962-12-28,
1962-12-29,
1962-12-30,
1962-12-31,
1963-01-01,
1963-01-02,
1963-01-03,
1963-01-04,
1963-01-05,
1963-01-06,
1963-01-07,
1963-01-08,
1963-01-09,
1963-01-10,
1963-01-11,
1963-01-12,
1963-01-13,
1963-01-14,
1963-01-15,
1963-01-16,
1963-01-17,
1963-01-18,
1963-01-19,
1963-01-20,
1963-01-21,
1963-01-22,
1963-01-23,
1963-01-24,
1963-01-25,
1963-01-26,
1963-01-27,
1963-01-28,
1963-01-29,
1963-01-30,
1963-01-31,
1963-02-01,
1963-02-02,
1963-02-03,
1963-02-04,
1963-02-05,
1963-02-06,
1963-02-07,
1963-02-08,
1963-02-09,
1963-02-10,
1963-02-11,
1963-02-12,
1963-02-13,
1963-02-14,
1963-02-15,
1963-02-16,
1963-02-17,
1963-02-18,
1963-02-19,
1963-02-20,
1963-02-21,
1963-02-22,
1963-02-23,
1963-02-24,
1963-02-25,
1963-02-26,
1963-02-27,
1963-02-28,
1963-03-01,
1963-03-02,
1963-03-03,
1963-03-04,
1963-03-05,
1963-03-06,
1963-03-07,
1963-03-08,
1963-03-09,
1963-03-10,
1963-03-11,
1963-03-12,
1963-03-13,
1963-03-14,
1963-03-15,
1963-03-16,
1963-03-17,
1963-03-18,
1963-03-19,
1963-03-20,
1963-03-21,
1963-03-22,
1963-03-23,
1963-03-24,
1963-03-25,
1963-03-26,
1963-03-27,
1963-03-28,
1963-03-29,
1963-03-30,
1963-03-31,
1963-04-01,
1963-04-02,
1963-04-03,
1963-04-04,
1963-04-05,
1963-04-06,
1963-04-07,
1963-04-08,
1963-04-09,
1963-04-10,
1963-04-11,
1963-04-12,
1963-04-13,
1963-04-14,
1963-04-15,
1963-04-16,
1963-04-17,
1963-04-18,
1963-04-19,
1963-04-20,
1963-04-21,
1963-04-22,
1963-04-23,
1963-04-24,
1963-04-25,
1963-04-26,
1963-04-27,
1963-04-28,
1963-04-29,
1963-04-30,
1963-05-01,
1963-05-02,
1963-05-03,
1963-05-04,
1963-05-05,
1963-05-06,
1963-05-07,
1963-05-08,
1963-05-09,
1963-05-10,
1963-05-11,
1963-05-12,
1963-05-13,
1963-05-14,
1963-05-15,
1963-05-16,
1963-05-17,
1963-05-18,
1963-05-19,
1963-05-20,
1963-05-21,
1963-05-22,
1963-05-23,
1963-05-24,
1963-05-25,
1963-05-26,
1963-05-27,
1963-05-28,
1963-05-29,
1963-05-30,
1963-05-31,
1963-06-01,
1963-06-02,
1963-06-03,
1963-06-04,
1963-06-05,
1963-06-06,
1963-06-07,
1963-06-08,
1963-06-09,
1963-06-10,
1963-06-11,
1963-06-12,
1963-06-13,
1963-06-14,
1963-06-15,
1963-06-16,
1963-06-17,
1963-06-18,
1963-06-19,
1963-06-20,
1963-06-21,
1963-06-22,
1963-06-23,
1963-06-24,
1963-06-25,
1963-06-26,
1963-06-27,
1963-06-28,
1963-06-29,
1963-06-30,
1963-07-01,
1963-07-02,
1963-07-03,
1963-07-04,
1963-07-05,
1963-07-06,
1963-07-07,
1963-07-08,
1963-07-09,
1963-07-10,
1963-07-11,
1963-07-12,
1963-07-13,
1963-07-14,
1963-07-15,
1963-07-16,
1963-07-17,
1963-07-18,
1963-07-19,
1963-07-20,
1963-07-21,
1963-07-22,
1963-07-23,
1963-07-24,
1963-07-25,
1963-07-26,
1963-07-27,
1963-07-28,
1963-07-29,
1963-07-30,
1963-07-31,
1963-08-01,
1963-08-02,
1963-08-03,
1963-08-04,
1963-08-05,
1963-08-06,
1963-08-07,
1963-08-08,
1963-08-09,
1963-08-10,
1963-08-11,
1963-08-12,
1963-08-13,
1963-08-14,
1963-08-15,
1963-08-16,
1963-08-17,
1963-08-18,
1963-08-19,
1963-08-20,
1963-08-21,
1963-08-22,
1963-08-23,
1963-08-24,
1963-08-25,
1963-08-26,
1963-08-27,
1963-08-28,
1963-08-29,
1963-08-30,
1963-08-31,
1963-09-01,
1963-09-02,
1963-09-03,
1963-09-04,
1963-09-05,
1963-09-06,
1963-09-07,
1963-09-08,
1963-09-09,
1963-09-10,
1963-09-11,
1963-09-12,
1963-09-13,
1963-09-14,
1963-09-15,
1963-09-16,
1963-09-17,
1963-09-18,
1963-09-19,
1963-09-20,
1963-09-21,
1963-09-22,
1963-09-23,
1963-09-24,
1963-09-25,
1963-09-26,
1963-09-27,
1963-09-28,
1963-09-29,
1963-09-30,
1963-10-01,
1963-10-02,
1963-10-03,
1963-10-04,
1963-10-05,
1963-10-06,
1963-10-07,
1963-10-08,
1963-10-09,
1963-10-10,
1963-10-11,
1963-10-12,
1963-10-13,
1963-10-14,
1963-10-15,
1963-10-16,
1963-10-17,
1963-10-18,
1963-10-19,
1963-10-20,
1963-10-21,
1963-10-22,
1963-10-23,
1963-10-24,
1963-10-25,
1963-10-26,
1963-10-27,
1963-10-28,
1963-10-29,
1963-10-30,
1963-10-31,
1963-11-01,
1963-11-02,
1963-11-03,
1963-11-04,
1963-11-05,
1963-11-06,
1963-11-07,
1963-11-08,
1963-11-09,
1963-11-10,
1963-11-11,
1963-11-12,
1963-11-13,
1963-11-14,
1963-11-15,
1963-11-16,
1963-11-17,
1963-11-18,
1963-11-19,
1963-11-20,
1963-11-21,
1963-11-22,
1963-11-23,
1963-11-24,
1963-11-25,
1963-11-26,
1963-11-27,
1963-11-28,
1963-11-29,
1963-11-30,
1963-12-01,
1963-12-02,
1963-12-03,
1963-12-04,
1963-12-05,
1963-12-06,
1963-12-07,
1963-12-08,
1963-12-09,
1963-12-10,
1963-12-11,
1963-12-12,
1963-12-13,
1963-12-14,
1963-12-15,
1963-12-16,
1963-12-17,
1963-12-18,
1963-12-19,
1963-12-20,
1963-12-21,
1963-12-22,
1963-12-23,
1963-12-24,
1963-12-25,
1963-12-26,
1963-12-27,
1963-12-28,
1963-12-29,
1963-12-30,
1963-12-31,
1964-01-01,
1964-01-02,
1964-01-03,
1964-01-04,
1964-01-05,
1964-01-06,
1964-01-07,
1964-01-08,
1964-01-09,
1964-01-10,
1964-01-11,
1964-01-12,
1964-01-13,
1964-01-14,
1964-01-15,
1964-01-16,
1964-01-17,
1964-01-18,
1964-01-19,
1964-01-20,
1964-01-21,
1964-01-22,
1964-01-23,
1964-01-24,
1964-01-25,
1964-01-26,
1964-01-27,
1964-01-28,
1964-01-29,
1964-01-30,
1964-01-31,
1964-02-01,
1964-02-02,
1964-02-03,
1964-02-04,
1964-02-05,
1964-02-06,
1964-02-07,
1964-02-08,
1964-02-09,
1964-02-10,
1964-02-11,
1964-02-12,
1964-02-13,
1964-02-14,
1964-02-15,
1964-02-16,
1964-02-17,
1964-02-18,
1964-02-19,
1964-02-20,
1964-02-21,
1964-02-22,
1964-02-23,
1964-02-24,
1964-02-25,
1964-02-26,
1964-02-27,
1964-02-28,
1964-02-29,
1964-03-01,
1964-03-02,
1964-03-03,
1964-03-04,
1964-03-05,
1964-03-06,
1964-03-07,
1964-03-08,
1964-03-09,
1964-03-10,
1964-03-11,
1964-03-12,
1964-03-13,
1964-03-14,
1964-03-15,
1964-03-16,
1964-03-17,
1964-03-18,
1964-03-19,
1964-03-20,
1964-03-21,
1964-03-22,
1964-03-23,
1964-03-24,
1964-03-25,
1964-03-26,
1964-03-27,
1964-03-28,
1964-03-29,
1964-03-30,
1964-03-31,
1964-04-01,
1964-04-02,
1964-04-03,
1964-04-04,
1964-04-05,
1964-04-06,
1964-04-07,
1964-04-08,
1964-04-09,
1964-04-10,
1964-04-11,
1964-04-12,
1964-04-13,
1964-04-14,
1964-04-15,
1964-04-16,
1964-04-17,
1964-04-18,
1964-04-19,
1964-04-20,
1964-04-21,
1964-04-22,
1964-04-23,
1964-04-24,
1964-04-25,
1964-04-26,
1964-04-27,
1964-04-28,
1964-04-29,
1964-04-30,
1964-05-01,
1964-05-02,
1964-05-03,
1964-05-04,
1964-05-05,
1964-05-06,
1964-05-07,
1964-05-08,
1964-05-09,
1964-05-10,
1964-05-11,
1964-05-12,
1964-05-13,
1964-05-14,
1964-05-15,
1964-05-16,
1964-05-17,
1964-05-18,
1964-05-19,
1964-05-20,
1964-05-21,
1964-05-22,
1964-05-23,
1964-05-24,
1964-05-25,
1964-05-26,
1964-05-27,
1964-05-28,
1964-05-29,
1964-05-30,
1964-05-31,
1964-06-01,
1964-06-02,
1964-06-03,
1964-06-04,
1964-06-05,
1964-06-06,
1964-06-07,
1964-06-08,
1964-06-09,
1964-06-10,
1964-06-11,
1964-06-12,
1964-06-13,
1964-06-14,
1964-06-15,
1964-06-16,
1964-06-17,
1964-06-18,
1964-06-19,
1964-06-20,
1964-06-21,
1964-06-22,
1964-06-23,
1964-06-24,
1964-06-25,
1964-06-26,
1964-06-27,
1964-06-28,
1964-06-29,
1964-06-30,
1964-07-01,
1964-07-02,
1964-07-03,
1964-07-04,
1964-07-05,
1964-07-06,
1964-07-07,
1964-07-08,
1964-07-09,
1964-07-10,
1964-07-11,
1964-07-12,
1964-07-13,
1964-07-14,
1964-07-15,
1964-07-16,
1964-07-17,
1964-07-18,
1964-07-19,
1964-07-20,
1964-07-21,
1964-07-22,
1964-07-23,
1964-07-24,
1964-07-25,
1964-07-26,
1964-07-27,
1964-07-28,
1964-07-29,
1964-07-30,
1964-07-31,
1964-08-01,
1964-08-02,
1964-08-03,
1964-08-04,
1964-08-05,
1964-08-06,
1964-08-07,
1964-08-08,
1964-08-09,
1964-08-10,
1964-08-11,
1964-08-12,
1964-08-13,
1964-08-14,
1964-08-15,
1964-08-16,
1964-08-17,
1964-08-18,
1964-08-19,
1964-08-20,
1964-08-21,
1964-08-22,
1964-08-23,
1964-08-24,
1964-08-25,
1964-08-26,
1964-08-27,
1964-08-28,
1964-08-29,
1964-08-30,
1964-08-31,
1964-09-01,
1964-09-02,
1964-09-03,
1964-09-04,
1964-09-05,
1964-09-06,
1964-09-07,
1964-09-08,
1964-09-09,
1964-09-10,
1964-09-11,
1964-09-12,
1964-09-13,
1964-09-14,
1964-09-15,
1964-09-16,
1964-09-17,
1964-09-18,
1964-09-19,
1964-09-20,
1964-09-21,
1964-09-22,
1964-09-23,
1964-09-24,
1964-09-25,
1964-09-26,
1964-09-27,
1964-09-28,
1964-09-29,
1964-09-30,
1964-10-01,
1964-10-02,
1964-10-03,
1964-10-04,
1964-10-05,
1964-10-06,
1964-10-07,
1964-10-08,
1964-10-09,
1964-10-10,
1964-10-11,
1964-10-12,
1964-10-13,
1964-10-14,
1964-10-15,
1964-10-16,
1964-10-17,
1964-10-18,
1964-10-19,
1964-10-20,
1964-10-21,
1964-10-22,
1964-10-23,
1964-10-24,
1964-10-25,
1964-10-26,
1964-10-27,
1964-10-28,
1964-10-29,
1964-10-30,
1964-10-31,
1964-11-01,
1964-11-02,
1964-11-03,
1964-11-04,
1964-11-05,
1964-11-06,
1964-11-07,
1964-11-08,
1964-11-09,
1964-11-10,
1964-11-11,
1964-11-12,
1964-11-13,
1964-11-14,
1964-11-15,
1964-11-16,
1964-11-17,
1964-11-18,
1964-11-19,
1964-11-20,
1964-11-21,
1964-11-22,
1964-11-23,
1964-11-24,
1964-11-25,
1964-11-26,
1964-11-27,
1964-11-28,
1964-11-29,
1964-11-30,
1964-12-01,
1964-12-02,
1964-12-03,
1964-12-04,
1964-12-05,
1964-12-06,
1964-12-07,
1964-12-08,
1964-12-09,
1964-12-10,
1964-12-11,
1964-12-12,
1964-12-13,
1964-12-14,
1964-12-15,
1964-12-16,
1964-12-17,
1964-12-18,
1964-12-19,
1964-12-20,
1964-12-21,
1964-12-22,
1964-12-23,
1964-12-24,
1964-12-25,
1964-12-26,
1964-12-27,
1964-12-28,
1964-12-29,
1964-12-30,
1964-12-31,
1965-01-01,
1965-01-02,
1965-01-03,
1965-01-04,
1965-01-05,
1965-01-06,
1965-01-07,
1965-01-08,
1965-01-09,
1965-01-10,
1965-01-11,
1965-01-12,
1965-01-13,
1965-01-14,
1965-01-15,
1965-01-16,
1965-01-17,
1965-01-18,
1965-01-19,
1965-01-20,
1965-01-21,
1965-01-22,
1965-01-23,
1965-01-24,
1965-01-25,
1965-01-26,
1965-01-27,
1965-01-28,
1965-01-29,
1965-01-30,
1965-01-31,
1965-02-01,
1965-02-02,
1965-02-03,
1965-02-04,
1965-02-05,
1965-02-06,
1965-02-07,
1965-02-08,
1965-02-09,
1965-02-10,
1965-02-11,
1965-02-12,
1965-02-13,
1965-02-14,
1965-02-15,
1965-02-16,
1965-02-17,
1965-02-18,
1965-02-19,
1965-02-20,
1965-02-21,
1965-02-22,
1965-02-23,
1965-02-24,
1965-02-25,
1965-02-26,
1965-02-27,
1965-02-28,
1965-03-01,
1965-03-02,
1965-03-03,
1965-03-04,
1965-03-05,
1965-03-06,
1965-03-07,
1965-03-08,
1965-03-09,
1965-03-10,
1965-03-11,
1965-03-12,
1965-03-13,
1965-03-14,
1965-03-15,
1965-03-16,
1965-03-17,
1965-03-18,
1965-03-19,
1965-03-20,
1965-03-21,
1965-03-22,
1965-03-23,
1965-03-24,
1965-03-25,
1965-03-26,
1965-03-27,
1965-03-28,
1965-03-29,
1965-03-30,
1965-03-31,
1965-04-01,
1965-04-02,
1965-04-03,
1965-04-04,
1965-04-05,
1965-04-06,
1965-04-07,
1965-04-08,
1965-04-09,
1965-04-10,
1965-04-11,
1965-04-12,
1965-04-13,
1965-04-14,
1965-04-15,
1965-04-16,
1965-04-17,
1965-04-18,
1965-04-19,
1965-04-20,
1965-04-21,
1965-04-22,
1965-04-23,
1965-04-24,
1965-04-25,
1965-04-26,
1965-04-27,
1965-04-28,
1965-04-29,
1965-04-30,
1965-05-01,
1965-05-02,
1965-05-03,
1965-05-04,
1965-05-05,
1965-05-06,
1965-05-07,
1965-05-08,
1965-05-09,
1965-05-10,
1965-05-11,
1965-05-12,
1965-05-13,
1965-05-14,
1965-05-15,
1965-05-16,
1965-05-17,
1965-05-18,
1965-05-19,
1965-05-20,
1965-05-21,
1965-05-22,
1965-05-23,
1965-05-24,
1965-05-25,
1965-05-26,
1965-05-27,
1965-05-28,
1965-05-29,
1965-05-30,
1965-05-31,
1965-06-01,
1965-06-02,
1965-06-03,
1965-06-04,
1965-06-05,
1965-06-06,
1965-06-07,
1965-06-08,
1965-06-09,
1965-06-10,
1965-06-11,
1965-06-12,
1965-06-13,
1965-06-14,
1965-06-15,
1965-06-16,
1965-06-17,
1965-06-18,
1965-06-19,
1965-06-20,
1965-06-21,
1965-06-22,
1965-06-23,
1965-06-24,
1965-06-25,
1965-06-26,
1965-06-27,
1965-06-28,
1965-06-29,
1965-06-30,
1965-07-01,
1965-07-02,
1965-07-03,
1965-07-04,
1965-07-05,
1965-07-06,
1965-07-07,
1965-07-08,
1965-07-09,
1965-07-10,
1965-07-11,
1965-07-12,
1965-07-13,
1965-07-14,
1965-07-15,
1965-07-16,
1965-07-17,
1965-07-18,
1965-07-19,
1965-07-20,
1965-07-21,
1965-07-22,
1965-07-23,
1965-07-24,
1965-07-25,
1965-07-26,
1965-07-27,
1965-07-28,
1965-07-29,
1965-07-30,
1965-07-31,
1965-08-01,
1965-08-02,
1965-08-03,
1965-08-04,
1965-08-05,
1965-08-06,
1965-08-07,
1965-08-08,
1965-08-09,
1965-08-10,
1965-08-11,
1965-08-12,
1965-08-13,
1965-08-14,
1965-08-15,
1965-08-16,
1965-08-17,
1965-08-18,
1965-08-19,
1965-08-20,
1965-08-21,
1965-08-22,
1965-08-23,
1965-08-24,
1965-08-25,
1965-08-26,
1965-08-27,
1965-08-28,
1965-08-29,
1965-08-30,
1965-08-31,
1965-09-01,
1965-09-02,
1965-09-03,
1965-09-04,
1965-09-05,
1965-09-06,
1965-09-07,
1965-09-08,
1965-09-09,
1965-09-10,
1965-09-11,
1965-09-12,
1965-09-13,
1965-09-14,
1965-09-15,
1965-09-16,
1965-09-17,
1965-09-18,
1965-09-19,
1965-09-20,
1965-09-21,
1965-09-22,
1965-09-23,
1965-09-24,
1965-09-25,
1965-09-26,
1965-09-27,
1965-09-28,
1965-09-29,
1965-09-30,
1965-10-01,
1965-10-02,
1965-10-03,
1965-10-04,
1965-10-05,
1965-10-06,
1965-10-07,
1965-10-08,
1965-10-09,
1965-10-10,
1965-10-11,
1965-10-12,
1965-10-13,
1965-10-14,
1965-10-15,
1965-10-16,
1965-10-17,
1965-10-18,
1965-10-19,
1965-10-20,
1965-10-21,
1965-10-22,
1965-10-23,
1965-10-24,
1965-10-25,
1965-10-26,
1965-10-27,
1965-10-28,
1965-10-29,
1965-10-30,
1965-10-31,
1965-11-01,
1965-11-02,
1965-11-03,
1965-11-04,
1965-11-05,
1965-11-06,
1965-11-07,
1965-11-08,
1965-11-09,
1965-11-10,
1965-11-11,
1965-11-12,
1965-11-13,
1965-11-14,
1965-11-15,
1965-11-16,
1965-11-17,
1965-11-18,
1965-11-19,
1965-11-20,
1965-11-21,
1965-11-22,
1965-11-23,
1965-11-24,
1965-11-25,
1965-11-26,
1965-11-27,
1965-11-28,
1965-11-29,
1965-11-30,
1965-12-01,
1965-12-02,
1965-12-03,
1965-12-04,
1965-12-05,
1965-12-06,
1965-12-07,
1965-12-08,
1965-12-09,
1965-12-10,
1965-12-11,
1965-12-12,
1965-12-13,
1965-12-14,
1965-12-15,
1965-12-16,
1965-12-17,
1965-12-18,
1965-12-19,
1965-12-20,
1965-12-21,
1965-12-22,
1965-12-23,
1965-12-24,
1965-12-25,
1965-12-26,
1965-12-27,
1965-12-28,
1965-12-29,
1965-12-30,
1965-12-31,
1966-01-01,
1966-01-02,
1966-01-03,
1966-01-04,
1966-01-05,
1966-01-06,
1966-01-07,
1966-01-08,
1966-01-09,
1966-01-10,
1966-01-11,
1966-01-12,
1966-01-13,
1966-01-14,
1966-01-15,
1966-01-16,
1966-01-17,
1966-01-18,
1966-01-19,
1966-01-20,
1966-01-21,
1966-01-22,
1966-01-23,
1966-01-24,
1966-01-25,
1966-01-26,
1966-01-27,
1966-01-28,
1966-01-29,
1966-01-30,
1966-01-31,
1966-02-01,
1966-02-02,
1966-02-03,
1966-02-04,
1966-02-05,
1966-02-06,
1966-02-07,
1966-02-08,
1966-02-09,
1966-02-10,
1966-02-11,
1966-02-12,
1966-02-13,
1966-02-14,
1966-02-15,
1966-02-16,
1966-02-17,
1966-02-18,
1966-02-19,
1966-02-20,
1966-02-21,
1966-02-22,
1966-02-23,
1966-02-24,
1966-02-25,
1966-02-26,
1966-02-27,
1966-02-28,
1966-03-01,
1966-03-02,
1966-03-03,
1966-03-04,
1966-03-05,
1966-03-06,
1966-03-07,
1966-03-08,
1966-03-09,
1966-03-10,
1966-03-11,
1966-03-12,
1966-03-13,
1966-03-14,
1966-03-15,
1966-03-16,
1966-03-17,
1966-03-18,
1966-03-19,
1966-03-20,
1966-03-21,
1966-03-22,
1966-03-23,
1966-03-24,
1966-03-25,
1966-03-26,
1966-03-27,
1966-03-28,
1966-03-29,
1966-03-30,
1966-03-31,
1966-04-01,
1966-04-02,
1966-04-03,
1966-04-04,
1966-04-05,
1966-04-06,
1966-04-07,
1966-04-08,
1966-04-09,
1966-04-10,
1966-04-11,
1966-04-12,
1966-04-13,
1966-04-14,
1966-04-15,
1966-04-16,
1966-04-17,
1966-04-18,
1966-04-19,
1966-04-20,
1966-04-21,
1966-04-22,
1966-04-23,
1966-04-24,
1966-04-25,
1966-04-26,
1966-04-27,
1966-04-28,
1966-04-29,
1966-04-30,
1966-05-01,
1966-05-02,
1966-05-03,
1966-05-04,
1966-05-05,
1966-05-06,
1966-05-07,
1966-05-08,
1966-05-09,
1966-05-10,
1966-05-11,
1966-05-12,
1966-05-13,
1966-05-14,
1966-05-15,
1966-05-16,
1966-05-17,
1966-05-18,
1966-05-19,
1966-05-20,
1966-05-21,
1966-05-22,
1966-05-23,
1966-05-24,
1966-05-25,
1966-05-26,
1966-05-27,
1966-05-28,
1966-05-29,
1966-05-30,
1966-05-31,
1966-06-01,
1966-06-02,
1966-06-03,
1966-06-04,
1966-06-05,
1966-06-06,
1966-06-07,
1966-06-08,
1966-06-09,
1966-06-10,
1966-06-11,
1966-06-12,
1966-06-13,
1966-06-14,
1966-06-15,
1966-06-16,
1966-06-17,
1966-06-18,
1966-06-19,
1966-06-20,
1966-06-21,
1966-06-22,
1966-06-23,
1966-06-24,
1966-06-25,
1966-06-26,
1966-06-27,
1966-06-28,
1966-06-29,
1966-06-30,
1966-07-01,
1966-07-02,
1966-07-03,
1966-07-04,
1966-07-05,
1966-07-06,
1966-07-07,
1966-07-08,
1966-07-09,
1966-07-10,
1966-07-11,
1966-07-12,
1966-07-13,
1966-07-14,
1966-07-15,
1966-07-16,
1966-07-17,
1966-07-18,
1966-07-19,
1966-07-20,
1966-07-21,
1966-07-22,
1966-07-23,
1966-07-24,
1966-07-25,
1966-07-26,
1966-07-27,
1966-07-28,
1966-07-29,
1966-07-30,
1966-07-31,
1966-08-01,
1966-08-02,
1966-08-03,
1966-08-04,
1966-08-05,
1966-08-06,
1966-08-07,
1966-08-08,
1966-08-09,
1966-08-10,
1966-08-11,
1966-08-12,
1966-08-13,
1966-08-14,
1966-08-15,
1966-08-16,
1966-08-17,
1966-08-18,
1966-08-19,
1966-08-20,
1966-08-21,
1966-08-22,
1966-08-23,
1966-08-24,
1966-08-25,
1966-08-26,
1966-08-27,
1966-08-28,
1966-08-29,
1966-08-30,
1966-08-31,
1966-09-01,
1966-09-02,
1966-09-03,
1966-09-04,
1966-09-05,
1966-09-06,
1966-09-07,
1966-09-08,
1966-09-09,
1966-09-10,
1966-09-11,
1966-09-12,
1966-09-13,
1966-09-14,
1966-09-15,
1966-09-16,
1966-09-17,
1966-09-18,
1966-09-19,
1966-09-20,
1966-09-21,
1966-09-22,
1966-09-23,
1966-09-24,
1966-09-25,
1966-09-26,
1966-09-27,
1966-09-28,
1966-09-29,
1966-09-30,
1966-10-01,
1966-10-02,
1966-10-03,
1966-10-04,
1966-10-05,
1966-10-06,
1966-10-07,
1966-10-08,
1966-10-09,
1966-10-10,
1966-10-11,
1966-10-12,
1966-10-13,
1966-10-14,
1966-10-15,
1966-10-16,
1966-10-17,
1966-10-18,
1966-10-19,
1966-10-20,
1966-10-21,
1966-10-22,
1966-10-23,
1966-10-24,
1966-10-25,
1966-10-26,
1966-10-27,
1966-10-28,
1966-10-29,
1966-10-30,
1966-10-31,
1966-11-01,
1966-11-02,
1966-11-03,
1966-11-04,
1966-11-05,
1966-11-06,
1966-11-07,
1966-11-08,
1966-11-09,
1966-11-10,
1966-11-11,
1966-11-12,
1966-11-13,
1966-11-14,
1966-11-15,
1966-11-16,
1966-11-17,
1966-11-18,
1966-11-19,
1966-11-20,
1966-11-21,
1966-11-22,
1966-11-23,
1966-11-24,
1966-11-25,
1966-11-26,
1966-11-27,
1966-11-28,
1966-11-29,
1966-11-30,
1966-12-01,
1966-12-02,
1966-12-03,
1966-12-04,
1966-12-05,
1966-12-06,
1966-12-07,
1966-12-08,
1966-12-09,
1966-12-10,
1966-12-11,
1966-12-12,
1966-12-13,
1966-12-14,
1966-12-15,
1966-12-16,
1966-12-17,
1966-12-18,
1966-12-19,
1966-12-20,
1966-12-21,
1966-12-22,
1966-12-23,
1966-12-24,
1966-12-25,
1966-12-26,
1966-12-27,
1966-12-28,
1966-12-29,
1966-12-30,
1966-12-31,
1967-01-01,
1967-01-02,
1967-01-03,
1967-01-04,
1967-01-05,
1967-01-06,
1967-01-07,
1967-01-08,
1967-01-09,
1967-01-10,
1967-01-11,
1967-01-12,
1967-01-13,
1967-01-14,
1967-01-15,
1967-01-16,
1967-01-17,
1967-01-18,
1967-01-19,
1967-01-20,
1967-01-21,
1967-01-22,
1967-01-23,
1967-01-24,
1967-01-25,
1967-01-26,
1967-01-27,
1967-01-28,
1967-01-29,
1967-01-30,
1967-01-31,
1967-02-01,
1967-02-02,
1967-02-03,
1967-02-04,
1967-02-05,
1967-02-06,
1967-02-07,
1967-02-08,
1967-02-09,
1967-02-10,
1967-02-11,
1967-02-12,
1967-02-13,
1967-02-14,
1967-02-15,
1967-02-16,
1967-02-17,
1967-02-18,
1967-02-19,
1967-02-20,
1967-02-21,
1967-02-22,
1967-02-23,
1967-02-24,
1967-02-25,
1967-02-26,
1967-02-27,
1967-02-28,
1967-03-01,
1967-03-02,
1967-03-03,
1967-03-04,
1967-03-05,
1967-03-06,
1967-03-07,
1967-03-08,
1967-03-09,
1967-03-10,
1967-03-11,
1967-03-12,
1967-03-13,
1967-03-14,
1967-03-15,
1967-03-16,
1967-03-17,
1967-03-18,
1967-03-19,
1967-03-20,
1967-03-21,
1967-03-22,
1967-03-23,
1967-03-24,
1967-03-25,
1967-03-26,
1967-03-27,
1967-03-28,
1967-03-29,
1967-03-30,
1967-03-31,
1967-04-01,
1967-04-02,
1967-04-03,
1967-04-04,
1967-04-05,
1967-04-06,
1967-04-07,
1967-04-08,
1967-04-09,
1967-04-10,
1967-04-11,
1967-04-12,
1967-04-13,
1967-04-14,
1967-04-15,
1967-04-16,
1967-04-17,
1967-04-18,
1967-04-19,
1967-04-20,
1967-04-21,
1967-04-22,
1967-04-23,
1967-04-24,
1967-04-25,
1967-04-26,
1967-04-27,
1967-04-28,
1967-04-29,
1967-04-30,
1967-05-01,
1967-05-02,
1967-05-03,
1967-05-04,
1967-05-05,
1967-05-06,
1967-05-07,
1967-05-08,
1967-05-09,
1967-05-10,
1967-05-11,
1967-05-12,
1967-05-13,
1967-05-14,
1967-05-15,
1967-05-16,
1967-05-17,
1967-05-18,
1967-05-19,
1967-05-20,
1967-05-21,
1967-05-22,
1967-05-23,
1967-05-24,
1967-05-25,
1967-05-26,
1967-05-27,
1967-05-28,
1967-05-29,
1967-05-30,
1967-05-31,
1967-06-01,
1967-06-02,
1967-06-03,
1967-06-04,
1967-06-05,
1967-06-06,
1967-06-07,
1967-06-08,
1967-06-09,
1967-06-10,
1967-06-11,
1967-06-12,
1967-06-13,
1967-06-14,
1967-06-15,
1967-06-16,
1967-06-17,
1967-06-18,
1967-06-19,
1967-06-20,
1967-06-21,
1967-06-22,
1967-06-23,
1967-06-24,
1967-06-25,
1967-06-26,
1967-06-27,
1967-06-28,
1967-06-29,
1967-06-30,
1967-07-01,
1967-07-02,
1967-07-03,
1967-07-04,
1967-07-05,
1967-07-06,
1967-07-07,
1967-07-08,
1967-07-09,
1967-07-10,
1967-07-11,
1967-07-12,
1967-07-13,
1967-07-14,
1967-07-15,
1967-07-16,
1967-07-17,
1967-07-18,
1967-07-19,
1967-07-20,
1967-07-21,
1967-07-22,
1967-07-23,
1967-07-24,
1967-07-25,
1967-07-26,
1967-07-27,
1967-07-28,
1967-07-29,
1967-07-30,
1967-07-31,
1967-08-01,
1967-08-02,
1967-08-03,
1967-08-04,
1967-08-05,
1967-08-06,
1967-08-07,
1967-08-08,
1967-08-09,
1967-08-10,
1967-08-11,
1967-08-12,
1967-08-13,
1967-08-14,
1967-08-15,
1967-08-16,
1967-08-17,
1967-08-18,
1967-08-19,
1967-08-20,
1967-08-21,
1967-08-22,
1967-08-23,
1967-08-24,
1967-08-25,
1967-08-26,
1967-08-27,
1967-08-28,
1967-08-29,
1967-08-30,
1967-08-31,
1967-09-01,
1967-09-02,
1967-09-03,
1967-09-04,
1967-09-05,
1967-09-06,
1967-09-07,
1967-09-08,
1967-09-09,
1967-09-10,
1967-09-11,
1967-09-12,
1967-09-13,
1967-09-14,
1967-09-15,
1967-09-16,
1967-09-17,
1967-09-18,
1967-09-19,
1967-09-20,
1967-09-21,
1967-09-22,
1967-09-23,
1967-09-24,
1967-09-25,
1967-09-26,
1967-09-27,
1967-09-28,
1967-09-29,
1967-09-30,
1967-10-01,
1967-10-02,
1967-10-03,
1967-10-04,
1967-10-05,
1967-10-06,
1967-10-07,
1967-10-08,
1967-10-09,
1967-10-10,
1967-10-11,
1967-10-12,
1967-10-13,
1967-10-14,
1967-10-15,
1967-10-16,
1967-10-17,
1967-10-18,
1967-10-19,
1967-10-20,
1967-10-21,
1967-10-22,
1967-10-23,
1967-10-24,
1967-10-25,
1967-10-26,
1967-10-27,
1967-10-28,
1967-10-29,
1967-10-30,
1967-10-31,
1967-11-01,
1967-11-02,
1967-11-03,
1967-11-04,
1967-11-05,
1967-11-06,
1967-11-07,
1967-11-08,
1967-11-09,
1967-11-10,
1967-11-11,
1967-11-12,
1967-11-13,
1967-11-14,
1967-11-15,
1967-11-16,
1967-11-17,
1967-11-18,
1967-11-19,
1967-11-20,
1967-11-21,
1967-11-22,
1967-11-23,
1967-11-24,
1967-11-25,
1967-11-26,
1967-11-27,
1967-11-28,
1967-11-29,
1967-11-30,
1967-12-01,
1967-12-02,
1967-12-03,
1967-12-04,
1967-12-05,
1967-12-06,
1967-12-07,
1967-12-08,
1967-12-09,
1967-12-10,
1967-12-11,
1967-12-12,
1967-12-13,
1967-12-14,
1967-12-15,
1967-12-16,
1967-12-17,
1967-12-18,
1967-12-19,
1967-12-20,
1967-12-21,
1967-12-22,
1967-12-23,
1967-12-24,
1967-12-25,
1967-12-26,
1967-12-27,
1967-12-28,
1967-12-29,
1967-12-30,
1967-12-31,
1968-01-01,
1968-01-02,
1968-01-03,
1968-01-04,
1968-01-05,
1968-01-06,
1968-01-07,
1968-01-08,
1968-01-09,
1968-01-10,
1968-01-11,
1968-01-12,
1968-01-13,
1968-01-14,
1968-01-15,
1968-01-16,
1968-01-17,
1968-01-18,
1968-01-19,
1968-01-20,
1968-01-21,
1968-01-22,
1968-01-23,
1968-01-24,
1968-01-25,
1968-01-26,
1968-01-27,
1968-01-28,
1968-01-29,
1968-01-30,
1968-01-31,
1968-02-01,
1968-02-02,
1968-02-03,
1968-02-04,
1968-02-05,
1968-02-06,
1968-02-07,
1968-02-08,
1968-02-09,
1968-02-10,
1968-02-11,
1968-02-12,
1968-02-13,
1968-02-14,
1968-02-15,
1968-02-16,
1968-02-17,
1968-02-18,
1968-02-19,
1968-02-20,
1968-02-21,
1968-02-22,
1968-02-23,
1968-02-24,
1968-02-25,
1968-02-26,
1968-02-27,
1968-02-28,
1968-02-29,
1968-03-01,
1968-03-02,
1968-03-03,
1968-03-04,
1968-03-05,
1968-03-06,
1968-03-07,
1968-03-08,
1968-03-09,
1968-03-10,
1968-03-11,
1968-03-12,
1968-03-13,
1968-03-14,
1968-03-15,
1968-03-16,
1968-03-17,
1968-03-18,
1968-03-19,
1968-03-20,
1968-03-21,
1968-03-22,
1968-03-23,
1968-03-24,
1968-03-25,
1968-03-26,
1968-03-27,
1968-03-28,
1968-03-29,
1968-03-30,
1968-03-31,
1968-04-01,
1968-04-02,
1968-04-03,
1968-04-04,
1968-04-05,
1968-04-06,
1968-04-07,
1968-04-08,
1968-04-09,
1968-04-10,
1968-04-11,
1968-04-12,
1968-04-13,
1968-04-14,
1968-04-15,
1968-04-16,
1968-04-17,
1968-04-18,
1968-04-19,
1968-04-20,
1968-04-21,
1968-04-22,
1968-04-23,
1968-04-24,
1968-04-25,
1968-04-26,
1968-04-27,
1968-04-28,
1968-04-29,
1968-04-30,
1968-05-01,
1968-05-02,
1968-05-03,
1968-05-04,
1968-05-05,
1968-05-06,
1968-05-07,
1968-05-08,
1968-05-09,
1968-05-10,
1968-05-11,
1968-05-12,
1968-05-13,
1968-05-14,
1968-05-15,
1968-05-16,
1968-05-17,
1968-05-18,
1968-05-19,
1968-05-20,
1968-05-21,
1968-05-22,
1968-05-23,
1968-05-24,
1968-05-25,
1968-05-26,
1968-05-27,
1968-05-28,
1968-05-29,
1968-05-30,
1968-05-31,
1968-06-01,
1968-06-02,
1968-06-03,
1968-06-04,
1968-06-05,
1968-06-06,
1968-06-07,
1968-06-08,
1968-06-09,
1968-06-10,
1968-06-11,
1968-06-12,
1968-06-13,
1968-06-14,
1968-06-15,
1968-06-16,
1968-06-17,
1968-06-18,
1968-06-19,
1968-06-20,
1968-06-21,
1968-06-22,
1968-06-23,
1968-06-24,
1968-06-25,
1968-06-26,
1968-06-27,
1968-06-28,
1968-06-29,
1968-06-30,
1968-07-01,
1968-07-02,
1968-07-03,
1968-07-04,
1968-07-05,
1968-07-06,
1968-07-07,
1968-07-08,
1968-07-09,
1968-07-10,
1968-07-11,
1968-07-12,
1968-07-13,
1968-07-14,
1968-07-15,
1968-07-16,
1968-07-17,
1968-07-18,
1968-07-19,
1968-07-20,
1968-07-21,
1968-07-22,
1968-07-23,
1968-07-24,
1968-07-25,
1968-07-26,
1968-07-27,
1968-07-28,
1968-07-29,
1968-07-30,
1968-07-31,
1968-08-01,
1968-08-02,
1968-08-03,
1968-08-04,
1968-08-05,
1968-08-06,
1968-08-07,
1968-08-08,
1968-08-09,
1968-08-10,
1968-08-11,
1968-08-12,
1968-08-13,
1968-08-14,
1968-08-15,
1968-08-16,
1968-08-17,
1968-08-18,
1968-08-19,
1968-08-20,
1968-08-21,
1968-08-22,
1968-08-23,
1968-08-24,
1968-08-25,
1968-08-26,
1968-08-27,
1968-08-28,
1968-08-29,
1968-08-30,
1968-08-31,
1968-09-01,
1968-09-02,
1968-09-03,
1968-09-04,
1968-09-05,
1968-09-06,
1968-09-07,
1968-09-08,
1968-09-09,
1968-09-10,
1968-09-11,
1968-09-12,
1968-09-13,
1968-09-14,
1968-09-15,
1968-09-16,
1968-09-17,
1968-09-18,
1968-09-19,
1968-09-20,
1968-09-21,
1968-09-22,
1968-09-23,
1968-09-24,
1968-09-25,
1968-09-26,
1968-09-27,
1968-09-28,
1968-09-29,
1968-09-30,
1968-10-01,
1968-10-02,
1968-10-03,
1968-10-04,
1968-10-05,
1968-10-06,
1968-10-07,
1968-10-08,
1968-10-09,
1968-10-10,
1968-10-11,
1968-10-12,
1968-10-13,
1968-10-14,
1968-10-15,
1968-10-16,
1968-10-17,
1968-10-18,
1968-10-19,
1968-10-20,
1968-10-21,
1968-10-22,
1968-10-23,
1968-10-24,
1968-10-25,
1968-10-26,
1968-10-27,
1968-10-28,
1968-10-29,
1968-10-30,
1968-10-31,
1968-11-01,
1968-11-02,
1968-11-03,
1968-11-04,
1968-11-05,
1968-11-06,
1968-11-07,
1968-11-08,
1968-11-09,
1968-11-10,
1968-11-11,
1968-11-12,
1968-11-13,
1968-11-14,
1968-11-15,
1968-11-16,
1968-11-17,
1968-11-18,
1968-11-19,
1968-11-20,
1968-11-21,
1968-11-22,
1968-11-23,
1968-11-24,
1968-11-25,
1968-11-26,
1968-11-27,
1968-11-28,
1968-11-29,
1968-11-30,
1968-12-01,
1968-12-02,
1968-12-03,
1968-12-04,
1968-12-05,
1968-12-06,
1968-12-07,
1968-12-08,
1968-12-09,
1968-12-10,
1968-12-11,
1968-12-12,
1968-12-13,
1968-12-14,
1968-12-15,
1968-12-16,
1968-12-17,
1968-12-18,
1968-12-19,
1968-12-20,
1968-12-21,
1968-12-22,
1968-12-23,
1968-12-24,
1968-12-25,
1968-12-26,
1968-12-27,
1968-12-28,
1968-12-29,
1968-12-30,
1968-12-31,
1969-01-01,
1969-01-02,
1969-01-03,
1969-01-04,
1969-01-05,
1969-01-06,
1969-01-07,
1969-01-08,
1969-01-09,
1969-01-10,
1969-01-11,
1969-01-12,
1969-01-13,
1969-01-14,
1969-01-15,
1969-01-16,
1969-01-17,
1969-01-18,
1969-01-19,
1969-01-20,
1969-01-21,
1969-01-22,
1969-01-23,
1969-01-24,
1969-01-25,
1969-01-26,
1969-01-27,
1969-01-28,
1969-01-29,
1969-01-30,
1969-01-31,
1969-02-01,
1969-02-02,
1969-02-03,
1969-02-04,
1969-02-05,
1969-02-06,
1969-02-07,
1969-02-08,
1969-02-09,
1969-02-10,
1969-02-11,
1969-02-12,
1969-02-13,
1969-02-14,
1969-02-15,
1969-02-16,
1969-02-17,
1969-02-18,
1969-02-19,
1969-02-20,
1969-02-21,
1969-02-22,
1969-02-23,
1969-02-24,
1969-02-25,
1969-02-26,
1969-02-27,
1969-02-28,
1969-03-01,
1969-03-02,
1969-03-03,
1969-03-04,
1969-03-05,
1969-03-06,
1969-03-07,
1969-03-08,
1969-03-09,
1969-03-10,
1969-03-11,
1969-03-12,
1969-03-13,
1969-03-14,
1969-03-15,
1969-03-16,
1969-03-17,
1969-03-18,
1969-03-19,
1969-03-20,
1969-03-21,
1969-03-22,
1969-03-23,
1969-03-24,
1969-03-25,
1969-03-26,
1969-03-27,
1969-03-28,
1969-03-29,
1969-03-30,
1969-03-31,
1969-04-01,
1969-04-02,
1969-04-03,
1969-04-04,
1969-04-05,
1969-04-06,
1969-04-07,
1969-04-08,
1969-04-09,
1969-04-10,
1969-04-11,
1969-04-12,
1969-04-13,
1969-04-14,
1969-04-15,
1969-04-16,
1969-04-17,
1969-04-18,
1969-04-19,
1969-04-20,
1969-04-21,
1969-04-22,
1969-04-23,
1969-04-24,
1969-04-25,
1969-04-26,
1969-04-27,
1969-04-28,
1969-04-29,
1969-04-30,
1969-05-01,
1969-05-02,
1969-05-03,
1969-05-04,
1969-05-05,
1969-05-06,
1969-05-07,
1969-05-08,
1969-05-09,
1969-05-10,
1969-05-11,
1969-05-12,
1969-05-13,
1969-05-14,
1969-05-15,
1969-05-16,
1969-05-17,
1969-05-18,
1969-05-19,
1969-05-20,
1969-05-21,
1969-05-22,
1969-05-23,
1969-05-24,
1969-05-25,
1969-05-26,
1969-05-27,
1969-05-28,
1969-05-29,
1969-05-30,
1969-05-31,
1969-06-01,
1969-06-02,
1969-06-03,
1969-06-04,
1969-06-05,
1969-06-06,
1969-06-07,
1969-06-08,
1969-06-09,
1969-06-10,
1969-06-11,
1969-06-12,
1969-06-13,
1969-06-14,
1969-06-15,
1969-06-16,
1969-06-17,
1969-06-18,
1969-06-19,
1969-06-20,
1969-06-21,
1969-06-22,
1969-06-23,
1969-06-24,
1969-06-25,
1969-06-26,
1969-06-27,
1969-06-28,
1969-06-29,
1969-06-30,
1969-07-01,
1969-07-02,
1969-07-03,
1969-07-04,
1969-07-05,
1969-07-06,
1969-07-07,
1969-07-08,
1969-07-09,
1969-07-10,
1969-07-11,
1969-07-12,
1969-07-13,
1969-07-14,
1969-07-15,
1969-07-16,
1969-07-17,
1969-07-18,
1969-07-19,
1969-07-20,
1969-07-21,
1969-07-22,
1969-07-23,
1969-07-24,
1969-07-25,
1969-07-26,
1969-07-27,
1969-07-28,
1969-07-29,
1969-07-30,
1969-07-31,
1969-08-01,
1969-08-02,
1969-08-03,
1969-08-04,
1969-08-05,
1969-08-06,
1969-08-07,
1969-08-08,
1969-08-09,
1969-08-10,
1969-08-11,
1969-08-12,
1969-08-13,
1969-08-14,
1969-08-15,
1969-08-16,
1969-08-17,
1969-08-18,
1969-08-19,
1969-08-20,
1969-08-21,
1969-08-22,
1969-08-23,
1969-08-24,
1969-08-25,
1969-08-26,
1969-08-27,
1969-08-28,
1969-08-29,
1969-08-30,
1969-08-31,
1969-09-01,
1969-09-02,
1969-09-03,
1969-09-04,
1969-09-05,
1969-09-06,
1969-09-07,
1969-09-08,
1969-09-09,
1969-09-10,
1969-09-11,
1969-09-12,
1969-09-13,
1969-09-14,
1969-09-15,
1969-09-16,
1969-09-17,
1969-09-18,
1969-09-19,
1969-09-20,
1969-09-21,
1969-09-22,
1969-09-23,
1969-09-24,
1969-09-25,
1969-09-26,
1969-09-27,
1969-09-28,
1969-09-29,
1969-09-30,
1969-10-01,
1969-10-02,
1969-10-03,
1969-10-04,
1969-10-05,
1969-10-06,
1969-10-07,
1969-10-08,
1969-10-09,
1969-10-10,
1969-10-11,
1969-10-12,
1969-10-13,
1969-10-14,
1969-10-15,
1969-10-16,
1969-10-17,
1969-10-18,
1969-10-19,
1969-10-20,
1969-10-21,
1969-10-22,
1969-10-23,
1969-10-24,
1969-10-25,
1969-10-26,
1969-10-27,
1969-10-28,
1969-10-29,
1969-10-30,
1969-10-31,
1969-11-01,
1969-11-02,
1969-11-03,
1969-11-04,
1969-11-05,
1969-11-06,
1969-11-07,
1969-11-08,
1969-11-09,
1969-11-10,
1969-11-11,
1969-11-12,
1969-11-13,
1969-11-14,
1969-11-15,
1969-11-16,
1969-11-17,
1969-11-18,
1969-11-19,
1969-11-20,
1969-11-21,
1969-11-22,
1969-11-23,
1969-11-24,
1969-11-25,
1969-11-26,
1969-11-27,
1969-11-28,
1969-11-29,
1969-11-30,
1969-12-01,
1969-12-02,
1969-12-03,
1969-12-04,
1969-12-05,
1969-12-06,
1969-12-07,
1969-12-08,
1969-12-09,
1969-12-10,
1969-12-11,
1969-12-12,
1969-12-13,
1969-12-14,
1969-12-15,
1969-12-16,
1969-12-17,
1969-12-18,
1969-12-19,
1969-12-20,
1969-12-21,
1969-12-22,
1969-12-23,
1969-12-24,
1969-12-25,
1969-12-26,
1969-12-27,
1969-12-28,
1969-12-29,
1969-12-30,
1969-12-31,
1970-01-01,
1970-01-02,
1970-01-03,
1970-01-04,
1970-01-05,
1970-01-06,
1970-01-07,
1970-01-08,
1970-01-09,
1970-01-10,
1970-01-11,
1970-01-12,
1970-01-13,
1970-01-14,
1970-01-15,
1970-01-16,
1970-01-17,
1970-01-18,
1970-01-19,
1970-01-20,
1970-01-21,
1970-01-22,
1970-01-23,
1970-01-24,
1970-01-25,
1970-01-26,
1970-01-27,
1970-01-28,
1970-01-29,
1970-01-30,
1970-01-31,
1970-02-01,
1970-02-02,
1970-02-03,
1970-02-04,
1970-02-05,
1970-02-06,
1970-02-07,
1970-02-08,
1970-02-09,
1970-02-10,
1970-02-11,
1970-02-12,
1970-02-13,
1970-02-14,
1970-02-15,
1970-02-16,
1970-02-17,
1970-02-18,
1970-02-19,
1970-02-20,
1970-02-21,
1970-02-22,
1970-02-23,
1970-02-24,
1970-02-25,
1970-02-26,
1970-02-27,
1970-02-28,
1970-03-01,
1970-03-02,
1970-03-03,
1970-03-04,
1970-03-05,
1970-03-06,
1970-03-07,
1970-03-08,
1970-03-09,
1970-03-10,
1970-03-11,
1970-03-12,
1970-03-13,
1970-03-14,
1970-03-15,
1970-03-16,
1970-03-17,
1970-03-18,
1970-03-19,
1970-03-20,
1970-03-21,
1970-03-22,
1970-03-23,
1970-03-24,
1970-03-25,
1970-03-26,
1970-03-27,
1970-03-28,
1970-03-29,
1970-03-30,
1970-03-31,
1970-04-01,
1970-04-02,
1970-04-03,
1970-04-04,
1970-04-05,
1970-04-06,
1970-04-07,
1970-04-08,
1970-04-09,
1970-04-10,
1970-04-11,
1970-04-12,
1970-04-13,
1970-04-14,
1970-04-15,
1970-04-16,
1970-04-17,
1970-04-18,
1970-04-19,
1970-04-20,
1970-04-21,
1970-04-22,
1970-04-23,
1970-04-24,
1970-04-25,
1970-04-26,
1970-04-27,
1970-04-28,
1970-04-29,
1970-04-30,
1970-05-01,
1970-05-02,
1970-05-03,
1970-05-04,
1970-05-05,
1970-05-06,
1970-05-07,
1970-05-08,
1970-05-09,
1970-05-10,
1970-05-11,
1970-05-12,
1970-05-13,
1970-05-14,
1970-05-15,
1970-05-16,
1970-05-17,
1970-05-18,
1970-05-19,
1970-05-20,
1970-05-21,
1970-05-22,
1970-05-23,
1970-05-24,
1970-05-25,
1970-05-26,
1970-05-27,
1970-05-28,
1970-05-29,
1970-05-30,
1970-05-31,
1970-06-01,
1970-06-02,
1970-06-03,
1970-06-04,
1970-06-05,
1970-06-06,
1970-06-07,
1970-06-08,
1970-06-09,
1970-06-10,
1970-06-11,
1970-06-12,
1970-06-13,
1970-06-14,
1970-06-15,
1970-06-16,
1970-06-17,
1970-06-18,
1970-06-19,
1970-06-20,
1970-06-21,
1970-06-22,
1970-06-23,
1970-06-24,
1970-06-25,
1970-06-26,
1970-06-27,
1970-06-28,
1970-06-29,
1970-06-30,
1970-07-01,
1970-07-02,
1970-07-03,
1970-07-04,
1970-07-05,
1970-07-06,
1970-07-07,
1970-07-08,
1970-07-09,
1970-07-10,
1970-07-11,
1970-07-12,
1970-07-13,
1970-07-14,
1970-07-15,
1970-07-16,
1970-07-17,
1970-07-18,
1970-07-19,
1970-07-20,
1970-07-21,
1970-07-22,
1970-07-23,
1970-07-24,
1970-07-25,
1970-07-26,
1970-07-27,
1970-07-28,
1970-07-29,
1970-07-30,
1970-07-31,
1970-08-01,
1970-08-02,
1970-08-03,
1970-08-04,
1970-08-05,
1970-08-06,
1970-08-07,
1970-08-08,
1970-08-09,
1970-08-10,
1970-08-11,
1970-08-12,
1970-08-13,
1970-08-14,
1970-08-15,
1970-08-16,
1970-08-17,
1970-08-18,
1970-08-19,
1970-08-20,
1970-08-21,
1970-08-22,
1970-08-23,
1970-08-24,
1970-08-25,
1970-08-26,
1970-08-27,
1970-08-28,
1970-08-29,
1970-08-30,
1970-08-31,
1970-09-01,
1970-09-02,
1970-09-03,
1970-09-04,
1970-09-05,
1970-09-06,
1970-09-07,
1970-09-08,
1970-09-09,
1970-09-10,
1970-09-11,
1970-09-12,
1970-09-13,
1970-09-14,
1970-09-15,
1970-09-16,
1970-09-17,
1970-09-18,
1970-09-19,
1970-09-20,
1970-09-21,
1970-09-22,
1970-09-23,
1970-09-24,
1970-09-25,
1970-09-26,
1970-09-27,
1970-09-28,
1970-09-29,
1970-09-30,
1970-10-01,
1970-10-02,
1970-10-03,
1970-10-04,
1970-10-05,
1970-10-06,
1970-10-07,
1970-10-08,
1970-10-09,
1970-10-10,
1970-10-11,
1970-10-12,
1970-10-13,
1970-10-14,
1970-10-15,
1970-10-16,
1970-10-17,
1970-10-18,
1970-10-19,
1970-10-20,
1970-10-21,
1970-10-22,
1970-10-23,
1970-10-24,
1970-10-25,
1970-10-26,
1970-10-27,
1970-10-28,
1970-10-29,
1970-10-30,
1970-10-31,
1970-11-01,
1970-11-02,
1970-11-03,
1970-11-04,
1970-11-05,
1970-11-06,
1970-11-07,
1970-11-08,
1970-11-09,
1970-11-10,
1970-11-11,
1970-11-12,
1970-11-13,
1970-11-14,
1970-11-15,
1970-11-16,
1970-11-17,
1970-11-18,
1970-11-19,
1970-11-20,
1970-11-21,
1970-11-22,
1970-11-23,
1970-11-24,
1970-11-25,
1970-11-26,
1970-11-27,
1970-11-28,
1970-11-29,
1970-11-30,
1970-12-01,
1970-12-02,
1970-12-03,
1970-12-04,
1970-12-05,
1970-12-06,
1970-12-07,
1970-12-08,
1970-12-09,
1970-12-10,
1970-12-11,
1970-12-12,
1970-12-13,
1970-12-14,
1970-12-15,
1970-12-16,
1970-12-17,
1970-12-18,
1970-12-19,
1970-12-20,
1970-12-21,
1970-12-22,
1970-12-23,
1970-12-24,
1970-12-25,
1970-12-26,
1970-12-27,
1970-12-28,
1970-12-29,
1970-12-30,
1970-12-31,
1971-01-01,
1971-01-02,
1971-01-03,
1971-01-04,
1971-01-05,
1971-01-06,
1971-01-07,
1971-01-08,
1971-01-09,
1971-01-10,
1971-01-11,
1971-01-12,
1971-01-13,
1971-01-14,
1971-01-15,
1971-01-16,
1971-01-17,
1971-01-18,
1971-01-19,
1971-01-20,
1971-01-21,
1971-01-22,
1971-01-23,
1971-01-24,
1971-01-25,
1971-01-26,
1971-01-27,
1971-01-28,
1971-01-29,
1971-01-30,
1971-01-31,
1971-02-01,
1971-02-02,
1971-02-03,
1971-02-04,
1971-02-05,
1971-02-06,
1971-02-07,
1971-02-08,
1971-02-09,
1971-02-10,
1971-02-11,
1971-02-12,
1971-02-13,
1971-02-14,
1971-02-15,
1971-02-16,
1971-02-17,
1971-02-18,
1971-02-19,
1971-02-20,
1971-02-21,
1971-02-22,
1971-02-23,
1971-02-24,
1971-02-25,
1971-02-26,
1971-02-27,
1971-02-28,
1971-03-01,
1971-03-02,
1971-03-03,
1971-03-04,
1971-03-05,
1971-03-06,
1971-03-07,
1971-03-08,
1971-03-09,
1971-03-10,
1971-03-11,
1971-03-12,
1971-03-13,
1971-03-14,
1971-03-15,
1971-03-16,
1971-03-17,
1971-03-18,
1971-03-19,
1971-03-20,
1971-03-21,
1971-03-22,
1971-03-23,
1971-03-24,
1971-03-25,
1971-03-26,
1971-03-27,
1971-03-28,
1971-03-29,
1971-03-30,
1971-03-31,
1971-04-01,
1971-04-02,
1971-04-03,
1971-04-04,
1971-04-05,
1971-04-06,
1971-04-07,
1971-04-08,
1971-04-09,
1971-04-10,
1971-04-11,
1971-04-12,
1971-04-13,
1971-04-14,
1971-04-15,
1971-04-16,
1971-04-17,
1971-04-18,
1971-04-19,
1971-04-20,
1971-04-21,
1971-04-22,
1971-04-23,
1971-04-24,
1971-04-25,
1971-04-26,
1971-04-27,
1971-04-28,
1971-04-29,
1971-04-30,
1971-05-01,
1971-05-02,
1971-05-03,
1971-05-04,
1971-05-05,
1971-05-06,
1971-05-07,
1971-05-08,
1971-05-09,
1971-05-10,
1971-05-11,
1971-05-12,
1971-05-13,
1971-05-14,
1971-05-15,
1971-05-16,
1971-05-17,
1971-05-18,
1971-05-19,
1971-05-20,
1971-05-21,
1971-05-22,
1971-05-23,
1971-05-24,
1971-05-25,
1971-05-26,
1971-05-27,
1971-05-28,
1971-05-29,
1971-05-30,
1971-05-31,
1971-06-01,
1971-06-02,
1971-06-03,
1971-06-04,
1971-06-05,
1971-06-06,
1971-06-07,
1971-06-08,
1971-06-09,
1971-06-10,
1971-06-11,
1971-06-12,
1971-06-13,
1971-06-14,
1971-06-15,
1971-06-16,
1971-06-17,
1971-06-18,
1971-06-19,
1971-06-20,
1971-06-21,
1971-06-22,
1971-06-23,
1971-06-24,
1971-06-25,
1971-06-26,
1971-06-27,
1971-06-28,
1971-06-29,
1971-06-30,
1971-07-01,
1971-07-02,
1971-07-03,
1971-07-04,
1971-07-05,
1971-07-06,
1971-07-07,
1971-07-08,
1971-07-09,
1971-07-10,
1971-07-11,
1971-07-12,
1971-07-13,
1971-07-14,
1971-07-15,
1971-07-16,
1971-07-17,
1971-07-18,
1971-07-19,
1971-07-20,
1971-07-21,
1971-07-22,
1971-07-23,
1971-07-24,
1971-07-25,
1971-07-26,
1971-07-27,
1971-07-28,
1971-07-29,
1971-07-30,
1971-07-31,
1971-08-01,
1971-08-02,
1971-08-03,
1971-08-04,
1971-08-05,
1971-08-06,
1971-08-07,
1971-08-08,
1971-08-09,
1971-08-10,
1971-08-11,
1971-08-12,
1971-08-13,
1971-08-14,
1971-08-15,
1971-08-16,
1971-08-17,
1971-08-18,
1971-08-19,
1971-08-20,
1971-08-21,
1971-08-22,
1971-08-23,
1971-08-24,
1971-08-25,
1971-08-26,
1971-08-27,
1971-08-28,
1971-08-29,
1971-08-30,
1971-08-31,
1971-09-01,
1971-09-02,
1971-09-03,
1971-09-04,
1971-09-05,
1971-09-06,
1971-09-07,
1971-09-08,
1971-09-09,
1971-09-10,
1971-09-11,
1971-09-12,
1971-09-13,
1971-09-14,
1971-09-15,
1971-09-16,
1971-09-17,
1971-09-18,
1971-09-19,
1971-09-20,
1971-09-21,
1971-09-22,
1971-09-23,
1971-09-24,
1971-09-25,
1971-09-26,
1971-09-27,
1971-09-28,
1971-09-29,
1971-09-30,
1971-10-01,
1971-10-02,
1971-10-03,
1971-10-04,
1971-10-05,
1971-10-06,
1971-10-07,
1971-10-08,
1971-10-09,
1971-10-10,
1971-10-11,
1971-10-12,
1971-10-13,
1971-10-14,
1971-10-15,
1971-10-16,
1971-10-17,
1971-10-18,
1971-10-19,
1971-10-20,
1971-10-21,
1971-10-22,
1971-10-23,
1971-10-24,
1971-10-25,
1971-10-26,
1971-10-27,
1971-10-28,
1971-10-29,
1971-10-30,
1971-10-31,
1971-11-01,
1971-11-02,
1971-11-03,
1971-11-04,
1971-11-05,
1971-11-06,
1971-11-07,
1971-11-08,
1971-11-09,
1971-11-10,
1971-11-11,
1971-11-12,
1971-11-13,
1971-11-14,
1971-11-15,
1971-11-16,
1971-11-17,
1971-11-18,
1971-11-19,
1971-11-20,
1971-11-21,
1971-11-22,
1971-11-23,
1971-11-24,
1971-11-25,
1971-11-26,
1971-11-27,
1971-11-28,
1971-11-29,
1971-11-30,
1971-12-01,
1971-12-02,
1971-12-03,
1971-12-04,
1971-12-05,
1971-12-06,
1971-12-07,
1971-12-08,
1971-12-09,
1971-12-10,
1971-12-11,
1971-12-12,
1971-12-13,
1971-12-14,
1971-12-15,
1971-12-16,
1971-12-17,
1971-12-18,
1971-12-19,
1971-12-20,
1971-12-21,
1971-12-22,
1971-12-23,
1971-12-24,
1971-12-25,
1971-12-26,
1971-12-27,
1971-12-28,
1971-12-29,
1971-12-30,
1971-12-31,
1972-01-01,
1972-01-02,
1972-01-03,
1972-01-04,
1972-01-05,
1972-01-06,
1972-01-07,
1972-01-08,
1972-01-09,
1972-01-10,
1972-01-11,
1972-01-12,
1972-01-13,
1972-01-14,
1972-01-15,
1972-01-16,
1972-01-17,
1972-01-18,
1972-01-19,
1972-01-20,
1972-01-21,
1972-01-22,
1972-01-23,
1972-01-24,
1972-01-25,
1972-01-26,
1972-01-27,
1972-01-28,
1972-01-29,
1972-01-30,
1972-01-31,
1972-02-01,
1972-02-02,
1972-02-03,
1972-02-04,
1972-02-05,
1972-02-06,
1972-02-07,
1972-02-08,
1972-02-09,
1972-02-10,
1972-02-11,
1972-02-12,
1972-02-13,
1972-02-14,
1972-02-15,
1972-02-16,
1972-02-17,
1972-02-18,
1972-02-19,
1972-02-20,
1972-02-21,
1972-02-22,
1972-02-23,
1972-02-24,
1972-02-25,
1972-02-26,
1972-02-27,
1972-02-28,
1972-02-29,
1972-03-01,
1972-03-02,
1972-03-03,
1972-03-04,
1972-03-05,
1972-03-06,
1972-03-07,
1972-03-08,
1972-03-09,
1972-03-10,
1972-03-11,
1972-03-12,
1972-03-13,
1972-03-14,
1972-03-15,
1972-03-16,
1972-03-17,
1972-03-18,
1972-03-19,
1972-03-20,
1972-03-21,
1972-03-22,
1972-03-23,
1972-03-24,
1972-03-25,
1972-03-26,
1972-03-27,
1972-03-28,
1972-03-29,
1972-03-30,
1972-03-31,
1972-04-01,
1972-04-02,
1972-04-03,
1972-04-04,
1972-04-05,
1972-04-06,
1972-04-07,
1972-04-08,
1972-04-09,
1972-04-10,
1972-04-11,
1972-04-12,
1972-04-13,
1972-04-14,
1972-04-15,
1972-04-16,
1972-04-17,
1972-04-18,
1972-04-19,
1972-04-20,
1972-04-21,
1972-04-22,
1972-04-23,
1972-04-24,
1972-04-25,
1972-04-26,
1972-04-27,
1972-04-28,
1972-04-29,
1972-04-30,
1972-05-01,
1972-05-02,
1972-05-03,
1972-05-04,
1972-05-05,
1972-05-06,
1972-05-07,
1972-05-08,
1972-05-09,
1972-05-10,
1972-05-11,
1972-05-12,
1972-05-13,
1972-05-14,
1972-05-15,
1972-05-16,
1972-05-17,
1972-05-18,
1972-05-19,
1972-05-20,
1972-05-21,
1972-05-22,
1972-05-23,
1972-05-24,
1972-05-25,
1972-05-26,
1972-05-27,
1972-05-28,
1972-05-29,
1972-05-30,
1972-05-31,
1972-06-01,
1972-06-02,
1972-06-03,
1972-06-04,
1972-06-05,
1972-06-06,
1972-06-07,
1972-06-08,
1972-06-09,
1972-06-10,
1972-06-11,
1972-06-12,
1972-06-13,
1972-06-14,
1972-06-15,
1972-06-16,
1972-06-17,
1972-06-18,
1972-06-19,
1972-06-20,
1972-06-21,
1972-06-22,
1972-06-23,
1972-06-24,
1972-06-25,
1972-06-26,
1972-06-27,
1972-06-28,
1972-06-29,
1972-06-30,
1972-07-01,
1972-07-02,
1972-07-03,
1972-07-04,
1972-07-05,
1972-07-06,
1972-07-07,
1972-07-08,
1972-07-09,
1972-07-10,
1972-07-11,
1972-07-12,
1972-07-13,
1972-07-14,
1972-07-15,
1972-07-16,
1972-07-17,
1972-07-18,
1972-07-19,
1972-07-20,
1972-07-21,
1972-07-22,
1972-07-23,
1972-07-24,
1972-07-25,
1972-07-26,
1972-07-27,
1972-07-28,
1972-07-29,
1972-07-30,
1972-07-31,
1972-08-01,
1972-08-02,
1972-08-03,
1972-08-04,
1972-08-05,
1972-08-06,
1972-08-07,
1972-08-08,
1972-08-09,
1972-08-10,
1972-08-11,
1972-08-12,
1972-08-13,
1972-08-14,
1972-08-15,
1972-08-16,
1972-08-17,
1972-08-18,
1972-08-19,
1972-08-20,
1972-08-21,
1972-08-22,
1972-08-23,
1972-08-24,
1972-08-25,
1972-08-26,
1972-08-27,
1972-08-28,
1972-08-29,
1972-08-30,
1972-08-31,
1972-09-01,
1972-09-02,
1972-09-03,
1972-09-04,
1972-09-05,
1972-09-06,
1972-09-07,
1972-09-08,
1972-09-09,
1972-09-10,
1972-09-11,
1972-09-12,
1972-09-13,
1972-09-14,
1972-09-15,
1972-09-16,
1972-09-17,
1972-09-18,
1972-09-19,
1972-09-20,
1972-09-21,
1972-09-22,
1972-09-23,
1972-09-24,
1972-09-25,
1972-09-26,
1972-09-27,
1972-09-28,
1972-09-29,
1972-09-30,
1972-10-01,
1972-10-02,
1972-10-03,
1972-10-04,
1972-10-05,
1972-10-06,
1972-10-07,
1972-10-08,
1972-10-09,
1972-10-10,
1972-10-11,
1972-10-12,
1972-10-13,
1972-10-14,
1972-10-15,
1972-10-16,
1972-10-17,
1972-10-18,
1972-10-19,
1972-10-20,
1972-10-21,
1972-10-22,
1972-10-23,
1972-10-24,
1972-10-25,
1972-10-26,
1972-10-27,
1972-10-28,
1972-10-29,
1972-10-30,
1972-10-31,
1972-11-01,
1972-11-02,
1972-11-03,
1972-11-04,
1972-11-05,
1972-11-06,
1972-11-07,
1972-11-08,
1972-11-09,
1972-11-10,
1972-11-11,
1972-11-12,
1972-11-13,
1972-11-14,
1972-11-15,
1972-11-16,
1972-11-17,
1972-11-18,
1972-11-19,
1972-11-20,
1972-11-21,
1972-11-22,
1972-11-23,
1972-11-24,
1972-11-25,
1972-11-26,
1972-11-27,
1972-11-28,
1972-11-29,
1972-11-30,
1972-12-01,
1972-12-02,
1972-12-03,
1972-12-04,
1972-12-05,
1972-12-06,
1972-12-07,
1972-12-08,
1972-12-09,
1972-12-10,
1972-12-11,
1972-12-12,
1972-12-13,
1972-12-14,
1972-12-15,
1972-12-16,
1972-12-17,
1972-12-18,
1972-12-19,
1972-12-20,
1972-12-21,
1972-12-22,
1972-12-23,
1972-12-24,
1972-12-25,
1972-12-26,
1972-12-27,
1972-12-28,
1972-12-29,
1972-12-30,
1972-12-31,
1973-01-01,
1973-01-02,
1973-01-03,
1973-01-04,
1973-01-05,
1973-01-06,
1973-01-07,
1973-01-08,
1973-01-09,
1973-01-10,
1973-01-11,
1973-01-12,
1973-01-13,
1973-01-14,
1973-01-15,
1973-01-16,
1973-01-17,
1973-01-18,
1973-01-19,
1973-01-20,
1973-01-21,
1973-01-22,
1973-01-23,
1973-01-24,
1973-01-25,
1973-01-26,
1973-01-27,
1973-01-28,
1973-01-29,
1973-01-30,
1973-01-31,
1973-02-01,
1973-02-02,
1973-02-03,
1973-02-04,
1973-02-05,
1973-02-06,
1973-02-07,
1973-02-08,
1973-02-09,
1973-02-10,
1973-02-11,
1973-02-12,
1973-02-13,
1973-02-14,
1973-02-15,
1973-02-16,
1973-02-17,
1973-02-18,
1973-02-19,
1973-02-20,
1973-02-21,
1973-02-22,
1973-02-23,
1973-02-24,
1973-02-25,
1973-02-26,
1973-02-27,
1973-02-28,
1973-03-01,
1973-03-02,
1973-03-03,
1973-03-04,
1973-03-05,
1973-03-06,
1973-03-07,
1973-03-08,
1973-03-09,
1973-03-10,
1973-03-11,
1973-03-12,
1973-03-13,
1973-03-14,
1973-03-15,
1973-03-16,
1973-03-17,
1973-03-18,
1973-03-19,
1973-03-20,
1973-03-21,
1973-03-22,
1973-03-23,
1973-03-24,
1973-03-25,
1973-03-26,
1973-03-27,
1973-03-28,
1973-03-29,
1973-03-30,
1973-03-31,
1973-04-01,
1973-04-02,
1973-04-03,
1973-04-04,
1973-04-05,
1973-04-06,
1973-04-07,
1973-04-08,
1973-04-09,
1973-04-10,
1973-04-11,
1973-04-12,
1973-04-13,
1973-04-14,
1973-04-15,
1973-04-16,
1973-04-17,
1973-04-18,
1973-04-19,
1973-04-20,
1973-04-21,
1973-04-22,
1973-04-23,
1973-04-24,
1973-04-25,
1973-04-26,
1973-04-27,
1973-04-28,
1973-04-29,
1973-04-30,
1973-05-01,
1973-05-02,
1973-05-03,
1973-05-04,
1973-05-05,
1973-05-06,
1973-05-07,
1973-05-08,
1973-05-09,
1973-05-10,
1973-05-11,
1973-05-12,
1973-05-13,
1973-05-14,
1973-05-15,
1973-05-16,
1973-05-17,
1973-05-18,
1973-05-19,
1973-05-20,
1973-05-21,
1973-05-22,
1973-05-23,
1973-05-24,
1973-05-25,
1973-05-26,
1973-05-27,
1973-05-28,
1973-05-29,
1973-05-30,
1973-05-31,
1973-06-01,
1973-06-02,
1973-06-03,
1973-06-04,
1973-06-05,
1973-06-06,
1973-06-07,
1973-06-08,
1973-06-09,
1973-06-10,
1973-06-11,
1973-06-12,
1973-06-13,
1973-06-14,
1973-06-15,
1973-06-16,
1973-06-17,
1973-06-18,
1973-06-19,
1973-06-20,
1973-06-21,
1973-06-22,
1973-06-23,
1973-06-24,
1973-06-25,
1973-06-26,
1973-06-27,
1973-06-28,
1973-06-29,
1973-06-30,
1973-07-01,
1973-07-02,
1973-07-03,
1973-07-04,
1973-07-05,
1973-07-06,
1973-07-07,
1973-07-08,
1973-07-09,
1973-07-10,
1973-07-11,
1973-07-12,
1973-07-13,
1973-07-14,
1973-07-15,
1973-07-16,
1973-07-17,
1973-07-18,
1973-07-19,
1973-07-20,
1973-07-21,
1973-07-22,
1973-07-23,
1973-07-24,
1973-07-25,
1973-07-26,
1973-07-27,
1973-07-28,
1973-07-29,
1973-07-30,
1973-07-31,
1973-08-01,
1973-08-02,
1973-08-03,
1973-08-04,
1973-08-05,
1973-08-06,
1973-08-07,
1973-08-08,
1973-08-09,
1973-08-10,
1973-08-11,
1973-08-12,
1973-08-13,
1973-08-14,
1973-08-15,
1973-08-16,
1973-08-17,
1973-08-18,
1973-08-19,
1973-08-20,
1973-08-21,
1973-08-22,
1973-08-23,
1973-08-24,
1973-08-25,
1973-08-26,
1973-08-27,
1973-08-28,
1973-08-29,
1973-08-30,
1973-08-31,
1973-09-01,
1973-09-02,
1973-09-03,
1973-09-04,
1973-09-05,
1973-09-06,
1973-09-07,
1973-09-08,
1973-09-09,
1973-09-10,
1973-09-11,
1973-09-12,
1973-09-13,
1973-09-14,
1973-09-15,
1973-09-16,
1973-09-17,
1973-09-18,
1973-09-19,
1973-09-20,
1973-09-21,
1973-09-22,
1973-09-23,
1973-09-24,
1973-09-25,
1973-09-26,
1973-09-27,
1973-09-28,
1973-09-29,
1973-09-30,
1973-10-01,
1973-10-02,
1973-10-03,
1973-10-04,
1973-10-05,
1973-10-06,
1973-10-07,
1973-10-08,
1973-10-09,
1973-10-10,
1973-10-11,
1973-10-12,
1973-10-13,
1973-10-14,
1973-10-15,
1973-10-16,
1973-10-17,
1973-10-18,
1973-10-19,
1973-10-20,
1973-10-21,
1973-10-22,
1973-10-23,
1973-10-24,
1973-10-25,
1973-10-26,
1973-10-27,
1973-10-28,
1973-10-29,
1973-10-30,
1973-10-31,
1973-11-01,
1973-11-02,
1973-11-03,
1973-11-04,
1973-11-05,
1973-11-06,
1973-11-07,
1973-11-08,
1973-11-09,
1973-11-10,
1973-11-11,
1973-11-12,
1973-11-13,
1973-11-14,
1973-11-15,
1973-11-16,
1973-11-17,
1973-11-18,
1973-11-19,
1973-11-20,
1973-11-21,
1973-11-22,
1973-11-23,
1973-11-24,
1973-11-25,
1973-11-26,
1973-11-27,
1973-11-28,
1973-11-29,
1973-11-30,
1973-12-01,
1973-12-02,
1973-12-03,
1973-12-04,
1973-12-05,
1973-12-06,
1973-12-07,
1973-12-08,
1973-12-09,
1973-12-10,
1973-12-11,
1973-12-12,
1973-12-13,
1973-12-14,
1973-12-15,
1973-12-16,
1973-12-17,
1973-12-18,
1973-12-19,
1973-12-20,
1973-12-21,
1973-12-22,
1973-12-23,
1973-12-24,
1973-12-25,
1973-12-26,
1973-12-27,
1973-12-28,
1973-12-29,
1973-12-30,
1973-12-31,
1974-01-01,
1974-01-02,
1974-01-03,
1974-01-04,
1974-01-05,
1974-01-06,
1974-01-07,
1974-01-08,
1974-01-09,
1974-01-10,
1974-01-11,
1974-01-12,
1974-01-13,
1974-01-14,
1974-01-15,
1974-01-16,
1974-01-17,
1974-01-18,
1974-01-19,
1974-01-20,
1974-01-21,
1974-01-22,
1974-01-23,
1974-01-24,
1974-01-25,
1974-01-26,
1974-01-27,
1974-01-28,
1974-01-29,
1974-01-30,
1974-01-31,
1974-02-01,
1974-02-02,
1974-02-03,
1974-02-04,
1974-02-05,
1974-02-06,
1974-02-07,
1974-02-08,
1974-02-09,
1974-02-10,
1974-02-11,
1974-02-12,
1974-02-13,
1974-02-14,
1974-02-15,
1974-02-16,
1974-02-17,
1974-02-18,
1974-02-19,
1974-02-20,
1974-02-21,
1974-02-22,
1974-02-23,
1974-02-24,
1974-02-25,
1974-02-26,
1974-02-27,
1974-02-28,
1974-03-01,
1974-03-02,
1974-03-03,
1974-03-04,
1974-03-05,
1974-03-06,
1974-03-07,
1974-03-08,
1974-03-09,
1974-03-10,
1974-03-11,
1974-03-12,
1974-03-13,
1974-03-14,
1974-03-15,
1974-03-16,
1974-03-17,
1974-03-18,
1974-03-19,
1974-03-20,
1974-03-21,
1974-03-22,
1974-03-23,
1974-03-24,
1974-03-25,
1974-03-26,
1974-03-27,
1974-03-28,
1974-03-29,
1974-03-30,
1974-03-31,
1974-04-01,
1974-04-02,
1974-04-03,
1974-04-04,
1974-04-05,
1974-04-06,
1974-04-07,
1974-04-08,
1974-04-09,
1974-04-10,
1974-04-11,
1974-04-12,
1974-04-13,
1974-04-14,
1974-04-15,
1974-04-16,
1974-04-17,
1974-04-18,
1974-04-19,
1974-04-20,
1974-04-21,
1974-04-22,
1974-04-23,
1974-04-24,
1974-04-25,
1974-04-26,
1974-04-27,
1974-04-28,
1974-04-29,
1974-04-30,
1974-05-01,
1974-05-02,
1974-05-03,
1974-05-04,
1974-05-05,
1974-05-06,
1974-05-07,
1974-05-08,
1974-05-09,
1974-05-10,
1974-05-11,
1974-05-12,
1974-05-13,
1974-05-14,
1974-05-15,
1974-05-16,
1974-05-17,
1974-05-18,
1974-05-19,
1974-05-20,
1974-05-21,
1974-05-22,
1974-05-23,
1974-05-24,
1974-05-25,
1974-05-26,
1974-05-27,
1974-05-28,
1974-05-29,
1974-05-30,
1974-05-31,
1974-06-01,
1974-06-02,
1974-06-03,
1974-06-04,
1974-06-05,
1974-06-06,
1974-06-07,
1974-06-08,
1974-06-09,
1974-06-10,
1974-06-11,
1974-06-12,
1974-06-13,
1974-06-14,
1974-06-15,
1974-06-16,
1974-06-17,
1974-06-18,
1974-06-19,
1974-06-20,
1974-06-21,
1974-06-22,
1974-06-23,
1974-06-24,
1974-06-25,
1974-06-26,
1974-06-27,
1974-06-28,
1974-06-29,
1974-06-30,
1974-07-01,
1974-07-02,
1974-07-03,
1974-07-04,
1974-07-05,
1974-07-06,
1974-07-07,
1974-07-08,
1974-07-09,
1974-07-10,
1974-07-11,
1974-07-12,
1974-07-13,
1974-07-14,
1974-07-15,
1974-07-16,
1974-07-17,
1974-07-18,
1974-07-19,
1974-07-20,
1974-07-21,
1974-07-22,
1974-07-23,
1974-07-24,
1974-07-25,
1974-07-26,
1974-07-27,
1974-07-28,
1974-07-29,
1974-07-30,
1974-07-31,
1974-08-01,
1974-08-02,
1974-08-03,
1974-08-04,
1974-08-05,
1974-08-06,
1974-08-07,
1974-08-08,
1974-08-09,
1974-08-10,
1974-08-11,
1974-08-12,
1974-08-13,
1974-08-14,
1974-08-15,
1974-08-16,
1974-08-17,
1974-08-18,
1974-08-19,
1974-08-20,
1974-08-21,
1974-08-22,
1974-08-23,
1974-08-24,
1974-08-25,
1974-08-26,
1974-08-27,
1974-08-28,
1974-08-29,
1974-08-30,
1974-08-31,
1974-09-01,
1974-09-02,
1974-09-03,
1974-09-04,
1974-09-05,
1974-09-06,
1974-09-07,
1974-09-08,
1974-09-09,
1974-09-10,
1974-09-11,
1974-09-12,
1974-09-13,
1974-09-14,
1974-09-15,
1974-09-16,
1974-09-17,
1974-09-18,
1974-09-19,
1974-09-20,
1974-09-21,
1974-09-22,
1974-09-23,
1974-09-24,
1974-09-25,
1974-09-26,
1974-09-27,
1974-09-28,
1974-09-29,
1974-09-30,
1974-10-01,
1974-10-02,
1974-10-03,
1974-10-04,
1974-10-05,
1974-10-06,
1974-10-07,
1974-10-08,
1974-10-09,
1974-10-10,
1974-10-11,
1974-10-12,
1974-10-13,
1974-10-14,
1974-10-15,
1974-10-16,
1974-10-17,
1974-10-18,
1974-10-19,
1974-10-20,
1974-10-21,
1974-10-22,
1974-10-23,
1974-10-24,
1974-10-25,
1974-10-26,
1974-10-27,
1974-10-28,
1974-10-29,
1974-10-30,
1974-10-31,
1974-11-01,
1974-11-02,
1974-11-03,
1974-11-04,
1974-11-05,
1974-11-06,
1974-11-07,
1974-11-08,
1974-11-09,
1974-11-10,
1974-11-11,
1974-11-12,
1974-11-13,
1974-11-14,
1974-11-15,
1974-11-16,
1974-11-17,
1974-11-18,
1974-11-19,
1974-11-20,
1974-11-21,
1974-11-22,
1974-11-23,
1974-11-24,
1974-11-25,
1974-11-26,
1974-11-27,
1974-11-28,
1974-11-29,
1974-11-30,
1974-12-01,
1974-12-02,
1974-12-03,
1974-12-04,
1974-12-05,
1974-12-06,
1974-12-07,
1974-12-08,
1974-12-09,
1974-12-10,
1974-12-11,
1974-12-12,
1974-12-13,
1974-12-14,
1974-12-15,
1974-12-16,
1974-12-17,
1974-12-18,
1974-12-19,
1974-12-20,
1974-12-21,
1974-12-22,
1974-12-23,
1974-12-24,
1974-12-25,
1974-12-26,
1974-12-27,
1974-12-28,
1974-12-29,
1974-12-30,
1974-12-31,
1975-01-01,
1975-01-02,
1975-01-03,
1975-01-04,
1975-01-05,
1975-01-06,
1975-01-07,
1975-01-08,
1975-01-09,
1975-01-10,
1975-01-11,
1975-01-12,
1975-01-13,
1975-01-14,
1975-01-15,
1975-01-16,
1975-01-17,
1975-01-18,
1975-01-19,
1975-01-20,
1975-01-21,
1975-01-22,
1975-01-23,
1975-01-24,
1975-01-25,
1975-01-26,
1975-01-27,
1975-01-28,
1975-01-29,
1975-01-30,
1975-01-31,
1975-02-01,
1975-02-02,
1975-02-03,
1975-02-04,
1975-02-05,
1975-02-06,
1975-02-07,
1975-02-08,
1975-02-09,
1975-02-10,
1975-02-11,
1975-02-12,
1975-02-13,
1975-02-14,
1975-02-15,
1975-02-16,
1975-02-17,
1975-02-18,
1975-02-19,
1975-02-20,
1975-02-21,
1975-02-22,
1975-02-23,
1975-02-24,
1975-02-25,
1975-02-26,
1975-02-27,
1975-02-28,
1975-03-01,
1975-03-02,
1975-03-03,
1975-03-04,
1975-03-05,
1975-03-06,
1975-03-07,
1975-03-08,
1975-03-09,
1975-03-10,
1975-03-11,
1975-03-12,
1975-03-13,
1975-03-14,
1975-03-15,
1975-03-16,
1975-03-17,
1975-03-18,
1975-03-19,
1975-03-20,
1975-03-21,
1975-03-22,
1975-03-23,
1975-03-24,
1975-03-25,
1975-03-26,
1975-03-27,
1975-03-28,
1975-03-29,
1975-03-30,
1975-03-31,
1975-04-01,
1975-04-02,
1975-04-03,
1975-04-04,
1975-04-05,
1975-04-06,
1975-04-07,
1975-04-08,
1975-04-09,
1975-04-10,
1975-04-11,
1975-04-12,
1975-04-13,
1975-04-14,
1975-04-15,
1975-04-16,
1975-04-17,
1975-04-18,
1975-04-19,
1975-04-20,
1975-04-21,
1975-04-22,
1975-04-23,
1975-04-24,
1975-04-25,
1975-04-26,
1975-04-27,
1975-04-28,
1975-04-29,
1975-04-30,
1975-05-01,
1975-05-02,
1975-05-03,
1975-05-04,
1975-05-05,
1975-05-06,
1975-05-07,
1975-05-08,
1975-05-09,
1975-05-10,
1975-05-11,
1975-05-12,
1975-05-13,
1975-05-14,
1975-05-15,
1975-05-16,
1975-05-17,
1975-05-18,
1975-05-19,
1975-05-20,
1975-05-21,
1975-05-22,
1975-05-23,
1975-05-24,
1975-05-25,
1975-05-26,
1975-05-27,
1975-05-28,
1975-05-29,
1975-05-30,
1975-05-31,
1975-06-01,
1975-06-02,
1975-06-03,
1975-06-04,
1975-06-05,
1975-06-06,
1975-06-07,
1975-06-08,
1975-06-09,
1975-06-10,
1975-06-11,
1975-06-12,
1975-06-13,
1975-06-14,
1975-06-15,
1975-06-16,
1975-06-17,
1975-06-18,
1975-06-19,
1975-06-20,
1975-06-21,
1975-06-22,
1975-06-23,
1975-06-24,
1975-06-25,
1975-06-26,
1975-06-27,
1975-06-28,
1975-06-29,
1975-06-30,
1975-07-01,
1975-07-02,
1975-07-03,
1975-07-04,
1975-07-05,
1975-07-06,
1975-07-07,
1975-07-08,
1975-07-09,
1975-07-10,
1975-07-11,
1975-07-12,
1975-07-13,
1975-07-14,
1975-07-15,
1975-07-16,
1975-07-17,
1975-07-18,
1975-07-19,
1975-07-20,
1975-07-21,
1975-07-22,
1975-07-23,
1975-07-24,
1975-07-25,
1975-07-26,
1975-07-27,
1975-07-28,
1975-07-29,
1975-07-30,
1975-07-31,
1975-08-01,
1975-08-02,
1975-08-03,
1975-08-04,
1975-08-05,
1975-08-06,
1975-08-07,
1975-08-08,
1975-08-09,
1975-08-10,
1975-08-11,
1975-08-12,
1975-08-13,
1975-08-14,
1975-08-15,
1975-08-16,
1975-08-17,
1975-08-18,
1975-08-19,
1975-08-20,
1975-08-21,
1975-08-22,
1975-08-23,
1975-08-24,
1975-08-25,
1975-08-26,
1975-08-27,
1975-08-28,
1975-08-29,
1975-08-30,
1975-08-31,
1975-09-01,
1975-09-02,
1975-09-03,
1975-09-04,
1975-09-05,
1975-09-06,
1975-09-07,
1975-09-08,
1975-09-09,
1975-09-10,
1975-09-11,
1975-09-12,
1975-09-13,
1975-09-14,
1975-09-15,
1975-09-16,
1975-09-17,
1975-09-18,
1975-09-19,
1975-09-20,
1975-09-21,
1975-09-22,
1975-09-23,
1975-09-24,
1975-09-25,
1975-09-26,
1975-09-27,
1975-09-28,
1975-09-29,
1975-09-30,
1975-10-01,
1975-10-02,
1975-10-03,
1975-10-04,
1975-10-05,
1975-10-06,
1975-10-07,
1975-10-08,
1975-10-09,
1975-10-10,
1975-10-11,
1975-10-12,
1975-10-13,
1975-10-14,
1975-10-15,
1975-10-16,
1975-10-17,
1975-10-18,
1975-10-19,
1975-10-20,
1975-10-21,
1975-10-22,
1975-10-23,
1975-10-24,
1975-10-25,
1975-10-26,
1975-10-27,
1975-10-28,
1975-10-29,
1975-10-30,
1975-10-31,
1975-11-01,
1975-11-02,
1975-11-03,
1975-11-04,
1975-11-05,
1975-11-06,
1975-11-07,
1975-11-08,
1975-11-09,
1975-11-10,
1975-11-11,
1975-11-12,
1975-11-13,
1975-11-14,
1975-11-15,
1975-11-16,
1975-11-17,
1975-11-18,
1975-11-19,
1975-11-20,
1975-11-21,
1975-11-22,
1975-11-23,
1975-11-24,
1975-11-25,
1975-11-26,
1975-11-27,
1975-11-28,
1975-11-29,
1975-11-30,
1975-12-01,
1975-12-02,
1975-12-03,
1975-12-04,
1975-12-05,
1975-12-06,
1975-12-07,
1975-12-08,
1975-12-09,
1975-12-10,
1975-12-11,
1975-12-12,
1975-12-13,
1975-12-14,
1975-12-15,
1975-12-16,
1975-12-17,
1975-12-18,
1975-12-19,
1975-12-20,
1975-12-21,
1975-12-22,
1975-12-23,
1975-12-24,
1975-12-25,
1975-12-26,
1975-12-27,
1975-12-28,
1975-12-29,
1975-12-30,
1975-12-31,
1976-01-01,
1976-01-02,
1976-01-03,
1976-01-04,
1976-01-05,
1976-01-06,
1976-01-07,
1976-01-08,
1976-01-09,
1976-01-10,
1976-01-11,
1976-01-12,
1976-01-13,
1976-01-14,
1976-01-15,
1976-01-16,
1976-01-17,
1976-01-18,
1976-01-19,
1976-01-20,
1976-01-21,
1976-01-22,
1976-01-23,
1976-01-24,
1976-01-25,
1976-01-26,
1976-01-27,
1976-01-28,
1976-01-29,
1976-01-30,
1976-01-31,
1976-02-01,
1976-02-02,
1976-02-03,
1976-02-04,
1976-02-05,
1976-02-06,
1976-02-07,
1976-02-08,
1976-02-09,
1976-02-10,
1976-02-11,
1976-02-12,
1976-02-13,
1976-02-14,
1976-02-15,
1976-02-16,
1976-02-17,
1976-02-18,
1976-02-19,
1976-02-20,
1976-02-21,
1976-02-22,
1976-02-23,
1976-02-24,
1976-02-25,
1976-02-26,
1976-02-27,
1976-02-28,
1976-02-29,
1976-03-01,
1976-03-02,
1976-03-03,
1976-03-04,
1976-03-05,
1976-03-06,
1976-03-07,
1976-03-08,
1976-03-09,
1976-03-10,
1976-03-11,
1976-03-12,
1976-03-13,
1976-03-14,
1976-03-15,
1976-03-16,
1976-03-17,
1976-03-18,
1976-03-19,
1976-03-20,
1976-03-21,
1976-03-22,
1976-03-23,
1976-03-24,
1976-03-25,
1976-03-26,
1976-03-27,
1976-03-28,
1976-03-29,
1976-03-30,
1976-03-31,
1976-04-01,
1976-04-02,
1976-04-03,
1976-04-04,
1976-04-05,
1976-04-06,
1976-04-07,
1976-04-08,
1976-04-09,
1976-04-10,
1976-04-11,
1976-04-12,
1976-04-13,
1976-04-14,
1976-04-15,
1976-04-16,
1976-04-17,
1976-04-18,
1976-04-19,
1976-04-20,
1976-04-21,
1976-04-22,
1976-04-23,
1976-04-24,
1976-04-25,
1976-04-26,
1976-04-27,
1976-04-28,
1976-04-29,
1976-04-30,
1976-05-01,
1976-05-02,
1976-05-03,
1976-05-04,
1976-05-05,
1976-05-06,
1976-05-07,
1976-05-08,
1976-05-09,
1976-05-10,
1976-05-11,
1976-05-12,
1976-05-13,
1976-05-14,
1976-05-15,
1976-05-16,
1976-05-17,
1976-05-18,
1976-05-19,
1976-05-20,
1976-05-21,
1976-05-22,
1976-05-23,
1976-05-24,
1976-05-25,
1976-05-26,
1976-05-27,
1976-05-28,
1976-05-29,
1976-05-30,
1976-05-31,
1976-06-01,
1976-06-02,
1976-06-03,
1976-06-04,
1976-06-05,
1976-06-06,
1976-06-07,
1976-06-08,
1976-06-09,
1976-06-10,
1976-06-11,
1976-06-12,
1976-06-13,
1976-06-14,
1976-06-15,
1976-06-16,
1976-06-17,
1976-06-18,
1976-06-19,
1976-06-20,
1976-06-21,
1976-06-22,
1976-06-23,
1976-06-24,
1976-06-25,
1976-06-26,
1976-06-27,
1976-06-28,
1976-06-29,
1976-06-30,
1976-07-01,
1976-07-02,
1976-07-03,
1976-07-04,
1976-07-05,
1976-07-06,
1976-07-07,
1976-07-08,
1976-07-09,
1976-07-10,
1976-07-11,
1976-07-12,
1976-07-13,
1976-07-14,
1976-07-15,
1976-07-16,
1976-07-17,
1976-07-18,
1976-07-19,
1976-07-20,
1976-07-21,
1976-07-22,
1976-07-23,
1976-07-24,
1976-07-25,
1976-07-26,
1976-07-27,
1976-07-28,
1976-07-29,
1976-07-30,
1976-07-31,
1976-08-01,
1976-08-02,
1976-08-03,
1976-08-04,
1976-08-05,
1976-08-06,
1976-08-07,
1976-08-08,
1976-08-09,
1976-08-10,
1976-08-11,
1976-08-12,
1976-08-13,
1976-08-14,
1976-08-15,
1976-08-16,
1976-08-17,
1976-08-18,
1976-08-19,
1976-08-20,
1976-08-21,
1976-08-22,
1976-08-23,
1976-08-24,
1976-08-25,
1976-08-26,
1976-08-27,
1976-08-28,
1976-08-29,
1976-08-30,
1976-08-31,
1976-09-01,
1976-09-02,
1976-09-03,
1976-09-04,
1976-09-05,
1976-09-06,
1976-09-07,
1976-09-08,
1976-09-09,
1976-09-10,
1976-09-11,
1976-09-12,
1976-09-13,
1976-09-14,
1976-09-15,
1976-09-16,
1976-09-17,
1976-09-18,
1976-09-19,
1976-09-20,
1976-09-21,
1976-09-22,
1976-09-23,
1976-09-24,
1976-09-25,
1976-09-26,
1976-09-27,
1976-09-28,
1976-09-29,
1976-09-30,
1976-10-01,
1976-10-02,
1976-10-03,
1976-10-04,
1976-10-05,
1976-10-06,
1976-10-07,
1976-10-08,
1976-10-09,
1976-10-10,
1976-10-11,
1976-10-12,
1976-10-13,
1976-10-14,
1976-10-15,
1976-10-16,
1976-10-17,
1976-10-18,
1976-10-19,
1976-10-20,
1976-10-21,
1976-10-22,
1976-10-23,
1976-10-24,
1976-10-25,
1976-10-26,
1976-10-27,
1976-10-28,
1976-10-29,
1976-10-30,
1976-10-31,
1976-11-01,
1976-11-02,
1976-11-03,
1976-11-04,
1976-11-05,
1976-11-06,
1976-11-07,
1976-11-08,
1976-11-09,
1976-11-10,
1976-11-11,
1976-11-12,
1976-11-13,
1976-11-14,
1976-11-15,
1976-11-16,
1976-11-17,
1976-11-18,
1976-11-19,
1976-11-20,
1976-11-21,
1976-11-22,
1976-11-23,
1976-11-24,
1976-11-25,
1976-11-26,
1976-11-27,
1976-11-28,
1976-11-29,
1976-11-30,
1976-12-01,
1976-12-02,
1976-12-03,
1976-12-04,
1976-12-05,
1976-12-06,
1976-12-07,
1976-12-08,
1976-12-09,
1976-12-10,
1976-12-11,
1976-12-12,
1976-12-13,
1976-12-14,
1976-12-15,
1976-12-16,
1976-12-17,
1976-12-18,
1976-12-19,
1976-12-20,
1976-12-21,
1976-12-22,
1976-12-23,
1976-12-24,
1976-12-25,
1976-12-26,
1976-12-27,
1976-12-28,
1976-12-29,
1976-12-30,
1976-12-31,
1977-01-01,
1977-01-02,
1977-01-03,
1977-01-04,
1977-01-05,
1977-01-06,
1977-01-07,
1977-01-08,
1977-01-09,
1977-01-10,
1977-01-11,
1977-01-12,
1977-01-13,
1977-01-14,
1977-01-15,
1977-01-16,
1977-01-17,
1977-01-18,
1977-01-19,
1977-01-20,
1977-01-21,
1977-01-22,
1977-01-23,
1977-01-24,
1977-01-25,
1977-01-26,
1977-01-27,
1977-01-28,
1977-01-29,
1977-01-30,
1977-01-31,
1977-02-01,
1977-02-02,
1977-02-03,
1977-02-04,
1977-02-05,
1977-02-06,
1977-02-07,
1977-02-08,
1977-02-09,
1977-02-10,
1977-02-11,
1977-02-12,
1977-02-13,
1977-02-14,
1977-02-15,
1977-02-16,
1977-02-17,
1977-02-18,
1977-02-19,
1977-02-20,
1977-02-21,
1977-02-22,
1977-02-23,
1977-02-24,
1977-02-25,
1977-02-26,
1977-02-27,
1977-02-28,
1977-03-01,
1977-03-02,
1977-03-03,
1977-03-04,
1977-03-05,
1977-03-06,
1977-03-07,
1977-03-08,
1977-03-09,
1977-03-10,
1977-03-11,
1977-03-12,
1977-03-13,
1977-03-14,
1977-03-15,
1977-03-16,
1977-03-17,
1977-03-18,
1977-03-19,
1977-03-20,
1977-03-21,
1977-03-22,
1977-03-23,
1977-03-24,
1977-03-25,
1977-03-26,
1977-03-27,
1977-03-28,
1977-03-29,
1977-03-30,
1977-03-31,
1977-04-01,
1977-04-02,
1977-04-03,
1977-04-04,
1977-04-05,
1977-04-06,
1977-04-07,
1977-04-08,
1977-04-09,
1977-04-10,
1977-04-11,
1977-04-12,
1977-04-13,
1977-04-14,
1977-04-15,
1977-04-16,
1977-04-17,
1977-04-18,
1977-04-19,
1977-04-20,
1977-04-21,
1977-04-22,
1977-04-23,
1977-04-24,
1977-04-25,
1977-04-26,
1977-04-27,
1977-04-28,
1977-04-29,
1977-04-30,
1977-05-01,
1977-05-02,
1977-05-03,
1977-05-04,
1977-05-05,
1977-05-06,
1977-05-07,
1977-05-08,
1977-05-09,
1977-05-10,
1977-05-11,
1977-05-12,
1977-05-13,
1977-05-14,
1977-05-15,
1977-05-16,
1977-05-17,
1977-05-18,
1977-05-19,
1977-05-20,
1977-05-21,
1977-05-22,
1977-05-23,
1977-05-24,
1977-05-25,
1977-05-26,
1977-05-27,
1977-05-28,
1977-05-29,
1977-05-30,
1977-05-31,
1977-06-01,
1977-06-02,
1977-06-03,
1977-06-04,
1977-06-05,
1977-06-06,
1977-06-07,
1977-06-08,
1977-06-09,
1977-06-10,
1977-06-11,
1977-06-12,
1977-06-13,
1977-06-14,
1977-06-15,
1977-06-16,
1977-06-17,
1977-06-18,
1977-06-19,
1977-06-20,
1977-06-21,
1977-06-22,
1977-06-23,
1977-06-24,
1977-06-25,
1977-06-26,
1977-06-27,
1977-06-28,
1977-06-29,
1977-06-30,
1977-07-01,
1977-07-02,
1977-07-03,
1977-07-04,
1977-07-05,
1977-07-06,
1977-07-07,
1977-07-08,
1977-07-09,
1977-07-10,
1977-07-11,
1977-07-12,
1977-07-13,
1977-07-14,
1977-07-15,
1977-07-16,
1977-07-17,
1977-07-18,
1977-07-19,
1977-07-20,
1977-07-21,
1977-07-22,
1977-07-23,
1977-07-24,
1977-07-25,
1977-07-26,
1977-07-27,
1977-07-28,
1977-07-29,
1977-07-30,
1977-07-31,
1977-08-01,
1977-08-02,
1977-08-03,
1977-08-04,
1977-08-05,
1977-08-06,
1977-08-07,
1977-08-08,
1977-08-09,
1977-08-10,
1977-08-11,
1977-08-12,
1977-08-13,
1977-08-14,
1977-08-15,
1977-08-16,
1977-08-17,
1977-08-18,
1977-08-19,
1977-08-20,
1977-08-21,
1977-08-22,
1977-08-23,
1977-08-24,
1977-08-25,
1977-08-26,
1977-08-27,
1977-08-28,
1977-08-29,
1977-08-30,
1977-08-31,
1977-09-01,
1977-09-02,
1977-09-03,
1977-09-04,
1977-09-05,
1977-09-06,
1977-09-07,
1977-09-08,
1977-09-09,
1977-09-10,
1977-09-11,
1977-09-12,
1977-09-13,
1977-09-14,
1977-09-15,
1977-09-16,
1977-09-17,
1977-09-18,
1977-09-19,
1977-09-20,
1977-09-21,
1977-09-22,
1977-09-23,
1977-09-24,
1977-09-25,
1977-09-26,
1977-09-27,
1977-09-28,
1977-09-29,
1977-09-30,
1977-10-01,
1977-10-02,
1977-10-03,
1977-10-04,
1977-10-05,
1977-10-06,
1977-10-07,
1977-10-08,
1977-10-09,
1977-10-10,
1977-10-11,
1977-10-12,
1977-10-13,
1977-10-14,
1977-10-15,
1977-10-16,
1977-10-17,
1977-10-18,
1977-10-19,
1977-10-20,
1977-10-21,
1977-10-22,
1977-10-23,
1977-10-24,
1977-10-25,
1977-10-26,
1977-10-27,
1977-10-28,
1977-10-29,
1977-10-30,
1977-10-31,
1977-11-01,
1977-11-02,
1977-11-03,
1977-11-04,
1977-11-05,
1977-11-06,
1977-11-07,
1977-11-08,
1977-11-09,
1977-11-10,
1977-11-11,
1977-11-12,
1977-11-13,
1977-11-14,
1977-11-15,
1977-11-16,
1977-11-17,
1977-11-18,
1977-11-19,
1977-11-20,
1977-11-21,
1977-11-22,
1977-11-23,
1977-11-24,
1977-11-25,
1977-11-26,
1977-11-27,
1977-11-28,
1977-11-29,
1977-11-30,
1977-12-01,
1977-12-02,
1977-12-03,
1977-12-04,
1977-12-05,
1977-12-06,
1977-12-07,
1977-12-08,
1977-12-09,
1977-12-10,
1977-12-11,
1977-12-12,
1977-12-13,
1977-12-14,
1977-12-15,
1977-12-16,
1977-12-17,
1977-12-18,
1977-12-19,
1977-12-20,
1977-12-21,
1977-12-22,
1977-12-23,
1977-12-24,
1977-12-25,
1977-12-26,
1977-12-27,
1977-12-28,
1977-12-29,
1977-12-30,
1977-12-31,
1978-01-01,
1978-01-02,
1978-01-03,
1978-01-04,
1978-01-05,
1978-01-06,
1978-01-07,
1978-01-08,
1978-01-09,
1978-01-10,
1978-01-11,
1978-01-12,
1978-01-13,
1978-01-14,
1978-01-15,
1978-01-16,
1978-01-17,
1978-01-18,
1978-01-19,
1978-01-20,
1978-01-21,
1978-01-22,
1978-01-23,
1978-01-24,
1978-01-25,
1978-01-26,
1978-01-27,
1978-01-28,
1978-01-29,
1978-01-30,
1978-01-31,
1978-02-01,
1978-02-02,
1978-02-03,
1978-02-04,
1978-02-05,
1978-02-06,
1978-02-07,
1978-02-08,
1978-02-09,
1978-02-10,
1978-02-11,
1978-02-12,
1978-02-13,
1978-02-14,
1978-02-15,
1978-02-16,
1978-02-17,
1978-02-18,
1978-02-19,
1978-02-20,
1978-02-21,
1978-02-22,
1978-02-23,
1978-02-24,
1978-02-25,
1978-02-26,
1978-02-27,
1978-02-28,
1978-03-01,
1978-03-02,
1978-03-03,
1978-03-04,
1978-03-05,
1978-03-06,
1978-03-07,
1978-03-08,
1978-03-09,
1978-03-10,
1978-03-11,
1978-03-12,
1978-03-13,
1978-03-14,
1978-03-15,
1978-03-16,
1978-03-17,
1978-03-18,
1978-03-19,
1978-03-20,
1978-03-21,
1978-03-22,
1978-03-23,
1978-03-24,
1978-03-25,
1978-03-26,
1978-03-27,
1978-03-28,
1978-03-29,
1978-03-30,
1978-03-31,
1978-04-01,
1978-04-02,
1978-04-03,
1978-04-04,
1978-04-05,
1978-04-06,
1978-04-07,
1978-04-08,
1978-04-09,
1978-04-10,
1978-04-11,
1978-04-12,
1978-04-13,
1978-04-14,
1978-04-15,
1978-04-16,
1978-04-17,
1978-04-18,
1978-04-19,
1978-04-20,
1978-04-21,
1978-04-22,
1978-04-23,
1978-04-24,
1978-04-25,
1978-04-26,
1978-04-27,
1978-04-28,
1978-04-29,
1978-04-30,
1978-05-01,
1978-05-02,
1978-05-03,
1978-05-04,
1978-05-05,
1978-05-06,
1978-05-07,
1978-05-08,
1978-05-09,
1978-05-10,
1978-05-11,
1978-05-12,
1978-05-13,
1978-05-14,
1978-05-15,
1978-05-16,
1978-05-17,
1978-05-18,
1978-05-19,
1978-05-20,
1978-05-21,
1978-05-22,
1978-05-23,
1978-05-24,
1978-05-25,
1978-05-26,
1978-05-27,
1978-05-28,
1978-05-29,
1978-05-30,
1978-05-31,
1978-06-01,
1978-06-02,
1978-06-03,
1978-06-04,
1978-06-05,
1978-06-06,
1978-06-07,
1978-06-08,
1978-06-09,
1978-06-10,
1978-06-11,
1978-06-12,
1978-06-13,
1978-06-14,
1978-06-15,
1978-06-16,
1978-06-17,
1978-06-18,
1978-06-19,
1978-06-20,
1978-06-21,
1978-06-22,
1978-06-23,
1978-06-24,
1978-06-25,
1978-06-26,
1978-06-27,
1978-06-28,
1978-06-29,
1978-06-30,
1978-07-01,
1978-07-02,
1978-07-03,
1978-07-04,
1978-07-05,
1978-07-06,
1978-07-07,
1978-07-08,
1978-07-09,
1978-07-10,
1978-07-11,
1978-07-12,
1978-07-13,
1978-07-14,
1978-07-15,
1978-07-16,
1978-07-17,
1978-07-18,
1978-07-19,
1978-07-20,
1978-07-21,
1978-07-22,
1978-07-23,
1978-07-24,
1978-07-25,
1978-07-26,
1978-07-27,
1978-07-28,
1978-07-29,
1978-07-30,
1978-07-31,
1978-08-01,
1978-08-02,
1978-08-03,
1978-08-04,
1978-08-05,
1978-08-06,
1978-08-07,
1978-08-08,
1978-08-09,
1978-08-10,
1978-08-11,
1978-08-12,
1978-08-13,
1978-08-14,
1978-08-15,
1978-08-16,
1978-08-17,
1978-08-18,
1978-08-19,
1978-08-20,
1978-08-21,
1978-08-22,
1978-08-23,
1978-08-24,
1978-08-25,
1978-08-26,
1978-08-27,
1978-08-28,
1978-08-29,
1978-08-30,
1978-08-31,
1978-09-01,
1978-09-02,
1978-09-03,
1978-09-04,
1978-09-05,
1978-09-06,
1978-09-07,
1978-09-08,
1978-09-09,
1978-09-10,
1978-09-11,
1978-09-12,
1978-09-13,
1978-09-14,
1978-09-15,
1978-09-16,
1978-09-17,
1978-09-18,
1978-09-19,
1978-09-20,
1978-09-21,
1978-09-22,
1978-09-23,
1978-09-24,
1978-09-25,
1978-09-26,
1978-09-27,
1978-09-28,
1978-09-29,
1978-09-30,
1978-10-01,
1978-10-02,
1978-10-03,
1978-10-04,
1978-10-05,
1978-10-06,
1978-10-07,
1978-10-08,
1978-10-09,
1978-10-10,
1978-10-11,
1978-10-12,
1978-10-13,
1978-10-14,
1978-10-15,
1978-10-16,
1978-10-17,
1978-10-18,
1978-10-19,
1978-10-20,
1978-10-21,
1978-10-22,
1978-10-23,
1978-10-24,
1978-10-25,
1978-10-26,
1978-10-27,
1978-10-28,
1978-10-29,
1978-10-30,
1978-10-31,
1978-11-01,
1978-11-02,
1978-11-03,
1978-11-04,
1978-11-05,
1978-11-06,
1978-11-07,
1978-11-08,
1978-11-09,
1978-11-10,
1978-11-11,
1978-11-12,
1978-11-13,
1978-11-14,
1978-11-15,
1978-11-16,
1978-11-17,
1978-11-18,
1978-11-19,
1978-11-20,
1978-11-21,
1978-11-22,
1978-11-23,
1978-11-24,
1978-11-25,
1978-11-26,
1978-11-27,
1978-11-28,
1978-11-29,
1978-11-30,
1978-12-01,
1978-12-02,
1978-12-03,
1978-12-04,
1978-12-05,
1978-12-06,
1978-12-07,
1978-12-08,
1978-12-09,
1978-12-10,
1978-12-11,
1978-12-12,
1978-12-13,
1978-12-14,
1978-12-15,
1978-12-16,
1978-12-17,
1978-12-18,
1978-12-19,
1978-12-20,
1978-12-21,
1978-12-22,
1978-12-23,
1978-12-24,
1978-12-25,
1978-12-26,
1978-12-27,
1978-12-28,
1978-12-29,
1978-12-30,
1978-12-31,
1979-01-01,
1979-01-02,
1979-01-03,
1979-01-04,
1979-01-05,
1979-01-06,
1979-01-07,
1979-01-08,
1979-01-09,
1979-01-10,
1979-01-11,
1979-01-12,
1979-01-13,
1979-01-14,
1979-01-15,
1979-01-16,
1979-01-17,
1979-01-18,
1979-01-19,
1979-01-20,
1979-01-21,
1979-01-22,
1979-01-23,
1979-01-24,
1979-01-25,
1979-01-26,
1979-01-27,
1979-01-28,
1979-01-29,
1979-01-30,
1979-01-31,
1979-02-01,
1979-02-02,
1979-02-03,
1979-02-04,
1979-02-05,
1979-02-06,
1979-02-07,
1979-02-08,
1979-02-09,
1979-02-10,
1979-02-11,
1979-02-12,
1979-02-13,
1979-02-14,
1979-02-15,
1979-02-16,
1979-02-17,
1979-02-18,
1979-02-19,
1979-02-20,
1979-02-21,
1979-02-22,
1979-02-23,
1979-02-24,
1979-02-25,
1979-02-26,
1979-02-27,
1979-02-28,
1979-03-01,
1979-03-02,
1979-03-03,
1979-03-04,
1979-03-05,
1979-03-06,
1979-03-07,
1979-03-08,
1979-03-09,
1979-03-10,
1979-03-11,
1979-03-12,
1979-03-13,
1979-03-14,
1979-03-15,
1979-03-16,
1979-03-17,
1979-03-18,
1979-03-19,
1979-03-20,
1979-03-21,
1979-03-22,
1979-03-23,
1979-03-24,
1979-03-25,
1979-03-26,
1979-03-27,
1979-03-28,
1979-03-29,
1979-03-30,
1979-03-31,
1979-04-01,
1979-04-02,
1979-04-03,
1979-04-04,
1979-04-05,
1979-04-06,
1979-04-07,
1979-04-08,
1979-04-09,
1979-04-10,
1979-04-11,
1979-04-12,
1979-04-13,
1979-04-14,
1979-04-15,
1979-04-16,
1979-04-17,
1979-04-18,
1979-04-19,
1979-04-20,
1979-04-21,
1979-04-22,
1979-04-23,
1979-04-24,
1979-04-25,
1979-04-26,
1979-04-27,
1979-04-28,
1979-04-29,
1979-04-30,
1979-05-01,
1979-05-02,
1979-05-03,
1979-05-04,
1979-05-05,
1979-05-06,
1979-05-07,
1979-05-08,
1979-05-09,
1979-05-10,
1979-05-11,
1979-05-12,
1979-05-13,
1979-05-14,
1979-05-15,
1979-05-16,
1979-05-17,
1979-05-18,
1979-05-19,
1979-05-20,
1979-05-21,
1979-05-22,
1979-05-23,
1979-05-24,
1979-05-25,
1979-05-26,
1979-05-27,
1979-05-28,
1979-05-29,
1979-05-30,
1979-05-31,
1979-06-01,
1979-06-02,
1979-06-03,
1979-06-04,
1979-06-05,
1979-06-06,
1979-06-07,
1979-06-08,
1979-06-09,
1979-06-10,
1979-06-11,
1979-06-12,
1979-06-13,
1979-06-14,
1979-06-15,
1979-06-16,
1979-06-17,
1979-06-18,
1979-06-19,
1979-06-20,
1979-06-21,
1979-06-22,
1979-06-23,
1979-06-24,
1979-06-25,
1979-06-26,
1979-06-27,
1979-06-28,
1979-06-29,
1979-06-30,
1979-07-01,
1979-07-02,
1979-07-03,
1979-07-04,
1979-07-05,
1979-07-06,
1979-07-07,
1979-07-08,
1979-07-09,
1979-07-10,
1979-07-11,
1979-07-12,
1979-07-13,
1979-07-14,
1979-07-15,
1979-07-16,
1979-07-17,
1979-07-18,
1979-07-19,
1979-07-20,
1979-07-21,
1979-07-22,
1979-07-23,
1979-07-24,
1979-07-25,
1979-07-26,
1979-07-27,
1979-07-28,
1979-07-29,
1979-07-30,
1979-07-31,
1979-08-01,
1979-08-02,
1979-08-03,
1979-08-04,
1979-08-05,
1979-08-06,
1979-08-07,
1979-08-08,
1979-08-09,
1979-08-10,
1979-08-11,
1979-08-12,
1979-08-13,
1979-08-14,
1979-08-15,
1979-08-16,
1979-08-17,
1979-08-18,
1979-08-19,
1979-08-20,
1979-08-21,
1979-08-22,
1979-08-23,
1979-08-24,
1979-08-25,
1979-08-26,
1979-08-27,
1979-08-28,
1979-08-29,
1979-08-30,
1979-08-31,
1979-09-01,
1979-09-02,
1979-09-03,
1979-09-04,
1979-09-05,
1979-09-06,
1979-09-07,
1979-09-08,
1979-09-09,
1979-09-10,
1979-09-11,
1979-09-12,
1979-09-13,
1979-09-14,
1979-09-15,
1979-09-16,
1979-09-17,
1979-09-18,
1979-09-19,
1979-09-20,
1979-09-21,
1979-09-22,
1979-09-23,
1979-09-24,
1979-09-25,
1979-09-26,
1979-09-27,
1979-09-28,
1979-09-29,
1979-09-30,
1979-10-01,
1979-10-02,
1979-10-03,
1979-10-04,
1979-10-05,
1979-10-06,
1979-10-07,
1979-10-08,
1979-10-09,
1979-10-10,
1979-10-11,
1979-10-12,
1979-10-13,
1979-10-14,
1979-10-15,
1979-10-16,
1979-10-17,
1979-10-18,
1979-10-19,
1979-10-20,
1979-10-21,
1979-10-22,
1979-10-23,
1979-10-24,
1979-10-25,
1979-10-26,
1979-10-27,
1979-10-28,
1979-10-29,
1979-10-30,
1979-10-31,
1979-11-01,
1979-11-02,
1979-11-03,
1979-11-04,
1979-11-05,
1979-11-06,
1979-11-07,
1979-11-08,
1979-11-09,
1979-11-10,
1979-11-11,
1979-11-12,
1979-11-13,
1979-11-14,
1979-11-15,
1979-11-16,
1979-11-17,
1979-11-18,
1979-11-19,
1979-11-20,
1979-11-21,
1979-11-22,
1979-11-23,
1979-11-24,
1979-11-25,
1979-11-26,
1979-11-27,
1979-11-28,
1979-11-29,
1979-11-30,
1979-12-01,
1979-12-02,
1979-12-03,
1979-12-04,
1979-12-05,
1979-12-06,
1979-12-07,
1979-12-08,
1979-12-09,
1979-12-10,
1979-12-11,
1979-12-12,
1979-12-13,
1979-12-14,
1979-12-15,
1979-12-16,
1979-12-17,
1979-12-18,
1979-12-19,
1979-12-20,
1979-12-21,
1979-12-22,
1979-12-23,
1979-12-24,
1979-12-25,
1979-12-26,
1979-12-27,
1979-12-28,
1979-12-29,
1979-12-30,
1979-12-31,
1980-01-01,
1980-01-02,
1980-01-03,
1980-01-04,
1980-01-05,
1980-01-06,
1980-01-07,
1980-01-08,
1980-01-09,
1980-01-10,
1980-01-11,
1980-01-12,
1980-01-13,
1980-01-14,
1980-01-15,
1980-01-16,
1980-01-17,
1980-01-18,
1980-01-19,
1980-01-20,
1980-01-21,
1980-01-22,
1980-01-23,
1980-01-24,
1980-01-25,
1980-01-26,
1980-01-27,
1980-01-28,
1980-01-29,
1980-01-30,
1980-01-31,
1980-02-01,
1980-02-02,
1980-02-03,
1980-02-04,
1980-02-05,
1980-02-06,
1980-02-07,
1980-02-08,
1980-02-09,
1980-02-10,
1980-02-11,
1980-02-12,
1980-02-13,
1980-02-14,
1980-02-15,
1980-02-16,
1980-02-17,
1980-02-18,
1980-02-19,
1980-02-20,
1980-02-21,
1980-02-22,
1980-02-23,
1980-02-24,
1980-02-25,
1980-02-26,
1980-02-27,
1980-02-28,
1980-02-29,
1980-03-01,
1980-03-02,
1980-03-03,
1980-03-04,
1980-03-05,
1980-03-06,
1980-03-07,
1980-03-08,
1980-03-09,
1980-03-10,
1980-03-11,
1980-03-12,
1980-03-13,
1980-03-14,
1980-03-15,
1980-03-16,
1980-03-17,
1980-03-18,
1980-03-19,
1980-03-20,
1980-03-21,
1980-03-22,
1980-03-23,
1980-03-24,
1980-03-25,
1980-03-26,
1980-03-27,
1980-03-28,
1980-03-29,
1980-03-30,
1980-03-31,
1980-04-01,
1980-04-02,
1980-04-03,
1980-04-04,
1980-04-05,
1980-04-06,
1980-04-07,
1980-04-08,
1980-04-09,
1980-04-10,
1980-04-11,
1980-04-12,
1980-04-13,
1980-04-14,
1980-04-15,
1980-04-16,
1980-04-17,
1980-04-18,
1980-04-19,
1980-04-20,
1980-04-21,
1980-04-22,
1980-04-23,
1980-04-24,
1980-04-25,
1980-04-26,
1980-04-27,
1980-04-28,
1980-04-29,
1980-04-30,
1980-05-01,
1980-05-02,
1980-05-03,
1980-05-04,
1980-05-05,
1980-05-06,
1980-05-07,
1980-05-08,
1980-05-09,
1980-05-10,
1980-05-11,
1980-05-12,
1980-05-13,
1980-05-14,
1980-05-15,
1980-05-16,
1980-05-17,
1980-05-18,
1980-05-19,
1980-05-20,
1980-05-21,
1980-05-22,
1980-05-23,
1980-05-24,
1980-05-25,
1980-05-26,
1980-05-27,
1980-05-28,
1980-05-29,
1980-05-30,
1980-05-31,
1980-06-01,
1980-06-02,
1980-06-03,
1980-06-04,
1980-06-05,
1980-06-06,
1980-06-07,
1980-06-08,
1980-06-09,
1980-06-10,
1980-06-11,
1980-06-12,
1980-06-13,
1980-06-14,
1980-06-15,
1980-06-16,
1980-06-17,
1980-06-18,
1980-06-19,
1980-06-20,
1980-06-21,
1980-06-22,
1980-06-23,
1980-06-24,
1980-06-25,
1980-06-26,
1980-06-27,
1980-06-28,
1980-06-29,
1980-06-30,
1980-07-01,
1980-07-02,
1980-07-03,
1980-07-04,
1980-07-05,
1980-07-06,
1980-07-07,
1980-07-08,
1980-07-09,
1980-07-10,
1980-07-11,
1980-07-12,
1980-07-13,
1980-07-14,
1980-07-15,
1980-07-16,
1980-07-17,
1980-07-18,
1980-07-19,
1980-07-20,
1980-07-21,
1980-07-22,
1980-07-23,
1980-07-24,
1980-07-25,
1980-07-26,
1980-07-27,
1980-07-28,
1980-07-29,
1980-07-30,
1980-07-31,
1980-08-01,
1980-08-02,
1980-08-03,
1980-08-04,
1980-08-05,
1980-08-06,
1980-08-07,
1980-08-08,
1980-08-09,
1980-08-10,
1980-08-11,
1980-08-12,
1980-08-13,
1980-08-14,
1980-08-15,
1980-08-16,
1980-08-17,
1980-08-18,
1980-08-19,
1980-08-20,
1980-08-21,
1980-08-22,
1980-08-23,
1980-08-24,
1980-08-25,
1980-08-26,
1980-08-27,
1980-08-28,
1980-08-29,
1980-08-30,
1980-08-31,
1980-09-01,
1980-09-02,
1980-09-03,
1980-09-04,
1980-09-05,
1980-09-06,
1980-09-07,
1980-09-08,
1980-09-09,
1980-09-10,
1980-09-11,
1980-09-12,
1980-09-13,
1980-09-14,
1980-09-15,
1980-09-16,
1980-09-17,
1980-09-18,
1980-09-19,
1980-09-20,
1980-09-21,
1980-09-22,
1980-09-23,
1980-09-24,
1980-09-25,
1980-09-26,
1980-09-27,
1980-09-28,
1980-09-29,
1980-09-30,
1980-10-01,
1980-10-02,
1980-10-03,
1980-10-04,
1980-10-05,
1980-10-06,
1980-10-07,
1980-10-08,
1980-10-09,
1980-10-10,
1980-10-11,
1980-10-12,
1980-10-13,
1980-10-14,
1980-10-15,
1980-10-16,
1980-10-17,
1980-10-18,
1980-10-19,
1980-10-20,
1980-10-21,
1980-10-22,
1980-10-23,
1980-10-24,
1980-10-25,
1980-10-26,
1980-10-27,
1980-10-28,
1980-10-29,
1980-10-30,
1980-10-31,
1980-11-01,
1980-11-02,
1980-11-03,
1980-11-04,
1980-11-05,
1980-11-06,
1980-11-07,
1980-11-08,
1980-11-09,
1980-11-10,
1980-11-11,
1980-11-12,
1980-11-13,
1980-11-14,
1980-11-15,
1980-11-16,
1980-11-17,
1980-11-18,
1980-11-19,
1980-11-20,
1980-11-21,
1980-11-22,
1980-11-23,
1980-11-24,
1980-11-25,
1980-11-26,
1980-11-27,
1980-11-28,
1980-11-29,
1980-11-30,
1980-12-01,
1980-12-02,
1980-12-03,
1980-12-04,
1980-12-05,
1980-12-06,
1980-12-07,
1980-12-08,
1980-12-09,
1980-12-10,
1980-12-11,
1980-12-12,
1980-12-13,
1980-12-14,
1980-12-15,
1980-12-16,
1980-12-17,
1980-12-18,
1980-12-19,
1980-12-20,
1980-12-21,
1980-12-22,
1980-12-23,
1980-12-24,
1980-12-25,
1980-12-26,
1980-12-27,
1980-12-28,
1980-12-29,
1980-12-30,
1980-12-31,
1981-01-01,
1981-01-02,
1981-01-03,
1981-01-04,
1981-01-05,
1981-01-06,
1981-01-07,
1981-01-08,
1981-01-09,
1981-01-10,
1981-01-11,
1981-01-12,
1981-01-13,
1981-01-14,
1981-01-15,
1981-01-16,
1981-01-17,
1981-01-18,
1981-01-19,
1981-01-20,
1981-01-21,
1981-01-22,
1981-01-23,
1981-01-24,
1981-01-25,
1981-01-26,
1981-01-27,
1981-01-28,
1981-01-29,
1981-01-30,
1981-01-31,
1981-02-01,
1981-02-02,
1981-02-03,
1981-02-04,
1981-02-05,
1981-02-06,
1981-02-07,
1981-02-08,
1981-02-09,
1981-02-10,
1981-02-11,
1981-02-12,
1981-02-13,
1981-02-14,
1981-02-15,
1981-02-16,
1981-02-17,
1981-02-18,
1981-02-19,
1981-02-20,
1981-02-21,
1981-02-22,
1981-02-23,
1981-02-24,
1981-02-25,
1981-02-26,
1981-02-27,
1981-02-28,
1981-03-01,
1981-03-02,
1981-03-03,
1981-03-04,
1981-03-05,
1981-03-06,
1981-03-07,
1981-03-08,
1981-03-09,
1981-03-10,
1981-03-11,
1981-03-12,
1981-03-13,
1981-03-14,
1981-03-15,
1981-03-16,
1981-03-17,
1981-03-18,
1981-03-19,
1981-03-20,
1981-03-21,
1981-03-22,
1981-03-23,
1981-03-24,
1981-03-25,
1981-03-26,
1981-03-27,
1981-03-28,
1981-03-29,
1981-03-30,
1981-03-31,
1981-04-01,
1981-04-02,
1981-04-03,
1981-04-04,
1981-04-05,
1981-04-06,
1981-04-07,
1981-04-08,
1981-04-09,
1981-04-10,
1981-04-11,
1981-04-12,
1981-04-13,
1981-04-14,
1981-04-15,
1981-04-16,
1981-04-17,
1981-04-18,
1981-04-19,
1981-04-20,
1981-04-21,
1981-04-22,
1981-04-23,
1981-04-24,
1981-04-25,
1981-04-26,
1981-04-27,
1981-04-28,
1981-04-29,
1981-04-30,
1981-05-01,
1981-05-02,
1981-05-03,
1981-05-04,
1981-05-05,
1981-05-06,
1981-05-07,
1981-05-08,
1981-05-09,
1981-05-10,
1981-05-11,
1981-05-12,
1981-05-13,
1981-05-14,
1981-05-15,
1981-05-16,
1981-05-17,
1981-05-18,
1981-05-19,
1981-05-20,
1981-05-21,
1981-05-22,
1981-05-23,
1981-05-24,
1981-05-25,
1981-05-26,
1981-05-27,
1981-05-28,
1981-05-29,
1981-05-30,
1981-05-31,
1981-06-01,
1981-06-02,
1981-06-03,
1981-06-04,
1981-06-05,
1981-06-06,
1981-06-07,
1981-06-08,
1981-06-09,
1981-06-10,
1981-06-11,
1981-06-12,
1981-06-13,
1981-06-14,
1981-06-15,
1981-06-16,
1981-06-17,
1981-06-18,
1981-06-19,
1981-06-20,
1981-06-21,
1981-06-22,
1981-06-23,
1981-06-24,
1981-06-25,
1981-06-26,
1981-06-27,
1981-06-28,
1981-06-29,
1981-06-30,
1981-07-01,
1981-07-02,
1981-07-03,
1981-07-04,
1981-07-05,
1981-07-06,
1981-07-07,
1981-07-08,
1981-07-09,
1981-07-10,
1981-07-11,
1981-07-12,
1981-07-13,
1981-07-14,
1981-07-15,
1981-07-16,
1981-07-17,
1981-07-18,
1981-07-19,
1981-07-20,
1981-07-21,
1981-07-22,
1981-07-23,
1981-07-24,
1981-07-25,
1981-07-26,
1981-07-27,
1981-07-28,
1981-07-29,
1981-07-30,
1981-07-31,
1981-08-01,
1981-08-02,
1981-08-03,
1981-08-04,
1981-08-05,
1981-08-06,
1981-08-07,
1981-08-08,
1981-08-09,
1981-08-10,
1981-08-11,
1981-08-12,
1981-08-13,
1981-08-14,
1981-08-15,
1981-08-16,
1981-08-17,
1981-08-18,
1981-08-19,
1981-08-20,
1981-08-21,
1981-08-22,
1981-08-23,
1981-08-24,
1981-08-25,
1981-08-26,
1981-08-27,
1981-08-28,
1981-08-29,
1981-08-30,
1981-08-31,
1981-09-01,
1981-09-02,
1981-09-03,
1981-09-04,
1981-09-05,
1981-09-06,
1981-09-07,
1981-09-08,
1981-09-09,
1981-09-10,
1981-09-11,
1981-09-12,
1981-09-13,
1981-09-14,
1981-09-15,
1981-09-16,
1981-09-17,
1981-09-18,
1981-09-19,
1981-09-20,
1981-09-21,
1981-09-22,
1981-09-23,
1981-09-24,
1981-09-25,
1981-09-26,
1981-09-27,
1981-09-28,
1981-09-29,
1981-09-30,
1981-10-01,
1981-10-02,
1981-10-03,
1981-10-04,
1981-10-05,
1981-10-06,
1981-10-07,
1981-10-08,
1981-10-09,
1981-10-10,
1981-10-11,
1981-10-12,
1981-10-13,
1981-10-14,
1981-10-15,
1981-10-16,
1981-10-17,
1981-10-18,
1981-10-19,
1981-10-20,
1981-10-21,
1981-10-22,
1981-10-23,
1981-10-24,
1981-10-25,
1981-10-26,
1981-10-27,
1981-10-28,
1981-10-29,
1981-10-30,
1981-10-31,
1981-11-01,
1981-11-02,
1981-11-03,
1981-11-04,
1981-11-05,
1981-11-06,
1981-11-07,
1981-11-08,
1981-11-09,
1981-11-10,
1981-11-11,
1981-11-12,
1981-11-13,
1981-11-14,
1981-11-15,
1981-11-16,
1981-11-17,
1981-11-18,
1981-11-19,
1981-11-20,
1981-11-21,
1981-11-22,
1981-11-23,
1981-11-24,
1981-11-25,
1981-11-26,
1981-11-27,
1981-11-28,
1981-11-29,
1981-11-30,
1981-12-01,
1981-12-02,
1981-12-03,
1981-12-04,
1981-12-05,
1981-12-06,
1981-12-07,
1981-12-08,
1981-12-09,
1981-12-10,
1981-12-11,
1981-12-12,
1981-12-13,
1981-12-14,
1981-12-15,
1981-12-16,
1981-12-17,
1981-12-18,
1981-12-19,
1981-12-20,
1981-12-21,
1981-12-22,
1981-12-23,
1981-12-24,
1981-12-25,
1981-12-26,
1981-12-27,
1981-12-28,
1981-12-29,
1981-12-30,
1981-12-31,
1982-01-01,
1982-01-02,
1982-01-03,
1982-01-04,
1982-01-05,
1982-01-06,
1982-01-07,
1982-01-08,
1982-01-09,
1982-01-10,
1982-01-11,
1982-01-12,
1982-01-13,
1982-01-14,
1982-01-15,
1982-01-16,
1982-01-17,
1982-01-18,
1982-01-19,
1982-01-20,
1982-01-21,
1982-01-22,
1982-01-23,
1982-01-24,
1982-01-25,
1982-01-26,
1982-01-27,
1982-01-28,
1982-01-29,
1982-01-30,
1982-01-31,
1982-02-01,
1982-02-02,
1982-02-03,
1982-02-04,
1982-02-05,
1982-02-06,
1982-02-07,
1982-02-08,
1982-02-09,
1982-02-10,
1982-02-11,
1982-02-12,
1982-02-13,
1982-02-14,
1982-02-15,
1982-02-16,
1982-02-17,
1982-02-18,
1982-02-19,
1982-02-20,
1982-02-21,
1982-02-22,
1982-02-23,
1982-02-24,
1982-02-25,
1982-02-26,
1982-02-27,
1982-02-28,
1982-03-01,
1982-03-02,
1982-03-03,
1982-03-04,
1982-03-05,
1982-03-06,
1982-03-07,
1982-03-08,
1982-03-09,
1982-03-10,
1982-03-11,
1982-03-12,
1982-03-13,
1982-03-14,
1982-03-15,
1982-03-16,
1982-03-17,
1982-03-18,
1982-03-19,
1982-03-20,
1982-03-21,
1982-03-22,
1982-03-23,
1982-03-24,
1982-03-25,
1982-03-26,
1982-03-27,
1982-03-28,
1982-03-29,
1982-03-30,
1982-03-31,
1982-04-01,
1982-04-02,
1982-04-03,
1982-04-04,
1982-04-05,
1982-04-06,
1982-04-07,
1982-04-08,
1982-04-09,
1982-04-10,
1982-04-11,
1982-04-12,
1982-04-13,
1982-04-14,
1982-04-15,
1982-04-16,
1982-04-17,
1982-04-18,
1982-04-19,
1982-04-20,
1982-04-21,
1982-04-22,
1982-04-23,
1982-04-24,
1982-04-25,
1982-04-26,
1982-04-27,
1982-04-28,
1982-04-29,
1982-04-30,
1982-05-01,
1982-05-02,
1982-05-03,
1982-05-04,
1982-05-05,
1982-05-06,
1982-05-07,
1982-05-08,
1982-05-09,
1982-05-10,
1982-05-11,
1982-05-12,
1982-05-13,
1982-05-14,
1982-05-15,
1982-05-16,
1982-05-17,
1982-05-18,
1982-05-19,
1982-05-20,
1982-05-21,
1982-05-22,
1982-05-23,
1982-05-24,
1982-05-25,
1982-05-26,
1982-05-27,
1982-05-28,
1982-05-29,
1982-05-30,
1982-05-31,
1982-06-01,
1982-06-02,
1982-06-03,
1982-06-04,
1982-06-05,
1982-06-06,
1982-06-07,
1982-06-08,
1982-06-09,
1982-06-10,
1982-06-11,
1982-06-12,
1982-06-13,
1982-06-14,
1982-06-15,
1982-06-16,
1982-06-17,
1982-06-18,
1982-06-19,
1982-06-20,
1982-06-21,
1982-06-22,
1982-06-23,
1982-06-24,
1982-06-25,
1982-06-26,
1982-06-27,
1982-06-28,
1982-06-29,
1982-06-30,
1982-07-01,
1982-07-02,
1982-07-03,
1982-07-04,
1982-07-05,
1982-07-06,
1982-07-07,
1982-07-08,
1982-07-09,
1982-07-10,
1982-07-11,
1982-07-12,
1982-07-13,
1982-07-14,
1982-07-15,
1982-07-16,
1982-07-17,
1982-07-18,
1982-07-19,
1982-07-20,
1982-07-21,
1982-07-22,
1982-07-23,
1982-07-24,
1982-07-25,
1982-07-26,
1982-07-27,
1982-07-28,
1982-07-29,
1982-07-30,
1982-07-31,
1982-08-01,
1982-08-02,
1982-08-03,
1982-08-04,
1982-08-05,
1982-08-06,
1982-08-07,
1982-08-08,
1982-08-09,
1982-08-10,
1982-08-11,
1982-08-12,
1982-08-13,
1982-08-14,
1982-08-15,
1982-08-16,
1982-08-17,
1982-08-18,
1982-08-19,
1982-08-20,
1982-08-21,
1982-08-22,
1982-08-23,
1982-08-24,
1982-08-25,
1982-08-26,
1982-08-27,
1982-08-28,
1982-08-29,
1982-08-30,
1982-08-31,
1982-09-01,
1982-09-02,
1982-09-03,
1982-09-04,
1982-09-05,
1982-09-06,
1982-09-07,
1982-09-08,
1982-09-09,
1982-09-10,
1982-09-11,
1982-09-12,
1982-09-13,
1982-09-14,
1982-09-15,
1982-09-16,
1982-09-17,
1982-09-18,
1982-09-19,
1982-09-20,
1982-09-21,
1982-09-22,
1982-09-23,
1982-09-24,
1982-09-25,
1982-09-26,
1982-09-27,
1982-09-28,
1982-09-29,
1982-09-30,
1982-10-01,
1982-10-02,
1982-10-03,
1982-10-04,
1982-10-05,
1982-10-06,
1982-10-07,
1982-10-08,
1982-10-09,
1982-10-10,
1982-10-11,
1982-10-12,
1982-10-13,
1982-10-14,
1982-10-15,
1982-10-16,
1982-10-17,
1982-10-18,
1982-10-19,
1982-10-20,
1982-10-21,
1982-10-22,
1982-10-23,
1982-10-24,
1982-10-25,
1982-10-26,
1982-10-27,
1982-10-28,
1982-10-29,
1982-10-30,
1982-10-31,
1982-11-01,
1982-11-02,
1982-11-03,
1982-11-04,
1982-11-05,
1982-11-06,
1982-11-07,
1982-11-08,
1982-11-09,
1982-11-10,
1982-11-11,
1982-11-12,
1982-11-13,
1982-11-14,
1982-11-15,
1982-11-16,
1982-11-17,
1982-11-18,
1982-11-19,
1982-11-20,
1982-11-21,
1982-11-22,
1982-11-23,
1982-11-24,
1982-11-25,
1982-11-26,
1982-11-27,
1982-11-28,
1982-11-29,
1982-11-30,
1982-12-01,
1982-12-02,
1982-12-03,
1982-12-04,
1982-12-05,
1982-12-06,
1982-12-07,
1982-12-08,
1982-12-09,
1982-12-10,
1982-12-11,
1982-12-12,
1982-12-13,
1982-12-14,
1982-12-15,
1982-12-16,
1982-12-17,
1982-12-18,
1982-12-19,
1982-12-20,
1982-12-21,
1982-12-22,
1982-12-23,
1982-12-24,
1982-12-25,
1982-12-26,
1982-12-27,
1982-12-28,
1982-12-29,
1982-12-30,
1982-12-31,
1983-01-01,
1983-01-02,
1983-01-03,
1983-01-04,
1983-01-05,
1983-01-06,
1983-01-07,
1983-01-08,
1983-01-09,
1983-01-10,
1983-01-11,
1983-01-12,
1983-01-13,
1983-01-14,
1983-01-15,
1983-01-16,
1983-01-17,
1983-01-18,
1983-01-19,
1983-01-20,
1983-01-21,
1983-01-22,
1983-01-23,
1983-01-24,
1983-01-25,
1983-01-26,
1983-01-27,
1983-01-28,
1983-01-29,
1983-01-30,
1983-01-31,
1983-02-01,
1983-02-02,
1983-02-03,
1983-02-04,
1983-02-05,
1983-02-06,
1983-02-07,
1983-02-08,
1983-02-09,
1983-02-10,
1983-02-11,
1983-02-12,
1983-02-13,
1983-02-14,
1983-02-15,
1983-02-16,
1983-02-17,
1983-02-18,
1983-02-19,
1983-02-20,
1983-02-21,
1983-02-22,
1983-02-23,
1983-02-24,
1983-02-25,
1983-02-26,
1983-02-27,
1983-02-28,
1983-03-01,
1983-03-02,
1983-03-03,
1983-03-04,
1983-03-05,
1983-03-06,
1983-03-07,
1983-03-08,
1983-03-09,
1983-03-10,
1983-03-11,
1983-03-12,
1983-03-13,
1983-03-14,
1983-03-15,
1983-03-16,
1983-03-17,
1983-03-18,
1983-03-19,
1983-03-20,
1983-03-21,
1983-03-22,
1983-03-23,
1983-03-24,
1983-03-25,
1983-03-26,
1983-03-27,
1983-03-28,
1983-03-29,
1983-03-30,
1983-03-31,
1983-04-01,
1983-04-02,
1983-04-03,
1983-04-04,
1983-04-05,
1983-04-06,
1983-04-07,
1983-04-08,
1983-04-09,
1983-04-10,
1983-04-11,
1983-04-12,
1983-04-13,
1983-04-14,
1983-04-15,
1983-04-16,
1983-04-17,
1983-04-18,
1983-04-19,
1983-04-20,
1983-04-21,
1983-04-22,
1983-04-23,
1983-04-24,
1983-04-25,
1983-04-26,
1983-04-27,
1983-04-28,
1983-04-29,
1983-04-30,
1983-05-01,
1983-05-02,
1983-05-03,
1983-05-04,
1983-05-05,
1983-05-06,
1983-05-07,
1983-05-08,
1983-05-09,
1983-05-10,
1983-05-11,
1983-05-12,
1983-05-13,
1983-05-14,
1983-05-15,
1983-05-16,
1983-05-17,
1983-05-18,
1983-05-19,
1983-05-20,
1983-05-21,
1983-05-22,
1983-05-23,
1983-05-24,
1983-05-25,
1983-05-26,
1983-05-27,
1983-05-28,
1983-05-29,
1983-05-30,
1983-05-31,
1983-06-01,
1983-06-02,
1983-06-03,
1983-06-04,
1983-06-05,
1983-06-06,
1983-06-07,
1983-06-08,
1983-06-09,
1983-06-10,
1983-06-11,
1983-06-12,
1983-06-13,
1983-06-14,
1983-06-15,
1983-06-16,
1983-06-17,
1983-06-18,
1983-06-19,
1983-06-20,
1983-06-21,
1983-06-22,
1983-06-23,
1983-06-24,
1983-06-25,
1983-06-26,
1983-06-27,
1983-06-28,
1983-06-29,
1983-06-30,
1983-07-01,
1983-07-02,
1983-07-03,
1983-07-04,
1983-07-05,
1983-07-06,
1983-07-07,
1983-07-08,
1983-07-09,
1983-07-10,
1983-07-11,
1983-07-12,
1983-07-13,
1983-07-14,
1983-07-15,
1983-07-16,
1983-07-17,
1983-07-18,
1983-07-19,
1983-07-20,
1983-07-21,
1983-07-22,
1983-07-23,
1983-07-24,
1983-07-25,
1983-07-26,
1983-07-27,
1983-07-28,
1983-07-29,
1983-07-30,
1983-07-31,
1983-08-01,
1983-08-02,
1983-08-03,
1983-08-04,
1983-08-05,
1983-08-06,
1983-08-07,
1983-08-08,
1983-08-09,
1983-08-10,
1983-08-11,
1983-08-12,
1983-08-13,
1983-08-14,
1983-08-15,
1983-08-16,
1983-08-17,
1983-08-18,
1983-08-19,
1983-08-20,
1983-08-21,
1983-08-22,
1983-08-23,
1983-08-24,
1983-08-25,
1983-08-26,
1983-08-27,
1983-08-28,
1983-08-29,
1983-08-30,
1983-08-31,
1983-09-01,
1983-09-02,
1983-09-03,
1983-09-04,
1983-09-05,
1983-09-06,
1983-09-07,
1983-09-08,
1983-09-09,
1983-09-10,
1983-09-11,
1983-09-12,
1983-09-13,
1983-09-14,
1983-09-15,
1983-09-16,
1983-09-17,
1983-09-18,
1983-09-19,
1983-09-20,
1983-09-21,
1983-09-22,
1983-09-23,
1983-09-24,
1983-09-25,
1983-09-26,
1983-09-27,
1983-09-28,
1983-09-29,
1983-09-30,
1983-10-01,
1983-10-02,
1983-10-03,
1983-10-04,
1983-10-05,
1983-10-06,
1983-10-07,
1983-10-08,
1983-10-09,
1983-10-10,
1983-10-11,
1983-10-12,
1983-10-13,
1983-10-14,
1983-10-15,
1983-10-16,
1983-10-17,
1983-10-18,
1983-10-19,
1983-10-20,
1983-10-21,
1983-10-22,
1983-10-23,
1983-10-24,
1983-10-25,
1983-10-26,
1983-10-27,
1983-10-28,
1983-10-29,
1983-10-30,
1983-10-31,
1983-11-01,
1983-11-02,
1983-11-03,
1983-11-04,
1983-11-05,
1983-11-06,
1983-11-07,
1983-11-08,
1983-11-09,
1983-11-10,
1983-11-11,
1983-11-12,
1983-11-13,
1983-11-14,
1983-11-15,
1983-11-16,
1983-11-17,
1983-11-18,
1983-11-19,
1983-11-20,
1983-11-21,
1983-11-22,
1983-11-23,
1983-11-24,
1983-11-25,
1983-11-26,
1983-11-27,
1983-11-28,
1983-11-29,
1983-11-30,
1983-12-01,
1983-12-02,
1983-12-03,
1983-12-04,
1983-12-05,
1983-12-06,
1983-12-07,
1983-12-08,
1983-12-09,
1983-12-10,
1983-12-11,
1983-12-12,
1983-12-13,
1983-12-14,
1983-12-15,
1983-12-16,
1983-12-17,
1983-12-18,
1983-12-19,
1983-12-20,
1983-12-21,
1983-12-22,
1983-12-23,
1983-12-24,
1983-12-25,
1983-12-26,
1983-12-27,
1983-12-28,
1983-12-29,
1983-12-30,
1983-12-31,
1984-01-01,
1984-01-02,
1984-01-03,
1984-01-04,
1984-01-05,
1984-01-06,
1984-01-07,
1984-01-08,
1984-01-09,
1984-01-10,
1984-01-11,
1984-01-12,
1984-01-13,
1984-01-14,
1984-01-15,
1984-01-16,
1984-01-17,
1984-01-18,
1984-01-19,
1984-01-20,
1984-01-21,
1984-01-22,
1984-01-23,
1984-01-24,
1984-01-25,
1984-01-26,
1984-01-27,
1984-01-28,
1984-01-29,
1984-01-30,
1984-01-31,
1984-02-01,
1984-02-02,
1984-02-03,
1984-02-04,
1984-02-05,
1984-02-06,
1984-02-07,
1984-02-08,
1984-02-09,
1984-02-10,
1984-02-11,
1984-02-12,
1984-02-13,
1984-02-14,
1984-02-15,
1984-02-16,
1984-02-17,
1984-02-18,
1984-02-19,
1984-02-20,
1984-02-21,
1984-02-22,
1984-02-23,
1984-02-24,
1984-02-25,
1984-02-26,
1984-02-27,
1984-02-28,
1984-02-29,
1984-03-01,
1984-03-02,
1984-03-03,
1984-03-04,
1984-03-05,
1984-03-06,
1984-03-07,
1984-03-08,
1984-03-09,
1984-03-10,
1984-03-11,
1984-03-12,
1984-03-13,
1984-03-14,
1984-03-15,
1984-03-16,
1984-03-17,
1984-03-18,
1984-03-19,
1984-03-20,
1984-03-21,
1984-03-22,
1984-03-23,
1984-03-24,
1984-03-25,
1984-03-26,
1984-03-27,
1984-03-28,
1984-03-29,
1984-03-30,
1984-03-31,
1984-04-01,
1984-04-02,
1984-04-03,
1984-04-04,
1984-04-05,
1984-04-06,
1984-04-07,
1984-04-08,
1984-04-09,
1984-04-10,
1984-04-11,
1984-04-12,
1984-04-13,
1984-04-14,
1984-04-15,
1984-04-16,
1984-04-17,
1984-04-18,
1984-04-19,
1984-04-20,
1984-04-21,
1984-04-22,
1984-04-23,
1984-04-24,
1984-04-25,
1984-04-26,
1984-04-27,
1984-04-28,
1984-04-29,
1984-04-30,
1984-05-01,
1984-05-02,
1984-05-03,
1984-05-04,
1984-05-05,
1984-05-06,
1984-05-07,
1984-05-08,
1984-05-09,
1984-05-10,
1984-05-11,
1984-05-12,
1984-05-13,
1984-05-14,
1984-05-15,
1984-05-16,
1984-05-17,
1984-05-18,
1984-05-19,
1984-05-20,
1984-05-21,
1984-05-22,
1984-05-23,
1984-05-24,
1984-05-25,
1984-05-26,
1984-05-27,
1984-05-28,
1984-05-29,
1984-05-30,
1984-05-31,
1984-06-01,
1984-06-02,
1984-06-03,
1984-06-04,
1984-06-05,
1984-06-06,
1984-06-07,
1984-06-08,
1984-06-09,
1984-06-10,
1984-06-11,
1984-06-12,
1984-06-13,
1984-06-14,
1984-06-15,
1984-06-16,
1984-06-17,
1984-06-18,
1984-06-19,
1984-06-20,
1984-06-21,
1984-06-22,
1984-06-23,
1984-06-24,
1984-06-25,
1984-06-26,
1984-06-27,
1984-06-28,
1984-06-29,
1984-06-30,
1984-07-01,
1984-07-02,
1984-07-03,
1984-07-04,
1984-07-05,
1984-07-06,
1984-07-07,
1984-07-08,
1984-07-09,
1984-07-10,
1984-07-11,
1984-07-12,
1984-07-13,
1984-07-14,
1984-07-15,
1984-07-16,
1984-07-17,
1984-07-18,
1984-07-19,
1984-07-20,
1984-07-21,
1984-07-22,
1984-07-23,
1984-07-24,
1984-07-25,
1984-07-26,
1984-07-27,
1984-07-28,
1984-07-29,
1984-07-30,
1984-07-31,
1984-08-01,
1984-08-02,
1984-08-03,
1984-08-04,
1984-08-05,
1984-08-06,
1984-08-07,
1984-08-08,
1984-08-09,
1984-08-10,
1984-08-11,
1984-08-12,
1984-08-13,
1984-08-14,
1984-08-15,
1984-08-16,
1984-08-17,
1984-08-18,
1984-08-19,
1984-08-20,
1984-08-21,
1984-08-22,
1984-08-23,
1984-08-24,
1984-08-25,
1984-08-26,
1984-08-27,
1984-08-28,
1984-08-29,
1984-08-30,
1984-08-31,
1984-09-01,
1984-09-02,
1984-09-03,
1984-09-04,
1984-09-05,
1984-09-06,
1984-09-07,
1984-09-08,
1984-09-09,
1984-09-10,
1984-09-11,
1984-09-12,
1984-09-13,
1984-09-14,
1984-09-15,
1984-09-16,
1984-09-17,
1984-09-18,
1984-09-19,
1984-09-20,
1984-09-21,
1984-09-22,
1984-09-23,
1984-09-24,
1984-09-25,
1984-09-26,
1984-09-27,
1984-09-28,
1984-09-29,
1984-09-30,
1984-10-01,
1984-10-02,
1984-10-03,
1984-10-04,
1984-10-05,
1984-10-06,
1984-10-07,
1984-10-08,
1984-10-09,
1984-10-10,
1984-10-11,
1984-10-12,
1984-10-13,
1984-10-14,
1984-10-15,
1984-10-16,
1984-10-17,
1984-10-18,
1984-10-19,
1984-10-20,
1984-10-21,
1984-10-22,
1984-10-23,
1984-10-24,
1984-10-25,
1984-10-26,
1984-10-27,
1984-10-28,
1984-10-29,
1984-10-30,
1984-10-31,
1984-11-01,
1984-11-02,
1984-11-03,
1984-11-04,
1984-11-05,
1984-11-06,
1984-11-07,
1984-11-08,
1984-11-09,
1984-11-10,
1984-11-11,
1984-11-12,
1984-11-13,
1984-11-14,
1984-11-15,
1984-11-16,
1984-11-17,
1984-11-18,
1984-11-19,
1984-11-20,
1984-11-21,
1984-11-22,
1984-11-23,
1984-11-24,
1984-11-25,
1984-11-26,
1984-11-27,
1984-11-28,
1984-11-29,
1984-11-30,
1984-12-01,
1984-12-02,
1984-12-03,
1984-12-04,
1984-12-05,
1984-12-06,
1984-12-07,
1984-12-08,
1984-12-09,
1984-12-10,
1984-12-11,
1984-12-12,
1984-12-13,
1984-12-14,
1984-12-15,
1984-12-16,
1984-12-17,
1984-12-18,
1984-12-19,
1984-12-20,
1984-12-21,
1984-12-22,
1984-12-23,
1984-12-24,
1984-12-25,
1984-12-26,
1984-12-27,
1984-12-28,
1984-12-29,
1984-12-30,
1984-12-31,
1985-01-01,
1985-01-02,
1985-01-03,
1985-01-04,
1985-01-05,
1985-01-06,
1985-01-07,
1985-01-08,
1985-01-09,
1985-01-10,
1985-01-11,
1985-01-12,
1985-01-13,
1985-01-14,
1985-01-15,
1985-01-16,
1985-01-17,
1985-01-18,
1985-01-19,
1985-01-20,
1985-01-21,
1985-01-22,
1985-01-23,
1985-01-24,
1985-01-25,
1985-01-26,
1985-01-27,
1985-01-28,
1985-01-29,
1985-01-30,
1985-01-31,
1985-02-01,
1985-02-02,
1985-02-03,
1985-02-04,
1985-02-05,
1985-02-06,
1985-02-07,
1985-02-08,
1985-02-09,
1985-02-10,
1985-02-11,
1985-02-12,
1985-02-13,
1985-02-14,
1985-02-15,
1985-02-16,
1985-02-17,
1985-02-18,
1985-02-19,
1985-02-20,
1985-02-21,
1985-02-22,
1985-02-23,
1985-02-24,
1985-02-25,
1985-02-26,
1985-02-27,
1985-02-28,
1985-03-01,
1985-03-02,
1985-03-03,
1985-03-04,
1985-03-05,
1985-03-06,
1985-03-07,
1985-03-08,
1985-03-09,
1985-03-10,
1985-03-11,
1985-03-12,
1985-03-13,
1985-03-14,
1985-03-15,
1985-03-16,
1985-03-17,
1985-03-18,
1985-03-19,
1985-03-20,
1985-03-21,
1985-03-22,
1985-03-23,
1985-03-24,
1985-03-25,
1985-03-26,
1985-03-27,
1985-03-28,
1985-03-29,
1985-03-30,
1985-03-31,
1985-04-01,
1985-04-02,
1985-04-03,
1985-04-04,
1985-04-05,
1985-04-06,
1985-04-07,
1985-04-08,
1985-04-09,
1985-04-10,
1985-04-11,
1985-04-12,
1985-04-13,
1985-04-14,
1985-04-15,
1985-04-16,
1985-04-17,
1985-04-18,
1985-04-19,
1985-04-20,
1985-04-21,
1985-04-22,
1985-04-23,
1985-04-24,
1985-04-25,
1985-04-26,
1985-04-27,
1985-04-28,
1985-04-29,
1985-04-30,
1985-05-01,
1985-05-02,
1985-05-03,
1985-05-04,
1985-05-05,
1985-05-06,
1985-05-07,
1985-05-08,
1985-05-09,
1985-05-10,
1985-05-11,
1985-05-12,
1985-05-13,
1985-05-14,
1985-05-15,
1985-05-16,
1985-05-17,
1985-05-18,
1985-05-19,
1985-05-20,
1985-05-21,
1985-05-22,
1985-05-23,
1985-05-24,
1985-05-25,
1985-05-26,
1985-05-27,
1985-05-28,
1985-05-29,
1985-05-30,
1985-05-31,
1985-06-01,
1985-06-02,
1985-06-03,
1985-06-04,
1985-06-05,
1985-06-06,
1985-06-07,
1985-06-08,
1985-06-09,
1985-06-10,
1985-06-11,
1985-06-12,
1985-06-13,
1985-06-14,
1985-06-15,
1985-06-16,
1985-06-17,
1985-06-18,
1985-06-19,
1985-06-20,
1985-06-21,
1985-06-22,
1985-06-23,
1985-06-24,
1985-06-25,
1985-06-26,
1985-06-27,
1985-06-28,
1985-06-29,
1985-06-30,
1985-07-01,
1985-07-02,
1985-07-03,
1985-07-04,
1985-07-05,
1985-07-06,
1985-07-07,
1985-07-08,
1985-07-09,
1985-07-10,
1985-07-11,
1985-07-12,
1985-07-13,
1985-07-14,
1985-07-15,
1985-07-16,
1985-07-17,
1985-07-18,
1985-07-19,
1985-07-20,
1985-07-21,
1985-07-22,
1985-07-23,
1985-07-24,
1985-07-25,
1985-07-26,
1985-07-27,
1985-07-28,
1985-07-29,
1985-07-30,
1985-07-31,
1985-08-01,
1985-08-02,
1985-08-03,
1985-08-04,
1985-08-05,
1985-08-06,
1985-08-07,
1985-08-08,
1985-08-09,
1985-08-10,
1985-08-11,
1985-08-12,
1985-08-13,
1985-08-14,
1985-08-15,
1985-08-16,
1985-08-17,
1985-08-18,
1985-08-19,
1985-08-20,
1985-08-21,
1985-08-22,
1985-08-23,
1985-08-24,
1985-08-25,
1985-08-26,
1985-08-27,
1985-08-28,
1985-08-29,
1985-08-30,
1985-08-31,
1985-09-01,
1985-09-02,
1985-09-03,
1985-09-04,
1985-09-05,
1985-09-06,
1985-09-07,
1985-09-08,
1985-09-09,
1985-09-10,
1985-09-11,
1985-09-12,
1985-09-13,
1985-09-14,
1985-09-15,
1985-09-16,
1985-09-17,
1985-09-18,
1985-09-19,
1985-09-20,
1985-09-21,
1985-09-22,
1985-09-23,
1985-09-24,
1985-09-25,
1985-09-26,
1985-09-27,
1985-09-28,
1985-09-29,
1985-09-30,
1985-10-01,
1985-10-02,
1985-10-03,
1985-10-04,
1985-10-05,
1985-10-06,
1985-10-07,
1985-10-08,
1985-10-09,
1985-10-10,
1985-10-11,
1985-10-12,
1985-10-13,
1985-10-14,
1985-10-15,
1985-10-16,
1985-10-17,
1985-10-18,
1985-10-19,
1985-10-20,
1985-10-21,
1985-10-22,
1985-10-23,
1985-10-24,
1985-10-25,
1985-10-26,
1985-10-27,
1985-10-28,
1985-10-29,
1985-10-30,
1985-10-31,
1985-11-01,
1985-11-02,
1985-11-03,
1985-11-04,
1985-11-05,
1985-11-06,
1985-11-07,
1985-11-08,
1985-11-09,
1985-11-10,
1985-11-11,
1985-11-12,
1985-11-13,
1985-11-14,
1985-11-15,
1985-11-16,
1985-11-17,
1985-11-18,
1985-11-19,
1985-11-20,
1985-11-21,
1985-11-22,
1985-11-23,
1985-11-24,
1985-11-25,
1985-11-26,
1985-11-27,
1985-11-28,
1985-11-29,
1985-11-30,
1985-12-01,
1985-12-02,
1985-12-03,
1985-12-04,
1985-12-05,
1985-12-06,
1985-12-07,
1985-12-08,
1985-12-09,
1985-12-10,
1985-12-11,
1985-12-12,
1985-12-13,
1985-12-14,
1985-12-15,
1985-12-16,
1985-12-17,
1985-12-18,
1985-12-19,
1985-12-20,
1985-12-21,
1985-12-22,
1985-12-23,
1985-12-24,
1985-12-25,
1985-12-26,
1985-12-27,
1985-12-28,
1985-12-29,
1985-12-30,
1985-12-31,
1986-01-01,
1986-01-02,
1986-01-03,
1986-01-04,
1986-01-05,
1986-01-06,
1986-01-07,
1986-01-08,
1986-01-09,
1986-01-10,
1986-01-11,
1986-01-12,
1986-01-13,
1986-01-14,
1986-01-15,
1986-01-16,
1986-01-17,
1986-01-18,
1986-01-19,
1986-01-20,
1986-01-21,
1986-01-22,
1986-01-23,
1986-01-24,
1986-01-25,
1986-01-26,
1986-01-27,
1986-01-28,
1986-01-29,
1986-01-30,
1986-01-31,
1986-02-01,
1986-02-02,
1986-02-03,
1986-02-04,
1986-02-05,
1986-02-06,
1986-02-07,
1986-02-08,
1986-02-09,
1986-02-10,
1986-02-11,
1986-02-12,
1986-02-13,
1986-02-14,
1986-02-15,
1986-02-16,
1986-02-17,
1986-02-18,
1986-02-19,
1986-02-20,
1986-02-21,
1986-02-22,
1986-02-23,
1986-02-24,
1986-02-25,
1986-02-26,
1986-02-27,
1986-02-28,
1986-03-01,
1986-03-02,
1986-03-03,
1986-03-04,
1986-03-05,
1986-03-06,
1986-03-07,
1986-03-08,
1986-03-09,
1986-03-10,
1986-03-11,
1986-03-12,
1986-03-13,
1986-03-14,
1986-03-15,
1986-03-16,
1986-03-17,
1986-03-18,
1986-03-19,
1986-03-20,
1986-03-21,
1986-03-22,
1986-03-23,
1986-03-24,
1986-03-25,
1986-03-26,
1986-03-27,
1986-03-28,
1986-03-29,
1986-03-30,
1986-03-31,
1986-04-01,
1986-04-02,
1986-04-03,
1986-04-04,
1986-04-05,
1986-04-06,
1986-04-07,
1986-04-08,
1986-04-09,
1986-04-10,
1986-04-11,
1986-04-12,
1986-04-13,
1986-04-14,
1986-04-15,
1986-04-16,
1986-04-17,
1986-04-18,
1986-04-19,
1986-04-20,
1986-04-21,
1986-04-22,
1986-04-23,
1986-04-24,
1986-04-25,
1986-04-26,
1986-04-27,
1986-04-28,
1986-04-29,
1986-04-30,
1986-05-01,
1986-05-02,
1986-05-03,
1986-05-04,
1986-05-05,
1986-05-06,
1986-05-07,
1986-05-08,
1986-05-09,
1986-05-10,
1986-05-11,
1986-05-12,
1986-05-13,
1986-05-14,
1986-05-15,
1986-05-16,
1986-05-17,
1986-05-18,
1986-05-19,
1986-05-20,
1986-05-21,
1986-05-22,
1986-05-23,
1986-05-24,
1986-05-25,
1986-05-26,
1986-05-27,
1986-05-28,
1986-05-29,
1986-05-30,
1986-05-31,
1986-06-01,
1986-06-02,
1986-06-03,
1986-06-04,
1986-06-05,
1986-06-06,
1986-06-07,
1986-06-08,
1986-06-09,
1986-06-10,
1986-06-11,
1986-06-12,
1986-06-13,
1986-06-14,
1986-06-15,
1986-06-16,
1986-06-17,
1986-06-18,
1986-06-19,
1986-06-20,
1986-06-21,
1986-06-22,
1986-06-23,
1986-06-24,
1986-06-25,
1986-06-26,
1986-06-27,
1986-06-28,
1986-06-29,
1986-06-30,
1986-07-01,
1986-07-02,
1986-07-03,
1986-07-04,
1986-07-05,
1986-07-06,
1986-07-07,
1986-07-08,
1986-07-09,
1986-07-10,
1986-07-11,
1986-07-12,
1986-07-13,
1986-07-14,
1986-07-15,
1986-07-16,
1986-07-17,
1986-07-18,
1986-07-19,
1986-07-20,
1986-07-21,
1986-07-22,
1986-07-23,
1986-07-24,
1986-07-25,
1986-07-26,
1986-07-27,
1986-07-28,
1986-07-29,
1986-07-30,
1986-07-31,
1986-08-01,
1986-08-02,
1986-08-03,
1986-08-04,
1986-08-05,
1986-08-06,
1986-08-07,
1986-08-08,
1986-08-09,
1986-08-10,
1986-08-11,
1986-08-12,
1986-08-13,
1986-08-14,
1986-08-15,
1986-08-16,
1986-08-17,
1986-08-18,
1986-08-19,
1986-08-20,
1986-08-21,
1986-08-22,
1986-08-23,
1986-08-24,
1986-08-25,
1986-08-26,
1986-08-27,
1986-08-28,
1986-08-29,
1986-08-30,
1986-08-31,
1986-09-01,
1986-09-02,
1986-09-03,
1986-09-04,
1986-09-05,
1986-09-06,
1986-09-07,
1986-09-08,
1986-09-09,
1986-09-10,
1986-09-11,
1986-09-12,
1986-09-13,
1986-09-14,
1986-09-15,
1986-09-16,
1986-09-17,
1986-09-18,
1986-09-19,
1986-09-20,
1986-09-21,
1986-09-22,
1986-09-23,
1986-09-24,
1986-09-25,
1986-09-26,
1986-09-27,
1986-09-28,
1986-09-29,
1986-09-30,
1986-10-01,
1986-10-02,
1986-10-03,
1986-10-04,
1986-10-05,
1986-10-06,
1986-10-07,
1986-10-08,
1986-10-09,
1986-10-10,
1986-10-11,
1986-10-12,
1986-10-13,
1986-10-14,
1986-10-15,
1986-10-16,
1986-10-17,
1986-10-18,
1986-10-19,
1986-10-20,
1986-10-21,
1986-10-22,
1986-10-23,
1986-10-24,
1986-10-25,
1986-10-26,
1986-10-27,
1986-10-28,
1986-10-29,
1986-10-30,
1986-10-31,
1986-11-01,
1986-11-02,
1986-11-03,
1986-11-04,
1986-11-05,
1986-11-06,
1986-11-07,
1986-11-08,
1986-11-09,
1986-11-10,
1986-11-11,
1986-11-12,
1986-11-13,
1986-11-14,
1986-11-15,
1986-11-16,
1986-11-17,
1986-11-18,
1986-11-19,
1986-11-20,
1986-11-21,
1986-11-22,
1986-11-23,
1986-11-24,
1986-11-25,
1986-11-26,
1986-11-27,
1986-11-28,
1986-11-29,
1986-11-30,
1986-12-01,
1986-12-02,
1986-12-03,
1986-12-04,
1986-12-05,
1986-12-06,
1986-12-07,
1986-12-08,
1986-12-09,
1986-12-10,
1986-12-11,
1986-12-12,
1986-12-13,
1986-12-14,
1986-12-15,
1986-12-16,
1986-12-17,
1986-12-18,
1986-12-19,
1986-12-20,
1986-12-21,
1986-12-22,
1986-12-23,
1986-12-24,
1986-12-25,
1986-12-26,
1986-12-27,
1986-12-28,
1986-12-29,
1986-12-30,
1986-12-31,
1987-01-01,
1987-01-02,
1987-01-03,
1987-01-04,
1987-01-05,
1987-01-06,
1987-01-07,
1987-01-08,
1987-01-09,
1987-01-10,
1987-01-11,
1987-01-12,
1987-01-13,
1987-01-14,
1987-01-15,
1987-01-16,
1987-01-17,
1987-01-18,
1987-01-19,
1987-01-20,
1987-01-21,
1987-01-22,
1987-01-23,
1987-01-24,
1987-01-25,
1987-01-26,
1987-01-27,
1987-01-28,
1987-01-29,
1987-01-30,
1987-01-31,
1987-02-01,
1987-02-02,
1987-02-03,
1987-02-04,
1987-02-05,
1987-02-06,
1987-02-07,
1987-02-08,
1987-02-09,
1987-02-10,
1987-02-11,
1987-02-12,
1987-02-13,
1987-02-14,
1987-02-15,
1987-02-16,
1987-02-17,
1987-02-18,
1987-02-19,
1987-02-20,
1987-02-21,
1987-02-22,
1987-02-23,
1987-02-24,
1987-02-25,
1987-02-26,
1987-02-27,
1987-02-28,
1987-03-01,
1987-03-02,
1987-03-03,
1987-03-04,
1987-03-05,
1987-03-06,
1987-03-07,
1987-03-08,
1987-03-09,
1987-03-10,
1987-03-11,
1987-03-12,
1987-03-13,
1987-03-14,
1987-03-15,
1987-03-16,
1987-03-17,
1987-03-18,
1987-03-19,
1987-03-20,
1987-03-21,
1987-03-22,
1987-03-23,
1987-03-24,
1987-03-25,
1987-03-26,
1987-03-27,
1987-03-28,
1987-03-29,
1987-03-30,
1987-03-31,
1987-04-01,
1987-04-02,
1987-04-03,
1987-04-04,
1987-04-05,
1987-04-06,
1987-04-07,
1987-04-08,
1987-04-09,
1987-04-10,
1987-04-11,
1987-04-12,
1987-04-13,
1987-04-14,
1987-04-15,
1987-04-16,
1987-04-17,
1987-04-18,
1987-04-19,
1987-04-20,
1987-04-21,
1987-04-22,
1987-04-23,
1987-04-24,
1987-04-25,
1987-04-26,
1987-04-27,
1987-04-28,
1987-04-29,
1987-04-30,
1987-05-01,
1987-05-02,
1987-05-03,
1987-05-04,
1987-05-05,
1987-05-06,
1987-05-07,
1987-05-08,
1987-05-09,
1987-05-10,
1987-05-11,
1987-05-12,
1987-05-13,
1987-05-14,
1987-05-15,
1987-05-16,
1987-05-17,
1987-05-18,
1987-05-19,
1987-05-20,
1987-05-21,
1987-05-22,
1987-05-23,
1987-05-24,
1987-05-25,
1987-05-26,
1987-05-27,
1987-05-28,
1987-05-29,
1987-05-30,
1987-05-31,
1987-06-01,
1987-06-02,
1987-06-03,
1987-06-04,
1987-06-05,
1987-06-06,
1987-06-07,
1987-06-08,
1987-06-09,
1987-06-10,
1987-06-11,
1987-06-12,
1987-06-13,
1987-06-14,
1987-06-15,
1987-06-16,
1987-06-17,
1987-06-18,
1987-06-19,
1987-06-20,
1987-06-21,
1987-06-22,
1987-06-23,
1987-06-24,
1987-06-25,
1987-06-26,
1987-06-27,
1987-06-28,
1987-06-29,
1987-06-30,
1987-07-01,
1987-07-02,
1987-07-03,
1987-07-04,
1987-07-05,
1987-07-06,
1987-07-07,
1987-07-08,
1987-07-09,
1987-07-10,
1987-07-11,
1987-07-12,
1987-07-13,
1987-07-14,
1987-07-15,
1987-07-16,
1987-07-17,
1987-07-18,
1987-07-19,
1987-07-20,
1987-07-21,
1987-07-22,
1987-07-23,
1987-07-24,
1987-07-25,
1987-07-26,
1987-07-27,
1987-07-28,
1987-07-29,
1987-07-30,
1987-07-31,
1987-08-01,
1987-08-02,
1987-08-03,
1987-08-04,
1987-08-05,
1987-08-06,
1987-08-07,
1987-08-08,
1987-08-09,
1987-08-10,
1987-08-11,
1987-08-12,
1987-08-13,
1987-08-14,
1987-08-15,
1987-08-16,
1987-08-17,
1987-08-18,
1987-08-19,
1987-08-20,
1987-08-21,
1987-08-22,
1987-08-23,
1987-08-24,
1987-08-25,
1987-08-26,
1987-08-27,
1987-08-28,
1987-08-29,
1987-08-30,
1987-08-31,
1987-09-01,
1987-09-02,
1987-09-03,
1987-09-04,
1987-09-05,
1987-09-06,
1987-09-07,
1987-09-08,
1987-09-09,
1987-09-10,
1987-09-11,
1987-09-12,
1987-09-13,
1987-09-14,
1987-09-15,
1987-09-16,
1987-09-17,
1987-09-18,
1987-09-19,
1987-09-20,
1987-09-21,
1987-09-22,
1987-09-23,
1987-09-24,
1987-09-25,
1987-09-26,
1987-09-27,
1987-09-28,
1987-09-29,
1987-09-30,
1987-10-01,
1987-10-02,
1987-10-03,
1987-10-04,
1987-10-05,
1987-10-06,
1987-10-07,
1987-10-08,
1987-10-09,
1987-10-10,
1987-10-11,
1987-10-12,
1987-10-13,
1987-10-14,
1987-10-15,
1987-10-16,
1987-10-17,
1987-10-18,
1987-10-19,
1987-10-20,
1987-10-21,
1987-10-22,
1987-10-23,
1987-10-24,
1987-10-25,
1987-10-26,
1987-10-27,
1987-10-28,
1987-10-29,
1987-10-30,
1987-10-31,
1987-11-01,
1987-11-02,
1987-11-03,
1987-11-04,
1987-11-05,
1987-11-06,
1987-11-07,
1987-11-08,
1987-11-09,
1987-11-10,
1987-11-11,
1987-11-12,
1987-11-13,
1987-11-14,
1987-11-15,
1987-11-16,
1987-11-17,
1987-11-18,
1987-11-19,
1987-11-20,
1987-11-21,
1987-11-22,
1987-11-23,
1987-11-24,
1987-11-25,
1987-11-26,
1987-11-27,
1987-11-28,
1987-11-29,
1987-11-30,
1987-12-01,
1987-12-02,
1987-12-03,
1987-12-04,
1987-12-05,
1987-12-06,
1987-12-07,
1987-12-08,
1987-12-09,
1987-12-10,
1987-12-11,
1987-12-12,
1987-12-13,
1987-12-14,
1987-12-15,
1987-12-16,
1987-12-17,
1987-12-18,
1987-12-19,
1987-12-20,
1987-12-21,
1987-12-22,
1987-12-23,
1987-12-24,
1987-12-25,
1987-12-26,
1987-12-27,
1987-12-28,
1987-12-29,
1987-12-30,
1987-12-31,
1988-01-01,
1988-01-02,
1988-01-03,
1988-01-04,
1988-01-05,
1988-01-06,
1988-01-07,
1988-01-08,
1988-01-09,
1988-01-10,
1988-01-11,
1988-01-12,
1988-01-13,
1988-01-14,
1988-01-15,
1988-01-16,
1988-01-17,
1988-01-18,
1988-01-19,
1988-01-20,
1988-01-21,
1988-01-22,
1988-01-23,
1988-01-24,
1988-01-25,
1988-01-26,
1988-01-27,
1988-01-28,
1988-01-29,
1988-01-30,
1988-01-31,
1988-02-01,
1988-02-02,
1988-02-03,
1988-02-04,
1988-02-05,
1988-02-06,
1988-02-07,
1988-02-08,
1988-02-09,
1988-02-10,
1988-02-11,
1988-02-12,
1988-02-13,
1988-02-14,
1988-02-15,
1988-02-16,
1988-02-17,
1988-02-18,
1988-02-19,
1988-02-20,
1988-02-21,
1988-02-22,
1988-02-23,
1988-02-24,
1988-02-25,
1988-02-26,
1988-02-27,
1988-02-28,
1988-02-29,
1988-03-01,
1988-03-02,
1988-03-03,
1988-03-04,
1988-03-05,
1988-03-06,
1988-03-07,
1988-03-08,
1988-03-09,
1988-03-10,
1988-03-11,
1988-03-12,
1988-03-13,
1988-03-14,
1988-03-15,
1988-03-16,
1988-03-17,
1988-03-18,
1988-03-19,
1988-03-20,
1988-03-21,
1988-03-22,
1988-03-23,
1988-03-24,
1988-03-25,
1988-03-26,
1988-03-27,
1988-03-28,
1988-03-29,
1988-03-30,
1988-03-31,
1988-04-01,
1988-04-02,
1988-04-03,
1988-04-04,
1988-04-05,
1988-04-06,
1988-04-07,
1988-04-08,
1988-04-09,
1988-04-10,
1988-04-11,
1988-04-12,
1988-04-13,
1988-04-14,
1988-04-15,
1988-04-16,
1988-04-17,
1988-04-18,
1988-04-19,
1988-04-20,
1988-04-21,
1988-04-22,
1988-04-23,
1988-04-24,
1988-04-25,
1988-04-26,
1988-04-27,
1988-04-28,
1988-04-29,
1988-04-30,
1988-05-01,
1988-05-02,
1988-05-03,
1988-05-04,
1988-05-05,
1988-05-06,
1988-05-07,
1988-05-08,
1988-05-09,
1988-05-10,
1988-05-11,
1988-05-12,
1988-05-13,
1988-05-14,
1988-05-15,
1988-05-16,
1988-05-17,
1988-05-18,
1988-05-19,
1988-05-20,
1988-05-21,
1988-05-22,
1988-05-23,
1988-05-24,
1988-05-25,
1988-05-26,
1988-05-27,
1988-05-28,
1988-05-29,
1988-05-30,
1988-05-31,
1988-06-01,
1988-06-02,
1988-06-03,
1988-06-04,
1988-06-05,
1988-06-06,
1988-06-07,
1988-06-08,
1988-06-09,
1988-06-10,
1988-06-11,
1988-06-12,
1988-06-13,
1988-06-14,
1988-06-15,
1988-06-16,
1988-06-17,
1988-06-18,
1988-06-19,
1988-06-20,
1988-06-21,
1988-06-22,
1988-06-23,
1988-06-24,
1988-06-25,
1988-06-26,
1988-06-27,
1988-06-28,
1988-06-29,
1988-06-30,
1988-07-01,
1988-07-02,
1988-07-03,
1988-07-04,
1988-07-05,
1988-07-06,
1988-07-07,
1988-07-08,
1988-07-09,
1988-07-10,
1988-07-11,
1988-07-12,
1988-07-13,
1988-07-14,
1988-07-15,
1988-07-16,
1988-07-17,
1988-07-18,
1988-07-19,
1988-07-20,
1988-07-21,
1988-07-22,
1988-07-23,
1988-07-24,
1988-07-25,
1988-07-26,
1988-07-27,
1988-07-28,
1988-07-29,
1988-07-30,
1988-07-31,
1988-08-01,
1988-08-02,
1988-08-03,
1988-08-04,
1988-08-05,
1988-08-06,
1988-08-07,
1988-08-08,
1988-08-09,
1988-08-10,
1988-08-11,
1988-08-12,
1988-08-13,
1988-08-14,
1988-08-15,
1988-08-16,
1988-08-17,
1988-08-18,
1988-08-19,
1988-08-20,
1988-08-21,
1988-08-22,
1988-08-23,
1988-08-24,
1988-08-25,
1988-08-26,
1988-08-27,
1988-08-28,
1988-08-29,
1988-08-30,
1988-08-31,
1988-09-01,
1988-09-02,
1988-09-03,
1988-09-04,
1988-09-05,
1988-09-06,
1988-09-07,
1988-09-08,
1988-09-09,
1988-09-10,
1988-09-11,
1988-09-12,
1988-09-13,
1988-09-14,
1988-09-15,
1988-09-16,
1988-09-17,
1988-09-18,
1988-09-19,
1988-09-20,
1988-09-21,
1988-09-22,
1988-09-23,
1988-09-24,
1988-09-25,
1988-09-26,
1988-09-27,
1988-09-28,
1988-09-29,
1988-09-30,
1988-10-01,
1988-10-02,
1988-10-03,
1988-10-04,
1988-10-05,
1988-10-06,
1988-10-07,
1988-10-08,
1988-10-09,
1988-10-10,
1988-10-11,
1988-10-12,
1988-10-13,
1988-10-14,
1988-10-15,
1988-10-16,
1988-10-17,
1988-10-18,
1988-10-19,
1988-10-20,
1988-10-21,
1988-10-22,
1988-10-23,
1988-10-24,
1988-10-25,
1988-10-26,
1988-10-27,
1988-10-28,
1988-10-29,
1988-10-30,
1988-10-31,
1988-11-01,
1988-11-02,
1988-11-03,
1988-11-04,
1988-11-05,
1988-11-06,
1988-11-07,
1988-11-08,
1988-11-09,
1988-11-10,
1988-11-11,
1988-11-12,
1988-11-13,
1988-11-14,
1988-11-15,
1988-11-16,
1988-11-17,
1988-11-18,
1988-11-19,
1988-11-20,
1988-11-21,
1988-11-22,
1988-11-23,
1988-11-24,
1988-11-25,
1988-11-26,
1988-11-27,
1988-11-28,
1988-11-29,
1988-11-30,
1988-12-01,
1988-12-02,
1988-12-03,
1988-12-04,
1988-12-05,
1988-12-06,
1988-12-07,
1988-12-08,
1988-12-09,
1988-12-10,
1988-12-11,
1988-12-12,
1988-12-13,
1988-12-14,
1988-12-15,
1988-12-16,
1988-12-17,
1988-12-18,
1988-12-19,
1988-12-20,
1988-12-21,
1988-12-22,
1988-12-23,
1988-12-24,
1988-12-25,
1988-12-26,
1988-12-27,
1988-12-28,
1988-12-29,
1988-12-30,
1988-12-31,
1989-01-01,
1989-01-02,
1989-01-03,
1989-01-04,
1989-01-05,
1989-01-06,
1989-01-07,
1989-01-08,
1989-01-09,
1989-01-10,
1989-01-11,
1989-01-12,
1989-01-13,
1989-01-14,
1989-01-15,
1989-01-16,
1989-01-17,
1989-01-18,
1989-01-19,
1989-01-20,
1989-01-21,
1989-01-22,
1989-01-23,
1989-01-24,
1989-01-25,
1989-01-26,
1989-01-27,
1989-01-28,
1989-01-29,
1989-01-30,
1989-01-31,
1989-02-01,
1989-02-02,
1989-02-03,
1989-02-04,
1989-02-05,
1989-02-06,
1989-02-07,
1989-02-08,
1989-02-09,
1989-02-10,
1989-02-11,
1989-02-12,
1989-02-13,
1989-02-14,
1989-02-15,
1989-02-16,
1989-02-17,
1989-02-18,
1989-02-19,
1989-02-20,
1989-02-21,
1989-02-22,
1989-02-23,
1989-02-24,
1989-02-25,
1989-02-26,
1989-02-27,
1989-02-28,
1989-03-01,
1989-03-02,
1989-03-03,
1989-03-04,
1989-03-05,
1989-03-06,
1989-03-07,
1989-03-08,
1989-03-09,
1989-03-10,
1989-03-11,
1989-03-12,
1989-03-13,
1989-03-14,
1989-03-15,
1989-03-16,
1989-03-17,
1989-03-18,
1989-03-19,
1989-03-20,
1989-03-21,
1989-03-22,
1989-03-23,
1989-03-24,
1989-03-25,
1989-03-26,
1989-03-27,
1989-03-28,
1989-03-29,
1989-03-30,
1989-03-31,
1989-04-01,
1989-04-02,
1989-04-03,
1989-04-04,
1989-04-05,
1989-04-06,
1989-04-07,
1989-04-08,
1989-04-09,
1989-04-10,
1989-04-11,
1989-04-12,
1989-04-13,
1989-04-14,
1989-04-15,
1989-04-16,
1989-04-17,
1989-04-18,
1989-04-19,
1989-04-20,
1989-04-21,
1989-04-22,
1989-04-23,
1989-04-24,
1989-04-25,
1989-04-26,
1989-04-27,
1989-04-28,
1989-04-29,
1989-04-30,
1989-05-01,
1989-05-02,
1989-05-03,
1989-05-04,
1989-05-05,
1989-05-06,
1989-05-07,
1989-05-08,
1989-05-09,
1989-05-10,
1989-05-11,
1989-05-12,
1989-05-13,
1989-05-14,
1989-05-15,
1989-05-16,
1989-05-17,
1989-05-18,
1989-05-19,
1989-05-20,
1989-05-21,
1989-05-22,
1989-05-23,
1989-05-24,
1989-05-25,
1989-05-26,
1989-05-27,
1989-05-28,
1989-05-29,
1989-05-30,
1989-05-31,
1989-06-01,
1989-06-02,
1989-06-03,
1989-06-04,
1989-06-05,
1989-06-06,
1989-06-07,
1989-06-08,
1989-06-09,
1989-06-10,
1989-06-11,
1989-06-12,
1989-06-13,
1989-06-14,
1989-06-15,
1989-06-16,
1989-06-17,
1989-06-18,
1989-06-19,
1989-06-20,
1989-06-21,
1989-06-22,
1989-06-23,
1989-06-24,
1989-06-25,
1989-06-26,
1989-06-27,
1989-06-28,
1989-06-29,
1989-06-30,
1989-07-01,
1989-07-02,
1989-07-03,
1989-07-04,
1989-07-05,
1989-07-06,
1989-07-07,
1989-07-08,
1989-07-09,
1989-07-10,
1989-07-11,
1989-07-12,
1989-07-13,
1989-07-14,
1989-07-15,
1989-07-16,
1989-07-17,
1989-07-18,
1989-07-19,
1989-07-20,
1989-07-21,
1989-07-22,
1989-07-23,
1989-07-24,
1989-07-25,
1989-07-26,
1989-07-27,
1989-07-28,
1989-07-29,
1989-07-30,
1989-07-31,
1989-08-01,
1989-08-02,
1989-08-03,
1989-08-04,
1989-08-05,
1989-08-06,
1989-08-07,
1989-08-08,
1989-08-09,
1989-08-10,
1989-08-11,
1989-08-12,
1989-08-13,
1989-08-14,
1989-08-15,
1989-08-16,
1989-08-17,
1989-08-18,
1989-08-19,
1989-08-20,
1989-08-21,
1989-08-22,
1989-08-23,
1989-08-24,
1989-08-25,
1989-08-26,
1989-08-27,
1989-08-28,
1989-08-29,
1989-08-30,
1989-08-31,
1989-09-01,
1989-09-02,
1989-09-03,
1989-09-04,
1989-09-05,
1989-09-06,
1989-09-07,
1989-09-08,
1989-09-09,
1989-09-10,
1989-09-11,
1989-09-12,
1989-09-13,
1989-09-14,
1989-09-15,
1989-09-16,
1989-09-17,
1989-09-18,
1989-09-19,
1989-09-20,
1989-09-21,
1989-09-22,
1989-09-23,
1989-09-24,
1989-09-25,
1989-09-26,
1989-09-27,
1989-09-28,
1989-09-29,
1989-09-30,
1989-10-01,
1989-10-02,
1989-10-03,
1989-10-04,
1989-10-05,
1989-10-06,
1989-10-07,
1989-10-08,
1989-10-09,
1989-10-10,
1989-10-11,
1989-10-12,
1989-10-13,
1989-10-14,
1989-10-15,
1989-10-16,
1989-10-17,
1989-10-18,
1989-10-19,
1989-10-20,
1989-10-21,
1989-10-22,
1989-10-23,
1989-10-24,
1989-10-25,
1989-10-26,
1989-10-27,
1989-10-28,
1989-10-29,
1989-10-30,
1989-10-31,
1989-11-01,
1989-11-02,
1989-11-03,
1989-11-04,
1989-11-05,
1989-11-06,
1989-11-07,
1989-11-08,
1989-11-09,
1989-11-10,
1989-11-11,
1989-11-12,
1989-11-13,
1989-11-14,
1989-11-15,
1989-11-16,
1989-11-17,
1989-11-18,
1989-11-19,
1989-11-20,
1989-11-21,
1989-11-22,
1989-11-23,
1989-11-24,
1989-11-25,
1989-11-26,
1989-11-27,
1989-11-28,
1989-11-29,
1989-11-30,
1989-12-01,
1989-12-02,
1989-12-03,
1989-12-04,
1989-12-05,
1989-12-06,
1989-12-07,
1989-12-08,
1989-12-09,
1989-12-10,
1989-12-11,
1989-12-12,
1989-12-13,
1989-12-14,
1989-12-15,
1989-12-16,
1989-12-17,
1989-12-18,
1989-12-19,
1989-12-20,
1989-12-21,
1989-12-22,
1989-12-23,
1989-12-24,
1989-12-25,
1989-12-26,
1989-12-27,
1989-12-28,
1989-12-29,
1989-12-30,
1989-12-31,
1990-01-01,
1990-01-02,
1990-01-03,
1990-01-04,
1990-01-05,
1990-01-06,
1990-01-07,
1990-01-08,
1990-01-09,
1990-01-10,
1990-01-11,
1990-01-12,
1990-01-13,
1990-01-14,
1990-01-15,
1990-01-16,
1990-01-17,
1990-01-18,
1990-01-19,
1990-01-20,
1990-01-21,
1990-01-22,
1990-01-23,
1990-01-24,
1990-01-25,
1990-01-26,
1990-01-27,
1990-01-28,
1990-01-29,
1990-01-30,
1990-01-31,
1990-02-01,
1990-02-02,
1990-02-03,
1990-02-04,
1990-02-05,
1990-02-06,
1990-02-07,
1990-02-08,
1990-02-09,
1990-02-10,
1990-02-11,
1990-02-12,
1990-02-13,
1990-02-14,
1990-02-15,
1990-02-16,
1990-02-17,
1990-02-18,
1990-02-19,
1990-02-20,
1990-02-21,
1990-02-22,
1990-02-23,
1990-02-24,
1990-02-25,
1990-02-26,
1990-02-27,
1990-02-28,
1990-03-01,
1990-03-02,
1990-03-03,
1990-03-04,
1990-03-05,
1990-03-06,
1990-03-07,
1990-03-08,
1990-03-09,
1990-03-10,
1990-03-11,
1990-03-12,
1990-03-13,
1990-03-14,
1990-03-15,
1990-03-16,
1990-03-17,
1990-03-18,
1990-03-19,
1990-03-20,
1990-03-21,
1990-03-22,
1990-03-23,
1990-03-24,
1990-03-25,
1990-03-26,
1990-03-27,
1990-03-28,
1990-03-29,
1990-03-30,
1990-03-31,
1990-04-01,
1990-04-02,
1990-04-03,
1990-04-04,
1990-04-05,
1990-04-06,
1990-04-07,
1990-04-08,
1990-04-09,
1990-04-10,
1990-04-11,
1990-04-12,
1990-04-13,
1990-04-14,
1990-04-15,
1990-04-16,
1990-04-17,
1990-04-18,
1990-04-19,
1990-04-20,
1990-04-21,
1990-04-22,
1990-04-23,
1990-04-24,
1990-04-25,
1990-04-26,
1990-04-27,
1990-04-28,
1990-04-29,
1990-04-30,
1990-05-01,
1990-05-02,
1990-05-03,
1990-05-04,
1990-05-05,
1990-05-06,
1990-05-07,
1990-05-08,
1990-05-09,
1990-05-10,
1990-05-11,
1990-05-12,
1990-05-13,
1990-05-14,
1990-05-15,
1990-05-16,
1990-05-17,
1990-05-18,
1990-05-19,
1990-05-20,
1990-05-21,
1990-05-22,
1990-05-23,
1990-05-24,
1990-05-25,
1990-05-26,
1990-05-27,
1990-05-28,
1990-05-29,
1990-05-30,
1990-05-31,
1990-06-01,
1990-06-02,
1990-06-03,
1990-06-04,
1990-06-05,
1990-06-06,
1990-06-07,
1990-06-08,
1990-06-09,
1990-06-10,
1990-06-11,
1990-06-12,
1990-06-13,
1990-06-14,
1990-06-15,
1990-06-16,
1990-06-17,
1990-06-18,
1990-06-19,
1990-06-20,
1990-06-21,
1990-06-22,
1990-06-23,
1990-06-24,
1990-06-25,
1990-06-26,
1990-06-27,
1990-06-28,
1990-06-29,
1990-06-30,
1990-07-01,
1990-07-02,
1990-07-03,
1990-07-04,
1990-07-05,
1990-07-06,
1990-07-07,
1990-07-08,
1990-07-09,
1990-07-10,
1990-07-11,
1990-07-12,
1990-07-13,
1990-07-14,
1990-07-15,
1990-07-16,
1990-07-17,
1990-07-18,
1990-07-19,
1990-07-20,
1990-07-21,
1990-07-22,
1990-07-23,
1990-07-24,
1990-07-25,
1990-07-26,
1990-07-27,
1990-07-28,
1990-07-29,
1990-07-30,
1990-07-31,
1990-08-01,
1990-08-02,
1990-08-03,
1990-08-04,
1990-08-05,
1990-08-06,
1990-08-07,
1990-08-08,
1990-08-09,
1990-08-10,
1990-08-11,
1990-08-12,
1990-08-13,
1990-08-14,
1990-08-15,
1990-08-16,
1990-08-17,
1990-08-18,
1990-08-19,
1990-08-20,
1990-08-21,
1990-08-22,
1990-08-23,
1990-08-24,
1990-08-25,
1990-08-26,
1990-08-27,
1990-08-28,
1990-08-29,
1990-08-30,
1990-08-31,
1990-09-01,
1990-09-02,
1990-09-03,
1990-09-04,
1990-09-05,
1990-09-06,
1990-09-07,
1990-09-08,
1990-09-09,
1990-09-10,
1990-09-11,
1990-09-12,
1990-09-13,
1990-09-14,
1990-09-15,
1990-09-16,
1990-09-17,
1990-09-18,
1990-09-19,
1990-09-20,
1990-09-21,
1990-09-22,
1990-09-23,
1990-09-24,
1990-09-25,
1990-09-26,
1990-09-27,
1990-09-28,
1990-09-29,
1990-09-30,
1990-10-01,
1990-10-02,
1990-10-03,
1990-10-04,
1990-10-05,
1990-10-06,
1990-10-07,
1990-10-08,
1990-10-09,
1990-10-10,
1990-10-11,
1990-10-12,
1990-10-13,
1990-10-14,
1990-10-15,
1990-10-16,
1990-10-17,
1990-10-18,
1990-10-19,
1990-10-20,
1990-10-21,
1990-10-22,
1990-10-23,
1990-10-24,
1990-10-25,
1990-10-26,
1990-10-27,
1990-10-28,
1990-10-29,
1990-10-30,
1990-10-31,
1990-11-01,
1990-11-02,
1990-11-03,
1990-11-04,
1990-11-05,
1990-11-06,
1990-11-07,
1990-11-08,
1990-11-09,
1990-11-10,
1990-11-11,
1990-11-12,
1990-11-13,
1990-11-14,
1990-11-15,
1990-11-16,
1990-11-17,
1990-11-18,
1990-11-19,
1990-11-20,
1990-11-21,
1990-11-22,
1990-11-23,
1990-11-24,
1990-11-25,
1990-11-26,
1990-11-27,
1990-11-28,
1990-11-29,
1990-11-30,
1990-12-01,
1990-12-02,
1990-12-03,
1990-12-04,
1990-12-05,
1990-12-06,
1990-12-07,
1990-12-08,
1990-12-09,
1990-12-10,
1990-12-11,
1990-12-12,
1990-12-13,
1990-12-14,
1990-12-15,
1990-12-16,
1990-12-17,
1990-12-18,
1990-12-19,
1990-12-20,
1990-12-21,
1990-12-22,
1990-12-23,
1990-12-24,
1990-12-25,
1990-12-26,
1990-12-27,
1990-12-28,
1990-12-29,
1990-12-30,
1990-12-31,
1991-01-01,
1991-01-02,
1991-01-03,
1991-01-04,
1991-01-05,
1991-01-06,
1991-01-07,
1991-01-08,
1991-01-09,
1991-01-10,
1991-01-11,
1991-01-12,
1991-01-13,
1991-01-14,
1991-01-15,
1991-01-16,
1991-01-17,
1991-01-18,
1991-01-19,
1991-01-20,
1991-01-21,
1991-01-22,
1991-01-23,
1991-01-24,
1991-01-25,
1991-01-26,
1991-01-27,
1991-01-28,
1991-01-29,
1991-01-30,
1991-01-31,
1991-02-01,
1991-02-02,
1991-02-03,
1991-02-04,
1991-02-05,
1991-02-06,
1991-02-07,
1991-02-08,
1991-02-09,
1991-02-10,
1991-02-11,
1991-02-12,
1991-02-13,
1991-02-14,
1991-02-15,
1991-02-16,
1991-02-17,
1991-02-18,
1991-02-19,
1991-02-20,
1991-02-21,
1991-02-22,
1991-02-23,
1991-02-24,
1991-02-25,
1991-02-26,
1991-02-27,
1991-02-28,
1991-03-01,
1991-03-02,
1991-03-03,
1991-03-04,
1991-03-05,
1991-03-06,
1991-03-07,
1991-03-08,
1991-03-09,
1991-03-10,
1991-03-11,
1991-03-12,
1991-03-13,
1991-03-14,
1991-03-15,
1991-03-16,
1991-03-17,
1991-03-18,
1991-03-19,
1991-03-20,
1991-03-21,
1991-03-22,
1991-03-23,
1991-03-24,
1991-03-25,
1991-03-26,
1991-03-27,
1991-03-28,
1991-03-29,
1991-03-30,
1991-03-31,
1991-04-01,
1991-04-02,
1991-04-03,
1991-04-04,
1991-04-05,
1991-04-06,
1991-04-07,
1991-04-08,
1991-04-09,
1991-04-10,
1991-04-11,
1991-04-12,
1991-04-13,
1991-04-14,
1991-04-15,
1991-04-16,
1991-04-17,
1991-04-18,
1991-04-19,
1991-04-20,
1991-04-21,
1991-04-22,
1991-04-23,
1991-04-24,
1991-04-25,
1991-04-26,
1991-04-27,
1991-04-28,
1991-04-29,
1991-04-30,
1991-05-01,
1991-05-02,
1991-05-03,
1991-05-04,
1991-05-05,
1991-05-06,
1991-05-07,
1991-05-08,
1991-05-09,
1991-05-10,
1991-05-11,
1991-05-12,
1991-05-13,
1991-05-14,
1991-05-15,
1991-05-16,
1991-05-17,
1991-05-18,
1991-05-19,
1991-05-20,
1991-05-21,
1991-05-22,
1991-05-23,
1991-05-24,
1991-05-25,
1991-05-26,
1991-05-27,
1991-05-28,
1991-05-29,
1991-05-30,
1991-05-31,
1991-06-01,
1991-06-02,
1991-06-03,
1991-06-04,
1991-06-05,
1991-06-06,
1991-06-07,
1991-06-08,
1991-06-09,
1991-06-10,
1991-06-11,
1991-06-12,
1991-06-13,
1991-06-14,
1991-06-15,
1991-06-16,
1991-06-17,
1991-06-18,
1991-06-19,
1991-06-20,
1991-06-21,
1991-06-22,
1991-06-23,
1991-06-24,
1991-06-25,
1991-06-26,
1991-06-27,
1991-06-28,
1991-06-29,
1991-06-30,
1991-07-01,
1991-07-02,
1991-07-03,
1991-07-04,
1991-07-05,
1991-07-06,
1991-07-07,
1991-07-08,
1991-07-09,
1991-07-10,
1991-07-11,
1991-07-12,
1991-07-13,
1991-07-14,
1991-07-15,
1991-07-16,
1991-07-17,
1991-07-18,
1991-07-19,
1991-07-20,
1991-07-21,
1991-07-22,
1991-07-23,
1991-07-24,
1991-07-25,
1991-07-26,
1991-07-27,
1991-07-28,
1991-07-29,
1991-07-30,
1991-07-31,
1991-08-01,
1991-08-02,
1991-08-03,
1991-08-04,
1991-08-05,
1991-08-06,
1991-08-07,
1991-08-08,
1991-08-09,
1991-08-10,
1991-08-11,
1991-08-12,
1991-08-13,
1991-08-14,
1991-08-15,
1991-08-16,
1991-08-17,
1991-08-18,
1991-08-19,
1991-08-20,
1991-08-21,
1991-08-22,
1991-08-23,
1991-08-24,
1991-08-25,
1991-08-26,
1991-08-27,
1991-08-28,
1991-08-29,
1991-08-30,
1991-08-31,
1991-09-01,
1991-09-02,
1991-09-03,
1991-09-04,
1991-09-05,
1991-09-06,
1991-09-07,
1991-09-08,
1991-09-09,
1991-09-10,
1991-09-11,
1991-09-12,
1991-09-13,
1991-09-14,
1991-09-15,
1991-09-16,
1991-09-17,
1991-09-18,
1991-09-19,
1991-09-20,
1991-09-21,
1991-09-22,
1991-09-23,
1991-09-24,
1991-09-25,
1991-09-26,
1991-09-27,
1991-09-28,
1991-09-29,
1991-09-30,
1991-10-01,
1991-10-02,
1991-10-03,
1991-10-04,
1991-10-05,
1991-10-06,
1991-10-07,
1991-10-08,
1991-10-09,
1991-10-10,
1991-10-11,
1991-10-12,
1991-10-13,
1991-10-14,
1991-10-15,
1991-10-16,
1991-10-17,
1991-10-18,
1991-10-19,
1991-10-20,
1991-10-21,
1991-10-22,
1991-10-23,
1991-10-24,
1991-10-25,
1991-10-26,
1991-10-27,
1991-10-28,
1991-10-29,
1991-10-30,
1991-10-31,
1991-11-01,
1991-11-02,
1991-11-03,
1991-11-04,
1991-11-05,
1991-11-06,
1991-11-07,
1991-11-08,
1991-11-09,
1991-11-10,
1991-11-11,
1991-11-12,
1991-11-13,
1991-11-14,
1991-11-15,
1991-11-16,
1991-11-17,
1991-11-18,
1991-11-19,
1991-11-20,
1991-11-21,
1991-11-22,
1991-11-23,
1991-11-24,
1991-11-25,
1991-11-26,
1991-11-27,
1991-11-28,
1991-11-29,
1991-11-30,
1991-12-01,
1991-12-02,
1991-12-03,
1991-12-04,
1991-12-05,
1991-12-06,
1991-12-07,
1991-12-08,
1991-12-09,
1991-12-10,
1991-12-11,
1991-12-12,
1991-12-13,
1991-12-14,
1991-12-15,
1991-12-16,
1991-12-17,
1991-12-18,
1991-12-19,
1991-12-20,
1991-12-21,
1991-12-22,
1991-12-23,
1991-12-24,
1991-12-25,
1991-12-26,
1991-12-27,
1991-12-28,
1991-12-29,
1991-12-30,
1991-12-31,
1992-01-01,
1992-01-02,
1992-01-03,
1992-01-04,
1992-01-05,
1992-01-06,
1992-01-07,
1992-01-08,
1992-01-09,
1992-01-10,
1992-01-11,
1992-01-12,
1992-01-13,
1992-01-14,
1992-01-15,
1992-01-16,
1992-01-17,
1992-01-18,
1992-01-19,
1992-01-20,
1992-01-21,
1992-01-22,
1992-01-23,
1992-01-24,
1992-01-25,
1992-01-26,
1992-01-27,
1992-01-28,
1992-01-29,
1992-01-30,
1992-01-31,
1992-02-01,
1992-02-02,
1992-02-03,
1992-02-04,
1992-02-05,
1992-02-06,
1992-02-07,
1992-02-08,
1992-02-09,
1992-02-10,
1992-02-11,
1992-02-12,
1992-02-13,
1992-02-14,
1992-02-15,
1992-02-16,
1992-02-17,
1992-02-18,
1992-02-19,
1992-02-20,
1992-02-21,
1992-02-22,
1992-02-23,
1992-02-24,
1992-02-25,
1992-02-26,
1992-02-27,
1992-02-28,
1992-02-29,
1992-03-01,
1992-03-02,
1992-03-03,
1992-03-04,
1992-03-05,
1992-03-06,
1992-03-07,
1992-03-08,
1992-03-09,
1992-03-10,
1992-03-11,
1992-03-12,
1992-03-13,
1992-03-14,
1992-03-15,
1992-03-16,
1992-03-17,
1992-03-18,
1992-03-19,
1992-03-20,
1992-03-21,
1992-03-22,
1992-03-23,
1992-03-24,
1992-03-25,
1992-03-26,
1992-03-27,
1992-03-28,
1992-03-29,
1992-03-30,
1992-03-31,
1992-04-01,
1992-04-02,
1992-04-03,
1992-04-04,
1992-04-05,
1992-04-06,
1992-04-07,
1992-04-08,
1992-04-09,
1992-04-10,
1992-04-11,
1992-04-12,
1992-04-13,
1992-04-14,
1992-04-15,
1992-04-16,
1992-04-17,
1992-04-18,
1992-04-19,
1992-04-20,
1992-04-21,
1992-04-22,
1992-04-23,
1992-04-24,
1992-04-25,
1992-04-26,
1992-04-27,
1992-04-28,
1992-04-29,
1992-04-30,
1992-05-01,
1992-05-02,
1992-05-03,
1992-05-04,
1992-05-05,
1992-05-06,
1992-05-07,
1992-05-08,
1992-05-09,
1992-05-10,
1992-05-11,
1992-05-12,
1992-05-13,
1992-05-14,
1992-05-15,
1992-05-16,
1992-05-17,
1992-05-18,
1992-05-19,
1992-05-20,
1992-05-21,
1992-05-22,
1992-05-23,
1992-05-24,
1992-05-25,
1992-05-26,
1992-05-27,
1992-05-28,
1992-05-29,
1992-05-30,
1992-05-31,
1992-06-01,
1992-06-02,
1992-06-03,
1992-06-04,
1992-06-05,
1992-06-06,
1992-06-07,
1992-06-08,
1992-06-09,
1992-06-10,
1992-06-11,
1992-06-12,
1992-06-13,
1992-06-14,
1992-06-15,
1992-06-16,
1992-06-17,
1992-06-18,
1992-06-19,
1992-06-20,
1992-06-21,
1992-06-22,
1992-06-23,
1992-06-24,
1992-06-25,
1992-06-26,
1992-06-27,
1992-06-28,
1992-06-29,
1992-06-30,
1992-07-01,
1992-07-02,
1992-07-03,
1992-07-04,
1992-07-05,
1992-07-06,
1992-07-07,
1992-07-08,
1992-07-09,
1992-07-10,
1992-07-11,
1992-07-12,
1992-07-13,
1992-07-14,
1992-07-15,
1992-07-16,
1992-07-17,
1992-07-18,
1992-07-19,
1992-07-20,
1992-07-21,
1992-07-22,
1992-07-23,
1992-07-24,
1992-07-25,
1992-07-26,
1992-07-27,
1992-07-28,
1992-07-29,
1992-07-30,
1992-07-31,
1992-08-01,
1992-08-02,
1992-08-03,
1992-08-04,
1992-08-05,
1992-08-06,
1992-08-07,
1992-08-08,
1992-08-09,
1992-08-10,
1992-08-11,
1992-08-12,
1992-08-13,
1992-08-14,
1992-08-15,
1992-08-16,
1992-08-17,
1992-08-18,
1992-08-19,
1992-08-20,
1992-08-21,
1992-08-22,
1992-08-23,
1992-08-24,
1992-08-25,
1992-08-26,
1992-08-27,
1992-08-28,
1992-08-29,
1992-08-30,
1992-08-31,
1992-09-01,
1992-09-02,
1992-09-03,
1992-09-04,
1992-09-05,
1992-09-06,
1992-09-07,
1992-09-08,
1992-09-09,
1992-09-10,
1992-09-11,
1992-09-12,
1992-09-13,
1992-09-14,
1992-09-15,
1992-09-16,
1992-09-17,
1992-09-18,
1992-09-19,
1992-09-20,
1992-09-21,
1992-09-22,
1992-09-23,
1992-09-24,
1992-09-25,
1992-09-26,
1992-09-27,
1992-09-28,
1992-09-29,
1992-09-30,
1992-10-01,
1992-10-02,
1992-10-03,
1992-10-04,
1992-10-05,
1992-10-06,
1992-10-07,
1992-10-08,
1992-10-09,
1992-10-10,
1992-10-11,
1992-10-12,
1992-10-13,
1992-10-14,
1992-10-15,
1992-10-16,
1992-10-17,
1992-10-18,
1992-10-19,
1992-10-20,
1992-10-21,
1992-10-22,
1992-10-23,
1992-10-24,
1992-10-25,
1992-10-26,
1992-10-27,
1992-10-28,
1992-10-29,
1992-10-30,
1992-10-31,
1992-11-01,
1992-11-02,
1992-11-03,
1992-11-04,
1992-11-05,
1992-11-06,
1992-11-07,
1992-11-08,
1992-11-09,
1992-11-10,
1992-11-11,
1992-11-12,
1992-11-13,
1992-11-14,
1992-11-15,
1992-11-16,
1992-11-17,
1992-11-18,
1992-11-19,
1992-11-20,
1992-11-21,
1992-11-22,
1992-11-23,
1992-11-24,
1992-11-25,
1992-11-26,
1992-11-27,
1992-11-28,
1992-11-29,
1992-11-30,
1992-12-01,
1992-12-02,
1992-12-03,
1992-12-04,
1992-12-05,
1992-12-06,
1992-12-07,
1992-12-08,
1992-12-09,
1992-12-10,
1992-12-11,
1992-12-12,
1992-12-13,
1992-12-14,
1992-12-15,
1992-12-16,
1992-12-17,
1992-12-18,
1992-12-19,
1992-12-20,
1992-12-21,
1992-12-22,
1992-12-23,
1992-12-24,
1992-12-25,
1992-12-26,
1992-12-27,
1992-12-28,
1992-12-29,
1992-12-30,
1992-12-31,
1993-01-01,
1993-01-02,
1993-01-03,
1993-01-04,
1993-01-05,
1993-01-06,
1993-01-07,
1993-01-08,
1993-01-09,
1993-01-10,
1993-01-11,
1993-01-12,
1993-01-13,
1993-01-14,
1993-01-15,
1993-01-16,
1993-01-17,
1993-01-18,
1993-01-19,
1993-01-20,
1993-01-21,
1993-01-22,
1993-01-23,
1993-01-24,
1993-01-25,
1993-01-26,
1993-01-27,
1993-01-28,
1993-01-29,
1993-01-30,
1993-01-31,
1993-02-01,
1993-02-02,
1993-02-03,
1993-02-04,
1993-02-05,
1993-02-06,
1993-02-07,
1993-02-08,
1993-02-09,
1993-02-10,
1993-02-11,
1993-02-12,
1993-02-13,
1993-02-14,
1993-02-15,
1993-02-16,
1993-02-17,
1993-02-18,
1993-02-19,
1993-02-20,
1993-02-21,
1993-02-22,
1993-02-23,
1993-02-24,
1993-02-25,
1993-02-26,
1993-02-27,
1993-02-28,
1993-03-01,
1993-03-02,
1993-03-03,
1993-03-04,
1993-03-05,
1993-03-06,
1993-03-07,
1993-03-08,
1993-03-09,
1993-03-10,
1993-03-11,
1993-03-12,
1993-03-13,
1993-03-14,
1993-03-15,
1993-03-16,
1993-03-17,
1993-03-18,
1993-03-19,
1993-03-20,
1993-03-21,
1993-03-22,
1993-03-23,
1993-03-24,
1993-03-25,
1993-03-26,
1993-03-27,
1993-03-28,
1993-03-29,
1993-03-30,
1993-03-31,
1993-04-01,
1993-04-02,
1993-04-03,
1993-04-04,
1993-04-05,
1993-04-06,
1993-04-07,
1993-04-08,
1993-04-09,
1993-04-10,
1993-04-11,
1993-04-12,
1993-04-13,
1993-04-14,
1993-04-15,
1993-04-16,
1993-04-17,
1993-04-18,
1993-04-19,
1993-04-20,
1993-04-21,
1993-04-22,
1993-04-23,
1993-04-24,
1993-04-25,
1993-04-26,
1993-04-27,
1993-04-28,
1993-04-29,
1993-04-30,
1993-05-01,
1993-05-02,
1993-05-03,
1993-05-04,
1993-05-05,
1993-05-06,
1993-05-07,
1993-05-08,
1993-05-09,
1993-05-10,
1993-05-11,
1993-05-12,
1993-05-13,
1993-05-14,
1993-05-15,
1993-05-16,
1993-05-17,
1993-05-18,
1993-05-19,
1993-05-20,
1993-05-21,
1993-05-22,
1993-05-23,
1993-05-24,
1993-05-25,
1993-05-26,
1993-05-27,
1993-05-28,
1993-05-29,
1993-05-30,
1993-05-31,
1993-06-01,
1993-06-02,
1993-06-03,
1993-06-04,
1993-06-05,
1993-06-06,
1993-06-07,
1993-06-08,
1993-06-09,
1993-06-10,
1993-06-11,
1993-06-12,
1993-06-13,
1993-06-14,
1993-06-15,
1993-06-16,
1993-06-17,
1993-06-18,
1993-06-19,
1993-06-20,
1993-06-21,
1993-06-22,
1993-06-23,
1993-06-24,
1993-06-25,
1993-06-26,
1993-06-27,
1993-06-28,
1993-06-29,
1993-06-30,
1993-07-01,
1993-07-02,
1993-07-03,
1993-07-04,
1993-07-05,
1993-07-06,
1993-07-07,
1993-07-08,
1993-07-09,
1993-07-10,
1993-07-11,
1993-07-12,
1993-07-13,
1993-07-14,
1993-07-15,
1993-07-16,
1993-07-17,
1993-07-18,
1993-07-19,
1993-07-20,
1993-07-21,
1993-07-22,
1993-07-23,
1993-07-24,
1993-07-25,
1993-07-26,
1993-07-27,
1993-07-28,
1993-07-29,
1993-07-30,
1993-07-31,
1993-08-01,
1993-08-02,
1993-08-03,
1993-08-04,
1993-08-05,
1993-08-06,
1993-08-07,
1993-08-08,
1993-08-09,
1993-08-10,
1993-08-11,
1993-08-12,
1993-08-13,
1993-08-14,
1993-08-15,
1993-08-16,
1993-08-17,
1993-08-18,
1993-08-19,
1993-08-20,
1993-08-21,
1993-08-22,
1993-08-23,
1993-08-24,
1993-08-25,
1993-08-26,
1993-08-27,
1993-08-28,
1993-08-29,
1993-08-30,
1993-08-31,
1993-09-01,
1993-09-02,
1993-09-03,
1993-09-04,
1993-09-05,
1993-09-06,
1993-09-07,
1993-09-08,
1993-09-09,
1993-09-10,
1993-09-11,
1993-09-12,
1993-09-13,
1993-09-14,
1993-09-15,
1993-09-16,
1993-09-17,
1993-09-18,
1993-09-19,
1993-09-20,
1993-09-21,
1993-09-22,
1993-09-23,
1993-09-24,
1993-09-25,
1993-09-26,
1993-09-27,
1993-09-28,
1993-09-29,
1993-09-30,
1993-10-01,
1993-10-02,
1993-10-03,
1993-10-04,
1993-10-05,
1993-10-06,
1993-10-07,
1993-10-08,
1993-10-09,
1993-10-10,
1993-10-11,
1993-10-12,
1993-10-13,
1993-10-14,
1993-10-15,
1993-10-16,
1993-10-17,
1993-10-18,
1993-10-19,
1993-10-20,
1993-10-21,
1993-10-22,
1993-10-23,
1993-10-24,
1993-10-25,
1993-10-26,
1993-10-27,
1993-10-28,
1993-10-29,
1993-10-30,
1993-10-31,
1993-11-01,
1993-11-02,
1993-11-03,
1993-11-04,
1993-11-05,
1993-11-06,
1993-11-07,
1993-11-08,
1993-11-09,
1993-11-10,
1993-11-11,
1993-11-12,
1993-11-13,
1993-11-14,
1993-11-15,
1993-11-16,
1993-11-17,
1993-11-18,
1993-11-19,
1993-11-20,
1993-11-21,
1993-11-22,
1993-11-23,
1993-11-24,
1993-11-25,
1993-11-26,
1993-11-27,
1993-11-28,
1993-11-29,
1993-11-30,
1993-12-01,
1993-12-02,
1993-12-03,
1993-12-04,
1993-12-05,
1993-12-06,
1993-12-07,
1993-12-08,
1993-12-09,
1993-12-10,
1993-12-11,
1993-12-12,
1993-12-13,
1993-12-14,
1993-12-15,
1993-12-16,
1993-12-17,
1993-12-18,
1993-12-19,
1993-12-20,
1993-12-21,
1993-12-22,
1993-12-23,
1993-12-24,
1993-12-25,
1993-12-26,
1993-12-27,
1993-12-28,
1993-12-29,
1993-12-30,
1993-12-31,
1994-01-01,
1994-01-02,
1994-01-03,
1994-01-04,
1994-01-05,
1994-01-06,
1994-01-07,
1994-01-08,
1994-01-09,
1994-01-10,
1994-01-11,
1994-01-12,
1994-01-13,
1994-01-14,
1994-01-15,
1994-01-16,
1994-01-17,
1994-01-18,
1994-01-19,
1994-01-20,
1994-01-21,
1994-01-22,
1994-01-23,
1994-01-24,
1994-01-25,
1994-01-26,
1994-01-27,
1994-01-28,
1994-01-29,
1994-01-30,
1994-01-31,
1994-02-01,
1994-02-02,
1994-02-03,
1994-02-04,
1994-02-05,
1994-02-06,
1994-02-07,
1994-02-08,
1994-02-09,
1994-02-10,
1994-02-11,
1994-02-12,
1994-02-13,
1994-02-14,
1994-02-15,
1994-02-16,
1994-02-17,
1994-02-18,
1994-02-19,
1994-02-20,
1994-02-21,
1994-02-22,
1994-02-23,
1994-02-24,
1994-02-25,
1994-02-26,
1994-02-27,
1994-02-28,
1994-03-01,
1994-03-02,
1994-03-03,
1994-03-04,
1994-03-05,
1994-03-06,
1994-03-07,
1994-03-08,
1994-03-09,
1994-03-10,
1994-03-11,
1994-03-12,
1994-03-13,
1994-03-14,
1994-03-15,
1994-03-16,
1994-03-17,
1994-03-18,
1994-03-19,
1994-03-20,
1994-03-21,
1994-03-22,
1994-03-23,
1994-03-24,
1994-03-25,
1994-03-26,
1994-03-27,
1994-03-28,
1994-03-29,
1994-03-30,
1994-03-31,
1994-04-01,
1994-04-02,
1994-04-03,
1994-04-04,
1994-04-05,
1994-04-06,
1994-04-07,
1994-04-08,
1994-04-09,
1994-04-10,
1994-04-11,
1994-04-12,
1994-04-13,
1994-04-14,
1994-04-15,
1994-04-16,
1994-04-17,
1994-04-18,
1994-04-19,
1994-04-20,
1994-04-21,
1994-04-22,
1994-04-23,
1994-04-24,
1994-04-25,
1994-04-26,
1994-04-27,
1994-04-28,
1994-04-29,
1994-04-30,
1994-05-01,
1994-05-02,
1994-05-03,
1994-05-04,
1994-05-05,
1994-05-06,
1994-05-07,
1994-05-08,
1994-05-09,
1994-05-10,
1994-05-11,
1994-05-12,
1994-05-13,
1994-05-14,
1994-05-15,
1994-05-16,
1994-05-17,
1994-05-18,
1994-05-19,
1994-05-20,
1994-05-21,
1994-05-22,
1994-05-23,
1994-05-24,
1994-05-25,
1994-05-26,
1994-05-27,
1994-05-28,
1994-05-29,
1994-05-30,
1994-05-31,
1994-06-01,
1994-06-02,
1994-06-03,
1994-06-04,
1994-06-05,
1994-06-06,
1994-06-07,
1994-06-08,
1994-06-09,
1994-06-10,
1994-06-11,
1994-06-12,
1994-06-13,
1994-06-14,
1994-06-15,
1994-06-16,
1994-06-17,
1994-06-18,
1994-06-19,
1994-06-20,
1994-06-21,
1994-06-22,
1994-06-23,
1994-06-24,
1994-06-25,
1994-06-26,
1994-06-27,
1994-06-28,
1994-06-29,
1994-06-30,
1994-07-01,
1994-07-02,
1994-07-03,
1994-07-04,
1994-07-05,
1994-07-06,
1994-07-07,
1994-07-08,
1994-07-09,
1994-07-10,
1994-07-11,
1994-07-12,
1994-07-13,
1994-07-14,
1994-07-15,
1994-07-16,
1994-07-17,
1994-07-18,
1994-07-19,
1994-07-20,
1994-07-21,
1994-07-22,
1994-07-23,
1994-07-24,
1994-07-25,
1994-07-26,
1994-07-27,
1994-07-28,
1994-07-29,
1994-07-30,
1994-07-31,
1994-08-01,
1994-08-02,
1994-08-03,
1994-08-04,
1994-08-05,
1994-08-06,
1994-08-07,
1994-08-08,
1994-08-09,
1994-08-10,
1994-08-11,
1994-08-12,
1994-08-13,
1994-08-14,
1994-08-15,
1994-08-16,
1994-08-17,
1994-08-18,
1994-08-19,
1994-08-20,
1994-08-21,
1994-08-22,
1994-08-23,
1994-08-24,
1994-08-25,
1994-08-26,
1994-08-27,
1994-08-28,
1994-08-29,
1994-08-30,
1994-08-31,
1994-09-01,
1994-09-02,
1994-09-03,
1994-09-04,
1994-09-05,
1994-09-06,
1994-09-07,
1994-09-08,
1994-09-09,
1994-09-10,
1994-09-11,
1994-09-12,
1994-09-13,
1994-09-14,
1994-09-15,
1994-09-16,
1994-09-17,
1994-09-18,
1994-09-19,
1994-09-20,
1994-09-21,
1994-09-22,
1994-09-23,
1994-09-24,
1994-09-25,
1994-09-26,
1994-09-27,
1994-09-28,
1994-09-29,
1994-09-30,
1994-10-01,
1994-10-02,
1994-10-03,
1994-10-04,
1994-10-05,
1994-10-06,
1994-10-07,
1994-10-08,
1994-10-09,
1994-10-10,
1994-10-11,
1994-10-12,
1994-10-13,
1994-10-14,
1994-10-15,
1994-10-16,
1994-10-17,
1994-10-18,
1994-10-19,
1994-10-20,
1994-10-21,
1994-10-22,
1994-10-23,
1994-10-24,
1994-10-25,
1994-10-26,
1994-10-27,
1994-10-28,
1994-10-29,
1994-10-30,
1994-10-31,
1994-11-01,
1994-11-02,
1994-11-03,
1994-11-04,
1994-11-05,
1994-11-06,
1994-11-07,
1994-11-08,
1994-11-09,
1994-11-10,
1994-11-11,
1994-11-12,
1994-11-13,
1994-11-14,
1994-11-15,
1994-11-16,
1994-11-17,
1994-11-18,
1994-11-19,
1994-11-20,
1994-11-21,
1994-11-22,
1994-11-23,
1994-11-24,
1994-11-25,
1994-11-26,
1994-11-27,
1994-11-28,
1994-11-29,
1994-11-30,
1994-12-01,
1994-12-02,
1994-12-03,
1994-12-04,
1994-12-05,
1994-12-06,
1994-12-07,
1994-12-08,
1994-12-09,
1994-12-10,
1994-12-11,
1994-12-12,
1994-12-13,
1994-12-14,
1994-12-15,
1994-12-16,
1994-12-17,
1994-12-18,
1994-12-19,
1994-12-20,
1994-12-21,
1994-12-22,
1994-12-23,
1994-12-24,
1994-12-25,
1994-12-26,
1994-12-27,
1994-12-28,
1994-12-29,
1994-12-30,
1994-12-31,
1995-01-01,
1995-01-02,
1995-01-03,
1995-01-04,
1995-01-05,
1995-01-06,
1995-01-07,
1995-01-08,
1995-01-09,
1995-01-10,
1995-01-11,
1995-01-12,
1995-01-13,
1995-01-14,
1995-01-15,
1995-01-16,
1995-01-17,
1995-01-18,
1995-01-19,
1995-01-20,
1995-01-21,
1995-01-22,
1995-01-23,
1995-01-24,
1995-01-25,
1995-01-26,
1995-01-27,
1995-01-28,
1995-01-29,
1995-01-30,
1995-01-31,
1995-02-01,
1995-02-02,
1995-02-03,
1995-02-04,
1995-02-05,
1995-02-06,
1995-02-07,
1995-02-08,
1995-02-09,
1995-02-10,
1995-02-11,
1995-02-12,
1995-02-13,
1995-02-14,
1995-02-15,
1995-02-16,
1995-02-17,
1995-02-18,
1995-02-19,
1995-02-20,
1995-02-21,
1995-02-22,
1995-02-23,
1995-02-24,
1995-02-25,
1995-02-26,
1995-02-27,
1995-02-28,
1995-03-01,
1995-03-02,
1995-03-03,
1995-03-04,
1995-03-05,
1995-03-06,
1995-03-07,
1995-03-08,
1995-03-09,
1995-03-10,
1995-03-11,
1995-03-12,
1995-03-13,
1995-03-14,
1995-03-15,
1995-03-16,
1995-03-17,
1995-03-18,
1995-03-19,
1995-03-20,
1995-03-21,
1995-03-22,
1995-03-23,
1995-03-24,
1995-03-25,
1995-03-26,
1995-03-27,
1995-03-28,
1995-03-29,
1995-03-30,
1995-03-31,
1995-04-01,
1995-04-02,
1995-04-03,
1995-04-04,
1995-04-05,
1995-04-06,
1995-04-07,
1995-04-08,
1995-04-09,
1995-04-10,
1995-04-11,
1995-04-12,
1995-04-13,
1995-04-14,
1995-04-15,
1995-04-16,
1995-04-17,
1995-04-18,
1995-04-19,
1995-04-20,
1995-04-21,
1995-04-22,
1995-04-23,
1995-04-24,
1995-04-25,
1995-04-26,
1995-04-27,
1995-04-28,
1995-04-29,
1995-04-30,
1995-05-01,
1995-05-02,
1995-05-03,
1995-05-04,
1995-05-05,
1995-05-06,
1995-05-07,
1995-05-08,
1995-05-09,
1995-05-10,
1995-05-11,
1995-05-12,
1995-05-13,
1995-05-14,
1995-05-15,
1995-05-16,
1995-05-17,
1995-05-18,
1995-05-19,
1995-05-20,
1995-05-21,
1995-05-22,
1995-05-23,
1995-05-24,
1995-05-25,
1995-05-26,
1995-05-27,
1995-05-28,
1995-05-29,
1995-05-30,
1995-05-31,
1995-06-01,
1995-06-02,
1995-06-03,
1995-06-04,
1995-06-05,
1995-06-06,
1995-06-07,
1995-06-08,
1995-06-09,
1995-06-10,
1995-06-11,
1995-06-12,
1995-06-13,
1995-06-14,
1995-06-15,
1995-06-16,
1995-06-17,
1995-06-18,
1995-06-19,
1995-06-20,
1995-06-21,
1995-06-22,
1995-06-23,
1995-06-24,
1995-06-25,
1995-06-26,
1995-06-27,
1995-06-28,
1995-06-29,
1995-06-30,
1995-07-01,
1995-07-02,
1995-07-03,
1995-07-04,
1995-07-05,
1995-07-06,
1995-07-07,
1995-07-08,
1995-07-09,
1995-07-10,
1995-07-11,
1995-07-12,
1995-07-13,
1995-07-14,
1995-07-15,
1995-07-16,
1995-07-17,
1995-07-18,
1995-07-19,
1995-07-20,
1995-07-21,
1995-07-22,
1995-07-23,
1995-07-24,
1995-07-25,
1995-07-26,
1995-07-27,
1995-07-28,
1995-07-29,
1995-07-30,
1995-07-31,
1995-08-01,
1995-08-02,
1995-08-03,
1995-08-04,
1995-08-05,
1995-08-06,
1995-08-07,
1995-08-08,
1995-08-09,
1995-08-10,
1995-08-11,
1995-08-12,
1995-08-13,
1995-08-14,
1995-08-15,
1995-08-16,
1995-08-17,
1995-08-18,
1995-08-19,
1995-08-20,
1995-08-21,
1995-08-22,
1995-08-23,
1995-08-24,
1995-08-25,
1995-08-26,
1995-08-27,
1995-08-28,
1995-08-29,
1995-08-30,
1995-08-31,
1995-09-01,
1995-09-02,
1995-09-03,
1995-09-04,
1995-09-05,
1995-09-06,
1995-09-07,
1995-09-08,
1995-09-09,
1995-09-10,
1995-09-11,
1995-09-12,
1995-09-13,
1995-09-14,
1995-09-15,
1995-09-16,
1995-09-17,
1995-09-18,
1995-09-19,
1995-09-20,
1995-09-21,
1995-09-22,
1995-09-23,
1995-09-24,
1995-09-25,
1995-09-26,
1995-09-27,
1995-09-28,
1995-09-29,
1995-09-30,
1995-10-01,
1995-10-02,
1995-10-03,
1995-10-04,
1995-10-05,
1995-10-06,
1995-10-07,
1995-10-08,
1995-10-09,
1995-10-10,
1995-10-11,
1995-10-12,
1995-10-13,
1995-10-14,
1995-10-15,
1995-10-16,
1995-10-17,
1995-10-18,
1995-10-19,
1995-10-20,
1995-10-21,
1995-10-22,
1995-10-23,
1995-10-24,
1995-10-25,
1995-10-26,
1995-10-27,
1995-10-28,
1995-10-29,
1995-10-30,
1995-10-31,
1995-11-01,
1995-11-02,
1995-11-03,
1995-11-04,
1995-11-05,
1995-11-06,
1995-11-07,
1995-11-08,
1995-11-09,
1995-11-10,
1995-11-11,
1995-11-12,
1995-11-13,
1995-11-14,
1995-11-15,
1995-11-16,
1995-11-17,
1995-11-18,
1995-11-19,
1995-11-20,
1995-11-21,
1995-11-22,
1995-11-23,
1995-11-24,
1995-11-25,
1995-11-26,
1995-11-27,
1995-11-28,
1995-11-29,
1995-11-30,
1995-12-01,
1995-12-02,
1995-12-03,
1995-12-04,
1995-12-05,
1995-12-06,
1995-12-07,
1995-12-08,
1995-12-09,
1995-12-10,
1995-12-11,
1995-12-12,
1995-12-13,
1995-12-14,
1995-12-15,
1995-12-16,
1995-12-17,
1995-12-18,
1995-12-19,
1995-12-20,
1995-12-21,
1995-12-22,
1995-12-23,
1995-12-24,
1995-12-25,
1995-12-26,
1995-12-27,
1995-12-28,
1995-12-29,
1995-12-30,
1995-12-31,
1996-01-01,
1996-01-02,
1996-01-03,
1996-01-04,
1996-01-05,
1996-01-06,
1996-01-07,
1996-01-08,
1996-01-09,
1996-01-10,
1996-01-11,
1996-01-12,
1996-01-13,
1996-01-14,
1996-01-15,
1996-01-16,
1996-01-17,
1996-01-18,
1996-01-19,
1996-01-20,
1996-01-21,
1996-01-22,
1996-01-23,
1996-01-24,
1996-01-25,
1996-01-26,
1996-01-27,
1996-01-28,
1996-01-29,
1996-01-30,
1996-01-31,
1996-02-01,
1996-02-02,
1996-02-03,
1996-02-04,
1996-02-05,
1996-02-06,
1996-02-07,
1996-02-08,
1996-02-09,
1996-02-10,
1996-02-11,
1996-02-12,
1996-02-13,
1996-02-14,
1996-02-15,
1996-02-16,
1996-02-17,
1996-02-18,
1996-02-19,
1996-02-20,
1996-02-21,
1996-02-22,
1996-02-23,
1996-02-24,
1996-02-25,
1996-02-26,
1996-02-27,
1996-02-28,
1996-02-29,
1996-03-01,
1996-03-02,
1996-03-03,
1996-03-04,
1996-03-05,
1996-03-06,
1996-03-07,
1996-03-08,
1996-03-09,
1996-03-10,
1996-03-11,
1996-03-12,
1996-03-13,
1996-03-14,
1996-03-15,
1996-03-16,
1996-03-17,
1996-03-18,
1996-03-19,
1996-03-20,
1996-03-21,
1996-03-22,
1996-03-23,
1996-03-24,
1996-03-25,
1996-03-26,
1996-03-27,
1996-03-28,
1996-03-29,
1996-03-30,
1996-03-31,
1996-04-01,
1996-04-02,
1996-04-03,
1996-04-04,
1996-04-05,
1996-04-06,
1996-04-07,
1996-04-08,
1996-04-09,
1996-04-10,
1996-04-11,
1996-04-12,
1996-04-13,
1996-04-14,
1996-04-15,
1996-04-16,
1996-04-17,
1996-04-18,
1996-04-19,
1996-04-20,
1996-04-21,
1996-04-22,
1996-04-23,
1996-04-24,
1996-04-25,
1996-04-26,
1996-04-27,
1996-04-28,
1996-04-29,
1996-04-30,
1996-05-01,
1996-05-02,
1996-05-03,
1996-05-04,
1996-05-05,
1996-05-06,
1996-05-07,
1996-05-08,
1996-05-09,
1996-05-10,
1996-05-11,
1996-05-12,
1996-05-13,
1996-05-14,
1996-05-15,
1996-05-16,
1996-05-17,
1996-05-18,
1996-05-19,
1996-05-20,
1996-05-21,
1996-05-22,
1996-05-23,
1996-05-24,
1996-05-25,
1996-05-26,
1996-05-27,
1996-05-28,
1996-05-29,
1996-05-30,
1996-05-31,
1996-06-01,
1996-06-02,
1996-06-03,
1996-06-04,
1996-06-05,
1996-06-06,
1996-06-07,
1996-06-08,
1996-06-09,
1996-06-10,
1996-06-11,
1996-06-12,
1996-06-13,
1996-06-14,
1996-06-15,
1996-06-16,
1996-06-17,
1996-06-18,
1996-06-19,
1996-06-20,
1996-06-21,
1996-06-22,
1996-06-23,
1996-06-24,
1996-06-25,
1996-06-26,
1996-06-27,
1996-06-28,
1996-06-29,
1996-06-30,
1996-07-01,
1996-07-02,
1996-07-03,
1996-07-04,
1996-07-05,
1996-07-06,
1996-07-07,
1996-07-08,
1996-07-09,
1996-07-10,
1996-07-11,
1996-07-12,
1996-07-13,
1996-07-14,
1996-07-15,
1996-07-16,
1996-07-17,
1996-07-18,
1996-07-19,
1996-07-20,
1996-07-21,
1996-07-22,
1996-07-23,
1996-07-24,
1996-07-25,
1996-07-26,
1996-07-27,
1996-07-28,
1996-07-29,
1996-07-30,
1996-07-31,
1996-08-01,
1996-08-02,
1996-08-03,
1996-08-04,
1996-08-05,
1996-08-06,
1996-08-07,
1996-08-08,
1996-08-09,
1996-08-10,
1996-08-11,
1996-08-12,
1996-08-13,
1996-08-14,
1996-08-15,
1996-08-16,
1996-08-17,
1996-08-18,
1996-08-19,
1996-08-20,
1996-08-21,
1996-08-22,
1996-08-23,
1996-08-24,
1996-08-25,
1996-08-26,
1996-08-27,
1996-08-28,
1996-08-29,
1996-08-30,
1996-08-31,
1996-09-01,
1996-09-02,
1996-09-03,
1996-09-04,
1996-09-05,
1996-09-06,
1996-09-07,
1996-09-08,
1996-09-09,
1996-09-10,
1996-09-11,
1996-09-12,
1996-09-13,
1996-09-14,
1996-09-15,
1996-09-16,
1996-09-17,
1996-09-18,
1996-09-19,
1996-09-20,
1996-09-21,
1996-09-22,
1996-09-23,
1996-09-24,
1996-09-25,
1996-09-26,
1996-09-27,
1996-09-28,
1996-09-29,
1996-09-30,
1996-10-01,
1996-10-02,
1996-10-03,
1996-10-04,
1996-10-05,
1996-10-06,
1996-10-07,
1996-10-08,
1996-10-09,
1996-10-10,
1996-10-11,
1996-10-12,
1996-10-13,
1996-10-14,
1996-10-15,
1996-10-16,
1996-10-17,
1996-10-18,
1996-10-19,
1996-10-20,
1996-10-21,
1996-10-22,
1996-10-23,
1996-10-24,
1996-10-25,
1996-10-26,
1996-10-27,
1996-10-28,
1996-10-29,
1996-10-30,
1996-10-31,
1996-11-01,
1996-11-02,
1996-11-03,
1996-11-04,
1996-11-05,
1996-11-06,
1996-11-07,
1996-11-08,
1996-11-09,
1996-11-10,
1996-11-11,
1996-11-12,
1996-11-13,
1996-11-14,
1996-11-15,
1996-11-16,
1996-11-17,
1996-11-18,
1996-11-19,
1996-11-20,
1996-11-21,
1996-11-22,
1996-11-23,
1996-11-24,
1996-11-25,
1996-11-26,
1996-11-27,
1996-11-28,
1996-11-29,
1996-11-30,
1996-12-01,
1996-12-02,
1996-12-03,
1996-12-04,
1996-12-05,
1996-12-06,
1996-12-07,
1996-12-08,
1996-12-09,
1996-12-10,
1996-12-11,
1996-12-12,
1996-12-13,
1996-12-14,
1996-12-15,
1996-12-16,
1996-12-17,
1996-12-18,
1996-12-19,
1996-12-20,
1996-12-21,
1996-12-22,
1996-12-23,
1996-12-24,
1996-12-25,
1996-12-26,
1996-12-27,
1996-12-28,
1996-12-29,
1996-12-30,
1996-12-31,
1997-01-01,
1997-01-02,
1997-01-03,
1997-01-04,
1997-01-05,
1997-01-06,
1997-01-07,
1997-01-08,
1997-01-09,
1997-01-10,
1997-01-11,
1997-01-12,
1997-01-13,
1997-01-14,
1997-01-15,
1997-01-16,
1997-01-17,
1997-01-18,
1997-01-19,
1997-01-20,
1997-01-21,
1997-01-22,
1997-01-23,
1997-01-24,
1997-01-25,
1997-01-26,
1997-01-27,
1997-01-28,
1997-01-29,
1997-01-30,
1997-01-31,
1997-02-01,
1997-02-02,
1997-02-03,
1997-02-04,
1997-02-05,
1997-02-06,
1997-02-07,
1997-02-08,
1997-02-09,
1997-02-10,
1997-02-11,
1997-02-12,
1997-02-13,
1997-02-14,
1997-02-15,
1997-02-16,
1997-02-17,
1997-02-18,
1997-02-19,
1997-02-20,
1997-02-21,
1997-02-22,
1997-02-23,
1997-02-24,
1997-02-25,
1997-02-26,
1997-02-27,
1997-02-28,
1997-03-01,
1997-03-02,
1997-03-03,
1997-03-04,
1997-03-05,
1997-03-06,
1997-03-07,
1997-03-08,
1997-03-09,
1997-03-10,
1997-03-11,
1997-03-12,
1997-03-13,
1997-03-14,
1997-03-15,
1997-03-16,
1997-03-17,
1997-03-18,
1997-03-19,
1997-03-20,
1997-03-21,
1997-03-22,
1997-03-23,
1997-03-24,
1997-03-25,
1997-03-26,
1997-03-27,
1997-03-28,
1997-03-29,
1997-03-30,
1997-03-31,
1997-04-01,
1997-04-02,
1997-04-03,
1997-04-04,
1997-04-05,
1997-04-06,
1997-04-07,
1997-04-08,
1997-04-09,
1997-04-10,
1997-04-11,
1997-04-12,
1997-04-13,
1997-04-14,
1997-04-15,
1997-04-16,
1997-04-17,
1997-04-18,
1997-04-19,
1997-04-20,
1997-04-21,
1997-04-22,
1997-04-23,
1997-04-24,
1997-04-25,
1997-04-26,
1997-04-27,
1997-04-28,
1997-04-29,
1997-04-30,
1997-05-01,
1997-05-02,
1997-05-03,
1997-05-04,
1997-05-05,
1997-05-06,
1997-05-07,
1997-05-08,
1997-05-09,
1997-05-10,
1997-05-11,
1997-05-12,
1997-05-13,
1997-05-14,
1997-05-15,
1997-05-16,
1997-05-17,
1997-05-18,
1997-05-19,
1997-05-20,
1997-05-21,
1997-05-22,
1997-05-23,
1997-05-24,
1997-05-25,
1997-05-26,
1997-05-27,
1997-05-28,
1997-05-29,
1997-05-30,
1997-05-31,
1997-06-01,
1997-06-02,
1997-06-03,
1997-06-04,
1997-06-05,
1997-06-06,
1997-06-07,
1997-06-08,
1997-06-09,
1997-06-10,
1997-06-11,
1997-06-12,
1997-06-13,
1997-06-14,
1997-06-15,
1997-06-16,
1997-06-17,
1997-06-18,
1997-06-19,
1997-06-20,
1997-06-21,
1997-06-22,
1997-06-23,
1997-06-24,
1997-06-25,
1997-06-26,
1997-06-27,
1997-06-28,
1997-06-29,
1997-06-30,
1997-07-01,
1997-07-02,
1997-07-03,
1997-07-04,
1997-07-05,
1997-07-06,
1997-07-07,
1997-07-08,
1997-07-09,
1997-07-10,
1997-07-11,
1997-07-12,
1997-07-13,
1997-07-14,
1997-07-15,
1997-07-16,
1997-07-17,
1997-07-18,
1997-07-19,
1997-07-20,
1997-07-21,
1997-07-22,
1997-07-23,
1997-07-24,
1997-07-25,
1997-07-26,
1997-07-27,
1997-07-28,
1997-07-29,
1997-07-30,
1997-07-31,
1997-08-01,
1997-08-02,
1997-08-03,
1997-08-04,
1997-08-05,
1997-08-06,
1997-08-07,
1997-08-08,
1997-08-09,
1997-08-10,
1997-08-11,
1997-08-12,
1997-08-13,
1997-08-14,
1997-08-15,
1997-08-16,
1997-08-17,
1997-08-18,
1997-08-19,
1997-08-20,
1997-08-21,
1997-08-22,
1997-08-23,
1997-08-24,
1997-08-25,
1997-08-26,
1997-08-27,
1997-08-28,
1997-08-29,
1997-08-30,
1997-08-31,
1997-09-01,
1997-09-02,
1997-09-03,
1997-09-04,
1997-09-05,
1997-09-06,
1997-09-07,
1997-09-08,
1997-09-09,
1997-09-10,
1997-09-11,
1997-09-12,
1997-09-13,
1997-09-14,
1997-09-15,
1997-09-16,
1997-09-17,
1997-09-18,
1997-09-19,
1997-09-20,
1997-09-21,
1997-09-22,
1997-09-23,
1997-09-24,
1997-09-25,
1997-09-26,
1997-09-27,
1997-09-28,
1997-09-29,
1997-09-30,
1997-10-01,
1997-10-02,
1997-10-03,
1997-10-04,
1997-10-05,
1997-10-06,
1997-10-07,
1997-10-08,
1997-10-09,
1997-10-10,
1997-10-11,
1997-10-12,
1997-10-13,
1997-10-14,
1997-10-15,
1997-10-16,
1997-10-17,
1997-10-18,
1997-10-19,
1997-10-20,
1997-10-21,
1997-10-22,
1997-10-23,
1997-10-24,
1997-10-25,
1997-10-26,
1997-10-27,
1997-10-28,
1997-10-29,
1997-10-30,
1997-10-31,
1997-11-01,
1997-11-02,
1997-11-03,
1997-11-04,
1997-11-05,
1997-11-06,
1997-11-07,
1997-11-08,
1997-11-09,
1997-11-10,
1997-11-11,
1997-11-12,
1997-11-13,
1997-11-14,
1997-11-15,
1997-11-16,
1997-11-17,
1997-11-18,
1997-11-19,
1997-11-20,
1997-11-21,
1997-11-22,
1997-11-23,
1997-11-24,
1997-11-25,
1997-11-26,
1997-11-27,
1997-11-28,
1997-11-29,
1997-11-30,
1997-12-01,
1997-12-02,
1997-12-03,
1997-12-04,
1997-12-05,
1997-12-06,
1997-12-07,
1997-12-08,
1997-12-09,
1997-12-10,
1997-12-11,
1997-12-12,
1997-12-13,
1997-12-14,
1997-12-15,
1997-12-16,
1997-12-17,
1997-12-18,
1997-12-19,
1997-12-20,
1997-12-21,
1997-12-22,
1997-12-23,
1997-12-24,
1997-12-25,
1997-12-26,
1997-12-27,
1997-12-28,
1997-12-29,
1997-12-30,
1997-12-31,
1998-01-01,
1998-01-02,
1998-01-03,
1998-01-04,
1998-01-05,
1998-01-06,
1998-01-07,
1998-01-08,
1998-01-09,
1998-01-10,
1998-01-11,
1998-01-12,
1998-01-13,
1998-01-14,
1998-01-15,
1998-01-16,
1998-01-17,
1998-01-18,
1998-01-19,
1998-01-20,
1998-01-21,
1998-01-22,
1998-01-23,
1998-01-24,
1998-01-25,
1998-01-26,
1998-01-27,
1998-01-28,
1998-01-29,
1998-01-30,
1998-01-31,
1998-02-01,
1998-02-02,
1998-02-03,
1998-02-04,
1998-02-05,
1998-02-06,
1998-02-07,
1998-02-08,
1998-02-09,
1998-02-10,
1998-02-11,
1998-02-12,
1998-02-13,
1998-02-14,
1998-02-15,
1998-02-16,
1998-02-17,
1998-02-18,
1998-02-19,
1998-02-20,
1998-02-21,
1998-02-22,
1998-02-23,
1998-02-24,
1998-02-25,
1998-02-26,
1998-02-27,
1998-02-28,
1998-03-01,
1998-03-02,
1998-03-03,
1998-03-04,
1998-03-05,
1998-03-06,
1998-03-07,
1998-03-08,
1998-03-09,
1998-03-10,
1998-03-11,
1998-03-12,
1998-03-13,
1998-03-14,
1998-03-15,
1998-03-16,
1998-03-17,
1998-03-18,
1998-03-19,
1998-03-20,
1998-03-21,
1998-03-22,
1998-03-23,
1998-03-24,
1998-03-25,
1998-03-26,
1998-03-27,
1998-03-28,
1998-03-29,
1998-03-30,
1998-03-31,
1998-04-01,
1998-04-02,
1998-04-03,
1998-04-04,
1998-04-05,
1998-04-06,
1998-04-07,
1998-04-08,
1998-04-09,
1998-04-10,
1998-04-11,
1998-04-12,
1998-04-13,
1998-04-14,
1998-04-15,
1998-04-16,
1998-04-17,
1998-04-18,
1998-04-19,
1998-04-20,
1998-04-21,
1998-04-22,
1998-04-23,
1998-04-24,
1998-04-25,
1998-04-26,
1998-04-27,
1998-04-28,
1998-04-29,
1998-04-30,
1998-05-01,
1998-05-02,
1998-05-03,
1998-05-04,
1998-05-05,
1998-05-06,
1998-05-07,
1998-05-08,
1998-05-09,
1998-05-10,
1998-05-11,
1998-05-12,
1998-05-13,
1998-05-14,
1998-05-15,
1998-05-16,
1998-05-17,
1998-05-18,
1998-05-19,
1998-05-20,
1998-05-21,
1998-05-22,
1998-05-23,
1998-05-24,
1998-05-25,
1998-05-26,
1998-05-27,
1998-05-28,
1998-05-29,
1998-05-30,
1998-05-31,
1998-06-01,
1998-06-02,
1998-06-03,
1998-06-04,
1998-06-05,
1998-06-06,
1998-06-07,
1998-06-08,
1998-06-09,
1998-06-10,
1998-06-11,
1998-06-12,
1998-06-13,
1998-06-14,
1998-06-15,
1998-06-16,
1998-06-17,
1998-06-18,
1998-06-19,
1998-06-20,
1998-06-21,
1998-06-22,
1998-06-23,
1998-06-24,
1998-06-25,
1998-06-26,
1998-06-27,
1998-06-28,
1998-06-29,
1998-06-30,
1998-07-01,
1998-07-02,
1998-07-03,
1998-07-04,
1998-07-05,
1998-07-06,
1998-07-07,
1998-07-08,
1998-07-09,
1998-07-10,
1998-07-11,
1998-07-12,
1998-07-13,
1998-07-14,
1998-07-15,
1998-07-16,
1998-07-17,
1998-07-18,
1998-07-19,
1998-07-20,
1998-07-21,
1998-07-22,
1998-07-23,
1998-07-24,
1998-07-25,
1998-07-26,
1998-07-27,
1998-07-28,
1998-07-29,
1998-07-30,
1998-07-31,
1998-08-01,
1998-08-02,
1998-08-03,
1998-08-04,
1998-08-05,
1998-08-06,
1998-08-07,
1998-08-08,
1998-08-09,
1998-08-10,
1998-08-11,
1998-08-12,
1998-08-13,
1998-08-14,
1998-08-15,
1998-08-16,
1998-08-17,
1998-08-18,
1998-08-19,
1998-08-20,
1998-08-21,
1998-08-22,
1998-08-23,
1998-08-24,
1998-08-25,
1998-08-26,
1998-08-27,
1998-08-28,
1998-08-29,
1998-08-30,
1998-08-31,
1998-09-01,
1998-09-02,
1998-09-03,
1998-09-04,
1998-09-05,
1998-09-06,
1998-09-07,
1998-09-08,
1998-09-09,
1998-09-10,
1998-09-11,
1998-09-12,
1998-09-13,
1998-09-14,
1998-09-15,
1998-09-16,
1998-09-17,
1998-09-18,
1998-09-19,
1998-09-20,
1998-09-21,
1998-09-22,
1998-09-23,
1998-09-24,
1998-09-25,
1998-09-26,
1998-09-27,
1998-09-28,
1998-09-29,
1998-09-30,
1998-10-01,
1998-10-02,
1998-10-03,
1998-10-04,
1998-10-05,
1998-10-06,
1998-10-07,
1998-10-08,
1998-10-09,
1998-10-10,
1998-10-11,
1998-10-12,
1998-10-13,
1998-10-14,
1998-10-15,
1998-10-16,
1998-10-17,
1998-10-18,
1998-10-19,
1998-10-20,
1998-10-21,
1998-10-22,
1998-10-23,
1998-10-24,
1998-10-25,
1998-10-26,
1998-10-27,
1998-10-28,
1998-10-29,
1998-10-30,
1998-10-31,
1998-11-01,
1998-11-02,
1998-11-03,
1998-11-04,
1998-11-05,
1998-11-06,
1998-11-07,
1998-11-08,
1998-11-09,
1998-11-10,
1998-11-11,
1998-11-12,
1998-11-13,
1998-11-14,
1998-11-15,
1998-11-16,
1998-11-17,
1998-11-18,
1998-11-19,
1998-11-20,
1998-11-21,
1998-11-22,
1998-11-23,
1998-11-24,
1998-11-25,
1998-11-26,
1998-11-27,
1998-11-28,
1998-11-29,
1998-11-30,
1998-12-01,
1998-12-02,
1998-12-03,
1998-12-04,
1998-12-05,
1998-12-06,
1998-12-07,
1998-12-08,
1998-12-09,
1998-12-10,
1998-12-11,
1998-12-12,
1998-12-13,
1998-12-14,
1998-12-15,
1998-12-16,
1998-12-17,
1998-12-18,
1998-12-19,
1998-12-20,
1998-12-21,
1998-12-22,
1998-12-23,
1998-12-24,
1998-12-25,
1998-12-26,
1998-12-27,
1998-12-28,
1998-12-29,
1998-12-30,
1998-12-31,
1999-01-01,
1999-01-02,
1999-01-03,
1999-01-04,
1999-01-05,
1999-01-06,
1999-01-07,
1999-01-08,
1999-01-09,
1999-01-10,
1999-01-11,
1999-01-12,
1999-01-13,
1999-01-14,
1999-01-15,
1999-01-16,
1999-01-17,
1999-01-18,
1999-01-19,
1999-01-20,
1999-01-21,
1999-01-22,
1999-01-23,
1999-01-24,
1999-01-25,
1999-01-26,
1999-01-27,
1999-01-28,
1999-01-29,
1999-01-30,
1999-01-31,
1999-02-01,
1999-02-02,
1999-02-03,
1999-02-04,
1999-02-05,
1999-02-06,
1999-02-07,
1999-02-08,
1999-02-09,
1999-02-10,
1999-02-11,
1999-02-12,
1999-02-13,
1999-02-14,
1999-02-15,
1999-02-16,
1999-02-17,
1999-02-18,
1999-02-19,
1999-02-20,
1999-02-21,
1999-02-22,
1999-02-23,
1999-02-24,
1999-02-25,
1999-02-26,
1999-02-27,
1999-02-28,
1999-03-01,
1999-03-02,
1999-03-03,
1999-03-04,
1999-03-05,
1999-03-06,
1999-03-07,
1999-03-08,
1999-03-09,
1999-03-10,
1999-03-11,
1999-03-12,
1999-03-13,
1999-03-14,
1999-03-15,
1999-03-16,
1999-03-17,
1999-03-18,
1999-03-19,
1999-03-20,
1999-03-21,
1999-03-22,
1999-03-23,
1999-03-24,
1999-03-25,
1999-03-26,
1999-03-27,
1999-03-28,
1999-03-29,
1999-03-30,
1999-03-31,
1999-04-01,
1999-04-02,
1999-04-03,
1999-04-04,
1999-04-05,
1999-04-06,
1999-04-07,
1999-04-08,
1999-04-09,
1999-04-10,
1999-04-11,
1999-04-12,
1999-04-13,
1999-04-14,
1999-04-15,
1999-04-16,
1999-04-17,
1999-04-18,
1999-04-19,
1999-04-20,
1999-04-21,
1999-04-22,
1999-04-23,
1999-04-24,
1999-04-25,
1999-04-26,
1999-04-27,
1999-04-28,
1999-04-29,
1999-04-30,
1999-05-01,
1999-05-02,
1999-05-03,
1999-05-04,
1999-05-05,
1999-05-06,
1999-05-07,
1999-05-08,
1999-05-09,
1999-05-10,
1999-05-11,
1999-05-12,
1999-05-13,
1999-05-14,
1999-05-15,
1999-05-16,
1999-05-17,
1999-05-18,
1999-05-19,
1999-05-20,
1999-05-21,
1999-05-22,
1999-05-23,
1999-05-24,
1999-05-25,
1999-05-26,
1999-05-27,
1999-05-28,
1999-05-29,
1999-05-30,
1999-05-31,
1999-06-01,
1999-06-02,
1999-06-03,
1999-06-04,
1999-06-05,
1999-06-06,
1999-06-07,
1999-06-08,
1999-06-09,
1999-06-10,
1999-06-11,
1999-06-12,
1999-06-13,
1999-06-14,
1999-06-15,
1999-06-16,
1999-06-17,
1999-06-18,
1999-06-19,
1999-06-20,
1999-06-21,
1999-06-22,
1999-06-23,
1999-06-24,
1999-06-25,
1999-06-26,
1999-06-27,
1999-06-28,
1999-06-29,
1999-06-30,
1999-07-01,
1999-07-02,
1999-07-03,
1999-07-04,
1999-07-05,
1999-07-06,
1999-07-07,
1999-07-08,
1999-07-09,
1999-07-10,
1999-07-11,
1999-07-12,
1999-07-13,
1999-07-14,
1999-07-15,
1999-07-16,
1999-07-17,
1999-07-18,
1999-07-19,
1999-07-20,
1999-07-21,
1999-07-22,
1999-07-23,
1999-07-24,
1999-07-25,
1999-07-26,
1999-07-27,
1999-07-28,
1999-07-29,
1999-07-30,
1999-07-31,
1999-08-01,
1999-08-02,
1999-08-03,
1999-08-04,
1999-08-05,
1999-08-06,
1999-08-07,
1999-08-08,
1999-08-09,
1999-08-10,
1999-08-11,
1999-08-12,
1999-08-13,
1999-08-14,
1999-08-15,
1999-08-16,
1999-08-17,
1999-08-18,
1999-08-19,
1999-08-20,
1999-08-21,
1999-08-22,
1999-08-23,
1999-08-24,
1999-08-25,
1999-08-26,
1999-08-27,
1999-08-28,
1999-08-29,
1999-08-30,
1999-08-31,
1999-09-01,
1999-09-02,
1999-09-03,
1999-09-04,
1999-09-05,
1999-09-06,
1999-09-07,
1999-09-08,
1999-09-09,
1999-09-10,
1999-09-11,
1999-09-12,
1999-09-13,
1999-09-14,
1999-09-15,
1999-09-16,
1999-09-17,
1999-09-18,
1999-09-19,
1999-09-20,
1999-09-21,
1999-09-22,
1999-09-23,
1999-09-24,
1999-09-25,
1999-09-26,
1999-09-27,
1999-09-28,
1999-09-29,
1999-09-30,
1999-10-01,
1999-10-02,
1999-10-03,
1999-10-04,
1999-10-05,
1999-10-06,
1999-10-07,
1999-10-08,
1999-10-09,
1999-10-10,
1999-10-11,
1999-10-12,
1999-10-13,
1999-10-14,
1999-10-15,
1999-10-16,
1999-10-17,
1999-10-18,
1999-10-19,
1999-10-20,
1999-10-21,
1999-10-22,
1999-10-23,
1999-10-24,
1999-10-25,
1999-10-26,
1999-10-27,
1999-10-28,
1999-10-29,
1999-10-30,
1999-10-31,
1999-11-01,
1999-11-02,
1999-11-03,
1999-11-04,
1999-11-05,
1999-11-06,
1999-11-07,
1999-11-08,
1999-11-09,
1999-11-10,
1999-11-11,
1999-11-12,
1999-11-13,
1999-11-14,
1999-11-15,
1999-11-16,
1999-11-17,
1999-11-18,
1999-11-19,
1999-11-20,
1999-11-21,
1999-11-22,
1999-11-23,
1999-11-24,
1999-11-25,
1999-11-26,
1999-11-27,
1999-11-28,
1999-11-29,
1999-11-30,
1999-12-01,
1999-12-02,
1999-12-03,
1999-12-04,
1999-12-05,
1999-12-06,
1999-12-07,
1999-12-08,
1999-12-09,
1999-12-10,
1999-12-11,
1999-12-12,
1999-12-13,
1999-12-14,
1999-12-15,
1999-12-16,
1999-12-17,
1999-12-18,
1999-12-19,
1999-12-20,
1999-12-21,
1999-12-22,
1999-12-23,
1999-12-24,
1999-12-25,
1999-12-26,
1999-12-27,
1999-12-28,
1999-12-29,
1999-12-30,
1999-12-31,
2000-01-01,
2000-01-02,
2000-01-03,
2000-01-04,
2000-01-05,
2000-01-06,
2000-01-07,
2000-01-08,
2000-01-09,
2000-01-10,
2000-01-11,
2000-01-12,
2000-01-13,
2000-01-14,
2000-01-15,
2000-01-16,
2000-01-17,
2000-01-18,
2000-01-19,
2000-01-20,
2000-01-21,
2000-01-22,
2000-01-23,
2000-01-24,
2000-01-25,
2000-01-26,
2000-01-27,
2000-01-28,
2000-01-29,
2000-01-30,
2000-01-31,
2000-02-01,
2000-02-02,
2000-02-03,
2000-02-04,
2000-02-05,
2000-02-06,
2000-02-07,
2000-02-08,
2000-02-09,
2000-02-10,
2000-02-11,
2000-02-12,
2000-02-13,
2000-02-14,
2000-02-15,
2000-02-16,
2000-02-17,
2000-02-18,
2000-02-19,
2000-02-20,
2000-02-21,
2000-02-22,
2000-02-23,
2000-02-24,
2000-02-25,
2000-02-26,
2000-02-27,
2000-02-28,
2000-02-29,
2000-03-01,
2000-03-02,
2000-03-03,
2000-03-04,
2000-03-05,
2000-03-06,
2000-03-07,
2000-03-08,
2000-03-09,
2000-03-10,
2000-03-11,
2000-03-12,
2000-03-13,
2000-03-14,
2000-03-15,
2000-03-16,
2000-03-17,
2000-03-18,
2000-03-19,
2000-03-20,
2000-03-21,
2000-03-22,
2000-03-23,
2000-03-24,
2000-03-25,
2000-03-26,
2000-03-27,
2000-03-28,
2000-03-29,
2000-03-30,
2000-03-31,
2000-04-01,
2000-04-02,
2000-04-03,
2000-04-04,
2000-04-05,
2000-04-06,
2000-04-07,
2000-04-08,
2000-04-09,
2000-04-10,
2000-04-11,
2000-04-12,
2000-04-13,
2000-04-14,
2000-04-15,
2000-04-16,
2000-04-17,
2000-04-18,
2000-04-19,
2000-04-20,
2000-04-21,
2000-04-22,
2000-04-23,
2000-04-24,
2000-04-25,
2000-04-26,
2000-04-27,
2000-04-28,
2000-04-29,
2000-04-30,
2000-05-01,
2000-05-02,
2000-05-03,
2000-05-04,
2000-05-05,
2000-05-06,
2000-05-07,
2000-05-08,
2000-05-09,
2000-05-10,
2000-05-11,
2000-05-12,
2000-05-13,
2000-05-14,
2000-05-15,
2000-05-16,
2000-05-17,
2000-05-18,
2000-05-19,
2000-05-20,
2000-05-21,
2000-05-22,
2000-05-23,
2000-05-24,
2000-05-25,
2000-05-26,
2000-05-27,
2000-05-28,
2000-05-29,
2000-05-30,
2000-05-31,
2000-06-01,
2000-06-02,
2000-06-03,
2000-06-04,
2000-06-05,
2000-06-06,
2000-06-07,
2000-06-08,
2000-06-09,
2000-06-10,
2000-06-11,
2000-06-12,
2000-06-13,
2000-06-14,
2000-06-15,
2000-06-16,
2000-06-17,
2000-06-18,
2000-06-19,
2000-06-20,
2000-06-21,
2000-06-22,
2000-06-23,
2000-06-24,
2000-06-25,
2000-06-26,
2000-06-27,
2000-06-28,
2000-06-29,
2000-06-30,
2000-07-01,
2000-07-02,
2000-07-03,
2000-07-04,
2000-07-05,
2000-07-06,
2000-07-07,
2000-07-08,
2000-07-09,
2000-07-10,
2000-07-11,
2000-07-12,
2000-07-13,
2000-07-14,
2000-07-15,
2000-07-16,
2000-07-17,
2000-07-18,
2000-07-19,
2000-07-20,
2000-07-21,
2000-07-22,
2000-07-23,
2000-07-24,
2000-07-25,
2000-07-26,
2000-07-27,
2000-07-28,
2000-07-29,
2000-07-30,
2000-07-31,
2000-08-01,
2000-08-02,
2000-08-03,
2000-08-04,
2000-08-05,
2000-08-06,
2000-08-07,
2000-08-08,
2000-08-09,
2000-08-10,
2000-08-11,
2000-08-12,
2000-08-13,
2000-08-14,
2000-08-15,
2000-08-16,
2000-08-17,
2000-08-18,
2000-08-19,
2000-08-20,
2000-08-21,
2000-08-22,
2000-08-23,
2000-08-24,
2000-08-25,
2000-08-26,
2000-08-27,
2000-08-28,
2000-08-29,
2000-08-30,
2000-08-31,
2000-09-01,
2000-09-02,
2000-09-03,
2000-09-04,
2000-09-05,
2000-09-06,
2000-09-07,
2000-09-08,
2000-09-09,
2000-09-10,
2000-09-11,
2000-09-12,
2000-09-13,
2000-09-14,
2000-09-15,
2000-09-16,
2000-09-17,
2000-09-18,
2000-09-19,
2000-09-20,
2000-09-21,
2000-09-22,
2000-09-23,
2000-09-24,
2000-09-25,
2000-09-26,
2000-09-27,
2000-09-28,
2000-09-29,
2000-09-30,
2000-10-01,
2000-10-02,
2000-10-03,
2000-10-04,
2000-10-05,
2000-10-06,
2000-10-07,
2000-10-08,
2000-10-09,
2000-10-10,
2000-10-11,
2000-10-12,
2000-10-13,
2000-10-14,
2000-10-15,
2000-10-16,
2000-10-17,
2000-10-18,
2000-10-19,
2000-10-20,
2000-10-21,
2000-10-22,
2000-10-23,
2000-10-24,
2000-10-25,
2000-10-26,
2000-10-27,
2000-10-28,
2000-10-29,
2000-10-30,
2000-10-31,
2000-11-01,
2000-11-02,
2000-11-03,
2000-11-04,
2000-11-05,
2000-11-06,
2000-11-07,
2000-11-08,
2000-11-09,
2000-11-10,
2000-11-11,
2000-11-12,
2000-11-13,
2000-11-14,
2000-11-15,
2000-11-16,
2000-11-17,
2000-11-18,
2000-11-19,
2000-11-20,
2000-11-21,
2000-11-22,
2000-11-23,
2000-11-24,
2000-11-25,
2000-11-26,
2000-11-27,
2000-11-28,
2000-11-29,
2000-11-30,
2000-12-01,
2000-12-02,
2000-12-03,
2000-12-04,
2000-12-05,
2000-12-06,
2000-12-07,
2000-12-08,
2000-12-09,
2000-12-10,
2000-12-11,
2000-12-12,
2000-12-13,
2000-12-14,
2000-12-15,
2000-12-16,
2000-12-17,
2000-12-18,
2000-12-19,
2000-12-20,
2000-12-21,
2000-12-22,
2000-12-23,
2000-12-24,
2000-12-25,
2000-12-26,
2000-12-27,
2000-12-28,
2000-12-29,
2000-12-30,
2000-12-31,
2001-01-01,
2001-01-02,
2001-01-03,
2001-01-04,
2001-01-05,
2001-01-06,
2001-01-07,
2001-01-08,
2001-01-09,
2001-01-10,
2001-01-11,
2001-01-12,
2001-01-13,
2001-01-14,
2001-01-15,
2001-01-16,
2001-01-17,
2001-01-18,
2001-01-19,
2001-01-20,
2001-01-21,
2001-01-22,
2001-01-23,
2001-01-24,
2001-01-25,
2001-01-26,
2001-01-27,
2001-01-28,
2001-01-29,
2001-01-30,
2001-01-31,
2001-02-01,
2001-02-02,
2001-02-03,
2001-02-04,
2001-02-05,
2001-02-06,
2001-02-07,
2001-02-08,
2001-02-09,
2001-02-10,
2001-02-11,
2001-02-12,
2001-02-13,
2001-02-14,
2001-02-15,
2001-02-16,
2001-02-17,
2001-02-18,
2001-02-19,
2001-02-20,
2001-02-21,
2001-02-22,
2001-02-23,
2001-02-24,
2001-02-25,
2001-02-26,
2001-02-27,
2001-02-28,
2001-03-01,
2001-03-02,
2001-03-03,
2001-03-04,
2001-03-05,
2001-03-06,
2001-03-07,
2001-03-08,
2001-03-09,
2001-03-10,
2001-03-11,
2001-03-12,
2001-03-13,
2001-03-14,
2001-03-15,
2001-03-16,
2001-03-17,
2001-03-18,
2001-03-19,
2001-03-20,
2001-03-21,
2001-03-22,
2001-03-23,
2001-03-24,
2001-03-25,
2001-03-26,
2001-03-27,
2001-03-28,
2001-03-29,
2001-03-30,
2001-03-31,
2001-04-01,
2001-04-02,
2001-04-03,
2001-04-04,
2001-04-05,
2001-04-06,
2001-04-07,
2001-04-08,
2001-04-09,
2001-04-10,
2001-04-11,
2001-04-12,
2001-04-13,
2001-04-14,
2001-04-15,
2001-04-16,
2001-04-17,
2001-04-18,
2001-04-19,
2001-04-20,
2001-04-21,
2001-04-22,
2001-04-23,
2001-04-24,
2001-04-25,
2001-04-26,
2001-04-27,
2001-04-28,
2001-04-29,
2001-04-30,
2001-05-01,
2001-05-02,
2001-05-03,
2001-05-04,
2001-05-05,
2001-05-06,
2001-05-07,
2001-05-08,
2001-05-09,
2001-05-10,
2001-05-11,
2001-05-12,
2001-05-13,
2001-05-14,
2001-05-15,
2001-05-16,
2001-05-17,
2001-05-18,
2001-05-19,
2001-05-20,
2001-05-21,
2001-05-22,
2001-05-23,
2001-05-24,
2001-05-25,
2001-05-26,
2001-05-27,
2001-05-28,
2001-05-29,
2001-05-30,
2001-05-31,
2001-06-01,
2001-06-02,
2001-06-03,
2001-06-04,
2001-06-05,
2001-06-06,
2001-06-07,
2001-06-08,
2001-06-09,
2001-06-10,
2001-06-11,
2001-06-12,
2001-06-13,
2001-06-14,
2001-06-15,
2001-06-16,
2001-06-17,
2001-06-18,
2001-06-19,
2001-06-20,
2001-06-21,
2001-06-22,
2001-06-23,
2001-06-24,
2001-06-25,
2001-06-26,
2001-06-27,
2001-06-28,
2001-06-29,
2001-06-30,
2001-07-01,
2001-07-02,
2001-07-03,
2001-07-04,
2001-07-05,
2001-07-06,
2001-07-07,
2001-07-08,
2001-07-09,
2001-07-10,
2001-07-11,
2001-07-12,
2001-07-13,
2001-07-14,
2001-07-15,
2001-07-16,
2001-07-17,
2001-07-18,
2001-07-19,
2001-07-20,
2001-07-21,
2001-07-22,
2001-07-23,
2001-07-24,
2001-07-25,
2001-07-26,
2001-07-27,
2001-07-28,
2001-07-29,
2001-07-30,
2001-07-31,
2001-08-01,
2001-08-02,
2001-08-03,
2001-08-04,
2001-08-05,
2001-08-06,
2001-08-07,
2001-08-08,
2001-08-09,
2001-08-10,
2001-08-11,
2001-08-12,
2001-08-13,
2001-08-14,
2001-08-15,
2001-08-16,
2001-08-17,
2001-08-18,
2001-08-19,
2001-08-20,
2001-08-21,
2001-08-22,
2001-08-23,
2001-08-24,
2001-08-25,
2001-08-26,
2001-08-27,
2001-08-28,
2001-08-29,
2001-08-30,
2001-08-31,
2001-09-01,
2001-09-02,
2001-09-03,
2001-09-04,
2001-09-05,
2001-09-06,
2001-09-07,
2001-09-08,
2001-09-09,
2001-09-10,
2001-09-11,
2001-09-12,
2001-09-13,
2001-09-14,
2001-09-15,
2001-09-16,
2001-09-17,
2001-09-18,
2001-09-19,
2001-09-20,
2001-09-21,
2001-09-22,
2001-09-23,
2001-09-24,
2001-09-25,
2001-09-26,
2001-09-27,
2001-09-28,
2001-09-29,
2001-09-30,
2001-10-01,
2001-10-02,
2001-10-03,
2001-10-04,
2001-10-05,
2001-10-06,
2001-10-07,
2001-10-08,
2001-10-09,
2001-10-10,
2001-10-11,
2001-10-12,
2001-10-13,
2001-10-14,
2001-10-15,
2001-10-16,
2001-10-17,
2001-10-18,
2001-10-19,
2001-10-20,
2001-10-21,
2001-10-22,
2001-10-23,
2001-10-24,
2001-10-25,
2001-10-26,
2001-10-27,
2001-10-28,
2001-10-29,
2001-10-30,
2001-10-31,
2001-11-01,
2001-11-02,
2001-11-03,
2001-11-04,
2001-11-05,
2001-11-06,
2001-11-07,
2001-11-08,
2001-11-09,
2001-11-10,
2001-11-11,
2001-11-12,
2001-11-13,
2001-11-14,
2001-11-15,
2001-11-16,
2001-11-17,
2001-11-18,
2001-11-19,
2001-11-20,
2001-11-21,
2001-11-22,
2001-11-23,
2001-11-24,
2001-11-25,
2001-11-26,
2001-11-27,
2001-11-28,
2001-11-29,
2001-11-30,
2001-12-01,
2001-12-02,
2001-12-03,
2001-12-04,
2001-12-05,
2001-12-06,
2001-12-07,
2001-12-08,
2001-12-09,
2001-12-10,
2001-12-11,
2001-12-12,
2001-12-13,
2001-12-14,
2001-12-15,
2001-12-16,
2001-12-17,
2001-12-18,
2001-12-19,
2001-12-20,
2001-12-21,
2001-12-22,
2001-12-23,
2001-12-24,
2001-12-25,
2001-12-26,
2001-12-27,
2001-12-28,
2001-12-29,
2001-12-30,
2001-12-31,
2002-01-01,
2002-01-02,
2002-01-03,
2002-01-04,
2002-01-05,
2002-01-06,
2002-01-07,
2002-01-08,
2002-01-09,
2002-01-10,
2002-01-11,
2002-01-12,
2002-01-13,
2002-01-14,
2002-01-15,
2002-01-16,
2002-01-17,
2002-01-18,
2002-01-19,
2002-01-20,
2002-01-21,
2002-01-22,
2002-01-23,
2002-01-24,
2002-01-25,
2002-01-26,
2002-01-27,
2002-01-28,
2002-01-29,
2002-01-30,
2002-01-31,
2002-02-01,
2002-02-02,
2002-02-03,
2002-02-04,
2002-02-05,
2002-02-06,
2002-02-07,
2002-02-08,
2002-02-09,
2002-02-10,
2002-02-11,
2002-02-12,
2002-02-13,
2002-02-14,
2002-02-15,
2002-02-16,
2002-02-17,
2002-02-18,
2002-02-19,
2002-02-20,
2002-02-21,
2002-02-22,
2002-02-23,
2002-02-24,
2002-02-25,
2002-02-26,
2002-02-27,
2002-02-28,
2002-03-01,
2002-03-02,
2002-03-03,
2002-03-04,
2002-03-05,
2002-03-06,
2002-03-07,
2002-03-08,
2002-03-09,
2002-03-10,
2002-03-11,
2002-03-12,
2002-03-13,
2002-03-14,
2002-03-15,
2002-03-16,
2002-03-17,
2002-03-18,
2002-03-19,
2002-03-20,
2002-03-21,
2002-03-22,
2002-03-23,
2002-03-24,
2002-03-25,
2002-03-26,
2002-03-27,
2002-03-28,
2002-03-29,
2002-03-30,
2002-03-31,
2002-04-01,
2002-04-02,
2002-04-03,
2002-04-04,
2002-04-05,
2002-04-06,
2002-04-07,
2002-04-08,
2002-04-09,
2002-04-10,
2002-04-11,
2002-04-12,
2002-04-13,
2002-04-14,
2002-04-15,
2002-04-16,
2002-04-17,
2002-04-18,
2002-04-19,
2002-04-20,
2002-04-21,
2002-04-22,
2002-04-23,
2002-04-24,
2002-04-25,
2002-04-26,
2002-04-27,
2002-04-28,
2002-04-29,
2002-04-30,
2002-05-01,
2002-05-02,
2002-05-03,
2002-05-04,
2002-05-05,
2002-05-06,
2002-05-07,
2002-05-08,
2002-05-09,
2002-05-10,
2002-05-11,
2002-05-12,
2002-05-13,
2002-05-14,
2002-05-15,
2002-05-16,
2002-05-17,
2002-05-18,
2002-05-19,
2002-05-20,
2002-05-21,
2002-05-22,
2002-05-23,
2002-05-24,
2002-05-25,
2002-05-26,
2002-05-27,
2002-05-28,
2002-05-29,
2002-05-30,
2002-05-31,
2002-06-01,
2002-06-02,
2002-06-03,
2002-06-04,
2002-06-05,
2002-06-06,
2002-06-07,
2002-06-08,
2002-06-09,
2002-06-10,
2002-06-11,
2002-06-12,
2002-06-13,
2002-06-14,
2002-06-15,
2002-06-16,
2002-06-17,
2002-06-18,
2002-06-19,
2002-06-20,
2002-06-21,
2002-06-22,
2002-06-23,
2002-06-24,
2002-06-25,
2002-06-26,
2002-06-27,
2002-06-28,
2002-06-29,
2002-06-30,
2002-07-01,
2002-07-02,
2002-07-03,
2002-07-04,
2002-07-05,
2002-07-06,
2002-07-07,
2002-07-08,
2002-07-09,
2002-07-10,
2002-07-11,
2002-07-12,
2002-07-13,
2002-07-14,
2002-07-15,
2002-07-16,
2002-07-17,
2002-07-18,
2002-07-19,
2002-07-20,
2002-07-21,
2002-07-22,
2002-07-23,
2002-07-24,
2002-07-25,
2002-07-26,
2002-07-27,
2002-07-28,
2002-07-29,
2002-07-30,
2002-07-31,
2002-08-01,
2002-08-02,
2002-08-03,
2002-08-04,
2002-08-05,
2002-08-06,
2002-08-07,
2002-08-08,
2002-08-09,
2002-08-10,
2002-08-11,
2002-08-12,
2002-08-13,
2002-08-14,
2002-08-15,
2002-08-16,
2002-08-17,
2002-08-18,
2002-08-19,
2002-08-20,
2002-08-21,
2002-08-22,
2002-08-23,
2002-08-24,
2002-08-25,
2002-08-26,
2002-08-27,
2002-08-28,
2002-08-29,
2002-08-30,
2002-08-31,
2002-09-01,
2002-09-02,
2002-09-03,
2002-09-04,
2002-09-05,
2002-09-06,
2002-09-07,
2002-09-08,
2002-09-09,
2002-09-10,
2002-09-11,
2002-09-12,
2002-09-13,
2002-09-14,
2002-09-15,
2002-09-16,
2002-09-17,
2002-09-18,
2002-09-19,
2002-09-20,
2002-09-21,
2002-09-22,
2002-09-23,
2002-09-24,
2002-09-25,
2002-09-26,
2002-09-27,
2002-09-28,
2002-09-29,
2002-09-30,
2002-10-01,
2002-10-02,
2002-10-03,
2002-10-04,
2002-10-05,
2002-10-06,
2002-10-07,
2002-10-08,
2002-10-09,
2002-10-10,
2002-10-11,
2002-10-12,
2002-10-13,
2002-10-14,
2002-10-15,
2002-10-16,
2002-10-17,
2002-10-18,
2002-10-19,
2002-10-20,
2002-10-21,
2002-10-22,
2002-10-23,
2002-10-24,
2002-10-25,
2002-10-26,
2002-10-27,
2002-10-28,
2002-10-29,
2002-10-30,
2002-10-31,
2002-11-01,
2002-11-02,
2002-11-03,
2002-11-04,
2002-11-05,
2002-11-06,
2002-11-07,
2002-11-08,
2002-11-09,
2002-11-10,
2002-11-11,
2002-11-12,
2002-11-13,
2002-11-14,
2002-11-15,
2002-11-16,
2002-11-17,
2002-11-18,
2002-11-19,
2002-11-20,
2002-11-21,
2002-11-22,
2002-11-23,
2002-11-24,
2002-11-25,
2002-11-26,
2002-11-27,
2002-11-28,
2002-11-29,
2002-11-30,
2002-12-01,
2002-12-02,
2002-12-03,
2002-12-04,
2002-12-05,
2002-12-06,
2002-12-07,
2002-12-08,
2002-12-09,
2002-12-10,
2002-12-11,
2002-12-12,
2002-12-13,
2002-12-14,
2002-12-15,
2002-12-16,
2002-12-17,
2002-12-18,
2002-12-19,
2002-12-20,
2002-12-21,
2002-12-22,
2002-12-23,
2002-12-24,
2002-12-25,
2002-12-26,
2002-12-27,
2002-12-28,
2002-12-29,
2002-12-30,
2002-12-31,
2003-01-01,
2003-01-02,
2003-01-03,
2003-01-04,
2003-01-05,
2003-01-06,
2003-01-07,
2003-01-08,
2003-01-09,
2003-01-10,
2003-01-11,
2003-01-12,
2003-01-13,
2003-01-14,
2003-01-15,
2003-01-16,
2003-01-17,
2003-01-18,
2003-01-19,
2003-01-20,
2003-01-21,
2003-01-22,
2003-01-23,
2003-01-24,
2003-01-25,
2003-01-26,
2003-01-27,
2003-01-28,
2003-01-29,
2003-01-30,
2003-01-31,
2003-02-01,
2003-02-02,
2003-02-03,
2003-02-04,
2003-02-05,
2003-02-06,
2003-02-07,
2003-02-08,
2003-02-09,
2003-02-10,
2003-02-11,
2003-02-12,
2003-02-13,
2003-02-14,
2003-02-15,
2003-02-16,
2003-02-17,
2003-02-18,
2003-02-19,
2003-02-20,
2003-02-21,
2003-02-22,
2003-02-23,
2003-02-24,
2003-02-25,
2003-02-26,
2003-02-27,
2003-02-28,
2003-03-01,
2003-03-02,
2003-03-03,
2003-03-04,
2003-03-05,
2003-03-06,
2003-03-07,
2003-03-08,
2003-03-09,
2003-03-10,
2003-03-11,
2003-03-12,
2003-03-13,
2003-03-14,
2003-03-15,
2003-03-16,
2003-03-17,
2003-03-18,
2003-03-19,
2003-03-20,
2003-03-21,
2003-03-22,
2003-03-23,
2003-03-24,
2003-03-25,
2003-03-26,
2003-03-27,
2003-03-28,
2003-03-29,
2003-03-30,
2003-03-31,
2003-04-01,
2003-04-02,
2003-04-03,
2003-04-04,
2003-04-05,
2003-04-06,
2003-04-07,
2003-04-08,
2003-04-09,
2003-04-10,
2003-04-11,
2003-04-12,
2003-04-13,
2003-04-14,
2003-04-15,
2003-04-16,
2003-04-17,
2003-04-18,
2003-04-19,
2003-04-20,
2003-04-21,
2003-04-22,
2003-04-23,
2003-04-24,
2003-04-25,
2003-04-26,
2003-04-27,
2003-04-28,
2003-04-29,
2003-04-30,
2003-05-01,
2003-05-02,
2003-05-03,
2003-05-04,
2003-05-05,
2003-05-06,
2003-05-07,
2003-05-08,
2003-05-09,
2003-05-10,
2003-05-11,
2003-05-12,
2003-05-13,
2003-05-14,
2003-05-15,
2003-05-16,
2003-05-17,
2003-05-18,
2003-05-19,
2003-05-20,
2003-05-21,
2003-05-22,
2003-05-23,
2003-05-24,
2003-05-25,
2003-05-26,
2003-05-27,
2003-05-28,
2003-05-29,
2003-05-30,
2003-05-31,
2003-06-01,
2003-06-02,
2003-06-03,
2003-06-04,
2003-06-05,
2003-06-06,
2003-06-07,
2003-06-08,
2003-06-09,
2003-06-10,
2003-06-11,
2003-06-12,
2003-06-13,
2003-06-14,
2003-06-15,
2003-06-16,
2003-06-17,
2003-06-18,
2003-06-19,
2003-06-20,
2003-06-21,
2003-06-22,
2003-06-23,
2003-06-24,
2003-06-25,
2003-06-26,
2003-06-27,
2003-06-28,
2003-06-29,
2003-06-30,
2003-07-01,
2003-07-02,
2003-07-03,
2003-07-04,
2003-07-05,
2003-07-06,
2003-07-07,
2003-07-08,
2003-07-09,
2003-07-10,
2003-07-11,
2003-07-12,
2003-07-13,
2003-07-14,
2003-07-15,
2003-07-16,
2003-07-17,
2003-07-18,
2003-07-19,
2003-07-20,
2003-07-21,
2003-07-22,
2003-07-23,
2003-07-24,
2003-07-25,
2003-07-26,
2003-07-27,
2003-07-28,
2003-07-29,
2003-07-30,
2003-07-31,
2003-08-01,
2003-08-02,
2003-08-03,
2003-08-04,
2003-08-05,
2003-08-06,
2003-08-07,
2003-08-08,
2003-08-09,
2003-08-10,
2003-08-11,
2003-08-12,
2003-08-13,
2003-08-14,
2003-08-15,
2003-08-16,
2003-08-17,
2003-08-18,
2003-08-19,
2003-08-20,
2003-08-21,
2003-08-22,
2003-08-23,
2003-08-24,
2003-08-25,
2003-08-26,
2003-08-27,
2003-08-28,
2003-08-29,
2003-08-30,
2003-08-31,
2003-09-01,
2003-09-02,
2003-09-03,
2003-09-04,
2003-09-05,
2003-09-06,
2003-09-07,
2003-09-08,
2003-09-09,
2003-09-10,
2003-09-11,
2003-09-12,
2003-09-13,
2003-09-14,
2003-09-15,
2003-09-16,
2003-09-17,
2003-09-18,
2003-09-19,
2003-09-20,
2003-09-21,
2003-09-22,
2003-09-23,
2003-09-24,
2003-09-25,
2003-09-26,
2003-09-27,
2003-09-28,
2003-09-29,
2003-09-30,
2003-10-01,
2003-10-02,
2003-10-03,
2003-10-04,
2003-10-05,
2003-10-06,
2003-10-07,
2003-10-08,
2003-10-09,
2003-10-10,
2003-10-11,
2003-10-12,
2003-10-13,
2003-10-14,
2003-10-15,
2003-10-16,
2003-10-17,
2003-10-18,
2003-10-19,
2003-10-20,
2003-10-21,
2003-10-22,
2003-10-23,
2003-10-24,
2003-10-25,
2003-10-26,
2003-10-27,
2003-10-28,
2003-10-29,
2003-10-30,
2003-10-31,
2003-11-01,
2003-11-02,
2003-11-03,
2003-11-04,
2003-11-05,
2003-11-06,
2003-11-07,
2003-11-08,
2003-11-09,
2003-11-10,
2003-11-11,
2003-11-12,
2003-11-13,
2003-11-14,
2003-11-15,
2003-11-16,
2003-11-17,
2003-11-18,
2003-11-19,
2003-11-20,
2003-11-21,
2003-11-22,
2003-11-23,
2003-11-24,
2003-11-25,
2003-11-26,
2003-11-27,
2003-11-28,
2003-11-29,
2003-11-30,
2003-12-01,
2003-12-02,
2003-12-03,
2003-12-04,
2003-12-05,
2003-12-06,
2003-12-07,
2003-12-08,
2003-12-09,
2003-12-10,
2003-12-11,
2003-12-12,
2003-12-13,
2003-12-14,
2003-12-15,
2003-12-16,
2003-12-17,
2003-12-18,
2003-12-19,
2003-12-20,
2003-12-21,
2003-12-22,
2003-12-23,
2003-12-24,
2003-12-25,
2003-12-26,
2003-12-27,
2003-12-28,
2003-12-29,
2003-12-30,
2003-12-31,
2004-01-01,
2004-01-02,
2004-01-03,
2004-01-04,
2004-01-05,
2004-01-06,
2004-01-07,
2004-01-08,
2004-01-09,
2004-01-10,
2004-01-11,
2004-01-12,
2004-01-13,
2004-01-14,
2004-01-15,
2004-01-16,
2004-01-17,
2004-01-18,
2004-01-19,
2004-01-20,
2004-01-21,
2004-01-22,
2004-01-23,
2004-01-24,
2004-01-25,
2004-01-26,
2004-01-27,
2004-01-28,
2004-01-29,
2004-01-30,
2004-01-31,
2004-02-01,
2004-02-02,
2004-02-03,
2004-02-04,
2004-02-05,
2004-02-06,
2004-02-07,
2004-02-08,
2004-02-09,
2004-02-10,
2004-02-11,
2004-02-12,
2004-02-13,
2004-02-14,
2004-02-15,
2004-02-16,
2004-02-17,
2004-02-18,
2004-02-19,
2004-02-20,
2004-02-21,
2004-02-22,
2004-02-23,
2004-02-24,
2004-02-25,
2004-02-26,
2004-02-27,
2004-02-28,
2004-02-29,
2004-03-01,
2004-03-02,
2004-03-03,
2004-03-04,
2004-03-05,
2004-03-06,
2004-03-07,
2004-03-08,
2004-03-09,
2004-03-10,
2004-03-11,
2004-03-12,
2004-03-13,
2004-03-14,
2004-03-15,
2004-03-16,
2004-03-17,
2004-03-18,
2004-03-19,
2004-03-20,
2004-03-21,
2004-03-22,
2004-03-23,
2004-03-24,
2004-03-25,
2004-03-26,
2004-03-27,
2004-03-28,
2004-03-29,
2004-03-30,
2004-03-31,
2004-04-01,
2004-04-02,
2004-04-03,
2004-04-04,
2004-04-05,
2004-04-06,
2004-04-07,
2004-04-08,
2004-04-09,
2004-04-10,
2004-04-11,
2004-04-12,
2004-04-13,
2004-04-14,
2004-04-15,
2004-04-16,
2004-04-17,
2004-04-18,
2004-04-19,
2004-04-20,
2004-04-21,
2004-04-22,
2004-04-23,
2004-04-24,
2004-04-25,
2004-04-26,
2004-04-27,
2004-04-28,
2004-04-29,
2004-04-30,
2004-05-01,
2004-05-02,
2004-05-03,
2004-05-04,
2004-05-05,
2004-05-06,
2004-05-07,
2004-05-08,
2004-05-09,
2004-05-10,
2004-05-11,
2004-05-12,
2004-05-13,
2004-05-14,
2004-05-15,
2004-05-16,
2004-05-17,
2004-05-18,
2004-05-19,
2004-05-20,
2004-05-21,
2004-05-22,
2004-05-23,
2004-05-24,
2004-05-25,
2004-05-26,
2004-05-27,
2004-05-28,
2004-05-29,
2004-05-30,
2004-05-31,
2004-06-01,
2004-06-02,
2004-06-03,
2004-06-04,
2004-06-05,
2004-06-06,
2004-06-07,
2004-06-08,
2004-06-09,
2004-06-10,
2004-06-11,
2004-06-12,
2004-06-13,
2004-06-14,
2004-06-15,
2004-06-16,
2004-06-17,
2004-06-18,
2004-06-19,
2004-06-20,
2004-06-21,
2004-06-22,
2004-06-23,
2004-06-24,
2004-06-25,
2004-06-26,
2004-06-27,
2004-06-28,
2004-06-29,
2004-06-30,
2004-07-01,
2004-07-02,
2004-07-03,
2004-07-04,
2004-07-05,
2004-07-06,
2004-07-07,
2004-07-08,
2004-07-09,
2004-07-10,
2004-07-11,
2004-07-12,
2004-07-13,
2004-07-14,
2004-07-15,
2004-07-16,
2004-07-17,
2004-07-18,
2004-07-19,
2004-07-20,
2004-07-21,
2004-07-22,
2004-07-23,
2004-07-24,
2004-07-25,
2004-07-26,
2004-07-27,
2004-07-28,
2004-07-29,
2004-07-30,
2004-07-31,
2004-08-01,
2004-08-02,
2004-08-03,
2004-08-04,
2004-08-05,
2004-08-06,
2004-08-07,
2004-08-08,
2004-08-09,
2004-08-10,
2004-08-11,
2004-08-12,
2004-08-13,
2004-08-14,
2004-08-15,
2004-08-16,
2004-08-17,
2004-08-18,
2004-08-19,
2004-08-20,
2004-08-21,
2004-08-22,
2004-08-23,
2004-08-24,
2004-08-25,
2004-08-26,
2004-08-27,
2004-08-28,
2004-08-29,
2004-08-30,
2004-08-31,
2004-09-01,
2004-09-02,
2004-09-03,
2004-09-04,
2004-09-05,
2004-09-06,
2004-09-07,
2004-09-08,
2004-09-09,
2004-09-10,
2004-09-11,
2004-09-12,
2004-09-13,
2004-09-14,
2004-09-15,
2004-09-16,
2004-09-17,
2004-09-18,
2004-09-19,
2004-09-20,
2004-09-21,
2004-09-22,
2004-09-23,
2004-09-24,
2004-09-25,
2004-09-26,
2004-09-27,
2004-09-28,
2004-09-29,
2004-09-30,
2004-10-01,
2004-10-02,
2004-10-03,
2004-10-04,
2004-10-05,
2004-10-06,
2004-10-07,
2004-10-08,
2004-10-09,
2004-10-10,
2004-10-11,
2004-10-12,
2004-10-13,
2004-10-14,
2004-10-15,
2004-10-16,
2004-10-17,
2004-10-18,
2004-10-19,
2004-10-20,
2004-10-21,
2004-10-22,
2004-10-23,
2004-10-24,
2004-10-25,
2004-10-26,
2004-10-27,
2004-10-28,
2004-10-29,
2004-10-30,
2004-10-31,
2004-11-01,
2004-11-02,
2004-11-03,
2004-11-04,
2004-11-05,
2004-11-06,
2004-11-07,
2004-11-08,
2004-11-09,
2004-11-10,
2004-11-11,
2004-11-12,
2004-11-13,
2004-11-14,
2004-11-15,
2004-11-16,
2004-11-17,
2004-11-18,
2004-11-19,
2004-11-20,
2004-11-21,
2004-11-22,
2004-11-23,
2004-11-24,
2004-11-25,
2004-11-26,
2004-11-27,
2004-11-28,
2004-11-29,
2004-11-30,
2004-12-01,
2004-12-02,
2004-12-03,
2004-12-04,
2004-12-05,
2004-12-06,
2004-12-07,
2004-12-08,
2004-12-09,
2004-12-10,
2004-12-11,
2004-12-12,
2004-12-13,
2004-12-14,
2004-12-15,
2004-12-16,
2004-12-17,
2004-12-18,
2004-12-19,
2004-12-20,
2004-12-21,
2004-12-22,
2004-12-23,
2004-12-24,
2004-12-25,
2004-12-26,
2004-12-27,
2004-12-28,
2004-12-29,
2004-12-30,
2004-12-31,
2005-01-01,
2005-01-02,
2005-01-03,
2005-01-04,
2005-01-05,
2005-01-06,
2005-01-07,
2005-01-08,
2005-01-09,
2005-01-10,
2005-01-11,
2005-01-12,
2005-01-13,
2005-01-14,
2005-01-15,
2005-01-16,
2005-01-17,
2005-01-18,
2005-01-19,
2005-01-20,
2005-01-21,
2005-01-22,
2005-01-23,
2005-01-24,
2005-01-25,
2005-01-26,
2005-01-27,
2005-01-28,
2005-01-29,
2005-01-30,
2005-01-31,
2005-02-01,
2005-02-02,
2005-02-03,
2005-02-04,
2005-02-05,
2005-02-06,
2005-02-07,
2005-02-08,
2005-02-09,
2005-02-10,
2005-02-11,
2005-02-12,
2005-02-13,
2005-02-14,
2005-02-15,
2005-02-16,
2005-02-17,
2005-02-18,
2005-02-19,
2005-02-20,
2005-02-21,
2005-02-22,
2005-02-23,
2005-02-24,
2005-02-25,
2005-02-26,
2005-02-27,
2005-02-28,
2005-03-01,
2005-03-02,
2005-03-03,
2005-03-04,
2005-03-05,
2005-03-06,
2005-03-07,
2005-03-08,
2005-03-09,
2005-03-10,
2005-03-11,
2005-03-12,
2005-03-13,
2005-03-14,
2005-03-15,
2005-03-16,
2005-03-17,
2005-03-18,
2005-03-19,
2005-03-20,
2005-03-21,
2005-03-22,
2005-03-23,
2005-03-24,
2005-03-25,
2005-03-26,
2005-03-27,
2005-03-28,
2005-03-29,
2005-03-30,
2005-03-31,
2005-04-01,
2005-04-02,
2005-04-03,
2005-04-04,
2005-04-05,
2005-04-06,
2005-04-07,
2005-04-08,
2005-04-09,
2005-04-10,
2005-04-11,
2005-04-12,
2005-04-13,
2005-04-14,
2005-04-15,
2005-04-16,
2005-04-17,
2005-04-18,
2005-04-19,
2005-04-20,
2005-04-21,
2005-04-22,
2005-04-23,
2005-04-24,
2005-04-25,
2005-04-26,
2005-04-27,
2005-04-28,
2005-04-29,
2005-04-30,
2005-05-01,
2005-05-02,
2005-05-03,
2005-05-04,
2005-05-05,
2005-05-06,
2005-05-07,
2005-05-08,
2005-05-09,
2005-05-10,
2005-05-11,
2005-05-12,
2005-05-13,
2005-05-14,
2005-05-15,
2005-05-16,
2005-05-17,
2005-05-18,
2005-05-19,
2005-05-20,
2005-05-21,
2005-05-22,
2005-05-23,
2005-05-24,
2005-05-25,
2005-05-26,
2005-05-27,
2005-05-28,
2005-05-29,
2005-05-30,
2005-05-31,
2005-06-01,
2005-06-02,
2005-06-03,
2005-06-04,
2005-06-05,
2005-06-06,
2005-06-07,
2005-06-08,
2005-06-09,
2005-06-10,
2005-06-11,
2005-06-12,
2005-06-13,
2005-06-14,
2005-06-15,
2005-06-16,
2005-06-17,
2005-06-18,
2005-06-19,
2005-06-20,
2005-06-21,
2005-06-22,
2005-06-23,
2005-06-24,
2005-06-25,
2005-06-26,
2005-06-27,
2005-06-28,
2005-06-29,
2005-06-30,
2005-07-01,
2005-07-02,
2005-07-03,
2005-07-04,
2005-07-05,
2005-07-06,
2005-07-07,
2005-07-08,
2005-07-09,
2005-07-10,
2005-07-11,
2005-07-12,
2005-07-13,
2005-07-14,
2005-07-15,
2005-07-16,
2005-07-17,
2005-07-18,
2005-07-19,
2005-07-20,
2005-07-21,
2005-07-22,
2005-07-23,
2005-07-24,
2005-07-25,
2005-07-26,
2005-07-27,
2005-07-28,
2005-07-29,
2005-07-30,
2005-07-31,
2005-08-01,
2005-08-02,
2005-08-03,
2005-08-04,
2005-08-05,
2005-08-06,
2005-08-07,
2005-08-08,
2005-08-09,
2005-08-10,
2005-08-11,
2005-08-12,
2005-08-13,
2005-08-14,
2005-08-15,
2005-08-16,
2005-08-17,
2005-08-18,
2005-08-19,
2005-08-20,
2005-08-21,
2005-08-22,
2005-08-23,
2005-08-24,
2005-08-25,
2005-08-26,
2005-08-27,
2005-08-28,
2005-08-29,
2005-08-30,
2005-08-31,
2005-09-01,
2005-09-02,
2005-09-03,
2005-09-04,
2005-09-05,
2005-09-06,
2005-09-07,
2005-09-08,
2005-09-09,
2005-09-10,
2005-09-11,
2005-09-12,
2005-09-13,
2005-09-14,
2005-09-15,
2005-09-16,
2005-09-17,
2005-09-18,
2005-09-19,
2005-09-20,
2005-09-21,
2005-09-22,
2005-09-23,
2005-09-24,
2005-09-25,
2005-09-26,
2005-09-27,
2005-09-28,
2005-09-29,
2005-09-30,
2005-10-01,
2005-10-02,
2005-10-03,
2005-10-04,
2005-10-05,
2005-10-06,
2005-10-07,
2005-10-08,
2005-10-09,
2005-10-10,
2005-10-11,
2005-10-12,
2005-10-13,
2005-10-14,
2005-10-15,
2005-10-16,
2005-10-17,
2005-10-18,
2005-10-19,
2005-10-20,
2005-10-21,
2005-10-22,
2005-10-23,
2005-10-24,
2005-10-25,
2005-10-26,
2005-10-27,
2005-10-28,
2005-10-29,
2005-10-30,
2005-10-31,
2005-11-01,
2005-11-02,
2005-11-03,
2005-11-04,
2005-11-05,
2005-11-06,
2005-11-07,
2005-11-08,
2005-11-09,
2005-11-10,
2005-11-11,
2005-11-12,
2005-11-13,
2005-11-14,
2005-11-15,
2005-11-16,
2005-11-17,
2005-11-18,
2005-11-19,
2005-11-20,
2005-11-21,
2005-11-22,
2005-11-23,
2005-11-24,
2005-11-25,
2005-11-26,
2005-11-27,
2005-11-28,
2005-11-29,
2005-11-30,
2005-12-01,
2005-12-02,
2005-12-03,
2005-12-04,
2005-12-05,
2005-12-06,
2005-12-07,
2005-12-08,
2005-12-09,
2005-12-10,
2005-12-11,
2005-12-12,
2005-12-13,
2005-12-14,
2005-12-15,
2005-12-16,
2005-12-17,
2005-12-18,
2005-12-19,
2005-12-20,
2005-12-21,
2005-12-22,
2005-12-23,
2005-12-24,
2005-12-25,
2005-12-26,
2005-12-27,
2005-12-28,
2005-12-29,
2005-12-30,
2005-12-31,
2006-01-01,
2006-01-02,
2006-01-03,
2006-01-04,
2006-01-05,
2006-01-06,
2006-01-07,
2006-01-08,
2006-01-09,
2006-01-10,
2006-01-11,
2006-01-12,
2006-01-13,
2006-01-14,
2006-01-15,
2006-01-16,
2006-01-17,
2006-01-18,
2006-01-19,
2006-01-20,
2006-01-21,
2006-01-22,
2006-01-23,
2006-01-24,
2006-01-25,
2006-01-26,
2006-01-27,
2006-01-28,
2006-01-29,
2006-01-30,
2006-01-31,
2006-02-01,
2006-02-02,
2006-02-03,
2006-02-04,
2006-02-05,
2006-02-06,
2006-02-07,
2006-02-08,
2006-02-09,
2006-02-10,
2006-02-11,
2006-02-12,
2006-02-13,
2006-02-14,
2006-02-15,
2006-02-16,
2006-02-17,
2006-02-18,
2006-02-19,
2006-02-20,
2006-02-21,
2006-02-22,
2006-02-23,
2006-02-24,
2006-02-25,
2006-02-26,
2006-02-27,
2006-02-28,
2006-03-01,
2006-03-02,
2006-03-03,
2006-03-04,
2006-03-05,
2006-03-06,
2006-03-07,
2006-03-08,
2006-03-09,
2006-03-10,
2006-03-11,
2006-03-12,
2006-03-13,
2006-03-14,
2006-03-15,
2006-03-16,
2006-03-17,
2006-03-18,
2006-03-19,
2006-03-20,
2006-03-21,
2006-03-22,
2006-03-23,
2006-03-24,
2006-03-25,
2006-03-26,
2006-03-27,
2006-03-28,
2006-03-29,
2006-03-30,
2006-03-31,
2006-04-01,
2006-04-02,
2006-04-03,
2006-04-04,
2006-04-05,
2006-04-06,
2006-04-07,
2006-04-08,
2006-04-09,
2006-04-10,
2006-04-11,
2006-04-12,
2006-04-13,
2006-04-14,
2006-04-15,
2006-04-16,
2006-04-17,
2006-04-18,
2006-04-19,
2006-04-20,
2006-04-21,
2006-04-22,
2006-04-23,
2006-04-24,
2006-04-25,
2006-04-26,
2006-04-27,
2006-04-28,
2006-04-29,
2006-04-30,
2006-05-01,
2006-05-02,
2006-05-03,
2006-05-04,
2006-05-05,
2006-05-06,
2006-05-07,
2006-05-08,
2006-05-09,
2006-05-10,
2006-05-11,
2006-05-12,
2006-05-13,
2006-05-14,
2006-05-15,
2006-05-16,
2006-05-17,
2006-05-18,
2006-05-19,
2006-05-20,
2006-05-21,
2006-05-22,
2006-05-23,
2006-05-24,
2006-05-25,
2006-05-26,
2006-05-27,
2006-05-28,
2006-05-29,
2006-05-30,
2006-05-31,
2006-06-01,
2006-06-02,
2006-06-03,
2006-06-04,
2006-06-05,
2006-06-06,
2006-06-07,
2006-06-08,
2006-06-09,
2006-06-10,
2006-06-11,
2006-06-12,
2006-06-13,
2006-06-14,
2006-06-15,
2006-06-16,
2006-06-17,
2006-06-18,
2006-06-19,
2006-06-20,
2006-06-21,
2006-06-22,
2006-06-23,
2006-06-24,
2006-06-25,
2006-06-26,
2006-06-27,
2006-06-28,
2006-06-29,
2006-06-30,
2006-07-01,
2006-07-02,
2006-07-03,
2006-07-04,
2006-07-05,
2006-07-06,
2006-07-07,
2006-07-08,
2006-07-09,
2006-07-10,
2006-07-11,
2006-07-12,
2006-07-13,
2006-07-14,
2006-07-15,
2006-07-16,
2006-07-17,
2006-07-18,
2006-07-19,
2006-07-20,
2006-07-21,
2006-07-22,
2006-07-23,
2006-07-24,
2006-07-25,
2006-07-26,
2006-07-27,
2006-07-28,
2006-07-29,
2006-07-30,
2006-07-31,
2006-08-01,
2006-08-02,
2006-08-03,
2006-08-04,
2006-08-05,
2006-08-06,
2006-08-07,
2006-08-08,
2006-08-09,
2006-08-10,
2006-08-11,
2006-08-12,
2006-08-13,
2006-08-14,
2006-08-15,
2006-08-16,
2006-08-17,
2006-08-18,
2006-08-19,
2006-08-20,
2006-08-21,
2006-08-22,
2006-08-23,
2006-08-24,
2006-08-25,
2006-08-26,
2006-08-27,
2006-08-28,
2006-08-29,
2006-08-30,
2006-08-31,
2006-09-01,
2006-09-02,
2006-09-03,
2006-09-04,
2006-09-05,
2006-09-06,
2006-09-07,
2006-09-08,
2006-09-09,
2006-09-10,
2006-09-11,
2006-09-12,
2006-09-13,
2006-09-14,
2006-09-15,
2006-09-16,
2006-09-17,
2006-09-18,
2006-09-19,
2006-09-20,
2006-09-21,
2006-09-22,
2006-09-23,
2006-09-24,
2006-09-25,
2006-09-26,
2006-09-27,
2006-09-28,
2006-09-29,
2006-09-30,
2006-10-01,
2006-10-02,
2006-10-03,
2006-10-04,
2006-10-05,
2006-10-06,
2006-10-07,
2006-10-08,
2006-10-09,
2006-10-10,
2006-10-11,
2006-10-12,
2006-10-13,
2006-10-14,
2006-10-15,
2006-10-16,
2006-10-17,
2006-10-18,
2006-10-19,
2006-10-20,
2006-10-21,
2006-10-22,
2006-10-23,
2006-10-24,
2006-10-25,
2006-10-26,
2006-10-27,
2006-10-28,
2006-10-29,
2006-10-30,
2006-10-31,
2006-11-01,
2006-11-02,
2006-11-03,
2006-11-04,
2006-11-05,
2006-11-06,
2006-11-07,
2006-11-08,
2006-11-09,
2006-11-10,
2006-11-11,
2006-11-12,
2006-11-13,
2006-11-14,
2006-11-15,
2006-11-16,
2006-11-17,
2006-11-18,
2006-11-19,
2006-11-20,
2006-11-21,
2006-11-22,
2006-11-23,
2006-11-24,
2006-11-25,
2006-11-26,
2006-11-27,
2006-11-28,
2006-11-29,
2006-11-30,
2006-12-01,
2006-12-02,
2006-12-03,
2006-12-04,
2006-12-05,
2006-12-06,
2006-12-07,
2006-12-08,
2006-12-09,
2006-12-10,
2006-12-11,
2006-12-12,
2006-12-13,
2006-12-14,
2006-12-15,
2006-12-16,
2006-12-17,
2006-12-18,
2006-12-19,
2006-12-20,
2006-12-21,
2006-12-22,
2006-12-23,
2006-12-24,
2006-12-25,
2006-12-26,
2006-12-27,
2006-12-28,
2006-12-29,
2006-12-30,
2006-12-31,
2007-01-01,
2007-01-02,
2007-01-03,
2007-01-04,
2007-01-05,
2007-01-06,
2007-01-07,
2007-01-08,
2007-01-09,
2007-01-10,
2007-01-11,
2007-01-12,
2007-01-13,
2007-01-14,
2007-01-15,
2007-01-16,
2007-01-17,
2007-01-18,
2007-01-19,
2007-01-20,
2007-01-21,
2007-01-22,
2007-01-23,
2007-01-24,
2007-01-25,
2007-01-26,
2007-01-27,
2007-01-28,
2007-01-29,
2007-01-30,
2007-01-31,
2007-02-01,
2007-02-02,
2007-02-03,
2007-02-04,
2007-02-05,
2007-02-06,
2007-02-07,
2007-02-08,
2007-02-09,
2007-02-10,
2007-02-11,
2007-02-12,
2007-02-13,
2007-02-14,
2007-02-15,
2007-02-16,
2007-02-17,
2007-02-18,
2007-02-19,
2007-02-20,
2007-02-21,
2007-02-22,
2007-02-23,
2007-02-24,
2007-02-25,
2007-02-26,
2007-02-27,
2007-02-28,
2007-03-01,
2007-03-02,
2007-03-03,
2007-03-04,
2007-03-05,
2007-03-06,
2007-03-07,
2007-03-08,
2007-03-09,
2007-03-10,
2007-03-11,
2007-03-12,
2007-03-13,
2007-03-14,
2007-03-15,
2007-03-16,
2007-03-17,
2007-03-18,
2007-03-19,
2007-03-20,
2007-03-21,
2007-03-22,
2007-03-23,
2007-03-24,
2007-03-25,
2007-03-26,
2007-03-27,
2007-03-28,
2007-03-29,
2007-03-30,
2007-03-31,
2007-04-01,
2007-04-02,
2007-04-03,
2007-04-04,
2007-04-05,
2007-04-06,
2007-04-07,
2007-04-08,
2007-04-09,
2007-04-10,
2007-04-11,
2007-04-12,
2007-04-13,
2007-04-14,
2007-04-15,
2007-04-16,
2007-04-17,
2007-04-18,
2007-04-19,
2007-04-20,
2007-04-21,
2007-04-22,
2007-04-23,
2007-04-24,
2007-04-25,
2007-04-26,
2007-04-27,
2007-04-28,
2007-04-29,
2007-04-30,
2007-05-01,
2007-05-02,
2007-05-03,
2007-05-04,
2007-05-05,
2007-05-06,
2007-05-07,
2007-05-08,
2007-05-09,
2007-05-10,
2007-05-11,
2007-05-12,
2007-05-13,
2007-05-14,
2007-05-15,
2007-05-16,
2007-05-17,
2007-05-18,
2007-05-19,
2007-05-20,
2007-05-21,
2007-05-22,
2007-05-23,
2007-05-24,
2007-05-25,
2007-05-26,
2007-05-27,
2007-05-28,
2007-05-29,
2007-05-30,
2007-05-31,
2007-06-01,
2007-06-02,
2007-06-03,
2007-06-04,
2007-06-05,
2007-06-06,
2007-06-07,
2007-06-08,
2007-06-09,
2007-06-10,
2007-06-11,
2007-06-12,
2007-06-13,
2007-06-14,
2007-06-15,
2007-06-16,
2007-06-17,
2007-06-18,
2007-06-19,
2007-06-20,
2007-06-21,
2007-06-22,
2007-06-23,
2007-06-24,
2007-06-25,
2007-06-26,
2007-06-27,
2007-06-28,
2007-06-29,
2007-06-30,
2007-07-01,
2007-07-02,
2007-07-03,
2007-07-04,
2007-07-05,
2007-07-06,
2007-07-07,
2007-07-08,
2007-07-09,
2007-07-10,
2007-07-11,
2007-07-12,
2007-07-13,
2007-07-14,
2007-07-15,
2007-07-16,
2007-07-17,
2007-07-18,
2007-07-19,
2007-07-20,
2007-07-21,
2007-07-22,
2007-07-23,
2007-07-24,
2007-07-25,
2007-07-26,
2007-07-27,
2007-07-28,
2007-07-29,
2007-07-30,
2007-07-31,
2007-08-01,
2007-08-02,
2007-08-03,
2007-08-04,
2007-08-05,
2007-08-06,
2007-08-07,
2007-08-08,
2007-08-09,
2007-08-10,
2007-08-11,
2007-08-12,
2007-08-13,
2007-08-14,
2007-08-15,
2007-08-16,
2007-08-17,
2007-08-18,
2007-08-19,
2007-08-20,
2007-08-21,
2007-08-22,
2007-08-23,
2007-08-24,
2007-08-25,
2007-08-26,
2007-08-27,
2007-08-28,
2007-08-29,
2007-08-30,
2007-08-31,
2007-09-01,
2007-09-02,
2007-09-03,
2007-09-04,
2007-09-05,
2007-09-06,
2007-09-07,
2007-09-08,
2007-09-09,
2007-09-10,
2007-09-11,
2007-09-12,
2007-09-13,
2007-09-14,
2007-09-15,
2007-09-16,
2007-09-17,
2007-09-18,
2007-09-19,
2007-09-20,
2007-09-21,
2007-09-22,
2007-09-23,
2007-09-24,
2007-09-25,
2007-09-26,
2007-09-27,
2007-09-28,
2007-09-29,
2007-09-30,
2007-10-01,
2007-10-02,
2007-10-03,
2007-10-04,
2007-10-05,
2007-10-06,
2007-10-07,
2007-10-08,
2007-10-09,
2007-10-10,
2007-10-11,
2007-10-12,
2007-10-13,
2007-10-14,
2007-10-15,
2007-10-16,
2007-10-17,
2007-10-18,
2007-10-19,
2007-10-20,
2007-10-21,
2007-10-22,
2007-10-23,
2007-10-24,
2007-10-25,
2007-10-26,
2007-10-27,
2007-10-28,
2007-10-29,
2007-10-30,
2007-10-31,
2007-11-01,
2007-11-02,
2007-11-03,
2007-11-04,
2007-11-05,
2007-11-06,
2007-11-07,
2007-11-08,
2007-11-09,
2007-11-10,
2007-11-11,
2007-11-12,
2007-11-13,
2007-11-14,
2007-11-15,
2007-11-16,
2007-11-17,
2007-11-18,
2007-11-19,
2007-11-20,
2007-11-21,
2007-11-22,
2007-11-23,
2007-11-24,
2007-11-25,
2007-11-26,
2007-11-27,
2007-11-28,
2007-11-29,
2007-11-30,
2007-12-01,
2007-12-02,
2007-12-03,
2007-12-04,
2007-12-05,
2007-12-06,
2007-12-07,
2007-12-08,
2007-12-09,
2007-12-10,
2007-12-11,
2007-12-12,
2007-12-13,
2007-12-14,
2007-12-15,
2007-12-16,
2007-12-17,
2007-12-18,
2007-12-19,
2007-12-20,
2007-12-21,
2007-12-22,
2007-12-23,
2007-12-24,
2007-12-25,
2007-12-26,
2007-12-27,
2007-12-28,
2007-12-29,
2007-12-30,
2007-12-31,
2008-01-01,
2008-01-02,
2008-01-03,
2008-01-04,
2008-01-05,
2008-01-06,
2008-01-07,
2008-01-08,
2008-01-09,
2008-01-10,
2008-01-11,
2008-01-12,
2008-01-13,
2008-01-14,
2008-01-15,
2008-01-16,
2008-01-17,
2008-01-18,
2008-01-19,
2008-01-20,
2008-01-21,
2008-01-22,
2008-01-23,
2008-01-24,
2008-01-25,
2008-01-26,
2008-01-27,
2008-01-28,
2008-01-29,
2008-01-30,
2008-01-31,
2008-02-01,
2008-02-02,
2008-02-03,
2008-02-04,
2008-02-05,
2008-02-06,
2008-02-07,
2008-02-08,
2008-02-09,
2008-02-10,
2008-02-11,
2008-02-12,
2008-02-13,
2008-02-14,
2008-02-15,
2008-02-16,
2008-02-17,
2008-02-18,
2008-02-19,
2008-02-20,
2008-02-21,
2008-02-22,
2008-02-23,
2008-02-24,
2008-02-25,
2008-02-26,
2008-02-27,
2008-02-28,
2008-02-29,
2008-03-01,
2008-03-02,
2008-03-03,
2008-03-04,
2008-03-05,
2008-03-06,
2008-03-07,
2008-03-08,
2008-03-09,
2008-03-10,
2008-03-11,
2008-03-12,
2008-03-13,
2008-03-14,
2008-03-15,
2008-03-16,
2008-03-17,
2008-03-18,
2008-03-19,
2008-03-20,
2008-03-21,
2008-03-22,
2008-03-23,
2008-03-24,
2008-03-25,
2008-03-26,
2008-03-27,
2008-03-28,
2008-03-29,
2008-03-30,
2008-03-31,
2008-04-01,
2008-04-02,
2008-04-03,
2008-04-04,
2008-04-05,
2008-04-06,
2008-04-07,
2008-04-08,
2008-04-09,
2008-04-10,
2008-04-11,
2008-04-12,
2008-04-13,
2008-04-14,
2008-04-15,
2008-04-16,
2008-04-17,
2008-04-18,
2008-04-19,
2008-04-20,
2008-04-21,
2008-04-22,
2008-04-23,
2008-04-24,
2008-04-25,
2008-04-26,
2008-04-27,
2008-04-28,
2008-04-29,
2008-04-30,
2008-05-01,
2008-05-02,
2008-05-03,
2008-05-04,
2008-05-05,
2008-05-06,
2008-05-07,
2008-05-08,
2008-05-09,
2008-05-10,
2008-05-11,
2008-05-12,
2008-05-13,
2008-05-14,
2008-05-15,
2008-05-16,
2008-05-17,
2008-05-18,
2008-05-19,
2008-05-20,
2008-05-21,
2008-05-22,
2008-05-23,
2008-05-24,
2008-05-25,
2008-05-26,
2008-05-27,
2008-05-28,
2008-05-29,
2008-05-30,
2008-05-31,
2008-06-01,
2008-06-02,
2008-06-03,
2008-06-04,
2008-06-05,
2008-06-06,
2008-06-07,
2008-06-08,
2008-06-09,
2008-06-10,
2008-06-11,
2008-06-12,
2008-06-13,
2008-06-14,
2008-06-15,
2008-06-16,
2008-06-17,
2008-06-18,
2008-06-19,
2008-06-20,
2008-06-21,
2008-06-22,
2008-06-23,
2008-06-24,
2008-06-25,
2008-06-26,
2008-06-27,
2008-06-28,
2008-06-29,
2008-06-30,
2008-07-01,
2008-07-02,
2008-07-03,
2008-07-04,
2008-07-05,
2008-07-06,
2008-07-07,
2008-07-08,
2008-07-09,
2008-07-10,
2008-07-11,
2008-07-12,
2008-07-13,
2008-07-14,
2008-07-15,
2008-07-16,
2008-07-17,
2008-07-18,
2008-07-19,
2008-07-20,
2008-07-21,
2008-07-22,
2008-07-23,
2008-07-24,
2008-07-25,
2008-07-26,
2008-07-27,
2008-07-28,
2008-07-29,
2008-07-30,
2008-07-31,
2008-08-01,
2008-08-02,
2008-08-03,
2008-08-04,
2008-08-05,
2008-08-06,
2008-08-07,
2008-08-08,
2008-08-09,
2008-08-10,
2008-08-11,
2008-08-12,
2008-08-13,
2008-08-14,
2008-08-15,
2008-08-16,
2008-08-17,
2008-08-18,
2008-08-19,
2008-08-20,
2008-08-21,
2008-08-22,
2008-08-23,
2008-08-24,
2008-08-25,
2008-08-26,
2008-08-27,
2008-08-28,
2008-08-29,
2008-08-30,
2008-08-31,
2008-09-01,
2008-09-02,
2008-09-03,
2008-09-04,
2008-09-05,
2008-09-06,
2008-09-07,
2008-09-08,
2008-09-09,
2008-09-10,
2008-09-11,
2008-09-12,
2008-09-13,
2008-09-14,
2008-09-15,
2008-09-16,
2008-09-17,
2008-09-18,
2008-09-19,
2008-09-20,
2008-09-21,
2008-09-22,
2008-09-23,
2008-09-24,
2008-09-25,
2008-09-26,
2008-09-27,
2008-09-28,
2008-09-29,
2008-09-30,
2008-10-01,
2008-10-02,
2008-10-03,
2008-10-04,
2008-10-05,
2008-10-06,
2008-10-07,
2008-10-08,
2008-10-09,
2008-10-10,
2008-10-11,
2008-10-12,
2008-10-13,
2008-10-14,
2008-10-15,
2008-10-16,
2008-10-17,
2008-10-18,
2008-10-19,
2008-10-20,
2008-10-21,
2008-10-22,
2008-10-23,
2008-10-24,
2008-10-25,
2008-10-26,
2008-10-27,
2008-10-28,
2008-10-29,
2008-10-30,
2008-10-31,
2008-11-01,
2008-11-02,
2008-11-03,
2008-11-04,
2008-11-05,
2008-11-06,
2008-11-07,
2008-11-08,
2008-11-09,
2008-11-10,
2008-11-11,
2008-11-12,
2008-11-13,
2008-11-14,
2008-11-15,
2008-11-16,
2008-11-17,
2008-11-18,
2008-11-19,
2008-11-20,
2008-11-21,
2008-11-22,
2008-11-23,
2008-11-24,
2008-11-25,
2008-11-26,
2008-11-27,
2008-11-28,
2008-11-29,
2008-11-30,
2008-12-01,
2008-12-02,
2008-12-03,
2008-12-04,
2008-12-05,
2008-12-06,
2008-12-07,
2008-12-08,
2008-12-09,
2008-12-10,
2008-12-11,
2008-12-12,
2008-12-13,
2008-12-14,
2008-12-15,
2008-12-16,
2008-12-17,
2008-12-18,
2008-12-19,
2008-12-20,
2008-12-21,
2008-12-22,
2008-12-23,
2008-12-24,
2008-12-25,
2008-12-26,
2008-12-27,
2008-12-28,
2008-12-29,
2008-12-30,
2008-12-31,
2009-01-01,
2009-01-02,
2009-01-03,
2009-01-04,
2009-01-05,
2009-01-06,
2009-01-07,
2009-01-08,
2009-01-09,
2009-01-10,
2009-01-11,
2009-01-12,
2009-01-13,
2009-01-14,
2009-01-15,
2009-01-16,
2009-01-17,
2009-01-18,
2009-01-19,
2009-01-20,
2009-01-21,
2009-01-22,
2009-01-23,
2009-01-24,
2009-01-25,
2009-01-26,
2009-01-27,
2009-01-28,
2009-01-29,
2009-01-30,
2009-01-31,
2009-02-01,
2009-02-02,
2009-02-03,
2009-02-04,
2009-02-05,
2009-02-06,
2009-02-07,
2009-02-08,
2009-02-09,
2009-02-10,
2009-02-11,
2009-02-12,
2009-02-13,
2009-02-14,
2009-02-15,
2009-02-16,
2009-02-17,
2009-02-18,
2009-02-19,
2009-02-20,
2009-02-21,
2009-02-22,
2009-02-23,
2009-02-24,
2009-02-25,
2009-02-26,
2009-02-27,
2009-02-28,
2009-03-01,
2009-03-02,
2009-03-03,
2009-03-04,
2009-03-05,
2009-03-06,
2009-03-07,
2009-03-08,
2009-03-09,
2009-03-10,
2009-03-11,
2009-03-12,
2009-03-13,
2009-03-14,
2009-03-15,
2009-03-16,
2009-03-17,
2009-03-18,
2009-03-19,
2009-03-20,
2009-03-21,
2009-03-22,
2009-03-23,
2009-03-24,
2009-03-25,
2009-03-26,
2009-03-27,
2009-03-28,
2009-03-29,
2009-03-30,
2009-03-31,
2009-04-01,
2009-04-02,
2009-04-03,
2009-04-04,
2009-04-05,
2009-04-06,
2009-04-07,
2009-04-08,
2009-04-09,
2009-04-10,
2009-04-11,
2009-04-12,
2009-04-13,
2009-04-14,
2009-04-15,
2009-04-16,
2009-04-17,
2009-04-18,
2009-04-19,
2009-04-20,
2009-04-21,
2009-04-22,
2009-04-23,
2009-04-24,
2009-04-25,
2009-04-26,
2009-04-27,
2009-04-28,
2009-04-29,
2009-04-30,
2009-05-01,
2009-05-02,
2009-05-03,
2009-05-04,
2009-05-05,
2009-05-06,
2009-05-07,
2009-05-08,
2009-05-09,
2009-05-10,
2009-05-11,
2009-05-12,
2009-05-13,
2009-05-14,
2009-05-15,
2009-05-16,
2009-05-17,
2009-05-18,
2009-05-19,
2009-05-20,
2009-05-21,
2009-05-22,
2009-05-23,
2009-05-24,
2009-05-25,
2009-05-26,
2009-05-27,
2009-05-28,
2009-05-29,
2009-05-30,
2009-05-31,
2009-06-01,
2009-06-02,
2009-06-03,
2009-06-04,
2009-06-05,
2009-06-06,
2009-06-07,
2009-06-08,
2009-06-09,
2009-06-10,
2009-06-11,
2009-06-12,
2009-06-13,
2009-06-14,
2009-06-15,
2009-06-16,
2009-06-17,
2009-06-18,
2009-06-19,
2009-06-20,
2009-06-21,
2009-06-22,
2009-06-23,
2009-06-24,
2009-06-25,
2009-06-26,
2009-06-27,
2009-06-28,
2009-06-29,
2009-06-30,
2009-07-01,
2009-07-02,
2009-07-03,
2009-07-04,
2009-07-05,
2009-07-06,
2009-07-07,
2009-07-08,
2009-07-09,
2009-07-10,
2009-07-11,
2009-07-12,
2009-07-13,
2009-07-14,
2009-07-15,
2009-07-16,
2009-07-17,
2009-07-18,
2009-07-19,
2009-07-20,
2009-07-21,
2009-07-22,
2009-07-23,
2009-07-24,
2009-07-25,
2009-07-26,
2009-07-27,
2009-07-28,
2009-07-29,
2009-07-30,
2009-07-31,
2009-08-01,
2009-08-02,
2009-08-03,
2009-08-04,
2009-08-05,
2009-08-06,
2009-08-07,
2009-08-08,
2009-08-09,
2009-08-10,
2009-08-11,
2009-08-12,
2009-08-13,
2009-08-14,
2009-08-15,
2009-08-16,
2009-08-17,
2009-08-18,
2009-08-19,
2009-08-20,
2009-08-21,
2009-08-22,
2009-08-23,
2009-08-24,
2009-08-25,
2009-08-26,
2009-08-27,
2009-08-28,
2009-08-29,
2009-08-30,
2009-08-31,
2009-09-01,
2009-09-02,
2009-09-03,
2009-09-04,
2009-09-05,
2009-09-06,
2009-09-07,
2009-09-08,
2009-09-09,
2009-09-10,
2009-09-11,
2009-09-12,
2009-09-13,
2009-09-14,
2009-09-15,
2009-09-16,
2009-09-17,
2009-09-18,
2009-09-19,
2009-09-20,
2009-09-21,
2009-09-22,
2009-09-23,
2009-09-24,
2009-09-25,
2009-09-26,
2009-09-27,
2009-09-28,
2009-09-29,
2009-09-30,
2009-10-01,
2009-10-02,
2009-10-03,
2009-10-04,
2009-10-05,
2009-10-06,
2009-10-07,
2009-10-08,
2009-10-09,
2009-10-10,
2009-10-11,
2009-10-12,
2009-10-13,
2009-10-14,
2009-10-15,
2009-10-16,
2009-10-17,
2009-10-18,
2009-10-19,
2009-10-20,
2009-10-21,
2009-10-22,
2009-10-23,
2009-10-24,
2009-10-25,
2009-10-26,
2009-10-27,
2009-10-28,
2009-10-29,
2009-10-30,
2009-10-31,
2009-11-01,
2009-11-02,
2009-11-03,
2009-11-04,
2009-11-05,
2009-11-06,
2009-11-07,
2009-11-08,
2009-11-09,
2009-11-10,
2009-11-11,
2009-11-12,
2009-11-13,
2009-11-14,
2009-11-15,
2009-11-16,
2009-11-17,
2009-11-18,
2009-11-19,
2009-11-20,
2009-11-21,
2009-11-22,
2009-11-23,
2009-11-24,
2009-11-25,
2009-11-26,
2009-11-27,
2009-11-28,
2009-11-29,
2009-11-30,
2009-12-01,
2009-12-02,
2009-12-03,
2009-12-04,
2009-12-05,
2009-12-06,
2009-12-07,
2009-12-08,
2009-12-09,
2009-12-10,
2009-12-11,
2009-12-12,
2009-12-13,
2009-12-14,
2009-12-15,
2009-12-16,
2009-12-17,
2009-12-18,
2009-12-19,
2009-12-20,
2009-12-21,
2009-12-22,
2009-12-23,
2009-12-24,
2009-12-25,
2009-12-26,
2009-12-27,
2009-12-28,
2009-12-29,
2009-12-30,
2009-12-31,
2010-01-01,
2010-01-02,
2010-01-03,
2010-01-04,
2010-01-05,
2010-01-06,
2010-01-07,
2010-01-08,
2010-01-09,
2010-01-10,
2010-01-11,
2010-01-12,
2010-01-13,
2010-01-14,
2010-01-15,
2010-01-16,
2010-01-17,
2010-01-18,
2010-01-19,
2010-01-20,
2010-01-21,
2010-01-22,
2010-01-23,
2010-01-24,
2010-01-25,
2010-01-26,
2010-01-27,
2010-01-28,
2010-01-29,
2010-01-30,
2010-01-31,
2010-02-01,
2010-02-02,
2010-02-03,
2010-02-04,
2010-02-05,
2010-02-06,
2010-02-07,
2010-02-08,
2010-02-09,
2010-02-10,
2010-02-11,
2010-02-12,
2010-02-13,
2010-02-14,
2010-02-15,
2010-02-16,
2010-02-17,
2010-02-18,
2010-02-19,
2010-02-20,
2010-02-21,
2010-02-22,
2010-02-23,
2010-02-24,
2010-02-25,
2010-02-26,
2010-02-27,
2010-02-28,
2010-03-01,
2010-03-02,
2010-03-03,
2010-03-04,
2010-03-05,
2010-03-06,
2010-03-07,
2010-03-08,
2010-03-09,
2010-03-10,
2010-03-11,
2010-03-12,
2010-03-13,
2010-03-14,
2010-03-15,
2010-03-16,
2010-03-17,
2010-03-18,
2010-03-19,
2010-03-20,
2010-03-21,
2010-03-22,
2010-03-23,
2010-03-24,
2010-03-25,
2010-03-26,
2010-03-27,
2010-03-28,
2010-03-29,
2010-03-30,
2010-03-31,
2010-04-01,
2010-04-02,
2010-04-03,
2010-04-04,
2010-04-05,
2010-04-06,
2010-04-07,
2010-04-08,
2010-04-09,
2010-04-10,
2010-04-11,
2010-04-12,
2010-04-13,
2010-04-14,
2010-04-15,
2010-04-16,
2010-04-17,
2010-04-18,
2010-04-19,
2010-04-20,
2010-04-21,
2010-04-22,
2010-04-23,
2010-04-24,
2010-04-25,
2010-04-26,
2010-04-27,
2010-04-28,
2010-04-29,
2010-04-30,
2010-05-01,
2010-05-02,
2010-05-03,
2010-05-04,
2010-05-05,
2010-05-06,
2010-05-07,
2010-05-08,
2010-05-09,
2010-05-10,
2010-05-11,
2010-05-12,
2010-05-13,
2010-05-14,
2010-05-15,
2010-05-16,
2010-05-17,
2010-05-18,
2010-05-19,
2010-05-20,
2010-05-21,
2010-05-22,
2010-05-23,
2010-05-24,
2010-05-25,
2010-05-26,
2010-05-27,
2010-05-28,
2010-05-29,
2010-05-30,
2010-05-31,
2010-06-01,
2010-06-02,
2010-06-03,
2010-06-04,
2010-06-05,
2010-06-06,
2010-06-07,
2010-06-08,
2010-06-09,
2010-06-10,
2010-06-11,
2010-06-12,
2010-06-13,
2010-06-14,
2010-06-15,
2010-06-16,
2010-06-17,
2010-06-18,
2010-06-19,
2010-06-20,
2010-06-21,
2010-06-22,
2010-06-23,
2010-06-24,
2010-06-25,
2010-06-26,
2010-06-27,
2010-06-28,
2010-06-29,
2010-06-30,
2010-07-01,
2010-07-02,
2010-07-03,
2010-07-04,
2010-07-05,
2010-07-06,
2010-07-07,
2010-07-08,
2010-07-09,
2010-07-10,
2010-07-11,
2010-07-12,
2010-07-13,
2010-07-14,
2010-07-15,
2010-07-16,
2010-07-17,
2010-07-18,
2010-07-19,
2010-07-20,
2010-07-21,
2010-07-22,
2010-07-23,
2010-07-24,
2010-07-25,
2010-07-26,
2010-07-27,
2010-07-28,
2010-07-29,
2010-07-30,
2010-07-31,
2010-08-01,
2010-08-02,
2010-08-03,
2010-08-04,
2010-08-05,
2010-08-06,
2010-08-07,
2010-08-08,
2010-08-09,
2010-08-10,
2010-08-11,
2010-08-12,
2010-08-13,
2010-08-14,
2010-08-15,
2010-08-16,
2010-08-17,
2010-08-18,
2010-08-19,
2010-08-20,
2010-08-21,
2010-08-22,
2010-08-23,
2010-08-24,
2010-08-25,
2010-08-26,
2010-08-27,
2010-08-28,
2010-08-29,
2010-08-30,
2010-08-31,
2010-09-01,
2010-09-02,
2010-09-03,
2010-09-04,
2010-09-05,
2010-09-06,
2010-09-07,
2010-09-08,
2010-09-09,
2010-09-10,
2010-09-11,
2010-09-12,
2010-09-13,
2010-09-14,
2010-09-15,
2010-09-16,
2010-09-17,
2010-09-18,
2010-09-19,
2010-09-20,
2010-09-21,
2010-09-22,
2010-09-23,
2010-09-24,
2010-09-25,
2010-09-26,
2010-09-27,
2010-09-28,
2010-09-29,
2010-09-30,
2010-10-01,
2010-10-02,
2010-10-03,
2010-10-04,
2010-10-05,
2010-10-06,
2010-10-07,
2010-10-08,
2010-10-09,
2010-10-10,
2010-10-11,
2010-10-12,
2010-10-13,
2010-10-14,
2010-10-15,
2010-10-16,
2010-10-17,
2010-10-18,
2010-10-19,
2010-10-20,
2010-10-21,
2010-10-22,
2010-10-23,
2010-10-24,
2010-10-25,
2010-10-26,
2010-10-27,
2010-10-28,
2010-10-29,
2010-10-30,
2010-10-31,
2010-11-01,
2010-11-02,
2010-11-03,
2010-11-04,
2010-11-05,
2010-11-06,
2010-11-07,
2010-11-08,
2010-11-09,
2010-11-10,
2010-11-11,
2010-11-12,
2010-11-13,
2010-11-14,
2010-11-15,
2010-11-16,
2010-11-17,
2010-11-18,
2010-11-19,
2010-11-20,
2010-11-21,
2010-11-22,
2010-11-23,
2010-11-24,
2010-11-25,
2010-11-26,
2010-11-27,
2010-11-28,
2010-11-29,
2010-11-30,
2010-12-01,
2010-12-02,
2010-12-03,
2010-12-04,
2010-12-05,
2010-12-06,
2010-12-07,
2010-12-08,
2010-12-09,
2010-12-10,
2010-12-11,
2010-12-12,
2010-12-13,
2010-12-14,
2010-12-15,
2010-12-16,
2010-12-17,
2010-12-18,
2010-12-19,
2010-12-20,
2010-12-21,
2010-12-22,
2010-12-23,
2010-12-24,
2010-12-25,
2010-12-26,
2010-12-27,
2010-12-28,
2010-12-29,
2010-12-30,
2010-12-31,
2011-01-01,
2011-01-02,
2011-01-03,
2011-01-04,
2011-01-05,
2011-01-06,
2011-01-07,
2011-01-08,
2011-01-09,
2011-01-10,
2011-01-11,
2011-01-12,
2011-01-13,
2011-01-14,
2011-01-15,
2011-01-16,
2011-01-17,
2011-01-18,
2011-01-19,
2011-01-20,
2011-01-21,
2011-01-22,
2011-01-23,
2011-01-24,
2011-01-25,
2011-01-26,
2011-01-27,
2011-01-28,
2011-01-29,
2011-01-30,
2011-01-31,
2011-02-01,
2011-02-02,
2011-02-03,
2011-02-04,
2011-02-05,
2011-02-06,
2011-02-07,
2011-02-08,
2011-02-09,
2011-02-10,
2011-02-11,
2011-02-12,
2011-02-13,
2011-02-14,
2011-02-15,
2011-02-16,
2011-02-17,
2011-02-18,
2011-02-19,
2011-02-20,
2011-02-21,
2011-02-22,
2011-02-23,
2011-02-24,
2011-02-25,
2011-02-26,
2011-02-27,
2011-02-28,
2011-03-01,
2011-03-02,
2011-03-03,
2011-03-04,
2011-03-05,
2011-03-06,
2011-03-07,
2011-03-08,
2011-03-09,
2011-03-10,
2011-03-11,
2011-03-12,
2011-03-13,
2011-03-14,
2011-03-15,
2011-03-16,
2011-03-17,
2011-03-18,
2011-03-19,
2011-03-20,
2011-03-21,
2011-03-22,
2011-03-23,
2011-03-24,
2011-03-25,
2011-03-26,
2011-03-27,
2011-03-28,
2011-03-29,
2011-03-30,
2011-03-31,
2011-04-01,
2011-04-02,
2011-04-03,
2011-04-04,
2011-04-05,
2011-04-06,
2011-04-07,
2011-04-08,
2011-04-09,
2011-04-10,
2011-04-11,
2011-04-12,
2011-04-13,
2011-04-14,
2011-04-15,
2011-04-16,
2011-04-17,
2011-04-18,
2011-04-19,
2011-04-20,
2011-04-21,
2011-04-22,
2011-04-23,
2011-04-24,
2011-04-25,
2011-04-26,
2011-04-27,
2011-04-28,
2011-04-29,
2011-04-30,
2011-05-01,
2011-05-02,
2011-05-03,
2011-05-04,
2011-05-05,
2011-05-06,
2011-05-07,
2011-05-08,
2011-05-09,
2011-05-10,
2011-05-11,
2011-05-12,
2011-05-13,
2011-05-14,
2011-05-15,
2011-05-16,
2011-05-17,
2011-05-18,
2011-05-19,
2011-05-20,
2011-05-21,
2011-05-22,
2011-05-23,
2011-05-24,
2011-05-25,
2011-05-26,
2011-05-27,
2011-05-28,
2011-05-29,
2011-05-30,
2011-05-31,
2011-06-01,
2011-06-02,
2011-06-03,
2011-06-04,
2011-06-05,
2011-06-06,
2011-06-07,
2011-06-08,
2011-06-09,
2011-06-10,
2011-06-11,
2011-06-12,
2011-06-13,
2011-06-14,
2011-06-15,
2011-06-16,
2011-06-17,
2011-06-18,
2011-06-19,
2011-06-20,
2011-06-21,
2011-06-22,
2011-06-23,
2011-06-24,
2011-06-25,
2011-06-26,
2011-06-27,
2011-06-28,
2011-06-29,
2011-06-30,
2011-07-01,
2011-07-02,
2011-07-03,
2011-07-04,
2011-07-05,
2011-07-06,
2011-07-07,
2011-07-08,
2011-07-09,
2011-07-10,
2011-07-11,
2011-07-12,
2011-07-13,
2011-07-14,
2011-07-15,
2011-07-16,
2011-07-17,
2011-07-18,
2011-07-19,
2011-07-20,
2011-07-21,
2011-07-22,
2011-07-23,
2011-07-24,
2011-07-25,
2011-07-26,
2011-07-27,
2011-07-28,
2011-07-29,
2011-07-30,
2011-07-31,
2011-08-01,
2011-08-02,
2011-08-03,
2011-08-04,
2011-08-05,
2011-08-06,
2011-08-07,
2011-08-08,
2011-08-09,
2011-08-10,
2011-08-11,
2011-08-12,
2011-08-13,
2011-08-14,
2011-08-15,
2011-08-16,
2011-08-17,
2011-08-18,
2011-08-19,
2011-08-20,
2011-08-21,
2011-08-22,
2011-08-23,
2011-08-24,
2011-08-25,
2011-08-26,
2011-08-27,
2011-08-28,
2011-08-29,
2011-08-30,
2011-08-31,
2011-09-01,
2011-09-02,
2011-09-03,
2011-09-04,
2011-09-05,
2011-09-06,
2011-09-07,
2011-09-08,
2011-09-09,
2011-09-10,
2011-09-11,
2011-09-12,
2011-09-13,
2011-09-14,
2011-09-15,
2011-09-16,
2011-09-17,
2011-09-18,
2011-09-19,
2011-09-20,
2011-09-21,
2011-09-22,
2011-09-23,
2011-09-24,
2011-09-25,
2011-09-26,
2011-09-27,
2011-09-28,
2011-09-29,
2011-09-30,
2011-10-01,
2011-10-02,
2011-10-03,
2011-10-04,
2011-10-05,
2011-10-06,
2011-10-07,
2011-10-08,
2011-10-09,
2011-10-10,
2011-10-11,
2011-10-12,
2011-10-13,
2011-10-14,
2011-10-15,
2011-10-16,
2011-10-17,
2011-10-18,
2011-10-19,
2011-10-20,
2011-10-21,
2011-10-22,
2011-10-23,
2011-10-24,
2011-10-25,
2011-10-26,
2011-10-27,
2011-10-28,
2011-10-29,
2011-10-30,
2011-10-31,
2011-11-01,
2011-11-02,
2011-11-03,
2011-11-04,
2011-11-05,
2011-11-06,
2011-11-07,
2011-11-08,
2011-11-09,
2011-11-10,
2011-11-11,
2011-11-12,
2011-11-13,
2011-11-14,
2011-11-15,
2011-11-16,
2011-11-17,
2011-11-18,
2011-11-19,
2011-11-20,
2011-11-21,
2011-11-22,
2011-11-23,
2011-11-24,
2011-11-25,
2011-11-26,
2011-11-27,
2011-11-28,
2011-11-29,
2011-11-30,
2011-12-01,
2011-12-02,
2011-12-03,
2011-12-04,
2011-12-05,
2011-12-06,
2011-12-07,
2011-12-08,
2011-12-09,
2011-12-10,
2011-12-11,
2011-12-12,
2011-12-13,
2011-12-14,
2011-12-15,
2011-12-16,
2011-12-17,
2011-12-18,
2011-12-19,
2011-12-20,
2011-12-21,
2011-12-22,
2011-12-23,
2011-12-24,
2011-12-25,
2011-12-26,
2011-12-27,
2011-12-28,
2011-12-29,
2011-12-30,
2011-12-31,
2012-01-01,
2012-01-02,
2012-01-03,
2012-01-04,
2012-01-05,
2012-01-06,
2012-01-07,
2012-01-08,
2012-01-09,
2012-01-10,
2012-01-11,
2012-01-12,
2012-01-13,
2012-01-14,
2012-01-15,
2012-01-16,
2012-01-17,
2012-01-18,
2012-01-19,
2012-01-20,
2012-01-21,
2012-01-22,
2012-01-23,
2012-01-24,
2012-01-25,
2012-01-26,
2012-01-27,
2012-01-28,
2012-01-29,
2012-01-30,
2012-01-31,
2012-02-01,
2012-02-02,
2012-02-03,
2012-02-04,
2012-02-05,
2012-02-06,
2012-02-07,
2012-02-08,
2012-02-09,
2012-02-10,
2012-02-11,
2012-02-12,
2012-02-13,
2012-02-14,
2012-02-15,
2012-02-16,
2012-02-17,
2012-02-18,
2012-02-19,
2012-02-20,
2012-02-21,
2012-02-22,
2012-02-23,
2012-02-24,
2012-02-25,
2012-02-26,
2012-02-27,
2012-02-28,
2012-02-29,
2012-03-01,
2012-03-02,
2012-03-03,
2012-03-04,
2012-03-05,
2012-03-06,
2012-03-07,
2012-03-08,
2012-03-09,
2012-03-10,
2012-03-11,
2012-03-12,
2012-03-13,
2012-03-14,
2012-03-15,
2012-03-16,
2012-03-17,
2012-03-18,
2012-03-19,
2012-03-20,
2012-03-21,
2012-03-22,
2012-03-23,
2012-03-24,
2012-03-25,
2012-03-26,
2012-03-27,
2012-03-28,
2012-03-29,
2012-03-30,
2012-03-31,
2012-04-01,
2012-04-02,
2012-04-03,
2012-04-04,
2012-04-05,
2012-04-06,
2012-04-07,
2012-04-08,
2012-04-09,
2012-04-10,
2012-04-11,
2012-04-12,
2012-04-13,
2012-04-14,
2012-04-15,
2012-04-16,
2012-04-17,
2012-04-18,
2012-04-19,
2012-04-20,
2012-04-21,
2012-04-22,
2012-04-23,
2012-04-24,
2012-04-25,
2012-04-26,
2012-04-27,
2012-04-28,
2012-04-29,
2012-04-30,
2012-05-01,
2012-05-02,
2012-05-03,
2012-05-04,
2012-05-05,
2012-05-06,
2012-05-07,
2012-05-08,
2012-05-09,
2012-05-10,
2012-05-11,
2012-05-12,
2012-05-13,
2012-05-14,
2012-05-15,
2012-05-16,
2012-05-17,
2012-05-18,
2012-05-19,
2012-05-20,
2012-05-21,
2012-05-22,
2012-05-23,
2012-05-24,
2012-05-25,
2012-05-26,
2012-05-27,
2012-05-28,
2012-05-29,
2012-05-30,
2012-05-31,
2012-06-01,
2012-06-02,
2012-06-03,
2012-06-04,
2012-06-05,
2012-06-06,
2012-06-07,
2012-06-08,
2012-06-09,
2012-06-10,
2012-06-11,
2012-06-12,
2012-06-13,
2012-06-14,
2012-06-15,
2012-06-16,
2012-06-17,
2012-06-18,
2012-06-19,
2012-06-20,
2012-06-21,
2012-06-22,
2012-06-23,
2012-06-24,
2012-06-25,
2012-06-26,
2012-06-27,
2012-06-28,
2012-06-29,
2012-06-30,
2012-07-01,
2012-07-02,
2012-07-03,
2012-07-04,
2012-07-05,
2012-07-06,
2012-07-07,
2012-07-08,
2012-07-09,
2012-07-10,
2012-07-11,
2012-07-12,
2012-07-13,
2012-07-14,
2012-07-15,
2012-07-16,
2012-07-17,
2012-07-18,
2012-07-19,
2012-07-20,
2012-07-21,
2012-07-22,
2012-07-23,
2012-07-24,
2012-07-25,
2012-07-26,
2012-07-27,
2012-07-28,
2012-07-29,
2012-07-30,
2012-07-31,
2012-08-01,
2012-08-02,
2012-08-03,
2012-08-04,
2012-08-05,
2012-08-06,
2012-08-07,
2012-08-08,
2012-08-09,
2012-08-10,
2012-08-11,
2012-08-12,
2012-08-13,
2012-08-14,
2012-08-15,
2012-08-16,
2012-08-17,
2012-08-18,
2012-08-19,
2012-08-20,
2012-08-21,
2012-08-22,
2012-08-23,
2012-08-24,
2012-08-25,
2012-08-26,
2012-08-27,
2012-08-28,
2012-08-29,
2012-08-30,
2012-08-31,
2012-09-01,
2012-09-02,
2012-09-03,
2012-09-04,
2012-09-05,
2012-09-06,
2012-09-07,
2012-09-08,
2012-09-09,
2012-09-10,
2012-09-11,
2012-09-12,
2012-09-13,
2012-09-14,
2012-09-15,
2012-09-16,
2012-09-17,
2012-09-18,
2012-09-19,
2012-09-20,
2012-09-21,
2012-09-22,
2012-09-23,
2012-09-24,
2012-09-25,
2012-09-26,
2012-09-27,
2012-09-28,
2012-09-29,
2012-09-30,
2012-10-01,
2012-10-02,
2012-10-03,
2012-10-04,
2012-10-05,
2012-10-06,
2012-10-07,
2012-10-08,
2012-10-09,
2012-10-10,
2012-10-11,
2012-10-12,
2012-10-13,
2012-10-14,
2012-10-15,
2012-10-16,
2012-10-17,
2012-10-18,
2012-10-19,
2012-10-20,
2012-10-21,
2012-10-22,
2012-10-23,
2012-10-24,
2012-10-25,
2012-10-26,
2012-10-27,
2012-10-28,
2012-10-29,
2012-10-30,
2012-10-31,
2012-11-01,
2012-11-02,
2012-11-03,
2012-11-04,
2012-11-05,
2012-11-06,
2012-11-07,
2012-11-08,
2012-11-09,
2012-11-10,
2012-11-11,
2012-11-12,
2012-11-13,
2012-11-14,
2012-11-15,
2012-11-16,
2012-11-17,
2012-11-18,
2012-11-19,
2012-11-20,
2012-11-21,
2012-11-22,
2012-11-23,
2012-11-24,
2012-11-25,
2012-11-26,
2012-11-27,
2012-11-28,
2012-11-29,
2012-11-30,
2012-12-01,
2012-12-02,
2012-12-03,
2012-12-04,
2012-12-05,
2012-12-06,
2012-12-07,
2012-12-08,
2012-12-09,
2012-12-10,
2012-12-11,
2012-12-12,
2012-12-13,
2012-12-14,
2012-12-15,
2012-12-16,
2012-12-17,
2012-12-18,
2012-12-19,
2012-12-20,
2012-12-21,
2012-12-22,
2012-12-23,
2012-12-24,
2012-12-25,
2012-12-26,
2012-12-27,
2012-12-28,
2012-12-29,
2012-12-30,
2012-12-31,
2013-01-01,
2013-01-02,
2013-01-03,
2013-01-04,
2013-01-05,
2013-01-06,
2013-01-07,
2013-01-08,
2013-01-09,
2013-01-10,
2013-01-11,
2013-01-12,
2013-01-13,
2013-01-14,
2013-01-15,
2013-01-16,
2013-01-17,
2013-01-18,
2013-01-19,
2013-01-20,
2013-01-21,
2013-01-22,
2013-01-23,
2013-01-24,
2013-01-25,
2013-01-26,
2013-01-27,
2013-01-28,
2013-01-29,
2013-01-30,
2013-01-31,
2013-02-01,
2013-02-02,
2013-02-03,
2013-02-04,
2013-02-05,
2013-02-06,
2013-02-07,
2013-02-08,
2013-02-09,
2013-02-10,
2013-02-11,
2013-02-12,
2013-02-13,
2013-02-14,
2013-02-15,
2013-02-16,
2013-02-17,
2013-02-18,
2013-02-19,
2013-02-20,
2013-02-21,
2013-02-22,
2013-02-23,
2013-02-24,
2013-02-25,
2013-02-26,
2013-02-27,
2013-02-28,
2013-03-01,
2013-03-02,
2013-03-03,
2013-03-04,
2013-03-05,
2013-03-06,
2013-03-07,
2013-03-08,
2013-03-09,
2013-03-10,
2013-03-11,
2013-03-12,
2013-03-13,
2013-03-14,
2013-03-15,
2013-03-16,
2013-03-17,
2013-03-18,
2013-03-19,
2013-03-20,
2013-03-21,
2013-03-22,
2013-03-23,
2013-03-24,
2013-03-25,
2013-03-26,
2013-03-27,
2013-03-28,
2013-03-29,
2013-03-30,
2013-03-31,
2013-04-01,
2013-04-02,
2013-04-03,
2013-04-04,
2013-04-05,
2013-04-06,
2013-04-07,
2013-04-08,
2013-04-09,
2013-04-10,
2013-04-11,
2013-04-12,
2013-04-13,
2013-04-14,
2013-04-15,
2013-04-16,
2013-04-17,
2013-04-18,
2013-04-19,
2013-04-20,
2013-04-21,
2013-04-22,
2013-04-23,
2013-04-24,
2013-04-25,
2013-04-26,
2013-04-27,
2013-04-28,
2013-04-29,
2013-04-30,
2013-05-01,
2013-05-02,
2013-05-03,
2013-05-04,
2013-05-05,
2013-05-06,
2013-05-07,
2013-05-08,
2013-05-09,
2013-05-10,
2013-05-11,
2013-05-12,
2013-05-13,
2013-05-14,
2013-05-15,
2013-05-16,
2013-05-17,
2013-05-18,
2013-05-19,
2013-05-20,
2013-05-21,
2013-05-22,
2013-05-23,
2013-05-24,
2013-05-25,
2013-05-26,
2013-05-27,
2013-05-28,
2013-05-29,
2013-05-30,
2013-05-31,
2013-06-01,
2013-06-02,
2013-06-03,
2013-06-04,
2013-06-05,
2013-06-06,
2013-06-07,
2013-06-08,
2013-06-09,
2013-06-10,
2013-06-11,
2013-06-12,
2013-06-13,
2013-06-14,
2013-06-15,
2013-06-16,
2013-06-17,
2013-06-18,
2013-06-19,
2013-06-20,
2013-06-21,
2013-06-22,
2013-06-23,
2013-06-24,
2013-06-25,
2013-06-26,
2013-06-27,
2013-06-28,
2013-06-29,
2013-06-30,
2013-07-01,
2013-07-02,
2013-07-03,
2013-07-04,
2013-07-05,
2013-07-06,
2013-07-07,
2013-07-08,
2013-07-09,
2013-07-10,
2013-07-11,
2013-07-12,
2013-07-13,
2013-07-14,
2013-07-15,
2013-07-16,0.3214285714285714
2013-07-17,0.33150684931506846
2013-07-18,0.3387978142076503
2013-07-19,0.3487738419618529
2013-07-20,0.34782608695652173
2013-07-21,0.3550135501355014
2013-07-22,0.3513513513513513
2013-07-23,0.3584905660377359
2013-07-24,0.3467741935483871
2013-07-25,0.34584450402144773
2013-07-26,0.34224598930481287
2013-07-27,0.344
2013-07-28,0.3563829787234043
2013-07-29,0.33687002652519893
2013-07-30,0.33597883597883593
2013-07-31,0.3245382585751979
2013-08-01,0.3236842105263158
2013-08-02,0.33333333333333337
2013-08-03,0.337696335078534
2013-08-04,0.3420365535248042
2013-08-05,0.34114583333333337
2013-08-06,0.33506493506493507
2013-08-07,0.3393782383419689
2013-08-08,0.35400516795865633
2013-08-09,0.36855670103092786
2013-08-10,0.390745501285347
2013-08-11,0.38717948717948714
2013-08-12,0.3759590792838875
2013-08-13,0.36734693877551017
2013-08-14,0.3562340966921119
2013-08-15,0.35279187817258884
2013-08-16,0.36202531645569624
2013-08-17,0.36363636363636365
2013-08-18,0.35516372795969775
2013-08-19,0.364321608040201
2013-08-20,0.3358395989974937
2013-08-21,0.3225
2013-08-22,0.2917705735660848
2013-08-23,0.3009950248756219
2013-08-24,0.315136476426799
2013-08-25,0.31188118811881194
2013-08-26,0.28888888888888886
2013-08-27,0.29802955665024633
2013-08-28,0.27764127764127766
2013-08-29,0.27941176470588236
2013-08-30,0.28117359413202936
2013-08-31,0.26097560975609757
2013-09-01,0.25304136253041365
2013-09-02,0.25
2013-09-03,0.2566585956416465
2013-09-04,0.2584541062801933
2013-09-05,0.28433734939759037
2013-09-06,0.29567307692307687
2013-09-07,0.31894484412470026
2013-09-08,0.3110047846889952
2013-09-09,0.3269689737470167
2013-09-10,0.3047619047619048
2013-09-11,0.2992874109263658
2013-09-12,0.27725118483412325
2013-09-13,0.2907801418439716
2013-09-14,0.29009433962264153
2013-09-15,0.3105882352941176
2013-09-16,0.30516431924882625
2013-09-17,0.30210772833723654
2013-09-18,0.30140186915887845
2013-09-19,0.30536130536130535
2013-09-20,0.3441860465116279
2013-09-21,0.3549883990719258
2013-09-22,0.35416666666666663
2013-09-23,0.36720554272517325
2013-09-24,0.3732718894009217
2013-09-25,0.37011494252873567
2013-09-26,0.37844036697247707
2013-09-27,0.3707093821510298
2013-09-28,0.363013698630137
2013-09-29,0.3644646924829157
2013-09-30,0.36590909090909096
2013-10-01,0.3877551020408163
2013-10-02,0.3733031674208145
2013-10-03,0.4875846501128668
2013-10-04,0.46621621621621623
2013-10-05,0.43595505617977526
2013-10-06,0.44618834080717484
2013-10-07,0.4384787472035794
2013-10-08,0.4330357142857143
2013-10-09,0.42538975501113585
2013-10-10,0.42000000000000004
2013-10-11,0.4190687361419069
2013-10-12,0.418141592920354
2013-10-13,0.41501103752759383
2013-10-14,0.38986784140969166
2013-10-15,0.3582417582417582
2013-10-16,0.3092105263157895
2013-10-17,0.33698030634573306
2013-10-18,0.29912663755458513
2013-10-19,0.2505446623093682
2013-10-20,0.2195652173913043
2013-10-21,0.22125813449023857
2013-10-22,0.19913419913419916
2013-10-23,0.18142548596112307
2013-10-24,0.1724137931034483
2013-10-25,0.18279569892473113
2013-10-26,0.1995708154506438
2013-10-27,0.21413276231263378
2013-10-28,0.1858974358974359
2013-10-29,0.18550106609808104
2013-10-30,0.174468085106383
2013-10-31,0.18895966029723987
2013-11-01,0.18220338983050843
2013-11-02,0.18393234672304437
2013-11-03,0.18354430379746833
2013-11-04,0.17263157894736847
2013-11-05,0.15966386554621848
2013-11-06,0.1572327044025157
2013-11-07,0.12970711297071125
2013-11-08,0.07515657620041749
2013-11-09,0.04791666666666672
2013-11-10,0.0498960498960499
2013-11-11,0.051867219917012486
2013-11-12,0.04761904761904767
2013-11-13,0.039256198347107474
2013-11-14,0.026804123711340222
2013-11-15,0.01851851851851849
2013-11-16,0.024640657084188944
2013-11-17,0.018442622950819665
2013-11-18,0.010224948875255602
2013-11-19,0.0020408163265306367
2013-11-20,0.008146639511201648
2013-11-21,0.0060975609756097615
2013-11-22,0.0020283975659228792
2013-11-23,0.0
2013-11-24,0.0
2013-11-25,0.0040322580645161255
2013-11-26,0.004024144869215318
2013-11-27,0.0
2013-11-28,0.0
2013-11-29,0.0
2013-11-30,0.0
2013-12-01,0.0019920318725099584
2013-12-02,0.007952286282306154
2013-12-03,0.005952380952380931
2013-12-04,0.003960396039603964
2013-12-05,0.0039525691699604515
2013-12-06,0.013806706114398382
2013-12-07,0.029527559055118058
2013-12-08,0.037328094302554016
2013-12-09,0.033333333333333326
2013-12-10,0.02935420743639927
2013-12-11,0.01953125
2013-12-12,0.033138401559454245
2013-12-13,0.035019455252918275
2013-12-14,0.03689320388349515
2013-12-15,0.04263565891472865
2013-12-16,0.04255319148936165
2013-12-17,0.05984555984555984
2013-12-18,0.06165703275529866
2013-12-19,0.0903846153846154
2013-12-20,0.06333973128598847
2013-12-21,0.07279693486590033
2013-12-22,0.08030592734225617
2013-12-23,0.0725190839694656
2013-12-24,0.06666666666666665
2013-12-25,0.07414448669201523
2013-12-26,0.06641366223908918
2013-12-27,0.05492424242424243
2013-12-28,0.06805293005671076
2013-12-29,0.06981132075471697
2013-12-30,0.06967984934086624
2013-12-31,0.06954887218045114
2014-01-01,0.075046904315197
2014-01-02,0.0674157303370787
2014-01-03,0.05794392523364489
2014-01-04,0.05410447761194026
2014-01-05,0.054003724394785846
2014-01-06,0.05018587360594795
2014-01-07,0.05009276437847865
2014-01-08,0.06851851851851853
2014-01-09,0.06654343807763397
2014-01-10,0.0627306273062731
2014-01-11,0.05893186003683237
2014-01-12,0.05698529411764708
2014-01-13,0.07339449541284404
2014-01-14,0.08608058608058611
2014-01-15,0.09506398537477145
2014-01-16,0.08211678832116787
2014-01-17,0.10200364298724951
2014-01-18,0.10545454545454547
2014-01-19,0.10344827586206895
2014-01-20,0.10144927536231885
2014-01-21,0.10488245931283902
2014-01-22,0.11010830324909748
2014-01-23,0.11531531531531536
2014-01-24,0.12230215827338131
2014-01-25,0.12746858168761221
2014-01-26,0.1254480286738351
2014-01-27,0.12522361359570666
2014-01-28,0.1428571428571429
2014-01-29,0.13903743315508021
2014-01-30,0.14056939501779364
2014-01-31,0.1403197158081705
2014-02-01,0.1436170212765957
2014-02-02,0.1380530973451327
2014-02-03,0.14487632508833925
2014-02-04,0.1499118165784833
2014-02-05,0.15140845070422537
2014-02-06,0.156414762741652
2014-02-07,0.16491228070175434
2014-02-08,0.180385288966725
2014-02-09,0.19055944055944052
2014-02-10,0.1902268760907504
2014-02-11,0.19337979094076652
2014-02-12,0.20173913043478264
2014-02-13,0.2065972222222222
2014-02-14,0.22183708838821492
2014-02-15,0.20415224913494812
2014-02-16,0.21070811744386875
2014-02-17,0.2258620689655172
2014-02-18,0.22030981067125643
2014-02-19,0.22852233676975942
2014-02-20,0.23499142367066894
2014-02-21,0.28767123287671237
2014-02-22,0.28376068376068375
2014-02-23,0.2593856655290102
2014-02-24,0.2606473594548552
2014-02-25,0.314625850340136
2014-02-26,0.3174872665534805
2014-02-27,0.28983050847457625
2014-02-28,0.29610829103214886
2014-03-01,0.3192567567567568
2014-03-02,0.3086003372681282
2014-03-03,0.31986531986531985
2014-03-04,0.22352941176470587
2014-03-05,0.22651006711409394
2014-03-06,0.24120603015075381
2014-03-07,0.24247491638795982
2014-03-08,0.2854757929883138
2014-03-09,0.29500000000000004
2014-03-10,0.2845257903494176
2014-03-11,0.2973421926910299
2014-03-12,0.2935323383084577
2014-03-13,0.29966887417218546
2014-03-14,0.2892561983471075
2014-03-15,0.31188118811881194
2014-03-16,0.3113673805601318
2014-03-17,0.3157894736842105
2014-03-18,0.3234811165845649
2014-03-19,0.3327868852459016
2014-03-20,0.34042553191489366
2014-03-21,0.34477124183006536
2014-03-22,0.3523654159869495
2014-03-23,0.35504885993485347
2014-03-24,0.3577235772357723
2014-03-25,0.349025974025974
2014-03-26,0.35170178282009723
2014-03-27,0.3559870550161812
2014-03-28,0.4135702746365105
2014-03-29,0.4096774193548387
2014-03-30,0.41384863123993554
2014-03-31,0.44051446945337625
2014-04-01,0.4462279293739968
2014-04-02,0.4262820512820513
2014-04-03,0.47040000000000004
2014-04-04,0.452076677316294
2014-04-05,0.45773524720893144
2014-04-06,0.447452229299363
2014-04-07,0.4483306836248012
2014-04-08,0.4746031746031746
2014-04-09,0.4706814580031695
2014-04-10,0.49841772151898733
2014-04-11,0.631911532385466
2014-04-12,0.556782334384858
2014-04-13,0.5559055118110237
2014-04-14,0.5738993710691824
2014-04-15,0.4740973312401884
2014-04-16,0.4106583072100314
2014-04-17,0.4021909233176839
2014-04-18,0.428125
2014-04-19,0.4477379095163807
2014-04-20,0.42834890965732086
2014-04-21,0.44012441679626746
2014-04-22,0.4425465838509317
2014-04-23,0.45581395348837206
2014-04-24,0.45665634674922606
2014-04-25,0.44358578052550235
2014-04-26,0.5185185185185186
2014-04-27,0.539291217257319
2014-04-28,0.5892307692307692
2014-04-29,0.588325652841782
2014-04-30,0.5797546012269938
2014-05-01,0.5819295558958653
2014-05-02,0.5642201834862386
2014-05-03,0.584732824427481
2014-05-04,0.625
2014-05-05,0.634703196347032
2014-05-06,0.6382978723404256
2014-05-07,0.6388467374810318
2014-05-08,0.6318181818181818
2014-05-09,0.6354009077155824
2014-05-10,0.6132930513595166
2014-05-11,0.6063348416289593
2014-05-12,0.6400602409638554
2014-05-13,0.6390977443609023
2014-05-14,0.6426426426426426
2014-05-15,0.6386806596701649
2014-05-16,0.6362275449101796
2014-05-17,0.6367713004484306
2014-05-18,0.6432835820895522
2014-05-19,0.646795827123696
2014-05-20,0.6473214285714286
2014-05-21,0.5616641901931649
2014-05-22,0.5608308605341246
2014-05-23,0.4918518518518519
2014-05-24,0.5
2014-05-25,0.49483013293943867
2014-05-26,0.4218289085545722
2014-05-27,0.4153166421207658
2014-05-28,0.42794117647058827
2014-05-29,0.42731277533039647
2014-05-30,0.4457478005865103
2014-05-31,0.3894582723279648
2014-06-01,0.38888888888888884
2014-06-02,0.38978102189781016
2014-06-03,0.3717201166180758
2014-06-04,0.3668122270742358
2014-06-05,0.38808139534883723
2014-06-06,0.37445573294629897
2014-06-07,0.3884057971014493
2014-06-08,0.3878437047756874
2014-06-09,0.388728323699422
2014-06-10,0.40115440115440115
2014-06-11,0.4034582132564841
2014-06-12,0.4201438848920863
2014-06-13,0.47844827586206895
2014-06-14,0.4748923959827833
2014-06-15,0.5200573065902578
2014-06-16,0.49928469241773965
2014-06-17,0.5014285714285714
2014-06-18,0.4721825962910129
2014-06-19,0.47720797720797725
2014-06-20,0.5092460881934566
2014-06-21,0.5227272727272727
2014-06-22,0.526241134751773
2014-06-23,0.5141643059490084
2014-06-24,0.5445544554455446
2014-06-25,0.5720338983050848
2014-06-26,0.6093088857545839
2014-06-27,0.5788732394366197
2014-06-28,0.5372714486638537
2014-06-29,0.5603932584269663
2014-06-30,0.5511921458625526
2014-07-01,0.47198879551820727
2014-07-02,0.46713286713286717
2014-07-03,0.46089385474860334
2014-07-04,0.47419804741980476
2014-07-05,0.5139275766016713
2014-07-06,0.5201668984700973
2014-07-07,0.5180555555555555
2014-07-08,0.5520110957004161
2014-07-09,0.554016620498615
2014-07-10,0.5684647302904564
2014-07-11,0.5856353591160222
2014-07-12,0.5462068965517242
2014-07-13,0.5468319559228649
2014-07-14,0.5749656121045392
2014-07-15,0.6002747252747253
2014-07-16,0.598079561042524
2014-07-17,0.6191780821917808
2014-07-18,0.60328317373461
2014-07-19,0.592896174863388
2014-07-20,0.6043656207366985
2014-07-21,0.6212534059945505
2014-07-22,0.6340136054421769
2014-07-23,0.6426630434782609
2014-07-24,0.6472184531886025
2014-07-25,0.6720867208672087
2014-07-26,0.6738836265223275
2014-07-27,0.6797297297297298
2014-07-28,0.6828609986504723
2014-07-29,0.683288409703504
2014-07-30,0.6877523553162853
2014-07-31,0.6908602150537635
2014-08-01,0.6885906040268457
2014-08-02,0.6809651474530831
2014-08-03,0.6880856760374833
2014-08-04,0.6898395721925134
2014-08-05,0.6902536715620828
2014-08-06,0.692
2014-08-07,0.6924101198402131
2014-08-08,0.6914893617021276
2014-08-09,0.6892430278884463
2014-08-10,0.6923076923076923
2014-08-11,0.6940397350993377
2014-08-12,0.701058201058201
2014-08-13,0.7054161162483488
2014-08-14,0.712401055408971
2014-08-15,0.7193675889328064
2014-08-16,0.7210526315789474
2014-08-17,0.7174770039421814
2014-08-18,0.7217847769028871
2014-08-19,0.7273918741808649
2014-08-20,0.7264397905759162
2014-08-21,0.7163398692810458
2014-08-22,0.7140992167101827
2014-08-23,0.7170795306388527
2014-08-24,0.7239583333333333
2014-08-25,0.7204161248374512
2014-08-26,0.7233766233766235
2014-08-27,0.7185473411154345
2014-08-28,0.7227979274611399
2014-08-29,0.7244501940491591
2014-08-30,0.7222222222222222
2014-08-31,0.7303225806451613
2014-09-01,0.7332474226804124
2014-09-02,0.7348777348777349
2014-09-03,0.7352185089974292
2014-09-04,0.7355584082156611
2014-09-05,0.7294871794871796
2014-09-06,0.734955185659411
2014-09-07,0.7327365728900256
2014-09-08,0.7369093231162196
2014-09-09,0.7372448979591837
2014-09-10,0.7363057324840765
2014-09-11,0.7353689567430026
2014-09-12,0.735705209656925
2014-09-13,0.7398477157360406
2014-09-14,0.7363751584283904
2014-09-15,0.740506329113924
2014-09-16,0.7408343868520859
2014-09-17,0.7474747474747474
2014-09-18,0.7490542244640606
2014-09-19,0.7556675062972292
2014-09-20,0.7685534591194969
2014-09-21,0.7613065326633166
2014-09-22,0.767879548306148
2014-09-23,0.768170426065163
2014-09-24,0.7509386733416771
2014-09-25,0.75375
2014-09-26,0.7615480649188514
2014-09-27,0.7680798004987531
2014-09-28,0.7708592777085927
2014-09-29,0.8146766169154229
2014-09-30,0.8186335403726708
2014-10-01,0.7791563275434243
2014-10-02,0.7980173482032218
2014-10-03,0.8205445544554455
2014-10-04,0.8665018541409147
2014-10-05,0.9518518518518518
2014-10-06,0.9630086313193588
2014-10-07,0.9568965517241379
2014-10-08,0.9446494464944649
2014-10-09,0.8857493857493858
2014-10-10,0.8662576687116564
2014-10-11,0.875
2014-10-12,0.8665850673194615
2014-10-13,0.8117359413202934
2014-10-14,0.7936507936507937
2014-10-15,0.7695121951219512
2014-10-16,0.7917174177831913
2014-10-17,0.8114355231143553
2014-10-18,0.8128797083839612
2014-10-19,0.8046116504854369
2014-10-20,0.8084848484848485
2014-10-21,0.8171912832929782
2014-10-22,0.8125755743651754
2014-10-23,0.8321256038647343
2014-10-24,0.9288299155609168
2014-10-25,0.9289156626506024
2014-10-26,0.9482551143200962
2014-10-27,0.9399038461538461
2014-10-28,0.9423769507803121
2014-10-29,0.9376498800959232
2014-10-30,0.9724550898203593
2014-10-31,0.9581339712918661
2014-11-01,0.966547192353644
2014-11-02,0.9964200477326969
2014-11-03,0.9976162097735399
2014-11-04,0.9964285714285714
2014-11-05,0.9892984542211652
2014-11-06,0.9643705463182898
2014-11-07,0.9501779359430605
2014-11-08,0.9597156398104265
2014-11-09,0.9573964497041421
2014-11-10,0.9243498817966903
2014-11-11,0.9208972845336482
2014-11-12,0.9150943396226415
2014-11-13,0.7573616018845701
2014-11-14,0.7588235294117647
2014-11-15,0.8155111633372503
2014-11-16,0.8955399061032864
2014-11-17,0.8522860492379836
2014-11-18,0.8641686182669789
2014-11-19,0.9146198830409357
2014-11-20,0.9112149532710281
2014-11-21,0.9556592765460911
2014-11-22,0.965034965034965
2014-11-23,0.9615832363213038
2014-11-24,0.9325581395348838
2014-11-25,0.9152148664343787
2014-11-26,0.919953596287703
2014-11-27,0.9420625724217845
2014-11-28,0.9398148148148148
2014-11-29,0.9213872832369943
2014-11-30,0.9237875288683602
2014-12-01,0.9204152249134948
2014-12-02,0.9205069124423964
2014-12-03,0.9125431530494822
2014-12-04,0.9298850574712644
2014-12-05,0.9506314580941446
2014-12-06,0.926605504587156
2014-12-07,0.9415807560137457
2014-12-08,0.9382151029748284
2014-12-09,0.9668571428571429
2014-12-10,0.995433789954338
2014-12-11,0.9977194982896237
2014-12-12,0.9965831435079726
2014-12-13,0.9920364050056882
2014-12-14,0.9977272727272727
2014-12-15,0.9863791146424518
2014-12-16,0.9977324263038548
2014-12-17,0.9988674971687429
2014-12-18,0.998868778280543
2014-12-19,1.0
2014-12-20,0.9977426636568849
2014-12-21,0.9954904171364148
2014-12-22,0.9966216216216216
2014-12-23,0.9932508436445444
2014-12-24,0.9910112359550561
2014-12-25,0.9955106621773289
2014-12-26,0.9977578475336323
2014-12-27,0.9921612541993281
2014-12-28,1.0
2014-12-29,0.9988826815642458
2014-12-30,1.0
2014-12-31,1.0
2015-01-01,0.9944320712694877
2015-01-02,0.9977753058954394
2015-01-03,0.9966666666666667
2015-01-04,1.0
2015-01-05,1.0
2015-01-06,0.9988925802879292
2015-01-07,0.9966814159292036
2015-01-08,0.9955801104972376
2015-01-09,0.9977924944812362
2015-01-10,0.9944873208379272
2015-01-11,0.998898678414097
2015-01-12,0.9988998899889989
2015-01-13,0.9989010989010989
2015-01-14,1.0
2015-01-15,1.0
2015-01-16,0.9989047097480832
2015-01-17,0.9989059080962801
2015-01-18,0.9989071038251366
2015-01-19,0.9967248908296943
2015-01-20,0.9945474372955289
2015-01-21,0.9956427015250545
2015-01-22,0.9912948857453754
2015-01-23,0.9902173913043478
2015-01-24,0.990228013029316
2015-01-25,0.9880694143167028
2015-01-26,0.9869989165763814
2015-01-27,0.9826839826839827
2015-01-28,0.985945945945946
2015-01-29,0.9881209503239741
2015-01-30,0.9902912621359223
2015-01-31,0.9913793103448276
2015-02-01,0.9935414424111948
2015-02-02,0.9913978494623656
2015-02-03,0.9828141783029001
2015-02-04,0.990343347639485
2015-02-05,0.9914255091103966
2015-02-06,0.9935760171306209
2015-02-07,0.9903743315508021
2015-02-08,0.9861111111111112
2015-02-09,0.9893276414087513
2015-02-10,0.9914712153518124
2015-02-11,0.9914802981895634
2015-02-12,0.9914893617021276
2015-02-13,0.9872476089266737
2015-02-14,0.9766454352441614
2015-02-15,0.9692470837751855
2015-02-16,0.9766949152542372
2015-02-17,0.9756613756613757
2015-02-18,0.9682875264270613
2015-02-19,0.9746568109820486
2015-02-20,0.9683544303797469
2015-02-21,0.9652265542676501
2015-02-22,0.9652631578947368
2015-02-23,0.9747634069400631
2015-02-24,0.9716386554621849
2015-02-25,0.9695697796432319
2015-02-26,0.9727463312368972
2015-02-27,0.9759162303664921
2015-02-28,0.9581589958158996
2015-03-01,0.9582027168234065
2015-03-02,0.9551148225469729
2015-03-03,0.9509906152241918
2015-03-04,0.946875
2015-03-05,0.9521331945889698
2015-03-06,0.9501039501039501
2015-03-07,0.952232606438214
2015-03-08,0.9491701244813278
2015-03-09,0.950259067357513
2015-03-10,0.9399585921325052
2015-03-11,0.9389865563598759
2015-03-12,0.9359504132231405
2015-03-13,0.936016511867905
2015-03-14,0.9422680412371134
2015-03-15,0.9443872296601442
2015-03-16,0.9393004115226338
2015-03-17,0.9373072970195272
2015-03-18,0.9435318275154004
2015-03-19,0.958974358974359
2015-03-20,0.9559426229508197
2015-03-21,0.95496417604913
2015-03-22,0.9580777096114519
2015-03-23,0.9499489274770173
2015-03-24,0.9520408163265306
2015-03-25,0.9704383282364933
2015-03-26,0.9714867617107943
2015-03-27,0.9633774160732451
2015-03-28,0.9705284552845529
2015-03-29,0.9593908629441624
2015-03-30,0.9787018255578094
2015-03-31,0.9655521783181358
2015-04-01,0.9767206477732794
2015-04-02,0.9706774519716885
2015-04-03,0.9555555555555556
2015-04-04,0.9535822401614531
2015-04-05,0.9556451612903226
2015-04-06,0.9476334340382678
2015-04-07,0.9507042253521126
2015-04-08,0.9547738693467337
2015-04-09,0.9779116465863453
2015-04-10,0.9809428284854563
2015-04-11,0.9879759519038076
2015-04-12,0.985985985985986
2015-04-13,0.986
2015-04-14,0.998001998001998
2015-04-15,0.998003992015968
2015-04-16,0.9970089730807578
2015-04-17,0.9940239043824701
2015-04-18,0.9970149253731343
2015-04-19,0.9960238568588469
2015-04-20,0.9960278053624627
2015-04-21,0.9930555555555556
2015-04-22,0.9831516352824579
2015-04-23,0.9851485148514851
2015-04-24,0.9812067260138477
2015-04-25,0.9891304347826086
2015-04-26,0.9921026653504442
2015-04-27,0.9980276134122288
2015-04-28,0.9901477832512315
2015-04-29,0.9921259842519685
2015-04-30,0.992133726647001
2015-05-01,0.9783889980353635
2015-05-02,0.9833169774288518
2015-05-03,0.9774509803921568
2015-05-04,0.9666993143976493
2015-05-05,0.9696673189823874
2015-05-06,0.978494623655914
2015-05-07,0.986328125
2015-05-08,0.9746341463414634
2015-05-09,0.9580896686159844
2015-05-10,0.9591041869522883
2015-05-11,0.9649805447470817
2015-05-12,0.9601554907677357
2015-05-13,0.9611650485436893
2015-05-14,0.979631425800194
2015-05-15,0.9786821705426356
2015-05-16,0.9767666989351403
2015-05-17,0.9806576402321083
2015-05-18,0.978743961352657
2015-05-19,0.9845559845559846
2015-05-20,0.9855351976856316
2015-05-21,0.9826589595375722
2015-05-22,0.9807507218479307
2015-05-23,0.9615384615384616
2015-05-24,0.9692603266090298
2015-05-25,0.9596928982725528
2015-05-26,0.9769894534995206
2015-05-27,0.9798850574712644
2015-05-28,0.9779904306220095
2015-05-29,0.9799235181644359
2015-05-30,0.9808978032473734
2015-05-31,0.9885496183206107
2015-06-01,0.996186844613918
2015-06-02,0.9990476190476191
2015-06-03,0.9980970504281637
2015-06-04,0.9980988593155894
2015-06-05,0.9990503323836657
2015-06-06,0.9971537001897534
2015-06-07,0.9962085308056872
2015-06-08,0.9990530303030303
2015-06-09,0.9895931882686849
2015-06-10,0.9886578449905482
2015-06-11,0.9905571293673276
2015-06-12,0.9877358490566037
2015-06-13,0.9858623939679547
2015-06-14,0.9783427495291902
2015-06-15,0.9811853245531514
2015-06-16,0.9689849624060151
2015-06-17,0.9230046948356807
2015-06-18,0.9315196998123827
2015-06-19,0.9259606373008435
2015-06-20,0.9400749063670412
2015-06-21,0.9382600561272217
2015-06-22,0.9457943925233645
2015-06-23,0.934640522875817
2015-06-24,0.9458955223880597
2015-06-25,0.9655172413793104
2015-06-26,0.9543761638733705
2015-06-27,0.9534883720930233
2015-06-28,0.9163568773234201
2015-06-29,0.9266480965645311
2015-06-30,0.9109461966604824
2015-07-01,0.8952734012974977
2015-07-02,0.9074074074074074
2015-07-03,0.9121184088806661
2015-07-04,0.911275415896488
2015-07-05,0.9030470914127424
2015-07-06,0.8782287822878229
2015-07-07,0.880184331797235
2015-07-08,0.8904235727440147
2015-07-09,0.8776448942042319
2015-07-10,0.8805147058823529
2015-07-11,0.859504132231405
2015-07-12,0.8522935779816514
2015-07-13,0.843263061411549
2015-07-14,0.8543956043956044
2015-07-15,0.8581884720951509
2015-07-16,0.8610603290676417
2015-07-17,0.8657534246575342
2015-07-18,0.864963503649635
2015-07-19,0.8678213309024613
2015-07-20,0.872495446265938
2015-07-21,0.8644222020018199
2015-07-22,0.87
2015-07-23,0.8664850136239782
2015-07-24,0.8711433756805808
2015-07-25,0.8522212148685404
2015-07-26,0.8523550724637681
2015-07-27,0.8479638009049774
2015-07-28,0.8462929475587704
2015-07-29,0.8446251129177959
2015-07-30,0.8546931407942238
2015-07-31,0.8584310189359784
2015-08-01,0.8603603603603603
2015-08-02,0.8631863186318631
2015-08-03,0.8615107913669064
2015-08-04,0.8625336927223719
2015-08-05,0.8581687612208259
2015-08-06,0.863677130044843
2015-08-07,0.8781362007168458
2015-08-08,0.873769024171889
2015-08-09,0.9168157423971377
2015-08-10,0.9106344950848972
2015-08-11,0.9125
2015-08-12,0.8983050847457628
2015-08-13,0.9046345811051694
2015-08-14,0.9136242208370436
2015-08-15,0.9101423487544484
2015-08-16,0.9191111111111111
2015-08-17,0.9316163410301954
2015-08-18,0.935226264418811
2015-08-19,0.999113475177305
2015-08-20,0.9982285208148804
2015-08-21,0.9973451327433628
2015-08-22,0.9973474801061007
2015-08-23,0.9973498233215548
2015-08-24,0.9973521624007061
2015-08-25,0.9991181657848325
2015-08-26,0.9973568281938326
2015-08-27,0.9964788732394366
2015-08-28,0.9964819700967458
2015-08-29,0.992091388400703
2015-08-30,0.9929762949956101
2015-08-31,0.993859649122807
2015-09-01,0.9912357581069238
2015-09-02,0.9947460595446584
2015-09-03,0.9921259842519685
2015-09-04,0.9947552447552448
2015-09-05,0.9877729257641922
2015-09-06,0.9842931937172775
2015-09-07,0.978204010462075
2015-09-08,0.9782229965156795
2015-09-09,0.9712793733681462
2015-09-10,0.9826086956521739
2015-09-11,0.9826238053866203
2015-09-12,0.9774305555555556
2015-09-13,0.98438855160451
2015-09-14,0.9922010398613518
2015-09-15,0.9896103896103896
2015-09-16,0.9922145328719724
2015-09-17,0.9939498703543648
2015-09-18,0.9835924006908463
2015-09-19,0.9836065573770492
2015-09-20,0.9853448275862069
2015-09-21,0.9888027562446167
2015-09-22,0.9965576592082617
2015-09-23,0.9914015477214101
2015-09-24,0.9922680412371134
2015-09-25,0.976824034334764
2015-09-26,0.9751286449399656
2015-09-27,0.976006855184233
2015-09-28,0.9811643835616438
2015-09-29,0.9692044482463644
2015-09-30,0.9717948717948718
2015-10-01,0.9726729291204099
2015-10-02,0.9701365187713311
2015-10-03,0.9701619778346121
2015-10-04,0.9667802385008518
2015-10-05,0.9668085106382979
2015-10-06,0.9634353741496599
2015-10-07,0.9498725573491928
2015-10-08,0.9575551782682513
2015-10-09,0.9584393553859203
2015-10-10,0.9533898305084746
2015-10-11,0.9491955969517358
2015-10-12,0.9424703891708968
2015-10-13,0.9492814877430262
2015-10-14,0.9383445945945946
2015-10-15,0.929957805907173
2015-10-16,0.9266441821247892
2015-10-17,0.9005897219882055
2015-10-18,0.867003367003367
2015-10-19,0.8973927670311186
2015-10-20,0.8949579831932774
2015-10-21,0.8681780016792611
2015-10-22,0.8791946308724832
2015-10-23,0.8591785414920369
2015-10-24,0.8492462311557789
2015-10-25,0.8384937238493724
2015-10-26,0.8294314381270903
2015-10-27,0.8279030910609858
2015-10-28,0.8030050083472454
2015-10-29,0.79232693911593
2015-10-30,0.775
2015-10-31,0.7693588676103247
2015-11-01,0.7770382695507487
2015-11-02,0.7680798004987531
2015-11-03,0.75
2015-11-04,0.7452282157676349
2015-11-05,0.7437810945273632
2015-11-06,0.748135874067937
2015-11-07,0.7491721854304636
2015-11-08,0.7468982630272953
2015-11-09,0.7495867768595041
2015-11-10,0.7473162675474814
2015-11-11,0.7656765676567656
2015-11-12,0.7938994229183842
2015-11-13,0.7668863261943987
2015-11-14,0.7679012345679013
2015-11-15,0.7713815789473684
2015-11-16,0.7773212818405917
2015-11-17,0.7733990147783252
2015-11-18,0.7662018047579984
2015-11-19,0.7672131147540984
2015-11-20,0.7755937755937756
2015-11-21,0.7757774140752864
2015-11-22,0.7751430907604252
2015-11-23,0.7753267973856209
2015-11-24,0.7755102040816326
2015-11-25,0.7822185970636215
2015-11-26,0.7718011409942951
2015-11-27,0.745928338762215
2015-11-28,0.7445077298616762
2015-11-29,0.7471544715447154
2015-11-30,0.7416734362307067
2015-12-01,0.7386363636363636
2015-12-02,0.7429034874290349
2015-12-03,0.7455429497568882
2015-12-04,0.7441295546558704
2015-12-05,0.7419093851132685
2015-12-06,0.7324171382376718
2015-12-07,0.7310177705977383
2015-12-08,0.7304277643260695
2015-12-09,0.7274193548387097
2015-12-10,0.7236099919419823
2015-12-11,0.7262479871175523
2015-12-12,0.7095736122284795
2015-12-13,0.7138263665594855
2015-12-14,0.714859437751004
2015-12-15,0.7118780096308186
2015-12-16,0.7072975140336808
2015-12-17,0.7083333333333333
2015-12-18,0.7077662129703763
2015-12-19,0.7063999999999999
2015-12-20,0.706634692246203
2015-12-21,0.7140575079872205
2015-12-22,0.7182761372705506
2015-12-23,0.7192982456140351
2015-12-24,0.7131474103585658
2015-12-25,0.7078025477707006
2015-12-26,0.7080350039777248
2015-12-27,0.7321144674085851
2015-12-28,0.7307386814932486
2015-12-29,0.730952380952381
2015-12-30,0.7224425059476606
2015-12-31,0.7282091917591125
2016-01-01,0.723673792557403
2016-01-02,0.7199367088607596
2016-01-03,0.7201581027667985
2016-01-04,0.7251184834123223
2016-01-05,0.7221783741120757
2016-01-06,0.723186119873817
2016-01-07,0.7257683215130024
2016-01-08,0.7039370078740157
2016-01-09,0.7057435090479938
2016-01-10,0.7091194968553459
2016-01-11,0.7109190887666929
2016-01-12,0.7119309262166404
2016-01-13,0.716078431372549
2016-01-14,0.731974921630094
2016-01-15,0.7337509788566954
2016-01-16,0.7597809076682316
2016-01-17,0.7482408131352619
2016-01-18,0.75
2016-01-19,0.7478532396565183
2016-01-20,0.7566302652106084
2016-01-21,0.7334372564302416
2016-01-22,0.7390965732087227
2016-01-23,0.7540856031128405
2016-01-24,0.7472783825816485
2016-01-25,0.7397047397047397
2016-01-26,0.7453416149068324
2016-01-27,0.7463149728471683
2016-01-28,0.7434108527131783
2016-01-29,0.7598760650658405
2016-01-30,0.760061919504644
2016-01-31,0.7610208816705336
2016-02-01,0.7727975270479135
2016-02-02,0.766023166023166
2016-02-03,0.7631172839506173
2016-02-04,0.7725520431765613
2016-02-05,0.7442218798151001
2016-02-06,0.7536566589684373
2016-02-07,0.7615384615384615
2016-02-08,0.7609531129900077
2016-02-09,0.7695852534562212
2016-02-10,0.7666922486569455
2016-02-11,0.7576687116564418
2016-02-12,0.7578544061302682
2016-02-13,0.7549770290964778
2016-02-14,0.7444529456771232
2016-02-15,0.7308868501529052
2016-02-16,0.7356760886172651
2016-02-17,0.7297709923664122
2016-02-18,0.7246376811594203
2016-02-19,0.7225609756097561
2016-02-20,0.7242955064737243
2016-02-21,0.7161339421613394
2016-02-22,0.7163498098859316
2016-02-23,0.7165653495440729
2016-02-24,0.7251328777524677
2016-02-25,0.7215477996965098
2016-02-26,0.7225170583775588
2016-02-27,0.7174242424242424
2016-02-28,0.7161241483724451
2016-02-29,0.7170953101361573
2016-03-01,0.7135298563869992
2016-03-02,0.7190332326283988
2016-03-03,0.7267924528301887
2016-03-04,0.7292609351432882
2016-03-05,0.7370007535795027
2016-03-06,0.7492469879518072
2016-03-07,0.7404063205417607
2016-03-08,0.7330827067669172
2016-03-09,0.7347858752817431
2016-03-10,0.7342342342342343
2016-03-11,0.7306826706676669
2016-03-12,0.7278860569715142
2016-03-13,0.7378277153558053
2016-03-14,0.7357784431137724
2016-03-15,0.7329842931937173
2016-03-16,0.7331838565022422
2016-03-17,0.729648991784914
2016-03-18,0.7283582089552239
2016-03-19,0.7419835943325876
2016-03-20,0.7421758569299552
2016-03-21,0.7401340282948623
2016-03-22,0.7410714285714286
2016-03-23,0.7330855018587361
2016-03-24,0.7317979197622586
2016-03-25,0.7401633259094283
2016-03-26,0.7344213649851632
2016-03-27,0.7338769458858414
2016-03-28,0.72
2016-03-29,0.7239082161361954
2016-03-30,0.7396449704142012
2016-03-31,0.7450110864745011
2016-04-01,0.741506646971935
2016-04-02,0.7380073800738007
2016-04-03,0.7308259587020649
2016-04-04,0.7310243183492999
2016-04-05,0.7341678939617085
2016-04-06,0.7262693156732891
2016-04-07,0.7286764705882354
2016-04-08,0.7325495958853784
2016-04-09,0.7430249632892805
2016-04-10,0.743947175348496
2016-04-11,0.7331378299120235
2016-04-12,0.7274725274725276
2016-04-13,0.7181551976573939
2016-04-14,0.7256766642282371
2016-04-15,0.7244152046783625
2016-04-16,0.7129291453615778
2016-04-17,0.7102189781021897
2016-04-18,0.7184536834427425
2016-04-19,0.7193877551020409
2016-04-20,0.7057538237436272
2016-04-21,0.7016011644832605
2016-04-22,0.6938181818181819
2016-04-23,0.6954941860465116
2016-04-24,0.692084241103849
2016-04-25,0.6850507982583454
2016-04-26,0.6838288614938361
2016-04-27,0.6818840579710145
2016-04-28,0.7031136857349747
2016-04-29,0.695369030390738
2016-04-30,0.6912509038322487
2016-05-01,0.7001445086705202
2016-05-02,0.6931407942238268
2016-05-03,0.7056277056277056
2016-05-04,0.699351117519827
2016-05-05,0.7038904899135447
2016-05-06,0.7019438444924406
2016-05-07,0.685611510791367
2016-05-08,0.6872753414809489
2016-05-09,0.6882183908045977
2016-05-10,0.6841349605168701
2016-05-11,0.7044476327116213
2016-05-12,0.700358422939068
2016-05-13,0.6977077363896849
2016-05-14,0.6950608446671439
2016-05-15,0.69241773962804
2016-05-16,0.6897784131522516
2016-05-17,0.7014285714285714
2016-05-18,0.7066381156316917
2016-05-19,0.7061340941512125
2016-05-20,0.7419814682822523
2016-05-21,0.7257834757834758
2016-05-22,0.7202846975088968
2016-05-23,0.7339971550497866
2016-05-24,0.7249466950959489
2016-05-25,0.71875
2016-05-26,0.7104329311568488
2016-05-27,0.7063829787234043
2016-05-28,0.6732813607370659
2016-05-29,0.6303116147308783
2016-05-30,0.6334041047416843
2016-05-31,0.6287128712871287
2016-06-01,0.6325088339222615
2016-06-02,0.6264124293785311
2016-06-03,0.625970359915314
2016-06-04,0.6198871650211566
2016-06-05,0.6180408738548273
2016-06-06,0.6176056338028169
2016-06-07,0.609429978888107
2016-06-08,0.6174402250351618
2016-06-09,0.6120871398453971
2016-06-10,0.6193820224719101
2016-06-11,0.6175438596491227
2016-06-12,0.591164095371669
2016-06-13,0.5227750525578136
2016-06-14,0.47969187675070024
2016-06-15,0.5073477956613016
2016-06-16,0.49580419580419577
2016-06-17,0.43675751222921033
2016-06-18,0.44972067039106145
2016-06-19,0.44242847173761335
2016-06-20,0.4372384937238494
2016-06-21,0.47038327526132406
2016-06-22,0.5403899721448469
2016-06-23,0.6144745998608212
2016-06-24,0.586230876216968
2016-06-25,0.5503822098679638
2016-06-26,0.5458333333333334
2016-06-27,0.5863983344899375
2016-06-28,0.5651872399445215
2016-06-29,0.571032571032571
2016-06-30,0.5824099722991689
2016-07-01,0.542560553633218
2016-07-02,0.5394190871369295
2016-07-03,0.5051831375259157
2016-07-04,0.56146408839779
2016-07-05,0.5403726708074534
2016-07-06,0.5544827586206896
2016-07-07,0.5458304617505169
2016-07-08,0.5888429752066116
2016-07-09,0.5636613902271164
2016-07-10,0.5804676753782668
2016-07-11,0.5821305841924398
2016-07-12,0.5824175824175823
2016-07-13,0.5614275909402883
2016-07-14,0.575445816186557
2016-07-15,0.5716244002741604
2016-07-16,0.5657534246575342
2016-07-17,0.568104038329911
2016-07-18,0.5485636114911081
2016-07-19,0.5604921394395079
2016-07-20,0.5621584699453552
2016-07-21,0.5713310580204778
2016-07-22,0.5750341064120055
2016-07-23,0.5957736877982277
2016-07-24,0.5899182561307902
2016-07-25,0.5847515316541865
2016-07-26,0.5938775510204082
2016-07-27,0.5955132562882393
2016-07-28,0.5944293478260869
2016-07-29,0.5960624575695859
2016-07-30,0.5949796472184532
2016-07-31,0.5986440677966102
2016-08-01,0.6253387533875339
2016-08-02,0.6371022342586323
2016-08-03,0.6826792963464141
2016-08-04,0.6504394861392833
2016-08-05,0.6425675675675675
2016-08-06,0.6441593517893316
2016-08-07,0.6376518218623481
2016-08-08,0.6365475387727579
2016-08-09,0.6381401617250674
2016-08-10,0.6424242424242423
2016-08-11,0.639300134589502
2016-08-12,0.640215198386012
2016-08-13,0.6438172043010753
2016-08-14,0.6474143720617864
2016-08-15,0.6550335570469799
2016-08-16,0.6619718309859155
2016-08-17,0.6521447721179625
2016-08-18,0.6543871399866041
2016-08-19,0.6559571619812583
2016-08-20,0.6555183946488294
2016-08-21,0.6497326203208555
2016-08-22,0.6513026052104208
2016-08-23,0.6481975967957276
2016-08-24,0.6511007338225483
2016-08-25,0.654
2016-08-26,0.6582278481012658
2016-08-27,0.6544607190412783
2016-08-28,0.6660013306719894
2016-08-29,0.6615691489361701
2016-08-30,0.6644518272425249
2016-08-31,0.6633466135458168
2016-09-01,0.6668878566688785
2016-09-02,0.6671087533156499
2016-09-03,0.663353214049039
2016-09-04,0.6357615894039735
2016-09-05,0.6260754467240238
2016-09-06,0.6283068783068784
2016-09-07,0.6252478519497686
2016-09-08,0.6235138705416117
2016-09-09,0.6217821782178218
2016-09-10,0.6220316622691293
2016-09-11,0.6216216216216216
2016-09-12,0.6350461133069829
2016-09-13,0.6359447004608295
2016-09-14,0.6355263157894737
2016-09-15,0.6351084812623274
2016-09-16,0.6412614980289093
2016-09-17,0.639527248850952
2016-09-18,0.6423884514435696
2016-09-19,0.6354098360655738
2016-09-20,0.6422018348623852
2016-09-21,0.6444007858546169
2016-09-22,0.6531413612565444
2016-09-23,0.6572923479398299
2016-09-24,0.6490196078431373
2016-09-25,0.6505551926845199
2016-09-26,0.6527415143603132
2016-09-27,0.6457925636007829
2016-09-28,0.6473272490221642
2016-09-29,0.6514657980456027
2016-09-30,0.6516927083333333
2016-10-01,0.6447625243981783
2016-10-02,0.6397919375812744
2016-10-03,0.6432748538011697
2016-10-04,0.6428571428571428
2016-10-05,0.6469824789097989
2016-10-06,0.6446173800259403
2016-10-07,0.6461438755670772
2016-10-08,0.6398963730569949
2016-10-09,0.6388349514563108
2016-10-10,0.6416558861578266
2016-10-11,0.6412411118293471
2016-10-12,0.6111111111111112
2016-10-13,0.6145900581020013
2016-10-14,0.6154838709677419
2016-10-15,0.6118633139909735
2016-10-16,0.6153350515463918
2016-10-17,0.6104314230521571
2016-10-18,0.6151866151866152
2016-10-19,0.619935691318328
2016-10-20,0.6317480719794344
2016-10-21,0.636480411046885
2016-10-22,0.631578947368421
2016-10-23,0.6048749198203978
2016-10-24,0.6070512820512821
2016-10-25,0.6079436258808456
2016-10-26,0.6043533930857874
2016-10-27,0.6007677543186181
2016-10-28,0.5907928388746804
2016-10-29,0.587220447284345
2016-10-30,0.5670498084291188
2016-10-31,0.5820038289725591
2016-11-01,0.5848214285714286
2016-11-02,0.5544933078393881
2016-11-03,0.545859872611465
2016-11-04,0.596435391470401
2016-11-05,0.5807888040712468
2016-11-06,0.5804195804195804
2016-11-07,0.5743329097839898
2016-11-08,0.5822222222222222
2016-11-09,0.5786802030456852
2016-11-10,0.5688015218769816
2016-11-11,0.5792141951837769
2016-11-12,0.5763141228625712
2016-11-13,0.589873417721519
2016-11-14,0.5901328273244781
2016-11-15,0.5891276864728192
2016-11-16,0.5837018319646241
2016-11-17,0.5536616161616161
2016-11-18,0.5602523659305993
2016-11-19,0.5460277427490543
2016-11-20,0.5456836798991809
2016-11-21,0.5698992443324937
2016-11-22,0.5613593455003147
2016-11-23,0.5509433962264151
2016-11-24,0.5600251414204902
2016-11-25,0.5640703517587939
2016-11-26,0.5618330194601381
2016-11-27,0.5721455457967377
2016-11-28,0.5811912225705329
2016-11-29,0.5783208020050126
2016-11-30,0.5760801502817783
2016-12-01,0.5632040050062579
2016-12-02,0.5540963101938712
2016-12-03,0.53
2016-12-04,0.5371642723297938
2016-12-05,0.5399500624219725
2016-12-06,0.5583281347473488
2016-12-07,0.5529925187032418
2016-12-08,0.5445482866043614
2016-12-09,0.5417185554171855
2016-12-10,0.5351586807716242
2016-12-11,0.5335820895522387
2016-12-12,0.5419515226848974
2016-12-13,0.5304347826086957
2016-12-14,0.5325884543761639
2016-12-15,0.5347394540942928
2016-12-16,0.5399876007439554
2016-12-17,0.5297397769516728
2016-12-18,0.5188854489164086
2016-12-19,0.5185643564356436
2016-12-20,0.5213358070500927
2016-12-21,0.5098887515451174
2016-12-22,0.4786905497220506
2016-12-23,0.44999999999999996
2016-12-24,0.41209130166563845
2016-12-25,0.4198520345252774
2016-12-26,0.418977202711029
2016-12-27,0.41625615763546797
2016-12-28,0.40800000000000003
2016-12-29,0.3825338253382534
2016-12-30,0.3835279655808236
2016-12-31,0.38697788697788693
2017-01-01,0.38551258440761205
2017-01-02,0.3797546012269939
2017-01-03,0.3764561618638872
2017-01-04,0.3737745098039216
2017-01-05,0.3661971830985915
2017-01-06,0.38188494492044067
2017-01-07,0.44036697247706424
2017-01-08,0.4297066014669927
2017-01-09,0.42333536957849727
2017-01-10,0.43284493284493286
2017-01-11,0.4307504575960952
2017-01-12,0.5695121951219513
2017-01-13,0.5429616087751371
2017-01-14,0.515225334957369
2017-01-15,0.5240413877054169
2017-01-16,0.5200729927007299
2017-01-17,0.5142857142857142
2017-01-18,0.43924665856622114
2017-01-19,0.46448087431693985
2017-01-20,0.4441747572815534
2017-01-21,0.4542146755609461
2017-01-22,0.42181818181818187
2017-01-23,0.42337976983646275
2017-01-24,0.4328087167070218
2017-01-25,0.4664246823956443
2017-01-26,0.46009673518742444
2017-01-27,0.4392749244712991
2017-01-28,0.4341787439613527
2017-01-29,0.43391671695835843
2017-01-30,0.44330518697225574
2017-01-31,0.4412296564195298
2017-02-01,0.40662650602409633
2017-02-02,0.39373871161950635
2017-02-03,0.3820697954271961
2017-02-04,0.3794347564642213
2017-02-05,0.3768028846153846
2017-02-06,0.3825825825825826
2017-02-07,0.3787515006002401
2017-02-08,0.3725254949010198
2017-02-09,0.37290167865707435
2017-02-10,0.4074295985620132
2017-02-11,0.39820359281437123
2017-02-12,0.38839018551765414
2017-02-13,0.3953349282296651
2017-02-14,0.39988045427375973
2017-02-15,0.3930704898446834
2017-02-16,0.39223880597014926
2017-02-17,0.37828162291169454
2017-02-18,0.3738819320214669
2017-02-19,0.3736591179976162
2017-02-20,0.37462775461584275
2017-02-21,0.3654761904761905
2017-02-22,0.36049970255800123
2017-02-23,0.36087990487514865
2017-02-24,0.35710041592394537
2017-02-25,0.3574821852731591
2017-02-26,0.35905044510385753
2017-02-27,0.35824436536180304
2017-02-28,0.3568464730290456
2017-03-01,0.3584123222748815
2017-03-02,0.3540556542332741
2017-03-03,0.3520710059171598
2017-03-04,0.3506800709639266
2017-03-05,0.35165484633569744
2017-03-06,0.3508564678086238
2017-03-07,0.35064935064935066
2017-03-08,0.3569321533923304
2017-03-09,0.36615566037735847
2017-03-10,0.3618149675898644
2017-03-11,0.37809187279151946
2017-03-12,0.36315479693937613
2017-03-13,0.35705882352941176
2017-03-14,0.3562610229276896
2017-03-15,0.35605170387779084
2017-03-16,0.3534938344098649
2017-03-17,0.36561032863849763
2017-03-18,0.39413489736070384
2017-03-19,0.48007033997655335
2017-03-20,0.4282366725248975
2017-03-21,0.4238875878220141
2017-03-22,0.3809245172615565
2017-03-23,0.4251461988304094
2017-03-24,0.4284044418468732
2017-03-25,0.5146028037383177
2017-03-26,0.4833625218914186
2017-03-27,0.4889148191365228
2017-03-28,0.42507288629737605
2017-03-29,0.4248251748251748
2017-03-30,0.4280722189866045
2017-03-31,0.42840512223515714
2017-04-01,0.3996509598603839
2017-04-02,0.39360465116279075
2017-04-03,0.3858221963974433
2017-04-04,0.3745644599303136
2017-04-05,0.375507835171213
2017-04-06,0.3781902552204176
2017-04-07,0.3652173913043478
2017-04-08,0.3667439165701043
2017-04-09,0.36768963520555875
2017-04-10,0.36168981481481477
2017-04-11,0.3626373626373627
2017-04-12,0.35838150289017345
2017-04-13,0.36279607163489314
2017-04-14,0.3729792147806005
2017-04-15,0.3727639930755915
2017-04-16,0.37427912341407155
2017-04-17,0.375792507204611
2017-04-18,0.369815668202765
2017-04-19,0.36787564766839376
2017-04-20,0.36766398158803226
2017-04-21,0.3599769982748706
2017-04-22,0.3568965517241379
2017-04-23,0.35898908673176333
2017-04-24,0.35820895522388063
2017-04-25,0.35570854847963285
2017-04-26,0.35435779816513757
2017-04-27,0.3518624641833811
2017-04-28,0.3447880870561283
2017-04-29,0.34459072696050375
2017-04-30,0.3443935926773455
2017-05-01,0.34076615208690675
2017-05-02,0.3354285714285714
2017-05-03,0.33238149628783553
2017-05-04,0.3259132420091324
2017-05-05,0.32515687393040504
2017-05-06,0.3261117445838084
2017-05-07,0.32307692307692304
2017-05-08,0.32801822323462415
2017-05-09,0.31474103585657376
2017-05-10,0.3128555176336746
2017-05-11,0.31040363843092666
2017-05-12,0.3090909090909091
2017-05-13,0.31572969903463943
2017-05-14,0.31157775255391595
2017-05-15,0.3108338060124787
2017-05-16,0.314625850340136
2017-05-17,0.31218130311614734
2017-05-18,0.3097395243488109
2017-05-19,0.30616864742501415
2017-05-20,0.3048642533936652
2017-05-21,0.29847371396269073
2017-05-22,0.2994350282485876
2017-05-23,0.2970073404856014
2017-05-24,0.2832957110609481
2017-05-25,0.2577552171460801
2017-05-26,0.27621195039458846
2017-05-27,0.2828169014084507
2017-05-28,0.3029279279279279
2017-05-29,0.2875633089476646
2017-05-30,0.2845894263217098
2017-05-31,0.2945474985947162
2017-06-01,0.2837078651685393
2017-06-02,0.27007299270072993
2017-06-03,0.2502805836139169
2017-06-04,0.2372406057206955
2017-06-05,0.24271300448430488
2017-06-06,0.20392156862745103
2017-06-07,0.17133258678611418
2017-06-08,0.20257414661443762
2017-06-09,0.18456375838926176
2017-06-10,0.1861375069871437
2017-06-11,0.17039106145251393
2017-06-12,0.1663874930206588
2017-06-13,0.2204241071428571
2017-06-14,0.21305075292805353
2017-06-15,0.2787068004459309
2017-06-16,0.2818941504178273
2017-06-17,0.27616926503340755
2017-06-18,0.23316638842515303
2017-06-19,0.26974416017797553
2017-06-20,0.2518065591995553
2017-06-21,0.21611111111111114
2017-06-22,0.24375347029428096
2017-06-23,0.23196448390677027
2017-06-24,0.23516361619523019
2017-06-25,0.26718403547671843
2017-06-26,0.2825484764542936
2017-06-27,0.29568106312292364
2017-06-28,0.280022136137244
2017-06-29,0.271570796460177
2017-06-30,0.2808181315644003
2017-07-01,0.2950276243093922
2017-07-02,0.29928216454997236
2017-07-03,0.2853200883002207
2017-07-04,0.2824048538334253
2017-07-05,0.27067254685777287
2017-07-06,0.26942148760330575
2017-07-07,0.2742290748898678
2017-07-08,0.2944413869014859
2017-07-09,0.2865786578657866
2017-07-10,0.29466739967014843
2017-07-11,0.3142857142857143
2017-07-12,0.314662273476112
2017-07-13,0.31009879253567507
2017-07-14,0.31267142073505216
2017-07-15,0.32565789473684215
2017-07-16,0.33479452054794523
2017-07-17,0.34392113910186195
2017-07-18,0.3262178434592228
2017-07-19,0.3194748358862144
2017-07-20,0.32367413887370144
2017-07-21,0.23497267759562845
2017-07-22,0.275805570726379
2017-07-23,0.23744541484716153
2017-07-24,0.2547735951991271
2017-07-25,0.2579062159214831
2017-07-26,0.3008174386920981
2017-07-27,0.303921568627451
2017-07-28,0.2841589548176374
2017-07-29,0.2524483133841132
2017-07-30,0.279499728113105
2017-07-31,0.2673913043478261
2017-08-01,0.24117327539380773
2017-08-02,0.2779587404994571
2017-08-03,0.28811720021703746
2017-08-04,0.2640997830802603
2017-08-05,0.2449864498644987
2017-08-06,0.16901408450704225
2017-08-07,0.17162966973470495
2017-08-08,0.15476190476190477
2017-08-09,0.15413737155219043
2017-08-10,0.1627027027027027
2017-08-11,0.15451107509454354
2017-08-12,0.13930885529157666
2017-08-13,0.13383702104695094
2017-08-14,0.12837108953613807
2017-08-15,0.12129380053908356
2017-08-16,0.12607758620689657
2017-08-17,0.12008616047388265
2017-08-18,0.12217438105489775
2017-08-19,0.13071543840774613
2017-08-20,0.1279569892473118
2017-08-21,0.13218699623858143
2017-08-22,0.13587540279269605
2017-08-23,0.13419216317767046
2017-08-24,0.13143776824034337
2017-08-25,0.1243967828418231
2017-08-26,0.12433011789924975
2017-08-27,0.12533476164970536
2017-08-28,0.12580299785867233
2017-08-29,0.12466559657570897
2017-08-30,0.11764705882352944
2017-08-31,0.11865312667022987
2017-09-01,0.11378205128205132
2017-09-02,0.11265349706353445
2017-09-03,0.12113127001067236
2017-09-04,0.12
2017-09-05,0.13166311300639655
2017-09-06,0.12839637719765584
2017-09-07,0.12193823216187438
2017-09-08,0.12187333688131985
2017-09-09,0.1372340425531915
2017-09-10,0.13875598086124397
2017-09-11,0.14293304994686507
2017-09-12,0.14498141263940523
2017-09-13,0.14861995753715496
2017-09-14,0.1607427055702918
2017-09-15,0.24284199363732772
2017-09-16,0.17488076311605727
2017-09-17,0.17478813559322037
2017-09-18,0.17681312863949183
2017-09-19,0.15291005291005288
2017-09-20,0.16234796404019036
2017-09-21,0.16437632135306557
2017-09-22,0.19017432646592713
2017-09-23,0.1916578669482577
2017-09-24,0.17519788918205803
2017-09-25,0.18618143459915615
2017-09-26,0.16763310490247763
2017-09-27,0.16965226554267654
2017-09-28,0.1495523959978936
2017-09-29,0.15210526315789474
2017-09-30,0.153603366649132
2017-10-01,0.14773922187171395
2017-10-02,0.1455596426694693
2017-10-03,0.14653361344537819
2017-10-04,0.1501312335958005
2017-10-05,0.15529905561385104
2017-10-06,0.15049816465652854
2017-10-07,0.149895178197065
2017-10-08,0.1466736511262441
2017-10-09,0.13821989528795808
2017-10-10,0.12977498691784406
2017-10-11,0.13284518828451886
2017-10-12,0.12911657083115524
2017-10-13,0.11076280041797282
2017-10-14,0.10809399477806791
2017-10-15,0.10281837160751561
2017-10-16,0.10589462702138763
2017-10-17,0.10531803962460895
2017-10-18,0.11099531005732155
2017-10-19,0.11197916666666663
2017-10-20,0.1093180635085893
2017-10-21,0.10041623309053072
2017-10-22,0.09932397295891837
2017-10-23,0.10135135135135132
2017-10-24,0.10597402597402594
2017-10-25,0.1163032191069574
2017-10-26,0.113129216398547
2017-10-27,0.10736514522821572
2017-10-28,0.11353032659409024
2017-10-29,0.11450777202072537
2017-10-30,0.0983946141895391
2017-10-31,0.1019668737060041
2017-11-01,0.09053285049146409
2017-11-02,0.08066184074457083
2017-11-03,0.07235142118863047
2017-11-04,0.06818181818181823
2017-11-05,0.06504904491481678
2017-11-06,0.06656346749226005
2017-11-07,0.07735946364105206
2017-11-08,0.07474226804123707
2017-11-09,0.06646058732612059
2017-11-10,0.0777548918640577
2017-11-11,0.09469891919711781
2017-11-12,0.10648148148148151
2017-11-13,0.12442159383033424
2017-11-14,0.10020554984583763
2017-11-15,0.09809964047252184
2017-11-16,0.07597535934291577
2017-11-17,0.06362237044638275
2017-11-18,0.06461538461538463
2017-11-19,0.06406970784213228
2017-11-20,0.06198770491803274
2017-11-21,0.06041986687147982
2017-11-22,0.06243602865916065
2017-11-23,0.060869565217391286
2017-11-24,0.06441717791411039
2017-11-25,0.06234031681144614
2017-11-26,0.0561797752808989
2017-11-27,0.052577845839714143
2017-11-28,0.05051020408163265
2017-11-29,0.049464558898521194
2017-11-30,0.050968399592252855
2017-12-01,0.049414161996943484
2017-12-02,0.04378818737270873
2017-12-03,0.04376590330788799
2017-12-04,0.041200406917599186
2017-12-05,0.036603965429588214
2017-12-06,0.03658536585365857
2017-12-07,0.016759776536312887
2017-12-08,0.012182741116751217
2017-12-09,0.013698630136986356
2017-12-10,0.01572008113590262
2017-12-11,0.015712113532691308
2017-12-12,0.012664640324214771
2017-12-13,0.011139240506329084
2017-12-14,0.015182186234817818
2017-12-15,0.015174506828528056
2017-12-16,0.011122345803842304
2017-12-17,0.008084891359272373
2017-12-18,0.009090909090909038
2017-12-19,0.009591115598182709
2017-12-20,0.015136226034308753
2017-12-21,0.01865859808371151
2017-12-22,0.022177419354838745
2017-12-23,0.028715365239294743
2017-12-24,0.024169184290030232
2017-12-25,0.03220936084549575
2017-12-26,0.03219315895372232
2017-12-27,0.022624434389140302
2017-12-28,0.024120603015075348
2017-12-29,0.03314917127071826
2017-12-30,0.030622489959839405
2017-12-31,0.04716507777220269
2018-01-01,0.040621865596790374
2018-01-02,0.0441102756892231
2018-01-03,0.03106212424849697
2018-01-04,0.02854281422133198
2018-01-05,0.028528528528528496
2018-01-06,0.020010005002501274
2018-01-07,0.020000000000000018
2018-01-08,0.02398800599700146
2018-01-09,0.034965034965035
2018-01-10,0.04393409885172239
2018-01-11,0.041417165668662714
2018-01-12,0.054364089775561064
2018-01-13,0.0503489531405783
2018-01-14,0.046337817638266054
2018-01-15,0.05328685258964139
2018-01-16,0.054753608760577444
2018-01-17,0.07462686567164178
2018-01-18,0.07608155146693185
2018-01-19,0.07604373757455274
2018-01-20,0.07501241927471436
2018-01-21,0.06554121151936443
2018-01-22,0.0764267990074442
2018-01-23,0.08085317460317465
2018-01-24,0.08081308874566184
2018-01-25,0.07978196233894941
2018-01-26,0.08073303615651317
2018-01-27,0.08118811881188115
2018-01-28,0.08015833745670464
2018-01-29,0.0771513353115727
2018-01-30,0.08255066732575378
2018-01-31,0.09733201581027673
2018-02-01,0.09580246913580248
2018-02-02,0.1179664363277394
2018-02-03,0.12629501726689685
2018-02-04,0.11686390532544377
2018-02-05,0.14440611138491866
2018-02-06,0.17980295566502458
2018-02-07,0.1595273264401772
2018-02-08,0.16190944881889768
2018-02-09,0.14707329070339403
2018-02-10,0.13372664700098325
2018-02-11,0.14004914004914004
2018-02-12,0.1547151277013753
2018-02-13,0.1291114383897889
2018-02-14,0.14327772325809618
2018-02-15,0.11476213830308979
2018-02-16,0.10147058823529409
2018-02-17,0.09995100440960314
2018-02-18,0.08912830558276197
2018-02-19,0.09789525208027405
2018-02-20,0.08953033268101762
2018-02-21,0.08850855745721276
2018-02-22,0.1001955034213099
2018-02-23,0.1123595505617978
2018-02-24,0.10595703125
2018-02-25,0.12054660810151296
2018-02-26,0.12390243902439024
2018-02-27,0.1048269137006338
2018-02-28,0.09892787524366475
2018-03-01,0.10667316122747195
2018-03-02,0.0954235637779941
2018-03-03,0.09440389294403895
2018-03-04,0.09046692607003892
2018-03-05,0.09042294603791934
2018-03-06,0.09037900874635574
2018-03-07,0.1053909664885867
2018-03-08,0.12718446601941746
2018-03-09,0.14264919941775833
2018-03-10,0.1464597478176528
2018-03-11,0.16286960736791078
2018-03-12,0.14050387596899228
2018-03-13,0.15447941888619854
2018-03-14,0.15537270087124877
2018-03-15,0.17755200774068702
2018-03-16,0.1769825918762089
2018-03-17,0.17689705171580472
2018-03-18,0.18743961352657001
2018-03-19,0.18010622887493966
2018-03-20,0.17422779922779918
2018-03-21,0.16883743367100823
2018-03-22,0.16972034715525552
2018-03-23,0.17349397590361448
2018-03-24,0.17341040462427748
2018-03-25,0.17669715936446795
2018-03-26,0.1809432146294514
2018-03-27,0.18855218855218858
2018-03-28,0.19807692307692304
2018-03-29,0.19509851033157133
2018-03-30,0.22286263208453405
2018-03-31,0.2328372539606337
2018-04-01,0.23032629558541262
2018-04-02,0.23645083932853717
2018-04-03,0.22722914669223393
2018-04-04,0.21514135122184952
2018-04-05,0.23946360153256707
2018-04-06,0.23934897079942552
2018-04-07,0.2478468899521531
2018-04-08,0.23768531802965087
2018-04-09,0.231357552581262
2018-04-10,0.24653607262302912
2018-04-11,0.24450811843361986
2018-04-12,0.23818615751789973
2018-04-13,0.20515267175572516
2018-04-14,0.20600858369098718
2018-04-15,0.20257387988560538
2018-04-16,0.1910433539780848
2018-04-17,0.20238095238095233
2018-04-18,0.21085197524988097
2018-04-19,0.20123691722169368
2018-04-20,0.1968616262482168
2018-04-21,0.1815589353612167
2018-04-22,0.18147268408551065
2018-04-23,0.18423551756885093
2018-04-24,0.18035121025154244
2018-04-25,0.16650853889943074
2018-04-26,0.18539592223802748
2018-04-27,0.1758293838862559
2018-04-28,0.1837991473235433
2018-04-29,0.17518939393939392
2018-04-30,0.17415996213913865
2018-05-01,0.17833491012298963
2018-05-02,0.1848699763593381
2018-05-03,0.1805293005671077
2018-05-04,0.1695795937647615
2018-05-05,0.1709159584513692
2018-05-06,0.1698914582350165
2018-05-07,0.1740566037735849
2018-05-08,0.18198962753418202
2018-05-09,0.18803016022620167
2018-05-10,0.18417333961375415
2018-05-11,0.19491525423728817
2018-05-12,0.21788235294117642
2018-05-13,0.21636876763875823
2018-05-14,0.2078044193700047
2018-05-15,0.21052631578947367
2018-05-16,0.21935180836073276
2018-05-17,0.2244131455399061
2018-05-18,0.23322383857343965
2018-05-19,0.2293621013133208
2018-05-20,0.23019221753398966
2018-05-21,0.22164948453608246
2018-05-22,0.22482435597189698
2018-05-23,0.23923220973782766
2018-05-24,0.2601778193729527
2018-05-25,0.25912067352666046
2018-05-26,0.2646096306685367
2018-05-27,0.27383177570093453
2018-05-28,0.2741709481550677
2018-05-29,0.2857142857142857
2018-05-30,0.26691553896406905
2018-05-31,0.27472014925373134
2018-06-01,0.2671328671328671
2018-06-02,0.2651444547996272
2018-06-03,0.26176059618071723
2018-06-04,0.2593109869646183
2018-06-05,0.27408096789204284
2018-06-06,0.2641860465116279
2018-06-07,0.2635983263598326
2018-06-08,0.2639405204460966
2018-06-09,0.2684626103111937
2018-06-10,0.27669452181987
2018-06-11,0.3303944315545244
2018-06-12,0.32282003710575136
2018-06-13,0.35558646267964766
2018-06-14,0.38137164040778504
2018-06-15,0.349698934691987
2018-06-16,0.3731481481481481
2018-06-17,0.3655714946783897
2018-06-18,0.3718778908418131
2018-06-19,0.3472029588534443
2018-06-20,0.34565619223659894
2018-06-21,0.3450346420323326
2018-06-22,0.35041551246537395
2018-06-23,0.40839870789109367
2018-06-24,0.4017527675276753
2018-06-25,0.4071000461041955
2018-06-26,0.4
2018-06-27,0.4094887148779365
2018-06-28,0.40837937384898715
2018-06-29,0.4183156925908882
2018-06-30,0.40478380864765406
2018-07-01,0.3944827586206896
2018-07-02,0.3956801470588235
2018-07-03,0.37390904915020673
2018-07-04,0.38934802571166205
2018-07-05,0.38136759981642954
2018-07-06,0.38853211009174315
2018-07-07,0.3814763869784502
2018-07-08,0.3670944087992667
2018-07-09,0.37104901511681176
2018-07-10,0.37774725274725274
2018-07-11,0.41052631578947374
2018-07-12,0.4062214089661482
2018-07-13,0.4179240969364426
2018-07-14,0.4154478976234004
2018-07-15,0.4143444495203289
2018-07-16,0.41141552511415524
2018-07-17,0.38293016887266085
2018-07-18,0.31888686131386856
2018-07-19,0.3164614683082535
2018-07-20,0.3094804010938924
2018-07-21,0.3230068337129841
2018-07-22,0.31785063752276865
2018-07-23,0.3195266272189349
2018-07-24,0.2975432211101001
2018-07-25,0.25875397908140063
2018-07-26,0.27409090909090905
2018-07-27,0.2898682417083144
2018-07-28,0.27656675749318804
2018-07-29,0.27689514298683615
2018-07-30,0.27586206896551724
2018-07-31,0.27936507936507937
2018-08-01,0.3073436083408885
2018-08-02,0.3185319438151336
2018-08-03,0.32653985507246375
2018-08-04,0.34087822544137614
2018-08-05,0.3850678733031674
2018-08-06,0.3821800090456807
2018-08-07,0.3969258589511754
2018-08-08,0.4130140081337551
2018-08-09,0.43134598012646796
2018-08-10,0.42167042889390516
2018-08-11,0.43772563176895307
2018-08-12,0.4307622913847542
2018-08-13,0.4314697926059513
2018-08-14,0.43533123028391163
2018-08-15,0.43828828828828825
2018-08-16,0.4353894642053129
2018-08-17,0.4351935193519352
2018-08-18,0.4246513720197931
2018-08-19,0.42940647482014394
2018-08-20,0.4274157303370787
2018-08-21,0.4384546271338724
2018-08-22,0.428378985181859
2018-08-23,0.43581687612208253
2018-08-24,0.42754598474652306
2018-08-25,0.42197309417040363
2018-08-26,0.42088749439713136
2018-08-27,0.4233870967741935
2018-08-28,0.41692789968652033
2018-08-29,0.3992837958818263
2018-08-30,0.40447427293064875
2018-08-31,0.41234347048300535
2018-09-01,0.40992400536432727
2018-09-02,0.3981233243967829
2018-09-03,0.39213934792317995
2018-09-04,0.3950892857142857
2018-09-05,0.3882195448460509
2018-09-06,0.4268510258697591
2018-09-07,0.44092732946946056
2018-09-08,0.4451871657754011
2018-09-09,0.4521158129175946
2018-09-10,0.4510240427426536
2018-09-11,0.44993324432576765
2018-09-12,0.45106761565836295
2018-09-13,0.44953312583370386
2018-09-14,0.44399999999999995
2018-09-15,0.444247001332741
2018-09-16,0.4436056838365897
2018-09-17,0.4456280514869063
2018-09-18,0.45430346051464066
2018-09-19,0.45321507760532154
2018-09-20,0.4512411347517731
2018-09-21,0.4470536109880372
2018-09-22,0.43489813994685567
2018-09-23,0.43780433820274456
2018-09-24,0.43805309734513276
2018-09-25,0.4462627156125608
2018-09-26,0.4549071618037135
2018-09-27,0.45249668581528946
2018-09-28,0.4425795053003534
2018-09-29,0.4459161147902869
2018-09-30,0.44836716681376876
2018-10-01,0.4481693868548743
2018-10-02,0.4514991181657848
2018-10-03,0.4548259144997796
2018-10-04,0.45770925110132155
2018-10-05,0.4539850286217525
2018-10-06,0.4515845070422535
2018-10-07,0.45578530576330845
2018-10-08,0.455584872471416
2018-10-09,0.4518681318681319
2018-10-10,0.45474516695957823
2018-10-11,0.45937637241985063
2018-10-12,0.4635645302897279
2018-10-13,0.4629223343571742
2018-10-14,0.4631578947368421
2018-10-15,0.4642700569925471
2018-10-16,0.4596844872918493
2018-10-17,0.4594831362242663
2018-10-18,0.4605954465849387
2018-10-19,0.4612691466083151
2018-10-20,0.46194225721784776
2018-10-21,0.46130301705290777
2018-10-22,0.46153846153846156
2018-10-23,0.4630843162953254
2018-10-24,0.4637554585152839
2018-10-25,0.4635530336097774
2018-10-26,0.4642233856893543
2018-10-27,0.4644570431748801
2018-10-28,0.46469049694856146
2018-10-29,0.4649237472766885
2018-10-30,0.4690766550522648
2018-10-31,0.4697431432303004
2018-11-01,0.4686684073107049
2018-11-02,0.46715963462374943
2018-11-03,0.4678260869565217
2018-11-04,0.469361147327249
2018-11-05,0.4652476107732406
2018-11-06,0.4667824576639167
2018-11-07,0.4652777777777778
2018-11-08,0.4633405639913232
2018-11-09,0.46877710320902
2018-11-10,0.47247507585609017
2018-11-11,0.47227036395147315
2018-11-12,0.472932005197055
2018-11-13,0.4731601731601731
2018-11-14,0.47468628299437476
2018-11-15,0.48918685121107264
2018-11-16,0.4907047124945958
2018-11-17,0.4926534140017286
2018-11-18,0.49287257019438446
2018-11-19,0.49136442141623493
2018-11-20,0.5140267587397497
2018-11-21,0.5422778257118206
2018-11-22,0.5269512721000431
2018-11-23,0.5435344827586207
2018-11-24,0.5467470917707884
2018-11-25,0.6192937123169682
2018-11-26,0.5927679724494188
2018-11-27,0.6411359724612737
2018-11-28,0.6270967741935484
2018-11-29,0.560189165950129
2018-11-30,0.5569402664374732
2018-12-01,0.5923539518900344
2018-12-02,0.5714899098325461
2018-12-03,0.5768240343347639
2018-12-04,0.6207636207636207
2018-12-05,0.6119210977701544
2018-12-06,0.6463780540077153
2018-12-07,0.6949443016281063
2018-12-08,0.7203426124197002
2018-12-09,0.7148972602739726
2018-12-10,0.688489516474112
2018-12-11,0.715568862275449
2018-12-12,0.7272338606241984
2018-12-13,0.7141025641025641
2018-12-14,0.7347287483981204
2018-12-15,0.7386848847139198
2018-12-16,0.7400768245838668
2018-12-17,0.7393344709897611
2018-12-18,0.7002132196162048
2018-12-19,0.6624040920716112
2018-12-20,0.6553046442266723
2018-12-21,0.5864565587734242
2018-12-22,0.6300553426990209
2018-12-23,0.608936170212766
2018-12-24,0.6137813696299448
2018-12-25,0.5952380952380952
2018-12-26,0.6489587760305993
2018-12-27,0.6423109600679694
2018-12-28,0.694267515923567
2018-12-29,0.6264855687606112
2018-12-30,0.6414934238438693
2018-12-31,0.6416454622561493
2019-01-01,0.6710470538363713
2019-01-02,0.6449152542372881
2019-01-03,0.6272765777213045
2019-01-04,0.6515664690939882
2019-01-05,0.6428269149386373
2019-01-06,0.6510152284263959
2019-01-07,0.602536997885835
2019-01-08,0.6128486897717667
2019-01-09,0.6151246303337559
2019-01-10,0.6131756756756757
2019-01-11,0.6969185310257493
2019-01-12,0.6978902953586498
2019-01-13,0.7001265288907634
2019-01-14,0.7230185497470489
2019-01-15,0.6932153392330384
2019-01-16,0.7101937657961247
2019-01-17,0.7065263157894737
2019-01-18,0.6973905723905724
2019-01-19,0.7076146403029029
2019-01-20,0.6913372582001682
2019-01-21,0.7221521647751156
2019-01-22,0.7243697478991596
2019-01-23,0.7156656866862663
2019-01-24,0.7212426532325777
2019-01-25,0.7201007133864876
2019-01-26,0.7210570469798658
2019-01-27,0.7232704402515724
2019-01-28,0.7279966471081307
2019-01-29,0.7373271889400922
2019-01-30,0.7391122278056952
2019-01-31,0.7375470908329845
2019-02-01,0.7389121338912135
2019-02-02,0.7369301547469678
2019-02-03,0.7357859531772575
2019-02-04,0.7392394483911409
2019-02-05,0.739766081871345
2019-02-06,0.7386221294363257
2019-02-07,0.7458263772954925
2019-02-08,0.7480183562786817
2019-02-09,0.7168473728106756
2019-02-10,0.716548561900792
2019-02-11,0.7116666666666667
2019-02-12,0.7238650562265723
2019-02-13,0.7256452955870107
2019-02-14,0.7299209321681233
2019-02-15,0.7316971713810316
2019-02-16,0.7318087318087318
2019-02-17,0.7294264339152119
2019-02-18,0.7208142916493561
2019-02-19,0.6648671096345515
2019-02-20,0.6575342465753424
2019-02-21,0.6485477178423237
2019-02-22,0.6607216922438822
2019-02-23,0.6471807628524047
2019-02-24,0.6162453377538334
2019-02-25,0.6975973487986744
2019-02-26,0.684472049689441
2019-02-27,0.6883278145695364
2019-02-28,0.6888705006206041
2019-03-01,0.6914805624483044
2019-03-02,0.6874741628772221
2019-03-03,0.6888429752066116
2019-03-04,0.6976456009913259
2019-03-05,0.717175887696119
2019-03-06,0.6842756912917871
2019-03-07,0.6827557755775577
2019-03-08,0.6828865979381443
2019-03-09,0.6863149216817808
2019-03-10,0.6707869798104655
2019-03-11,0.6721581548599671
2019-03-12,0.6862906545903664
2019-03-13,0.6851851851851851
2019-03-14,0.6894282188399836
2019-03-15,0.6895559210526316
2019-03-16,0.6773530620632964
2019-03-17,0.6552999178307313
2019-03-18,0.6607802874743327
2019-03-19,0.6613300492610837
2019-03-20,0.655313910545753
2019-03-21,0.6452009844134536
2019-03-22,0.6650266502665027
2019-03-23,0.6622950819672131
2019-03-24,0.6661204424416223
2019-03-25,0.6703521703521704
2019-03-26,0.686451084731887
2019-03-27,0.6849427168576105
2019-03-28,0.6548057259713702
2019-03-29,0.6598528209321342
2019-03-30,0.6395586432366163
2019-03-31,0.6397058823529411
2019-04-01,0.6398530012249898
2019-04-02,0.6326530612244898
2019-04-03,0.5189718482252141
2019-04-04,0.5138662316476346
2019-04-05,0.5193640440277212
2019-04-06,0.511002444987775
2019-04-07,0.5103869653767821
2019-04-08,0.49959283387622155
2019-04-09,0.4961334961334961
2019-04-10,0.500813669650122
2019-04-11,0.4957299715331436
2019-04-12,0.5134146341463415
2019-04-13,0.5107679804957335
2019-04-14,0.5129975629569457
2019-04-15,0.5058871295168494
2019-04-16,0.5150162337662338
2019-04-17,0.503448275862069
2019-04-18,0.5028386050283861
2019-04-19,0.49777057154438586
2019-04-20,0.49756888168557534
2019-04-21,0.49696233292831105
2019-04-22,0.49838056680161946
2019-04-23,0.4937272359368676
2019-04-24,0.4854368932038835
2019-04-25,0.49211484027496966
2019-04-26,0.5157639450282943
2019-04-27,0.5147474747474747
2019-04-28,0.5113085621970921
2019-04-29,0.5159467097295115
2019-04-30,0.5169491525423728
2019-05-01,0.5054457442517144
2019-05-02,0.5032258064516129
2019-05-03,0.49576783555018133
2019-05-04,0.4810636583400484
2019-05-05,0.47885622231171965
2019-05-06,0.4810789049919485
2019-05-07,0.48128772635814887
2019-05-08,0.47747385358004824
2019-05-09,0.4744672295938882
2019-05-10,0.46945337620578775
2019-05-11,0.46524708718360785
2019-05-12,0.4473895582329317
2019-05-13,0.4520272982737856
2019-05-14,0.4382022471910112
2019-05-15,0.43241075010028074
2019-05-16,0.42261427425821974
2019-05-17,0.43767535070140284
2019-05-18,0.4503205128205128
2019-05-19,0.4513416099319183
2019-05-20,0.4243394715772618
2019-05-21,0.43497398959583833
2019-05-22,0.4356
2019-05-23,0.44422231107556975
2019-05-24,0.4396482813749001
2019-05-25,0.4370755093887335
2019-05-26,0.4329073482428115
2019-05-27,0.4131736526946108
2019-05-28,0.4090183559457302
2019-05-29,0.4168328679696849
2019-05-30,0.41905901116427435
2019-05-31,0.4276604224790753
2019-06-01,0.41952191235059766
2019-06-02,0.41975308641975306
2019-06-03,0.41759554140127386
2019-06-04,0.43493832073219263
2019-06-05,0.4506762132060461
2019-06-06,0.44771371769383694
2019-06-07,0.4483306836248012
2019-06-08,0.44219308700834326
2019-06-09,0.44559173947577446
2019-06-10,0.45375148868598647
2019-06-11,0.4444444444444444
2019-06-12,0.44625148750495836
2019-06-13,0.44052339413164154
2019-06-14,0.43836702338485933
2019-06-15,0.41917591125198095
2019-06-16,0.41702970297029707
2019-06-17,0.41053048297703876
2019-06-18,0.3969133359715077
2019-06-19,0.410996835443038
2019-06-20,0.3997627520759194
2019-06-21,0.3901185770750988
2019-06-22,0.37495061240616356
2019-06-23,0.3503159557661928
2019-06-24,0.34662455586261354
2019-06-25,0.3310970797158642
2019-06-26,0.2911242603550296
2019-06-27,0.24526813880126186
2019-06-28,0.32834055971620024
2019-06-29,0.2655634357762018
2019-06-30,0.2839700669554943
2019-07-01,0.3515748031496063
2019-07-02,0.3663911845730028
2019-07-03,0.3560188827694729
2019-07-04,0.2878489972473457
2019-07-05,0.3341194968553459
2019-07-06,0.34931237721021613
2019-07-07,0.3342498036135114
2019-07-08,0.3191990577149588
2019-07-09,0.2723704866562009
2019-07-10,0.2652020400156925
2019-07-11,0.2874509803921569
2019-07-12,0.337514700117601
2019-07-13,0.3091692789968652
2019-07-14,0.33607520564042304
2019-07-15,0.384886452623336
2019-07-16,0.3632093933463797
2019-07-17,0.42057902973395933
2019-07-18,0.4086820492764959
2019-07-19,0.37646598905394835
2019-07-20,0.38218053927315354
2019-07-21,0.37109375
2019-07-22,0.3814916048418586
2019-07-23,0.38875878220140514
2019-07-24,0.4057744830277019
2019-07-25,0.40990639625585024
2019-07-26,0.4062378167641325
2019-07-27,0.4095869056897895
2019-07-28,0.4265679781846513
2019-07-29,0.42601246105919
2019-07-30,0.42662514597119505
2019-07-31,0.4256809338521401
2019-08-01,0.4025670945157527
2019-08-02,0.38880248833592534
2019-08-03,0.3863194714341236
2019-08-04,0.37995337995337997
2019-08-05,0.3739805825242718
2019-08-06,0.33229813664596275
2019-08-07,0.3558401241753978
2019-08-08,0.32350659425911554
2019-08-09,0.32570763861962004
2019-08-10,0.33410852713178296
2019-08-11,0.3680743897714064
2019-08-12,0.3563129357087529
2019-08-13,0.36430507162214476
2019-08-14,0.3858359133126935
2019-08-15,0.41779497098646035
2019-08-16,0.405645784996133
2019-08-17,0.4035562427522227
2019-08-18,0.4122874806800618
2019-08-19,0.406720741599073
2019-08-20,0.3861003861003861
2019-08-21,0.39058278656889234
2019-08-22,0.42206790123456794
2019-08-23,0.4215194755109911
2019-08-24,0.4070932922127988
2019-08-25,0.4219653179190751
2019-08-26,0.4279661016949152
2019-08-27,0.41162880246438194
2019-08-28,0.4260969976905312
2019-08-29,0.43824547903039635
2019-08-30,0.4473076923076923
2019-08-31,0.4440599769319492
2019-09-01,0.4438893159108378
2019-09-02,0.4391087207068767
2019-09-03,0.4158986175115207
2019-09-04,0.4046065259117082
2019-09-05,0.40713737528779737
2019-09-06,0.4088991177598773
2019-09-07,0.4256134969325154
2019-09-08,0.41510157148332694
2019-09-09,0.4199233716475096
2019-09-10,0.42972041363462277
2019-09-11,0.43568147013782543
2019-09-12,0.43474933027171836
2019-09-13,0.428079571537873
2019-09-14,0.43135755258126196
2019-09-15,0.4311926605504587
2019-09-16,0.43370271303018726
2019-09-17,0.43468296409472884
2019-09-18,0.43718976708667434
2019-09-19,0.4389312977099237
2019-09-20,0.4357115604731019
2019-09-21,0.43974065598779555
2019-09-22,0.44643537933663746
2019-09-23,0.44512195121951215
2019-09-24,0.460952380952381
2019-09-25,0.4801980198019802
2019-09-26,0.4838218500190331
2019-09-27,0.4908675799086758
2019-09-28,0.4891593761886649
2019-09-29,0.48897338403041823
2019-09-30,0.49258836944127704
2019-10-01,0.4870820668693009
2019-10-02,0.48689707557918727
2019-10-03,0.4863325740318907
2019-10-04,0.4895635673624289
2019-10-05,0.4920333839150227
2019-10-06,0.4929844520288206
2019-10-07,0.4981046247156937
2019-10-08,0.49109511178476695
2019-10-09,0.4928030303030303
2019-10-10,0.4808784551306323
2019-10-11,0.48296744890234666
2019-10-12,0.4911085887249338
2019-10-13,0.4905446293494705
2019-10-14,0.49187145557655954
2019-10-15,0.49017384731670444
2019-10-16,0.4964110313562523
2019-10-17,0.49848942598187307
2019-10-18,0.4979237448093621
2019-10-19,0.5011320754716981
2019-10-20,0.5016974726518295
2019-10-21,0.49585218702865763
2019-10-22,0.49641914813418775
2019-10-23,0.5
2019-10-24,0.5141242937853108
2019-10-25,0.5143072289156627
2019-10-26,0.4828754234098608
2019-10-27,0.47291196388261847
2019-10-28,0.4682211357653253
2019-10-29,0.47293233082706765
2019-10-30,0.47200300638857573
2019-10-31,0.47370398196844477
2019-11-01,0.47465264739016144
2019-11-02,0.4733483483483484
2019-11-03,0.47317073170731705
2019-11-04,0.4741185296324081
2019-11-05,0.47206599175103114
2019-11-06,0.4733883058470765
2019-11-07,0.4728362682652679
2019-11-08,0.4764044943820225
2019-11-09,0.48558592287532765
2019-11-10,0.4854041916167665
2019-11-11,0.47848858959970075
2019-11-12,0.4891548242333582
2019-11-13,0.4871028037383177
2019-11-14,0.48841554559043343
2019-11-15,0.4942099364960777
2019-11-16,0.5003734129947722
2019-11-17,0.5001866368047779
2019-11-18,0.49962686567164183
2019-11-19,0.5080193957478553
2019-11-20,0.5089485458612976
2019-11-21,0.5106224375698845
2019-11-22,0.5234724292101341
2019-11-23,0.5396648044692738
2019-11-24,0.5361131794489948
2019-11-25,0.5615928544845552
2019-11-26,0.5483630952380952
2019-11-27,0.5474153960580141
2019-11-28,0.5278810408921932
2019-11-29,0.5325157933853586
2019-11-30,0.5189450222882614
2019-12-01,0.5276643148904567
2019-12-02,0.5341499628804751
2019-12-03,0.5432282003710576
2019-12-04,0.5437685459940653
2019-12-05,0.5498702261772339
2019-12-06,0.5370644922164567
2019-12-07,0.5309373842163765
2019-12-08,0.5322222222222222
2019-12-09,0.5312847093669011
2019-12-10,0.5447816432272391
2019-12-11,0.5541990381058084
2019-12-12,0.5569526627218935
2019-12-13,0.5574861367837338
2019-12-14,0.5550628233555063
2019-12-15,0.5666789804211304
2019-12-16,0.5649926144756278
2019-12-17,0.5828719084533038
2019-12-18,0.6014760147601477
2019-12-19,0.5544079675396533
2019-12-20,0.5641592920353982
2019-12-21,0.562108367121268
2019-12-22,0.5663227708179808
2019-12-23,0.5410681399631676
2019-12-24,0.5541237113402062
2019-12-25,0.5598086124401913
2019-12-26,0.5654893303899926
2019-12-27,0.5656491357116586
2019-12-28,0.5621323529411765
2019-12-29,0.5571481073134876
2019-12-30,0.5506980161645849
2019-12-31,0.565919941241278
2020-01-01,0.5726872246696035
2020-01-02,0.5732110091743119
2020-01-03,0.5917094644167278
2020-01-04,0.5592225889255592
2020-01-05,0.5575513196480939
2020-01-06,0.5577134481495053
2020-01-07,0.5271062271062271
2020-01-08,0.5108019040644453
2020-01-09,0.5146412884333822
2020-01-10,0.5257958287596048
2020-01-11,0.5113386978785662
2020-01-12,0.5170018281535649
2020-01-13,0.5105994152046784
2020-01-14,0.5137011326269638
2020-01-15,0.49634769905040177
2020-01-16,0.49689667761956924
2020-01-17,0.4989051094890511
2020-01-18,0.4936154688070048
2020-01-19,0.4934354485776805
2020-01-20,0.5009114108640176
2020-01-21,0.5025510204081632
2020-01-22,0.4998178506375228
2020-01-23,0.5029133284777858
2020-01-24,0.5100109210047324
2020-01-25,0.5080058224163028
2020-01-26,0.5110949436158603
2020-01-27,0.5043636363636363
2020-01-28,0.49654671028716835
2020-01-29,0.48510174418604646
2020-01-30,0.48492553577915
2020-01-31,0.4793028322440087
2020-02-01,0.484573502722323
2020-02-02,0.4836719883889695
2020-02-03,0.48712368516503446
2020-02-04,0.4894851341551849
2020-02-05,0.49111997100398697
2020-02-06,0.47681159420289854
2020-02-07,0.4722926475914524
2020-02-08,0.4710354815351194
2020-02-09,0.4683315237061165
2020-02-10,0.4620115774240231
2020-02-11,0.4701627486437613
2020-02-12,0.4605929139551699
2020-02-13,0.45970365016263104
2020-02-14,0.46206647398843925
2020-02-15,0.460093896713615
2020-02-16,0.472202166064982
2020-02-17,0.47058823529411764
2020-02-18,0.4826839826839827
2020-02-19,0.4633970429138118
2020-02-20,0.4855803893294881
2020-02-21,0.4864864864864865
2020-02-22,0.48414985590778103
2020-02-23,0.48541591645660787
2020-02-24,0.47264218862491003
2020-02-25,0.48794530406621084
2020-02-26,0.4989208633093525
2020-02-27,0.5131247752606976
2020-02-28,0.5143781452192667
2020-02-29,0.5159899389148401
2020-03-01,0.5237068965517242
2020-03-02,0.5263913824057451
2020-03-03,0.5111270638908829
2020-03-04,0.5163257983494798
2020-03-05,0.5172166427546628
2020-03-06,0.5077088562208677
2020-03-07,0.5057347670250896
2020-03-08,0.5127194553923324
2020-03-09,0.5551575931232091
2020-03-10,0.573218761188686
2020-03-11,0.572655690765927
2020-03-12,0.5713774597495528
2020-03-13,0.8404864091559371
2020-03-14,0.797640328923847
2020-03-15,0.8316654753395283
2020-03-16,0.8217220435869954
2020-03-17,0.8382142857142857
2020-03-18,0.8193502320599786
2020-03-19,0.8201284796573876
2020-03-20,0.7524081341419907
2020-03-21,0.7574893009985735
2020-03-22,0.7579322638146168
2020-03-23,0.777975766215253
2020-03-24,0.7160669754185964
2020-03-25,0.6734330484330484
2020-03-26,0.683873264506942
2020-03-27,0.6768683274021352
2020-03-28,0.7193169690501601
2020-03-29,0.7564011379800853
2020-03-30,0.776750799857803
2020-03-31,0.7306325515280739
2020-04-01,0.7321492007104795
2020-04-02,0.6974431818181819
2020-04-03,0.6755413560525382
2020-04-04,0.6816891412349184
2020-04-05,0.669031571479248
2020-04-06,0.6783687943262411
2020-04-07,0.6277915632754343
2020-04-08,0.6406803685329554
2020-04-09,0.6227417640807651
2020-04-10,0.6310198300283286
2020-04-11,0.6746902654867257
2020-04-12,0.6730360934182591
2020-04-13,0.6621860629642731
2020-04-14,0.6764497878359265
2020-04-15,0.6755037115588547
2020-04-16,0.7180212014134275
2020-04-17,0.6495937831155069
2020-04-18,0.6560734463276836
2020-04-19,0.6392516766678433
2020-04-20,0.6492589978828511
2020-04-21,0.6846560846560846
2020-04-22,0.6833568406205923
2020-04-23,0.6542121959816708
2020-04-24,0.6190979563072586
2020-04-25,0.6185276505811905
2020-04-26,0.6151408450704225
2020-04-27,0.6001407954945441
2020-04-28,0.595707248416608
2020-04-29,0.5965529370383398
2020-04-30,0.529887482419128
2020-05-01,0.5384885764499121
2020-05-02,0.5256500351370345
2020-05-03,0.5205479452054795
2020-05-04,0.5249297752808989
2020-05-05,0.5265005265005265
2020-05-06,0.5214035087719298
2020-05-07,0.5089442300947036
2020-05-08,0.48807854137447404
2020-05-09,0.49106203995793896
2020-05-10,0.4989488437281009
2020-05-11,0.5415061295971979
2020-05-12,0.5504201680672269
2020-05-13,0.5365768288414421
2020-05-14,0.5097970608817355
2020-05-15,0.49422875131164745
2020-05-16,0.5115384615384615
2020-05-17,0.5078643830828382
2020-05-18,0.49755415793151647
2020-05-19,0.49668180230527414
2020-05-20,0.4965083798882681
2020-05-21,0.5054101221640488
2020-05-22,0.5272156315422192
2020-05-23,0.5228461806766656
2020-05-24,0.5223152022315203
2020-05-25,0.5458347856395958
2020-05-26,0.5407665505226481
2020-05-27,0.5454545454545454
2020-05-28,0.524025069637883
2020-05-29,0.5057431256526279
2020-05-30,0.5135699373695198
2020-05-31,0.5008695652173913
2020-06-01,0.5149513212795549
2020-06-02,0.48592283628779975
2020-06-03,0.5118137595552468
2020-06-04,0.505036470996874
2020-06-05,0.49826388888888884
2020-06-06,0.5064213814647691
2020-06-07,0.5058986814712005
2020-06-08,0.5015608740894901
2020-06-09,0.5013869625520111
2020-06-10,0.5015597920277297
2020-06-11,0.49722799722799726
2020-06-12,0.5306546588153793
2020-06-13,0.5207756232686981
2020-06-14,0.5209415022499135
2020-06-15,0.5280276816608996
2020-06-16,0.5230024213075061
2020-06-17,0.5193637621023512
2020-06-18,0.5243691669547184
2020-06-19,0.5283344851416725
2020-06-20,0.5357512953367876
2020-06-21,0.5331491712707183
2020-06-22,0.5374525371073524
2020-06-23,0.5138026224982747
2020-06-24,0.5184546395308727
2020-06-25,0.5393103448275862
2020-06-26,0.5436056532230266
2020-06-27,0.5496209510682288
2020-06-28,0.5628660006889425
2020-06-29,0.5540633608815426
2020-06-30,0.5497418244406196
2020-07-01,0.5536820371644873
2020-07-02,0.5469556243550051
2020-07-03,0.5598349381017882
2020-07-04,0.5630800962530079
2020-07-05,0.5587628865979382
2020-07-06,0.5640673308141533
2020-07-07,0.543956043956044
2020-07-08,0.5502917953999313
2020-07-09,0.5374056280027454
2020-07-10,0.5540308747855918
2020-07-11,0.5497256515775034
2020-07-12,0.5546794652039767
2020-07-13,0.5507196710075395
2020-07-14,0.5573826652963343
2020-07-15,0.5558219178082191
2020-07-16,0.563505648750428
2020-07-17,0.568104038329911
2020-07-18,0.5675675675675675
2020-07-19,0.5663474692202463
2020-07-20,0.5647863247863247
2020-07-21,0.5686944634313056
2020-07-22,0.5486846600614964
2020-07-23,0.5389344262295082
2020-07-24,0.5326049846363947
2020-07-25,0.5392491467576792
2020-07-26,0.5281473899692938
2020-07-27,0.5139836289222374
2020-07-28,0.47084896010910327
2020-07-29,0.47546012269938653
2020-07-30,0.468824531516184
2020-07-31,0.4683242506811989
2020-08-01,0.4657814096016343
2020-08-02,0.4489448604492853
2020-08-03,0.47363048656005446
2020-08-04,0.467687074829932
2020-08-05,0.4688881332879973
2020-08-06,0.4537729435757988
2020-08-07,0.4525993883792049
2020-08-08,0.4592391304347826
2020-08-09,0.4546689303904924
2020-08-10,0.4568906992532247
2020-08-11,0.4496097726501527
2020-08-12,0.46845318860244234
2020-08-13,0.46354696507290605
2020-08-14,0.45593220338983054
2020-08-15,0.4564554388342935
2020-08-16,0.45291327913279134
2020-08-17,0.45242126650863523
2020-08-18,0.4380501015572106
2020-08-19,0.44839255499153974
2020-08-20,0.46143437077131255
2020-08-21,0.4565437943862022
2020-08-22,0.47025016903313044
2020-08-23,0.46671172693477525
2020-08-24,0.46722972972972976
2020-08-25,0.46335697399527187
2020-08-26,0.47940580688723833
2020-08-27,0.4741815727303409
2020-08-28,0.4811066126855601
2020-08-29,0.47251264755480604
2020-08-30,0.4753877275792313
2020-08-31,0.4691607684529828
2020-09-01,0.4693396226415094
2020-09-02,0.45840350286291676
2020-09-03,0.4814814814814815
2020-09-04,0.5277684281386739
2020-09-05,0.5178331090174966
2020-09-06,0.5388496468213926
2020-09-07,0.531607262945528
2020-09-08,0.5250420168067227
2020-09-09,0.5443548387096775
2020-09-10,0.5354383607658717
2020-09-11,0.5285426460711887
2020-09-12,0.5256797583081572
2020-09-13,0.5234899328859061
2020-09-14,0.5333780610533378
2020-09-15,0.512072434607646
2020-09-16,0.5058665772712034
2020-09-17,0.49698391420911525
2020-09-18,0.4994974874371859
2020-09-19,0.5010046885465506
2020-09-20,0.4941412788751255
2020-09-21,0.5023427041499331
2020-09-22,0.5306122448979591
2020-09-23,0.5260869565217392
2020-09-24,0.5499832831828819
2020-09-25,0.5150401069518716
2020-09-26,0.5182091546942866
2020-09-27,0.5156980627922512
2020-09-28,0.515525876460768
2020-09-29,0.5183578104138852
2020-09-30,0.5118451785118452
2020-10-01,0.5173448965977319
2020-10-02,0.527842614204735
2020-10-03,0.5323333333333333
2020-10-04,0.5358213928690436
2020-10-05,0.5263157894736843
2020-10-06,0.5201465201465201
2020-10-07,0.534953395472703
2020-10-08,0.5281198003327787
2020-10-09,0.5133067198935463
2020-10-10,0.5031592949783839
2020-10-11,0.49168882978723405
2020-10-12,0.48919906945829184
2020-10-13,0.4847176079734219
2020-10-14,0.4878777814679508
2020-10-15,0.4893758300132802
2020-10-16,0.4862263524726187
2020-10-17,0.49469143994691445
2020-10-18,0.49353233830845766
2020-10-19,0.48806366047745353
2020-10-20,0.48094133244945314
2020-10-21,0.47680583167660706
2020-10-22,0.4418681682676383
2020-10-23,0.43642384105960264
2020-10-24,0.4382654750082754
2020-10-25,0.4331568497683653
2020-10-26,0.4366523321204102
2020-10-27,0.435515873015873
2020-10-28,0.4228099173553719
2020-10-29,0.430601454064772
2020-10-30,0.42616451932606536
2020-10-31,0.42371202113606343
2020-11-01,0.42093100033014197
2020-11-02,0.4227722772277228
2020-11-03,0.42527218739689876
2020-11-04,0.41853562005277045
2020-11-05,0.41707879986811736
2020-11-06,0.39914304548450885
2020-11-07,0.39934102141680394
2020-11-08,0.40974967061923584
2020-11-09,0.4013829436944353
2020-11-10,0.4048716260697828
2020-11-11,0.40572556762092793
2020-11-12,0.3983552631578947
2020-11-13,0.3850707004274909
2020-11-14,0.3849441157133465
2020-11-15,0.3904042063752875
2020-11-16,0.3945466491458607
2020-11-17,0.3779967159277504
2020-11-18,0.35357846355876554
2020-11-19,0.35149327207088943
2020-11-20,0.3517060367454068
2020-11-21,0.3322400787143326
2020-11-22,0.33180327868852455
2020-11-23,0.3372664700098329
2020-11-24,0.3401048492791612
2020-11-25,0.3268915820504422
2020-11-26,0.33267845448592015
2020-11-27,0.3770867430441899
2020-11-28,0.3776178010471204
2020-11-29,0.36048413477265295
2020-11-30,0.3476128188358404
2020-12-01,0.31938542007191895
2020-12-02,0.3362745098039216
2020-12-03,0.3279973864750082
2020-12-04,0.3249510124101894
2020-12-05,0.33953640222004566
2020-12-06,0.33126631853785904
2020-12-07,0.32724306688417615
2020-12-08,0.3313763861709067
2020-12-09,0.3527877404629931
2020-12-10,0.34615384615384615
2020-12-11,0.35614206581948515
2020-12-12,0.3635179153094462
2020-12-13,0.3422338000651254
2020-12-14,0.3359375
2020-12-15,0.3325740318906606
2020-12-16,0.32986337020169165
2020-12-17,0.29268292682926833
2020-12-18,0.2539011703511054
2020-12-19,0.24731881702957426
2020-12-20,0.22742040285899934
2020-12-21,0.23644040272815847
2020-12-22,0.25422077922077924
2020-12-23,0.23271665043816947
2020-12-24,0.24561972744970795
2020-12-25,0.2364579954589685
2020-12-26,0.2182230869001297
2020-12-27,0.1944894651539708
2020-12-28,0.1957226182760855
2020-12-29,0.18529316488500158
2020-12-30,0.1829663212435233
2020-12-31,0.1689867270961476
2021-01-01,0.16763754045307444
2021-01-02,0.1662892267874474
2021-01-03,0.1500646830530401
2021-01-04,0.13999353378596835
2021-01-05,0.15319974143503556
2021-01-06,0.13602584814216478
2021-01-07,0.12209302325581395
2021-01-08,0.10913787536325481
2021-01-09,0.10103292446739831
2021-01-10,0.10487253952888032
2021-01-11,0.11612903225806448
2021-01-12,0.1335053208642374
2021-01-13,0.1428110896196002
2021-01-14,0.12213986464711568
2021-01-15,0.11372422680412375
2021-01-16,0.12560386473429952
2021-01-17,0.13071474565357377
2021-01-18,0.1322819439974252
2021-01-19,0.1280566280566281
2021-01-20,0.13251849469282728
2021-01-21,0.13729903536977495
2021-01-22,0.1677917068466731
2021-01-23,0.15616966580976865
2021-01-24,0.1622229360745262
2021-01-25,0.1615285806037251
2021-01-26,0.16083467094703052
2021-01-27,0.1601412066752247
2021-01-28,0.17581007378889957
2021-01-29,0.15490699166132138
2021-01-30,0.14972747675537035
2021-01-31,0.14903846153846156
2021-02-01,0.15988465235501437
2021-02-02,0.15663036515054451
2021-02-03,0.1402497598463016
2021-02-04,0.12804097311139562
2021-02-05,0.13312000000000002
2021-02-06,0.12571976967370446
2021-02-07,0.11928365845858646
2021-02-08,0.12148337595907932
2021-02-09,0.08788750399488654
2021-02-10,0.08658146964856228
2021-02-11,0.09230277866496328
2021-02-12,0.08045977011494254
2021-02-13,0.08298755186721996
2021-02-14,0.08519463943841732
2021-02-15,0.07878787878787874
2021-02-16,0.08195153061224492
2021-02-17,0.07841887153331206
2021-02-18,0.06755895474824725
2021-02-19,0.07072316024211533
2021-02-20,0.06019108280254781
2021-02-21,0.060490289716650714
2021-02-22,0.057288351368555035
2021-02-23,0.06522430798600065
2021-02-24,0.08587786259541985
2021-02-25,0.08139904610492843
2021-02-26,0.0924984106802289
2021-02-27,0.09818875119161108
2021-02-28,0.09974587039390093
2021-03-01,0.10416005080978086
2021-03-02,0.08317460317460312
2021-03-03,0.09171691526499526
2021-03-04,0.07899746192893398
2021-03-05,0.09229305423406275
2021-03-06,0.09131261889663922
2021-03-07,0.09033280507131536
2021-03-08,0.07921419518377693
2021-03-09,0.07570478302185624
2021-03-10,0.06713109563014563
2021-03-11,0.06394428616650838
2021-03-12,0.0610759493670886
2021-03-13,0.062322049984182226
2021-03-14,0.054079696394686905
2021-03-15,0.05754030983243752
2021-03-16,0.06731984829329962
2021-03-17,0.06635071090047395
2021-03-18,0.061591914087176236
2021-03-19,0.06409851594568994
2021-03-20,0.06313131313131315
2021-03-21,0.0637425055222468
2021-03-22,0.06593059936908519
2021-03-23,0.07631661936297696
2021-03-24,0.07629255989911732
2021-03-25,0.08635360857232899
2021-03-26,0.09199747952110904
2021-03-27,0.07685039370078739
2021-03-28,0.07336272040302272
2021-03-29,0.0758577274158011
2021-03-30,0.06922592825676521
2021-03-31,0.0651148159798679
2021-04-01,0.06540880503144653
2021-04-02,0.06601697579377552
2021-04-03,0.06568196103079826
2021-04-04,0.07351555136663523
2021-04-05,0.0709798994974874
2021-04-06,0.06907378335949765
2021-04-07,0.07250470809792842
2021-04-08,0.07938500156887351
2021-04-09,0.0743412797992472
2021-04-10,0.07463154593916588
2021-04-11,0.06771159874608146
2021-04-12,0.06675023503603883
2021-04-13,0.06798245614035092
2021-04-14,0.05731287190729717
2021-04-15,0.05917345021916087
2021-04-16,0.05821596244131455
2021-04-17,0.06351689612015021
2021-04-18,0.07069127306850176
2021-04-19,0.0869293308317699
2021-04-20,0.09034073147858701
2021-04-21,0.08718749999999997
2021-04-22,0.10153077163386437
2021-04-23,0.11149281698938163
2021-04-24,0.11707773961910706
2021-04-25,0.1207865168539326
2021-04-26,0.12730109204368178
2021-04-27,0.10542732376793518
2021-04-28,0.09978172747115688
2021-04-29,0.10162094763092266
2021-04-30,0.10906824555936434
2021-05-01,0.08660436137071648
2021-05-02,0.08657739022111488
2021-05-03,0.09464508094645085
2021-05-04,0.09212573918456268
2021-05-05,0.11107654013690105
2021-05-06,0.0936236391912908
2021-05-07,0.09794776119402981
2021-05-08,0.094808828100715
2021-05-09,0.08638906152889991
2021-05-10,0.08915812364088227
2021-05-11,0.10527950310559009
2021-05-12,0.10121080409810623
2021-05-13,0.1300434512725015
2021-05-14,0.1380701210052746
2021-05-15,0.13492555831265507
2021-05-16,0.1497674418604651
2021-05-17,0.1549907005579665
2021-05-18,0.168577626278277
2021-05-19,0.17441140024783153
2021-05-20,0.2056364199442552
2021-05-21,0.18885448916408665
2021-05-22,0.2095326524295884
2021-05-23,0.20668316831683164
2021-05-24,0.23291060934116914
2021-05-25,0.20160791589363014
2021-05-26,0.20340030911901086
2021-05-27,0.1993201483312732
2021-05-28,0.20296570898980537
2021-05-29,0.22884496602841264
2021-05-30,0.23834516826180918
2021-05-31,0.23024691358024696
2021-06-01,0.21351434742363473
2021-06-02,0.2196175200493522
2021-06-03,0.21276595744680848
2021-06-04,0.20191122071516643
2021-06-05,0.2197226502311248
2021-06-06,0.23721503388786203
2021-06-07,0.23467816445950107
2021-06-08,0.25523399014778325
2021-06-09,0.25946445060018464
2021-06-10,0.2178461538461538
2021-06-11,0.22300830513688097
2021-06-12,0.22078720787207873
2021-06-13,0.23947125730095298
2021-06-14,0.2074370006146281
2021-06-15,0.19784946236559142
2021-06-16,0.19963144963144963
2021-06-17,0.21461467608228435
2021-06-18,0.21792510742786986
2021-06-19,0.24332617367290577
2021-06-20,0.24601226993865033
2021-06-21,0.24624348359398962
2021-06-22,0.3010423053341508
2021-06-23,0.2911431198283788
2021-06-24,0.2693014705882353
2021-06-25,0.25727411944869827
2021-06-26,0.30526638089406
2021-06-27,0.303030303030303
2021-06-28,0.2616279069767442
2021-06-29,0.2630773936983787
2021-06-30,0.24892966360856272
2021-07-01,0.25588505044328946
2021-07-02,0.27995110024449876
2021-07-03,0.2755881454323251
2021-07-04,0.26420281001832624
2021-07-05,0.2543511450381679
2021-07-06,0.27625152625152627
2021-07-07,0.27372596887397005
2021-07-08,0.2788285539963392
2021-07-09,0.30161634644708757
2021-07-10,0.2810975609756098
2021-07-11,0.2886315147820786
2021-07-12,0.27544180377818406
2021-07-13,0.29972586049345107
2021-07-14,0.3081607795371498
2021-07-15,0.30532724505327247
2021-07-16,0.3295800365185636
2021-07-17,0.3361728019470642
2021-07-18,0.3351581508515815
2021-07-19,0.33231985405898445
2021-07-20,0.3465045592705167
2021-07-21,0.36219993922819815
2021-07-22,0.3238153098420413
2021-07-23,0.3209839052535681
2021-07-24,0.30267152398299935
2021-07-25,0.2898330804248862
2021-07-26,0.2712378640776699
2021-07-27,0.24689111313315137
2021-07-28,0.2274105518496058
2021-07-29,0.21946044255835107
2021-07-30,0.2184848484848485
2021-07-31,0.20539230536201147
2021-08-01,0.20563294972743795
2021-08-02,0.2222222222222222
2021-08-03,0.23244552058111378
2021-08-04,0.2423600605143722
2021-08-05,0.22716273442226254
2021-08-06,0.21590565467190803
2021-08-07,0.2013301088270859
2021-08-08,0.1922030825022666
2021-08-09,0.19516616314199398
2021-08-10,0.18483841739655693
2021-08-11,0.19021739130434778
2021-08-12,0.18865076969514039
2021-08-13,0.19462884731442365
2021-08-14,0.17797888386123684
2021-08-15,0.18244873341375156
2021-08-16,0.18329816098884533
2021-08-17,0.19047619047619047
2021-08-18,0.1967460078336849
2021-08-19,0.19548192771084338
2021-08-20,0.1866907557964469
2021-08-21,0.17218543046357615
2021-08-22,0.17333734577189286
2021-08-23,0.17268351383874847
2021-08-24,0.17142857142857137
2021-08-25,0.18310282621767893
2021-08-26,0.17613465584610766
2021-08-27,0.1884014423076923
2021-08-28,0.17662961850405523
2021-08-29,0.17987987987987986
2021-08-30,0.17982587811468032
2021-08-31,0.1926770708283313
2021-09-01,0.19231923192319234
2021-09-02,0.18356328734253147
2021-09-03,0.1784107946026986
2021-09-04,0.17505995203836933
2021-09-05,0.1753071621216662
2021-09-06,0.16417016177351706
2021-09-07,0.16112608565438757
2021-09-08,0.19850299401197602
2021-09-09,0.20383118826698599
2021-09-10,0.2019748653500898
2021-09-11,0.2135806162129823
2021-09-12,0.2120215311004785
2021-09-13,0.20568011958146493
2021-09-14,0.21398684997011352
2021-09-15,0.20017926501344485
2021-09-16,0.196236559139785
2021-09-17,0.19767094655120931
2021-09-18,0.20089552238805974
2021-09-19,0.1969561324977619
2021-09-20,0.20286396181384247
2021-09-21,0.2391887861616463
2021-09-22,0.2626714370900417
2021-09-23,0.231892697466468
2021-09-24,0.2216924910607867
2021-09-25,0.24486148346738157
2021-09-26,0.24627754615842767
2021-09-27,0.24173861268234598
2021-09-28,0.2494047619047619
2021-09-29,0.2624218982445701
2021-09-30,0.2620464009518144
2021-10-01,0.23609872137972043
2021-10-02,0.20303210463733645
2021-10-03,0.20624071322436854
2021-10-04,0.20380273321449793
2021-10-05,0.19661419661419666
2021-10-06,0.1820071258907363
2021-10-07,0.1590976550905313
2021-10-08,0.16706231454005938
2021-10-09,0.16671610797982794
2021-10-10,0.16132858837485176
2021-10-11,0.1639490068188556
2021-10-12,0.15441612329579135
2021-10-13,0.1585185185185185
2021-10-14,0.15491706161137442
2021-10-15,0.15516730826177083
2021-10-16,0.1382474837181764
2021-10-17,0.13998224326723885
2021-10-18,0.13905325443786987
2021-10-19,0.13782904466134283
2021-10-20,0.12950916617386166
2021-10-21,0.12415016257759381
2021-10-22,0.13829787234042556
2021-10-23,0.14593796159527328
2021-10-24,0.14382752510336683
2021-10-25,0.14644227930321818
2021-10-26,0.13724911452184174
2021-10-27,0.1481262909412806
2021-10-28,0.15929203539823011
2021-10-29,0.14862872309053377
2021-10-30,0.14180424528301883
2021-10-31,0.1458885941644562
2021-11-01,0.14731879787860935
2021-11-02,0.14815905743740798
2021-11-03,0.14045936395759717
2021-11-04,0.14100677068001177
2021-11-05,0.1489111241907004
2021-11-06,0.15239776404824945
2021-11-07,0.15117647058823525
2021-11-08,0.14289914730961484
2021-11-09,0.12639623750734863
2021-11-10,0.1284161034381428
2021-11-11,0.13748531139835485
2021-11-12,0.137151248164464
2021-11-13,0.14151497357604226
2021-11-14,0.14088641033167004
2021-11-15,0.1390845070422535
2021-11-16,0.146963919037841
2021-11-17,0.1653958944281525
2021-11-18,0.1662269129287599
2021-11-19,0.18405627198124264
2021-11-20,0.17697040726633462
2021-11-21,0.16900995899238425
2021-11-22,0.1718887262079063
2021-11-23,0.19145199063231855
2021-11-24,0.18290898448931814
2021-11-25,0.18636629607957866
2021-11-26,0.17490494296577952
2021-11-27,0.2099415204678362
2021-11-28,0.2066647179187372
2021-11-29,0.18936294564582112
2021-11-30,0.18463336254747298
2021-12-01,0.19304906542056077
2021-12-02,0.19328467153284667
2021-12-03,0.19819030939871574
2021-12-04,0.21534870148818208
2021-12-05,0.24824970828471415
2021-12-06,0.24701079031787698
2021-12-07,0.2387755102040816
2021-12-08,0.23928883707373938
2021-12-09,0.24038461538461542
2021-12-10,0.26623944072240024
2021-12-11,0.2705299941758882
2021-12-12,0.2532751091703057
2021-12-13,0.24505238649592553
2021-12-14,0.27931335466977014
2021-12-15,0.2670157068062827
2021-12-16,0.2622855481244548
2021-12-17,0.273546511627907
2021-12-18,0.28451031676838123
2021-12-19,0.28152237071470076
2021-12-20,0.28260238164391516
2021-12-21,0.282520325203252
2021-12-22,0.26298984034833095
2021-12-23,0.26784677887405683
2021-12-24,0.24688134609805623
2021-12-25,0.24738979118329463
2021-12-26,0.25050739344737605
2021-12-27,0.24956521739130433
2021-12-28,0.2503622138510576
2021-12-29,0.2818655851680185
2021-12-30,0.2948161019403417
2021-12-31,0.2898089171974523
2022-01-01,0.29753979739507963
2022-01-02,0.28530092592592593
2022-01-03,0.28868961527335846
2022-01-04,0.29901677270098326
2022-01-05,0.3055796472969067
2022-01-06,0.3404624277456647
2022-01-07,0.3461427333140711
2022-01-08,0.3729058347775852
2022-01-09,0.37048801617095006
2022-01-10,0.3700923787528868
2022-01-11,0.37229437229437234
2022-01-12,0.3545874206578188
2022-01-13,0.34006345543697725
2022-01-14,0.3615916955017301
2022-01-15,0.3522628999711732
2022-01-16,0.35100864553314126
2022-01-17,0.35350043215211757
2022-01-18,0.3735599078341014
2022-01-19,0.3708609271523179
2022-01-20,0.37881404720782963
2022-01-21,0.39165467625899275
2022-01-22,0.4341196777905638
2022-01-23,0.452689099798677
2022-01-24,0.4378953421506613
2022-01-25,0.43317045127910314
2022-01-26,0.4298850574712644
2022-01-27,0.43320884803217463
2022-01-28,0.4299253302699598
2022-01-29,0.41975308641975306
2022-01-30,0.4173363949483353
2022-01-31,0.4186513629842181
2022-02-01,0.41451520367183015
2022-02-02,0.4126756524232865
2022-02-03,0.4366399082568807
2022-02-04,0.43622814560045864
2022-02-05,0.3931232091690544
2022-02-06,0.3907189916929247
2022-02-07,0.381729667812142
2022-02-08,0.36301173776123674
2022-02-09,0.35947338294218656
2022-02-10,0.3542203147353362
2022-02-11,0.3721395881006865
2022-02-12,0.3860451815842151
2022-02-13,0.38965122927387075
2022-02-14,0.38982566447556444
2022-02-15,0.3831428571428571
2022-02-16,0.3610397029420166
2022-02-17,0.3703597944031982
2022-02-18,0.40393948044533257
2022-02-19,0.4095319634703196
2022-02-20,0.409700427960057
2022-02-21,0.4281232173416999
2022-02-22,0.4530938123752495
2022-02-23,0.43586088939566703
2022-02-24,0.45141065830721006
2022-02-25,0.43675213675213675
2022-02-26,0.4212475078325263
2022-02-27,0.4248291571753986
2022-02-28,0.45061201252490746
2022-03-01,0.3884462151394422
2022-03-02,0.3749644381223328
2022-03-03,0.37912400455062567
2022-03-04,0.3952232015922661
2022-03-05,0.4292211483797612
2022-03-06,0.42597328786587096
2022-03-07,0.44289772727272725
2022-03-08,0.4507242260721386
2022-03-09,0.4400908574673481
2022-03-10,0.4013624751632132
2022-03-11,0.42820658342792284
2022-03-12,0.4408510638297872
2022-03-13,0.4395916052183778
2022-03-14,0.45789622908987804
2022-03-15,0.4285714285714286
2022-03-16,0.43525077925758004
2022-03-17,0.4130311614730878
2022-03-18,0.4146134239592183
2022-03-19,0.4051528878822197
2022-03-20,0.40249080101896406
2022-03-21,0.4142614601018676
2022-03-22,0.4164073550212164
2022-03-23,0.4018665158371041
2022-03-24,0.4003392705682782
2022-03-25,0.3908988128886377
2022-03-26,0.3888103984176321
2022-03-27,0.3872881355932203
2022-03-28,0.3592205591640779
2022-03-29,0.3509316770186336
2022-03-30,0.34801016088060965
2022-03-31,0.35750564334085777
2022-04-01,0.3794076163610719
2022-04-02,0.3725324309080654
2022-04-03,0.37581054412179304
2022-04-04,0.3717587373167982
2022-04-05,0.37024513947590876
2022-04-06,0.38084507042253524
2022-04-07,0.40382990706843147
2022-04-08,0.4028716216216216
2022-04-09,0.41767520405291303
2022-04-10,0.4122115925717501
2022-04-11,0.41884669479606185
2022-04-12,0.46034870641169856
2022-04-13,0.45319089120044986
2022-04-14,0.43507588532883645
2022-04-15,0.4579938184883394
2022-04-16,0.4466292134831461
2022-04-17,0.4498736310025274
2022-04-18,0.46209994385176867
2022-04-19,0.44541117036205446
2022-04-20,0.4335016835016835
2022-04-21,0.43646563814866757
2022-04-22,0.45681435782389235
2022-04-23,0.46425567703952897
2022-04-24,0.46580717488789236
2022-04-25,0.4673578033062482
2022-04-26,0.4585434173669468
2022-04-27,0.4788574628955474
2022-04-28,0.47032474804031354
2022-04-29,0.4662748390708088
2022-04-30,0.47677672076105204
2022-05-01,0.4855944055944056
2022-05-02,0.47818791946308725
2022-05-03,0.4777746715124406
2022-05-04,0.48770262716601454
2022-05-05,0.4696842693489801
2022-05-06,0.49581005586592175
2022-05-07,0.4981848645629713
2022-05-08,0.5011166945840313
2022-05-09,0.507116941110801
2022-05-10,0.5477120535714286
2022-05-11,0.5422594142259414
2022-05-12,0.5666480758505299
2022-05-13,0.5648173961527739
2022-05-14,0.5621516164994426
2022-05-15,0.555586514349401
2022-05-16,0.5412256267409471
2022-05-17,0.5580618212197159
2022-05-18,0.5509465478841871
2022-05-19,0.5702755357639855
2022-05-20,0.5550918196994992
2022-05-21,0.5657858136300418
2022-05-22,0.564238042269188
2022-05-23,0.5551848762857937
2022-05-24,0.5680933852140078
2022-05-25,0.5621005834954154
2022-05-26,0.5633333333333334
2022-05-27,0.5670647042488197
2022-05-28,0.5794003331482509
2022-05-29,0.5717457674160422
2022-05-30,0.5665926748057714
2022-05-31,0.5381414701803051
2022-06-01,0.5366056572379367
2022-06-02,0.5625173274189077
2022-06-03,0.5562638580931264
2022-06-04,0.5658077029648102
2022-06-05,0.564819944598338
2022-06-06,0.5632788701190805
2022-06-07,0.5448504983388704
2022-06-08,0.5474674785496817
2022-06-09,0.5605976757055894
2022-06-10,0.5629322268326418
2022-06-11,0.5799225663716814
2022-06-12,0.5946917334807852
2022-06-13,0.6321171918186843
2022-06-14,0.7330754352030948
2022-06-15,0.738950276243094
2022-06-16,0.727699530516432
2022-06-17,0.804803975704031
2022-06-18,0.8007176373171405
2022-06-19,0.8278145695364238
2022-06-20,0.8005517241379311
2022-06-21,0.7978488692774407
2022-06-22,0.7962503446374414
2022-06-23,0.8180815876515987
2022-06-24,0.781206944061725
2022-06-25,0.7721763085399449
2022-06-26,0.7683833654640595
2022-06-27,0.7844162995594713
2022-06-28,0.7965868428296174
2022-06-29,0.8128783709411117
2022-06-30,0.818707015130674
2022-07-01,0.8264576457645765
2022-07-02,0.8265053615617267
2022-07-03,0.8282023089609676
2022-07-04,0.827425116790327
2022-07-05,0.8164835164835165
2022-07-06,0.817632518538863
2022-07-07,0.8053267435475013
2022-07-08,0.7669503156738952
2022-07-09,0.7593304061470911
2022-07-10,0.7695473251028806
2022-07-11,0.7989577619308832
2022-07-12,0.8209487249794352
2022-07-13,0.8300438596491229
2022-07-14,0.8199506714168265
2022-07-15,0.8104109589041095
2022-07-16,0.8008764721993974
2022-07-17,0.7902519167579408
2022-07-18,0.8012592389816589
2022-07-19,0.7446633825944171
2022-07-20,0.7132694938440493
2022-07-21,0.7174507658643325
2022-07-22,0.7216297511621548
2022-07-23,0.7334609075997813
2022-07-24,0.7417327138562448
2022-07-25,0.7368852459016393
2022-07-26,0.78366566511882
2022-07-27,0.7949208083014746
2022-07-28,0.7297297297297297
2022-07-29,0.707150655021834
2022-07-30,0.703956343792633
2022-07-31,0.7116748499727223
2022-08-01,0.7202072538860104
2022-08-02,0.7227371864776445
2022-08-03,0.7296266012537476
2022-08-04,0.737874659400545
2022-08-05,0.7450286025606102
2022-08-06,0.7263071895424836
2022-08-07,0.732643615573101
2022-08-08,0.7286336418072945
2022-08-09,0.7102040816326531
2022-08-10,0.7290533188248096
2022-08-11,0.7087299428882241
2022-08-12,0.7090810222947255
2022-08-13,0.6980157651535743
2022-08-14,0.6975543478260869
2022-08-15,0.7011681608258625
2022-08-16,0.7074959261271048
2022-08-17,0.7130057018734728
2022-08-18,0.7296416938110749
2022-08-19,0.7343283582089553
2022-08-20,0.8204015192620727
2022-08-21,0.8136696501220504
2022-08-22,0.7993492407809111
2022-08-23,0.8097045269720792
2022-08-24,0.8013550135501355
2022-08-25,0.8054727716066107
2022-08-26,0.7995666305525461
2022-08-27,0.8285946385052803
2022-08-28,0.8335138061721711
2022-08-29,0.8419485791610284
2022-08-30,0.8287337662337663
2022-08-31,0.8385177170678929
2022-09-01,0.8347755543537048
2022-09-02,0.8329278183292782
2022-09-03,0.8362162162162162
2022-09-04,0.8408538232910024
2022-09-05,0.8365748244192328
2022-09-06,0.8417499324871726
2022-09-07,0.863390928725702
2022-09-08,0.8553306342780027
2022-09-09,0.8550998381003778
2022-09-10,0.813865659562989
2022-09-11,0.801779935275081
2022-09-12,0.8015637638177406
2022-09-13,0.7803234501347709
2022-09-14,0.8345459444893559
2022-09-15,0.8327047413793103
2022-09-16,0.8489092378130891
2022-09-17,0.8481421647819063
2022-09-18,0.8360699865410498
2022-09-19,0.8568353067814855
2022-09-20,0.8539144471347861
2022-09-21,0.8657880580957504
2022-09-22,0.8709330465178812
2022-09-23,0.8575268817204301
2022-09-24,0.8599838753023381
2022-09-25,0.8656636217087588
2022-09-26,0.8673113080848778
2022-09-27,0.8619763694951665
2022-09-28,0.8633557046979866
2022-09-29,0.8572195383789587
2022-09-30,0.855916286557553
2022-10-01,0.8578326180257511
2022-10-02,0.8608205953338697
2022-10-03,0.8659517426273459
2022-10-04,0.8533905119270973
2022-10-05,0.8330653804930332
2022-10-06,0.8406107688186445
2022-10-07,0.8460096411355116
2022-10-08,0.8572958500669344
2022-10-09,0.8605460385438972
2022-10-10,0.8605833556328606
2022-10-11,0.8651685393258427
2022-10-12,0.8676116608718909
2022-10-13,0.8657754010695187
2022-10-14,0.8618016573108794
2022-10-15,0.865847140566542
2022-10-16,0.8677531391931605
2022-10-17,0.8637820512820513
2022-10-18,0.8584779706275033
2022-10-19,0.8625200213561132
2022-10-20,0.8676274352815586
2022-10-21,0.8692636072572039
2022-10-22,0.8666311016271006
2022-10-23,0.8661333333333333
2022-10-24,0.858970941082378
2022-10-25,0.863272921108742
2022-10-26,0.8462563282707167
2022-10-27,0.8249866808737347
2022-10-28,0.841011984021305
2022-10-29,0.8306709265175719
2022-10-30,0.8253926004791057
2022-10-31,0.8315593400745077
2022-11-01,0.8377227986166533
2022-11-02,0.8382978723404255
2022-11-03,0.8473810156873172
2022-11-04,0.8463583200425305
2022-11-05,0.8163699176189211
2022-11-06,0.8145589798087142
2022-11-07,0.8236387782204515
2022-11-08,0.8380244291024961
2022-11-09,0.8765595964958853
2022-11-10,0.9240976645435244
2022-11-11,0.8922791191297427
2022-11-12,0.9098143236074271
2022-11-13,0.9119596923892866
2022-11-14,0.9162248144220573
2022-11-15,0.9135966074741585
2022-11-16,0.910174880763116
2022-11-17,0.9133774834437086
2022-11-18,0.913135593220339
2022-11-19,0.9139528726502515
2022-11-20,0.9126521969295924
2022-11-21,0.919290817676634
2022-11-22,0.9253968253968254
2022-11-23,0.9203914308384026
2022-11-24,0.914595452141724
2022-11-25,0.9146180280200898
2022-11-26,0.9149048625792812
2022-11-27,0.9154557463672391
2022-11-28,0.9160063391442155
2022-11-29,0.9207816213361499
2022-11-30,0.9163146779303062
2022-12-01,0.9041963578780681
2022-12-02,0.9079155672823219
2022-12-03,0.905829596412556
2022-12-04,0.9098101265822784
2022-12-05,0.9048246770366465
2022-12-06,0.9088033737480232
2022-12-07,0.90566534914361
2022-12-08,0.9112223393045311
2022-12-09,0.9025546484066368
2022-12-10,0.9052132701421801
2022-12-11,0.9052382205843643
2022-12-12,0.9063157894736842
2022-12-13,0.9034464614575112
2022-12-14,0.8871646501841136
2022-12-15,0.8864054693662897
2022-12-16,0.900893796004206
2022-12-17,0.916688567674113
2022-12-18,0.9135575407251708
2022-12-19,0.9135802469135803
2022-12-20,0.9206932773109244
2022-12-21,0.9115253347335258
2022-12-22,0.9133858267716536
2022-12-23,0.9131461558646025
2022-12-24,0.9139559286463799
2022-12-25,0.9124049305009179
2022-12-26,0.9134766649187205
2022-12-27,0.9116644823066842
2022-12-28,0.9169287211740041
2022-12-29,0.9195703432014671
2022-12-30,0.9185437401781037
2022-12-31,0.9188269180413721
2023-01-01,0.9214659685863874
2023-01-02,0.9186076943208584
2023-01-03,0.9170591313448456
2023-01-04,0.9178655506147005
2023-01-05,0.9123953974895398
2023-01-06,0.913202614379085
2023-01-07,0.9098274960794563
2023-01-08,0.9111575646720669
2023-01-09,0.9075235109717869
2023-01-10,0.9051971794202142
2023-01-11,0.8989556135770235
2023-01-12,0.8901070216653615
2023-01-13,0.8669102296450939
2023-01-14,0.857813722932429
2023-01-15,0.832811684924361
2023-01-16,0.8370273794002607
2023-01-17,0.8287278415015641
2023-01-18,0.8298149596038572
2023-01-19,0.8423658155289213
2023-01-20,0.8327689502474602
2023-01-21,0.7940104166666666
2023-01-22,0.7922416037490236
2023-01-23,0.793076522644456
2023-01-24,0.7915690866510539
2023-01-25,0.7950052029136316
2023-01-26,0.7901170351105331
2023-01-27,0.7912116484659386
2023-01-28,0.7910059786846894
2023-01-29,0.7915800415800416
2023-01-30,0.7731878409976617
2023-01-31,0.7945454545454546
2023-02-01,0.7907037133212153
2023-02-02,0.7772585669781932
2023-02-03,0.7840643654295354
2023-02-04,0.786455630513752
2023-02-05,0.788586251621271
2023-02-06,0.7930497925311204
2023-02-07,0.7962146746175784
2023-02-08,0.7900466562986003
2023-02-09,0.795024617776626
2023-02-10,0.822279792746114
2023-02-11,0.8272468272468272
2023-02-12,0.8205592957017089
2023-02-13,0.8239710069893865
2023-02-14,0.8234989648033126
2023-02-15,0.8093143596377749
2023-02-16,0.7617692705638903
2023-02-17,0.7817429531936901
2023-02-18,0.7556876938986556
2023-02-19,0.7547169811320755
2023-02-20,0.7620155038759691
2023-02-21,0.7499354172048567
2023-02-22,0.762396694214876
2023-02-23,0.7717531629227988
2023-02-24,0.7803304078471864
2023-02-25,0.7943225806451613
2023-02-26,0.7946336429308566
2023-02-27,0.7892700541655919
2023-02-28,0.7900979886539453
2023-03-01,0.7950502706883218
2023-03-02,0.788659793814433
2023-03-03,0.790517907755733
2023-03-04,0.8145285935085007
2023-03-05,0.8158640226628895
2023-03-06,0.8130792996910402
2023-03-07,0.8133848133848134
2023-03-08,0.8239835306227483
2023-03-09,0.8386930794957551
2023-03-10,0.8616255144032922
2023-03-11,0.8621753664181023
2023-03-12,0.8601542416452442
2023-03-13,0.8280647648419429
2023-03-14,0.7792908530318602
2023-03-15,0.7577703570511174
2023-03-16,0.7719568567026194
2023-03-17,0.7517329910141206
2023-03-18,0.678388090349076
2023-03-19,0.6887349243007441
2023-03-20,0.6618778860954335
2023-03-21,0.6701718389330598
2023-03-22,0.6635897435897435
2023-03-23,0.6839271981543193
2023-03-24,0.6586365966171195
2023-03-25,0.682039456828081
2023-03-26,0.6818647540983607
2023-03-27,0.6678617157490396
2023-03-28,0.6907322068612392
2023-03-29,0.6874840030714102
2023-03-30,0.6614636642784033
2023-03-31,0.6702481453057048
2023-04-01,0.6588235294117647
2023-04-02,0.6599335208386602
2023-04-03,0.668200408997955
2023-04-04,0.6769741886020956
2023-04-05,0.6704138988247317
2023-04-06,0.6697318007662836
2023-04-07,0.6723697650663942
2023-04-08,0.6773040592290018
2023-04-09,0.6768759571209801
2023-04-10,0.6667517223781577
2023-04-11,0.6390306122448979
2023-04-12,0.6301963784748789
2023-04-13,0.6336053034166242
2023-04-14,0.6291103747132296
2023-04-15,0.6286952089704383
2023-04-16,0.6303184713375796
2023-04-17,0.630922058074376
2023-04-18,0.6475681181563535
2023-04-19,0.6306008146639511
2023-04-20,0.6632730974802749
2023-04-21,0.67735368956743
2023-04-22,0.7051640803866701
2023-04-23,0.6894710071210579
2023-04-24,0.6964149504195271
2023-04-25,0.7003050330452465
2023-04-26,0.6795425667090216
2023-04-27,0.6765752032520325
2023-04-28,0.650495300990602
2023-04-29,0.6533773489080752
2023-04-30,0.6567656765676568
2023-05-01,0.6538071065989848
2023-05-02,0.6884039583861964
2023-05-03,0.6707255200405886
2023-05-04,0.6639614506720771
2023-05-05,0.6691176470588236
2023-05-06,0.6504435994930291
2023-05-07,0.6692853522554485
2023-05-08,0.6724094248796555
2023-05-09,0.7036474164133739
2023-05-10,0.7072676626994177
2023-05-11,0.7081012658227848
2023-05-12,0.7304479878511769
2023-05-13,0.7376012145748988
2023-05-14,0.735137869972173
2023-05-15,0.7319170460293374
2023-05-16,0.7236409608091023
2023-05-17,0.730788675429727
2023-05-18,0.7194844579226687
2023-05-19,0.7390096008084892
2023-05-20,0.7383177570093458
2023-05-21,0.7308080808080808
2023-05-22,0.7417318858874022
2023-05-23,0.740535083291267
2023-05-24,0.728993186979561
2023-05-25,0.7580726538849647
2023-05-26,0.7556116015132408
2023-05-27,0.7481089258698941
2023-05-28,0.7436349886564154
2023-05-29,0.702116935483871
2023-05-30,0.7140337616528093
2023-05-31,0.7158690176322418
2023-06-01,0.7335683706874843
2023-06-02,0.7487411883182276
2023-06-03,0.7334507928517493
2023-06-04,0.7405636638147961
2023-06-05,0.7393710691823899
2023-06-06,0.7847082494969819
2023-06-07,0.7384963540357052
2023-06-08,0.7669683257918551
2023-06-09,0.7612465443578789
2023-06-10,0.764070351758794
2023-06-11,0.7854810349158503
2023-06-12,0.7842792566549472
2023-06-13,0.7853376851619382
2023-06-14,0.7863955823293173
2023-06-15,0.7979924717691342
2023-06-16,0.7917711991971902
2023-06-17,0.7725106596438425
2023-06-18,0.7660481444332999
2023-06-19,0.7733767861619454
2023-06-20,0.7583959899749373
2023-06-21,0.707341518416437
2023-06-22,0.6568136272545091
2023-06-23,0.6606561482594541
2023-06-24,0.64371557336004
2023-06-25,0.6465581977471839
2023-06-26,0.6491491491491492
2023-06-27,0.6559919939954966
2023-06-28,0.6453226613306653
2023-06-29,0.6599149787446862
2023-06-30,0.652
2023-07-01,0.6520869782554362
2023-07-02,0.6494252873563218
2023-07-03,0.6500124906320259
2023-07-04,0.6368631368631368
2023-07-05,0.6449438202247191
2023-07-06,0.655516724912631
2023-07-07,0.6705764911405041
2023-07-08,0.6601796407185629
2023-07-09,0.6637565477675231
2023-07-10,0.6665835411471321
2023-07-11,0.6599351782597855
2023-07-12,0.6557826520438683
2023-07-13,0.6633441315723898
2023-07-14,0.6350274040857
2023-07-15,0.6657534246575343
2023-07-16,0.6673306772908367
2023-07-17,0.6699029126213591
2023-07-18,0.6754604280736685
2023-07-19,0.6837521771584971
2023-07-20,0.682089552238806
2023-07-21,0.6846555583188262
2023-07-22,0.6829935355544505
2023-07-23,0.6885408898831717
2023-07-24,0.6806660039761432
2023-07-25,0.7065838509316771
2023-07-26,0.7054148037754595
2023-07-27,0.7012664514526943
2023-07-28,0.7077954319761668
2023-07-29,0.7046413502109705
2023-07-30,0.7034739454094292
2023-07-31,0.7080129000248078
2023-08-01,0.7105654761904762
2023-08-02,0.7002231589387553
2023-08-03,0.7146752602875558
2023-08-04,0.7137546468401488
2023-08-05,0.7185332011892963
2023-08-06,0.7188506316571712
2023-08-07,0.7196631996037642
2023-08-08,0.717256746719485
2023-08-09,0.6952970297029704
2023-08-10,0.7032912645384806
2023-08-11,0.710786739238001
2023-08-12,0.7116002968093
2023-08-13,0.7116716122650841
2023-08-14,0.7179233621755253
2023-08-15,0.7140385565991103
2023-08-16,0.7242401779095626
2023-08-17,0.7386363636363636
2023-08-18,0.7969869103482341
2023-08-19,0.8059259259259259
2023-08-20,0.8057269809923475
2023-08-21,0.804294175715696
2023-08-22,0.8058228472736244
2023-08-23,0.8090774543660582
2023-08-24,0.8002466091245376
2023-08-25,0.8062130177514792
2023-08-26,0.8087256593542026
2023-08-27,0.8102513553474618
2023-08-28,0.8080808080808081
2023-08-29,0.808128078817734
2023-08-30,0.7783797094311746
2023-08-31,0.7892663712456918
2023-09-01,0.8136844696037411
2023-09-02,0.8171751968503937
2023-09-03,0.8162361623616237
2023-09-04,0.8143138219380226
2023-09-05,0.8192771084337349
2023-09-06,0.8200589970501475
2023-09-07,0.8218235438682723
2023-09-08,0.8093366093366093
2023-09-09,0.8169982805207565
2023-09-10,0.818762278978389
2023-09-11,0.8215074883378345
2023-09-12,0.8414334806087383
2023-09-13,0.8215950920245398
2023-09-14,0.8103532875368008
2023-09-15,0.801569781702232
2023-09-16,0.7986758214811183
2023-09-17,0.8021573915175289
2023-09-18,0.8041666666666667
2023-09-19,0.7978436657681941
2023-09-20,0.7912787849093581
2023-09-21,0.7940240019593436
2023-09-22,0.8046033300685602
2023-09-23,0.8048959608323134
2023-09-24,0.8054331864904551
2023-09-25,0.8137998531930511
2023-09-26,0.8143346379647749
2023-09-27,0.8185375397407679
2023-09-28,0.8134474327628362
2023-09-29,0.7956489855780983
2023-09-30,0.7971652003910068
2023-10-01,0.7964817981920351
2023-10-02,0.7828529555446996
2023-10-03,0.7877899877899878
2023-10-04,0.79052734375
2023-10-05,0.7852086892848426
2023-10-06,0.7916056612981942
2023-10-07,0.7831178336179556
2023-10-08,0.7826829268292683
2023-10-09,0.7841989758595465
2023-10-10,0.7888834714773281
2023-10-11,0.7935656836461126
2023-10-12,0.8077485380116959
2023-10-13,0.8107186358099878
2023-10-14,0.8085728202630297
2023-10-15,0.8083759435110787
2023-10-16,0.7996592015579358
2023-10-17,0.7714772450717936
2023-10-18,0.7749391727493917
2023-10-19,0.7786426660180005
2023-10-20,0.7682392996108949
2023-10-21,0.738633600778021
2023-10-22,0.7306757413709286
2023-10-23,0.7300121506682867
2023-10-24,0.6401846452866862
2023-10-25,0.6181685693466117
2023-10-26,0.6080621661000485
2023-10-27,0.6142267540665209
2023-10-28,0.6194174757281554
2023-10-29,0.6158699344819218
2023-10-30,0.6077147016011645
2023-10-31,0.6102352655833132
2023-11-01,0.6074199806013578
2023-11-02,0.5978181818181818
2023-11-03,0.6034900630150266
2023-11-04,0.6079476617397626
2023-11-05,0.6017441860465116
2023-11-06,0.6018406393799951
2023-11-07,0.602905569007264
2023-11-08,0.5981602517550231
2023-11-09,0.5955953533397871
2023-11-10,0.5884345511734818
2023-11-11,0.5800677310111273
2023-11-12,0.5859733978234583
2023-11-13,0.5853481624758221
2023-11-14,0.5902828136330674
2023-11-15,0.5993233446109232
2023-11-16,0.5762261415800918
2023-11-17,0.5954106280193237
2023-11-18,0.5918860178700798
2023-11-19,0.5922259777885079
2023-11-20,0.5831523050929278
2023-11-21,0.5827702702702703
2023-11-22,0.5978287092882992
2023-11-23,0.5839363241678727
2023-11-24,0.5857246202073788
2023-11-25,0.5807618129218901
2023-11-26,0.5796577488551458
2023-11-27,0.5848192771084337
2023-11-28,0.5885328836424958
2023-11-29,0.5811657032755299
2023-11-30,0.5817481338791235
2023-12-01,0.5835339431872894
2023-12-02,0.5679903730445246
2023-12-03,0.555822906641001
2023-12-04,0.5484724560981478
2023-12-05,0.5211640211640212
2023-12-06,0.49627314258235156
2023-12-07,0.5004807692307692
2023-12-08,0.5063686613794761
2023-12-09,0.4959154252763095
2023-12-10,0.5013211626231083
2023-12-11,0.5016810758885687
2023-12-12,0.5368547418967586
2023-12-13,0.5316850696111377
2023-12-14,0.5123590112790977
2023-12-15,0.511996161228407
2023-12-16,0.5248260973854642
2023-12-17,0.5235011990407674
2023-12-18,0.5370414768640615
2023-12-19,0.5186960690316396
2023-12-20,0.5240833932422717
2023-12-21,0.5081456636320076
2023-12-22,0.5051497005988024
2023-12-23,0.5031130268199233
2023-12-24,0.5070624850371079
2023-12-25,0.5153183341311632
2023-12-26,0.5094520220148361
2023-12-27,0.5248803827751196
2023-12-28,0.5127959818225305
2023-12-29,0.5236728837876614
2023-12-30,0.5350227109729859
2023-12-31,0.5310707456978967
2024-01-01,0.5314217443249701
2024-01-02,0.5076445293836598
2024-01-03,0.49582039646524956
2024-01-04,0.5253104106972302
2024-01-05,0.5053712103127238
2024-01-06,0.5083532219570406
2024-01-07,0.5113338105464089
2024-01-08,0.512881679389313
2024-01-09,0.48056284283329354
2024-01-10,0.48760133524082017
2024-01-11,0.4817640047675804
2024-01-12,0.4849857006673022
2024-01-13,0.530617107457708
2024-01-14,0.5307289185326346
2024-01-15,0.5479876160990712
2024-01-16,0.5395238095238095
2024-01-17,0.5265412996905499
2024-01-18,0.5368871965730604
2024-01-19,0.5584106590530573
2024-01-20,0.5537583254043768
2024-01-21,0.5533888228299644
2024-01-22,0.5556348074179743
2024-01-23,0.5878298074637509
2024-01-24,0.5848384030418251
2024-01-25,0.5804229033024471
2024-01-26,0.5821852731591448
2024-01-27,0.553075279031109
2024-01-28,0.5498575498575499
2024-01-29,0.5521006408734868
2024-01-30,0.5334598955861414
2024-01-31,0.539976275207592
2024-02-01,0.5441176470588236
2024-02-02,0.5399573156272232
2024-02-03,0.5381697486960645
2024-02-04,0.5408864659872008
2024-02-05,0.5483412322274881
2024-02-06,0.5479744136460554
2024-02-07,0.5405021316911416
2024-02-08,0.520483068908359
2024-02-09,0.506155303030303
2024-02-10,0.4856804733727811
2024-02-11,0.48012304779933745
2024-02-12,0.47788029335225923
2024-02-13,0.4645222327341533
2024-02-14,0.4665405533222984
2024-02-15,0.451063829787234
2024-02-16,0.4507208697707398
2024-02-17,0.4487240075614367
2024-02-18,0.45405150011811957
2024-02-19,0.4499291450165328
2024-02-20,0.4536009445100354
2024-02-21,0.4490084985835694
2024-02-22,0.45551097474628277
2024-02-23,0.4596507786691836
2024-02-24,0.4642604387827318
2024-02-25,0.45731132075471703
2024-02-26,0.4567319028531007
2024-02-27,0.4356435643564357
2024-02-28,0.42752769267028046
2024-02-29,0.4142318567389256
2024-03-01,0.41813898704358066
2024-03-02,0.4145077720207254
2024-03-03,0.4158229338356487
2024-03-04,0.413135593220339
2024-03-05,0.38903271357966585
2024-03-06,0.40870588235294114
2024-03-07,0.39778875558692073
2024-03-08,0.39487300094073374
2024-03-09,0.3893722078532801
2024-03-10,0.3881053126469205
2024-03-11,0.3870740305522914
2024-03-12,0.3576127819548872
2024-03-13,0.36575052854122625
2024-03-14,0.35368717707844055
2024-03-15,0.36628316506222114
2024-03-16,0.3863849765258216
2024-03-17,0.40530391926777753
2024-03-18,0.39300797747536365
2024-03-19,0.39666901243255925
2024-03-20,0.4219043151969981
2024-03-21,0.39671746776084404
2024-03-22,0.40811064228785743
2024-03-23,0.4178579798453246
2024-03-24,0.415182755388941
2024-03-25,0.3998594518622628
2024-03-26,0.3864168618266979
2024-03-27,0.3870287988761414
2024-03-28,0.3911516853932584
2024-03-29,0.38263515094781186
2024-03-30,0.3893308376228357
2024-03-31,0.3906432748538011
2024-04-01,0.38049579045837234
2024-04-02,0.39116202945990175
2024-04-03,0.4137447405329593
2024-04-04,0.40990885720962844
2024-04-05,0.3985981308411215
2024-04-06,0.4022424667133847
2024-04-07,0.39701074264362446
2024-04-08,0.3957506420733131
2024-04-09,0.38118580765639587
2024-04-10,0.39813302217036173
2024-04-11,0.3898740083994401
2024-04-12,0.39328201539538143
2024-04-13,0.40928171641791045
2024-04-14,0.42224294707390997
2024-04-15,0.4188811188811189
2024-04-16,0.42647401538103
2024-04-17,0.42567567567567566
2024-04-18,0.4320987654320988
2024-04-19,0.4266418258034467
2024-04-20,0.42584400465657746
2024-04-21,0.42225325884543763
2024-04-22,0.42238771235745864
2024-04-23,0.41391344811540254
2024-04-24,0.4175389625494301
2024-04-25,0.4262790697674419
2024-04-26,0.4252499418739828
2024-04-27,0.42863784286378426
2024-04-28,0.4297002091564025
2024-04-29,0.43052973977695164
2024-04-30,0.4285714285714286
2024-05-01,0.43636785880167206
2024-05-02,0.44508938936614817
2024-05-03,0.4410399257195915
2024-05-04,0.4321188210721745
2024-05-05,0.4292343387470998
2024-05-06,0.42890280677337045
2024-05-07,0.43205009276437845
2024-05-08,0.43426849060978434
2024-05-09,0.43694946685210945
2024-05-10,0.4329084588644264
2024-05-11,0.43836886005560705
2024-05-12,0.43896224229789205
2024-05-13,0.436544696618805
2024-05-14,0.43366520027784206
2024-05-15,0.4365740740740741
2024-05-16,0.4221245082156908
2024-05-17,0.4259602036094401
2024-05-18,0.4189220448762434
2024-05-19,0.41905642923219244
2024-05-20,0.42265895953757227
2024-05-21,0.39875173370319006
2024-05-22,0.4032817194360989
2024-05-23,0.41058225508317925
2024-05-24,0.41764841764841765
2024-05-25,0.41454965357967666
2024-05-26,0.41052874624797964
2024-05-27,0.41666666666666663
2024-05-28,0.4110316178167551
2024-05-29,0.41762805722196583
2024-05-30,0.42122260668973477
2024-05-31,0.4178966789667896
2024-06-01,0.4235646760433479
2024-06-02,0.4216228676809589
2024-06-03,0.42129522931551044
2024-06-04,0.41705069124423966
2024-06-05,0.405897258696153
2024-06-06,0.40280976508521416
2024-06-07,0.40571033847570803
2024-06-08,0.41620626151012896
2024-06-09,0.4168009205983889
2024-06-10,0.41509433962264153
2024-06-11,0.41683919944789505
2024-06-12,0.4277828886844526
2024-06-13,0.42469533226028977
2024-06-14,0.431264367816092
2024-06-15,0.43392323603769245
2024-06-16,0.4333639705882353
2024-06-17,0.43257523546979093
2024-06-18,0.43316490583371614
2024-06-19,0.43834672789896667
2024-06-20,0.43893480257116624
2024-06-21,0.43906357585494604
2024-06-22,0.44079853143643877
2024-06-23,0.44046799724707497
2024-06-24,0.44495412844036697
2024-06-25,0.4567759688144921
2024-06-26,0.4504814305364512
2024-06-27,0.4547329818931928
2024-06-28,0.4514207149404217
2024-06-29,0.45864833906071023
2024-06-30,0.4551076500229042
2024-07-01,0.4469887794824823
2024-07-02,0.44688644688644685
2024-07-03,0.45067521171892877
2024-07-04,0.4613272311212815
2024-07-05,0.48318462594372
2024-07-06,0.4894784995425434
2024-07-07,0.4799908529613538
2024-07-08,0.494055784179241
2024-07-09,0.4909714285714286
2024-07-10,0.4812614259597806
2024-07-11,0.48320767649074714
2024-07-12,0.48720877112836913
2024-07-13,0.48275862068965514
2024-07-14,0.4728310502283105
2024-07-15,0.45925587765350373
2024-07-16,0.4422638064810589
2024-07-17,0.4405658224960073
2024-07-18,0.4447992700729927
2024-07-19,0.44561003420752565
2024-07-20,0.43593251253989973
2024-07-21,0.4346934123546843
2024-07-22,0.4325432999088423
2024-07-23,0.4342674868990658
2024-07-24,0.43940774487471523
2024-07-25,0.4427237531314051
2024-07-26,0.44057377049180324
2024-07-27,0.4334167994536763
2024-07-28,0.43309057806099227
2024-07-29,0.4329920364050057
2024-07-30,0.43767060964513194
2024-07-31,0.44075506026836475
2024-08-01,0.4474761255115962
2024-08-02,0.4457831325301205
2024-08-03,0.46704545454545454
2024-08-04,0.4742104067257441
2024-08-05,0.4925034075420264
2024-08-06,0.5244151714739951
2024-08-07,0.5081743869209809
2024-08-08,0.5157775255391601
2024-08-09,0.4655015887426237
2024-08-10,0.4762877240753347
2024-08-11,0.47504537205081665
2024-08-12,0.4914946699931957
2024-08-13,0.4859410430839002
2024-08-14,0.48016322829290414
2024-08-15,0.49274705349048054
2024-08-16,0.5003399048266486
2024-08-17,0.4932034435885818
2024-08-18,0.48810872027180063
2024-08-19,0.49524456521739135
2024-08-20,0.4894724926420647
2024-08-21,0.49343594386600276
2024-08-22,0.4777098891151844
2024-08-23,0.48235294117647054
2024-08-24,0.4541958832843248
2024-08-25,0.45499773857982817
2024-08-26,0.4528600497399955
2024-08-27,0.46338155515370705
2024-08-28,0.4926553672316384
2024-08-29,0.49728874830546765
2024-08-30,0.4964987576236729
2024-08-31,0.49841915085817523
2024-09-01,0.49943553849627453
2024-09-02,0.5108352144469526
2024-09-03,0.4987587452042428
2024-09-04,0.5094765342960289
2024-09-05,0.5071057974283781
2024-09-06,0.5241317095173659
2024-09-07,0.549718151071026
2024-09-08,0.5477908025247971
2024-09-09,0.5386522425061979
2024-09-10,0.5153222172149616
2024-09-11,0.5113764361342645
2024-09-12,0.5135135135135135
2024-09-13,0.508444044134204
2024-09-14,0.4905447996398019
2024-09-15,0.49583614674769305
2024-09-16,0.5015751575157517
2024-09-17,0.5095613048368954
2024-09-18,0.4950517318938371
2024-09-19,0.483921744996627
2024-09-20,0.47234712230215825
2024-09-21,0.47111710496740844
2024-09-22,0.47011235955056174
2024-09-23,0.4686587283756459
2024-09-24,0.4710242587601078
2024-09-25,0.4637323152930608
2024-09-26,0.4762011674898967
2024-09-27,0.4572390572390572
2024-09-28,0.45332136445242366
2024-09-29,0.4534440206416872
2024-09-30,0.4546882009869897
2024-10-01,0.47813411078717205
2024-10-02,0.497982062780269
2024-10-03,0.49966375252185613
2024-10-04,0.499327655759749
2024-10-05,0.4866681604302039
2024-10-06,0.4876792114695341
2024-10-07,0.48219484882418817
2024-10-08,0.48410210479175997
2024-10-09,0.4886948735169018
2024-10-10,0.5026857654431514
2024-10-11,0.5054822107854107
2024-10-12,0.4861297539149888
2024-10-13,0.48042943413106687
2024-10-14,0.4836762075134168
2024-10-15,0.45629331544824503
2024-10-16,0.45037997317836387
2024-10-17,0.4471508379888268
2024-10-18,0.4486148346738159
2024-10-19,0.4436006254188072
2024-10-20,0.44461813309513176
2024-10-21,0.4413931681178834
2024-10-22,0.4504464285714286
2024-10-23,0.4507922338763669
2024-10-24,0.4571619812583668
2024-10-25,0.4472451483381664
2024-10-26,0.46275646743978593
2024-10-27,0.4557413600891862
2024-10-28,0.4482835488185466
2024-10-29,0.43993759750390016
2024-10-30,0.428475935828877
2024-10-31,0.4290487859211406
2024-11-01,0.43830734966592433
2024-11-02,0.44266310398574926
2024-11-03,0.4447907390917186
2024-11-04,0.4478077008680169
2024-11-05,0.45505117935024475
2024-11-06,0.44315906562847607
2024-11-07,0.4192615658362989
2024-11-08,0.41872359350678234
2024-11-09,0.4166296131614051
2024-11-10,0.4156479217603912
2024-11-11,0.39888888888888885
2024-11-12,0.35458786936236397
2024-11-13,0.36250555308751664
2024-11-14,0.34576948700866095
2024-11-15,0.3696714031971581
2024-11-16,0.34028856825749165
2024-11-17,0.3464269862405681
2024-11-18,0.35300643443532287
2024-11-19,0.3476042590949423
2024-11-20,0.3364382346418274
2024-11-21,0.3292682926829268
2024-11-22,0.3138993571270229
2024-11-23,0.3125
2024-11-24,0.3170839796144471
2024-11-25,0.31634913602126713
2024-11-26,0.3351052048726467
2024-11-27,0.34433126660761737
2024-11-28,0.32433030772636706
2024-11-29,0.32580787959274016
2024-11-30,0.3199822969683558
2024-12-01,0.32345132743362837
2024-12-02,0.320725503207255
2024-12-03,0.3292790800530738
2024-12-04,0.3276586336502322
2024-12-05,0.3163129973474801
2024-12-06,0.3239779005524862
2024-12-07,0.3141847105612019
2024-12-08,0.31433620499226866
2024-12-09,0.31095406360424027
2024-12-10,0.3241333627732391
2024-12-11,0.3280353200883003
2024-12-12,0.3107481792098874
2024-12-13,0.3153133274492498
2024-12-14,0.31127288771233175
2024-12-15,0.31142479047198945
2024-12-16,0.30077177508269015
2024-12-17,0.2962962962962963
2024-12-18,0.29490852986554994
2024-12-19,0.31710004407227854
2024-12-20,0.3298083278255123
2024-12-21,0.33149779735682816
2024-12-22,0.3345078176613081
2024-12-23,0.3432408630559225
2024-12-24,0.34580673563724407
2024-12-25,0.327024647887324
2024-12-26,0.3240924092409241
2024-12-27,0.34293884733831936
2024-12-28,0.35473938860787335
2024-12-29,0.3476253298153035
2024-12-30,0.3611782809408661
2024-12-31,0.37054945054945054
2025-01-01,0.3625576796308504
2025-01-02,0.3565465729349736
2025-01-03,0.3399956072918955
2025-01-04,0.33574879227053145
2025-01-05,0.33545554335894623
2025-01-06,0.33494293239683937
2025-01-07,0.3177529076146588
2025-01-08,0.34247476963580514
2025-01-09,0.35775389339767494
2025-01-10,0.37741228070175437
2025-01-11,0.3615435211576409
2025-01-12,0.3623410784743534
2025-01-13,0.3659872890642122
2025-01-14,0.3665644171779141
2025-01-15,0.35027382256297923
2025-01-16,0.33158125273762595
2025-01-17,0.33238449748193566
2025-01-18,0.31392294220665495
2025-01-19,0.31407310133508426
2025-01-20,0.3284463894967177
2025-01-21,0.3207175672719318
2025-01-22,0.30774278215223094
2025-01-23,0.3179532035862672
2025-01-24,0.31679055531263667
2025-01-25,0.3140983606557377
2025-01-26,0.3140297202797203
2025-01-27,0.32313742626174347
2025-01-28,0.3285277413717781
2025-01-29,0.3345708670015287
2025-01-30,0.3198689956331878
2025-01-31,0.3163064833005894
2025-02-01,0.32976865997381055
2025-02-02,0.339515601134628
2025-02-03,0.3612565445026178
2025-02-04,0.33609596510359874
2025-02-05,0.35979066724814657
2025-02-06,0.3703945934161762
2025-02-07,0.3718395815170009
2025-02-08,0.375027239049902
2025-02-09,0.3736383442265795
2025-02-10,0.37704203877150944
2025-02-11,0.3671602787456446
2025-02-12,0.3807968647942521
2025-02-13,0.3652590335219852
2025-02-14,0.3778019586507073
2025-02-15,0.3703220191470844
2025-02-16,0.37002392864911904
2025-02-17,0.38234014789038717
2025-02-18,0.38464883670363126
2025-02-19,0.3863043478260869
2025-02-20,0.3807867854814171
2025-02-21,0.36657974793568016
2025-02-22,0.3851835759287421
2025-02-23,0.3827106863596872
2025-02-24,0.3863192182410423
2025-02-25,0.40230134607034307
2025-02-26,0.4187106576948122
2025-02-27,0.43684895833333337
2025-02-28,0.43523540898242574
2025-03-01,0.43687635574837314
2025-03-02,0.4311429191064845
2025-03-03,0.3948395490026019
2025-03-04,0.42943854324734443
2025-03-05,0.42609449501517127
2025-03-06,0.41191765980498374
2025-03-07,0.41551126516464476
2025-03-08,0.4305826294130388
2025-03-09,0.43243828497184933
2025-03-10,0.45204589738038536
2025-03-11,0.4590909090909091
2025-03-12,0.44427613070763905
2025-03-13,0.44266551276503674
2025-03-14,0.4512221501189704
2025-03-15,0.4413927335640139
2025-03-16,0.44108108108108113
2025-03-17,0.44725464764375267
2025-03-18,0.44283553058137026
2025-03-19,0.44706136560069143
2025-03-20,0.4329228775113415
2025-03-21,0.4429805615550756
2025-03-22,0.44310084215072343
2025-03-23,0.4438687392055267
2025-03-24,0.43794517591193616
2025-03-25,0.43202416918429
2025-03-26,0.43193096008629994
2025-03-27,0.4342105263157895
2025-03-28,0.43346991589389694
2025-03-29,0.44437257438551103
2025-03-30,0.4524682043543867
2025-03-31,0.45431034482758625
2025-04-01,0.4531351001939238
2025-04-02,0.44226626454114604
2025-04-03,0.4533706655179841
2025-04-04,0.45219638242894056
2025-04-05,0.44908503767491925
2025-04-06,0.4520017219113216
2025-04-07,0.4826769959113406
2025-04-08,0.4713855421686747
2025-04-09,0.496235749623575
2025-04-10,0.4554838709677419
2025-04-11,0.47194151795312833
2025-04-12,0.4527085124677558
2025-04-13,0.4442295293359123
2025-04-14,0.45229909755049424
2025-04-15,0.4481203007518797
2025-04-16,0.45296391752577314
2025-04-17,0.4513635387588576
2025-04-18,0.44718763417775864
2025-04-19,0.45074050225370255
2025-04-20,0.44678111587982827
2025-04-21,0.44754344561252946
2025-04-22,0.43843843843843844
2025-04-23,0.4143255414968904
2025-04-24,0.4138078902229846
2025-04-25,0.41350482315112536
2025-04-26,0.40912987569652803
2025-04-27,0.41032783372616244
2025-04-28,0.4153813196229649
2025-04-29,0.4086528164489184
2025-04-30,0.4149892933618844
2025-05-01,0.41447227574395207
2025-05-02,0.4032534246575342
2025-05-03,0.40102717740209715
2025-05-04,0.4067180145485665
2025-05-05,0.41647058823529415
2025-05-06,0.41381522668947823
2025-05-07,0.4038913833654052
2025-05-08,0.40188114578879863
2025-05-09,0.37956828382132934
2025-05-10,0.38055555555555554
2025-05-11,0.37192907498397776
2025-05-12,0.3763348996155489
2025-05-13,0.3820200726030323
2025-05-14,0.376601195559351
2025-05-15,0.3803628601921024
2025-05-16,0.3798548868971404
2025-05-17,0.38190740345636864
2025-05-18,0.38395904436860073
2025-05-19,0.3680955427596503
2025-05-20,0.37100213219616207
2025-05-21,0.3602643359624813
2025-05-22,0.34079283887468026
2025-05-23,0.3328361389303217
2025-05-24,0.36003408606732
2025-05-25,0.35654952076677315
2025-05-26,0.350298126064736
2025-05-27,0.347668724717905
2025-05-28,0.3507875691783737
2025-05-29,0.3602894232815492
2025-05-30,0.37829787234042556
2025-05-31,0.3882152733460966
2025-06-01,0.38494257762654194
2025-06-02,0.3799702317669572
2025-06-03,0.37967687074829937
2025-06-04,0.38299681190223167
2025-06-05,0.38780280492987673
2025-06-06,0.39813044401954534
2025-06-07,0.3899745114698385
2025-06-08,0.3839456360161393
2025-06-09,0.38407643312101913
2025-06-10,0.35215453194650814
2025-06-11,0.35398981324278433
2025-06-12,0.3679185232336092
2025-06-13,0.3856597369537548
2025-06-14,0.3864262990455991
2025-06-15,0.38994910941475824
2025-06-16,0.39007843968624123
2025-06-17,0.3800339126748622
2025-06-18,0.3937274846365756
2025-06-19,0.39322033898305087
2025-06-20,0.39398432535479766
2025-06-21,0.39983058026260054
2025-06-22,0.40757992801185683
2025-06-23,0.41236240474174424
2025-06-24,0.3925925925925926
2025-06-25,0.39187473550571306
2025-06-26,0.3850222128199704
2025-06-27,0.3883248730964467
2025-06-28,0.3884542186508776
2025-06-29,0.3873150105708245
2025-06-30,0.3813147326146692
2025-07-01,0.3898985629754861
2025-07-02,0.39721107120219734
2025-07-03,0.37874947190536545
2025-07-04,0.3750791974656811
2025-07-05,0.38682432432432434
2025-07-06,0.38632045598480047
2025-07-07,0.3799071338117349
2025-07-08,0.3884785819793205
2025-07-09,0.3831223628691983
2025-07-10,0.36827673486606205
2025-07-11,0.3340362716153522
2025-07-12,0.32785157073582116
2025-07-13,0.3288364249578415
2025-07-14,0.3228661749209695
2025-07-15,0.3175305520438264
2025-07-16,0.3294712449968401
2025-07-17,0.32582139848357206
2025-07-18,0.32238365971783534
2025-07-19,0.33031578947368423
2025-07-20,0.3310881919595875
2025-07-21,0.33438552188552184
2025-07-22,0.33410477593099097
2025-07-23,0.32225494320572146
2025-07-24,0.32975814931650893
2025-07-25,0.3322119428090833
2025-07-26,0.3371873029220097
2025-07-27,0.33501471206389244
2025-07-28,0.3282202143307418
2025-07-29,0.3359243697478992
2025-07-30,0.3383742911153119
2025-07-31,0.3391432171356573
2025-08-01,0.3539785849254672
2025-08-02,0.37489504617968095
2025-08-03,0.38069254984260226
2025-08-04,0.37075115400755354
2025-08-05,0.36207258233689954
2025-08-06,0.37248322147651003
2025-08-07,0.36590480184525054
2025-08-08,0.3477987421383648
2025-08-09,0.3538042339132257
2025-08-10,0.35645431684828166
2025-08-11,0.338152105593966
2025-08-12,0.34164222873900296
2025-08-13,0.3327748691099477
2025-08-14,0.31679229480737015
2025-08-15,0.3462424115553695
2025-08-16,0.35621598995395565
2025-08-17,0.35593220338983056
2025-08-18,0.355857740585774
2025-08-19,0.3691696297845639
2025-08-20,0.39481388540359685
2025-08-21,0.3844867238135061
2025-08-22,0.39862040133779264
2025-08-23,0.36844305120167187
2025-08-24,0.37985791893021315
2025-08-25,0.39440150407353247
2025-08-26,0.40810359231411864
2025-08-27,0.40258926707036957
2025-08-28,0.4056367432150313
2025-08-29,0.4003339595074097
2025-08-30,0.41736227045075125
2025-08-31,0.4162320050073023
2025-09-01,0.41906549853984143
2025-09-02,0.4158498435870699
2025-09-03,0.40742285237698084
2025-09-04,0.40587867417135715
2025-09-05,0.4089203834931221
2025-09-06,0.4100854344655136
2025-09-07,0.4125
2025-09-08,0.4084565715475943
2025-09-09,0.40628904623073714
2025-09-10,0.40891109723089736
2025-09-11,0.39904246461282267
2025-09-12,0.39313215400624346
2025-09-13,0.3878485226799834
2025-09-14,0.39047222800083214
2025-09-15,0.39579866888519133
2025-09-16,0.39654813890621754
2025-09-17,0.38648648648648654
2025-09-18,0.3889004364996882
2025-09-19,0.3865336658354115
2025-09-20,0.3982962809058799
2025-09-21,0.39821354383049434
2025-09-22,0.4
2025-09-23,0.4111295681063123
2025-09-24,0.414780984014947
2025-09-25,0.40929846409298465
2025-09-26,0.4310022826312513
2025-09-27,0.4294605809128631
2025-09-28,0.4302012030699025
2025-09-29,0.4160099543757777
2025-09-30,0.4072154260833506
2025-10-01,0.4089966832504146
2025-10-02,0.3861139896373057
2025-10-03,0.372150849564857
2025-10-04,0.3571576548580899
2025-10-05,0.35832642916321455
2025-10-06,0.35017601987989233
2025-10-07,0.34202898550724636
2025-10-08,0.37073069757814114
2025-10-09,0.35492549668874174
2025-10-10,0.37140492447755014
2025-10-11,0.4162184526272238
2025-10-12,0.4324715615305067
2025-10-13,0.4104631927212572
2025-10-14,0.41037833367789955
2025-10-15,0.42207523770152955
2025-10-16,0.4360405042364125
2025-10-17,0.4446280991735537
2025-10-18,0.450939888452799
2025-10-19,0.44878149524989674
2025-10-20,0.44373322320875486
2025-10-21,0.4378612716763006
2025-10-22,0.44458204334365325
2025-10-23,0.4488237721832439
2025-10-24,0.44130389931916647
2025-10-25,0.4379125412541254
2025-10-26,0.43617240668179
2025-10-27,0.4212371134020618
2025-10-28,0.42465471036899605
2025-10-29,0.4309563066776587
2025-10-30,0.4428188749227282
2025-10-31,0.4513803049031726
2025-11-01,0.44572605561277034
2025-11-02,0.4443986820428336
2025-11-03,0.44327774346304305
2025-11-04,0.4588307945656649
2025-11-05,0.47828771352130073
2025-11-06,0.4668724279835391
2025-11-07,0.4795309607076733
2025-11-08,0.46976552858905796
2025-11-09,0.47501542257865514
2025-11-10,0.46504934210526316
2025-11-11,0.46145940390544704
2025-11-12,0.47431154952733257
2025-11-13,0.48037805629751384
2025-11-14,0.4864420706655711
2025-11-15,0.5173546929554323
2025-11-16,0.5106776180698152
2025-11-17,0.5204270170396222
2025-11-18,0.5334564860426929
2025-11-19,0.5257541555509953
2025-11-20,0.5381616741895774
2025-11-21,0.5604102564102564
2025-11-22,0.5738310090237899
2025-11-23,0.5759688332991593
2025-11-24,0.5610906109061091
2025-11-25,0.5538020086083213
2025-11-26,0.5594262295081966
2025-11-27,0.5435361606228232
2025-11-28,0.5403523146251537
2025-11-29,0.5424943682162605
2025-11-30,0.542997542997543
2025-12-01,0.5445240532241555
2025-12-02,0.5681539091281211
2025-12-03,0.541231839574381
2025-12-04,0.5276186579378068
2025-12-05,0.537737778686848
2025-12-06,0.5535787321063395
2025-12-07,0.5546922919648334
2025-12-08,0.5500817661488144
2025-12-09,0.5466993664418558
2025-12-10,0.5361667347772783
2025-12-11,0.5411644535240041
2025-12-12,0.5386029411764706
2025-12-13,0.5507453542985501
2025-12-14,0.551449571253573
2025-12-15,0.5646050214329454
2025-12-16,0.5779591836734694
2025-12-17,0.5680473372781065
2025-12-18,0.579967360261118
2025-12-19,0.5847440342647359
2025-12-20,0.5658646003262643
2025-12-21,0.5655453618756371
2025-12-22,0.5646147574398696
2025-12-23,0.5653148563276951
2025-12-24,0.5737571312143439
2025-12-25,0.5728254226930128
2025-12-26,0.5759674134419552
2025-12-27,0.5758501323559356
2025-12-28,0.5734934853420195
2025-12-29,0.5735802971707714
2025-12-30,0.5795685795685795
2025-12-31,0.5692777212614446
2026-01-01,0.5770951993490643
2026-01-02,0.5682326621923937
2026-01-03,0.5593737291581944
2026-01-04,0.5556007318560683
2026-01-05,0.5520325203252032
2026-01-06,0.539118065433855
2026-01-07,0.540633888663145
2026-01-08,0.5541336583384115
2026-01-09,0.5552396425670187
2026-01-10,0.5593908629441624
2026-01-11,0.560698335363378
2026-01-12,0.559163791353765
2026-01-13,0.5562094155844156
2026-01-14,0.5331710286062081
2026-01-15,0.5208924949290061
2026-01-16,0.5327519772865544
2026-01-17,0.5334549878345498
2026-01-18,0.5365903101560916
2026-01-19,0.5417511147142278
2026-01-20,0.5515704154002026
2026-01-21,0.5842787682333874
2026-01-22,0.5736277091351023
2026-01-23,0.575739165654111
2026-01-24,0.576027535938449
2026-01-25,0.5791497975708502
2026-01-26,0.5986642380085003
2026-01-27,0.5861999190611089
2026-01-28,0.5804167509609549
2026-01-29,0.5815129449838188
2026-01-30,0.6167846309403437
2026-01-31,0.6207035988677719
2026-02-01,0.6553466747523752
2026-02-02,0.6626919967663703
2026-02-03,0.65568801778137
2026-02-04,0.6684848484848485
2026-02-05,0.6889517269238538
2026-02-06,0.8002827140549273
2026-02-07,0.7171411265899454
2026-02-08,0.7309245054501413
2026-02-09,0.7196770938446014
2026-02-10,0.7223567393058918
2026-02-11,0.7379463385111963
2026-02-12,0.7622025010084712
2026-02-13,0.7721314781205888
2026-02-14,0.7368951612903225
2026-02-15,0.7278774440636968
2026-02-16,0.741434905280129
2026-02-17,0.7406810396937336
2026-02-18,0.7590652699435939
2026-02-19,0.7736153071500503
2026-02-20,0.7660088602496979
2026-02-21,0.7533722568955104
2026-02-22,0.7534219001610306
2026-02-23,0.7613201851479171
2026-02-24,0.7955734406438632
2026-02-25,0.8030577348622008
2026-02-26,0.755229283990346
2026-02-27,0.7633219384677257
2026-02-28,0.7848813831926016
2026-03-01,0.7708542713567839
2026-03-02,0.7877813504823151
2026-03-03,0.7450271247739602
2026-03-04,0.7523101647247891
2026-03-05,0.7033540871660976
2026-03-06,0.7214859437751004
2026-03-07,0.7572776550893395
2026-03-08,0.7699718988358089
2026-03-09,0.7852699177202489
2026-03-10,0.7548154093097913
2026-03-11,0.7352056168505516
2026-03-12,0.7310469314079422
2026-03-13,0.7290956486865852
2026-03-14,0.72514033680834
2026-03-15,0.7229905792744037
2026-03-16,0.7066132264529058
2026-03-17,0.6860348627529553
2026-03-18,0.6937099358974359
2026-03-19,0.7240136190666934
2026-03-20,0.7408890668802564
2026-03-21,0.7329329329329329
2026-03-22,0.7457966373098479
2026-03-23,0.7696617970782469
2026-03-24,0.7318927571028411
2026-03-25,0.7335467093418684
2026-03-26,0.7262
2026-03-27,0.7640471905618876
2026-03-28,0.7938824470211915
2026-03-29,0.7923246052368579
2026-03-30,0.7981614708233413
2026-03-31,0.7908091908091908
2026-04-01,0.7726727926488214
2026-04-02,0.7751148392250848
2026-04-03,0.7901357827476039
2026-04-04,0.7905769614693552
2026-04-05,0.7858283433133733
2026-04-06,0.7643184993015366
2026-04-07,0.7667597765363129
2026-04-08,0.722720925593457
2026-04-09,0.7351416035101714
2026-04-10,0.7268195413758725
2026-04-11,0.7149122807017544
2026-04-12,0.7135738489136935
2026-04-13,0.7439218812275807
2026-04-14,0.6971508268579398
2026-04-15,0.7029880478087649
2026-04-16,0.6968731328420633
2026-04-17,0.6929510155316607
2026-04-18,0.6748954807883735
2026-04-19,0.6878980891719746
2026-04-20,0.7092537313432836
2026-04-21,0.6882212495025866
2026-04-22,0.6851004575293416
2026-04-23,0.6680588703261734
2026-04-24,0.6685225690992245
2026-04-25,0.6747514910536779
2026-04-26,0.6732259988073941
2026-04-27,0.6671303656597773
2026-04-28,0.6765348698589311
2026-04-29,0.6881207787048074
2026-04-30,0.6929493545183714
2026-05-01,0.6886417791898332
2026-05-02,0.6716299384554298
2026-05-03,0.667526796347757
2026-05-04,0.6681881325659853
2026-05-05,0.6589285714285714
2026-05-06,0.653441777425114
2026-05-07,0.6515271717572392
2026-05-08,0.6591314693634741
2026-05-09,0.6576130055511499
2026-05-10,0.6555004955401387
2026-05-11,0.6490289338089577
2026-05-12,0.6510798494154943
2026-05-13,0.6574881141045958
2026-05-14,0.6682511388393741
2026-05-15,0.6544554455445545
2026-05-16,0.6713522074836666
2026-05-17,0.6777513855898654
2026-05-18,0.6853354442905204
2026-05-19,0.6931143648595173
2026-05-20,0.6943620178041543
2026-05-21,0.688884493670886
2026-05-22,0.6865730670357919
2026-05-23,0.7109529458283907
2026-05-24,0.6995453646965804
2026-05-25,0.6952569169960474
2026-05-26,0.693143647500494
2026-05-27,0.710786250493876
2026-05-28,0.7268417934031206
2026-05-29,0.7371642969984202
2026-05-30,0.7409674234945706
2026-05-31,0.7348993288590604
2026-06-01,0.7379119794750346
2026-06-02,0.7695343330702447
2026-06-03,0.8242256855395542
2026-06-04,0.8394477317554241
2026-06-05,0.8471701833957799
2026-06-06,0.8751971608832807
2026-06-07,0.8766016164005519
2026-06-08,0.8531730390224674
2026-06-09,0.8539901477832512
2026-06-10,0.8701733648542159
2026-06-11,0.8715777033681308
2026-06-12,0.8501378495470657
2026-06-13,0.8503642449301043
2026-06-14,0.8397637795275591
2026-06-15,0.8301515449714623
2026-06-16,0.8260527351436442
2026-06-17,0.8304151091874877
2026-06-18,0.8420535011801731
2026-06-19,0.8621435594886923
2026-06-20,0.8566653558788833
2026-06-21,0.8452919205818754
2026-06-22,0.8569182389937107
2026-06-23,0.8486932599724897
2026-06-24,0.8654223968565815
2026-06-25,0.879984285994893
2026-06-26,0.8857030636292224
2026-06-27,0.8849401138817985
2026-06-28,0.8851590106007067
2026-06-29,0.8887144259077527
2026-06-30,0.8838304552590267
2026-07-01,0.8924857759466353
2026-07-02,0.8848568065908199
2026-07-03,0.876446362031771
2026-07-04,0.8672549019607843
2026-07-05,0.8627720054891198
2026-07-06,0.8575068600548804
2026-07-07,0.8514599255339996
2026-07-08,0.8608934169278997
2026-07-09,0.8718903036238981
2026-07-10,0.86310223266745
2026-07-11,0.8521636968866262
2026-07-12,0.85610806577917
2026-07-13,0.8580935603836367
2026-07-14,0.8747553816046967
2026-07-15,0.8428878888671493
2026-07-16,0.8448748043818466
2026-07-17,0.8599647956190104
2026-07-18,0.8578412201798983
2026-07-19,0.8459433040078201
2026-07-20,0.8483189992181391
2026-07-21,0.8415086965018566
2026-07-22,0.8276670574443141
2026-07-23,0.832389138503614
2026-07-24,0.843359375
2026-07-25,0.8595977348174184
2026-07-26,0.856501366653651
2026-07-27,0.8420847159867265
2026-07-28,0.8643637782982045
2026-07-29,0.8645853658536585
2026-07-30,0.8628560280920796
2026-07-31,0.8509849814706456
2026-08-01,0.873829953198128
2026-08-02,0.8752193410021447
2026-08-03,0.8692007797270955
2026-08-04,0.8692262716819333
2026-08-05,0.8616523772408418
2026-08-06,0.8562244301578025
2026-08-07,0.8620958317101675
2026-08-08,0.8531645569620253
2026-08-09,0.8529984423676013
2026-08-10,0.8545843877749659
2026-08-11,0.8662903853639549
2026-08-12,0.8705973924888111
2026-08-13,0.872568093385214
2026-08-14,0.8723983660766388
2026-08-15,0.8772851030727343
2026-08-16,0.8767256465098192
2026-08-17,0.8794712286158631
2026-08-18,0.862779397473275
2026-08-19,0.8596968519238244
2026-08-20,0.8130950068000777
2026-08-21,0.7766122766122766
2026-08-22,0.7096523596814915
2026-08-23,0.727378640776699
2026-08-24,0.7196660842554844
2026-08-25,0.7067158385093169
2026-08-26,0.7089074325635552
2026-08-27,0.7068296468762126
2026-08-28,0.6931134820562561
2026-08-29,0.7211016291698992
2026-08-30,0.7159201085902657
2026-08-31,0.7227607599844901
2026-09-01,0.7137042062415198
2026-09-02,0.7290697674418605
2026-09-03,0.7326099593102112
2026-09-04,0.6861681518791166
2026-09-05,0.7034669765640131
2026-09-06,0.7029434546862897
2026-09-07,0.6977734753146176
2026-09-08,0.7113821138211383
2026-09-09,0.7191794077801432
2026-09-10,0.7221362229102167
2026-09-11,0.7452118398142774
2026-09-12,0.739458413926499
2026-09-13,0.7387352543028427
2026-09-14,0.7461330239752513
2026-09-15,0.7249178426445002
2026-09-16,0.760919984538075
2026-09-17,0.7555555555555555
2026-09-18,0.7532843894899537
2026-09-19,0.6959629128839095
2026-09-20,0.6937041328698339
2026-09-21,0.694535624637961
