,score
1954-07-01,
1954-07-02,
1954-07-03,
1954-07-04,
1954-07-05,
1954-07-06,
1954-07-07,
1954-07-08,
1954-07-09,
1954-07-10,
1954-07-11,
1954-07-12,
1954-07-13,
1954-07-14,
1954-07-15,
1954-07-16,
1954-07-17,
1954-07-18,
1954-07-19,
1954-07-20,
1954-07-21,
1954-07-22,
1954-07-23,
1954-07-24,
1954-07-25,
1954-07-26,
1954-07-27,
1954-07-28,
1954-07-29,
1954-07-30,
1954-07-31,
1954-08-01,
1954-08-02,
1954-08-03,
1954-08-04,
1954-08-05,
1954-08-06,
1954-08-07,
1954-08-08,
1954-08-09,
1954-08-10,
1954-08-11,
1954-08-12,
1954-08-13,
1954-08-14,
1954-08-15,
1954-08-16,
1954-08-17,
1954-08-18,
1954-08-19,
1954-08-20,
1954-08-21,
1954-08-22,
1954-08-23,
1954-08-24,
1954-08-25,
1954-08-26,
1954-08-27,
1954-08-28,
1954-08-29,
1954-08-30,
1954-08-31,
1954-09-01,
1954-09-02,
1954-09-03,
1954-09-04,
1954-09-05,
1954-09-06,
1954-09-07,
1954-09-08,
1954-09-09,
1954-09-10,
1954-09-11,
1954-09-12,
1954-09-13,
1954-09-14,
1954-09-15,
1954-09-16,
1954-09-17,
1954-09-18,
1954-09-19,
1954-09-20,
1954-09-21,
1954-09-22,
1954-09-23,
1954-09-24,
1954-09-25,
1954-09-26,
1954-09-27,
1954-09-28,
1954-09-29,
1954-09-30,
1954-10-01,
1954-10-02,
1954-10-03,
1954-10-04,
1954-10-05,
1954-10-06,
1954-10-07,
1954-10-08,
1954-10-09,
1954-10-10,
1954-10-11,
1954-10-12,
1954-10-13,
1954-10-14,
1954-10-15,
1954-10-16,
1954-10-17,
1954-10-18,
1954-10-19,
1954-10-20,
1954-10-21,
1954-10-22,
1954-10-23,
1954-10-24,
1954-10-25,
1954-10-26,
1954-10-27,
1954-10-28,
1954-10-29,
1954-10-30,
1954-10-31,
1954-11-01,
1954-11-02,
1954-11-03,
1954-11-04,
1954-11-05,
1954-11-06,
1954-11-07,
1954-11-08,
1954-11-09,
1954-11-10,
1954-11-11,
1954-11-12,
1954-11-13,
1954-11-14,
1954-11-15,
1954-11-16,
1954-11-17,
1954-11-18,
1954-11-19,
1954-11-20,
1954-11-21,
1954-11-22,
1954-11-23,
1954-11-24,
1954-11-25,
1954-11-26,
1954-11-27,
1954-11-28,
1954-11-29,
1954-11-30,
1954-12-01,
1954-12-02,
1954-12-03,
1954-12-04,
1954-12-05,
1954-12-06,
1954-12-07,
1954-12-08,
1954-12-09,
1954-12-10,
1954-12-11,
1954-12-12,
1954-12-13,
1954-12-14,
1954-12-15,
1954-12-16,
1954-12-17,
1954-12-18,
1954-12-19,
1954-12-20,
1954-12-21,
1954-12-22,
1954-12-23,
1954-12-24,
1954-12-25,
1954-12-26,
1954-12-27,
1954-12-28,
1954-12-29,
1954-12-30,
1954-12-31,
1955-01-01,
1955-01-02,
1955-01-03,
1955-01-04,
1955-01-05,
1955-01-06,
1955-01-07,
1955-01-08,
1955-01-09,
1955-01-10,
1955-01-11,
1955-01-12,
1955-01-13,
1955-01-14,
1955-01-15,
1955-01-16,
1955-01-17,
1955-01-18,
1955-01-19,
1955-01-20,
1955-01-21,
1955-01-22,
1955-01-23,
1955-01-24,
1955-01-25,
1955-01-26,
1955-01-27,
1955-01-28,
1955-01-29,
1955-01-30,
1955-01-31,
1955-02-01,
1955-02-02,
1955-02-03,
1955-02-04,
1955-02-05,
1955-02-06,
1955-02-07,
1955-02-08,
1955-02-09,
1955-02-10,
1955-02-11,
1955-02-12,
1955-02-13,
1955-02-14,
1955-02-15,
1955-02-16,
1955-02-17,
1955-02-18,
1955-02-19,
1955-02-20,
1955-02-21,
1955-02-22,
1955-02-23,
1955-02-24,
1955-02-25,
1955-02-26,
1955-02-27,
1955-02-28,
1955-03-01,
1955-03-02,
1955-03-03,
1955-03-04,
1955-03-05,
1955-03-06,
1955-03-07,
1955-03-08,
1955-03-09,
1955-03-10,
1955-03-11,
1955-03-12,
1955-03-13,
1955-03-14,
1955-03-15,
1955-03-16,
1955-03-17,
1955-03-18,
1955-03-19,
1955-03-20,
1955-03-21,
1955-03-22,
1955-03-23,
1955-03-24,
1955-03-25,
1955-03-26,
1955-03-27,
1955-03-28,
1955-03-29,
1955-03-30,
1955-03-31,
1955-04-01,
1955-04-02,
1955-04-03,
1955-04-04,
1955-04-05,
1955-04-06,
1955-04-07,
1955-04-08,
1955-04-09,
1955-04-10,
1955-04-11,
1955-04-12,
1955-04-13,
1955-04-14,
1955-04-15,
1955-04-16,
1955-04-17,
1955-04-18,
1955-04-19,
1955-04-20,
1955-04-21,
1955-04-22,
1955-04-23,
1955-04-24,
1955-04-25,
1955-04-26,
1955-04-27,
1955-04-28,
1955-04-29,
1955-04-30,
1955-05-01,
1955-05-02,
1955-05-03,
1955-05-04,
1955-05-05,
1955-05-06,
1955-05-07,
1955-05-08,
1955-05-09,
1955-05-10,
1955-05-11,
1955-05-12,
1955-05-13,
1955-05-14,
1955-05-15,
1955-05-16,
1955-05-17,
1955-05-18,
1955-05-19,
1955-05-20,
1955-05-21,
1955-05-22,
1955-05-23,
1955-05-24,
1955-05-25,
1955-05-26,
1955-05-27,
1955-05-28,
1955-05-29,
1955-05-30,
1955-05-31,
1955-06-01,
1955-06-02,
1955-06-03,
1955-06-04,
1955-06-05,
1955-06-06,
1955-06-07,
1955-06-08,
1955-06-09,
1955-06-10,
1955-06-11,
1955-06-12,
1955-06-13,
1955-06-14,
1955-06-15,
1955-06-16,
1955-06-17,
1955-06-18,
1955-06-19,
1955-06-20,
1955-06-21,
1955-06-22,
1955-06-23,
1955-06-24,
1955-06-25,
1955-06-26,
1955-06-27,
1955-06-28,
1955-06-29,
1955-06-30,
1955-07-01,
1955-07-02,
1955-07-03,
1955-07-04,
1955-07-05,
1955-07-06,
1955-07-07,
1955-07-08,
1955-07-09,
1955-07-10,
1955-07-11,
1955-07-12,
1955-07-13,
1955-07-14,
1955-07-15,
1955-07-16,
1955-07-17,
1955-07-18,
1955-07-19,
1955-07-20,
1955-07-21,
1955-07-22,
1955-07-23,
1955-07-24,
1955-07-25,
1955-07-26,
1955-07-27,
1955-07-28,
1955-07-29,
1955-07-30,
1955-07-31,
1955-08-01,
1955-08-02,
1955-08-03,
1955-08-04,
1955-08-05,
1955-08-06,
1955-08-07,
1955-08-08,
1955-08-09,
1955-08-10,
1955-08-11,
1955-08-12,
1955-08-13,
1955-08-14,
1955-08-15,
1955-08-16,
1955-08-17,
1955-08-18,
1955-08-19,
1955-08-20,
1955-08-21,
1955-08-22,
1955-08-23,
1955-08-24,
1955-08-25,
1955-08-26,
1955-08-27,
1955-08-28,
1955-08-29,
1955-08-30,
1955-08-31,
1955-09-01,
1955-09-02,
1955-09-03,
1955-09-04,
1955-09-05,
1955-09-06,
1955-09-07,
1955-09-08,
1955-09-09,
1955-09-10,
1955-09-11,
1955-09-12,
1955-09-13,
1955-09-14,
1955-09-15,
1955-09-16,
1955-09-17,
1955-09-18,
1955-09-19,
1955-09-20,
1955-09-21,
1955-09-22,
1955-09-23,
1955-09-24,
1955-09-25,
1955-09-26,
1955-09-27,
1955-09-28,
1955-09-29,
1955-09-30,
1955-10-01,
1955-10-02,
1955-10-03,
1955-10-04,
1955-10-05,
1955-10-06,
1955-10-07,
1955-10-08,
1955-10-09,
1955-10-10,
1955-10-11,
1955-10-12,
1955-10-13,
1955-10-14,
1955-10-15,
1955-10-16,
1955-10-17,
1955-10-18,
1955-10-19,
1955-10-20,
1955-10-21,
1955-10-22,
1955-10-23,
1955-10-24,
1955-10-25,
1955-10-26,
1955-10-27,
1955-10-28,
1955-10-29,
1955-10-30,
1955-10-31,
1955-11-01,
1955-11-02,
1955-11-03,
1955-11-04,
1955-11-05,
1955-11-06,
1955-11-07,
1955-11-08,
1955-11-09,
1955-11-10,
1955-11-11,
1955-11-12,
1955-11-13,
1955-11-14,
1955-11-15,
1955-11-16,
1955-11-17,
1955-11-18,
1955-11-19,
1955-11-20,
1955-11-21,
1955-11-22,
1955-11-23,
1955-11-24,
1955-11-25,
1955-11-26,
1955-11-27,
1955-11-28,
1955-11-29,
1955-11-30,
1955-12-01,
1955-12-02,
1955-12-03,
1955-12-04,
1955-12-05,
1955-12-06,
1955-12-07,
1955-12-08,
1955-12-09,
1955-12-10,
1955-12-11,
1955-12-12,
1955-12-13,
1955-12-14,
1955-12-15,
1955-12-16,
1955-12-17,
1955-12-18,
1955-12-19,
1955-12-20,
1955-12-21,
1955-12-22,
1955-12-23,
1955-12-24,
1955-12-25,
1955-12-26,
1955-12-27,
1955-12-28,
1955-12-29,
1955-12-30,
1955-12-31,
1956-01-01,
1956-01-02,
1956-01-03,
1956-01-04,
1956-01-05,
1956-01-06,
1956-01-07,
1956-01-08,
1956-01-09,
1956-01-10,
1956-01-11,
1956-01-12,
1956-01-13,
1956-01-14,
1956-01-15,
1956-01-16,
1956-01-17,
1956-01-18,
1956-01-19,
1956-01-20,
1956-01-21,
1956-01-22,
1956-01-23,
1956-01-24,
1956-01-25,
1956-01-26,
1956-01-27,
1956-01-28,
1956-01-29,
1956-01-30,
1956-01-31,
1956-02-01,
1956-02-02,
1956-02-03,
1956-02-04,
1956-02-05,
1956-02-06,
1956-02-07,
1956-02-08,
1956-02-09,
1956-02-10,
1956-02-11,
1956-02-12,
1956-02-13,
1956-02-14,
1956-02-15,
1956-02-16,
1956-02-17,
1956-02-18,
1956-02-19,
1956-02-20,
1956-02-21,
1956-02-22,
1956-02-23,
1956-02-24,
1956-02-25,
1956-02-26,
1956-02-27,
1956-02-28,
1956-02-29,
1956-03-01,
1956-03-02,
1956-03-03,
1956-03-04,
1956-03-05,
1956-03-06,
1956-03-07,
1956-03-08,
1956-03-09,
1956-03-10,
1956-03-11,
1956-03-12,
1956-03-13,
1956-03-14,
1956-03-15,
1956-03-16,
1956-03-17,
1956-03-18,
1956-03-19,
1956-03-20,
1956-03-21,
1956-03-22,
1956-03-23,
1956-03-24,
1956-03-25,
1956-03-26,
1956-03-27,
1956-03-28,
1956-03-29,
1956-03-30,
1956-03-31,
1956-04-01,
1956-04-02,
1956-04-03,
1956-04-04,
1956-04-05,
1956-04-06,
1956-04-07,
1956-04-08,
1956-04-09,
1956-04-10,
1956-04-11,
1956-04-12,
1956-04-13,
1956-04-14,
1956-04-15,
1956-04-16,
1956-04-17,
1956-04-18,
1956-04-19,
1956-04-20,
1956-04-21,
1956-04-22,
1956-04-23,
1956-04-24,
1956-04-25,
1956-04-26,
1956-04-27,
1956-04-28,
1956-04-29,
1956-04-30,
1956-05-01,
1956-05-02,
1956-05-03,
1956-05-04,
1956-05-05,
1956-05-06,
1956-05-07,
1956-05-08,
1956-05-09,
1956-05-10,
1956-05-11,
1956-05-12,
1956-05-13,
1956-05-14,
1956-05-15,
1956-05-16,
1956-05-17,
1956-05-18,
1956-05-19,
1956-05-20,
1956-05-21,
1956-05-22,
1956-05-23,
1956-05-24,
1956-05-25,
1956-05-26,
1956-05-27,
1956-05-28,
1956-05-29,
1956-05-30,
1956-05-31,
1956-06-01,
1956-06-02,
1956-06-03,
1956-06-04,
1956-06-05,
1956-06-06,
1956-06-07,
1956-06-08,
1956-06-09,
1956-06-10,
1956-06-11,
1956-06-12,
1956-06-13,
1956-06-14,
1956-06-15,
1956-06-16,
1956-06-17,
1956-06-18,
1956-06-19,
1956-06-20,
1956-06-21,
1956-06-22,
1956-06-23,
1956-06-24,
1956-06-25,
1956-06-26,
1956-06-27,
1956-06-28,
1956-06-29,
1956-06-30,
1956-07-01,
1956-07-02,
1956-07-03,
1956-07-04,
1956-07-05,
1956-07-06,
1956-07-07,
1956-07-08,
1956-07-09,
1956-07-10,
1956-07-11,
1956-07-12,
1956-07-13,
1956-07-14,
1956-07-15,
1956-07-16,
1956-07-17,
1956-07-18,
1956-07-19,
1956-07-20,
1956-07-21,
1956-07-22,
1956-07-23,
1956-07-24,
1956-07-25,
1956-07-26,
1956-07-27,
1956-07-28,
1956-07-29,
1956-07-30,
1956-07-31,
1956-08-01,
1956-08-02,
1956-08-03,
1956-08-04,
1956-08-05,
1956-08-06,
1956-08-07,
1956-08-08,
1956-08-09,
1956-08-10,
1956-08-11,
1956-08-12,
1956-08-13,
1956-08-14,
1956-08-15,
1956-08-16,
1956-08-17,
1956-08-18,
1956-08-19,
1956-08-20,
1956-08-21,
1956-08-22,
1956-08-23,
1956-08-24,
1956-08-25,
1956-08-26,
1956-08-27,
1956-08-28,
1956-08-29,
1956-08-30,
1956-08-31,
1956-09-01,
1956-09-02,
1956-09-03,
1956-09-04,
1956-09-05,
1956-09-06,
1956-09-07,
1956-09-08,
1956-09-09,
1956-09-10,
1956-09-11,
1956-09-12,
1956-09-13,
1956-09-14,
1956-09-15,
1956-09-16,
1956-09-17,
1956-09-18,
1956-09-19,
1956-09-20,
1956-09-21,
1956-09-22,
1956-09-23,
1956-09-24,
1956-09-25,
1956-09-26,
1956-09-27,
1956-09-28,
1956-09-29,
1956-09-30,
1956-10-01,
1956-10-02,
1956-10-03,
1956-10-04,
1956-10-05,
1956-10-06,
1956-10-07,
1956-10-08,
1956-10-09,
1956-10-10,
1956-10-11,
1956-10-12,
1956-10-13,
1956-10-14,
1956-10-15,
1956-10-16,
1956-10-17,
1956-10-18,
1956-10-19,
1956-10-20,
1956-10-21,
1956-10-22,
1956-10-23,
1956-10-24,
1956-10-25,
1956-10-26,
1956-10-27,
1956-10-28,
1956-10-29,
1956-10-30,
1956-10-31,
1956-11-01,
1956-11-02,
1956-11-03,
1956-11-04,
1956-11-05,
1956-11-06,
1956-11-07,
1956-11-08,
1956-11-09,
1956-11-10,
1956-11-11,
1956-11-12,
1956-11-13,
1956-11-14,
1956-11-15,
1956-11-16,
1956-11-17,
1956-11-18,
1956-11-19,
1956-11-20,
1956-11-21,
1956-11-22,
1956-11-23,
1956-11-24,
1956-11-25,
1956-11-26,
1956-11-27,
1956-11-28,
1956-11-29,
1956-11-30,
1956-12-01,
1956-12-02,
1956-12-03,
1956-12-04,
1956-12-05,
1956-12-06,
1956-12-07,
1956-12-08,
1956-12-09,
1956-12-10,
1956-12-11,
1956-12-12,
1956-12-13,
1956-12-14,
1956-12-15,
1956-12-16,
1956-12-17,
1956-12-18,
1956-12-19,
1956-12-20,
1956-12-21,
1956-12-22,
1956-12-23,
1956-12-24,
1956-12-25,
1956-12-26,
1956-12-27,
1956-12-28,
1956-12-29,
1956-12-30,
1956-12-31,
1957-01-01,
1957-01-02,
1957-01-03,
1957-01-04,
1957-01-05,
1957-01-06,
1957-01-07,
1957-01-08,
1957-01-09,
1957-01-10,
1957-01-11,
1957-01-12,
1957-01-13,
1957-01-14,
1957-01-15,
1957-01-16,
1957-01-17,
1957-01-18,
1957-01-19,
1957-01-20,
1957-01-21,
1957-01-22,
1957-01-23,
1957-01-24,
1957-01-25,
1957-01-26,
1957-01-27,
1957-01-28,
1957-01-29,
1957-01-30,
1957-01-31,
1957-02-01,
1957-02-02,
1957-02-03,
1957-02-04,
1957-02-05,
1957-02-06,
1957-02-07,
1957-02-08,
1957-02-09,
1957-02-10,
1957-02-11,
1957-02-12,
1957-02-13,
1957-02-14,
1957-02-15,
1957-02-16,
1957-02-17,
1957-02-18,
1957-02-19,
1957-02-20,
1957-02-21,
1957-02-22,
1957-02-23,
1957-02-24,
1957-02-25,
1957-02-26,
1957-02-27,
1957-02-28,
1957-03-01,
1957-03-02,
1957-03-03,
1957-03-04,
1957-03-05,
1957-03-06,
1957-03-07,
1957-03-08,
1957-03-09,
1957-03-10,
1957-03-11,
1957-03-12,
1957-03-13,
1957-03-14,
1957-03-15,
1957-03-16,
1957-03-17,
1957-03-18,
1957-03-19,
1957-03-20,
1957-03-21,
1957-03-22,
1957-03-23,
1957-03-24,
1957-03-25,
1957-03-26,
1957-03-27,
1957-03-28,
1957-03-29,
1957-03-30,
1957-03-31,
1957-04-01,
1957-04-02,
1957-04-03,
1957-04-04,
1957-04-05,
1957-04-06,
1957-04-07,
1957-04-08,
1957-04-09,
1957-04-10,
1957-04-11,
1957-04-12,
1957-04-13,
1957-04-14,
1957-04-15,
1957-04-16,
1957-04-17,
1957-04-18,
1957-04-19,
1957-04-20,
1957-04-21,
1957-04-22,
1957-04-23,
1957-04-24,
1957-04-25,
1957-04-26,
1957-04-27,
1957-04-28,
1957-04-29,
1957-04-30,
1957-05-01,
1957-05-02,
1957-05-03,
1957-05-04,
1957-05-05,
1957-05-06,
1957-05-07,
1957-05-08,
1957-05-09,
1957-05-10,
1957-05-11,
1957-05-12,
1957-05-13,
1957-05-14,
1957-05-15,
1957-05-16,
1957-05-17,
1957-05-18,
1957-05-19,
1957-05-20,
1957-05-21,
1957-05-22,
1957-05-23,
1957-05-24,
1957-05-25,
1957-05-26,
1957-05-27,
1957-05-28,
1957-05-29,
1957-05-30,
1957-05-31,
1957-06-01,
1957-06-02,
1957-06-03,
1957-06-04,
1957-06-05,
1957-06-06,
1957-06-07,
1957-06-08,
1957-06-09,
1957-06-10,
1957-06-11,
1957-06-12,
1957-06-13,
1957-06-14,
1957-06-15,
1957-06-16,
1957-06-17,
1957-06-18,
1957-06-19,
1957-06-20,
1957-06-21,
1957-06-22,
1957-06-23,
1957-06-24,
1957-06-25,
1957-06-26,
1957-06-27,
1957-06-28,
1957-06-29,
1957-06-30,
1957-07-01,
1957-07-02,
1957-07-03,
1957-07-04,
1957-07-05,
1957-07-06,
1957-07-07,
1957-07-08,
1957-07-09,
1957-07-10,
1957-07-11,
1957-07-12,
1957-07-13,
1957-07-14,
1957-07-15,
1957-07-16,
1957-07-17,
1957-07-18,
1957-07-19,
1957-07-20,
1957-07-21,
1957-07-22,
1957-07-23,
1957-07-24,
1957-07-25,
1957-07-26,
1957-07-27,
1957-07-28,
1957-07-29,
1957-07-30,
1957-07-31,
1957-08-01,
1957-08-02,
1957-08-03,
1957-08-04,
1957-08-05,
1957-08-06,
1957-08-07,
1957-08-08,
1957-08-09,
1957-08-10,
1957-08-11,
1957-08-12,
1957-08-13,
1957-08-14,
1957-08-15,
1957-08-16,
1957-08-17,
1957-08-18,
1957-08-19,
1957-08-20,
1957-08-21,
1957-08-22,
1957-08-23,
1957-08-24,
1957-08-25,
1957-08-26,
1957-08-27,
1957-08-28,
1957-08-29,
1957-08-30,
1957-08-31,
1957-09-01,
1957-09-02,
1957-09-03,
1957-09-04,
1957-09-05,
1957-09-06,
1957-09-07,
1957-09-08,
1957-09-09,
1957-09-10,
1957-09-11,
1957-09-12,
1957-09-13,
1957-09-14,
1957-09-15,
1957-09-16,
1957-09-17,
1957-09-18,
1957-09-19,
1957-09-20,
1957-09-21,
1957-09-22,
1957-09-23,
1957-09-24,
1957-09-25,
1957-09-26,
1957-09-27,
1957-09-28,
1957-09-29,
1957-09-30,
1957-10-01,
1957-10-02,
1957-10-03,
1957-10-04,
1957-10-05,
1957-10-06,
1957-10-07,
1957-10-08,
1957-10-09,
1957-10-10,
1957-10-11,
1957-10-12,
1957-10-13,
1957-10-14,
1957-10-15,
1957-10-16,
1957-10-17,
1957-10-18,
1957-10-19,
1957-10-20,
1957-10-21,
1957-10-22,
1957-10-23,
1957-10-24,
1957-10-25,
1957-10-26,
1957-10-27,
1957-10-28,
1957-10-29,
1957-10-30,
1957-10-31,
1957-11-01,
1957-11-02,
1957-11-03,
1957-11-04,
1957-11-05,
1957-11-06,
1957-11-07,
1957-11-08,
1957-11-09,
1957-11-10,
1957-11-11,
1957-11-12,
1957-11-13,
1957-11-14,
1957-11-15,
1957-11-16,
1957-11-17,
1957-11-18,
1957-11-19,
1957-11-20,
1957-11-21,
1957-11-22,
1957-11-23,
1957-11-24,
1957-11-25,
1957-11-26,
1957-11-27,
1957-11-28,
1957-11-29,
1957-11-30,
1957-12-01,
1957-12-02,
1957-12-03,
1957-12-04,
1957-12-05,
1957-12-06,
1957-12-07,
1957-12-08,
1957-12-09,
1957-12-10,
1957-12-11,
1957-12-12,
1957-12-13,
1957-12-14,
1957-12-15,
1957-12-16,
1957-12-17,
1957-12-18,
1957-12-19,
1957-12-20,
1957-12-21,
1957-12-22,
1957-12-23,
1957-12-24,
1957-12-25,
1957-12-26,
1957-12-27,
1957-12-28,
1957-12-29,
1957-12-30,
1957-12-31,
1958-01-01,
1958-01-02,
1958-01-03,
1958-01-04,
1958-01-05,
1958-01-06,
1958-01-07,
1958-01-08,
1958-01-09,
1958-01-10,
1958-01-11,
1958-01-12,
1958-01-13,
1958-01-14,
1958-01-15,
1958-01-16,
1958-01-17,
1958-01-18,
1958-01-19,
1958-01-20,
1958-01-21,
1958-01-22,
1958-01-23,
1958-01-24,
1958-01-25,
1958-01-26,
1958-01-27,
1958-01-28,
1958-01-29,
1958-01-30,
1958-01-31,
1958-02-01,
1958-02-02,
1958-02-03,
1958-02-04,
1958-02-05,
1958-02-06,
1958-02-07,
1958-02-08,
1958-02-09,
1958-02-10,
1958-02-11,
1958-02-12,
1958-02-13,
1958-02-14,
1958-02-15,
1958-02-16,
1958-02-17,
1958-02-18,
1958-02-19,
1958-02-20,
1958-02-21,
1958-02-22,
1958-02-23,
1958-02-24,
1958-02-25,
1958-02-26,
1958-02-27,
1958-02-28,
1958-03-01,
1958-03-02,
1958-03-03,
1958-03-04,
1958-03-05,
1958-03-06,
1958-03-07,
1958-03-08,
1958-03-09,
1958-03-10,
1958-03-11,
1958-03-12,
1958-03-13,
1958-03-14,
1958-03-15,
1958-03-16,
1958-03-17,
1958-03-18,
1958-03-19,
1958-03-20,
1958-03-21,
1958-03-22,
1958-03-23,
1958-03-24,
1958-03-25,
1958-03-26,
1958-03-27,
1958-03-28,
1958-03-29,
1958-03-30,
1958-03-31,
1958-04-01,
1958-04-02,
1958-04-03,
1958-04-04,
1958-04-05,
1958-04-06,
1958-04-07,
1958-04-08,
1958-04-09,
1958-04-10,
1958-04-11,
1958-04-12,
1958-04-13,
1958-04-14,
1958-04-15,
1958-04-16,
1958-04-17,
1958-04-18,
1958-04-19,
1958-04-20,
1958-04-21,
1958-04-22,
1958-04-23,
1958-04-24,
1958-04-25,
1958-04-26,
1958-04-27,
1958-04-28,
1958-04-29,
1958-04-30,
1958-05-01,
1958-05-02,
1958-05-03,
1958-05-04,
1958-05-05,
1958-05-06,
1958-05-07,
1958-05-08,
1958-05-09,
1958-05-10,
1958-05-11,
1958-05-12,
1958-05-13,
1958-05-14,
1958-05-15,
1958-05-16,
1958-05-17,
1958-05-18,
1958-05-19,
1958-05-20,
1958-05-21,
1958-05-22,
1958-05-23,
1958-05-24,
1958-05-25,
1958-05-26,
1958-05-27,
1958-05-28,
1958-05-29,
1958-05-30,
1958-05-31,
1958-06-01,
1958-06-02,
1958-06-03,
1958-06-04,
1958-06-05,
1958-06-06,
1958-06-07,
1958-06-08,
1958-06-09,
1958-06-10,
1958-06-11,
1958-06-12,
1958-06-13,
1958-06-14,
1958-06-15,
1958-06-16,
1958-06-17,
1958-06-18,
1958-06-19,
1958-06-20,
1958-06-21,
1958-06-22,
1958-06-23,
1958-06-24,
1958-06-25,
1958-06-26,
1958-06-27,
1958-06-28,
1958-06-29,
1958-06-30,
1958-07-01,
1958-07-02,
1958-07-03,
1958-07-04,
1958-07-05,
1958-07-06,
1958-07-07,
1958-07-08,
1958-07-09,
1958-07-10,
1958-07-11,
1958-07-12,
1958-07-13,
1958-07-14,
1958-07-15,
1958-07-16,
1958-07-17,
1958-07-18,
1958-07-19,
1958-07-20,
1958-07-21,
1958-07-22,
1958-07-23,
1958-07-24,
1958-07-25,
1958-07-26,
1958-07-27,
1958-07-28,
1958-07-29,
1958-07-30,
1958-07-31,
1958-08-01,
1958-08-02,
1958-08-03,
1958-08-04,
1958-08-05,
1958-08-06,
1958-08-07,
1958-08-08,
1958-08-09,
1958-08-10,
1958-08-11,
1958-08-12,
1958-08-13,
1958-08-14,
1958-08-15,
1958-08-16,
1958-08-17,
1958-08-18,
1958-08-19,
1958-08-20,
1958-08-21,
1958-08-22,
1958-08-23,
1958-08-24,
1958-08-25,
1958-08-26,
1958-08-27,
1958-08-28,
1958-08-29,
1958-08-30,
1958-08-31,
1958-09-01,
1958-09-02,
1958-09-03,
1958-09-04,
1958-09-05,
1958-09-06,
1958-09-07,
1958-09-08,
1958-09-09,
1958-09-10,
1958-09-11,
1958-09-12,
1958-09-13,
1958-09-14,
1958-09-15,
1958-09-16,
1958-09-17,
1958-09-18,
1958-09-19,
1958-09-20,
1958-09-21,
1958-09-22,
1958-09-23,
1958-09-24,
1958-09-25,
1958-09-26,
1958-09-27,
1958-09-28,
1958-09-29,
1958-09-30,
1958-10-01,
1958-10-02,
1958-10-03,
1958-10-04,
1958-10-05,
1958-10-06,
1958-10-07,
1958-10-08,
1958-10-09,
1958-10-10,
1958-10-11,
1958-10-12,
1958-10-13,
1958-10-14,
1958-10-15,
1958-10-16,
1958-10-17,
1958-10-18,
1958-10-19,
1958-10-20,
1958-10-21,
1958-10-22,
1958-10-23,
1958-10-24,
1958-10-25,
1958-10-26,
1958-10-27,
1958-10-28,
1958-10-29,
1958-10-30,
1958-10-31,
1958-11-01,
1958-11-02,
1958-11-03,
1958-11-04,
1958-11-05,
1958-11-06,
1958-11-07,
1958-11-08,
1958-11-09,
1958-11-10,
1958-11-11,
1958-11-12,
1958-11-13,
1958-11-14,
1958-11-15,
1958-11-16,
1958-11-17,
1958-11-18,
1958-11-19,
1958-11-20,
1958-11-21,
1958-11-22,
1958-11-23,
1958-11-24,
1958-11-25,
1958-11-26,
1958-11-27,
1958-11-28,
1958-11-29,
1958-11-30,
1958-12-01,
1958-12-02,
1958-12-03,
1958-12-04,
1958-12-05,
1958-12-06,
1958-12-07,
1958-12-08,
1958-12-09,
1958-12-10,
1958-12-11,
1958-12-12,
1958-12-13,
1958-12-14,
1958-12-15,
1958-12-16,
1958-12-17,
1958-12-18,
1958-12-19,
1958-12-20,
1958-12-21,
1958-12-22,
1958-12-23,
1958-12-24,
1958-12-25,
1958-12-26,
1958-12-27,
1958-12-28,
1958-12-29,
1958-12-30,
1958-12-31,
1959-01-01,
1959-01-02,
1959-01-03,
1959-01-04,
1959-01-05,
1959-01-06,
1959-01-07,
1959-01-08,
1959-01-09,
1959-01-10,
1959-01-11,
1959-01-12,
1959-01-13,
1959-01-14,
1959-01-15,
1959-01-16,
1959-01-17,
1959-01-18,
1959-01-19,
1959-01-20,
1959-01-21,
1959-01-22,
1959-01-23,
1959-01-24,
1959-01-25,
1959-01-26,
1959-01-27,
1959-01-28,
1959-01-29,
1959-01-30,
1959-01-31,
1959-02-01,
1959-02-02,
1959-02-03,
1959-02-04,
1959-02-05,
1959-02-06,
1959-02-07,
1959-02-08,
1959-02-09,
1959-02-10,
1959-02-11,
1959-02-12,
1959-02-13,
1959-02-14,
1959-02-15,
1959-02-16,
1959-02-17,
1959-02-18,
1959-02-19,
1959-02-20,
1959-02-21,
1959-02-22,
1959-02-23,
1959-02-24,
1959-02-25,
1959-02-26,
1959-02-27,
1959-02-28,
1959-03-01,
1959-03-02,
1959-03-03,
1959-03-04,
1959-03-05,
1959-03-06,
1959-03-07,
1959-03-08,
1959-03-09,
1959-03-10,
1959-03-11,
1959-03-12,
1959-03-13,
1959-03-14,
1959-03-15,
1959-03-16,
1959-03-17,
1959-03-18,
1959-03-19,
1959-03-20,
1959-03-21,
1959-03-22,
1959-03-23,
1959-03-24,
1959-03-25,
1959-03-26,
1959-03-27,
1959-03-28,
1959-03-29,
1959-03-30,
1959-03-31,
1959-04-01,
1959-04-02,
1959-04-03,
1959-04-04,
1959-04-05,
1959-04-06,
1959-04-07,
1959-04-08,
1959-04-09,
1959-04-10,
1959-04-11,
1959-04-12,
1959-04-13,
1959-04-14,
1959-04-15,
1959-04-16,
1959-04-17,
1959-04-18,
1959-04-19,
1959-04-20,
1959-04-21,
1959-04-22,
1959-04-23,
1959-04-24,
1959-04-25,
1959-04-26,
1959-04-27,
1959-04-28,
1959-04-29,
1959-04-30,
1959-05-01,
1959-05-02,
1959-05-03,
1959-05-04,
1959-05-05,
1959-05-06,
1959-05-07,
1959-05-08,
1959-05-09,
1959-05-10,
1959-05-11,
1959-05-12,
1959-05-13,
1959-05-14,
1959-05-15,
1959-05-16,
1959-05-17,
1959-05-18,
1959-05-19,
1959-05-20,
1959-05-21,
1959-05-22,
1959-05-23,
1959-05-24,
1959-05-25,
1959-05-26,
1959-05-27,
1959-05-28,
1959-05-29,
1959-05-30,
1959-05-31,
1959-06-01,
1959-06-02,
1959-06-03,
1959-06-04,
1959-06-05,
1959-06-06,
1959-06-07,
1959-06-08,
1959-06-09,
1959-06-10,
1959-06-11,
1959-06-12,
1959-06-13,
1959-06-14,
1959-06-15,
1959-06-16,
1959-06-17,
1959-06-18,
1959-06-19,
1959-06-20,
1959-06-21,
1959-06-22,
1959-06-23,
1959-06-24,
1959-06-25,
1959-06-26,
1959-06-27,
1959-06-28,
1959-06-29,
1959-06-30,
1959-07-01,
1959-07-02,
1959-07-03,
1959-07-04,
1959-07-05,
1959-07-06,
1959-07-07,
1959-07-08,
1959-07-09,
1959-07-10,
1959-07-11,
1959-07-12,
1959-07-13,
1959-07-14,
1959-07-15,
1959-07-16,
1959-07-17,
1959-07-18,
1959-07-19,
1959-07-20,
1959-07-21,
1959-07-22,
1959-07-23,
1959-07-24,
1959-07-25,
1959-07-26,
1959-07-27,
1959-07-28,
1959-07-29,
1959-07-30,
1959-07-31,
1959-08-01,
1959-08-02,
1959-08-03,
1959-08-04,
1959-08-05,
1959-08-06,
1959-08-07,
1959-08-08,
1959-08-09,
1959-08-10,
1959-08-11,
1959-08-12,
1959-08-13,
1959-08-14,
1959-08-15,
1959-08-16,
1959-08-17,
1959-08-18,
1959-08-19,
1959-08-20,
1959-08-21,
1959-08-22,
1959-08-23,
1959-08-24,
1959-08-25,
1959-08-26,
1959-08-27,
1959-08-28,
1959-08-29,
1959-08-30,
1959-08-31,
1959-09-01,
1959-09-02,
1959-09-03,
1959-09-04,
1959-09-05,
1959-09-06,
1959-09-07,
1959-09-08,
1959-09-09,
1959-09-10,
1959-09-11,
1959-09-12,
1959-09-13,
1959-09-14,
1959-09-15,
1959-09-16,
1959-09-17,
1959-09-18,
1959-09-19,
1959-09-20,
1959-09-21,
1959-09-22,
1959-09-23,
1959-09-24,
1959-09-25,
1959-09-26,
1959-09-27,
1959-09-28,
1959-09-29,
1959-09-30,
1959-10-01,
1959-10-02,
1959-10-03,
1959-10-04,
1959-10-05,
1959-10-06,
1959-10-07,
1959-10-08,
1959-10-09,
1959-10-10,
1959-10-11,
1959-10-12,
1959-10-13,
1959-10-14,
1959-10-15,
1959-10-16,
1959-10-17,
1959-10-18,
1959-10-19,
1959-10-20,
1959-10-21,
1959-10-22,
1959-10-23,
1959-10-24,
1959-10-25,
1959-10-26,
1959-10-27,
1959-10-28,
1959-10-29,
1959-10-30,
1959-10-31,
1959-11-01,
1959-11-02,
1959-11-03,
1959-11-04,
1959-11-05,
1959-11-06,
1959-11-07,
1959-11-08,
1959-11-09,
1959-11-10,
1959-11-11,
1959-11-12,
1959-11-13,
1959-11-14,
1959-11-15,
1959-11-16,
1959-11-17,
1959-11-18,
1959-11-19,
1959-11-20,
1959-11-21,
1959-11-22,
1959-11-23,
1959-11-24,
1959-11-25,
1959-11-26,
1959-11-27,
1959-11-28,
1959-11-29,
1959-11-30,
1959-12-01,
1959-12-02,
1959-12-03,
1959-12-04,
1959-12-05,
1959-12-06,
1959-12-07,
1959-12-08,
1959-12-09,
1959-12-10,
1959-12-11,
1959-12-12,
1959-12-13,
1959-12-14,
1959-12-15,
1959-12-16,
1959-12-17,
1959-12-18,
1959-12-19,
1959-12-20,
1959-12-21,
1959-12-22,
1959-12-23,
1959-12-24,
1959-12-25,
1959-12-26,
1959-12-27,
1959-12-28,
1959-12-29,
1959-12-30,
1959-12-31,
1960-01-01,
1960-01-02,
1960-01-03,
1960-01-04,
1960-01-05,
1960-01-06,
1960-01-07,
1960-01-08,
1960-01-09,
1960-01-10,
1960-01-11,
1960-01-12,
1960-01-13,
1960-01-14,
1960-01-15,
1960-01-16,
1960-01-17,
1960-01-18,
1960-01-19,
1960-01-20,
1960-01-21,
1960-01-22,
1960-01-23,
1960-01-24,
1960-01-25,
1960-01-26,
1960-01-27,
1960-01-28,
1960-01-29,
1960-01-30,
1960-01-31,
1960-02-01,
1960-02-02,
1960-02-03,
1960-02-04,
1960-02-05,
1960-02-06,
1960-02-07,
1960-02-08,
1960-02-09,
1960-02-10,
1960-02-11,
1960-02-12,
1960-02-13,
1960-02-14,
1960-02-15,
1960-02-16,
1960-02-17,
1960-02-18,
1960-02-19,
1960-02-20,
1960-02-21,
1960-02-22,
1960-02-23,
1960-02-24,
1960-02-25,
1960-02-26,
1960-02-27,
1960-02-28,
1960-02-29,
1960-03-01,
1960-03-02,
1960-03-03,
1960-03-04,
1960-03-05,
1960-03-06,
1960-03-07,
1960-03-08,
1960-03-09,
1960-03-10,
1960-03-11,
1960-03-12,
1960-03-13,
1960-03-14,
1960-03-15,
1960-03-16,
1960-03-17,
1960-03-18,
1960-03-19,
1960-03-20,
1960-03-21,
1960-03-22,
1960-03-23,
1960-03-24,
1960-03-25,
1960-03-26,
1960-03-27,
1960-03-28,
1960-03-29,
1960-03-30,
1960-03-31,
1960-04-01,
1960-04-02,
1960-04-03,
1960-04-04,
1960-04-05,
1960-04-06,
1960-04-07,
1960-04-08,
1960-04-09,
1960-04-10,
1960-04-11,
1960-04-12,
1960-04-13,
1960-04-14,
1960-04-15,
1960-04-16,
1960-04-17,
1960-04-18,
1960-04-19,
1960-04-20,
1960-04-21,
1960-04-22,
1960-04-23,
1960-04-24,
1960-04-25,
1960-04-26,
1960-04-27,
1960-04-28,
1960-04-29,
1960-04-30,
1960-05-01,
1960-05-02,
1960-05-03,
1960-05-04,
1960-05-05,
1960-05-06,
1960-05-07,
1960-05-08,
1960-05-09,
1960-05-10,
1960-05-11,
1960-05-12,
1960-05-13,
1960-05-14,
1960-05-15,
1960-05-16,
1960-05-17,
1960-05-18,
1960-05-19,
1960-05-20,
1960-05-21,
1960-05-22,
1960-05-23,
1960-05-24,
1960-05-25,
1960-05-26,
1960-05-27,
1960-05-28,
1960-05-29,
1960-05-30,
1960-05-31,
1960-06-01,
1960-06-02,
1960-06-03,
1960-06-04,
1960-06-05,
1960-06-06,
1960-06-07,
1960-06-08,
1960-06-09,
1960-06-10,
1960-06-11,
1960-06-12,
1960-06-13,
1960-06-14,
1960-06-15,
1960-06-16,
1960-06-17,
1960-06-18,
1960-06-19,
1960-06-20,
1960-06-21,
1960-06-22,
1960-06-23,
1960-06-24,
1960-06-25,
1960-06-26,
1960-06-27,
1960-06-28,
1960-06-29,
1960-06-30,
1960-07-01,
1960-07-02,
1960-07-03,
1960-07-04,
1960-07-05,
1960-07-06,
1960-07-07,
1960-07-08,
1960-07-09,
1960-07-10,
1960-07-11,
1960-07-12,
1960-07-13,
1960-07-14,
1960-07-15,
1960-07-16,
1960-07-17,
1960-07-18,
1960-07-19,
1960-07-20,
1960-07-21,
1960-07-22,
1960-07-23,
1960-07-24,
1960-07-25,
1960-07-26,
1960-07-27,
1960-07-28,
1960-07-29,
1960-07-30,
1960-07-31,
1960-08-01,
1960-08-02,
1960-08-03,
1960-08-04,
1960-08-05,
1960-08-06,
1960-08-07,
1960-08-08,
1960-08-09,
1960-08-10,
1960-08-11,
1960-08-12,
1960-08-13,
1960-08-14,
1960-08-15,
1960-08-16,
1960-08-17,
1960-08-18,
1960-08-19,
1960-08-20,
1960-08-21,
1960-08-22,
1960-08-23,
1960-08-24,
1960-08-25,
1960-08-26,
1960-08-27,
1960-08-28,
1960-08-29,
1960-08-30,
1960-08-31,
1960-09-01,
1960-09-02,
1960-09-03,
1960-09-04,
1960-09-05,
1960-09-06,
1960-09-07,
1960-09-08,
1960-09-09,
1960-09-10,
1960-09-11,
1960-09-12,
1960-09-13,
1960-09-14,
1960-09-15,
1960-09-16,
1960-09-17,
1960-09-18,
1960-09-19,
1960-09-20,
1960-09-21,
1960-09-22,
1960-09-23,
1960-09-24,
1960-09-25,
1960-09-26,
1960-09-27,
1960-09-28,
1960-09-29,
1960-09-30,
1960-10-01,
1960-10-02,
1960-10-03,
1960-10-04,
1960-10-05,
1960-10-06,
1960-10-07,
1960-10-08,
1960-10-09,
1960-10-10,
1960-10-11,
1960-10-12,
1960-10-13,
1960-10-14,
1960-10-15,
1960-10-16,
1960-10-17,
1960-10-18,
1960-10-19,
1960-10-20,
1960-10-21,
1960-10-22,
1960-10-23,
1960-10-24,
1960-10-25,
1960-10-26,
1960-10-27,
1960-10-28,
1960-10-29,
1960-10-30,
1960-10-31,
1960-11-01,
1960-11-02,
1960-11-03,
1960-11-04,
1960-11-05,
1960-11-06,
1960-11-07,
1960-11-08,
1960-11-09,
1960-11-10,
1960-11-11,
1960-11-12,
1960-11-13,
1960-11-14,
1960-11-15,
1960-11-16,
1960-11-17,
1960-11-18,
1960-11-19,
1960-11-20,
1960-11-21,
1960-11-22,
1960-11-23,
1960-11-24,
1960-11-25,
1960-11-26,
1960-11-27,
1960-11-28,
1960-11-29,
1960-11-30,
1960-12-01,
1960-12-02,
1960-12-03,
1960-12-04,
1960-12-05,
1960-12-06,
1960-12-07,
1960-12-08,
1960-12-09,
1960-12-10,
1960-12-11,
1960-12-12,
1960-12-13,
1960-12-14,
1960-12-15,
1960-12-16,
1960-12-17,
1960-12-18,
1960-12-19,
1960-12-20,
1960-12-21,
1960-12-22,
1960-12-23,
1960-12-24,
1960-12-25,
1960-12-26,
1960-12-27,
1960-12-28,
1960-12-29,
1960-12-30,
1960-12-31,
1961-01-01,
1961-01-02,
1961-01-03,
1961-01-04,
1961-01-05,
1961-01-06,
1961-01-07,
1961-01-08,
1961-01-09,
1961-01-10,
1961-01-11,
1961-01-12,
1961-01-13,
1961-01-14,
1961-01-15,
1961-01-16,
1961-01-17,
1961-01-18,
1961-01-19,
1961-01-20,
1961-01-21,
1961-01-22,
1961-01-23,
1961-01-24,
1961-01-25,
1961-01-26,
1961-01-27,
1961-01-28,
1961-01-29,
1961-01-30,
1961-01-31,
1961-02-01,
1961-02-02,
1961-02-03,
1961-02-04,
1961-02-05,
1961-02-06,
1961-02-07,
1961-02-08,
1961-02-09,
1961-02-10,
1961-02-11,
1961-02-12,
1961-02-13,
1961-02-14,
1961-02-15,
1961-02-16,
1961-02-17,
1961-02-18,
1961-02-19,
1961-02-20,
1961-02-21,
1961-02-22,
1961-02-23,
1961-02-24,
1961-02-25,
1961-02-26,
1961-02-27,
1961-02-28,
1961-03-01,
1961-03-02,
1961-03-03,
1961-03-04,
1961-03-05,
1961-03-06,
1961-03-07,
1961-03-08,
1961-03-09,
1961-03-10,
1961-03-11,
1961-03-12,
1961-03-13,
1961-03-14,
1961-03-15,
1961-03-16,
1961-03-17,
1961-03-18,
1961-03-19,
1961-03-20,
1961-03-21,
1961-03-22,
1961-03-23,
1961-03-24,
1961-03-25,
1961-03-26,
1961-03-27,
1961-03-28,
1961-03-29,
1961-03-30,
1961-03-31,
1961-04-01,
1961-04-02,
1961-04-03,
1961-04-04,
1961-04-05,
1961-04-06,
1961-04-07,
1961-04-08,
1961-04-09,
1961-04-10,
1961-04-11,
1961-04-12,
1961-04-13,
1961-04-14,
1961-04-15,
1961-04-16,
1961-04-17,
1961-04-18,
1961-04-19,
1961-04-20,
1961-04-21,
1961-04-22,
1961-04-23,
1961-04-24,
1961-04-25,
1961-04-26,
1961-04-27,
1961-04-28,
1961-04-29,
1961-04-30,
1961-05-01,
1961-05-02,
1961-05-03,
1961-05-04,
1961-05-05,
1961-05-06,
1961-05-07,
1961-05-08,
1961-05-09,
1961-05-10,
1961-05-11,
1961-05-12,
1961-05-13,
1961-05-14,
1961-05-15,
1961-05-16,
1961-05-17,
1961-05-18,
1961-05-19,
1961-05-20,
1961-05-21,
1961-05-22,
1961-05-23,
1961-05-24,
1961-05-25,
1961-05-26,
1961-05-27,
1961-05-28,
1961-05-29,
1961-05-30,
1961-05-31,
1961-06-01,
1961-06-02,
1961-06-03,
1961-06-04,
1961-06-05,
1961-06-06,
1961-06-07,
1961-06-08,
1961-06-09,
1961-06-10,
1961-06-11,
1961-06-12,
1961-06-13,
1961-06-14,
1961-06-15,
1961-06-16,
1961-06-17,
1961-06-18,
1961-06-19,
1961-06-20,
1961-06-21,
1961-06-22,
1961-06-23,
1961-06-24,
1961-06-25,
1961-06-26,
1961-06-27,
1961-06-28,
1961-06-29,
1961-06-30,
1961-07-01,
1961-07-02,
1961-07-03,
1961-07-04,
1961-07-05,
1961-07-06,
1961-07-07,
1961-07-08,
1961-07-09,
1961-07-10,
1961-07-11,
1961-07-12,
1961-07-13,
1961-07-14,
1961-07-15,
1961-07-16,
1961-07-17,
1961-07-18,
1961-07-19,
1961-07-20,
1961-07-21,
1961-07-22,
1961-07-23,
1961-07-24,
1961-07-25,
1961-07-26,
1961-07-27,
1961-07-28,
1961-07-29,
1961-07-30,
1961-07-31,
1961-08-01,
1961-08-02,
1961-08-03,
1961-08-04,
1961-08-05,
1961-08-06,
1961-08-07,
1961-08-08,
1961-08-09,
1961-08-10,
1961-08-11,
1961-08-12,
1961-08-13,
1961-08-14,
1961-08-15,
1961-08-16,
1961-08-17,
1961-08-18,
1961-08-19,
1961-08-20,
1961-08-21,
1961-08-22,
1961-08-23,
1961-08-24,
1961-08-25,
1961-08-26,
1961-08-27,
1961-08-28,
1961-08-29,
1961-08-30,
1961-08-31,
1961-09-01,
1961-09-02,
1961-09-03,
1961-09-04,
1961-09-05,
1961-09-06,
1961-09-07,
1961-09-08,
1961-09-09,
1961-09-10,
1961-09-11,
1961-09-12,
1961-09-13,
1961-09-14,
1961-09-15,
1961-09-16,
1961-09-17,
1961-09-18,
1961-09-19,
1961-09-20,
1961-09-21,
1961-09-22,
1961-09-23,
1961-09-24,
1961-09-25,
1961-09-26,
1961-09-27,
1961-09-28,
1961-09-29,
1961-09-30,
1961-10-01,
1961-10-02,
1961-10-03,
1961-10-04,
1961-10-05,
1961-10-06,
1961-10-07,
1961-10-08,
1961-10-09,
1961-10-10,
1961-10-11,
1961-10-12,
1961-10-13,
1961-10-14,
1961-10-15,
1961-10-16,
1961-10-17,
1961-10-18,
1961-10-19,
1961-10-20,
1961-10-21,
1961-10-22,
1961-10-23,
1961-10-24,
1961-10-25,
1961-10-26,
1961-10-27,
1961-10-28,
1961-10-29,
1961-10-30,
1961-10-31,
1961-11-01,
1961-11-02,
1961-11-03,
1961-11-04,
1961-11-05,
1961-11-06,
1961-11-07,
1961-11-08,
1961-11-09,
1961-11-10,
1961-11-11,
1961-11-12,
1961-11-13,
1961-11-14,
1961-11-15,
1961-11-16,
1961-11-17,
1961-11-18,
1961-11-19,
1961-11-20,
1961-11-21,
1961-11-22,
1961-11-23,
1961-11-24,
1961-11-25,
1961-11-26,
1961-11-27,
1961-11-28,
1961-11-29,
1961-11-30,
1961-12-01,
1961-12-02,
1961-12-03,
1961-12-04,
1961-12-05,
1961-12-06,
1961-12-07,
1961-12-08,
1961-12-09,
1961-12-10,
1961-12-11,
1961-12-12,
1961-12-13,
1961-12-14,
1961-12-15,
1961-12-16,
1961-12-17,
1961-12-18,
1961-12-19,
1961-12-20,
1961-12-21,
1961-12-22,
1961-12-23,
1961-12-24,
1961-12-25,
1961-12-26,
1961-12-27,
1961-12-28,
1961-12-29,
1961-12-30,
1961-12-31,
1962-01-01,
1962-01-02,
1962-01-03,
1962-01-04,
1962-01-05,
1962-01-06,
1962-01-07,
1962-01-08,
1962-01-09,
1962-01-10,
1962-01-11,
1962-01-12,
1962-01-13,
1962-01-14,
1962-01-15,
1962-01-16,
1962-01-17,
1962-01-18,
1962-01-19,
1962-01-20,
1962-01-21,
1962-01-22,
1962-01-23,
1962-01-24,
1962-01-25,
1962-01-26,
1962-01-27,
1962-01-28,
1962-01-29,
1962-01-30,
1962-01-31,
1962-02-01,
1962-02-02,
1962-02-03,
1962-02-04,
1962-02-05,
1962-02-06,
1962-02-07,
1962-02-08,
1962-02-09,
1962-02-10,
1962-02-11,
1962-02-12,
1962-02-13,
1962-02-14,
1962-02-15,
1962-02-16,
1962-02-17,
1962-02-18,
1962-02-19,
1962-02-20,
1962-02-21,
1962-02-22,
1962-02-23,
1962-02-24,
1962-02-25,
1962-02-26,
1962-02-27,
1962-02-28,
1962-03-01,
1962-03-02,
1962-03-03,
1962-03-04,
1962-03-05,
1962-03-06,
1962-03-07,
1962-03-08,
1962-03-09,
1962-03-10,
1962-03-11,
1962-03-12,
1962-03-13,
1962-03-14,
1962-03-15,
1962-03-16,
1962-03-17,
1962-03-18,
1962-03-19,
1962-03-20,
1962-03-21,
1962-03-22,
1962-03-23,
1962-03-24,
1962-03-25,
1962-03-26,
1962-03-27,
1962-03-28,
1962-03-29,
1962-03-30,
1962-03-31,
1962-04-01,
1962-04-02,
1962-04-03,
1962-04-04,
1962-04-05,
1962-04-06,
1962-04-07,
1962-04-08,
1962-04-09,
1962-04-10,
1962-04-11,
1962-04-12,
1962-04-13,
1962-04-14,
1962-04-15,
1962-04-16,
1962-04-17,
1962-04-18,
1962-04-19,
1962-04-20,
1962-04-21,
1962-04-22,
1962-04-23,
1962-04-24,
1962-04-25,
1962-04-26,
1962-04-27,
1962-04-28,
1962-04-29,
1962-04-30,
1962-05-01,
1962-05-02,
1962-05-03,
1962-05-04,
1962-05-05,
1962-05-06,
1962-05-07,
1962-05-08,
1962-05-09,
1962-05-10,
1962-05-11,
1962-05-12,
1962-05-13,
1962-05-14,
1962-05-15,
1962-05-16,
1962-05-17,
1962-05-18,
1962-05-19,
1962-05-20,
1962-05-21,
1962-05-22,
1962-05-23,
1962-05-24,
1962-05-25,
1962-05-26,
1962-05-27,
1962-05-28,
1962-05-29,
1962-05-30,
1962-05-31,
1962-06-01,
1962-06-02,
1962-06-03,
1962-06-04,
1962-06-05,
1962-06-06,
1962-06-07,
1962-06-08,
1962-06-09,
1962-06-10,
1962-06-11,
1962-06-12,
1962-06-13,
1962-06-14,
1962-06-15,
1962-06-16,
1962-06-17,
1962-06-18,
1962-06-19,
1962-06-20,
1962-06-21,
1962-06-22,
1962-06-23,
1962-06-24,
1962-06-25,
1962-06-26,
1962-06-27,
1962-06-28,
1962-06-29,
1962-06-30,
1962-07-01,
1962-07-02,
1962-07-03,
1962-07-04,
1962-07-05,
1962-07-06,
1962-07-07,
1962-07-08,
1962-07-09,
1962-07-10,
1962-07-11,
1962-07-12,
1962-07-13,
1962-07-14,
1962-07-15,
1962-07-16,
1962-07-17,
1962-07-18,
1962-07-19,
1962-07-20,
1962-07-21,
1962-07-22,
1962-07-23,
1962-07-24,
1962-07-25,
1962-07-26,
1962-07-27,
1962-07-28,
1962-07-29,
1962-07-30,
1962-07-31,
1962-08-01,
1962-08-02,
1962-08-03,
1962-08-04,
1962-08-05,
1962-08-06,
1962-08-07,
1962-08-08,
1962-08-09,
1962-08-10,
1962-08-11,
1962-08-12,
1962-08-13,
1962-08-14,
1962-08-15,
1962-08-16,
1962-08-17,
1962-08-18,
1962-08-19,
1962-08-20,
1962-08-21,
1962-08-22,
1962-08-23,
1962-08-24,
1962-08-25,
1962-08-26,
1962-08-27,
1962-08-28,
1962-08-29,
1962-08-30,
1962-08-31,
1962-09-01,
1962-09-02,
1962-09-03,
1962-09-04,
1962-09-05,
1962-09-06,
1962-09-07,
1962-09-08,
1962-09-09,
1962-09-10,
1962-09-11,
1962-09-12,
1962-09-13,
1962-09-14,
1962-09-15,
1962-09-16,
1962-09-17,
1962-09-18,
1962-09-19,
1962-09-20,
1962-09-21,
1962-09-22,
1962-09-23,
1962-09-24,
1962-09-25,
1962-09-26,
1962-09-27,
1962-09-28,
1962-09-29,
1962-09-30,
1962-10-01,
1962-10-02,
1962-10-03,
1962-10-04,
1962-10-05,
1962-10-06,
1962-10-07,
1962-10-08,
1962-10-09,
1962-10-10,
1962-10-11,
1962-10-12,
1962-10-13,
1962-10-14,
1962-10-15,
1962-10-16,
1962-10-17,
1962-10-18,
1962-10-19,
1962-10-20,
1962-10-21,
1962-10-22,
1962-10-23,
1962-10-24,
1962-10-25,
1962-10-26,
1962-10-27,
1962-10-28,
1962-10-29,
1962-10-30,
1962-10-31,
1962-11-01,
1962-11-02,
1962-11-03,
1962-11-04,
1962-11-05,
1962-11-06,
1962-11-07,
1962-11-08,
1962-11-09,
1962-11-10,
1962-11-11,
1962-11-12,
1962-11-13,
1962-11-14,
1962-11-15,
1962-11-16,
1962-11-17,
1962-11-18,
1962-11-19,
1962-11-20,
1962-11-21,
1962-11-22,
1962-11-23,
1962-11-24,
1962-11-25,
1962-11-26,
1962-11-27,
1962-11-28,
1962-11-29,
1962-11-30,
1962-12-01,
1962-12-02,
1962-12-03,
1962-12-04,
1962-12-05,
1962-12-06,
1962-12-07,
1962-12-08,
1962-12-09,
1962-12-10,
1962-12-11,
1962-12-12,
1962-12-13,
1962-12-14,
1962-12-15,
1962-12-16,
1962-12-17,
1962-12-18,
1962-12-19,
1962-12-20,
1962-12-21,
1962-12-22,
1962-12-23,
1962-12-24,
1962-12-25,
1962-12-26,
1962-12-27,
1962-12-28,
1962-12-29,
1962-12-30,
1962-12-31,
1963-01-01,
1963-01-02,
1963-01-03,
1963-01-04,
1963-01-05,
1963-01-06,
1963-01-07,
1963-01-08,
1963-01-09,
1963-01-10,
1963-01-11,
1963-01-12,
1963-01-13,
1963-01-14,
1963-01-15,
1963-01-16,
1963-01-17,
1963-01-18,
1963-01-19,
1963-01-20,
1963-01-21,
1963-01-22,
1963-01-23,
1963-01-24,
1963-01-25,
1963-01-26,
1963-01-27,
1963-01-28,
1963-01-29,
1963-01-30,
1963-01-31,
1963-02-01,
1963-02-02,
1963-02-03,
1963-02-04,
1963-02-05,
1963-02-06,
1963-02-07,
1963-02-08,
1963-02-09,
1963-02-10,
1963-02-11,
1963-02-12,
1963-02-13,
1963-02-14,
1963-02-15,
1963-02-16,
1963-02-17,
1963-02-18,
1963-02-19,
1963-02-20,
1963-02-21,
1963-02-22,
1963-02-23,
1963-02-24,
1963-02-25,
1963-02-26,
1963-02-27,
1963-02-28,
1963-03-01,
1963-03-02,
1963-03-03,
1963-03-04,
1963-03-05,
1963-03-06,
1963-03-07,
1963-03-08,
1963-03-09,
1963-03-10,
1963-03-11,
1963-03-12,
1963-03-13,
1963-03-14,
1963-03-15,
1963-03-16,
1963-03-17,
1963-03-18,
1963-03-19,
1963-03-20,
1963-03-21,
1963-03-22,
1963-03-23,
1963-03-24,
1963-03-25,
1963-03-26,
1963-03-27,
1963-03-28,
1963-03-29,
1963-03-30,
1963-03-31,
1963-04-01,
1963-04-02,
1963-04-03,
1963-04-04,
1963-04-05,
1963-04-06,
1963-04-07,
1963-04-08,
1963-04-09,
1963-04-10,
1963-04-11,
1963-04-12,
1963-04-13,
1963-04-14,
1963-04-15,
1963-04-16,
1963-04-17,
1963-04-18,
1963-04-19,
1963-04-20,
1963-04-21,
1963-04-22,
1963-04-23,
1963-04-24,
1963-04-25,
1963-04-26,
1963-04-27,
1963-04-28,
1963-04-29,
1963-04-30,
1963-05-01,
1963-05-02,
1963-05-03,
1963-05-04,
1963-05-05,
1963-05-06,
1963-05-07,
1963-05-08,
1963-05-09,
1963-05-10,
1963-05-11,
1963-05-12,
1963-05-13,
1963-05-14,
1963-05-15,
1963-05-16,
1963-05-17,
1963-05-18,
1963-05-19,
1963-05-20,
1963-05-21,
1963-05-22,
1963-05-23,
1963-05-24,
1963-05-25,
1963-05-26,
1963-05-27,
1963-05-28,
1963-05-29,
1963-05-30,
1963-05-31,
1963-06-01,
1963-06-02,
1963-06-03,
1963-06-04,
1963-06-05,
1963-06-06,
1963-06-07,
1963-06-08,
1963-06-09,
1963-06-10,
1963-06-11,
1963-06-12,
1963-06-13,
1963-06-14,
1963-06-15,
1963-06-16,
1963-06-17,
1963-06-18,
1963-06-19,
1963-06-20,
1963-06-21,
1963-06-22,
1963-06-23,
1963-06-24,
1963-06-25,
1963-06-26,
1963-06-27,
1963-06-28,
1963-06-29,
1963-06-30,
1963-07-01,
1963-07-02,
1963-07-03,
1963-07-04,
1963-07-05,
1963-07-06,
1963-07-07,
1963-07-08,
1963-07-09,
1963-07-10,
1963-07-11,
1963-07-12,
1963-07-13,
1963-07-14,
1963-07-15,
1963-07-16,
1963-07-17,
1963-07-18,
1963-07-19,
1963-07-20,
1963-07-21,
1963-07-22,
1963-07-23,
1963-07-24,
1963-07-25,
1963-07-26,
1963-07-27,
1963-07-28,
1963-07-29,
1963-07-30,
1963-07-31,
1963-08-01,
1963-08-02,
1963-08-03,
1963-08-04,
1963-08-05,
1963-08-06,
1963-08-07,
1963-08-08,
1963-08-09,
1963-08-10,
1963-08-11,
1963-08-12,
1963-08-13,
1963-08-14,
1963-08-15,
1963-08-16,
1963-08-17,
1963-08-18,
1963-08-19,
1963-08-20,
1963-08-21,
1963-08-22,
1963-08-23,
1963-08-24,
1963-08-25,
1963-08-26,
1963-08-27,
1963-08-28,
1963-08-29,
1963-08-30,
1963-08-31,
1963-09-01,
1963-09-02,
1963-09-03,
1963-09-04,
1963-09-05,
1963-09-06,
1963-09-07,
1963-09-08,
1963-09-09,
1963-09-10,
1963-09-11,
1963-09-12,
1963-09-13,
1963-09-14,
1963-09-15,
1963-09-16,
1963-09-17,
1963-09-18,
1963-09-19,
1963-09-20,
1963-09-21,
1963-09-22,
1963-09-23,
1963-09-24,
1963-09-25,
1963-09-26,
1963-09-27,
1963-09-28,
1963-09-29,
1963-09-30,
1963-10-01,
1963-10-02,
1963-10-03,
1963-10-04,
1963-10-05,
1963-10-06,
1963-10-07,
1963-10-08,
1963-10-09,
1963-10-10,
1963-10-11,
1963-10-12,
1963-10-13,
1963-10-14,
1963-10-15,
1963-10-16,
1963-10-17,
1963-10-18,
1963-10-19,
1963-10-20,
1963-10-21,
1963-10-22,
1963-10-23,
1963-10-24,
1963-10-25,
1963-10-26,
1963-10-27,
1963-10-28,
1963-10-29,
1963-10-30,
1963-10-31,
1963-11-01,
1963-11-02,
1963-11-03,
1963-11-04,
1963-11-05,
1963-11-06,
1963-11-07,
1963-11-08,
1963-11-09,
1963-11-10,
1963-11-11,
1963-11-12,
1963-11-13,
1963-11-14,
1963-11-15,
1963-11-16,
1963-11-17,
1963-11-18,
1963-11-19,
1963-11-20,
1963-11-21,
1963-11-22,
1963-11-23,
1963-11-24,
1963-11-25,
1963-11-26,
1963-11-27,
1963-11-28,
1963-11-29,
1963-11-30,
1963-12-01,
1963-12-02,
1963-12-03,
1963-12-04,
1963-12-05,
1963-12-06,
1963-12-07,
1963-12-08,
1963-12-09,
1963-12-10,
1963-12-11,
1963-12-12,
1963-12-13,
1963-12-14,
1963-12-15,
1963-12-16,
1963-12-17,
1963-12-18,
1963-12-19,
1963-12-20,
1963-12-21,
1963-12-22,
1963-12-23,
1963-12-24,
1963-12-25,
1963-12-26,
1963-12-27,
1963-12-28,
1963-12-29,
1963-12-30,
1963-12-31,
1964-01-01,
1964-01-02,
1964-01-03,
1964-01-04,
1964-01-05,
1964-01-06,
1964-01-07,
1964-01-08,
1964-01-09,
1964-01-10,
1964-01-11,
1964-01-12,
1964-01-13,
1964-01-14,
1964-01-15,
1964-01-16,
1964-01-17,
1964-01-18,
1964-01-19,
1964-01-20,
1964-01-21,
1964-01-22,
1964-01-23,
1964-01-24,
1964-01-25,
1964-01-26,
1964-01-27,
1964-01-28,
1964-01-29,
1964-01-30,
1964-01-31,
1964-02-01,
1964-02-02,
1964-02-03,
1964-02-04,
1964-02-05,
1964-02-06,
1964-02-07,
1964-02-08,
1964-02-09,
1964-02-10,
1964-02-11,
1964-02-12,
1964-02-13,
1964-02-14,
1964-02-15,
1964-02-16,
1964-02-17,
1964-02-18,
1964-02-19,
1964-02-20,
1964-02-21,
1964-02-22,
1964-02-23,
1964-02-24,
1964-02-25,
1964-02-26,
1964-02-27,
1964-02-28,
1964-02-29,
1964-03-01,
1964-03-02,
1964-03-03,
1964-03-04,
1964-03-05,
1964-03-06,
1964-03-07,
1964-03-08,
1964-03-09,
1964-03-10,
1964-03-11,
1964-03-12,
1964-03-13,
1964-03-14,
1964-03-15,
1964-03-16,
1964-03-17,
1964-03-18,
1964-03-19,
1964-03-20,
1964-03-21,
1964-03-22,
1964-03-23,
1964-03-24,
1964-03-25,
1964-03-26,
1964-03-27,
1964-03-28,
1964-03-29,
1964-03-30,
1964-03-31,
1964-04-01,
1964-04-02,
1964-04-03,
1964-04-04,
1964-04-05,
1964-04-06,
1964-04-07,
1964-04-08,
1964-04-09,
1964-04-10,
1964-04-11,
1964-04-12,
1964-04-13,
1964-04-14,
1964-04-15,
1964-04-16,
1964-04-17,
1964-04-18,
1964-04-19,
1964-04-20,
1964-04-21,
1964-04-22,
1964-04-23,
1964-04-24,
1964-04-25,
1964-04-26,
1964-04-27,
1964-04-28,
1964-04-29,
1964-04-30,
1964-05-01,
1964-05-02,
1964-05-03,
1964-05-04,
1964-05-05,
1964-05-06,
1964-05-07,
1964-05-08,
1964-05-09,
1964-05-10,
1964-05-11,
1964-05-12,
1964-05-13,
1964-05-14,
1964-05-15,
1964-05-16,
1964-05-17,
1964-05-18,
1964-05-19,
1964-05-20,
1964-05-21,
1964-05-22,
1964-05-23,
1964-05-24,
1964-05-25,
1964-05-26,
1964-05-27,
1964-05-28,
1964-05-29,
1964-05-30,
1964-05-31,
1964-06-01,
1964-06-02,
1964-06-03,
1964-06-04,
1964-06-05,
1964-06-06,
1964-06-07,
1964-06-08,
1964-06-09,
1964-06-10,
1964-06-11,
1964-06-12,
1964-06-13,
1964-06-14,
1964-06-15,
1964-06-16,
1964-06-17,
1964-06-18,
1964-06-19,
1964-06-20,
1964-06-21,
1964-06-22,
1964-06-23,
1964-06-24,
1964-06-25,
1964-06-26,
1964-06-27,
1964-06-28,
1964-06-29,
1964-06-30,
1964-07-01,
1964-07-02,
1964-07-03,
1964-07-04,
1964-07-05,
1964-07-06,
1964-07-07,
1964-07-08,
1964-07-09,
1964-07-10,
1964-07-11,
1964-07-12,
1964-07-13,
1964-07-14,
1964-07-15,
1964-07-16,
1964-07-17,
1964-07-18,
1964-07-19,
1964-07-20,
1964-07-21,
1964-07-22,
1964-07-23,
1964-07-24,
1964-07-25,
1964-07-26,
1964-07-27,
1964-07-28,
1964-07-29,
1964-07-30,
1964-07-31,
1964-08-01,
1964-08-02,
1964-08-03,
1964-08-04,
1964-08-05,
1964-08-06,
1964-08-07,
1964-08-08,
1964-08-09,
1964-08-10,
1964-08-11,
1964-08-12,
1964-08-13,
1964-08-14,
1964-08-15,
1964-08-16,
1964-08-17,
1964-08-18,
1964-08-19,
1964-08-20,
1964-08-21,
1964-08-22,
1964-08-23,
1964-08-24,
1964-08-25,
1964-08-26,
1964-08-27,
1964-08-28,
1964-08-29,
1964-08-30,
1964-08-31,
1964-09-01,
1964-09-02,
1964-09-03,
1964-09-04,
1964-09-05,
1964-09-06,
1964-09-07,
1964-09-08,
1964-09-09,
1964-09-10,
1964-09-11,
1964-09-12,
1964-09-13,
1964-09-14,
1964-09-15,
1964-09-16,
1964-09-17,
1964-09-18,
1964-09-19,
1964-09-20,
1964-09-21,
1964-09-22,
1964-09-23,
1964-09-24,
1964-09-25,
1964-09-26,
1964-09-27,
1964-09-28,
1964-09-29,
1964-09-30,
1964-10-01,
1964-10-02,
1964-10-03,
1964-10-04,
1964-10-05,
1964-10-06,
1964-10-07,
1964-10-08,
1964-10-09,
1964-10-10,
1964-10-11,
1964-10-12,
1964-10-13,
1964-10-14,
1964-10-15,
1964-10-16,
1964-10-17,
1964-10-18,
1964-10-19,
1964-10-20,
1964-10-21,
1964-10-22,
1964-10-23,
1964-10-24,
1964-10-25,
1964-10-26,
1964-10-27,
1964-10-28,
1964-10-29,
1964-10-30,
1964-10-31,
1964-11-01,
1964-11-02,
1964-11-03,
1964-11-04,
1964-11-05,
1964-11-06,
1964-11-07,
1964-11-08,
1964-11-09,
1964-11-10,
1964-11-11,
1964-11-12,
1964-11-13,
1964-11-14,
1964-11-15,
1964-11-16,
1964-11-17,
1964-11-18,
1964-11-19,
1964-11-20,
1964-11-21,
1964-11-22,
1964-11-23,
1964-11-24,
1964-11-25,
1964-11-26,
1964-11-27,
1964-11-28,
1964-11-29,
1964-11-30,
1964-12-01,
1964-12-02,
1964-12-03,
1964-12-04,
1964-12-05,
1964-12-06,
1964-12-07,
1964-12-08,
1964-12-09,
1964-12-10,
1964-12-11,
1964-12-12,
1964-12-13,
1964-12-14,
1964-12-15,
1964-12-16,
1964-12-17,
1964-12-18,
1964-12-19,
1964-12-20,
1964-12-21,
1964-12-22,
1964-12-23,
1964-12-24,
1964-12-25,
1964-12-26,
1964-12-27,
1964-12-28,
1964-12-29,
1964-12-30,
1964-12-31,
1965-01-01,
1965-01-02,
1965-01-03,
1965-01-04,
1965-01-05,
1965-01-06,
1965-01-07,
1965-01-08,
1965-01-09,
1965-01-10,
1965-01-11,
1965-01-12,
1965-01-13,
1965-01-14,
1965-01-15,
1965-01-16,
1965-01-17,
1965-01-18,
1965-01-19,
1965-01-20,
1965-01-21,
1965-01-22,
1965-01-23,
1965-01-24,
1965-01-25,
1965-01-26,
1965-01-27,
1965-01-28,
1965-01-29,
1965-01-30,
1965-01-31,
1965-02-01,
1965-02-02,
1965-02-03,
1965-02-04,
1965-02-05,
1965-02-06,
1965-02-07,
1965-02-08,
1965-02-09,
1965-02-10,
1965-02-11,
1965-02-12,
1965-02-13,
1965-02-14,
1965-02-15,
1965-02-16,
1965-02-17,
1965-02-18,
1965-02-19,
1965-02-20,
1965-02-21,
1965-02-22,
1965-02-23,
1965-02-24,
1965-02-25,
1965-02-26,
1965-02-27,
1965-02-28,
1965-03-01,
1965-03-02,
1965-03-03,
1965-03-04,
1965-03-05,
1965-03-06,
1965-03-07,
1965-03-08,
1965-03-09,
1965-03-10,
1965-03-11,
1965-03-12,
1965-03-13,
1965-03-14,
1965-03-15,
1965-03-16,
1965-03-17,
1965-03-18,
1965-03-19,
1965-03-20,
1965-03-21,
1965-03-22,
1965-03-23,
1965-03-24,
1965-03-25,
1965-03-26,
1965-03-27,
1965-03-28,
1965-03-29,
1965-03-30,
1965-03-31,
1965-04-01,
1965-04-02,
1965-04-03,
1965-04-04,
1965-04-05,
1965-04-06,
1965-04-07,
1965-04-08,
1965-04-09,
1965-04-10,
1965-04-11,
1965-04-12,
1965-04-13,
1965-04-14,
1965-04-15,
1965-04-16,
1965-04-17,
1965-04-18,
1965-04-19,
1965-04-20,
1965-04-21,
1965-04-22,
1965-04-23,
1965-04-24,
1965-04-25,
1965-04-26,
1965-04-27,
1965-04-28,
1965-04-29,
1965-04-30,
1965-05-01,
1965-05-02,
1965-05-03,
1965-05-04,
1965-05-05,
1965-05-06,
1965-05-07,
1965-05-08,
1965-05-09,
1965-05-10,
1965-05-11,
1965-05-12,
1965-05-13,
1965-05-14,
1965-05-15,
1965-05-16,
1965-05-17,
1965-05-18,
1965-05-19,
1965-05-20,
1965-05-21,
1965-05-22,
1965-05-23,
1965-05-24,
1965-05-25,
1965-05-26,
1965-05-27,
1965-05-28,
1965-05-29,
1965-05-30,
1965-05-31,
1965-06-01,
1965-06-02,
1965-06-03,
1965-06-04,
1965-06-05,
1965-06-06,
1965-06-07,
1965-06-08,
1965-06-09,
1965-06-10,
1965-06-11,
1965-06-12,
1965-06-13,
1965-06-14,
1965-06-15,
1965-06-16,
1965-06-17,
1965-06-18,
1965-06-19,
1965-06-20,
1965-06-21,
1965-06-22,
1965-06-23,
1965-06-24,
1965-06-25,
1965-06-26,
1965-06-27,
1965-06-28,
1965-06-29,
1965-06-30,
1965-07-01,
1965-07-02,
1965-07-03,
1965-07-04,
1965-07-05,
1965-07-06,
1965-07-07,
1965-07-08,
1965-07-09,
1965-07-10,
1965-07-11,
1965-07-12,
1965-07-13,
1965-07-14,
1965-07-15,
1965-07-16,
1965-07-17,
1965-07-18,
1965-07-19,
1965-07-20,
1965-07-21,
1965-07-22,
1965-07-23,
1965-07-24,
1965-07-25,
1965-07-26,
1965-07-27,
1965-07-28,
1965-07-29,
1965-07-30,
1965-07-31,
1965-08-01,
1965-08-02,
1965-08-03,
1965-08-04,
1965-08-05,
1965-08-06,
1965-08-07,
1965-08-08,
1965-08-09,
1965-08-10,
1965-08-11,
1965-08-12,
1965-08-13,
1965-08-14,
1965-08-15,
1965-08-16,
1965-08-17,
1965-08-18,
1965-08-19,
1965-08-20,
1965-08-21,
1965-08-22,
1965-08-23,
1965-08-24,
1965-08-25,
1965-08-26,
1965-08-27,
1965-08-28,
1965-08-29,
1965-08-30,
1965-08-31,
1965-09-01,
1965-09-02,
1965-09-03,
1965-09-04,
1965-09-05,
1965-09-06,
1965-09-07,
1965-09-08,
1965-09-09,
1965-09-10,
1965-09-11,
1965-09-12,
1965-09-13,
1965-09-14,
1965-09-15,
1965-09-16,
1965-09-17,
1965-09-18,
1965-09-19,
1965-09-20,
1965-09-21,
1965-09-22,
1965-09-23,
1965-09-24,
1965-09-25,
1965-09-26,
1965-09-27,
1965-09-28,
1965-09-29,
1965-09-30,
1965-10-01,
1965-10-02,
1965-10-03,
1965-10-04,
1965-10-05,
1965-10-06,
1965-10-07,
1965-10-08,
1965-10-09,
1965-10-10,
1965-10-11,
1965-10-12,
1965-10-13,
1965-10-14,
1965-10-15,
1965-10-16,
1965-10-17,
1965-10-18,
1965-10-19,
1965-10-20,
1965-10-21,
1965-10-22,
1965-10-23,
1965-10-24,
1965-10-25,
1965-10-26,
1965-10-27,
1965-10-28,
1965-10-29,
1965-10-30,
1965-10-31,
1965-11-01,
1965-11-02,
1965-11-03,
1965-11-04,
1965-11-05,
1965-11-06,
1965-11-07,
1965-11-08,
1965-11-09,
1965-11-10,
1965-11-11,
1965-11-12,
1965-11-13,
1965-11-14,
1965-11-15,
1965-11-16,
1965-11-17,
1965-11-18,
1965-11-19,
1965-11-20,
1965-11-21,
1965-11-22,
1965-11-23,
1965-11-24,
1965-11-25,
1965-11-26,
1965-11-27,
1965-11-28,
1965-11-29,
1965-11-30,
1965-12-01,
1965-12-02,
1965-12-03,
1965-12-04,
1965-12-05,
1965-12-06,
1965-12-07,
1965-12-08,
1965-12-09,
1965-12-10,
1965-12-11,
1965-12-12,
1965-12-13,
1965-12-14,
1965-12-15,
1965-12-16,
1965-12-17,
1965-12-18,
1965-12-19,
1965-12-20,
1965-12-21,
1965-12-22,
1965-12-23,
1965-12-24,
1965-12-25,
1965-12-26,
1965-12-27,
1965-12-28,
1965-12-29,
1965-12-30,
1965-12-31,
1966-01-01,
1966-01-02,
1966-01-03,
1966-01-04,
1966-01-05,
1966-01-06,
1966-01-07,
1966-01-08,
1966-01-09,
1966-01-10,
1966-01-11,
1966-01-12,
1966-01-13,
1966-01-14,
1966-01-15,
1966-01-16,
1966-01-17,
1966-01-18,
1966-01-19,
1966-01-20,
1966-01-21,
1966-01-22,
1966-01-23,
1966-01-24,
1966-01-25,
1966-01-26,
1966-01-27,
1966-01-28,
1966-01-29,
1966-01-30,
1966-01-31,
1966-02-01,
1966-02-02,
1966-02-03,
1966-02-04,
1966-02-05,
1966-02-06,
1966-02-07,
1966-02-08,
1966-02-09,
1966-02-10,
1966-02-11,
1966-02-12,
1966-02-13,
1966-02-14,
1966-02-15,
1966-02-16,
1966-02-17,
1966-02-18,
1966-02-19,
1966-02-20,
1966-02-21,
1966-02-22,
1966-02-23,
1966-02-24,
1966-02-25,
1966-02-26,
1966-02-27,
1966-02-28,
1966-03-01,
1966-03-02,
1966-03-03,
1966-03-04,
1966-03-05,
1966-03-06,
1966-03-07,
1966-03-08,
1966-03-09,
1966-03-10,
1966-03-11,
1966-03-12,
1966-03-13,
1966-03-14,
1966-03-15,
1966-03-16,
1966-03-17,
1966-03-18,
1966-03-19,
1966-03-20,
1966-03-21,
1966-03-22,
1966-03-23,
1966-03-24,
1966-03-25,
1966-03-26,
1966-03-27,
1966-03-28,
1966-03-29,
1966-03-30,
1966-03-31,
1966-04-01,
1966-04-02,
1966-04-03,
1966-04-04,
1966-04-05,
1966-04-06,
1966-04-07,
1966-04-08,
1966-04-09,
1966-04-10,
1966-04-11,
1966-04-12,
1966-04-13,
1966-04-14,
1966-04-15,
1966-04-16,
1966-04-17,
1966-04-18,
1966-04-19,
1966-04-20,
1966-04-21,
1966-04-22,
1966-04-23,
1966-04-24,
1966-04-25,
1966-04-26,
1966-04-27,
1966-04-28,
1966-04-29,
1966-04-30,
1966-05-01,
1966-05-02,
1966-05-03,
1966-05-04,
1966-05-05,
1966-05-06,
1966-05-07,
1966-05-08,
1966-05-09,
1966-05-10,
1966-05-11,
1966-05-12,
1966-05-13,
1966-05-14,
1966-05-15,
1966-05-16,
1966-05-17,
1966-05-18,
1966-05-19,
1966-05-20,
1966-05-21,
1966-05-22,
1966-05-23,
1966-05-24,
1966-05-25,
1966-05-26,
1966-05-27,
1966-05-28,
1966-05-29,
1966-05-30,
1966-05-31,
1966-06-01,
1966-06-02,
1966-06-03,
1966-06-04,
1966-06-05,
1966-06-06,
1966-06-07,
1966-06-08,
1966-06-09,
1966-06-10,
1966-06-11,
1966-06-12,
1966-06-13,
1966-06-14,
1966-06-15,
1966-06-16,
1966-06-17,
1966-06-18,
1966-06-19,
1966-06-20,
1966-06-21,
1966-06-22,
1966-06-23,
1966-06-24,
1966-06-25,
1966-06-26,
1966-06-27,
1966-06-28,
1966-06-29,
1966-06-30,
1966-07-01,
1966-07-02,
1966-07-03,
1966-07-04,
1966-07-05,
1966-07-06,
1966-07-07,
1966-07-08,
1966-07-09,
1966-07-10,
1966-07-11,
1966-07-12,
1966-07-13,
1966-07-14,
1966-07-15,
1966-07-16,
1966-07-17,
1966-07-18,
1966-07-19,
1966-07-20,
1966-07-21,
1966-07-22,
1966-07-23,
1966-07-24,
1966-07-25,
1966-07-26,
1966-07-27,
1966-07-28,
1966-07-29,
1966-07-30,
1966-07-31,
1966-08-01,
1966-08-02,
1966-08-03,
1966-08-04,
1966-08-05,
1966-08-06,
1966-08-07,
1966-08-08,
1966-08-09,
1966-08-10,
1966-08-11,
1966-08-12,
1966-08-13,
1966-08-14,
1966-08-15,
1966-08-16,
1966-08-17,
1966-08-18,
1966-08-19,
1966-08-20,
1966-08-21,
1966-08-22,
1966-08-23,
1966-08-24,
1966-08-25,
1966-08-26,
1966-08-27,
1966-08-28,
1966-08-29,
1966-08-30,
1966-08-31,
1966-09-01,
1966-09-02,
1966-09-03,
1966-09-04,
1966-09-05,
1966-09-06,
1966-09-07,
1966-09-08,
1966-09-09,
1966-09-10,
1966-09-11,
1966-09-12,
1966-09-13,
1966-09-14,
1966-09-15,
1966-09-16,
1966-09-17,
1966-09-18,
1966-09-19,
1966-09-20,
1966-09-21,
1966-09-22,
1966-09-23,
1966-09-24,
1966-09-25,
1966-09-26,
1966-09-27,
1966-09-28,
1966-09-29,
1966-09-30,
1966-10-01,
1966-10-02,
1966-10-03,
1966-10-04,
1966-10-05,
1966-10-06,
1966-10-07,
1966-10-08,
1966-10-09,
1966-10-10,
1966-10-11,
1966-10-12,
1966-10-13,
1966-10-14,
1966-10-15,
1966-10-16,
1966-10-17,
1966-10-18,
1966-10-19,
1966-10-20,
1966-10-21,
1966-10-22,
1966-10-23,
1966-10-24,
1966-10-25,
1966-10-26,
1966-10-27,
1966-10-28,
1966-10-29,
1966-10-30,
1966-10-31,
1966-11-01,
1966-11-02,
1966-11-03,
1966-11-04,
1966-11-05,
1966-11-06,
1966-11-07,
1966-11-08,
1966-11-09,
1966-11-10,
1966-11-11,
1966-11-12,
1966-11-13,
1966-11-14,
1966-11-15,
1966-11-16,
1966-11-17,
1966-11-18,
1966-11-19,
1966-11-20,
1966-11-21,
1966-11-22,
1966-11-23,
1966-11-24,
1966-11-25,
1966-11-26,
1966-11-27,
1966-11-28,
1966-11-29,
1966-11-30,
1966-12-01,
1966-12-02,
1966-12-03,
1966-12-04,
1966-12-05,
1966-12-06,
1966-12-07,
1966-12-08,
1966-12-09,
1966-12-10,
1966-12-11,
1966-12-12,
1966-12-13,
1966-12-14,
1966-12-15,
1966-12-16,
1966-12-17,
1966-12-18,
1966-12-19,
1966-12-20,
1966-12-21,
1966-12-22,
1966-12-23,
1966-12-24,
1966-12-25,
1966-12-26,
1966-12-27,
1966-12-28,
1966-12-29,
1966-12-30,
1966-12-31,
1967-01-01,
1967-01-02,
1967-01-03,
1967-01-04,
1967-01-05,
1967-01-06,
1967-01-07,
1967-01-08,
1967-01-09,
1967-01-10,
1967-01-11,
1967-01-12,
1967-01-13,
1967-01-14,
1967-01-15,
1967-01-16,
1967-01-17,
1967-01-18,
1967-01-19,
1967-01-20,
1967-01-21,
1967-01-22,
1967-01-23,
1967-01-24,
1967-01-25,
1967-01-26,
1967-01-27,
1967-01-28,
1967-01-29,
1967-01-30,
1967-01-31,
1967-02-01,
1967-02-02,
1967-02-03,
1967-02-04,
1967-02-05,
1967-02-06,
1967-02-07,
1967-02-08,
1967-02-09,
1967-02-10,
1967-02-11,
1967-02-12,
1967-02-13,
1967-02-14,
1967-02-15,
1967-02-16,
1967-02-17,
1967-02-18,
1967-02-19,
1967-02-20,
1967-02-21,
1967-02-22,
1967-02-23,
1967-02-24,
1967-02-25,
1967-02-26,
1967-02-27,
1967-02-28,
1967-03-01,
1967-03-02,
1967-03-03,
1967-03-04,
1967-03-05,
1967-03-06,
1967-03-07,
1967-03-08,
1967-03-09,
1967-03-10,
1967-03-11,
1967-03-12,
1967-03-13,
1967-03-14,
1967-03-15,
1967-03-16,
1967-03-17,
1967-03-18,
1967-03-19,
1967-03-20,
1967-03-21,
1967-03-22,
1967-03-23,
1967-03-24,
1967-03-25,
1967-03-26,
1967-03-27,
1967-03-28,
1967-03-29,
1967-03-30,
1967-03-31,
1967-04-01,
1967-04-02,
1967-04-03,
1967-04-04,
1967-04-05,
1967-04-06,
1967-04-07,
1967-04-08,
1967-04-09,
1967-04-10,
1967-04-11,
1967-04-12,
1967-04-13,
1967-04-14,
1967-04-15,
1967-04-16,
1967-04-17,
1967-04-18,
1967-04-19,
1967-04-20,
1967-04-21,
1967-04-22,
1967-04-23,
1967-04-24,
1967-04-25,
1967-04-26,
1967-04-27,
1967-04-28,
1967-04-29,
1967-04-30,
1967-05-01,
1967-05-02,
1967-05-03,
1967-05-04,
1967-05-05,
1967-05-06,
1967-05-07,
1967-05-08,
1967-05-09,
1967-05-10,
1967-05-11,
1967-05-12,
1967-05-13,
1967-05-14,
1967-05-15,
1967-05-16,
1967-05-17,
1967-05-18,
1967-05-19,
1967-05-20,
1967-05-21,
1967-05-22,
1967-05-23,
1967-05-24,
1967-05-25,
1967-05-26,
1967-05-27,
1967-05-28,
1967-05-29,
1967-05-30,
1967-05-31,
1967-06-01,
1967-06-02,
1967-06-03,
1967-06-04,
1967-06-05,
1967-06-06,
1967-06-07,
1967-06-08,
1967-06-09,
1967-06-10,
1967-06-11,
1967-06-12,
1967-06-13,
1967-06-14,
1967-06-15,
1967-06-16,
1967-06-17,
1967-06-18,
1967-06-19,
1967-06-20,
1967-06-21,
1967-06-22,
1967-06-23,
1967-06-24,
1967-06-25,
1967-06-26,
1967-06-27,
1967-06-28,
1967-06-29,
1967-06-30,
1967-07-01,
1967-07-02,
1967-07-03,
1967-07-04,
1967-07-05,
1967-07-06,
1967-07-07,
1967-07-08,
1967-07-09,
1967-07-10,
1967-07-11,
1967-07-12,
1967-07-13,
1967-07-14,
1967-07-15,
1967-07-16,
1967-07-17,
1967-07-18,
1967-07-19,
1967-07-20,
1967-07-21,
1967-07-22,
1967-07-23,
1967-07-24,
1967-07-25,
1967-07-26,
1967-07-27,
1967-07-28,
1967-07-29,
1967-07-30,
1967-07-31,
1967-08-01,
1967-08-02,
1967-08-03,
1967-08-04,
1967-08-05,
1967-08-06,
1967-08-07,
1967-08-08,
1967-08-09,
1967-08-10,
1967-08-11,
1967-08-12,
1967-08-13,
1967-08-14,
1967-08-15,
1967-08-16,
1967-08-17,
1967-08-18,
1967-08-19,
1967-08-20,
1967-08-21,
1967-08-22,
1967-08-23,
1967-08-24,
1967-08-25,
1967-08-26,
1967-08-27,
1967-08-28,
1967-08-29,
1967-08-30,
1967-08-31,
1967-09-01,
1967-09-02,
1967-09-03,
1967-09-04,
1967-09-05,
1967-09-06,
1967-09-07,
1967-09-08,
1967-09-09,
1967-09-10,
1967-09-11,
1967-09-12,
1967-09-13,
1967-09-14,
1967-09-15,
1967-09-16,
1967-09-17,
1967-09-18,
1967-09-19,
1967-09-20,
1967-09-21,
1967-09-22,
1967-09-23,
1967-09-24,
1967-09-25,
1967-09-26,
1967-09-27,
1967-09-28,
1967-09-29,
1967-09-30,
1967-10-01,
1967-10-02,
1967-10-03,
1967-10-04,
1967-10-05,
1967-10-06,
1967-10-07,
1967-10-08,
1967-10-09,
1967-10-10,
1967-10-11,
1967-10-12,
1967-10-13,
1967-10-14,
1967-10-15,
1967-10-16,
1967-10-17,
1967-10-18,
1967-10-19,
1967-10-20,
1967-10-21,
1967-10-22,
1967-10-23,
1967-10-24,
1967-10-25,
1967-10-26,
1967-10-27,
1967-10-28,
1967-10-29,
1967-10-30,
1967-10-31,
1967-11-01,
1967-11-02,
1967-11-03,
1967-11-04,
1967-11-05,
1967-11-06,
1967-11-07,
1967-11-08,
1967-11-09,
1967-11-10,
1967-11-11,
1967-11-12,
1967-11-13,
1967-11-14,
1967-11-15,
1967-11-16,
1967-11-17,
1967-11-18,
1967-11-19,
1967-11-20,
1967-11-21,
1967-11-22,
1967-11-23,
1967-11-24,
1967-11-25,
1967-11-26,
1967-11-27,
1967-11-28,
1967-11-29,
1967-11-30,
1967-12-01,
1967-12-02,
1967-12-03,
1967-12-04,
1967-12-05,
1967-12-06,
1967-12-07,
1967-12-08,
1967-12-09,
1967-12-10,
1967-12-11,
1967-12-12,
1967-12-13,
1967-12-14,
1967-12-15,
1967-12-16,
1967-12-17,
1967-12-18,
1967-12-19,
1967-12-20,
1967-12-21,
1967-12-22,
1967-12-23,
1967-12-24,
1967-12-25,
1967-12-26,
1967-12-27,
1967-12-28,
1967-12-29,
1967-12-30,
1967-12-31,
1968-01-01,
1968-01-02,
1968-01-03,
1968-01-04,
1968-01-05,
1968-01-06,
1968-01-07,
1968-01-08,
1968-01-09,
1968-01-10,
1968-01-11,
1968-01-12,
1968-01-13,
1968-01-14,
1968-01-15,
1968-01-16,
1968-01-17,
1968-01-18,
1968-01-19,
1968-01-20,
1968-01-21,
1968-01-22,
1968-01-23,
1968-01-24,
1968-01-25,
1968-01-26,
1968-01-27,
1968-01-28,
1968-01-29,
1968-01-30,
1968-01-31,
1968-02-01,
1968-02-02,
1968-02-03,
1968-02-04,
1968-02-05,
1968-02-06,
1968-02-07,
1968-02-08,
1968-02-09,
1968-02-10,
1968-02-11,
1968-02-12,
1968-02-13,
1968-02-14,
1968-02-15,
1968-02-16,
1968-02-17,
1968-02-18,
1968-02-19,
1968-02-20,
1968-02-21,
1968-02-22,
1968-02-23,
1968-02-24,
1968-02-25,
1968-02-26,
1968-02-27,
1968-02-28,
1968-02-29,
1968-03-01,
1968-03-02,
1968-03-03,
1968-03-04,
1968-03-05,
1968-03-06,
1968-03-07,
1968-03-08,
1968-03-09,
1968-03-10,
1968-03-11,
1968-03-12,
1968-03-13,
1968-03-14,
1968-03-15,
1968-03-16,
1968-03-17,
1968-03-18,
1968-03-19,
1968-03-20,
1968-03-21,
1968-03-22,
1968-03-23,
1968-03-24,
1968-03-25,
1968-03-26,
1968-03-27,
1968-03-28,
1968-03-29,
1968-03-30,
1968-03-31,
1968-04-01,
1968-04-02,
1968-04-03,
1968-04-04,
1968-04-05,
1968-04-06,
1968-04-07,
1968-04-08,
1968-04-09,
1968-04-10,
1968-04-11,
1968-04-12,
1968-04-13,
1968-04-14,
1968-04-15,
1968-04-16,
1968-04-17,
1968-04-18,
1968-04-19,
1968-04-20,
1968-04-21,
1968-04-22,
1968-04-23,
1968-04-24,
1968-04-25,
1968-04-26,
1968-04-27,
1968-04-28,
1968-04-29,
1968-04-30,
1968-05-01,
1968-05-02,
1968-05-03,
1968-05-04,
1968-05-05,
1968-05-06,
1968-05-07,
1968-05-08,
1968-05-09,
1968-05-10,
1968-05-11,
1968-05-12,
1968-05-13,
1968-05-14,
1968-05-15,
1968-05-16,
1968-05-17,
1968-05-18,
1968-05-19,
1968-05-20,
1968-05-21,
1968-05-22,
1968-05-23,
1968-05-24,
1968-05-25,
1968-05-26,
1968-05-27,
1968-05-28,
1968-05-29,
1968-05-30,
1968-05-31,
1968-06-01,
1968-06-02,
1968-06-03,
1968-06-04,
1968-06-05,
1968-06-06,
1968-06-07,
1968-06-08,
1968-06-09,
1968-06-10,
1968-06-11,
1968-06-12,
1968-06-13,
1968-06-14,
1968-06-15,
1968-06-16,
1968-06-17,
1968-06-18,
1968-06-19,
1968-06-20,
1968-06-21,
1968-06-22,
1968-06-23,
1968-06-24,
1968-06-25,
1968-06-26,
1968-06-27,
1968-06-28,
1968-06-29,
1968-06-30,
1968-07-01,
1968-07-02,
1968-07-03,
1968-07-04,
1968-07-05,
1968-07-06,
1968-07-07,
1968-07-08,
1968-07-09,
1968-07-10,
1968-07-11,
1968-07-12,
1968-07-13,
1968-07-14,
1968-07-15,
1968-07-16,
1968-07-17,
1968-07-18,
1968-07-19,
1968-07-20,
1968-07-21,
1968-07-22,
1968-07-23,
1968-07-24,
1968-07-25,
1968-07-26,
1968-07-27,
1968-07-28,
1968-07-29,
1968-07-30,
1968-07-31,
1968-08-01,
1968-08-02,
1968-08-03,
1968-08-04,
1968-08-05,
1968-08-06,
1968-08-07,
1968-08-08,
1968-08-09,
1968-08-10,
1968-08-11,
1968-08-12,
1968-08-13,
1968-08-14,
1968-08-15,
1968-08-16,
1968-08-17,
1968-08-18,
1968-08-19,
1968-08-20,
1968-08-21,
1968-08-22,
1968-08-23,
1968-08-24,
1968-08-25,
1968-08-26,
1968-08-27,
1968-08-28,
1968-08-29,
1968-08-30,
1968-08-31,
1968-09-01,
1968-09-02,
1968-09-03,
1968-09-04,
1968-09-05,
1968-09-06,
1968-09-07,
1968-09-08,
1968-09-09,
1968-09-10,
1968-09-11,
1968-09-12,
1968-09-13,
1968-09-14,
1968-09-15,
1968-09-16,
1968-09-17,
1968-09-18,
1968-09-19,
1968-09-20,
1968-09-21,
1968-09-22,
1968-09-23,
1968-09-24,
1968-09-25,
1968-09-26,
1968-09-27,
1968-09-28,
1968-09-29,
1968-09-30,
1968-10-01,
1968-10-02,
1968-10-03,
1968-10-04,
1968-10-05,
1968-10-06,
1968-10-07,
1968-10-08,
1968-10-09,
1968-10-10,
1968-10-11,
1968-10-12,
1968-10-13,
1968-10-14,
1968-10-15,
1968-10-16,
1968-10-17,
1968-10-18,
1968-10-19,
1968-10-20,
1968-10-21,
1968-10-22,
1968-10-23,
1968-10-24,
1968-10-25,
1968-10-26,
1968-10-27,
1968-10-28,
1968-10-29,
1968-10-30,
1968-10-31,
1968-11-01,
1968-11-02,
1968-11-03,
1968-11-04,
1968-11-05,
1968-11-06,
1968-11-07,
1968-11-08,
1968-11-09,
1968-11-10,
1968-11-11,
1968-11-12,
1968-11-13,
1968-11-14,
1968-11-15,
1968-11-16,
1968-11-17,
1968-11-18,
1968-11-19,
1968-11-20,
1968-11-21,
1968-11-22,
1968-11-23,
1968-11-24,
1968-11-25,
1968-11-26,
1968-11-27,
1968-11-28,
1968-11-29,
1968-11-30,
1968-12-01,
1968-12-02,
1968-12-03,
1968-12-04,
1968-12-05,
1968-12-06,
1968-12-07,
1968-12-08,
1968-12-09,
1968-12-10,
1968-12-11,
1968-12-12,
1968-12-13,
1968-12-14,
1968-12-15,
1968-12-16,
1968-12-17,
1968-12-18,
1968-12-19,
1968-12-20,
1968-12-21,
1968-12-22,
1968-12-23,
1968-12-24,
1968-12-25,
1968-12-26,
1968-12-27,
1968-12-28,
1968-12-29,
1968-12-30,
1968-12-31,
1969-01-01,
1969-01-02,
1969-01-03,
1969-01-04,
1969-01-05,
1969-01-06,
1969-01-07,
1969-01-08,
1969-01-09,
1969-01-10,
1969-01-11,
1969-01-12,
1969-01-13,
1969-01-14,
1969-01-15,
1969-01-16,
1969-01-17,
1969-01-18,
1969-01-19,
1969-01-20,
1969-01-21,
1969-01-22,
1969-01-23,
1969-01-24,
1969-01-25,
1969-01-26,
1969-01-27,
1969-01-28,
1969-01-29,
1969-01-30,
1969-01-31,
1969-02-01,
1969-02-02,
1969-02-03,
1969-02-04,
1969-02-05,
1969-02-06,
1969-02-07,
1969-02-08,
1969-02-09,
1969-02-10,
1969-02-11,
1969-02-12,
1969-02-13,
1969-02-14,
1969-02-15,
1969-02-16,
1969-02-17,
1969-02-18,
1969-02-19,
1969-02-20,
1969-02-21,
1969-02-22,
1969-02-23,
1969-02-24,
1969-02-25,
1969-02-26,
1969-02-27,
1969-02-28,
1969-03-01,
1969-03-02,
1969-03-03,
1969-03-04,
1969-03-05,
1969-03-06,
1969-03-07,
1969-03-08,
1969-03-09,
1969-03-10,
1969-03-11,
1969-03-12,
1969-03-13,
1969-03-14,
1969-03-15,
1969-03-16,
1969-03-17,
1969-03-18,
1969-03-19,
1969-03-20,
1969-03-21,
1969-03-22,
1969-03-23,
1969-03-24,
1969-03-25,
1969-03-26,
1969-03-27,
1969-03-28,
1969-03-29,
1969-03-30,
1969-03-31,
1969-04-01,
1969-04-02,
1969-04-03,
1969-04-04,
1969-04-05,
1969-04-06,
1969-04-07,
1969-04-08,
1969-04-09,
1969-04-10,
1969-04-11,
1969-04-12,
1969-04-13,
1969-04-14,
1969-04-15,
1969-04-16,
1969-04-17,
1969-04-18,
1969-04-19,
1969-04-20,
1969-04-21,
1969-04-22,
1969-04-23,
1969-04-24,
1969-04-25,
1969-04-26,
1969-04-27,
1969-04-28,
1969-04-29,
1969-04-30,
1969-05-01,
1969-05-02,
1969-05-03,
1969-05-04,
1969-05-05,
1969-05-06,
1969-05-07,
1969-05-08,
1969-05-09,
1969-05-10,
1969-05-11,
1969-05-12,
1969-05-13,
1969-05-14,
1969-05-15,
1969-05-16,
1969-05-17,
1969-05-18,
1969-05-19,
1969-05-20,
1969-05-21,
1969-05-22,
1969-05-23,
1969-05-24,
1969-05-25,
1969-05-26,
1969-05-27,
1969-05-28,
1969-05-29,
1969-05-30,
1969-05-31,
1969-06-01,
1969-06-02,
1969-06-03,
1969-06-04,
1969-06-05,
1969-06-06,
1969-06-07,
1969-06-08,
1969-06-09,
1969-06-10,
1969-06-11,
1969-06-12,
1969-06-13,
1969-06-14,
1969-06-15,
1969-06-16,
1969-06-17,
1969-06-18,
1969-06-19,
1969-06-20,
1969-06-21,
1969-06-22,
1969-06-23,
1969-06-24,
1969-06-25,
1969-06-26,
1969-06-27,
1969-06-28,
1969-06-29,
1969-06-30,
1969-07-01,
1969-07-02,
1969-07-03,
1969-07-04,
1969-07-05,
1969-07-06,
1969-07-07,
1969-07-08,
1969-07-09,
1969-07-10,
1969-07-11,
1969-07-12,
1969-07-13,
1969-07-14,
1969-07-15,
1969-07-16,
1969-07-17,
1969-07-18,
1969-07-19,
1969-07-20,
1969-07-21,
1969-07-22,
1969-07-23,
1969-07-24,
1969-07-25,
1969-07-26,
1969-07-27,
1969-07-28,
1969-07-29,
1969-07-30,
1969-07-31,
1969-08-01,
1969-08-02,
1969-08-03,
1969-08-04,
1969-08-05,
1969-08-06,
1969-08-07,
1969-08-08,
1969-08-09,
1969-08-10,
1969-08-11,
1969-08-12,
1969-08-13,
1969-08-14,
1969-08-15,
1969-08-16,
1969-08-17,
1969-08-18,
1969-08-19,
1969-08-20,
1969-08-21,
1969-08-22,
1969-08-23,
1969-08-24,
1969-08-25,
1969-08-26,
1969-08-27,
1969-08-28,
1969-08-29,
1969-08-30,
1969-08-31,
1969-09-01,
1969-09-02,
1969-09-03,
1969-09-04,
1969-09-05,
1969-09-06,
1969-09-07,
1969-09-08,
1969-09-09,
1969-09-10,
1969-09-11,
1969-09-12,
1969-09-13,
1969-09-14,
1969-09-15,
1969-09-16,
1969-09-17,
1969-09-18,
1969-09-19,
1969-09-20,
1969-09-21,
1969-09-22,
1969-09-23,
1969-09-24,
1969-09-25,
1969-09-26,
1969-09-27,
1969-09-28,
1969-09-29,
1969-09-30,
1969-10-01,
1969-10-02,
1969-10-03,
1969-10-04,
1969-10-05,
1969-10-06,
1969-10-07,
1969-10-08,
1969-10-09,
1969-10-10,
1969-10-11,
1969-10-12,
1969-10-13,
1969-10-14,
1969-10-15,
1969-10-16,
1969-10-17,
1969-10-18,
1969-10-19,
1969-10-20,
1969-10-21,
1969-10-22,
1969-10-23,
1969-10-24,
1969-10-25,
1969-10-26,
1969-10-27,
1969-10-28,
1969-10-29,
1969-10-30,
1969-10-31,
1969-11-01,
1969-11-02,
1969-11-03,
1969-11-04,
1969-11-05,
1969-11-06,
1969-11-07,
1969-11-08,
1969-11-09,
1969-11-10,
1969-11-11,
1969-11-12,
1969-11-13,
1969-11-14,
1969-11-15,
1969-11-16,
1969-11-17,
1969-11-18,
1969-11-19,
1969-11-20,
1969-11-21,
1969-11-22,
1969-11-23,
1969-11-24,
1969-11-25,
1969-11-26,
1969-11-27,
1969-11-28,
1969-11-29,
1969-11-30,
1969-12-01,
1969-12-02,
1969-12-03,
1969-12-04,
1969-12-05,
1969-12-06,
1969-12-07,
1969-12-08,
1969-12-09,
1969-12-10,
1969-12-11,
1969-12-12,
1969-12-13,
1969-12-14,
1969-12-15,
1969-12-16,
1969-12-17,
1969-12-18,
1969-12-19,
1969-12-20,
1969-12-21,
1969-12-22,
1969-12-23,
1969-12-24,
1969-12-25,
1969-12-26,
1969-12-27,
1969-12-28,
1969-12-29,
1969-12-30,
1969-12-31,
1970-01-01,
1970-01-02,
1970-01-03,
1970-01-04,
1970-01-05,
1970-01-06,
1970-01-07,
1970-01-08,
1970-01-09,
1970-01-10,
1970-01-11,
1970-01-12,
1970-01-13,
1970-01-14,
1970-01-15,
1970-01-16,
1970-01-17,
1970-01-18,
1970-01-19,
1970-01-20,
1970-01-21,
1970-01-22,
1970-01-23,
1970-01-24,
1970-01-25,
1970-01-26,
1970-01-27,
1970-01-28,
1970-01-29,
1970-01-30,
1970-01-31,
1970-02-01,
1970-02-02,
1970-02-03,
1970-02-04,
1970-02-05,
1970-02-06,
1970-02-07,
1970-02-08,
1970-02-09,
1970-02-10,
1970-02-11,
1970-02-12,
1970-02-13,
1970-02-14,
1970-02-15,
1970-02-16,
1970-02-17,
1970-02-18,
1970-02-19,
1970-02-20,
1970-02-21,
1970-02-22,
1970-02-23,
1970-02-24,
1970-02-25,
1970-02-26,
1970-02-27,
1970-02-28,
1970-03-01,
1970-03-02,
1970-03-03,
1970-03-04,
1970-03-05,
1970-03-06,
1970-03-07,
1970-03-08,
1970-03-09,
1970-03-10,
1970-03-11,
1970-03-12,
1970-03-13,
1970-03-14,
1970-03-15,
1970-03-16,
1970-03-17,
1970-03-18,
1970-03-19,
1970-03-20,
1970-03-21,
1970-03-22,
1970-03-23,
1970-03-24,
1970-03-25,
1970-03-26,
1970-03-27,
1970-03-28,
1970-03-29,
1970-03-30,
1970-03-31,
1970-04-01,
1970-04-02,
1970-04-03,
1970-04-04,
1970-04-05,
1970-04-06,
1970-04-07,
1970-04-08,
1970-04-09,
1970-04-10,
1970-04-11,
1970-04-12,
1970-04-13,
1970-04-14,
1970-04-15,
1970-04-16,
1970-04-17,
1970-04-18,
1970-04-19,
1970-04-20,
1970-04-21,
1970-04-22,
1970-04-23,
1970-04-24,
1970-04-25,
1970-04-26,
1970-04-27,
1970-04-28,
1970-04-29,
1970-04-30,
1970-05-01,
1970-05-02,
1970-05-03,
1970-05-04,
1970-05-05,
1970-05-06,
1970-05-07,
1970-05-08,
1970-05-09,
1970-05-10,
1970-05-11,
1970-05-12,
1970-05-13,
1970-05-14,
1970-05-15,
1970-05-16,
1970-05-17,
1970-05-18,
1970-05-19,
1970-05-20,
1970-05-21,
1970-05-22,
1970-05-23,
1970-05-24,
1970-05-25,
1970-05-26,
1970-05-27,
1970-05-28,
1970-05-29,
1970-05-30,
1970-05-31,
1970-06-01,
1970-06-02,
1970-06-03,
1970-06-04,
1970-06-05,
1970-06-06,
1970-06-07,
1970-06-08,
1970-06-09,
1970-06-10,
1970-06-11,
1970-06-12,
1970-06-13,
1970-06-14,
1970-06-15,
1970-06-16,
1970-06-17,
1970-06-18,
1970-06-19,
1970-06-20,
1970-06-21,
1970-06-22,
1970-06-23,
1970-06-24,
1970-06-25,
1970-06-26,
1970-06-27,
1970-06-28,
1970-06-29,
1970-06-30,
1970-07-01,
1970-07-02,
1970-07-03,
1970-07-04,
1970-07-05,
1970-07-06,
1970-07-07,
1970-07-08,
1970-07-09,
1970-07-10,
1970-07-11,
1970-07-12,
1970-07-13,
1970-07-14,
1970-07-15,
1970-07-16,
1970-07-17,
1970-07-18,
1970-07-19,
1970-07-20,
1970-07-21,
1970-07-22,
1970-07-23,
1970-07-24,
1970-07-25,
1970-07-26,
1970-07-27,
1970-07-28,
1970-07-29,
1970-07-30,
1970-07-31,
1970-08-01,
1970-08-02,
1970-08-03,
1970-08-04,
1970-08-05,
1970-08-06,
1970-08-07,
1970-08-08,
1970-08-09,
1970-08-10,
1970-08-11,
1970-08-12,
1970-08-13,
1970-08-14,
1970-08-15,
1970-08-16,
1970-08-17,
1970-08-18,
1970-08-19,
1970-08-20,
1970-08-21,
1970-08-22,
1970-08-23,
1970-08-24,
1970-08-25,
1970-08-26,
1970-08-27,
1970-08-28,
1970-08-29,
1970-08-30,
1970-08-31,
1970-09-01,
1970-09-02,
1970-09-03,
1970-09-04,
1970-09-05,
1970-09-06,
1970-09-07,
1970-09-08,
1970-09-09,
1970-09-10,
1970-09-11,
1970-09-12,
1970-09-13,
1970-09-14,
1970-09-15,
1970-09-16,
1970-09-17,
1970-09-18,
1970-09-19,
1970-09-20,
1970-09-21,
1970-09-22,
1970-09-23,
1970-09-24,
1970-09-25,
1970-09-26,
1970-09-27,
1970-09-28,
1970-09-29,
1970-09-30,
1970-10-01,
1970-10-02,
1970-10-03,
1970-10-04,
1970-10-05,
1970-10-06,
1970-10-07,
1970-10-08,
1970-10-09,
1970-10-10,
1970-10-11,
1970-10-12,
1970-10-13,
1970-10-14,
1970-10-15,
1970-10-16,
1970-10-17,
1970-10-18,
1970-10-19,
1970-10-20,
1970-10-21,
1970-10-22,
1970-10-23,
1970-10-24,
1970-10-25,
1970-10-26,
1970-10-27,
1970-10-28,
1970-10-29,
1970-10-30,
1970-10-31,
1970-11-01,
1970-11-02,
1970-11-03,
1970-11-04,
1970-11-05,
1970-11-06,
1970-11-07,
1970-11-08,
1970-11-09,
1970-11-10,
1970-11-11,
1970-11-12,
1970-11-13,
1970-11-14,
1970-11-15,
1970-11-16,
1970-11-17,
1970-11-18,
1970-11-19,
1970-11-20,
1970-11-21,
1970-11-22,
1970-11-23,
1970-11-24,
1970-11-25,
1970-11-26,
1970-11-27,
1970-11-28,
1970-11-29,
1970-11-30,
1970-12-01,
1970-12-02,
1970-12-03,
1970-12-04,
1970-12-05,
1970-12-06,
1970-12-07,
1970-12-08,
1970-12-09,
1970-12-10,
1970-12-11,
1970-12-12,
1970-12-13,
1970-12-14,
1970-12-15,
1970-12-16,
1970-12-17,
1970-12-18,
1970-12-19,
1970-12-20,
1970-12-21,
1970-12-22,
1970-12-23,
1970-12-24,
1970-12-25,
1970-12-26,
1970-12-27,
1970-12-28,
1970-12-29,
1970-12-30,
1970-12-31,
1971-01-01,
1971-01-02,
1971-01-03,
1971-01-04,
1971-01-05,
1971-01-06,
1971-01-07,
1971-01-08,
1971-01-09,
1971-01-10,
1971-01-11,
1971-01-12,
1971-01-13,
1971-01-14,
1971-01-15,
1971-01-16,
1971-01-17,
1971-01-18,
1971-01-19,
1971-01-20,
1971-01-21,
1971-01-22,
1971-01-23,
1971-01-24,
1971-01-25,
1971-01-26,
1971-01-27,
1971-01-28,
1971-01-29,
1971-01-30,
1971-01-31,
1971-02-01,
1971-02-02,
1971-02-03,
1971-02-04,
1971-02-05,
1971-02-06,
1971-02-07,
1971-02-08,
1971-02-09,
1971-02-10,
1971-02-11,
1971-02-12,
1971-02-13,
1971-02-14,
1971-02-15,
1971-02-16,
1971-02-17,
1971-02-18,
1971-02-19,
1971-02-20,
1971-02-21,
1971-02-22,
1971-02-23,
1971-02-24,
1971-02-25,
1971-02-26,
1971-02-27,
1971-02-28,
1971-03-01,
1971-03-02,
1971-03-03,
1971-03-04,
1971-03-05,
1971-03-06,
1971-03-07,
1971-03-08,
1971-03-09,
1971-03-10,
1971-03-11,
1971-03-12,
1971-03-13,
1971-03-14,
1971-03-15,
1971-03-16,
1971-03-17,
1971-03-18,
1971-03-19,
1971-03-20,
1971-03-21,
1971-03-22,
1971-03-23,
1971-03-24,
1971-03-25,
1971-03-26,
1971-03-27,
1971-03-28,
1971-03-29,
1971-03-30,
1971-03-31,
1971-04-01,
1971-04-02,
1971-04-03,
1971-04-04,
1971-04-05,
1971-04-06,
1971-04-07,
1971-04-08,
1971-04-09,
1971-04-10,
1971-04-11,
1971-04-12,
1971-04-13,
1971-04-14,
1971-04-15,
1971-04-16,
1971-04-17,
1971-04-18,
1971-04-19,
1971-04-20,
1971-04-21,
1971-04-22,
1971-04-23,
1971-04-24,
1971-04-25,
1971-04-26,
1971-04-27,
1971-04-28,
1971-04-29,
1971-04-30,
1971-05-01,
1971-05-02,
1971-05-03,
1971-05-04,
1971-05-05,
1971-05-06,
1971-05-07,
1971-05-08,
1971-05-09,
1971-05-10,
1971-05-11,
1971-05-12,
1971-05-13,
1971-05-14,
1971-05-15,
1971-05-16,
1971-05-17,
1971-05-18,
1971-05-19,
1971-05-20,
1971-05-21,
1971-05-22,
1971-05-23,
1971-05-24,
1971-05-25,
1971-05-26,
1971-05-27,
1971-05-28,
1971-05-29,
1971-05-30,
1971-05-31,
1971-06-01,
1971-06-02,
1971-06-03,
1971-06-04,
1971-06-05,
1971-06-06,
1971-06-07,
1971-06-08,
1971-06-09,
1971-06-10,
1971-06-11,
1971-06-12,
1971-06-13,
1971-06-14,
1971-06-15,
1971-06-16,
1971-06-17,
1971-06-18,
1971-06-19,
1971-06-20,
1971-06-21,
1971-06-22,
1971-06-23,
1971-06-24,
1971-06-25,
1971-06-26,
1971-06-27,
1971-06-28,
1971-06-29,
1971-06-30,
1971-07-01,
1971-07-02,
1971-07-03,
1971-07-04,
1971-07-05,
1971-07-06,
1971-07-07,
1971-07-08,
1971-07-09,
1971-07-10,
1971-07-11,
1971-07-12,
1971-07-13,
1971-07-14,
1971-07-15,
1971-07-16,
1971-07-17,
1971-07-18,
1971-07-19,
1971-07-20,
1971-07-21,
1971-07-22,
1971-07-23,
1971-07-24,
1971-07-25,
1971-07-26,
1971-07-27,
1971-07-28,
1971-07-29,
1971-07-30,
1971-07-31,
1971-08-01,
1971-08-02,
1971-08-03,
1971-08-04,
1971-08-05,
1971-08-06,
1971-08-07,
1971-08-08,
1971-08-09,
1971-08-10,
1971-08-11,
1971-08-12,
1971-08-13,
1971-08-14,
1971-08-15,
1971-08-16,
1971-08-17,
1971-08-18,
1971-08-19,
1971-08-20,
1971-08-21,
1971-08-22,
1971-08-23,
1971-08-24,
1971-08-25,
1971-08-26,
1971-08-27,
1971-08-28,
1971-08-29,
1971-08-30,
1971-08-31,
1971-09-01,
1971-09-02,
1971-09-03,
1971-09-04,
1971-09-05,
1971-09-06,
1971-09-07,
1971-09-08,
1971-09-09,
1971-09-10,
1971-09-11,
1971-09-12,
1971-09-13,
1971-09-14,
1971-09-15,
1971-09-16,
1971-09-17,
1971-09-18,
1971-09-19,
1971-09-20,
1971-09-21,
1971-09-22,
1971-09-23,
1971-09-24,
1971-09-25,
1971-09-26,
1971-09-27,
1971-09-28,
1971-09-29,
1971-09-30,
1971-10-01,
1971-10-02,
1971-10-03,
1971-10-04,
1971-10-05,
1971-10-06,
1971-10-07,
1971-10-08,
1971-10-09,
1971-10-10,
1971-10-11,
1971-10-12,
1971-10-13,
1971-10-14,
1971-10-15,
1971-10-16,
1971-10-17,
1971-10-18,
1971-10-19,
1971-10-20,
1971-10-21,
1971-10-22,
1971-10-23,
1971-10-24,
1971-10-25,
1971-10-26,
1971-10-27,
1971-10-28,
1971-10-29,
1971-10-30,
1971-10-31,
1971-11-01,
1971-11-02,
1971-11-03,
1971-11-04,
1971-11-05,
1971-11-06,
1971-11-07,
1971-11-08,
1971-11-09,
1971-11-10,
1971-11-11,
1971-11-12,
1971-11-13,
1971-11-14,
1971-11-15,
1971-11-16,
1971-11-17,
1971-11-18,
1971-11-19,
1971-11-20,
1971-11-21,
1971-11-22,
1971-11-23,
1971-11-24,
1971-11-25,
1971-11-26,
1971-11-27,
1971-11-28,
1971-11-29,
1971-11-30,
1971-12-01,
1971-12-02,
1971-12-03,
1971-12-04,
1971-12-05,
1971-12-06,
1971-12-07,
1971-12-08,
1971-12-09,
1971-12-10,
1971-12-11,
1971-12-12,
1971-12-13,
1971-12-14,
1971-12-15,
1971-12-16,
1971-12-17,
1971-12-18,
1971-12-19,
1971-12-20,
1971-12-21,
1971-12-22,
1971-12-23,
1971-12-24,
1971-12-25,
1971-12-26,
1971-12-27,
1971-12-28,
1971-12-29,
1971-12-30,
1971-12-31,
1972-01-01,
1972-01-02,
1972-01-03,
1972-01-04,
1972-01-05,
1972-01-06,
1972-01-07,
1972-01-08,
1972-01-09,
1972-01-10,
1972-01-11,
1972-01-12,
1972-01-13,
1972-01-14,
1972-01-15,
1972-01-16,
1972-01-17,
1972-01-18,
1972-01-19,
1972-01-20,
1972-01-21,
1972-01-22,
1972-01-23,
1972-01-24,
1972-01-25,
1972-01-26,
1972-01-27,
1972-01-28,
1972-01-29,
1972-01-30,
1972-01-31,
1972-02-01,
1972-02-02,
1972-02-03,
1972-02-04,
1972-02-05,
1972-02-06,
1972-02-07,
1972-02-08,
1972-02-09,
1972-02-10,
1972-02-11,
1972-02-12,
1972-02-13,
1972-02-14,
1972-02-15,
1972-02-16,
1972-02-17,
1972-02-18,
1972-02-19,
1972-02-20,
1972-02-21,
1972-02-22,
1972-02-23,
1972-02-24,
1972-02-25,
1972-02-26,
1972-02-27,
1972-02-28,
1972-02-29,
1972-03-01,
1972-03-02,
1972-03-03,
1972-03-04,
1972-03-05,
1972-03-06,
1972-03-07,
1972-03-08,
1972-03-09,
1972-03-10,
1972-03-11,
1972-03-12,
1972-03-13,
1972-03-14,
1972-03-15,
1972-03-16,
1972-03-17,
1972-03-18,
1972-03-19,
1972-03-20,
1972-03-21,
1972-03-22,
1972-03-23,
1972-03-24,
1972-03-25,
1972-03-26,
1972-03-27,
1972-03-28,
1972-03-29,
1972-03-30,
1972-03-31,
1972-04-01,
1972-04-02,
1972-04-03,
1972-04-04,
1972-04-05,
1972-04-06,
1972-04-07,
1972-04-08,
1972-04-09,
1972-04-10,
1972-04-11,
1972-04-12,
1972-04-13,
1972-04-14,
1972-04-15,
1972-04-16,
1972-04-17,
1972-04-18,
1972-04-19,
1972-04-20,
1972-04-21,
1972-04-22,
1972-04-23,
1972-04-24,
1972-04-25,
1972-04-26,
1972-04-27,
1972-04-28,
1972-04-29,
1972-04-30,
1972-05-01,
1972-05-02,
1972-05-03,
1972-05-04,
1972-05-05,
1972-05-06,
1972-05-07,
1972-05-08,
1972-05-09,
1972-05-10,
1972-05-11,
1972-05-12,
1972-05-13,
1972-05-14,
1972-05-15,
1972-05-16,
1972-05-17,
1972-05-18,
1972-05-19,
1972-05-20,
1972-05-21,
1972-05-22,
1972-05-23,
1972-05-24,
1972-05-25,
1972-05-26,
1972-05-27,
1972-05-28,
1972-05-29,
1972-05-30,
1972-05-31,
1972-06-01,
1972-06-02,
1972-06-03,
1972-06-04,
1972-06-05,
1972-06-06,
1972-06-07,
1972-06-08,
1972-06-09,
1972-06-10,
1972-06-11,
1972-06-12,
1972-06-13,
1972-06-14,
1972-06-15,
1972-06-16,
1972-06-17,
1972-06-18,
1972-06-19,
1972-06-20,
1972-06-21,
1972-06-22,
1972-06-23,
1972-06-24,
1972-06-25,
1972-06-26,
1972-06-27,
1972-06-28,
1972-06-29,
1972-06-30,
1972-07-01,
1972-07-02,
1972-07-03,
1972-07-04,
1972-07-05,
1972-07-06,
1972-07-07,
1972-07-08,
1972-07-09,
1972-07-10,
1972-07-11,
1972-07-12,
1972-07-13,
1972-07-14,
1972-07-15,
1972-07-16,
1972-07-17,
1972-07-18,
1972-07-19,
1972-07-20,
1972-07-21,
1972-07-22,
1972-07-23,
1972-07-24,
1972-07-25,
1972-07-26,
1972-07-27,
1972-07-28,
1972-07-29,
1972-07-30,
1972-07-31,
1972-08-01,
1972-08-02,
1972-08-03,
1972-08-04,
1972-08-05,
1972-08-06,
1972-08-07,
1972-08-08,
1972-08-09,
1972-08-10,
1972-08-11,
1972-08-12,
1972-08-13,
1972-08-14,
1972-08-15,
1972-08-16,
1972-08-17,
1972-08-18,
1972-08-19,
1972-08-20,
1972-08-21,
1972-08-22,
1972-08-23,
1972-08-24,
1972-08-25,
1972-08-26,
1972-08-27,
1972-08-28,
1972-08-29,
1972-08-30,
1972-08-31,
1972-09-01,
1972-09-02,
1972-09-03,
1972-09-04,
1972-09-05,
1972-09-06,
1972-09-07,
1972-09-08,
1972-09-09,
1972-09-10,
1972-09-11,
1972-09-12,
1972-09-13,
1972-09-14,
1972-09-15,
1972-09-16,
1972-09-17,
1972-09-18,
1972-09-19,
1972-09-20,
1972-09-21,
1972-09-22,
1972-09-23,
1972-09-24,
1972-09-25,
1972-09-26,
1972-09-27,
1972-09-28,
1972-09-29,
1972-09-30,
1972-10-01,
1972-10-02,
1972-10-03,
1972-10-04,
1972-10-05,
1972-10-06,
1972-10-07,
1972-10-08,
1972-10-09,
1972-10-10,
1972-10-11,
1972-10-12,
1972-10-13,
1972-10-14,
1972-10-15,
1972-10-16,
1972-10-17,
1972-10-18,
1972-10-19,
1972-10-20,
1972-10-21,
1972-10-22,
1972-10-23,
1972-10-24,
1972-10-25,
1972-10-26,
1972-10-27,
1972-10-28,
1972-10-29,
1972-10-30,
1972-10-31,
1972-11-01,
1972-11-02,
1972-11-03,
1972-11-04,
1972-11-05,
1972-11-06,
1972-11-07,
1972-11-08,
1972-11-09,
1972-11-10,
1972-11-11,
1972-11-12,
1972-11-13,
1972-11-14,
1972-11-15,
1972-11-16,
1972-11-17,
1972-11-18,
1972-11-19,
1972-11-20,
1972-11-21,
1972-11-22,
1972-11-23,
1972-11-24,
1972-11-25,
1972-11-26,
1972-11-27,
1972-11-28,
1972-11-29,
1972-11-30,
1972-12-01,
1972-12-02,
1972-12-03,
1972-12-04,
1972-12-05,
1972-12-06,
1972-12-07,
1972-12-08,
1972-12-09,
1972-12-10,
1972-12-11,
1972-12-12,
1972-12-13,
1972-12-14,
1972-12-15,
1972-12-16,
1972-12-17,
1972-12-18,
1972-12-19,
1972-12-20,
1972-12-21,
1972-12-22,
1972-12-23,
1972-12-24,
1972-12-25,
1972-12-26,
1972-12-27,
1972-12-28,
1972-12-29,
1972-12-30,
1972-12-31,
1973-01-01,
1973-01-02,
1973-01-03,
1973-01-04,
1973-01-05,
1973-01-06,
1973-01-07,
1973-01-08,
1973-01-09,
1973-01-10,
1973-01-11,
1973-01-12,
1973-01-13,
1973-01-14,
1973-01-15,
1973-01-16,
1973-01-17,
1973-01-18,
1973-01-19,
1973-01-20,
1973-01-21,
1973-01-22,
1973-01-23,
1973-01-24,
1973-01-25,
1973-01-26,
1973-01-27,
1973-01-28,
1973-01-29,
1973-01-30,
1973-01-31,
1973-02-01,
1973-02-02,
1973-02-03,
1973-02-04,
1973-02-05,
1973-02-06,
1973-02-07,
1973-02-08,
1973-02-09,
1973-02-10,
1973-02-11,
1973-02-12,
1973-02-13,
1973-02-14,
1973-02-15,
1973-02-16,
1973-02-17,
1973-02-18,
1973-02-19,
1973-02-20,
1973-02-21,
1973-02-22,
1973-02-23,
1973-02-24,
1973-02-25,
1973-02-26,
1973-02-27,
1973-02-28,
1973-03-01,
1973-03-02,
1973-03-03,
1973-03-04,
1973-03-05,
1973-03-06,
1973-03-07,
1973-03-08,
1973-03-09,
1973-03-10,
1973-03-11,
1973-03-12,
1973-03-13,
1973-03-14,
1973-03-15,
1973-03-16,
1973-03-17,
1973-03-18,
1973-03-19,
1973-03-20,
1973-03-21,
1973-03-22,
1973-03-23,
1973-03-24,
1973-03-25,
1973-03-26,
1973-03-27,
1973-03-28,
1973-03-29,
1973-03-30,
1973-03-31,
1973-04-01,
1973-04-02,
1973-04-03,
1973-04-04,
1973-04-05,
1973-04-06,
1973-04-07,
1973-04-08,
1973-04-09,
1973-04-10,
1973-04-11,
1973-04-12,
1973-04-13,
1973-04-14,
1973-04-15,
1973-04-16,
1973-04-17,
1973-04-18,
1973-04-19,
1973-04-20,
1973-04-21,
1973-04-22,
1973-04-23,
1973-04-24,
1973-04-25,
1973-04-26,
1973-04-27,
1973-04-28,
1973-04-29,
1973-04-30,
1973-05-01,
1973-05-02,
1973-05-03,
1973-05-04,
1973-05-05,
1973-05-06,
1973-05-07,
1973-05-08,
1973-05-09,
1973-05-10,
1973-05-11,
1973-05-12,
1973-05-13,
1973-05-14,
1973-05-15,
1973-05-16,
1973-05-17,
1973-05-18,
1973-05-19,
1973-05-20,
1973-05-21,
1973-05-22,
1973-05-23,
1973-05-24,
1973-05-25,
1973-05-26,
1973-05-27,
1973-05-28,
1973-05-29,
1973-05-30,
1973-05-31,
1973-06-01,
1973-06-02,
1973-06-03,
1973-06-04,
1973-06-05,
1973-06-06,
1973-06-07,
1973-06-08,
1973-06-09,
1973-06-10,
1973-06-11,
1973-06-12,
1973-06-13,
1973-06-14,
1973-06-15,
1973-06-16,
1973-06-17,
1973-06-18,
1973-06-19,
1973-06-20,
1973-06-21,
1973-06-22,
1973-06-23,
1973-06-24,
1973-06-25,
1973-06-26,
1973-06-27,
1973-06-28,
1973-06-29,
1973-06-30,
1973-07-01,
1973-07-02,
1973-07-03,
1973-07-04,
1973-07-05,
1973-07-06,
1973-07-07,
1973-07-08,
1973-07-09,
1973-07-10,
1973-07-11,
1973-07-12,
1973-07-13,
1973-07-14,
1973-07-15,
1973-07-16,
1973-07-17,
1973-07-18,
1973-07-19,
1973-07-20,
1973-07-21,
1973-07-22,
1973-07-23,
1973-07-24,
1973-07-25,
1973-07-26,
1973-07-27,
1973-07-28,
1973-07-29,
1973-07-30,
1973-07-31,
1973-08-01,
1973-08-02,
1973-08-03,
1973-08-04,
1973-08-05,
1973-08-06,
1973-08-07,
1973-08-08,
1973-08-09,
1973-08-10,
1973-08-11,
1973-08-12,
1973-08-13,
1973-08-14,
1973-08-15,
1973-08-16,
1973-08-17,
1973-08-18,
1973-08-19,
1973-08-20,
1973-08-21,
1973-08-22,
1973-08-23,
1973-08-24,
1973-08-25,
1973-08-26,
1973-08-27,
1973-08-28,
1973-08-29,
1973-08-30,
1973-08-31,
1973-09-01,
1973-09-02,
1973-09-03,
1973-09-04,
1973-09-05,
1973-09-06,
1973-09-07,
1973-09-08,
1973-09-09,
1973-09-10,
1973-09-11,
1973-09-12,
1973-09-13,
1973-09-14,
1973-09-15,
1973-09-16,
1973-09-17,
1973-09-18,
1973-09-19,
1973-09-20,
1973-09-21,
1973-09-22,
1973-09-23,
1973-09-24,
1973-09-25,
1973-09-26,
1973-09-27,
1973-09-28,
1973-09-29,
1973-09-30,
1973-10-01,
1973-10-02,
1973-10-03,
1973-10-04,
1973-10-05,
1973-10-06,
1973-10-07,
1973-10-08,
1973-10-09,
1973-10-10,
1973-10-11,
1973-10-12,
1973-10-13,
1973-10-14,
1973-10-15,
1973-10-16,
1973-10-17,
1973-10-18,
1973-10-19,
1973-10-20,
1973-10-21,
1973-10-22,
1973-10-23,
1973-10-24,
1973-10-25,
1973-10-26,
1973-10-27,
1973-10-28,
1973-10-29,
1973-10-30,
1973-10-31,
1973-11-01,
1973-11-02,
1973-11-03,
1973-11-04,
1973-11-05,
1973-11-06,
1973-11-07,
1973-11-08,
1973-11-09,
1973-11-10,
1973-11-11,
1973-11-12,
1973-11-13,
1973-11-14,
1973-11-15,
1973-11-16,
1973-11-17,
1973-11-18,
1973-11-19,
1973-11-20,
1973-11-21,
1973-11-22,
1973-11-23,
1973-11-24,
1973-11-25,
1973-11-26,
1973-11-27,
1973-11-28,
1973-11-29,
1973-11-30,
1973-12-01,
1973-12-02,
1973-12-03,
1973-12-04,
1973-12-05,
1973-12-06,
1973-12-07,
1973-12-08,
1973-12-09,
1973-12-10,
1973-12-11,
1973-12-12,
1973-12-13,
1973-12-14,
1973-12-15,
1973-12-16,
1973-12-17,
1973-12-18,
1973-12-19,
1973-12-20,
1973-12-21,
1973-12-22,
1973-12-23,
1973-12-24,
1973-12-25,
1973-12-26,
1973-12-27,
1973-12-28,
1973-12-29,
1973-12-30,
1973-12-31,
1974-01-01,
1974-01-02,
1974-01-03,
1974-01-04,
1974-01-05,
1974-01-06,
1974-01-07,
1974-01-08,
1974-01-09,
1974-01-10,
1974-01-11,
1974-01-12,
1974-01-13,
1974-01-14,
1974-01-15,
1974-01-16,
1974-01-17,
1974-01-18,
1974-01-19,
1974-01-20,
1974-01-21,
1974-01-22,
1974-01-23,
1974-01-24,
1974-01-25,
1974-01-26,
1974-01-27,
1974-01-28,
1974-01-29,
1974-01-30,
1974-01-31,
1974-02-01,
1974-02-02,
1974-02-03,
1974-02-04,
1974-02-05,
1974-02-06,
1974-02-07,
1974-02-08,
1974-02-09,
1974-02-10,
1974-02-11,
1974-02-12,
1974-02-13,
1974-02-14,
1974-02-15,
1974-02-16,
1974-02-17,
1974-02-18,
1974-02-19,
1974-02-20,
1974-02-21,
1974-02-22,
1974-02-23,
1974-02-24,
1974-02-25,
1974-02-26,
1974-02-27,
1974-02-28,
1974-03-01,
1974-03-02,
1974-03-03,
1974-03-04,
1974-03-05,
1974-03-06,
1974-03-07,
1974-03-08,
1974-03-09,
1974-03-10,
1974-03-11,
1974-03-12,
1974-03-13,
1974-03-14,
1974-03-15,
1974-03-16,
1974-03-17,
1974-03-18,
1974-03-19,
1974-03-20,
1974-03-21,
1974-03-22,
1974-03-23,
1974-03-24,
1974-03-25,
1974-03-26,
1974-03-27,
1974-03-28,
1974-03-29,
1974-03-30,
1974-03-31,
1974-04-01,
1974-04-02,
1974-04-03,
1974-04-04,
1974-04-05,
1974-04-06,
1974-04-07,
1974-04-08,
1974-04-09,
1974-04-10,
1974-04-11,
1974-04-12,
1974-04-13,
1974-04-14,
1974-04-15,
1974-04-16,
1974-04-17,
1974-04-18,
1974-04-19,
1974-04-20,
1974-04-21,
1974-04-22,
1974-04-23,
1974-04-24,
1974-04-25,
1974-04-26,
1974-04-27,
1974-04-28,
1974-04-29,
1974-04-30,
1974-05-01,
1974-05-02,
1974-05-03,
1974-05-04,
1974-05-05,
1974-05-06,
1974-05-07,
1974-05-08,
1974-05-09,
1974-05-10,
1974-05-11,
1974-05-12,
1974-05-13,
1974-05-14,
1974-05-15,
1974-05-16,
1974-05-17,
1974-05-18,
1974-05-19,
1974-05-20,
1974-05-21,
1974-05-22,
1974-05-23,
1974-05-24,
1974-05-25,
1974-05-26,
1974-05-27,
1974-05-28,
1974-05-29,
1974-05-30,
1974-05-31,
1974-06-01,
1974-06-02,
1974-06-03,
1974-06-04,
1974-06-05,
1974-06-06,
1974-06-07,
1974-06-08,
1974-06-09,
1974-06-10,
1974-06-11,
1974-06-12,
1974-06-13,
1974-06-14,
1974-06-15,
1974-06-16,
1974-06-17,
1974-06-18,
1974-06-19,
1974-06-20,
1974-06-21,
1974-06-22,
1974-06-23,
1974-06-24,
1974-06-25,
1974-06-26,
1974-06-27,
1974-06-28,
1974-06-29,
1974-06-30,
1974-07-01,
1974-07-02,
1974-07-03,
1974-07-04,
1974-07-05,
1974-07-06,
1974-07-07,
1974-07-08,
1974-07-09,
1974-07-10,
1974-07-11,
1974-07-12,
1974-07-13,
1974-07-14,
1974-07-15,
1974-07-16,
1974-07-17,
1974-07-18,
1974-07-19,
1974-07-20,
1974-07-21,
1974-07-22,
1974-07-23,
1974-07-24,
1974-07-25,
1974-07-26,
1974-07-27,
1974-07-28,
1974-07-29,
1974-07-30,
1974-07-31,
1974-08-01,
1974-08-02,
1974-08-03,
1974-08-04,
1974-08-05,
1974-08-06,
1974-08-07,
1974-08-08,
1974-08-09,
1974-08-10,
1974-08-11,
1974-08-12,
1974-08-13,
1974-08-14,
1974-08-15,
1974-08-16,
1974-08-17,
1974-08-18,
1974-08-19,
1974-08-20,
1974-08-21,
1974-08-22,
1974-08-23,
1974-08-24,
1974-08-25,
1974-08-26,
1974-08-27,
1974-08-28,
1974-08-29,
1974-08-30,
1974-08-31,
1974-09-01,
1974-09-02,
1974-09-03,
1974-09-04,
1974-09-05,
1974-09-06,
1974-09-07,
1974-09-08,
1974-09-09,
1974-09-10,
1974-09-11,
1974-09-12,
1974-09-13,
1974-09-14,
1974-09-15,
1974-09-16,
1974-09-17,
1974-09-18,
1974-09-19,
1974-09-20,
1974-09-21,
1974-09-22,
1974-09-23,
1974-09-24,
1974-09-25,
1974-09-26,
1974-09-27,
1974-09-28,
1974-09-29,
1974-09-30,
1974-10-01,
1974-10-02,
1974-10-03,
1974-10-04,
1974-10-05,
1974-10-06,
1974-10-07,
1974-10-08,
1974-10-09,
1974-10-10,
1974-10-11,
1974-10-12,
1974-10-13,
1974-10-14,
1974-10-15,
1974-10-16,
1974-10-17,
1974-10-18,
1974-10-19,
1974-10-20,
1974-10-21,
1974-10-22,
1974-10-23,
1974-10-24,
1974-10-25,
1974-10-26,
1974-10-27,
1974-10-28,
1974-10-29,
1974-10-30,
1974-10-31,
1974-11-01,
1974-11-02,
1974-11-03,
1974-11-04,
1974-11-05,
1974-11-06,
1974-11-07,
1974-11-08,
1974-11-09,
1974-11-10,
1974-11-11,
1974-11-12,
1974-11-13,
1974-11-14,
1974-11-15,
1974-11-16,
1974-11-17,
1974-11-18,
1974-11-19,
1974-11-20,
1974-11-21,
1974-11-22,
1974-11-23,
1974-11-24,
1974-11-25,
1974-11-26,
1974-11-27,
1974-11-28,
1974-11-29,
1974-11-30,
1974-12-01,
1974-12-02,
1974-12-03,
1974-12-04,
1974-12-05,
1974-12-06,
1974-12-07,
1974-12-08,
1974-12-09,
1974-12-10,
1974-12-11,
1974-12-12,
1974-12-13,
1974-12-14,
1974-12-15,
1974-12-16,
1974-12-17,
1974-12-18,
1974-12-19,
1974-12-20,
1974-12-21,
1974-12-22,
1974-12-23,
1974-12-24,
1974-12-25,
1974-12-26,
1974-12-27,
1974-12-28,
1974-12-29,
1974-12-30,
1974-12-31,
1975-01-01,
1975-01-02,
1975-01-03,
1975-01-04,
1975-01-05,
1975-01-06,
1975-01-07,
1975-01-08,
1975-01-09,
1975-01-10,
1975-01-11,
1975-01-12,
1975-01-13,
1975-01-14,
1975-01-15,
1975-01-16,
1975-01-17,
1975-01-18,
1975-01-19,
1975-01-20,
1975-01-21,
1975-01-22,
1975-01-23,
1975-01-24,
1975-01-25,
1975-01-26,
1975-01-27,
1975-01-28,
1975-01-29,
1975-01-30,
1975-01-31,
1975-02-01,
1975-02-02,
1975-02-03,
1975-02-04,
1975-02-05,
1975-02-06,
1975-02-07,
1975-02-08,
1975-02-09,
1975-02-10,
1975-02-11,
1975-02-12,
1975-02-13,
1975-02-14,
1975-02-15,
1975-02-16,
1975-02-17,
1975-02-18,
1975-02-19,
1975-02-20,
1975-02-21,
1975-02-22,
1975-02-23,
1975-02-24,
1975-02-25,
1975-02-26,
1975-02-27,
1975-02-28,
1975-03-01,
1975-03-02,
1975-03-03,
1975-03-04,
1975-03-05,
1975-03-06,
1975-03-07,
1975-03-08,
1975-03-09,
1975-03-10,
1975-03-11,
1975-03-12,
1975-03-13,
1975-03-14,
1975-03-15,
1975-03-16,
1975-03-17,
1975-03-18,
1975-03-19,
1975-03-20,
1975-03-21,
1975-03-22,
1975-03-23,
1975-03-24,
1975-03-25,
1975-03-26,
1975-03-27,
1975-03-28,
1975-03-29,
1975-03-30,
1975-03-31,
1975-04-01,
1975-04-02,
1975-04-03,
1975-04-04,
1975-04-05,
1975-04-06,
1975-04-07,
1975-04-08,
1975-04-09,
1975-04-10,
1975-04-11,
1975-04-12,
1975-04-13,
1975-04-14,
1975-04-15,
1975-04-16,
1975-04-17,
1975-04-18,
1975-04-19,
1975-04-20,
1975-04-21,
1975-04-22,
1975-04-23,
1975-04-24,
1975-04-25,
1975-04-26,
1975-04-27,
1975-04-28,
1975-04-29,
1975-04-30,
1975-05-01,
1975-05-02,
1975-05-03,
1975-05-04,
1975-05-05,
1975-05-06,
1975-05-07,
1975-05-08,
1975-05-09,
1975-05-10,
1975-05-11,
1975-05-12,
1975-05-13,
1975-05-14,
1975-05-15,
1975-05-16,
1975-05-17,
1975-05-18,
1975-05-19,
1975-05-20,
1975-05-21,
1975-05-22,
1975-05-23,
1975-05-24,
1975-05-25,
1975-05-26,
1975-05-27,
1975-05-28,
1975-05-29,
1975-05-30,
1975-05-31,
1975-06-01,
1975-06-02,
1975-06-03,
1975-06-04,
1975-06-05,
1975-06-06,
1975-06-07,
1975-06-08,
1975-06-09,
1975-06-10,
1975-06-11,
1975-06-12,
1975-06-13,
1975-06-14,
1975-06-15,
1975-06-16,
1975-06-17,
1975-06-18,
1975-06-19,
1975-06-20,
1975-06-21,
1975-06-22,
1975-06-23,
1975-06-24,
1975-06-25,
1975-06-26,
1975-06-27,
1975-06-28,
1975-06-29,
1975-06-30,
1975-07-01,
1975-07-02,
1975-07-03,
1975-07-04,
1975-07-05,
1975-07-06,
1975-07-07,
1975-07-08,
1975-07-09,
1975-07-10,
1975-07-11,
1975-07-12,
1975-07-13,
1975-07-14,
1975-07-15,
1975-07-16,
1975-07-17,
1975-07-18,
1975-07-19,
1975-07-20,
1975-07-21,
1975-07-22,
1975-07-23,
1975-07-24,
1975-07-25,
1975-07-26,
1975-07-27,
1975-07-28,
1975-07-29,
1975-07-30,
1975-07-31,
1975-08-01,
1975-08-02,
1975-08-03,
1975-08-04,
1975-08-05,
1975-08-06,
1975-08-07,
1975-08-08,
1975-08-09,
1975-08-10,
1975-08-11,
1975-08-12,
1975-08-13,
1975-08-14,
1975-08-15,
1975-08-16,
1975-08-17,
1975-08-18,
1975-08-19,
1975-08-20,
1975-08-21,
1975-08-22,
1975-08-23,
1975-08-24,
1975-08-25,
1975-08-26,
1975-08-27,
1975-08-28,
1975-08-29,
1975-08-30,
1975-08-31,
1975-09-01,
1975-09-02,
1975-09-03,
1975-09-04,
1975-09-05,
1975-09-06,
1975-09-07,
1975-09-08,
1975-09-09,
1975-09-10,
1975-09-11,
1975-09-12,
1975-09-13,
1975-09-14,
1975-09-15,
1975-09-16,
1975-09-17,
1975-09-18,
1975-09-19,
1975-09-20,
1975-09-21,
1975-09-22,
1975-09-23,
1975-09-24,
1975-09-25,
1975-09-26,
1975-09-27,
1975-09-28,
1975-09-29,
1975-09-30,
1975-10-01,
1975-10-02,
1975-10-03,
1975-10-04,
1975-10-05,
1975-10-06,
1975-10-07,
1975-10-08,
1975-10-09,
1975-10-10,
1975-10-11,
1975-10-12,
1975-10-13,
1975-10-14,
1975-10-15,
1975-10-16,
1975-10-17,
1975-10-18,
1975-10-19,
1975-10-20,
1975-10-21,
1975-10-22,
1975-10-23,
1975-10-24,
1975-10-25,
1975-10-26,
1975-10-27,
1975-10-28,
1975-10-29,
1975-10-30,
1975-10-31,
1975-11-01,
1975-11-02,
1975-11-03,
1975-11-04,
1975-11-05,
1975-11-06,
1975-11-07,
1975-11-08,
1975-11-09,
1975-11-10,
1975-11-11,
1975-11-12,
1975-11-13,
1975-11-14,
1975-11-15,
1975-11-16,
1975-11-17,
1975-11-18,
1975-11-19,
1975-11-20,
1975-11-21,
1975-11-22,
1975-11-23,
1975-11-24,
1975-11-25,
1975-11-26,
1975-11-27,
1975-11-28,
1975-11-29,
1975-11-30,
1975-12-01,
1975-12-02,
1975-12-03,
1975-12-04,
1975-12-05,
1975-12-06,
1975-12-07,
1975-12-08,
1975-12-09,
1975-12-10,
1975-12-11,
1975-12-12,
1975-12-13,
1975-12-14,
1975-12-15,
1975-12-16,
1975-12-17,
1975-12-18,
1975-12-19,
1975-12-20,
1975-12-21,
1975-12-22,
1975-12-23,
1975-12-24,
1975-12-25,
1975-12-26,
1975-12-27,
1975-12-28,
1975-12-29,
1975-12-30,
1975-12-31,
1976-01-01,
1976-01-02,
1976-01-03,
1976-01-04,
1976-01-05,
1976-01-06,
1976-01-07,
1976-01-08,
1976-01-09,
1976-01-10,
1976-01-11,
1976-01-12,
1976-01-13,
1976-01-14,
1976-01-15,
1976-01-16,
1976-01-17,
1976-01-18,
1976-01-19,
1976-01-20,
1976-01-21,
1976-01-22,
1976-01-23,
1976-01-24,
1976-01-25,
1976-01-26,
1976-01-27,
1976-01-28,
1976-01-29,
1976-01-30,
1976-01-31,
1976-02-01,
1976-02-02,
1976-02-03,
1976-02-04,
1976-02-05,
1976-02-06,
1976-02-07,
1976-02-08,
1976-02-09,
1976-02-10,
1976-02-11,
1976-02-12,
1976-02-13,
1976-02-14,
1976-02-15,
1976-02-16,
1976-02-17,
1976-02-18,
1976-02-19,
1976-02-20,
1976-02-21,
1976-02-22,
1976-02-23,
1976-02-24,
1976-02-25,
1976-02-26,
1976-02-27,
1976-02-28,
1976-02-29,
1976-03-01,
1976-03-02,
1976-03-03,
1976-03-04,
1976-03-05,
1976-03-06,
1976-03-07,
1976-03-08,
1976-03-09,
1976-03-10,
1976-03-11,
1976-03-12,
1976-03-13,
1976-03-14,
1976-03-15,
1976-03-16,
1976-03-17,
1976-03-18,
1976-03-19,
1976-03-20,
1976-03-21,
1976-03-22,
1976-03-23,
1976-03-24,
1976-03-25,
1976-03-26,
1976-03-27,
1976-03-28,
1976-03-29,
1976-03-30,
1976-03-31,
1976-04-01,
1976-04-02,
1976-04-03,
1976-04-04,
1976-04-05,
1976-04-06,
1976-04-07,
1976-04-08,
1976-04-09,
1976-04-10,
1976-04-11,
1976-04-12,
1976-04-13,
1976-04-14,
1976-04-15,
1976-04-16,
1976-04-17,
1976-04-18,
1976-04-19,
1976-04-20,
1976-04-21,
1976-04-22,
1976-04-23,
1976-04-24,
1976-04-25,
1976-04-26,
1976-04-27,
1976-04-28,
1976-04-29,
1976-04-30,
1976-05-01,
1976-05-02,
1976-05-03,
1976-05-04,
1976-05-05,
1976-05-06,
1976-05-07,
1976-05-08,
1976-05-09,
1976-05-10,
1976-05-11,
1976-05-12,
1976-05-13,
1976-05-14,
1976-05-15,
1976-05-16,
1976-05-17,
1976-05-18,
1976-05-19,
1976-05-20,
1976-05-21,
1976-05-22,
1976-05-23,
1976-05-24,
1976-05-25,
1976-05-26,
1976-05-27,
1976-05-28,
1976-05-29,
1976-05-30,
1976-05-31,
1976-06-01,
1976-06-02,
1976-06-03,
1976-06-04,
1976-06-05,
1976-06-06,
1976-06-07,
1976-06-08,
1976-06-09,
1976-06-10,
1976-06-11,
1976-06-12,
1976-06-13,
1976-06-14,
1976-06-15,
1976-06-16,
1976-06-17,
1976-06-18,
1976-06-19,
1976-06-20,
1976-06-21,
1976-06-22,
1976-06-23,
1976-06-24,
1976-06-25,
1976-06-26,
1976-06-27,
1976-06-28,
1976-06-29,
1976-06-30,
1976-07-01,
1976-07-02,
1976-07-03,
1976-07-04,
1976-07-05,
1976-07-06,
1976-07-07,
1976-07-08,
1976-07-09,
1976-07-10,
1976-07-11,
1976-07-12,
1976-07-13,
1976-07-14,
1976-07-15,
1976-07-16,
1976-07-17,
1976-07-18,
1976-07-19,
1976-07-20,
1976-07-21,
1976-07-22,
1976-07-23,
1976-07-24,
1976-07-25,
1976-07-26,
1976-07-27,
1976-07-28,
1976-07-29,
1976-07-30,
1976-07-31,
1976-08-01,
1976-08-02,
1976-08-03,
1976-08-04,
1976-08-05,
1976-08-06,
1976-08-07,
1976-08-08,
1976-08-09,
1976-08-10,
1976-08-11,
1976-08-12,
1976-08-13,
1976-08-14,
1976-08-15,
1976-08-16,
1976-08-17,
1976-08-18,
1976-08-19,
1976-08-20,
1976-08-21,
1976-08-22,
1976-08-23,
1976-08-24,
1976-08-25,
1976-08-26,
1976-08-27,
1976-08-28,
1976-08-29,
1976-08-30,
1976-08-31,
1976-09-01,
1976-09-02,
1976-09-03,
1976-09-04,
1976-09-05,
1976-09-06,
1976-09-07,
1976-09-08,
1976-09-09,
1976-09-10,
1976-09-11,
1976-09-12,
1976-09-13,
1976-09-14,
1976-09-15,
1976-09-16,
1976-09-17,
1976-09-18,
1976-09-19,
1976-09-20,
1976-09-21,
1976-09-22,
1976-09-23,
1976-09-24,
1976-09-25,
1976-09-26,
1976-09-27,
1976-09-28,
1976-09-29,
1976-09-30,
1976-10-01,
1976-10-02,
1976-10-03,
1976-10-04,
1976-10-05,
1976-10-06,
1976-10-07,
1976-10-08,
1976-10-09,
1976-10-10,
1976-10-11,
1976-10-12,
1976-10-13,
1976-10-14,
1976-10-15,
1976-10-16,
1976-10-17,
1976-10-18,
1976-10-19,
1976-10-20,
1976-10-21,
1976-10-22,
1976-10-23,
1976-10-24,
1976-10-25,
1976-10-26,
1976-10-27,
1976-10-28,
1976-10-29,
1976-10-30,
1976-10-31,
1976-11-01,
1976-11-02,
1976-11-03,
1976-11-04,
1976-11-05,
1976-11-06,
1976-11-07,
1976-11-08,
1976-11-09,
1976-11-10,
1976-11-11,
1976-11-12,
1976-11-13,
1976-11-14,
1976-11-15,
1976-11-16,
1976-11-17,
1976-11-18,
1976-11-19,
1976-11-20,
1976-11-21,
1976-11-22,
1976-11-23,
1976-11-24,
1976-11-25,
1976-11-26,
1976-11-27,
1976-11-28,
1976-11-29,
1976-11-30,
1976-12-01,
1976-12-02,
1976-12-03,
1976-12-04,
1976-12-05,
1976-12-06,
1976-12-07,
1976-12-08,
1976-12-09,
1976-12-10,
1976-12-11,
1976-12-12,
1976-12-13,
1976-12-14,
1976-12-15,
1976-12-16,
1976-12-17,
1976-12-18,
1976-12-19,
1976-12-20,
1976-12-21,
1976-12-22,
1976-12-23,
1976-12-24,
1976-12-25,
1976-12-26,
1976-12-27,
1976-12-28,
1976-12-29,
1976-12-30,
1976-12-31,
1977-01-01,
1977-01-02,
1977-01-03,
1977-01-04,
1977-01-05,
1977-01-06,
1977-01-07,
1977-01-08,
1977-01-09,
1977-01-10,
1977-01-11,
1977-01-12,
1977-01-13,
1977-01-14,
1977-01-15,
1977-01-16,
1977-01-17,
1977-01-18,
1977-01-19,
1977-01-20,
1977-01-21,
1977-01-22,
1977-01-23,
1977-01-24,
1977-01-25,
1977-01-26,
1977-01-27,
1977-01-28,
1977-01-29,
1977-01-30,
1977-01-31,
1977-02-01,
1977-02-02,
1977-02-03,
1977-02-04,
1977-02-05,
1977-02-06,
1977-02-07,
1977-02-08,
1977-02-09,
1977-02-10,
1977-02-11,
1977-02-12,
1977-02-13,
1977-02-14,
1977-02-15,
1977-02-16,
1977-02-17,
1977-02-18,
1977-02-19,
1977-02-20,
1977-02-21,
1977-02-22,
1977-02-23,
1977-02-24,
1977-02-25,
1977-02-26,
1977-02-27,
1977-02-28,
1977-03-01,
1977-03-02,
1977-03-03,
1977-03-04,
1977-03-05,
1977-03-06,
1977-03-07,
1977-03-08,
1977-03-09,
1977-03-10,
1977-03-11,
1977-03-12,
1977-03-13,
1977-03-14,
1977-03-15,
1977-03-16,
1977-03-17,
1977-03-18,
1977-03-19,
1977-03-20,
1977-03-21,
1977-03-22,
1977-03-23,
1977-03-24,
1977-03-25,
1977-03-26,
1977-03-27,
1977-03-28,
1977-03-29,
1977-03-30,
1977-03-31,
1977-04-01,
1977-04-02,
1977-04-03,
1977-04-04,
1977-04-05,
1977-04-06,
1977-04-07,
1977-04-08,
1977-04-09,
1977-04-10,
1977-04-11,
1977-04-12,
1977-04-13,
1977-04-14,
1977-04-15,
1977-04-16,
1977-04-17,
1977-04-18,
1977-04-19,
1977-04-20,
1977-04-21,
1977-04-22,
1977-04-23,
1977-04-24,
1977-04-25,
1977-04-26,
1977-04-27,
1977-04-28,
1977-04-29,
1977-04-30,
1977-05-01,
1977-05-02,
1977-05-03,
1977-05-04,
1977-05-05,
1977-05-06,
1977-05-07,
1977-05-08,
1977-05-09,
1977-05-10,
1977-05-11,
1977-05-12,
1977-05-13,
1977-05-14,
1977-05-15,
1977-05-16,
1977-05-17,
1977-05-18,
1977-05-19,
1977-05-20,
1977-05-21,
1977-05-22,
1977-05-23,
1977-05-24,
1977-05-25,
1977-05-26,
1977-05-27,
1977-05-28,
1977-05-29,
1977-05-30,
1977-05-31,
1977-06-01,
1977-06-02,
1977-06-03,
1977-06-04,
1977-06-05,
1977-06-06,
1977-06-07,
1977-06-08,
1977-06-09,
1977-06-10,
1977-06-11,
1977-06-12,
1977-06-13,
1977-06-14,
1977-06-15,
1977-06-16,
1977-06-17,
1977-06-18,
1977-06-19,
1977-06-20,
1977-06-21,
1977-06-22,
1977-06-23,
1977-06-24,
1977-06-25,
1977-06-26,
1977-06-27,
1977-06-28,
1977-06-29,
1977-06-30,
1977-07-01,
1977-07-02,
1977-07-03,
1977-07-04,
1977-07-05,
1977-07-06,
1977-07-07,
1977-07-08,
1977-07-09,
1977-07-10,
1977-07-11,
1977-07-12,
1977-07-13,
1977-07-14,
1977-07-15,
1977-07-16,
1977-07-17,
1977-07-18,
1977-07-19,
1977-07-20,
1977-07-21,
1977-07-22,
1977-07-23,
1977-07-24,
1977-07-25,
1977-07-26,
1977-07-27,
1977-07-28,
1977-07-29,
1977-07-30,
1977-07-31,
1977-08-01,
1977-08-02,
1977-08-03,
1977-08-04,
1977-08-05,
1977-08-06,
1977-08-07,
1977-08-08,
1977-08-09,
1977-08-10,
1977-08-11,
1977-08-12,
1977-08-13,
1977-08-14,
1977-08-15,
1977-08-16,
1977-08-17,
1977-08-18,
1977-08-19,
1977-08-20,
1977-08-21,
1977-08-22,
1977-08-23,
1977-08-24,
1977-08-25,
1977-08-26,
1977-08-27,
1977-08-28,
1977-08-29,
1977-08-30,
1977-08-31,
1977-09-01,
1977-09-02,
1977-09-03,
1977-09-04,
1977-09-05,
1977-09-06,
1977-09-07,
1977-09-08,
1977-09-09,
1977-09-10,
1977-09-11,
1977-09-12,
1977-09-13,
1977-09-14,
1977-09-15,
1977-09-16,
1977-09-17,
1977-09-18,
1977-09-19,
1977-09-20,
1977-09-21,
1977-09-22,
1977-09-23,
1977-09-24,
1977-09-25,
1977-09-26,
1977-09-27,
1977-09-28,
1977-09-29,
1977-09-30,
1977-10-01,
1977-10-02,
1977-10-03,
1977-10-04,
1977-10-05,
1977-10-06,
1977-10-07,
1977-10-08,
1977-10-09,
1977-10-10,
1977-10-11,
1977-10-12,
1977-10-13,
1977-10-14,
1977-10-15,
1977-10-16,
1977-10-17,
1977-10-18,
1977-10-19,
1977-10-20,
1977-10-21,
1977-10-22,
1977-10-23,
1977-10-24,
1977-10-25,
1977-10-26,
1977-10-27,
1977-10-28,
1977-10-29,
1977-10-30,
1977-10-31,
1977-11-01,
1977-11-02,
1977-11-03,
1977-11-04,
1977-11-05,
1977-11-06,
1977-11-07,
1977-11-08,
1977-11-09,
1977-11-10,
1977-11-11,
1977-11-12,
1977-11-13,
1977-11-14,
1977-11-15,
1977-11-16,
1977-11-17,
1977-11-18,
1977-11-19,
1977-11-20,
1977-11-21,
1977-11-22,
1977-11-23,
1977-11-24,
1977-11-25,
1977-11-26,
1977-11-27,
1977-11-28,
1977-11-29,
1977-11-30,
1977-12-01,
1977-12-02,
1977-12-03,
1977-12-04,
1977-12-05,
1977-12-06,
1977-12-07,
1977-12-08,
1977-12-09,
1977-12-10,
1977-12-11,
1977-12-12,
1977-12-13,
1977-12-14,
1977-12-15,
1977-12-16,
1977-12-17,
1977-12-18,
1977-12-19,
1977-12-20,
1977-12-21,
1977-12-22,
1977-12-23,
1977-12-24,
1977-12-25,
1977-12-26,
1977-12-27,
1977-12-28,
1977-12-29,
1977-12-30,
1977-12-31,
1978-01-01,
1978-01-02,
1978-01-03,
1978-01-04,
1978-01-05,
1978-01-06,
1978-01-07,
1978-01-08,
1978-01-09,
1978-01-10,
1978-01-11,
1978-01-12,
1978-01-13,
1978-01-14,
1978-01-15,
1978-01-16,
1978-01-17,
1978-01-18,
1978-01-19,
1978-01-20,
1978-01-21,
1978-01-22,
1978-01-23,
1978-01-24,
1978-01-25,
1978-01-26,
1978-01-27,
1978-01-28,
1978-01-29,
1978-01-30,
1978-01-31,
1978-02-01,
1978-02-02,
1978-02-03,
1978-02-04,
1978-02-05,
1978-02-06,
1978-02-07,
1978-02-08,
1978-02-09,
1978-02-10,
1978-02-11,
1978-02-12,
1978-02-13,
1978-02-14,
1978-02-15,
1978-02-16,
1978-02-17,
1978-02-18,
1978-02-19,
1978-02-20,
1978-02-21,
1978-02-22,
1978-02-23,
1978-02-24,
1978-02-25,
1978-02-26,
1978-02-27,
1978-02-28,
1978-03-01,
1978-03-02,
1978-03-03,
1978-03-04,
1978-03-05,
1978-03-06,
1978-03-07,
1978-03-08,
1978-03-09,
1978-03-10,
1978-03-11,
1978-03-12,
1978-03-13,
1978-03-14,
1978-03-15,
1978-03-16,
1978-03-17,
1978-03-18,
1978-03-19,
1978-03-20,
1978-03-21,
1978-03-22,
1978-03-23,
1978-03-24,
1978-03-25,
1978-03-26,
1978-03-27,
1978-03-28,
1978-03-29,
1978-03-30,
1978-03-31,
1978-04-01,
1978-04-02,
1978-04-03,
1978-04-04,
1978-04-05,
1978-04-06,
1978-04-07,
1978-04-08,
1978-04-09,
1978-04-10,
1978-04-11,
1978-04-12,
1978-04-13,
1978-04-14,
1978-04-15,
1978-04-16,
1978-04-17,
1978-04-18,
1978-04-19,
1978-04-20,
1978-04-21,
1978-04-22,
1978-04-23,
1978-04-24,
1978-04-25,
1978-04-26,
1978-04-27,
1978-04-28,
1978-04-29,
1978-04-30,
1978-05-01,
1978-05-02,
1978-05-03,
1978-05-04,
1978-05-05,
1978-05-06,
1978-05-07,
1978-05-08,
1978-05-09,
1978-05-10,
1978-05-11,
1978-05-12,
1978-05-13,
1978-05-14,
1978-05-15,
1978-05-16,
1978-05-17,
1978-05-18,
1978-05-19,
1978-05-20,
1978-05-21,
1978-05-22,
1978-05-23,
1978-05-24,
1978-05-25,
1978-05-26,
1978-05-27,
1978-05-28,
1978-05-29,
1978-05-30,
1978-05-31,
1978-06-01,
1978-06-02,
1978-06-03,
1978-06-04,
1978-06-05,
1978-06-06,
1978-06-07,
1978-06-08,
1978-06-09,
1978-06-10,
1978-06-11,
1978-06-12,
1978-06-13,
1978-06-14,
1978-06-15,
1978-06-16,
1978-06-17,
1978-06-18,
1978-06-19,
1978-06-20,
1978-06-21,
1978-06-22,
1978-06-23,
1978-06-24,
1978-06-25,
1978-06-26,
1978-06-27,
1978-06-28,
1978-06-29,
1978-06-30,
1978-07-01,
1978-07-02,
1978-07-03,
1978-07-04,
1978-07-05,
1978-07-06,
1978-07-07,
1978-07-08,
1978-07-09,
1978-07-10,
1978-07-11,
1978-07-12,
1978-07-13,
1978-07-14,
1978-07-15,
1978-07-16,
1978-07-17,
1978-07-18,
1978-07-19,
1978-07-20,
1978-07-21,
1978-07-22,
1978-07-23,
1978-07-24,
1978-07-25,
1978-07-26,
1978-07-27,
1978-07-28,
1978-07-29,
1978-07-30,
1978-07-31,
1978-08-01,
1978-08-02,
1978-08-03,
1978-08-04,
1978-08-05,
1978-08-06,
1978-08-07,
1978-08-08,
1978-08-09,
1978-08-10,
1978-08-11,
1978-08-12,
1978-08-13,
1978-08-14,
1978-08-15,
1978-08-16,
1978-08-17,
1978-08-18,
1978-08-19,
1978-08-20,
1978-08-21,
1978-08-22,
1978-08-23,
1978-08-24,
1978-08-25,
1978-08-26,
1978-08-27,
1978-08-28,
1978-08-29,
1978-08-30,
1978-08-31,
1978-09-01,
1978-09-02,
1978-09-03,
1978-09-04,
1978-09-05,
1978-09-06,
1978-09-07,
1978-09-08,
1978-09-09,
1978-09-10,
1978-09-11,
1978-09-12,
1978-09-13,
1978-09-14,
1978-09-15,
1978-09-16,
1978-09-17,
1978-09-18,
1978-09-19,
1978-09-20,
1978-09-21,
1978-09-22,
1978-09-23,
1978-09-24,
1978-09-25,
1978-09-26,
1978-09-27,
1978-09-28,
1978-09-29,
1978-09-30,
1978-10-01,
1978-10-02,
1978-10-03,
1978-10-04,
1978-10-05,
1978-10-06,
1978-10-07,
1978-10-08,
1978-10-09,
1978-10-10,
1978-10-11,
1978-10-12,
1978-10-13,
1978-10-14,
1978-10-15,
1978-10-16,
1978-10-17,
1978-10-18,
1978-10-19,
1978-10-20,
1978-10-21,
1978-10-22,
1978-10-23,
1978-10-24,
1978-10-25,
1978-10-26,
1978-10-27,
1978-10-28,
1978-10-29,
1978-10-30,
1978-10-31,
1978-11-01,
1978-11-02,
1978-11-03,
1978-11-04,
1978-11-05,
1978-11-06,
1978-11-07,
1978-11-08,
1978-11-09,
1978-11-10,
1978-11-11,
1978-11-12,
1978-11-13,
1978-11-14,
1978-11-15,
1978-11-16,
1978-11-17,
1978-11-18,
1978-11-19,
1978-11-20,
1978-11-21,
1978-11-22,
1978-11-23,
1978-11-24,
1978-11-25,
1978-11-26,
1978-11-27,
1978-11-28,
1978-11-29,
1978-11-30,
1978-12-01,
1978-12-02,
1978-12-03,
1978-12-04,
1978-12-05,
1978-12-06,
1978-12-07,
1978-12-08,
1978-12-09,
1978-12-10,
1978-12-11,
1978-12-12,
1978-12-13,
1978-12-14,
1978-12-15,
1978-12-16,
1978-12-17,
1978-12-18,
1978-12-19,
1978-12-20,
1978-12-21,
1978-12-22,
1978-12-23,
1978-12-24,
1978-12-25,
1978-12-26,
1978-12-27,
1978-12-28,
1978-12-29,
1978-12-30,
1978-12-31,
1979-01-01,
1979-01-02,
1979-01-03,
1979-01-04,
1979-01-05,
1979-01-06,
1979-01-07,
1979-01-08,
1979-01-09,
1979-01-10,
1979-01-11,
1979-01-12,
1979-01-13,
1979-01-14,
1979-01-15,
1979-01-16,
1979-01-17,
1979-01-18,
1979-01-19,
1979-01-20,
1979-01-21,
1979-01-22,
1979-01-23,
1979-01-24,
1979-01-25,
1979-01-26,
1979-01-27,
1979-01-28,
1979-01-29,
1979-01-30,
1979-01-31,
1979-02-01,
1979-02-02,
1979-02-03,
1979-02-04,
1979-02-05,
1979-02-06,
1979-02-07,
1979-02-08,
1979-02-09,
1979-02-10,
1979-02-11,
1979-02-12,
1979-02-13,
1979-02-14,
1979-02-15,
1979-02-16,
1979-02-17,
1979-02-18,
1979-02-19,
1979-02-20,
1979-02-21,
1979-02-22,
1979-02-23,
1979-02-24,
1979-02-25,
1979-02-26,
1979-02-27,
1979-02-28,
1979-03-01,
1979-03-02,
1979-03-03,
1979-03-04,
1979-03-05,
1979-03-06,
1979-03-07,
1979-03-08,
1979-03-09,
1979-03-10,
1979-03-11,
1979-03-12,
1979-03-13,
1979-03-14,
1979-03-15,
1979-03-16,
1979-03-17,
1979-03-18,
1979-03-19,
1979-03-20,
1979-03-21,
1979-03-22,
1979-03-23,
1979-03-24,
1979-03-25,
1979-03-26,
1979-03-27,
1979-03-28,
1979-03-29,
1979-03-30,
1979-03-31,
1979-04-01,
1979-04-02,
1979-04-03,
1979-04-04,
1979-04-05,
1979-04-06,
1979-04-07,
1979-04-08,
1979-04-09,
1979-04-10,
1979-04-11,
1979-04-12,
1979-04-13,
1979-04-14,
1979-04-15,
1979-04-16,
1979-04-17,
1979-04-18,
1979-04-19,
1979-04-20,
1979-04-21,
1979-04-22,
1979-04-23,
1979-04-24,
1979-04-25,
1979-04-26,
1979-04-27,
1979-04-28,
1979-04-29,
1979-04-30,
1979-05-01,
1979-05-02,
1979-05-03,
1979-05-04,
1979-05-05,
1979-05-06,
1979-05-07,
1979-05-08,
1979-05-09,
1979-05-10,
1979-05-11,
1979-05-12,
1979-05-13,
1979-05-14,
1979-05-15,
1979-05-16,
1979-05-17,
1979-05-18,
1979-05-19,
1979-05-20,
1979-05-21,
1979-05-22,
1979-05-23,
1979-05-24,
1979-05-25,
1979-05-26,
1979-05-27,
1979-05-28,
1979-05-29,
1979-05-30,
1979-05-31,
1979-06-01,
1979-06-02,
1979-06-03,
1979-06-04,
1979-06-05,
1979-06-06,
1979-06-07,
1979-06-08,
1979-06-09,
1979-06-10,
1979-06-11,
1979-06-12,
1979-06-13,
1979-06-14,
1979-06-15,
1979-06-16,
1979-06-17,
1979-06-18,
1979-06-19,
1979-06-20,
1979-06-21,
1979-06-22,
1979-06-23,
1979-06-24,
1979-06-25,
1979-06-26,
1979-06-27,
1979-06-28,
1979-06-29,
1979-06-30,
1979-07-01,
1979-07-02,
1979-07-03,
1979-07-04,
1979-07-05,
1979-07-06,
1979-07-07,
1979-07-08,
1979-07-09,
1979-07-10,
1979-07-11,
1979-07-12,
1979-07-13,
1979-07-14,
1979-07-15,
1979-07-16,
1979-07-17,
1979-07-18,
1979-07-19,
1979-07-20,
1979-07-21,
1979-07-22,
1979-07-23,
1979-07-24,
1979-07-25,
1979-07-26,
1979-07-27,
1979-07-28,
1979-07-29,
1979-07-30,
1979-07-31,
1979-08-01,
1979-08-02,
1979-08-03,
1979-08-04,
1979-08-05,
1979-08-06,
1979-08-07,
1979-08-08,
1979-08-09,
1979-08-10,
1979-08-11,
1979-08-12,
1979-08-13,
1979-08-14,
1979-08-15,
1979-08-16,
1979-08-17,
1979-08-18,
1979-08-19,
1979-08-20,
1979-08-21,
1979-08-22,
1979-08-23,
1979-08-24,
1979-08-25,
1979-08-26,
1979-08-27,
1979-08-28,
1979-08-29,
1979-08-30,
1979-08-31,
1979-09-01,
1979-09-02,
1979-09-03,
1979-09-04,
1979-09-05,
1979-09-06,
1979-09-07,
1979-09-08,
1979-09-09,
1979-09-10,
1979-09-11,
1979-09-12,
1979-09-13,
1979-09-14,
1979-09-15,
1979-09-16,
1979-09-17,
1979-09-18,
1979-09-19,
1979-09-20,
1979-09-21,
1979-09-22,
1979-09-23,
1979-09-24,
1979-09-25,
1979-09-26,
1979-09-27,
1979-09-28,
1979-09-29,
1979-09-30,
1979-10-01,
1979-10-02,
1979-10-03,
1979-10-04,
1979-10-05,
1979-10-06,
1979-10-07,
1979-10-08,
1979-10-09,
1979-10-10,
1979-10-11,
1979-10-12,
1979-10-13,
1979-10-14,
1979-10-15,
1979-10-16,
1979-10-17,
1979-10-18,
1979-10-19,
1979-10-20,
1979-10-21,
1979-10-22,
1979-10-23,
1979-10-24,
1979-10-25,
1979-10-26,
1979-10-27,
1979-10-28,
1979-10-29,
1979-10-30,
1979-10-31,
1979-11-01,
1979-11-02,
1979-11-03,
1979-11-04,
1979-11-05,
1979-11-06,
1979-11-07,
1979-11-08,
1979-11-09,
1979-11-10,
1979-11-11,
1979-11-12,
1979-11-13,
1979-11-14,
1979-11-15,
1979-11-16,
1979-11-17,
1979-11-18,
1979-11-19,
1979-11-20,
1979-11-21,
1979-11-22,
1979-11-23,
1979-11-24,
1979-11-25,
1979-11-26,
1979-11-27,
1979-11-28,
1979-11-29,
1979-11-30,
1979-12-01,
1979-12-02,
1979-12-03,
1979-12-04,
1979-12-05,
1979-12-06,
1979-12-07,
1979-12-08,
1979-12-09,
1979-12-10,
1979-12-11,
1979-12-12,
1979-12-13,
1979-12-14,
1979-12-15,
1979-12-16,
1979-12-17,
1979-12-18,
1979-12-19,
1979-12-20,
1979-12-21,
1979-12-22,
1979-12-23,
1979-12-24,
1979-12-25,
1979-12-26,
1979-12-27,
1979-12-28,
1979-12-29,
1979-12-30,
1979-12-31,
1980-01-01,
1980-01-02,
1980-01-03,
1980-01-04,
1980-01-05,
1980-01-06,
1980-01-07,
1980-01-08,
1980-01-09,
1980-01-10,
1980-01-11,
1980-01-12,
1980-01-13,
1980-01-14,
1980-01-15,
1980-01-16,
1980-01-17,
1980-01-18,
1980-01-19,
1980-01-20,
1980-01-21,
1980-01-22,
1980-01-23,
1980-01-24,
1980-01-25,
1980-01-26,
1980-01-27,
1980-01-28,
1980-01-29,
1980-01-30,
1980-01-31,
1980-02-01,
1980-02-02,
1980-02-03,
1980-02-04,
1980-02-05,
1980-02-06,
1980-02-07,
1980-02-08,
1980-02-09,
1980-02-10,
1980-02-11,
1980-02-12,
1980-02-13,
1980-02-14,
1980-02-15,
1980-02-16,
1980-02-17,
1980-02-18,
1980-02-19,
1980-02-20,
1980-02-21,
1980-02-22,
1980-02-23,
1980-02-24,
1980-02-25,
1980-02-26,
1980-02-27,
1980-02-28,
1980-02-29,
1980-03-01,
1980-03-02,
1980-03-03,
1980-03-04,
1980-03-05,
1980-03-06,
1980-03-07,
1980-03-08,
1980-03-09,
1980-03-10,
1980-03-11,
1980-03-12,
1980-03-13,
1980-03-14,
1980-03-15,
1980-03-16,
1980-03-17,
1980-03-18,
1980-03-19,
1980-03-20,
1980-03-21,
1980-03-22,
1980-03-23,
1980-03-24,
1980-03-25,
1980-03-26,
1980-03-27,
1980-03-28,
1980-03-29,
1980-03-30,
1980-03-31,
1980-04-01,
1980-04-02,
1980-04-03,
1980-04-04,
1980-04-05,
1980-04-06,
1980-04-07,
1980-04-08,
1980-04-09,
1980-04-10,
1980-04-11,
1980-04-12,
1980-04-13,
1980-04-14,
1980-04-15,
1980-04-16,
1980-04-17,
1980-04-18,
1980-04-19,
1980-04-20,
1980-04-21,
1980-04-22,
1980-04-23,
1980-04-24,
1980-04-25,
1980-04-26,
1980-04-27,
1980-04-28,
1980-04-29,
1980-04-30,
1980-05-01,
1980-05-02,
1980-05-03,
1980-05-04,
1980-05-05,
1980-05-06,
1980-05-07,
1980-05-08,
1980-05-09,
1980-05-10,
1980-05-11,
1980-05-12,
1980-05-13,
1980-05-14,
1980-05-15,
1980-05-16,
1980-05-17,
1980-05-18,
1980-05-19,
1980-05-20,
1980-05-21,
1980-05-22,
1980-05-23,
1980-05-24,
1980-05-25,
1980-05-26,
1980-05-27,
1980-05-28,
1980-05-29,
1980-05-30,
1980-05-31,
1980-06-01,
1980-06-02,
1980-06-03,
1980-06-04,
1980-06-05,
1980-06-06,
1980-06-07,
1980-06-08,
1980-06-09,
1980-06-10,
1980-06-11,
1980-06-12,
1980-06-13,
1980-06-14,
1980-06-15,
1980-06-16,
1980-06-17,
1980-06-18,
1980-06-19,
1980-06-20,
1980-06-21,
1980-06-22,
1980-06-23,
1980-06-24,
1980-06-25,
1980-06-26,
1980-06-27,
1980-06-28,
1980-06-29,
1980-06-30,
1980-07-01,
1980-07-02,
1980-07-03,
1980-07-04,
1980-07-05,
1980-07-06,
1980-07-07,
1980-07-08,
1980-07-09,
1980-07-10,
1980-07-11,
1980-07-12,
1980-07-13,
1980-07-14,
1980-07-15,
1980-07-16,
1980-07-17,
1980-07-18,
1980-07-19,
1980-07-20,
1980-07-21,
1980-07-22,
1980-07-23,
1980-07-24,
1980-07-25,
1980-07-26,
1980-07-27,
1980-07-28,
1980-07-29,
1980-07-30,
1980-07-31,
1980-08-01,
1980-08-02,
1980-08-03,
1980-08-04,
1980-08-05,
1980-08-06,
1980-08-07,
1980-08-08,
1980-08-09,
1980-08-10,
1980-08-11,
1980-08-12,
1980-08-13,
1980-08-14,
1980-08-15,
1980-08-16,
1980-08-17,
1980-08-18,
1980-08-19,
1980-08-20,
1980-08-21,
1980-08-22,
1980-08-23,
1980-08-24,
1980-08-25,
1980-08-26,
1980-08-27,
1980-08-28,
1980-08-29,
1980-08-30,
1980-08-31,
1980-09-01,
1980-09-02,
1980-09-03,
1980-09-04,
1980-09-05,
1980-09-06,
1980-09-07,
1980-09-08,
1980-09-09,
1980-09-10,
1980-09-11,
1980-09-12,
1980-09-13,
1980-09-14,
1980-09-15,
1980-09-16,
1980-09-17,
1980-09-18,
1980-09-19,
1980-09-20,
1980-09-21,
1980-09-22,
1980-09-23,
1980-09-24,
1980-09-25,
1980-09-26,
1980-09-27,
1980-09-28,
1980-09-29,
1980-09-30,
1980-10-01,
1980-10-02,
1980-10-03,
1980-10-04,
1980-10-05,
1980-10-06,
1980-10-07,
1980-10-08,
1980-10-09,
1980-10-10,
1980-10-11,
1980-10-12,
1980-10-13,
1980-10-14,
1980-10-15,
1980-10-16,
1980-10-17,
1980-10-18,
1980-10-19,
1980-10-20,
1980-10-21,
1980-10-22,
1980-10-23,
1980-10-24,
1980-10-25,
1980-10-26,
1980-10-27,
1980-10-28,
1980-10-29,
1980-10-30,
1980-10-31,
1980-11-01,
1980-11-02,
1980-11-03,
1980-11-04,
1980-11-05,
1980-11-06,
1980-11-07,
1980-11-08,
1980-11-09,
1980-11-10,
1980-11-11,
1980-11-12,
1980-11-13,
1980-11-14,
1980-11-15,
1980-11-16,
1980-11-17,
1980-11-18,
1980-11-19,
1980-11-20,
1980-11-21,
1980-11-22,
1980-11-23,
1980-11-24,
1980-11-25,
1980-11-26,
1980-11-27,
1980-11-28,
1980-11-29,
1980-11-30,
1980-12-01,
1980-12-02,
1980-12-03,
1980-12-04,
1980-12-05,
1980-12-06,
1980-12-07,
1980-12-08,
1980-12-09,
1980-12-10,
1980-12-11,
1980-12-12,
1980-12-13,
1980-12-14,
1980-12-15,
1980-12-16,
1980-12-17,
1980-12-18,
1980-12-19,
1980-12-20,
1980-12-21,
1980-12-22,
1980-12-23,
1980-12-24,
1980-12-25,
1980-12-26,
1980-12-27,
1980-12-28,
1980-12-29,
1980-12-30,
1980-12-31,
1981-01-01,
1981-01-02,
1981-01-03,
1981-01-04,
1981-01-05,
1981-01-06,
1981-01-07,
1981-01-08,
1981-01-09,
1981-01-10,
1981-01-11,
1981-01-12,
1981-01-13,
1981-01-14,
1981-01-15,
1981-01-16,
1981-01-17,
1981-01-18,
1981-01-19,
1981-01-20,
1981-01-21,
1981-01-22,
1981-01-23,
1981-01-24,
1981-01-25,
1981-01-26,
1981-01-27,
1981-01-28,
1981-01-29,
1981-01-30,
1981-01-31,
1981-02-01,
1981-02-02,
1981-02-03,
1981-02-04,
1981-02-05,
1981-02-06,
1981-02-07,
1981-02-08,
1981-02-09,
1981-02-10,
1981-02-11,
1981-02-12,
1981-02-13,
1981-02-14,
1981-02-15,
1981-02-16,
1981-02-17,
1981-02-18,
1981-02-19,
1981-02-20,
1981-02-21,
1981-02-22,
1981-02-23,
1981-02-24,
1981-02-25,
1981-02-26,
1981-02-27,
1981-02-28,
1981-03-01,
1981-03-02,
1981-03-03,
1981-03-04,
1981-03-05,
1981-03-06,
1981-03-07,
1981-03-08,
1981-03-09,
1981-03-10,
1981-03-11,
1981-03-12,
1981-03-13,
1981-03-14,
1981-03-15,
1981-03-16,
1981-03-17,
1981-03-18,
1981-03-19,
1981-03-20,
1981-03-21,
1981-03-22,
1981-03-23,
1981-03-24,
1981-03-25,
1981-03-26,
1981-03-27,
1981-03-28,
1981-03-29,
1981-03-30,
1981-03-31,
1981-04-01,
1981-04-02,
1981-04-03,
1981-04-04,
1981-04-05,
1981-04-06,
1981-04-07,
1981-04-08,
1981-04-09,
1981-04-10,
1981-04-11,
1981-04-12,
1981-04-13,
1981-04-14,
1981-04-15,
1981-04-16,
1981-04-17,
1981-04-18,
1981-04-19,
1981-04-20,
1981-04-21,
1981-04-22,
1981-04-23,
1981-04-24,
1981-04-25,
1981-04-26,
1981-04-27,
1981-04-28,
1981-04-29,
1981-04-30,
1981-05-01,
1981-05-02,
1981-05-03,
1981-05-04,
1981-05-05,
1981-05-06,
1981-05-07,
1981-05-08,
1981-05-09,
1981-05-10,
1981-05-11,
1981-05-12,
1981-05-13,
1981-05-14,
1981-05-15,
1981-05-16,
1981-05-17,
1981-05-18,
1981-05-19,
1981-05-20,
1981-05-21,
1981-05-22,
1981-05-23,
1981-05-24,
1981-05-25,
1981-05-26,
1981-05-27,
1981-05-28,
1981-05-29,
1981-05-30,
1981-05-31,
1981-06-01,
1981-06-02,
1981-06-03,
1981-06-04,
1981-06-05,
1981-06-06,
1981-06-07,
1981-06-08,
1981-06-09,
1981-06-10,
1981-06-11,
1981-06-12,
1981-06-13,
1981-06-14,
1981-06-15,
1981-06-16,
1981-06-17,
1981-06-18,
1981-06-19,
1981-06-20,
1981-06-21,
1981-06-22,
1981-06-23,
1981-06-24,
1981-06-25,
1981-06-26,
1981-06-27,
1981-06-28,
1981-06-29,
1981-06-30,
1981-07-01,
1981-07-02,
1981-07-03,
1981-07-04,
1981-07-05,
1981-07-06,
1981-07-07,
1981-07-08,
1981-07-09,
1981-07-10,
1981-07-11,
1981-07-12,
1981-07-13,
1981-07-14,
1981-07-15,
1981-07-16,
1981-07-17,
1981-07-18,
1981-07-19,
1981-07-20,
1981-07-21,
1981-07-22,
1981-07-23,
1981-07-24,
1981-07-25,
1981-07-26,
1981-07-27,
1981-07-28,
1981-07-29,
1981-07-30,
1981-07-31,
1981-08-01,
1981-08-02,
1981-08-03,
1981-08-04,
1981-08-05,
1981-08-06,
1981-08-07,
1981-08-08,
1981-08-09,
1981-08-10,
1981-08-11,
1981-08-12,
1981-08-13,
1981-08-14,
1981-08-15,
1981-08-16,
1981-08-17,
1981-08-18,
1981-08-19,
1981-08-20,
1981-08-21,
1981-08-22,
1981-08-23,
1981-08-24,
1981-08-25,
1981-08-26,
1981-08-27,
1981-08-28,
1981-08-29,
1981-08-30,
1981-08-31,
1981-09-01,
1981-09-02,
1981-09-03,
1981-09-04,
1981-09-05,
1981-09-06,
1981-09-07,
1981-09-08,
1981-09-09,
1981-09-10,
1981-09-11,
1981-09-12,
1981-09-13,
1981-09-14,
1981-09-15,
1981-09-16,
1981-09-17,
1981-09-18,
1981-09-19,
1981-09-20,
1981-09-21,
1981-09-22,
1981-09-23,
1981-09-24,
1981-09-25,
1981-09-26,
1981-09-27,
1981-09-28,
1981-09-29,
1981-09-30,
1981-10-01,
1981-10-02,
1981-10-03,
1981-10-04,
1981-10-05,
1981-10-06,
1981-10-07,
1981-10-08,
1981-10-09,
1981-10-10,
1981-10-11,
1981-10-12,
1981-10-13,
1981-10-14,
1981-10-15,
1981-10-16,
1981-10-17,
1981-10-18,
1981-10-19,
1981-10-20,
1981-10-21,
1981-10-22,
1981-10-23,
1981-10-24,
1981-10-25,
1981-10-26,
1981-10-27,
1981-10-28,
1981-10-29,
1981-10-30,
1981-10-31,
1981-11-01,
1981-11-02,
1981-11-03,
1981-11-04,
1981-11-05,
1981-11-06,
1981-11-07,
1981-11-08,
1981-11-09,
1981-11-10,
1981-11-11,
1981-11-12,
1981-11-13,
1981-11-14,
1981-11-15,
1981-11-16,
1981-11-17,
1981-11-18,
1981-11-19,
1981-11-20,
1981-11-21,
1981-11-22,
1981-11-23,
1981-11-24,
1981-11-25,
1981-11-26,
1981-11-27,
1981-11-28,
1981-11-29,
1981-11-30,
1981-12-01,
1981-12-02,
1981-12-03,
1981-12-04,
1981-12-05,
1981-12-06,
1981-12-07,
1981-12-08,
1981-12-09,
1981-12-10,
1981-12-11,
1981-12-12,
1981-12-13,
1981-12-14,
1981-12-15,
1981-12-16,
1981-12-17,
1981-12-18,
1981-12-19,
1981-12-20,
1981-12-21,
1981-12-22,
1981-12-23,
1981-12-24,
1981-12-25,
1981-12-26,
1981-12-27,
1981-12-28,
1981-12-29,
1981-12-30,
1981-12-31,
1982-01-01,
1982-01-02,
1982-01-03,
1982-01-04,
1982-01-05,
1982-01-06,
1982-01-07,
1982-01-08,
1982-01-09,
1982-01-10,
1982-01-11,
1982-01-12,
1982-01-13,
1982-01-14,
1982-01-15,
1982-01-16,
1982-01-17,
1982-01-18,
1982-01-19,
1982-01-20,
1982-01-21,
1982-01-22,
1982-01-23,
1982-01-24,
1982-01-25,
1982-01-26,
1982-01-27,
1982-01-28,
1982-01-29,
1982-01-30,
1982-01-31,
1982-02-01,
1982-02-02,
1982-02-03,
1982-02-04,
1982-02-05,
1982-02-06,
1982-02-07,
1982-02-08,
1982-02-09,
1982-02-10,
1982-02-11,
1982-02-12,
1982-02-13,
1982-02-14,
1982-02-15,
1982-02-16,
1982-02-17,
1982-02-18,
1982-02-19,
1982-02-20,
1982-02-21,
1982-02-22,
1982-02-23,
1982-02-24,
1982-02-25,
1982-02-26,
1982-02-27,
1982-02-28,
1982-03-01,
1982-03-02,
1982-03-03,
1982-03-04,
1982-03-05,
1982-03-06,
1982-03-07,
1982-03-08,
1982-03-09,
1982-03-10,
1982-03-11,
1982-03-12,
1982-03-13,
1982-03-14,
1982-03-15,
1982-03-16,
1982-03-17,
1982-03-18,
1982-03-19,
1982-03-20,
1982-03-21,
1982-03-22,
1982-03-23,
1982-03-24,
1982-03-25,
1982-03-26,
1982-03-27,
1982-03-28,
1982-03-29,
1982-03-30,
1982-03-31,
1982-04-01,
1982-04-02,
1982-04-03,
1982-04-04,
1982-04-05,
1982-04-06,
1982-04-07,
1982-04-08,
1982-04-09,
1982-04-10,
1982-04-11,
1982-04-12,
1982-04-13,
1982-04-14,
1982-04-15,
1982-04-16,
1982-04-17,
1982-04-18,
1982-04-19,
1982-04-20,
1982-04-21,
1982-04-22,
1982-04-23,
1982-04-24,
1982-04-25,
1982-04-26,
1982-04-27,
1982-04-28,
1982-04-29,
1982-04-30,
1982-05-01,
1982-05-02,
1982-05-03,
1982-05-04,
1982-05-05,
1982-05-06,
1982-05-07,
1982-05-08,
1982-05-09,
1982-05-10,
1982-05-11,
1982-05-12,
1982-05-13,
1982-05-14,
1982-05-15,
1982-05-16,
1982-05-17,
1982-05-18,
1982-05-19,
1982-05-20,
1982-05-21,
1982-05-22,
1982-05-23,
1982-05-24,
1982-05-25,
1982-05-26,
1982-05-27,
1982-05-28,
1982-05-29,
1982-05-30,
1982-05-31,
1982-06-01,
1982-06-02,
1982-06-03,
1982-06-04,
1982-06-05,
1982-06-06,
1982-06-07,
1982-06-08,
1982-06-09,
1982-06-10,
1982-06-11,
1982-06-12,
1982-06-13,
1982-06-14,
1982-06-15,
1982-06-16,
1982-06-17,
1982-06-18,
1982-06-19,
1982-06-20,
1982-06-21,
1982-06-22,
1982-06-23,
1982-06-24,
1982-06-25,
1982-06-26,
1982-06-27,
1982-06-28,
1982-06-29,
1982-06-30,
1982-07-01,
1982-07-02,
1982-07-03,
1982-07-04,
1982-07-05,
1982-07-06,
1982-07-07,
1982-07-08,
1982-07-09,
1982-07-10,
1982-07-11,
1982-07-12,
1982-07-13,
1982-07-14,
1982-07-15,
1982-07-16,
1982-07-17,
1982-07-18,
1982-07-19,
1982-07-20,
1982-07-21,
1982-07-22,
1982-07-23,
1982-07-24,
1982-07-25,
1982-07-26,
1982-07-27,
1982-07-28,
1982-07-29,
1982-07-30,
1982-07-31,
1982-08-01,
1982-08-02,
1982-08-03,
1982-08-04,
1982-08-05,
1982-08-06,
1982-08-07,
1982-08-08,
1982-08-09,
1982-08-10,
1982-08-11,
1982-08-12,
1982-08-13,
1982-08-14,
1982-08-15,
1982-08-16,
1982-08-17,
1982-08-18,
1982-08-19,
1982-08-20,
1982-08-21,
1982-08-22,
1982-08-23,
1982-08-24,
1982-08-25,
1982-08-26,
1982-08-27,
1982-08-28,
1982-08-29,
1982-08-30,
1982-08-31,
1982-09-01,
1982-09-02,
1982-09-03,
1982-09-04,
1982-09-05,
1982-09-06,
1982-09-07,
1982-09-08,
1982-09-09,
1982-09-10,
1982-09-11,
1982-09-12,
1982-09-13,
1982-09-14,
1982-09-15,
1982-09-16,
1982-09-17,
1982-09-18,
1982-09-19,
1982-09-20,
1982-09-21,
1982-09-22,
1982-09-23,
1982-09-24,
1982-09-25,
1982-09-26,
1982-09-27,
1982-09-28,
1982-09-29,
1982-09-30,
1982-10-01,
1982-10-02,
1982-10-03,
1982-10-04,
1982-10-05,
1982-10-06,
1982-10-07,
1982-10-08,
1982-10-09,
1982-10-10,
1982-10-11,
1982-10-12,
1982-10-13,
1982-10-14,
1982-10-15,
1982-10-16,
1982-10-17,
1982-10-18,
1982-10-19,
1982-10-20,
1982-10-21,
1982-10-22,
1982-10-23,
1982-10-24,
1982-10-25,
1982-10-26,
1982-10-27,
1982-10-28,
1982-10-29,
1982-10-30,
1982-10-31,
1982-11-01,
1982-11-02,
1982-11-03,
1982-11-04,
1982-11-05,
1982-11-06,
1982-11-07,
1982-11-08,
1982-11-09,
1982-11-10,
1982-11-11,
1982-11-12,
1982-11-13,
1982-11-14,
1982-11-15,
1982-11-16,
1982-11-17,
1982-11-18,
1982-11-19,
1982-11-20,
1982-11-21,
1982-11-22,
1982-11-23,
1982-11-24,
1982-11-25,
1982-11-26,
1982-11-27,
1982-11-28,
1982-11-29,
1982-11-30,
1982-12-01,
1982-12-02,
1982-12-03,
1982-12-04,
1982-12-05,
1982-12-06,
1982-12-07,
1982-12-08,
1982-12-09,
1982-12-10,
1982-12-11,
1982-12-12,
1982-12-13,
1982-12-14,
1982-12-15,
1982-12-16,
1982-12-17,
1982-12-18,
1982-12-19,
1982-12-20,
1982-12-21,
1982-12-22,
1982-12-23,
1982-12-24,
1982-12-25,
1982-12-26,
1982-12-27,
1982-12-28,
1982-12-29,
1982-12-30,
1982-12-31,
1983-01-01,
1983-01-02,
1983-01-03,
1983-01-04,
1983-01-05,
1983-01-06,
1983-01-07,
1983-01-08,
1983-01-09,
1983-01-10,
1983-01-11,
1983-01-12,
1983-01-13,
1983-01-14,
1983-01-15,
1983-01-16,
1983-01-17,
1983-01-18,
1983-01-19,
1983-01-20,
1983-01-21,
1983-01-22,
1983-01-23,
1983-01-24,
1983-01-25,
1983-01-26,
1983-01-27,
1983-01-28,
1983-01-29,
1983-01-30,
1983-01-31,
1983-02-01,
1983-02-02,
1983-02-03,
1983-02-04,
1983-02-05,
1983-02-06,
1983-02-07,
1983-02-08,
1983-02-09,
1983-02-10,
1983-02-11,
1983-02-12,
1983-02-13,
1983-02-14,
1983-02-15,
1983-02-16,
1983-02-17,
1983-02-18,
1983-02-19,
1983-02-20,
1983-02-21,
1983-02-22,
1983-02-23,
1983-02-24,
1983-02-25,
1983-02-26,
1983-02-27,
1983-02-28,
1983-03-01,
1983-03-02,
1983-03-03,
1983-03-04,
1983-03-05,
1983-03-06,
1983-03-07,
1983-03-08,
1983-03-09,
1983-03-10,
1983-03-11,
1983-03-12,
1983-03-13,
1983-03-14,
1983-03-15,
1983-03-16,
1983-03-17,
1983-03-18,
1983-03-19,
1983-03-20,
1983-03-21,
1983-03-22,
1983-03-23,
1983-03-24,
1983-03-25,
1983-03-26,
1983-03-27,
1983-03-28,
1983-03-29,
1983-03-30,
1983-03-31,
1983-04-01,
1983-04-02,
1983-04-03,
1983-04-04,
1983-04-05,
1983-04-06,
1983-04-07,
1983-04-08,
1983-04-09,
1983-04-10,
1983-04-11,
1983-04-12,
1983-04-13,
1983-04-14,
1983-04-15,
1983-04-16,
1983-04-17,
1983-04-18,
1983-04-19,
1983-04-20,
1983-04-21,
1983-04-22,
1983-04-23,
1983-04-24,
1983-04-25,
1983-04-26,
1983-04-27,
1983-04-28,
1983-04-29,
1983-04-30,
1983-05-01,
1983-05-02,
1983-05-03,
1983-05-04,
1983-05-05,
1983-05-06,
1983-05-07,
1983-05-08,
1983-05-09,
1983-05-10,
1983-05-11,
1983-05-12,
1983-05-13,
1983-05-14,
1983-05-15,
1983-05-16,
1983-05-17,
1983-05-18,
1983-05-19,
1983-05-20,
1983-05-21,
1983-05-22,
1983-05-23,
1983-05-24,
1983-05-25,
1983-05-26,
1983-05-27,
1983-05-28,
1983-05-29,
1983-05-30,
1983-05-31,
1983-06-01,
1983-06-02,
1983-06-03,
1983-06-04,
1983-06-05,
1983-06-06,
1983-06-07,
1983-06-08,
1983-06-09,
1983-06-10,
1983-06-11,
1983-06-12,
1983-06-13,
1983-06-14,
1983-06-15,
1983-06-16,
1983-06-17,
1983-06-18,
1983-06-19,
1983-06-20,
1983-06-21,
1983-06-22,
1983-06-23,
1983-06-24,
1983-06-25,
1983-06-26,
1983-06-27,
1983-06-28,
1983-06-29,
1983-06-30,
1983-07-01,
1983-07-02,
1983-07-03,
1983-07-04,
1983-07-05,
1983-07-06,
1983-07-07,
1983-07-08,
1983-07-09,
1983-07-10,
1983-07-11,
1983-07-12,
1983-07-13,
1983-07-14,
1983-07-15,
1983-07-16,
1983-07-17,
1983-07-18,
1983-07-19,
1983-07-20,
1983-07-21,
1983-07-22,
1983-07-23,
1983-07-24,
1983-07-25,
1983-07-26,
1983-07-27,
1983-07-28,
1983-07-29,
1983-07-30,
1983-07-31,
1983-08-01,
1983-08-02,
1983-08-03,
1983-08-04,
1983-08-05,
1983-08-06,
1983-08-07,
1983-08-08,
1983-08-09,
1983-08-10,
1983-08-11,
1983-08-12,
1983-08-13,
1983-08-14,
1983-08-15,
1983-08-16,
1983-08-17,
1983-08-18,
1983-08-19,
1983-08-20,
1983-08-21,
1983-08-22,
1983-08-23,
1983-08-24,
1983-08-25,
1983-08-26,
1983-08-27,
1983-08-28,
1983-08-29,
1983-08-30,
1983-08-31,
1983-09-01,
1983-09-02,
1983-09-03,
1983-09-04,
1983-09-05,
1983-09-06,
1983-09-07,
1983-09-08,
1983-09-09,
1983-09-10,
1983-09-11,
1983-09-12,
1983-09-13,
1983-09-14,
1983-09-15,
1983-09-16,
1983-09-17,
1983-09-18,
1983-09-19,
1983-09-20,
1983-09-21,
1983-09-22,
1983-09-23,
1983-09-24,
1983-09-25,
1983-09-26,
1983-09-27,
1983-09-28,
1983-09-29,
1983-09-30,
1983-10-01,
1983-10-02,
1983-10-03,
1983-10-04,
1983-10-05,
1983-10-06,
1983-10-07,
1983-10-08,
1983-10-09,
1983-10-10,
1983-10-11,
1983-10-12,
1983-10-13,
1983-10-14,
1983-10-15,
1983-10-16,
1983-10-17,
1983-10-18,
1983-10-19,
1983-10-20,
1983-10-21,
1983-10-22,
1983-10-23,
1983-10-24,
1983-10-25,
1983-10-26,
1983-10-27,
1983-10-28,
1983-10-29,
1983-10-30,
1983-10-31,
1983-11-01,
1983-11-02,
1983-11-03,
1983-11-04,
1983-11-05,
1983-11-06,
1983-11-07,
1983-11-08,
1983-11-09,
1983-11-10,
1983-11-11,
1983-11-12,
1983-11-13,
1983-11-14,
1983-11-15,
1983-11-16,
1983-11-17,
1983-11-18,
1983-11-19,
1983-11-20,
1983-11-21,
1983-11-22,
1983-11-23,
1983-11-24,
1983-11-25,
1983-11-26,
1983-11-27,
1983-11-28,
1983-11-29,
1983-11-30,
1983-12-01,
1983-12-02,
1983-12-03,
1983-12-04,
1983-12-05,
1983-12-06,
1983-12-07,
1983-12-08,
1983-12-09,
1983-12-10,
1983-12-11,
1983-12-12,
1983-12-13,
1983-12-14,
1983-12-15,
1983-12-16,
1983-12-17,
1983-12-18,
1983-12-19,
1983-12-20,
1983-12-21,
1983-12-22,
1983-12-23,
1983-12-24,
1983-12-25,
1983-12-26,
1983-12-27,
1983-12-28,
1983-12-29,
1983-12-30,
1983-12-31,
1984-01-01,
1984-01-02,
1984-01-03,
1984-01-04,
1984-01-05,
1984-01-06,
1984-01-07,
1984-01-08,
1984-01-09,
1984-01-10,
1984-01-11,
1984-01-12,
1984-01-13,
1984-01-14,
1984-01-15,
1984-01-16,
1984-01-17,
1984-01-18,
1984-01-19,
1984-01-20,
1984-01-21,
1984-01-22,
1984-01-23,
1984-01-24,
1984-01-25,
1984-01-26,
1984-01-27,
1984-01-28,
1984-01-29,
1984-01-30,
1984-01-31,
1984-02-01,
1984-02-02,
1984-02-03,
1984-02-04,
1984-02-05,
1984-02-06,
1984-02-07,
1984-02-08,
1984-02-09,
1984-02-10,
1984-02-11,
1984-02-12,
1984-02-13,
1984-02-14,
1984-02-15,
1984-02-16,
1984-02-17,
1984-02-18,
1984-02-19,
1984-02-20,
1984-02-21,
1984-02-22,
1984-02-23,
1984-02-24,
1984-02-25,
1984-02-26,
1984-02-27,
1984-02-28,
1984-02-29,
1984-03-01,
1984-03-02,
1984-03-03,
1984-03-04,
1984-03-05,
1984-03-06,
1984-03-07,
1984-03-08,
1984-03-09,
1984-03-10,
1984-03-11,
1984-03-12,
1984-03-13,
1984-03-14,
1984-03-15,
1984-03-16,
1984-03-17,
1984-03-18,
1984-03-19,
1984-03-20,
1984-03-21,
1984-03-22,
1984-03-23,
1984-03-24,
1984-03-25,
1984-03-26,
1984-03-27,
1984-03-28,
1984-03-29,
1984-03-30,
1984-03-31,
1984-04-01,
1984-04-02,
1984-04-03,
1984-04-04,
1984-04-05,
1984-04-06,
1984-04-07,
1984-04-08,
1984-04-09,
1984-04-10,
1984-04-11,
1984-04-12,
1984-04-13,
1984-04-14,
1984-04-15,
1984-04-16,
1984-04-17,
1984-04-18,
1984-04-19,
1984-04-20,
1984-04-21,
1984-04-22,
1984-04-23,
1984-04-24,
1984-04-25,
1984-04-26,
1984-04-27,
1984-04-28,
1984-04-29,
1984-04-30,
1984-05-01,
1984-05-02,
1984-05-03,
1984-05-04,
1984-05-05,
1984-05-06,
1984-05-07,
1984-05-08,
1984-05-09,
1984-05-10,
1984-05-11,
1984-05-12,
1984-05-13,
1984-05-14,
1984-05-15,
1984-05-16,
1984-05-17,
1984-05-18,
1984-05-19,
1984-05-20,
1984-05-21,
1984-05-22,
1984-05-23,
1984-05-24,
1984-05-25,
1984-05-26,
1984-05-27,
1984-05-28,
1984-05-29,
1984-05-30,
1984-05-31,
1984-06-01,
1984-06-02,
1984-06-03,
1984-06-04,
1984-06-05,
1984-06-06,
1984-06-07,
1984-06-08,
1984-06-09,
1984-06-10,
1984-06-11,
1984-06-12,
1984-06-13,
1984-06-14,
1984-06-15,
1984-06-16,
1984-06-17,
1984-06-18,
1984-06-19,
1984-06-20,
1984-06-21,
1984-06-22,
1984-06-23,
1984-06-24,
1984-06-25,
1984-06-26,
1984-06-27,
1984-06-28,
1984-06-29,
1984-06-30,
1984-07-01,
1984-07-02,
1984-07-03,
1984-07-04,
1984-07-05,
1984-07-06,
1984-07-07,
1984-07-08,
1984-07-09,
1984-07-10,
1984-07-11,
1984-07-12,
1984-07-13,
1984-07-14,
1984-07-15,
1984-07-16,
1984-07-17,
1984-07-18,
1984-07-19,
1984-07-20,
1984-07-21,
1984-07-22,
1984-07-23,
1984-07-24,
1984-07-25,
1984-07-26,
1984-07-27,
1984-07-28,
1984-07-29,
1984-07-30,
1984-07-31,
1984-08-01,
1984-08-02,
1984-08-03,
1984-08-04,
1984-08-05,
1984-08-06,
1984-08-07,
1984-08-08,
1984-08-09,
1984-08-10,
1984-08-11,
1984-08-12,
1984-08-13,
1984-08-14,
1984-08-15,
1984-08-16,
1984-08-17,
1984-08-18,
1984-08-19,
1984-08-20,
1984-08-21,
1984-08-22,
1984-08-23,
1984-08-24,
1984-08-25,
1984-08-26,
1984-08-27,
1984-08-28,
1984-08-29,
1984-08-30,
1984-08-31,
1984-09-01,
1984-09-02,
1984-09-03,
1984-09-04,
1984-09-05,
1984-09-06,
1984-09-07,
1984-09-08,
1984-09-09,
1984-09-10,
1984-09-11,
1984-09-12,
1984-09-13,
1984-09-14,
1984-09-15,
1984-09-16,
1984-09-17,
1984-09-18,
1984-09-19,
1984-09-20,
1984-09-21,
1984-09-22,
1984-09-23,
1984-09-24,
1984-09-25,
1984-09-26,
1984-09-27,
1984-09-28,
1984-09-29,
1984-09-30,
1984-10-01,
1984-10-02,
1984-10-03,
1984-10-04,
1984-10-05,
1984-10-06,
1984-10-07,
1984-10-08,
1984-10-09,
1984-10-10,
1984-10-11,
1984-10-12,
1984-10-13,
1984-10-14,
1984-10-15,
1984-10-16,
1984-10-17,
1984-10-18,
1984-10-19,
1984-10-20,
1984-10-21,
1984-10-22,
1984-10-23,
1984-10-24,
1984-10-25,
1984-10-26,
1984-10-27,
1984-10-28,
1984-10-29,
1984-10-30,
1984-10-31,
1984-11-01,
1984-11-02,
1984-11-03,
1984-11-04,
1984-11-05,
1984-11-06,
1984-11-07,
1984-11-08,
1984-11-09,
1984-11-10,
1984-11-11,
1984-11-12,
1984-11-13,
1984-11-14,
1984-11-15,
1984-11-16,
1984-11-17,
1984-11-18,
1984-11-19,
1984-11-20,
1984-11-21,
1984-11-22,
1984-11-23,
1984-11-24,
1984-11-25,
1984-11-26,
1984-11-27,
1984-11-28,
1984-11-29,
1984-11-30,
1984-12-01,
1984-12-02,
1984-12-03,
1984-12-04,
1984-12-05,
1984-12-06,
1984-12-07,
1984-12-08,
1984-12-09,
1984-12-10,
1984-12-11,
1984-12-12,
1984-12-13,
1984-12-14,
1984-12-15,
1984-12-16,
1984-12-17,
1984-12-18,
1984-12-19,
1984-12-20,
1984-12-21,
1984-12-22,
1984-12-23,
1984-12-24,
1984-12-25,
1984-12-26,
1984-12-27,
1984-12-28,
1984-12-29,
1984-12-30,
1984-12-31,
1985-01-01,
1985-01-02,
1985-01-03,
1985-01-04,
1985-01-05,
1985-01-06,
1985-01-07,
1985-01-08,
1985-01-09,
1985-01-10,
1985-01-11,
1985-01-12,
1985-01-13,
1985-01-14,
1985-01-15,
1985-01-16,
1985-01-17,
1985-01-18,
1985-01-19,
1985-01-20,
1985-01-21,
1985-01-22,
1985-01-23,
1985-01-24,
1985-01-25,
1985-01-26,
1985-01-27,
1985-01-28,
1985-01-29,
1985-01-30,
1985-01-31,
1985-02-01,
1985-02-02,
1985-02-03,
1985-02-04,
1985-02-05,
1985-02-06,
1985-02-07,
1985-02-08,
1985-02-09,
1985-02-10,
1985-02-11,
1985-02-12,
1985-02-13,
1985-02-14,
1985-02-15,
1985-02-16,
1985-02-17,
1985-02-18,
1985-02-19,
1985-02-20,
1985-02-21,
1985-02-22,
1985-02-23,
1985-02-24,
1985-02-25,
1985-02-26,
1985-02-27,
1985-02-28,
1985-03-01,
1985-03-02,
1985-03-03,
1985-03-04,
1985-03-05,
1985-03-06,
1985-03-07,
1985-03-08,
1985-03-09,
1985-03-10,
1985-03-11,
1985-03-12,
1985-03-13,
1985-03-14,
1985-03-15,
1985-03-16,
1985-03-17,
1985-03-18,
1985-03-19,
1985-03-20,
1985-03-21,
1985-03-22,
1985-03-23,
1985-03-24,
1985-03-25,
1985-03-26,
1985-03-27,
1985-03-28,
1985-03-29,
1985-03-30,
1985-03-31,
1985-04-01,
1985-04-02,
1985-04-03,
1985-04-04,
1985-04-05,
1985-04-06,
1985-04-07,
1985-04-08,
1985-04-09,
1985-04-10,
1985-04-11,
1985-04-12,
1985-04-13,
1985-04-14,
1985-04-15,
1985-04-16,
1985-04-17,
1985-04-18,
1985-04-19,
1985-04-20,
1985-04-21,
1985-04-22,
1985-04-23,
1985-04-24,
1985-04-25,
1985-04-26,
1985-04-27,
1985-04-28,
1985-04-29,
1985-04-30,
1985-05-01,
1985-05-02,
1985-05-03,
1985-05-04,
1985-05-05,
1985-05-06,
1985-05-07,
1985-05-08,
1985-05-09,
1985-05-10,
1985-05-11,
1985-05-12,
1985-05-13,
1985-05-14,
1985-05-15,
1985-05-16,
1985-05-17,
1985-05-18,
1985-05-19,
1985-05-20,
1985-05-21,
1985-05-22,
1985-05-23,
1985-05-24,
1985-05-25,
1985-05-26,
1985-05-27,
1985-05-28,
1985-05-29,
1985-05-30,
1985-05-31,
1985-06-01,
1985-06-02,
1985-06-03,
1985-06-04,
1985-06-05,
1985-06-06,
1985-06-07,
1985-06-08,
1985-06-09,
1985-06-10,
1985-06-11,
1985-06-12,
1985-06-13,
1985-06-14,
1985-06-15,
1985-06-16,
1985-06-17,
1985-06-18,
1985-06-19,
1985-06-20,
1985-06-21,
1985-06-22,
1985-06-23,
1985-06-24,
1985-06-25,
1985-06-26,
1985-06-27,
1985-06-28,
1985-06-29,
1985-06-30,
1985-07-01,
1985-07-02,
1985-07-03,
1985-07-04,
1985-07-05,
1985-07-06,
1985-07-07,
1985-07-08,
1985-07-09,
1985-07-10,
1985-07-11,
1985-07-12,
1985-07-13,
1985-07-14,
1985-07-15,
1985-07-16,
1985-07-17,
1985-07-18,
1985-07-19,
1985-07-20,
1985-07-21,
1985-07-22,
1985-07-23,
1985-07-24,
1985-07-25,
1985-07-26,
1985-07-27,
1985-07-28,
1985-07-29,
1985-07-30,
1985-07-31,
1985-08-01,
1985-08-02,
1985-08-03,
1985-08-04,
1985-08-05,
1985-08-06,
1985-08-07,
1985-08-08,
1985-08-09,
1985-08-10,
1985-08-11,
1985-08-12,
1985-08-13,
1985-08-14,
1985-08-15,
1985-08-16,
1985-08-17,
1985-08-18,
1985-08-19,
1985-08-20,
1985-08-21,
1985-08-22,
1985-08-23,
1985-08-24,
1985-08-25,
1985-08-26,
1985-08-27,
1985-08-28,
1985-08-29,
1985-08-30,
1985-08-31,
1985-09-01,
1985-09-02,
1985-09-03,
1985-09-04,
1985-09-05,
1985-09-06,
1985-09-07,
1985-09-08,
1985-09-09,
1985-09-10,
1985-09-11,
1985-09-12,
1985-09-13,
1985-09-14,
1985-09-15,
1985-09-16,
1985-09-17,
1985-09-18,
1985-09-19,
1985-09-20,
1985-09-21,
1985-09-22,
1985-09-23,
1985-09-24,
1985-09-25,
1985-09-26,
1985-09-27,
1985-09-28,
1985-09-29,
1985-09-30,
1985-10-01,
1985-10-02,
1985-10-03,
1985-10-04,
1985-10-05,
1985-10-06,
1985-10-07,
1985-10-08,
1985-10-09,
1985-10-10,
1985-10-11,
1985-10-12,
1985-10-13,
1985-10-14,
1985-10-15,
1985-10-16,
1985-10-17,
1985-10-18,
1985-10-19,
1985-10-20,
1985-10-21,
1985-10-22,
1985-10-23,
1985-10-24,
1985-10-25,
1985-10-26,
1985-10-27,
1985-10-28,
1985-10-29,
1985-10-30,
1985-10-31,
1985-11-01,
1985-11-02,
1985-11-03,
1985-11-04,
1985-11-05,
1985-11-06,
1985-11-07,
1985-11-08,
1985-11-09,
1985-11-10,
1985-11-11,
1985-11-12,
1985-11-13,
1985-11-14,
1985-11-15,
1985-11-16,
1985-11-17,
1985-11-18,
1985-11-19,
1985-11-20,
1985-11-21,
1985-11-22,
1985-11-23,
1985-11-24,
1985-11-25,
1985-11-26,
1985-11-27,
1985-11-28,
1985-11-29,
1985-11-30,
1985-12-01,
1985-12-02,
1985-12-03,
1985-12-04,
1985-12-05,
1985-12-06,
1985-12-07,
1985-12-08,
1985-12-09,
1985-12-10,
1985-12-11,
1985-12-12,
1985-12-13,
1985-12-14,
1985-12-15,
1985-12-16,
1985-12-17,
1985-12-18,
1985-12-19,
1985-12-20,
1985-12-21,
1985-12-22,
1985-12-23,
1985-12-24,
1985-12-25,
1985-12-26,
1985-12-27,
1985-12-28,
1985-12-29,
1985-12-30,
1985-12-31,
1986-01-01,
1986-01-02,
1986-01-03,
1986-01-04,
1986-01-05,
1986-01-06,
1986-01-07,
1986-01-08,
1986-01-09,
1986-01-10,
1986-01-11,
1986-01-12,
1986-01-13,
1986-01-14,
1986-01-15,
1986-01-16,
1986-01-17,
1986-01-18,
1986-01-19,
1986-01-20,
1986-01-21,
1986-01-22,
1986-01-23,
1986-01-24,
1986-01-25,
1986-01-26,
1986-01-27,
1986-01-28,
1986-01-29,
1986-01-30,
1986-01-31,
1986-02-01,
1986-02-02,
1986-02-03,
1986-02-04,
1986-02-05,
1986-02-06,
1986-02-07,
1986-02-08,
1986-02-09,
1986-02-10,
1986-02-11,
1986-02-12,
1986-02-13,
1986-02-14,
1986-02-15,
1986-02-16,
1986-02-17,
1986-02-18,
1986-02-19,
1986-02-20,
1986-02-21,
1986-02-22,
1986-02-23,
1986-02-24,
1986-02-25,
1986-02-26,
1986-02-27,
1986-02-28,
1986-03-01,
1986-03-02,
1986-03-03,
1986-03-04,
1986-03-05,
1986-03-06,
1986-03-07,
1986-03-08,
1986-03-09,
1986-03-10,
1986-03-11,
1986-03-12,
1986-03-13,
1986-03-14,
1986-03-15,
1986-03-16,
1986-03-17,
1986-03-18,
1986-03-19,
1986-03-20,
1986-03-21,
1986-03-22,
1986-03-23,
1986-03-24,
1986-03-25,
1986-03-26,
1986-03-27,
1986-03-28,
1986-03-29,
1986-03-30,
1986-03-31,
1986-04-01,
1986-04-02,
1986-04-03,
1986-04-04,
1986-04-05,
1986-04-06,
1986-04-07,
1986-04-08,
1986-04-09,
1986-04-10,
1986-04-11,
1986-04-12,
1986-04-13,
1986-04-14,
1986-04-15,
1986-04-16,
1986-04-17,
1986-04-18,
1986-04-19,
1986-04-20,
1986-04-21,
1986-04-22,
1986-04-23,
1986-04-24,
1986-04-25,
1986-04-26,
1986-04-27,
1986-04-28,
1986-04-29,
1986-04-30,
1986-05-01,
1986-05-02,
1986-05-03,
1986-05-04,
1986-05-05,
1986-05-06,
1986-05-07,
1986-05-08,
1986-05-09,
1986-05-10,
1986-05-11,
1986-05-12,
1986-05-13,
1986-05-14,
1986-05-15,
1986-05-16,
1986-05-17,
1986-05-18,
1986-05-19,
1986-05-20,
1986-05-21,
1986-05-22,
1986-05-23,
1986-05-24,
1986-05-25,
1986-05-26,
1986-05-27,
1986-05-28,
1986-05-29,
1986-05-30,
1986-05-31,
1986-06-01,
1986-06-02,
1986-06-03,
1986-06-04,
1986-06-05,
1986-06-06,
1986-06-07,
1986-06-08,
1986-06-09,
1986-06-10,
1986-06-11,
1986-06-12,
1986-06-13,
1986-06-14,
1986-06-15,
1986-06-16,
1986-06-17,
1986-06-18,
1986-06-19,
1986-06-20,
1986-06-21,
1986-06-22,
1986-06-23,
1986-06-24,
1986-06-25,
1986-06-26,
1986-06-27,
1986-06-28,
1986-06-29,
1986-06-30,
1986-07-01,
1986-07-02,
1986-07-03,
1986-07-04,
1986-07-05,
1986-07-06,
1986-07-07,
1986-07-08,
1986-07-09,
1986-07-10,
1986-07-11,
1986-07-12,
1986-07-13,
1986-07-14,
1986-07-15,
1986-07-16,
1986-07-17,
1986-07-18,
1986-07-19,
1986-07-20,
1986-07-21,
1986-07-22,
1986-07-23,
1986-07-24,
1986-07-25,
1986-07-26,
1986-07-27,
1986-07-28,
1986-07-29,
1986-07-30,
1986-07-31,
1986-08-01,
1986-08-02,
1986-08-03,
1986-08-04,
1986-08-05,
1986-08-06,
1986-08-07,
1986-08-08,
1986-08-09,
1986-08-10,
1986-08-11,
1986-08-12,
1986-08-13,
1986-08-14,
1986-08-15,
1986-08-16,
1986-08-17,
1986-08-18,
1986-08-19,
1986-08-20,
1986-08-21,
1986-08-22,
1986-08-23,
1986-08-24,
1986-08-25,
1986-08-26,
1986-08-27,
1986-08-28,
1986-08-29,
1986-08-30,
1986-08-31,
1986-09-01,
1986-09-02,
1986-09-03,
1986-09-04,
1986-09-05,
1986-09-06,
1986-09-07,
1986-09-08,
1986-09-09,
1986-09-10,
1986-09-11,
1986-09-12,
1986-09-13,
1986-09-14,
1986-09-15,
1986-09-16,
1986-09-17,
1986-09-18,
1986-09-19,
1986-09-20,
1986-09-21,
1986-09-22,
1986-09-23,
1986-09-24,
1986-09-25,
1986-09-26,
1986-09-27,
1986-09-28,
1986-09-29,
1986-09-30,
1986-10-01,
1986-10-02,
1986-10-03,
1986-10-04,
1986-10-05,
1986-10-06,
1986-10-07,
1986-10-08,
1986-10-09,
1986-10-10,
1986-10-11,
1986-10-12,
1986-10-13,
1986-10-14,
1986-10-15,
1986-10-16,
1986-10-17,
1986-10-18,
1986-10-19,
1986-10-20,
1986-10-21,
1986-10-22,
1986-10-23,
1986-10-24,
1986-10-25,
1986-10-26,
1986-10-27,
1986-10-28,
1986-10-29,
1986-10-30,
1986-10-31,
1986-11-01,
1986-11-02,
1986-11-03,
1986-11-04,
1986-11-05,
1986-11-06,
1986-11-07,
1986-11-08,
1986-11-09,
1986-11-10,
1986-11-11,
1986-11-12,
1986-11-13,
1986-11-14,
1986-11-15,
1986-11-16,
1986-11-17,
1986-11-18,
1986-11-19,
1986-11-20,
1986-11-21,
1986-11-22,
1986-11-23,
1986-11-24,
1986-11-25,
1986-11-26,
1986-11-27,
1986-11-28,
1986-11-29,
1986-11-30,
1986-12-01,
1986-12-02,
1986-12-03,
1986-12-04,
1986-12-05,
1986-12-06,
1986-12-07,
1986-12-08,
1986-12-09,
1986-12-10,
1986-12-11,
1986-12-12,
1986-12-13,
1986-12-14,
1986-12-15,
1986-12-16,
1986-12-17,
1986-12-18,
1986-12-19,
1986-12-20,
1986-12-21,
1986-12-22,
1986-12-23,
1986-12-24,
1986-12-25,
1986-12-26,
1986-12-27,
1986-12-28,
1986-12-29,
1986-12-30,
1986-12-31,
1987-01-01,
1987-01-02,
1987-01-03,
1987-01-04,
1987-01-05,
1987-01-06,
1987-01-07,
1987-01-08,
1987-01-09,
1987-01-10,
1987-01-11,
1987-01-12,
1987-01-13,
1987-01-14,
1987-01-15,
1987-01-16,
1987-01-17,
1987-01-18,
1987-01-19,
1987-01-20,
1987-01-21,
1987-01-22,
1987-01-23,
1987-01-24,
1987-01-25,
1987-01-26,
1987-01-27,
1987-01-28,
1987-01-29,
1987-01-30,
1987-01-31,
1987-02-01,
1987-02-02,
1987-02-03,
1987-02-04,
1987-02-05,
1987-02-06,
1987-02-07,
1987-02-08,
1987-02-09,
1987-02-10,
1987-02-11,
1987-02-12,
1987-02-13,
1987-02-14,
1987-02-15,
1987-02-16,
1987-02-17,
1987-02-18,
1987-02-19,
1987-02-20,
1987-02-21,
1987-02-22,
1987-02-23,
1987-02-24,
1987-02-25,
1987-02-26,
1987-02-27,
1987-02-28,
1987-03-01,
1987-03-02,
1987-03-03,
1987-03-04,
1987-03-05,
1987-03-06,
1987-03-07,
1987-03-08,
1987-03-09,
1987-03-10,
1987-03-11,
1987-03-12,
1987-03-13,
1987-03-14,
1987-03-15,
1987-03-16,
1987-03-17,
1987-03-18,
1987-03-19,
1987-03-20,
1987-03-21,
1987-03-22,
1987-03-23,
1987-03-24,
1987-03-25,
1987-03-26,
1987-03-27,
1987-03-28,
1987-03-29,
1987-03-30,
1987-03-31,
1987-04-01,
1987-04-02,
1987-04-03,
1987-04-04,
1987-04-05,
1987-04-06,
1987-04-07,
1987-04-08,
1987-04-09,
1987-04-10,
1987-04-11,
1987-04-12,
1987-04-13,
1987-04-14,
1987-04-15,
1987-04-16,
1987-04-17,
1987-04-18,
1987-04-19,
1987-04-20,
1987-04-21,
1987-04-22,
1987-04-23,
1987-04-24,
1987-04-25,
1987-04-26,
1987-04-27,
1987-04-28,
1987-04-29,
1987-04-30,
1987-05-01,
1987-05-02,
1987-05-03,
1987-05-04,
1987-05-05,
1987-05-06,
1987-05-07,
1987-05-08,
1987-05-09,
1987-05-10,
1987-05-11,
1987-05-12,
1987-05-13,
1987-05-14,
1987-05-15,
1987-05-16,
1987-05-17,
1987-05-18,
1987-05-19,
1987-05-20,
1987-05-21,
1987-05-22,
1987-05-23,
1987-05-24,
1987-05-25,
1987-05-26,
1987-05-27,
1987-05-28,
1987-05-29,
1987-05-30,
1987-05-31,
1987-06-01,
1987-06-02,
1987-06-03,
1987-06-04,
1987-06-05,
1987-06-06,
1987-06-07,
1987-06-08,
1987-06-09,
1987-06-10,
1987-06-11,
1987-06-12,
1987-06-13,
1987-06-14,
1987-06-15,
1987-06-16,
1987-06-17,
1987-06-18,
1987-06-19,
1987-06-20,
1987-06-21,
1987-06-22,
1987-06-23,
1987-06-24,
1987-06-25,
1987-06-26,
1987-06-27,
1987-06-28,
1987-06-29,
1987-06-30,
1987-07-01,
1987-07-02,
1987-07-03,
1987-07-04,
1987-07-05,
1987-07-06,
1987-07-07,
1987-07-08,
1987-07-09,
1987-07-10,
1987-07-11,
1987-07-12,
1987-07-13,
1987-07-14,
1987-07-15,
1987-07-16,
1987-07-17,
1987-07-18,
1987-07-19,
1987-07-20,
1987-07-21,
1987-07-22,
1987-07-23,
1987-07-24,
1987-07-25,
1987-07-26,
1987-07-27,
1987-07-28,
1987-07-29,
1987-07-30,
1987-07-31,
1987-08-01,
1987-08-02,
1987-08-03,
1987-08-04,
1987-08-05,
1987-08-06,
1987-08-07,
1987-08-08,
1987-08-09,
1987-08-10,
1987-08-11,
1987-08-12,
1987-08-13,
1987-08-14,
1987-08-15,
1987-08-16,
1987-08-17,
1987-08-18,
1987-08-19,
1987-08-20,
1987-08-21,
1987-08-22,
1987-08-23,
1987-08-24,
1987-08-25,
1987-08-26,
1987-08-27,
1987-08-28,
1987-08-29,
1987-08-30,
1987-08-31,
1987-09-01,
1987-09-02,
1987-09-03,
1987-09-04,
1987-09-05,
1987-09-06,
1987-09-07,
1987-09-08,
1987-09-09,
1987-09-10,
1987-09-11,
1987-09-12,
1987-09-13,
1987-09-14,
1987-09-15,
1987-09-16,
1987-09-17,
1987-09-18,
1987-09-19,
1987-09-20,
1987-09-21,
1987-09-22,
1987-09-23,
1987-09-24,
1987-09-25,
1987-09-26,
1987-09-27,
1987-09-28,
1987-09-29,
1987-09-30,
1987-10-01,
1987-10-02,
1987-10-03,
1987-10-04,
1987-10-05,
1987-10-06,
1987-10-07,
1987-10-08,
1987-10-09,
1987-10-10,
1987-10-11,
1987-10-12,
1987-10-13,
1987-10-14,
1987-10-15,
1987-10-16,
1987-10-17,
1987-10-18,
1987-10-19,
1987-10-20,
1987-10-21,
1987-10-22,
1987-10-23,
1987-10-24,
1987-10-25,
1987-10-26,
1987-10-27,
1987-10-28,
1987-10-29,
1987-10-30,
1987-10-31,
1987-11-01,
1987-11-02,
1987-11-03,
1987-11-04,
1987-11-05,
1987-11-06,
1987-11-07,
1987-11-08,
1987-11-09,
1987-11-10,
1987-11-11,
1987-11-12,
1987-11-13,
1987-11-14,
1987-11-15,
1987-11-16,
1987-11-17,
1987-11-18,
1987-11-19,
1987-11-20,
1987-11-21,
1987-11-22,
1987-11-23,
1987-11-24,
1987-11-25,
1987-11-26,
1987-11-27,
1987-11-28,
1987-11-29,
1987-11-30,
1987-12-01,
1987-12-02,
1987-12-03,
1987-12-04,
1987-12-05,
1987-12-06,
1987-12-07,
1987-12-08,
1987-12-09,
1987-12-10,
1987-12-11,
1987-12-12,
1987-12-13,
1987-12-14,
1987-12-15,
1987-12-16,
1987-12-17,
1987-12-18,
1987-12-19,
1987-12-20,
1987-12-21,
1987-12-22,
1987-12-23,
1987-12-24,
1987-12-25,
1987-12-26,
1987-12-27,
1987-12-28,
1987-12-29,
1987-12-30,
1987-12-31,
1988-01-01,
1988-01-02,
1988-01-03,
1988-01-04,
1988-01-05,
1988-01-06,
1988-01-07,
1988-01-08,
1988-01-09,
1988-01-10,
1988-01-11,
1988-01-12,
1988-01-13,
1988-01-14,
1988-01-15,
1988-01-16,
1988-01-17,
1988-01-18,
1988-01-19,
1988-01-20,
1988-01-21,
1988-01-22,
1988-01-23,
1988-01-24,
1988-01-25,
1988-01-26,
1988-01-27,
1988-01-28,
1988-01-29,
1988-01-30,
1988-01-31,
1988-02-01,
1988-02-02,
1988-02-03,
1988-02-04,
1988-02-05,
1988-02-06,
1988-02-07,
1988-02-08,
1988-02-09,
1988-02-10,
1988-02-11,
1988-02-12,
1988-02-13,
1988-02-14,
1988-02-15,
1988-02-16,
1988-02-17,
1988-02-18,
1988-02-19,
1988-02-20,
1988-02-21,
1988-02-22,
1988-02-23,
1988-02-24,
1988-02-25,
1988-02-26,
1988-02-27,
1988-02-28,
1988-02-29,
1988-03-01,
1988-03-02,
1988-03-03,
1988-03-04,
1988-03-05,
1988-03-06,
1988-03-07,
1988-03-08,
1988-03-09,
1988-03-10,
1988-03-11,
1988-03-12,
1988-03-13,
1988-03-14,
1988-03-15,
1988-03-16,
1988-03-17,
1988-03-18,
1988-03-19,
1988-03-20,
1988-03-21,
1988-03-22,
1988-03-23,
1988-03-24,
1988-03-25,
1988-03-26,
1988-03-27,
1988-03-28,
1988-03-29,
1988-03-30,
1988-03-31,
1988-04-01,
1988-04-02,
1988-04-03,
1988-04-04,
1988-04-05,
1988-04-06,
1988-04-07,
1988-04-08,
1988-04-09,
1988-04-10,
1988-04-11,
1988-04-12,
1988-04-13,
1988-04-14,
1988-04-15,
1988-04-16,
1988-04-17,
1988-04-18,
1988-04-19,
1988-04-20,
1988-04-21,
1988-04-22,
1988-04-23,
1988-04-24,
1988-04-25,
1988-04-26,
1988-04-27,
1988-04-28,
1988-04-29,
1988-04-30,
1988-05-01,
1988-05-02,
1988-05-03,
1988-05-04,
1988-05-05,
1988-05-06,
1988-05-07,
1988-05-08,
1988-05-09,
1988-05-10,
1988-05-11,
1988-05-12,
1988-05-13,
1988-05-14,
1988-05-15,
1988-05-16,
1988-05-17,
1988-05-18,
1988-05-19,
1988-05-20,
1988-05-21,
1988-05-22,
1988-05-23,
1988-05-24,
1988-05-25,
1988-05-26,
1988-05-27,
1988-05-28,
1988-05-29,
1988-05-30,
1988-05-31,
1988-06-01,
1988-06-02,
1988-06-03,
1988-06-04,
1988-06-05,
1988-06-06,
1988-06-07,
1988-06-08,
1988-06-09,
1988-06-10,
1988-06-11,
1988-06-12,
1988-06-13,
1988-06-14,
1988-06-15,
1988-06-16,
1988-06-17,
1988-06-18,
1988-06-19,
1988-06-20,
1988-06-21,
1988-06-22,
1988-06-23,
1988-06-24,
1988-06-25,
1988-06-26,
1988-06-27,
1988-06-28,
1988-06-29,
1988-06-30,
1988-07-01,
1988-07-02,
1988-07-03,
1988-07-04,
1988-07-05,
1988-07-06,
1988-07-07,
1988-07-08,
1988-07-09,
1988-07-10,
1988-07-11,
1988-07-12,
1988-07-13,
1988-07-14,
1988-07-15,
1988-07-16,
1988-07-17,
1988-07-18,
1988-07-19,
1988-07-20,
1988-07-21,
1988-07-22,
1988-07-23,
1988-07-24,
1988-07-25,
1988-07-26,
1988-07-27,
1988-07-28,
1988-07-29,
1988-07-30,
1988-07-31,
1988-08-01,
1988-08-02,
1988-08-03,
1988-08-04,
1988-08-05,
1988-08-06,
1988-08-07,
1988-08-08,
1988-08-09,
1988-08-10,
1988-08-11,
1988-08-12,
1988-08-13,
1988-08-14,
1988-08-15,
1988-08-16,
1988-08-17,
1988-08-18,
1988-08-19,
1988-08-20,
1988-08-21,
1988-08-22,
1988-08-23,
1988-08-24,
1988-08-25,
1988-08-26,
1988-08-27,
1988-08-28,
1988-08-29,
1988-08-30,
1988-08-31,
1988-09-01,
1988-09-02,
1988-09-03,
1988-09-04,
1988-09-05,
1988-09-06,
1988-09-07,
1988-09-08,
1988-09-09,
1988-09-10,
1988-09-11,
1988-09-12,
1988-09-13,
1988-09-14,
1988-09-15,
1988-09-16,
1988-09-17,
1988-09-18,
1988-09-19,
1988-09-20,
1988-09-21,
1988-09-22,
1988-09-23,
1988-09-24,
1988-09-25,
1988-09-26,
1988-09-27,
1988-09-28,
1988-09-29,
1988-09-30,
1988-10-01,
1988-10-02,
1988-10-03,
1988-10-04,
1988-10-05,
1988-10-06,
1988-10-07,
1988-10-08,
1988-10-09,
1988-10-10,
1988-10-11,
1988-10-12,
1988-10-13,
1988-10-14,
1988-10-15,
1988-10-16,
1988-10-17,
1988-10-18,
1988-10-19,
1988-10-20,
1988-10-21,
1988-10-22,
1988-10-23,
1988-10-24,
1988-10-25,
1988-10-26,
1988-10-27,
1988-10-28,
1988-10-29,
1988-10-30,
1988-10-31,
1988-11-01,
1988-11-02,
1988-11-03,
1988-11-04,
1988-11-05,
1988-11-06,
1988-11-07,
1988-11-08,
1988-11-09,
1988-11-10,
1988-11-11,
1988-11-12,
1988-11-13,
1988-11-14,
1988-11-15,
1988-11-16,
1988-11-17,
1988-11-18,
1988-11-19,
1988-11-20,
1988-11-21,
1988-11-22,
1988-11-23,
1988-11-24,
1988-11-25,
1988-11-26,
1988-11-27,
1988-11-28,
1988-11-29,
1988-11-30,
1988-12-01,
1988-12-02,
1988-12-03,
1988-12-04,
1988-12-05,
1988-12-06,
1988-12-07,
1988-12-08,
1988-12-09,
1988-12-10,
1988-12-11,
1988-12-12,
1988-12-13,
1988-12-14,
1988-12-15,
1988-12-16,
1988-12-17,
1988-12-18,
1988-12-19,
1988-12-20,
1988-12-21,
1988-12-22,
1988-12-23,
1988-12-24,
1988-12-25,
1988-12-26,
1988-12-27,
1988-12-28,
1988-12-29,
1988-12-30,
1988-12-31,
1989-01-01,
1989-01-02,
1989-01-03,
1989-01-04,
1989-01-05,
1989-01-06,
1989-01-07,
1989-01-08,
1989-01-09,
1989-01-10,
1989-01-11,
1989-01-12,
1989-01-13,
1989-01-14,
1989-01-15,
1989-01-16,
1989-01-17,
1989-01-18,
1989-01-19,
1989-01-20,
1989-01-21,
1989-01-22,
1989-01-23,
1989-01-24,
1989-01-25,
1989-01-26,
1989-01-27,
1989-01-28,
1989-01-29,
1989-01-30,
1989-01-31,
1989-02-01,
1989-02-02,
1989-02-03,
1989-02-04,
1989-02-05,
1989-02-06,
1989-02-07,
1989-02-08,
1989-02-09,
1989-02-10,
1989-02-11,
1989-02-12,
1989-02-13,
1989-02-14,
1989-02-15,
1989-02-16,
1989-02-17,
1989-02-18,
1989-02-19,
1989-02-20,
1989-02-21,
1989-02-22,
1989-02-23,
1989-02-24,
1989-02-25,
1989-02-26,
1989-02-27,
1989-02-28,
1989-03-01,
1989-03-02,
1989-03-03,
1989-03-04,
1989-03-05,
1989-03-06,
1989-03-07,
1989-03-08,
1989-03-09,
1989-03-10,
1989-03-11,
1989-03-12,
1989-03-13,
1989-03-14,
1989-03-15,
1989-03-16,
1989-03-17,
1989-03-18,
1989-03-19,
1989-03-20,
1989-03-21,
1989-03-22,
1989-03-23,
1989-03-24,
1989-03-25,
1989-03-26,
1989-03-27,
1989-03-28,
1989-03-29,
1989-03-30,
1989-03-31,
1989-04-01,
1989-04-02,
1989-04-03,
1989-04-04,
1989-04-05,
1989-04-06,
1989-04-07,
1989-04-08,
1989-04-09,
1989-04-10,
1989-04-11,
1989-04-12,
1989-04-13,
1989-04-14,
1989-04-15,
1989-04-16,
1989-04-17,
1989-04-18,
1989-04-19,
1989-04-20,
1989-04-21,
1989-04-22,
1989-04-23,
1989-04-24,
1989-04-25,
1989-04-26,
1989-04-27,
1989-04-28,
1989-04-29,
1989-04-30,
1989-05-01,
1989-05-02,
1989-05-03,
1989-05-04,
1989-05-05,
1989-05-06,
1989-05-07,
1989-05-08,
1989-05-09,
1989-05-10,
1989-05-11,
1989-05-12,
1989-05-13,
1989-05-14,
1989-05-15,
1989-05-16,
1989-05-17,
1989-05-18,
1989-05-19,
1989-05-20,
1989-05-21,
1989-05-22,
1989-05-23,
1989-05-24,
1989-05-25,
1989-05-26,
1989-05-27,
1989-05-28,
1989-05-29,
1989-05-30,
1989-05-31,
1989-06-01,
1989-06-02,
1989-06-03,
1989-06-04,
1989-06-05,
1989-06-06,
1989-06-07,
1989-06-08,
1989-06-09,
1989-06-10,
1989-06-11,
1989-06-12,
1989-06-13,
1989-06-14,
1989-06-15,
1989-06-16,
1989-06-17,
1989-06-18,
1989-06-19,
1989-06-20,
1989-06-21,
1989-06-22,
1989-06-23,
1989-06-24,
1989-06-25,
1989-06-26,
1989-06-27,
1989-06-28,
1989-06-29,
1989-06-30,
1989-07-01,
1989-07-02,
1989-07-03,
1989-07-04,
1989-07-05,
1989-07-06,
1989-07-07,
1989-07-08,
1989-07-09,
1989-07-10,
1989-07-11,
1989-07-12,
1989-07-13,
1989-07-14,
1989-07-15,
1989-07-16,
1989-07-17,
1989-07-18,
1989-07-19,
1989-07-20,
1989-07-21,
1989-07-22,
1989-07-23,
1989-07-24,
1989-07-25,
1989-07-26,
1989-07-27,
1989-07-28,
1989-07-29,
1989-07-30,
1989-07-31,
1989-08-01,
1989-08-02,
1989-08-03,
1989-08-04,
1989-08-05,
1989-08-06,
1989-08-07,
1989-08-08,
1989-08-09,
1989-08-10,
1989-08-11,
1989-08-12,
1989-08-13,
1989-08-14,
1989-08-15,
1989-08-16,
1989-08-17,
1989-08-18,
1989-08-19,
1989-08-20,
1989-08-21,
1989-08-22,
1989-08-23,
1989-08-24,
1989-08-25,
1989-08-26,
1989-08-27,
1989-08-28,
1989-08-29,
1989-08-30,
1989-08-31,
1989-09-01,
1989-09-02,
1989-09-03,
1989-09-04,
1989-09-05,
1989-09-06,
1989-09-07,
1989-09-08,
1989-09-09,
1989-09-10,
1989-09-11,
1989-09-12,
1989-09-13,
1989-09-14,
1989-09-15,
1989-09-16,
1989-09-17,
1989-09-18,
1989-09-19,
1989-09-20,
1989-09-21,
1989-09-22,
1989-09-23,
1989-09-24,
1989-09-25,
1989-09-26,
1989-09-27,
1989-09-28,
1989-09-29,
1989-09-30,
1989-10-01,
1989-10-02,
1989-10-03,
1989-10-04,
1989-10-05,
1989-10-06,
1989-10-07,
1989-10-08,
1989-10-09,
1989-10-10,
1989-10-11,
1989-10-12,
1989-10-13,
1989-10-14,
1989-10-15,
1989-10-16,
1989-10-17,
1989-10-18,
1989-10-19,
1989-10-20,
1989-10-21,
1989-10-22,
1989-10-23,
1989-10-24,
1989-10-25,
1989-10-26,
1989-10-27,
1989-10-28,
1989-10-29,
1989-10-30,
1989-10-31,
1989-11-01,
1989-11-02,
1989-11-03,
1989-11-04,
1989-11-05,
1989-11-06,
1989-11-07,
1989-11-08,
1989-11-09,
1989-11-10,
1989-11-11,
1989-11-12,
1989-11-13,
1989-11-14,
1989-11-15,
1989-11-16,
1989-11-17,
1989-11-18,
1989-11-19,
1989-11-20,
1989-11-21,
1989-11-22,
1989-11-23,
1989-11-24,
1989-11-25,
1989-11-26,
1989-11-27,
1989-11-28,
1989-11-29,
1989-11-30,
1989-12-01,
1989-12-02,
1989-12-03,
1989-12-04,
1989-12-05,
1989-12-06,
1989-12-07,
1989-12-08,
1989-12-09,
1989-12-10,
1989-12-11,
1989-12-12,
1989-12-13,
1989-12-14,
1989-12-15,
1989-12-16,
1989-12-17,
1989-12-18,
1989-12-19,
1989-12-20,
1989-12-21,
1989-12-22,
1989-12-23,
1989-12-24,
1989-12-25,
1989-12-26,
1989-12-27,
1989-12-28,
1989-12-29,
1989-12-30,
1989-12-31,
1990-01-01,
1990-01-02,
1990-01-03,
1990-01-04,
1990-01-05,
1990-01-06,
1990-01-07,
1990-01-08,
1990-01-09,
1990-01-10,
1990-01-11,
1990-01-12,
1990-01-13,
1990-01-14,
1990-01-15,
1990-01-16,
1990-01-17,
1990-01-18,
1990-01-19,
1990-01-20,
1990-01-21,
1990-01-22,
1990-01-23,
1990-01-24,
1990-01-25,
1990-01-26,
1990-01-27,
1990-01-28,
1990-01-29,
1990-01-30,
1990-01-31,
1990-02-01,
1990-02-02,
1990-02-03,
1990-02-04,
1990-02-05,
1990-02-06,
1990-02-07,
1990-02-08,
1990-02-09,
1990-02-10,
1990-02-11,
1990-02-12,
1990-02-13,
1990-02-14,
1990-02-15,
1990-02-16,
1990-02-17,
1990-02-18,
1990-02-19,
1990-02-20,
1990-02-21,
1990-02-22,
1990-02-23,
1990-02-24,
1990-02-25,
1990-02-26,
1990-02-27,
1990-02-28,
1990-03-01,
1990-03-02,
1990-03-03,
1990-03-04,
1990-03-05,
1990-03-06,
1990-03-07,
1990-03-08,
1990-03-09,
1990-03-10,
1990-03-11,
1990-03-12,
1990-03-13,
1990-03-14,
1990-03-15,
1990-03-16,
1990-03-17,
1990-03-18,
1990-03-19,
1990-03-20,
1990-03-21,
1990-03-22,
1990-03-23,
1990-03-24,
1990-03-25,
1990-03-26,
1990-03-27,
1990-03-28,
1990-03-29,
1990-03-30,
1990-03-31,
1990-04-01,
1990-04-02,
1990-04-03,
1990-04-04,
1990-04-05,
1990-04-06,
1990-04-07,
1990-04-08,
1990-04-09,
1990-04-10,
1990-04-11,
1990-04-12,
1990-04-13,
1990-04-14,
1990-04-15,
1990-04-16,
1990-04-17,
1990-04-18,
1990-04-19,
1990-04-20,
1990-04-21,
1990-04-22,
1990-04-23,
1990-04-24,
1990-04-25,
1990-04-26,
1990-04-27,
1990-04-28,
1990-04-29,
1990-04-30,
1990-05-01,
1990-05-02,
1990-05-03,
1990-05-04,
1990-05-05,
1990-05-06,
1990-05-07,
1990-05-08,
1990-05-09,
1990-05-10,
1990-05-11,
1990-05-12,
1990-05-13,
1990-05-14,
1990-05-15,
1990-05-16,
1990-05-17,
1990-05-18,
1990-05-19,
1990-05-20,
1990-05-21,
1990-05-22,
1990-05-23,
1990-05-24,
1990-05-25,
1990-05-26,
1990-05-27,
1990-05-28,
1990-05-29,
1990-05-30,
1990-05-31,
1990-06-01,
1990-06-02,
1990-06-03,
1990-06-04,
1990-06-05,
1990-06-06,
1990-06-07,
1990-06-08,
1990-06-09,
1990-06-10,
1990-06-11,
1990-06-12,
1990-06-13,
1990-06-14,
1990-06-15,
1990-06-16,
1990-06-17,
1990-06-18,
1990-06-19,
1990-06-20,
1990-06-21,
1990-06-22,
1990-06-23,
1990-06-24,
1990-06-25,
1990-06-26,
1990-06-27,
1990-06-28,
1990-06-29,
1990-06-30,
1990-07-01,
1990-07-02,
1990-07-03,
1990-07-04,
1990-07-05,
1990-07-06,
1990-07-07,
1990-07-08,
1990-07-09,
1990-07-10,
1990-07-11,
1990-07-12,
1990-07-13,
1990-07-14,
1990-07-15,
1990-07-16,
1990-07-17,
1990-07-18,
1990-07-19,
1990-07-20,
1990-07-21,
1990-07-22,
1990-07-23,
1990-07-24,
1990-07-25,
1990-07-26,
1990-07-27,
1990-07-28,
1990-07-29,
1990-07-30,
1990-07-31,
1990-08-01,
1990-08-02,
1990-08-03,
1990-08-04,
1990-08-05,
1990-08-06,
1990-08-07,
1990-08-08,
1990-08-09,
1990-08-10,
1990-08-11,
1990-08-12,
1990-08-13,
1990-08-14,
1990-08-15,
1990-08-16,
1990-08-17,
1990-08-18,
1990-08-19,
1990-08-20,
1990-08-21,
1990-08-22,
1990-08-23,
1990-08-24,
1990-08-25,
1990-08-26,
1990-08-27,
1990-08-28,
1990-08-29,
1990-08-30,
1990-08-31,
1990-09-01,
1990-09-02,
1990-09-03,
1990-09-04,
1990-09-05,
1990-09-06,
1990-09-07,
1990-09-08,
1990-09-09,
1990-09-10,
1990-09-11,
1990-09-12,
1990-09-13,
1990-09-14,
1990-09-15,
1990-09-16,
1990-09-17,
1990-09-18,
1990-09-19,
1990-09-20,
1990-09-21,
1990-09-22,
1990-09-23,
1990-09-24,
1990-09-25,
1990-09-26,
1990-09-27,
1990-09-28,
1990-09-29,
1990-09-30,
1990-10-01,
1990-10-02,
1990-10-03,
1990-10-04,
1990-10-05,
1990-10-06,
1990-10-07,
1990-10-08,
1990-10-09,
1990-10-10,
1990-10-11,
1990-10-12,
1990-10-13,
1990-10-14,
1990-10-15,
1990-10-16,
1990-10-17,
1990-10-18,
1990-10-19,
1990-10-20,
1990-10-21,
1990-10-22,
1990-10-23,
1990-10-24,
1990-10-25,
1990-10-26,
1990-10-27,
1990-10-28,
1990-10-29,
1990-10-30,
1990-10-31,
1990-11-01,
1990-11-02,
1990-11-03,
1990-11-04,
1990-11-05,
1990-11-06,
1990-11-07,
1990-11-08,
1990-11-09,
1990-11-10,
1990-11-11,
1990-11-12,
1990-11-13,
1990-11-14,
1990-11-15,
1990-11-16,
1990-11-17,
1990-11-18,
1990-11-19,
1990-11-20,
1990-11-21,
1990-11-22,
1990-11-23,
1990-11-24,
1990-11-25,
1990-11-26,
1990-11-27,
1990-11-28,
1990-11-29,
1990-11-30,
1990-12-01,
1990-12-02,
1990-12-03,
1990-12-04,
1990-12-05,
1990-12-06,
1990-12-07,
1990-12-08,
1990-12-09,
1990-12-10,
1990-12-11,
1990-12-12,
1990-12-13,
1990-12-14,
1990-12-15,
1990-12-16,
1990-12-17,
1990-12-18,
1990-12-19,
1990-12-20,
1990-12-21,
1990-12-22,
1990-12-23,
1990-12-24,
1990-12-25,
1990-12-26,
1990-12-27,
1990-12-28,
1990-12-29,
1990-12-30,
1990-12-31,
1991-01-01,
1991-01-02,
1991-01-03,
1991-01-04,
1991-01-05,
1991-01-06,
1991-01-07,
1991-01-08,
1991-01-09,
1991-01-10,
1991-01-11,
1991-01-12,
1991-01-13,
1991-01-14,
1991-01-15,
1991-01-16,
1991-01-17,
1991-01-18,
1991-01-19,
1991-01-20,
1991-01-21,
1991-01-22,
1991-01-23,
1991-01-24,
1991-01-25,
1991-01-26,
1991-01-27,
1991-01-28,
1991-01-29,
1991-01-30,
1991-01-31,
1991-02-01,
1991-02-02,
1991-02-03,
1991-02-04,
1991-02-05,
1991-02-06,
1991-02-07,
1991-02-08,
1991-02-09,
1991-02-10,
1991-02-11,
1991-02-12,
1991-02-13,
1991-02-14,
1991-02-15,
1991-02-16,
1991-02-17,
1991-02-18,
1991-02-19,
1991-02-20,
1991-02-21,
1991-02-22,
1991-02-23,
1991-02-24,
1991-02-25,
1991-02-26,
1991-02-27,
1991-02-28,
1991-03-01,
1991-03-02,
1991-03-03,
1991-03-04,
1991-03-05,
1991-03-06,
1991-03-07,
1991-03-08,
1991-03-09,
1991-03-10,
1991-03-11,
1991-03-12,
1991-03-13,
1991-03-14,
1991-03-15,
1991-03-16,
1991-03-17,
1991-03-18,
1991-03-19,
1991-03-20,
1991-03-21,
1991-03-22,
1991-03-23,
1991-03-24,
1991-03-25,
1991-03-26,
1991-03-27,
1991-03-28,
1991-03-29,
1991-03-30,
1991-03-31,
1991-04-01,
1991-04-02,
1991-04-03,
1991-04-04,
1991-04-05,
1991-04-06,
1991-04-07,
1991-04-08,
1991-04-09,
1991-04-10,
1991-04-11,
1991-04-12,
1991-04-13,
1991-04-14,
1991-04-15,
1991-04-16,
1991-04-17,
1991-04-18,
1991-04-19,
1991-04-20,
1991-04-21,
1991-04-22,
1991-04-23,
1991-04-24,
1991-04-25,
1991-04-26,
1991-04-27,
1991-04-28,
1991-04-29,
1991-04-30,
1991-05-01,
1991-05-02,
1991-05-03,
1991-05-04,
1991-05-05,
1991-05-06,
1991-05-07,
1991-05-08,
1991-05-09,
1991-05-10,
1991-05-11,
1991-05-12,
1991-05-13,
1991-05-14,
1991-05-15,
1991-05-16,
1991-05-17,
1991-05-18,
1991-05-19,
1991-05-20,
1991-05-21,
1991-05-22,
1991-05-23,
1991-05-24,
1991-05-25,
1991-05-26,
1991-05-27,
1991-05-28,
1991-05-29,
1991-05-30,
1991-05-31,
1991-06-01,
1991-06-02,
1991-06-03,
1991-06-04,
1991-06-05,
1991-06-06,
1991-06-07,
1991-06-08,
1991-06-09,
1991-06-10,
1991-06-11,
1991-06-12,
1991-06-13,
1991-06-14,
1991-06-15,
1991-06-16,
1991-06-17,
1991-06-18,
1991-06-19,
1991-06-20,
1991-06-21,
1991-06-22,
1991-06-23,
1991-06-24,
1991-06-25,
1991-06-26,
1991-06-27,
1991-06-28,
1991-06-29,
1991-06-30,
1991-07-01,
1991-07-02,
1991-07-03,
1991-07-04,
1991-07-05,
1991-07-06,
1991-07-07,
1991-07-08,
1991-07-09,
1991-07-10,
1991-07-11,
1991-07-12,
1991-07-13,
1991-07-14,
1991-07-15,
1991-07-16,
1991-07-17,
1991-07-18,
1991-07-19,
1991-07-20,
1991-07-21,
1991-07-22,
1991-07-23,
1991-07-24,
1991-07-25,
1991-07-26,
1991-07-27,
1991-07-28,
1991-07-29,
1991-07-30,
1991-07-31,
1991-08-01,
1991-08-02,
1991-08-03,
1991-08-04,
1991-08-05,
1991-08-06,
1991-08-07,
1991-08-08,
1991-08-09,
1991-08-10,
1991-08-11,
1991-08-12,
1991-08-13,
1991-08-14,
1991-08-15,
1991-08-16,
1991-08-17,
1991-08-18,
1991-08-19,
1991-08-20,
1991-08-21,
1991-08-22,
1991-08-23,
1991-08-24,
1991-08-25,
1991-08-26,
1991-08-27,
1991-08-28,
1991-08-29,
1991-08-30,
1991-08-31,
1991-09-01,
1991-09-02,
1991-09-03,
1991-09-04,
1991-09-05,
1991-09-06,
1991-09-07,
1991-09-08,
1991-09-09,
1991-09-10,
1991-09-11,
1991-09-12,
1991-09-13,
1991-09-14,
1991-09-15,
1991-09-16,
1991-09-17,
1991-09-18,
1991-09-19,
1991-09-20,
1991-09-21,
1991-09-22,
1991-09-23,
1991-09-24,
1991-09-25,
1991-09-26,
1991-09-27,
1991-09-28,
1991-09-29,
1991-09-30,
1991-10-01,
1991-10-02,
1991-10-03,
1991-10-04,
1991-10-05,
1991-10-06,
1991-10-07,
1991-10-08,
1991-10-09,
1991-10-10,
1991-10-11,
1991-10-12,
1991-10-13,
1991-10-14,
1991-10-15,
1991-10-16,
1991-10-17,
1991-10-18,
1991-10-19,
1991-10-20,
1991-10-21,
1991-10-22,
1991-10-23,
1991-10-24,
1991-10-25,
1991-10-26,
1991-10-27,
1991-10-28,
1991-10-29,
1991-10-30,
1991-10-31,
1991-11-01,
1991-11-02,
1991-11-03,
1991-11-04,
1991-11-05,
1991-11-06,
1991-11-07,
1991-11-08,
1991-11-09,
1991-11-10,
1991-11-11,
1991-11-12,
1991-11-13,
1991-11-14,
1991-11-15,
1991-11-16,
1991-11-17,
1991-11-18,
1991-11-19,
1991-11-20,
1991-11-21,
1991-11-22,
1991-11-23,
1991-11-24,
1991-11-25,
1991-11-26,
1991-11-27,
1991-11-28,
1991-11-29,
1991-11-30,
1991-12-01,
1991-12-02,
1991-12-03,
1991-12-04,
1991-12-05,
1991-12-06,
1991-12-07,
1991-12-08,
1991-12-09,
1991-12-10,
1991-12-11,
1991-12-12,
1991-12-13,
1991-12-14,
1991-12-15,
1991-12-16,
1991-12-17,
1991-12-18,
1991-12-19,
1991-12-20,
1991-12-21,
1991-12-22,
1991-12-23,
1991-12-24,
1991-12-25,
1991-12-26,
1991-12-27,
1991-12-28,
1991-12-29,
1991-12-30,
1991-12-31,
1992-01-01,
1992-01-02,
1992-01-03,
1992-01-04,
1992-01-05,
1992-01-06,
1992-01-07,
1992-01-08,
1992-01-09,
1992-01-10,
1992-01-11,
1992-01-12,
1992-01-13,
1992-01-14,
1992-01-15,
1992-01-16,
1992-01-17,
1992-01-18,
1992-01-19,
1992-01-20,
1992-01-21,
1992-01-22,
1992-01-23,
1992-01-24,
1992-01-25,
1992-01-26,
1992-01-27,
1992-01-28,
1992-01-29,
1992-01-30,
1992-01-31,
1992-02-01,
1992-02-02,
1992-02-03,
1992-02-04,
1992-02-05,
1992-02-06,
1992-02-07,
1992-02-08,
1992-02-09,
1992-02-10,
1992-02-11,
1992-02-12,
1992-02-13,
1992-02-14,
1992-02-15,
1992-02-16,
1992-02-17,
1992-02-18,
1992-02-19,
1992-02-20,
1992-02-21,
1992-02-22,
1992-02-23,
1992-02-24,
1992-02-25,
1992-02-26,
1992-02-27,
1992-02-28,
1992-02-29,
1992-03-01,
1992-03-02,
1992-03-03,
1992-03-04,
1992-03-05,
1992-03-06,
1992-03-07,
1992-03-08,
1992-03-09,
1992-03-10,
1992-03-11,
1992-03-12,
1992-03-13,
1992-03-14,
1992-03-15,
1992-03-16,
1992-03-17,
1992-03-18,
1992-03-19,
1992-03-20,
1992-03-21,
1992-03-22,
1992-03-23,
1992-03-24,
1992-03-25,
1992-03-26,
1992-03-27,
1992-03-28,
1992-03-29,
1992-03-30,
1992-03-31,
1992-04-01,
1992-04-02,
1992-04-03,
1992-04-04,
1992-04-05,
1992-04-06,
1992-04-07,
1992-04-08,
1992-04-09,
1992-04-10,
1992-04-11,
1992-04-12,
1992-04-13,
1992-04-14,
1992-04-15,
1992-04-16,
1992-04-17,
1992-04-18,
1992-04-19,
1992-04-20,
1992-04-21,
1992-04-22,
1992-04-23,
1992-04-24,
1992-04-25,
1992-04-26,
1992-04-27,
1992-04-28,
1992-04-29,
1992-04-30,
1992-05-01,
1992-05-02,
1992-05-03,
1992-05-04,
1992-05-05,
1992-05-06,
1992-05-07,
1992-05-08,
1992-05-09,
1992-05-10,
1992-05-11,
1992-05-12,
1992-05-13,
1992-05-14,
1992-05-15,
1992-05-16,
1992-05-17,
1992-05-18,
1992-05-19,
1992-05-20,
1992-05-21,
1992-05-22,
1992-05-23,
1992-05-24,
1992-05-25,
1992-05-26,
1992-05-27,
1992-05-28,
1992-05-29,
1992-05-30,
1992-05-31,
1992-06-01,
1992-06-02,
1992-06-03,
1992-06-04,
1992-06-05,
1992-06-06,
1992-06-07,
1992-06-08,
1992-06-09,
1992-06-10,
1992-06-11,
1992-06-12,
1992-06-13,
1992-06-14,
1992-06-15,
1992-06-16,
1992-06-17,
1992-06-18,
1992-06-19,
1992-06-20,
1992-06-21,
1992-06-22,
1992-06-23,
1992-06-24,
1992-06-25,
1992-06-26,
1992-06-27,
1992-06-28,
1992-06-29,
1992-06-30,
1992-07-01,
1992-07-02,
1992-07-03,
1992-07-04,
1992-07-05,
1992-07-06,
1992-07-07,
1992-07-08,
1992-07-09,
1992-07-10,
1992-07-11,
1992-07-12,
1992-07-13,
1992-07-14,
1992-07-15,
1992-07-16,
1992-07-17,
1992-07-18,
1992-07-19,
1992-07-20,
1992-07-21,
1992-07-22,
1992-07-23,
1992-07-24,
1992-07-25,
1992-07-26,
1992-07-27,
1992-07-28,
1992-07-29,
1992-07-30,
1992-07-31,
1992-08-01,
1992-08-02,
1992-08-03,
1992-08-04,
1992-08-05,
1992-08-06,
1992-08-07,
1992-08-08,
1992-08-09,
1992-08-10,
1992-08-11,
1992-08-12,
1992-08-13,
1992-08-14,
1992-08-15,
1992-08-16,
1992-08-17,
1992-08-18,
1992-08-19,
1992-08-20,
1992-08-21,
1992-08-22,
1992-08-23,
1992-08-24,
1992-08-25,
1992-08-26,
1992-08-27,
1992-08-28,
1992-08-29,
1992-08-30,
1992-08-31,
1992-09-01,
1992-09-02,
1992-09-03,
1992-09-04,
1992-09-05,
1992-09-06,
1992-09-07,
1992-09-08,
1992-09-09,
1992-09-10,
1992-09-11,
1992-09-12,
1992-09-13,
1992-09-14,
1992-09-15,
1992-09-16,
1992-09-17,
1992-09-18,
1992-09-19,
1992-09-20,
1992-09-21,
1992-09-22,
1992-09-23,
1992-09-24,
1992-09-25,
1992-09-26,
1992-09-27,
1992-09-28,
1992-09-29,
1992-09-30,
1992-10-01,
1992-10-02,
1992-10-03,
1992-10-04,
1992-10-05,
1992-10-06,
1992-10-07,
1992-10-08,
1992-10-09,
1992-10-10,
1992-10-11,
1992-10-12,
1992-10-13,
1992-10-14,
1992-10-15,
1992-10-16,
1992-10-17,
1992-10-18,
1992-10-19,
1992-10-20,
1992-10-21,
1992-10-22,
1992-10-23,
1992-10-24,
1992-10-25,
1992-10-26,
1992-10-27,
1992-10-28,
1992-10-29,
1992-10-30,
1992-10-31,
1992-11-01,
1992-11-02,
1992-11-03,
1992-11-04,
1992-11-05,
1992-11-06,
1992-11-07,
1992-11-08,
1992-11-09,
1992-11-10,
1992-11-11,
1992-11-12,
1992-11-13,
1992-11-14,
1992-11-15,
1992-11-16,
1992-11-17,
1992-11-18,
1992-11-19,
1992-11-20,
1992-11-21,
1992-11-22,
1992-11-23,
1992-11-24,
1992-11-25,
1992-11-26,
1992-11-27,
1992-11-28,
1992-11-29,
1992-11-30,
1992-12-01,
1992-12-02,
1992-12-03,
1992-12-04,
1992-12-05,
1992-12-06,
1992-12-07,
1992-12-08,
1992-12-09,
1992-12-10,
1992-12-11,
1992-12-12,
1992-12-13,
1992-12-14,
1992-12-15,
1992-12-16,
1992-12-17,
1992-12-18,
1992-12-19,
1992-12-20,
1992-12-21,
1992-12-22,
1992-12-23,
1992-12-24,
1992-12-25,
1992-12-26,
1992-12-27,
1992-12-28,
1992-12-29,
1992-12-30,
1992-12-31,
1993-01-01,
1993-01-02,
1993-01-03,
1993-01-04,
1993-01-05,
1993-01-06,
1993-01-07,
1993-01-08,
1993-01-09,
1993-01-10,
1993-01-11,
1993-01-12,
1993-01-13,
1993-01-14,
1993-01-15,
1993-01-16,
1993-01-17,
1993-01-18,
1993-01-19,
1993-01-20,
1993-01-21,
1993-01-22,
1993-01-23,
1993-01-24,
1993-01-25,
1993-01-26,
1993-01-27,
1993-01-28,
1993-01-29,
1993-01-30,
1993-01-31,
1993-02-01,
1993-02-02,
1993-02-03,
1993-02-04,
1993-02-05,
1993-02-06,
1993-02-07,
1993-02-08,
1993-02-09,
1993-02-10,
1993-02-11,
1993-02-12,
1993-02-13,
1993-02-14,
1993-02-15,
1993-02-16,
1993-02-17,
1993-02-18,
1993-02-19,
1993-02-20,
1993-02-21,
1993-02-22,
1993-02-23,
1993-02-24,
1993-02-25,
1993-02-26,
1993-02-27,
1993-02-28,
1993-03-01,
1993-03-02,
1993-03-03,
1993-03-04,
1993-03-05,
1993-03-06,
1993-03-07,
1993-03-08,
1993-03-09,
1993-03-10,
1993-03-11,
1993-03-12,
1993-03-13,
1993-03-14,
1993-03-15,
1993-03-16,
1993-03-17,
1993-03-18,
1993-03-19,
1993-03-20,
1993-03-21,
1993-03-22,
1993-03-23,
1993-03-24,
1993-03-25,
1993-03-26,
1993-03-27,
1993-03-28,
1993-03-29,
1993-03-30,
1993-03-31,
1993-04-01,
1993-04-02,
1993-04-03,
1993-04-04,
1993-04-05,
1993-04-06,
1993-04-07,
1993-04-08,
1993-04-09,
1993-04-10,
1993-04-11,
1993-04-12,
1993-04-13,
1993-04-14,
1993-04-15,
1993-04-16,
1993-04-17,
1993-04-18,
1993-04-19,
1993-04-20,
1993-04-21,
1993-04-22,
1993-04-23,
1993-04-24,
1993-04-25,
1993-04-26,
1993-04-27,
1993-04-28,
1993-04-29,
1993-04-30,
1993-05-01,
1993-05-02,
1993-05-03,
1993-05-04,
1993-05-05,
1993-05-06,
1993-05-07,
1993-05-08,
1993-05-09,
1993-05-10,
1993-05-11,
1993-05-12,
1993-05-13,
1993-05-14,
1993-05-15,
1993-05-16,
1993-05-17,
1993-05-18,
1993-05-19,
1993-05-20,
1993-05-21,
1993-05-22,
1993-05-23,
1993-05-24,
1993-05-25,
1993-05-26,
1993-05-27,
1993-05-28,
1993-05-29,
1993-05-30,
1993-05-31,
1993-06-01,
1993-06-02,
1993-06-03,
1993-06-04,
1993-06-05,
1993-06-06,
1993-06-07,
1993-06-08,
1993-06-09,
1993-06-10,
1993-06-11,
1993-06-12,
1993-06-13,
1993-06-14,
1993-06-15,
1993-06-16,
1993-06-17,
1993-06-18,
1993-06-19,
1993-06-20,
1993-06-21,
1993-06-22,
1993-06-23,
1993-06-24,
1993-06-25,
1993-06-26,
1993-06-27,
1993-06-28,
1993-06-29,
1993-06-30,
1993-07-01,
1993-07-02,
1993-07-03,
1993-07-04,
1993-07-05,
1993-07-06,
1993-07-07,
1993-07-08,
1993-07-09,
1993-07-10,
1993-07-11,
1993-07-12,
1993-07-13,
1993-07-14,
1993-07-15,
1993-07-16,
1993-07-17,
1993-07-18,
1993-07-19,
1993-07-20,
1993-07-21,
1993-07-22,
1993-07-23,
1993-07-24,
1993-07-25,
1993-07-26,
1993-07-27,
1993-07-28,
1993-07-29,
1993-07-30,
1993-07-31,
1993-08-01,
1993-08-02,
1993-08-03,
1993-08-04,
1993-08-05,
1993-08-06,
1993-08-07,
1993-08-08,
1993-08-09,
1993-08-10,
1993-08-11,
1993-08-12,
1993-08-13,
1993-08-14,
1993-08-15,
1993-08-16,
1993-08-17,
1993-08-18,
1993-08-19,
1993-08-20,
1993-08-21,
1993-08-22,
1993-08-23,
1993-08-24,
1993-08-25,
1993-08-26,
1993-08-27,
1993-08-28,
1993-08-29,
1993-08-30,
1993-08-31,
1993-09-01,
1993-09-02,
1993-09-03,
1993-09-04,
1993-09-05,
1993-09-06,
1993-09-07,
1993-09-08,
1993-09-09,
1993-09-10,
1993-09-11,
1993-09-12,
1993-09-13,
1993-09-14,
1993-09-15,
1993-09-16,
1993-09-17,
1993-09-18,
1993-09-19,
1993-09-20,
1993-09-21,
1993-09-22,
1993-09-23,
1993-09-24,
1993-09-25,
1993-09-26,
1993-09-27,
1993-09-28,
1993-09-29,
1993-09-30,
1993-10-01,
1993-10-02,
1993-10-03,
1993-10-04,
1993-10-05,
1993-10-06,
1993-10-07,
1993-10-08,
1993-10-09,
1993-10-10,
1993-10-11,
1993-10-12,
1993-10-13,
1993-10-14,
1993-10-15,
1993-10-16,
1993-10-17,
1993-10-18,
1993-10-19,
1993-10-20,
1993-10-21,
1993-10-22,
1993-10-23,
1993-10-24,
1993-10-25,
1993-10-26,
1993-10-27,
1993-10-28,
1993-10-29,
1993-10-30,
1993-10-31,
1993-11-01,
1993-11-02,
1993-11-03,
1993-11-04,
1993-11-05,
1993-11-06,
1993-11-07,
1993-11-08,
1993-11-09,
1993-11-10,
1993-11-11,
1993-11-12,
1993-11-13,
1993-11-14,
1993-11-15,
1993-11-16,
1993-11-17,
1993-11-18,
1993-11-19,
1993-11-20,
1993-11-21,
1993-11-22,
1993-11-23,
1993-11-24,
1993-11-25,
1993-11-26,
1993-11-27,
1993-11-28,
1993-11-29,
1993-11-30,
1993-12-01,
1993-12-02,
1993-12-03,
1993-12-04,
1993-12-05,
1993-12-06,
1993-12-07,
1993-12-08,
1993-12-09,
1993-12-10,
1993-12-11,
1993-12-12,
1993-12-13,
1993-12-14,
1993-12-15,
1993-12-16,
1993-12-17,
1993-12-18,
1993-12-19,
1993-12-20,
1993-12-21,
1993-12-22,
1993-12-23,
1993-12-24,
1993-12-25,
1993-12-26,
1993-12-27,
1993-12-28,
1993-12-29,
1993-12-30,
1993-12-31,
1994-01-01,
1994-01-02,
1994-01-03,
1994-01-04,
1994-01-05,
1994-01-06,
1994-01-07,
1994-01-08,
1994-01-09,
1994-01-10,
1994-01-11,
1994-01-12,
1994-01-13,
1994-01-14,
1994-01-15,
1994-01-16,
1994-01-17,
1994-01-18,
1994-01-19,
1994-01-20,
1994-01-21,
1994-01-22,
1994-01-23,
1994-01-24,
1994-01-25,
1994-01-26,
1994-01-27,
1994-01-28,
1994-01-29,
1994-01-30,
1994-01-31,
1994-02-01,
1994-02-02,
1994-02-03,
1994-02-04,
1994-02-05,
1994-02-06,
1994-02-07,
1994-02-08,
1994-02-09,
1994-02-10,
1994-02-11,
1994-02-12,
1994-02-13,
1994-02-14,
1994-02-15,
1994-02-16,
1994-02-17,
1994-02-18,
1994-02-19,
1994-02-20,
1994-02-21,
1994-02-22,
1994-02-23,
1994-02-24,
1994-02-25,
1994-02-26,
1994-02-27,
1994-02-28,
1994-03-01,
1994-03-02,
1994-03-03,
1994-03-04,
1994-03-05,
1994-03-06,
1994-03-07,
1994-03-08,
1994-03-09,
1994-03-10,
1994-03-11,
1994-03-12,
1994-03-13,
1994-03-14,
1994-03-15,
1994-03-16,
1994-03-17,
1994-03-18,
1994-03-19,
1994-03-20,
1994-03-21,
1994-03-22,
1994-03-23,
1994-03-24,
1994-03-25,
1994-03-26,
1994-03-27,
1994-03-28,
1994-03-29,
1994-03-30,
1994-03-31,
1994-04-01,
1994-04-02,
1994-04-03,
1994-04-04,
1994-04-05,
1994-04-06,
1994-04-07,
1994-04-08,
1994-04-09,
1994-04-10,
1994-04-11,
1994-04-12,
1994-04-13,
1994-04-14,
1994-04-15,
1994-04-16,
1994-04-17,
1994-04-18,
1994-04-19,
1994-04-20,
1994-04-21,
1994-04-22,
1994-04-23,
1994-04-24,
1994-04-25,
1994-04-26,
1994-04-27,
1994-04-28,
1994-04-29,
1994-04-30,
1994-05-01,
1994-05-02,
1994-05-03,
1994-05-04,
1994-05-05,
1994-05-06,
1994-05-07,
1994-05-08,
1994-05-09,
1994-05-10,
1994-05-11,
1994-05-12,
1994-05-13,
1994-05-14,
1994-05-15,
1994-05-16,
1994-05-17,
1994-05-18,
1994-05-19,
1994-05-20,
1994-05-21,
1994-05-22,
1994-05-23,
1994-05-24,
1994-05-25,
1994-05-26,
1994-05-27,
1994-05-28,
1994-05-29,
1994-05-30,
1994-05-31,
1994-06-01,
1994-06-02,
1994-06-03,
1994-06-04,
1994-06-05,
1994-06-06,
1994-06-07,
1994-06-08,
1994-06-09,
1994-06-10,
1994-06-11,
1994-06-12,
1994-06-13,
1994-06-14,
1994-06-15,
1994-06-16,
1994-06-17,
1994-06-18,
1994-06-19,
1994-06-20,
1994-06-21,
1994-06-22,
1994-06-23,
1994-06-24,
1994-06-25,
1994-06-26,
1994-06-27,
1994-06-28,
1994-06-29,
1994-06-30,
1994-07-01,
1994-07-02,
1994-07-03,
1994-07-04,
1994-07-05,
1994-07-06,
1994-07-07,
1994-07-08,
1994-07-09,
1994-07-10,
1994-07-11,
1994-07-12,
1994-07-13,
1994-07-14,
1994-07-15,
1994-07-16,
1994-07-17,
1994-07-18,
1994-07-19,
1994-07-20,
1994-07-21,
1994-07-22,
1994-07-23,
1994-07-24,
1994-07-25,
1994-07-26,
1994-07-27,
1994-07-28,
1994-07-29,
1994-07-30,
1994-07-31,
1994-08-01,
1994-08-02,
1994-08-03,
1994-08-04,
1994-08-05,
1994-08-06,
1994-08-07,
1994-08-08,
1994-08-09,
1994-08-10,
1994-08-11,
1994-08-12,
1994-08-13,
1994-08-14,
1994-08-15,
1994-08-16,
1994-08-17,
1994-08-18,
1994-08-19,
1994-08-20,
1994-08-21,
1994-08-22,
1994-08-23,
1994-08-24,
1994-08-25,
1994-08-26,
1994-08-27,
1994-08-28,
1994-08-29,
1994-08-30,
1994-08-31,
1994-09-01,
1994-09-02,
1994-09-03,
1994-09-04,
1994-09-05,
1994-09-06,
1994-09-07,
1994-09-08,
1994-09-09,
1994-09-10,
1994-09-11,
1994-09-12,
1994-09-13,
1994-09-14,
1994-09-15,
1994-09-16,
1994-09-17,
1994-09-18,
1994-09-19,
1994-09-20,
1994-09-21,
1994-09-22,
1994-09-23,
1994-09-24,
1994-09-25,
1994-09-26,
1994-09-27,
1994-09-28,
1994-09-29,
1994-09-30,
1994-10-01,
1994-10-02,
1994-10-03,
1994-10-04,
1994-10-05,
1994-10-06,
1994-10-07,
1994-10-08,
1994-10-09,
1994-10-10,
1994-10-11,
1994-10-12,
1994-10-13,
1994-10-14,
1994-10-15,
1994-10-16,
1994-10-17,
1994-10-18,
1994-10-19,
1994-10-20,
1994-10-21,
1994-10-22,
1994-10-23,
1994-10-24,
1994-10-25,
1994-10-26,
1994-10-27,
1994-10-28,
1994-10-29,
1994-10-30,
1994-10-31,
1994-11-01,
1994-11-02,
1994-11-03,
1994-11-04,
1994-11-05,
1994-11-06,
1994-11-07,
1994-11-08,
1994-11-09,
1994-11-10,
1994-11-11,
1994-11-12,
1994-11-13,
1994-11-14,
1994-11-15,
1994-11-16,
1994-11-17,
1994-11-18,
1994-11-19,
1994-11-20,
1994-11-21,
1994-11-22,
1994-11-23,
1994-11-24,
1994-11-25,
1994-11-26,
1994-11-27,
1994-11-28,
1994-11-29,
1994-11-30,
1994-12-01,
1994-12-02,
1994-12-03,
1994-12-04,
1994-12-05,
1994-12-06,
1994-12-07,
1994-12-08,
1994-12-09,
1994-12-10,
1994-12-11,
1994-12-12,
1994-12-13,
1994-12-14,
1994-12-15,
1994-12-16,
1994-12-17,
1994-12-18,
1994-12-19,
1994-12-20,
1994-12-21,
1994-12-22,
1994-12-23,
1994-12-24,
1994-12-25,
1994-12-26,
1994-12-27,
1994-12-28,
1994-12-29,
1994-12-30,
1994-12-31,
1995-01-01,
1995-01-02,
1995-01-03,
1995-01-04,
1995-01-05,
1995-01-06,
1995-01-07,
1995-01-08,
1995-01-09,
1995-01-10,
1995-01-11,
1995-01-12,
1995-01-13,
1995-01-14,
1995-01-15,
1995-01-16,
1995-01-17,
1995-01-18,
1995-01-19,
1995-01-20,
1995-01-21,
1995-01-22,
1995-01-23,
1995-01-24,
1995-01-25,
1995-01-26,
1995-01-27,
1995-01-28,
1995-01-29,
1995-01-30,
1995-01-31,
1995-02-01,
1995-02-02,
1995-02-03,
1995-02-04,
1995-02-05,
1995-02-06,
1995-02-07,
1995-02-08,
1995-02-09,
1995-02-10,
1995-02-11,
1995-02-12,
1995-02-13,
1995-02-14,
1995-02-15,
1995-02-16,
1995-02-17,
1995-02-18,
1995-02-19,
1995-02-20,
1995-02-21,
1995-02-22,
1995-02-23,
1995-02-24,
1995-02-25,
1995-02-26,
1995-02-27,
1995-02-28,
1995-03-01,
1995-03-02,
1995-03-03,
1995-03-04,
1995-03-05,
1995-03-06,
1995-03-07,
1995-03-08,
1995-03-09,
1995-03-10,
1995-03-11,
1995-03-12,
1995-03-13,
1995-03-14,
1995-03-15,
1995-03-16,
1995-03-17,
1995-03-18,
1995-03-19,
1995-03-20,
1995-03-21,
1995-03-22,
1995-03-23,
1995-03-24,
1995-03-25,
1995-03-26,
1995-03-27,
1995-03-28,
1995-03-29,
1995-03-30,
1995-03-31,
1995-04-01,
1995-04-02,
1995-04-03,
1995-04-04,
1995-04-05,
1995-04-06,
1995-04-07,
1995-04-08,
1995-04-09,
1995-04-10,
1995-04-11,
1995-04-12,
1995-04-13,
1995-04-14,
1995-04-15,
1995-04-16,
1995-04-17,
1995-04-18,
1995-04-19,
1995-04-20,
1995-04-21,
1995-04-22,
1995-04-23,
1995-04-24,
1995-04-25,
1995-04-26,
1995-04-27,
1995-04-28,
1995-04-29,
1995-04-30,
1995-05-01,
1995-05-02,
1995-05-03,
1995-05-04,
1995-05-05,
1995-05-06,
1995-05-07,
1995-05-08,
1995-05-09,
1995-05-10,
1995-05-11,
1995-05-12,
1995-05-13,
1995-05-14,
1995-05-15,
1995-05-16,
1995-05-17,
1995-05-18,
1995-05-19,
1995-05-20,
1995-05-21,
1995-05-22,
1995-05-23,
1995-05-24,
1995-05-25,
1995-05-26,
1995-05-27,
1995-05-28,
1995-05-29,
1995-05-30,
1995-05-31,
1995-06-01,
1995-06-02,
1995-06-03,
1995-06-04,
1995-06-05,
1995-06-06,
1995-06-07,
1995-06-08,
1995-06-09,
1995-06-10,
1995-06-11,
1995-06-12,
1995-06-13,
1995-06-14,
1995-06-15,
1995-06-16,
1995-06-17,
1995-06-18,
1995-06-19,
1995-06-20,
1995-06-21,
1995-06-22,
1995-06-23,
1995-06-24,
1995-06-25,
1995-06-26,
1995-06-27,
1995-06-28,
1995-06-29,
1995-06-30,
1995-07-01,
1995-07-02,
1995-07-03,
1995-07-04,
1995-07-05,
1995-07-06,
1995-07-07,
1995-07-08,
1995-07-09,
1995-07-10,
1995-07-11,
1995-07-12,
1995-07-13,
1995-07-14,
1995-07-15,
1995-07-16,
1995-07-17,
1995-07-18,
1995-07-19,
1995-07-20,
1995-07-21,
1995-07-22,
1995-07-23,
1995-07-24,
1995-07-25,
1995-07-26,
1995-07-27,
1995-07-28,
1995-07-29,
1995-07-30,
1995-07-31,
1995-08-01,
1995-08-02,
1995-08-03,
1995-08-04,
1995-08-05,
1995-08-06,
1995-08-07,
1995-08-08,
1995-08-09,
1995-08-10,
1995-08-11,
1995-08-12,
1995-08-13,
1995-08-14,
1995-08-15,
1995-08-16,
1995-08-17,
1995-08-18,
1995-08-19,
1995-08-20,
1995-08-21,
1995-08-22,
1995-08-23,
1995-08-24,
1995-08-25,
1995-08-26,
1995-08-27,
1995-08-28,
1995-08-29,
1995-08-30,
1995-08-31,
1995-09-01,
1995-09-02,
1995-09-03,
1995-09-04,
1995-09-05,
1995-09-06,
1995-09-07,
1995-09-08,
1995-09-09,
1995-09-10,
1995-09-11,
1995-09-12,
1995-09-13,
1995-09-14,
1995-09-15,
1995-09-16,
1995-09-17,
1995-09-18,
1995-09-19,
1995-09-20,
1995-09-21,
1995-09-22,
1995-09-23,
1995-09-24,
1995-09-25,
1995-09-26,
1995-09-27,
1995-09-28,
1995-09-29,
1995-09-30,
1995-10-01,
1995-10-02,
1995-10-03,
1995-10-04,
1995-10-05,
1995-10-06,
1995-10-07,
1995-10-08,
1995-10-09,
1995-10-10,
1995-10-11,
1995-10-12,
1995-10-13,
1995-10-14,
1995-10-15,
1995-10-16,
1995-10-17,
1995-10-18,
1995-10-19,
1995-10-20,
1995-10-21,
1995-10-22,
1995-10-23,
1995-10-24,
1995-10-25,
1995-10-26,
1995-10-27,
1995-10-28,
1995-10-29,
1995-10-30,
1995-10-31,
1995-11-01,
1995-11-02,
1995-11-03,
1995-11-04,
1995-11-05,
1995-11-06,
1995-11-07,
1995-11-08,
1995-11-09,
1995-11-10,
1995-11-11,
1995-11-12,
1995-11-13,
1995-11-14,
1995-11-15,
1995-11-16,
1995-11-17,
1995-11-18,
1995-11-19,
1995-11-20,
1995-11-21,
1995-11-22,
1995-11-23,
1995-11-24,
1995-11-25,
1995-11-26,
1995-11-27,
1995-11-28,
1995-11-29,
1995-11-30,
1995-12-01,
1995-12-02,
1995-12-03,
1995-12-04,
1995-12-05,
1995-12-06,
1995-12-07,
1995-12-08,
1995-12-09,
1995-12-10,
1995-12-11,
1995-12-12,
1995-12-13,
1995-12-14,
1995-12-15,
1995-12-16,
1995-12-17,
1995-12-18,
1995-12-19,
1995-12-20,
1995-12-21,
1995-12-22,
1995-12-23,
1995-12-24,
1995-12-25,
1995-12-26,
1995-12-27,
1995-12-28,
1995-12-29,
1995-12-30,
1995-12-31,
1996-01-01,
1996-01-02,
1996-01-03,
1996-01-04,
1996-01-05,
1996-01-06,
1996-01-07,
1996-01-08,
1996-01-09,
1996-01-10,
1996-01-11,
1996-01-12,
1996-01-13,
1996-01-14,
1996-01-15,
1996-01-16,
1996-01-17,
1996-01-18,
1996-01-19,
1996-01-20,
1996-01-21,
1996-01-22,
1996-01-23,
1996-01-24,
1996-01-25,
1996-01-26,
1996-01-27,
1996-01-28,
1996-01-29,
1996-01-30,
1996-01-31,
1996-02-01,
1996-02-02,
1996-02-03,
1996-02-04,
1996-02-05,
1996-02-06,
1996-02-07,
1996-02-08,
1996-02-09,
1996-02-10,
1996-02-11,
1996-02-12,
1996-02-13,
1996-02-14,
1996-02-15,
1996-02-16,
1996-02-17,
1996-02-18,
1996-02-19,
1996-02-20,
1996-02-21,
1996-02-22,
1996-02-23,
1996-02-24,
1996-02-25,
1996-02-26,
1996-02-27,
1996-02-28,
1996-02-29,
1996-03-01,
1996-03-02,
1996-03-03,
1996-03-04,
1996-03-05,
1996-03-06,
1996-03-07,
1996-03-08,
1996-03-09,
1996-03-10,
1996-03-11,
1996-03-12,
1996-03-13,
1996-03-14,
1996-03-15,
1996-03-16,
1996-03-17,
1996-03-18,
1996-03-19,
1996-03-20,
1996-03-21,
1996-03-22,
1996-03-23,
1996-03-24,
1996-03-25,
1996-03-26,
1996-03-27,
1996-03-28,
1996-03-29,
1996-03-30,
1996-03-31,
1996-04-01,
1996-04-02,
1996-04-03,
1996-04-04,
1996-04-05,
1996-04-06,
1996-04-07,
1996-04-08,
1996-04-09,
1996-04-10,
1996-04-11,
1996-04-12,
1996-04-13,
1996-04-14,
1996-04-15,
1996-04-16,
1996-04-17,
1996-04-18,
1996-04-19,
1996-04-20,
1996-04-21,
1996-04-22,
1996-04-23,
1996-04-24,
1996-04-25,
1996-04-26,
1996-04-27,
1996-04-28,
1996-04-29,
1996-04-30,
1996-05-01,
1996-05-02,
1996-05-03,
1996-05-04,
1996-05-05,
1996-05-06,
1996-05-07,
1996-05-08,
1996-05-09,
1996-05-10,
1996-05-11,
1996-05-12,
1996-05-13,
1996-05-14,
1996-05-15,
1996-05-16,
1996-05-17,
1996-05-18,
1996-05-19,
1996-05-20,
1996-05-21,
1996-05-22,
1996-05-23,
1996-05-24,
1996-05-25,
1996-05-26,
1996-05-27,
1996-05-28,
1996-05-29,
1996-05-30,
1996-05-31,
1996-06-01,
1996-06-02,
1996-06-03,
1996-06-04,
1996-06-05,
1996-06-06,
1996-06-07,
1996-06-08,
1996-06-09,
1996-06-10,
1996-06-11,
1996-06-12,
1996-06-13,
1996-06-14,
1996-06-15,
1996-06-16,
1996-06-17,
1996-06-18,
1996-06-19,
1996-06-20,
1996-06-21,
1996-06-22,
1996-06-23,
1996-06-24,
1996-06-25,
1996-06-26,
1996-06-27,
1996-06-28,
1996-06-29,
1996-06-30,
1996-07-01,
1996-07-02,
1996-07-03,
1996-07-04,
1996-07-05,
1996-07-06,
1996-07-07,
1996-07-08,
1996-07-09,
1996-07-10,
1996-07-11,
1996-07-12,
1996-07-13,
1996-07-14,
1996-07-15,
1996-07-16,
1996-07-17,
1996-07-18,
1996-07-19,
1996-07-20,
1996-07-21,
1996-07-22,
1996-07-23,
1996-07-24,
1996-07-25,
1996-07-26,
1996-07-27,
1996-07-28,
1996-07-29,
1996-07-30,
1996-07-31,
1996-08-01,
1996-08-02,
1996-08-03,
1996-08-04,
1996-08-05,
1996-08-06,
1996-08-07,
1996-08-08,
1996-08-09,
1996-08-10,
1996-08-11,
1996-08-12,
1996-08-13,
1996-08-14,
1996-08-15,
1996-08-16,
1996-08-17,
1996-08-18,
1996-08-19,
1996-08-20,
1996-08-21,
1996-08-22,
1996-08-23,
1996-08-24,
1996-08-25,
1996-08-26,
1996-08-27,
1996-08-28,
1996-08-29,
1996-08-30,
1996-08-31,
1996-09-01,
1996-09-02,
1996-09-03,
1996-09-04,
1996-09-05,
1996-09-06,
1996-09-07,
1996-09-08,
1996-09-09,
1996-09-10,
1996-09-11,
1996-09-12,
1996-09-13,
1996-09-14,
1996-09-15,
1996-09-16,
1996-09-17,
1996-09-18,
1996-09-19,
1996-09-20,
1996-09-21,
1996-09-22,
1996-09-23,
1996-09-24,
1996-09-25,
1996-09-26,
1996-09-27,
1996-09-28,
1996-09-29,
1996-09-30,
1996-10-01,
1996-10-02,
1996-10-03,
1996-10-04,
1996-10-05,
1996-10-06,
1996-10-07,
1996-10-08,
1996-10-09,
1996-10-10,
1996-10-11,
1996-10-12,
1996-10-13,
1996-10-14,
1996-10-15,
1996-10-16,
1996-10-17,
1996-10-18,
1996-10-19,
1996-10-20,
1996-10-21,
1996-10-22,
1996-10-23,
1996-10-24,
1996-10-25,
1996-10-26,
1996-10-27,
1996-10-28,
1996-10-29,
1996-10-30,
1996-10-31,
1996-11-01,
1996-11-02,
1996-11-03,
1996-11-04,
1996-11-05,
1996-11-06,
1996-11-07,
1996-11-08,
1996-11-09,
1996-11-10,
1996-11-11,
1996-11-12,
1996-11-13,
1996-11-14,
1996-11-15,
1996-11-16,
1996-11-17,
1996-11-18,
1996-11-19,
1996-11-20,
1996-11-21,
1996-11-22,
1996-11-23,
1996-11-24,
1996-11-25,
1996-11-26,
1996-11-27,
1996-11-28,
1996-11-29,
1996-11-30,
1996-12-01,
1996-12-02,
1996-12-03,
1996-12-04,
1996-12-05,
1996-12-06,
1996-12-07,
1996-12-08,
1996-12-09,
1996-12-10,
1996-12-11,
1996-12-12,
1996-12-13,
1996-12-14,
1996-12-15,
1996-12-16,
1996-12-17,
1996-12-18,
1996-12-19,
1996-12-20,
1996-12-21,
1996-12-22,
1996-12-23,
1996-12-24,
1996-12-25,
1996-12-26,
1996-12-27,
1996-12-28,
1996-12-29,
1996-12-30,
1996-12-31,
1997-01-01,
1997-01-02,
1997-01-03,
1997-01-04,
1997-01-05,
1997-01-06,
1997-01-07,
1997-01-08,
1997-01-09,
1997-01-10,
1997-01-11,
1997-01-12,
1997-01-13,
1997-01-14,
1997-01-15,
1997-01-16,
1997-01-17,
1997-01-18,
1997-01-19,
1997-01-20,
1997-01-21,
1997-01-22,
1997-01-23,
1997-01-24,
1997-01-25,
1997-01-26,
1997-01-27,
1997-01-28,
1997-01-29,
1997-01-30,
1997-01-31,
1997-02-01,
1997-02-02,
1997-02-03,
1997-02-04,
1997-02-05,
1997-02-06,
1997-02-07,
1997-02-08,
1997-02-09,
1997-02-10,
1997-02-11,
1997-02-12,
1997-02-13,
1997-02-14,
1997-02-15,
1997-02-16,
1997-02-17,
1997-02-18,
1997-02-19,
1997-02-20,
1997-02-21,
1997-02-22,
1997-02-23,
1997-02-24,
1997-02-25,
1997-02-26,
1997-02-27,
1997-02-28,
1997-03-01,
1997-03-02,
1997-03-03,
1997-03-04,
1997-03-05,
1997-03-06,
1997-03-07,
1997-03-08,
1997-03-09,
1997-03-10,
1997-03-11,
1997-03-12,
1997-03-13,
1997-03-14,
1997-03-15,
1997-03-16,
1997-03-17,
1997-03-18,
1997-03-19,
1997-03-20,
1997-03-21,
1997-03-22,
1997-03-23,
1997-03-24,
1997-03-25,
1997-03-26,
1997-03-27,
1997-03-28,
1997-03-29,
1997-03-30,
1997-03-31,
1997-04-01,
1997-04-02,
1997-04-03,
1997-04-04,
1997-04-05,
1997-04-06,
1997-04-07,
1997-04-08,
1997-04-09,
1997-04-10,
1997-04-11,
1997-04-12,
1997-04-13,
1997-04-14,
1997-04-15,
1997-04-16,
1997-04-17,
1997-04-18,
1997-04-19,
1997-04-20,
1997-04-21,
1997-04-22,
1997-04-23,
1997-04-24,
1997-04-25,
1997-04-26,
1997-04-27,
1997-04-28,
1997-04-29,
1997-04-30,
1997-05-01,
1997-05-02,
1997-05-03,
1997-05-04,
1997-05-05,
1997-05-06,
1997-05-07,
1997-05-08,
1997-05-09,
1997-05-10,
1997-05-11,
1997-05-12,
1997-05-13,
1997-05-14,
1997-05-15,
1997-05-16,
1997-05-17,
1997-05-18,
1997-05-19,
1997-05-20,
1997-05-21,
1997-05-22,
1997-05-23,
1997-05-24,
1997-05-25,
1997-05-26,
1997-05-27,
1997-05-28,
1997-05-29,
1997-05-30,
1997-05-31,
1997-06-01,
1997-06-02,
1997-06-03,
1997-06-04,
1997-06-05,
1997-06-06,
1997-06-07,
1997-06-08,
1997-06-09,
1997-06-10,
1997-06-11,
1997-06-12,
1997-06-13,
1997-06-14,
1997-06-15,
1997-06-16,
1997-06-17,
1997-06-18,
1997-06-19,
1997-06-20,
1997-06-21,
1997-06-22,
1997-06-23,
1997-06-24,
1997-06-25,
1997-06-26,
1997-06-27,
1997-06-28,
1997-06-29,
1997-06-30,
1997-07-01,
1997-07-02,
1997-07-03,
1997-07-04,
1997-07-05,
1997-07-06,
1997-07-07,
1997-07-08,
1997-07-09,
1997-07-10,
1997-07-11,
1997-07-12,
1997-07-13,
1997-07-14,
1997-07-15,
1997-07-16,
1997-07-17,
1997-07-18,
1997-07-19,
1997-07-20,
1997-07-21,
1997-07-22,
1997-07-23,
1997-07-24,
1997-07-25,
1997-07-26,
1997-07-27,
1997-07-28,
1997-07-29,
1997-07-30,
1997-07-31,
1997-08-01,
1997-08-02,
1997-08-03,
1997-08-04,
1997-08-05,
1997-08-06,
1997-08-07,
1997-08-08,
1997-08-09,
1997-08-10,
1997-08-11,
1997-08-12,
1997-08-13,
1997-08-14,
1997-08-15,
1997-08-16,
1997-08-17,
1997-08-18,
1997-08-19,
1997-08-20,
1997-08-21,
1997-08-22,
1997-08-23,
1997-08-24,
1997-08-25,
1997-08-26,
1997-08-27,
1997-08-28,
1997-08-29,
1997-08-30,
1997-08-31,
1997-09-01,
1997-09-02,
1997-09-03,
1997-09-04,
1997-09-05,
1997-09-06,
1997-09-07,
1997-09-08,
1997-09-09,
1997-09-10,
1997-09-11,
1997-09-12,
1997-09-13,
1997-09-14,
1997-09-15,
1997-09-16,
1997-09-17,
1997-09-18,
1997-09-19,
1997-09-20,
1997-09-21,
1997-09-22,
1997-09-23,
1997-09-24,
1997-09-25,
1997-09-26,
1997-09-27,
1997-09-28,
1997-09-29,
1997-09-30,
1997-10-01,
1997-10-02,
1997-10-03,
1997-10-04,
1997-10-05,
1997-10-06,
1997-10-07,
1997-10-08,
1997-10-09,
1997-10-10,
1997-10-11,
1997-10-12,
1997-10-13,
1997-10-14,
1997-10-15,
1997-10-16,
1997-10-17,
1997-10-18,
1997-10-19,
1997-10-20,
1997-10-21,
1997-10-22,
1997-10-23,
1997-10-24,
1997-10-25,
1997-10-26,
1997-10-27,
1997-10-28,
1997-10-29,
1997-10-30,
1997-10-31,
1997-11-01,
1997-11-02,
1997-11-03,
1997-11-04,
1997-11-05,
1997-11-06,
1997-11-07,
1997-11-08,
1997-11-09,
1997-11-10,
1997-11-11,
1997-11-12,
1997-11-13,
1997-11-14,
1997-11-15,
1997-11-16,
1997-11-17,
1997-11-18,
1997-11-19,
1997-11-20,
1997-11-21,
1997-11-22,
1997-11-23,
1997-11-24,
1997-11-25,
1997-11-26,
1997-11-27,
1997-11-28,
1997-11-29,
1997-11-30,
1997-12-01,
1997-12-02,
1997-12-03,
1997-12-04,
1997-12-05,
1997-12-06,
1997-12-07,
1997-12-08,
1997-12-09,
1997-12-10,
1997-12-11,
1997-12-12,
1997-12-13,
1997-12-14,
1997-12-15,
1997-12-16,
1997-12-17,
1997-12-18,
1997-12-19,
1997-12-20,
1997-12-21,
1997-12-22,
1997-12-23,
1997-12-24,
1997-12-25,
1997-12-26,
1997-12-27,
1997-12-28,
1997-12-29,
1997-12-30,
1997-12-31,
1998-01-01,
1998-01-02,
1998-01-03,
1998-01-04,
1998-01-05,
1998-01-06,
1998-01-07,
1998-01-08,
1998-01-09,
1998-01-10,
1998-01-11,
1998-01-12,
1998-01-13,
1998-01-14,
1998-01-15,
1998-01-16,
1998-01-17,
1998-01-18,
1998-01-19,
1998-01-20,
1998-01-21,
1998-01-22,
1998-01-23,
1998-01-24,
1998-01-25,
1998-01-26,
1998-01-27,
1998-01-28,
1998-01-29,
1998-01-30,
1998-01-31,
1998-02-01,
1998-02-02,
1998-02-03,
1998-02-04,
1998-02-05,
1998-02-06,
1998-02-07,
1998-02-08,
1998-02-09,
1998-02-10,
1998-02-11,
1998-02-12,
1998-02-13,
1998-02-14,
1998-02-15,
1998-02-16,
1998-02-17,
1998-02-18,
1998-02-19,
1998-02-20,
1998-02-21,
1998-02-22,
1998-02-23,
1998-02-24,
1998-02-25,
1998-02-26,
1998-02-27,
1998-02-28,
1998-03-01,
1998-03-02,
1998-03-03,
1998-03-04,
1998-03-05,
1998-03-06,
1998-03-07,
1998-03-08,
1998-03-09,
1998-03-10,
1998-03-11,
1998-03-12,
1998-03-13,
1998-03-14,
1998-03-15,
1998-03-16,
1998-03-17,
1998-03-18,
1998-03-19,
1998-03-20,
1998-03-21,
1998-03-22,
1998-03-23,
1998-03-24,
1998-03-25,
1998-03-26,
1998-03-27,
1998-03-28,
1998-03-29,
1998-03-30,
1998-03-31,
1998-04-01,
1998-04-02,
1998-04-03,
1998-04-04,
1998-04-05,
1998-04-06,
1998-04-07,
1998-04-08,
1998-04-09,
1998-04-10,
1998-04-11,
1998-04-12,
1998-04-13,
1998-04-14,
1998-04-15,
1998-04-16,
1998-04-17,
1998-04-18,
1998-04-19,
1998-04-20,
1998-04-21,
1998-04-22,
1998-04-23,
1998-04-24,
1998-04-25,
1998-04-26,
1998-04-27,
1998-04-28,
1998-04-29,
1998-04-30,
1998-05-01,
1998-05-02,
1998-05-03,
1998-05-04,
1998-05-05,
1998-05-06,
1998-05-07,
1998-05-08,
1998-05-09,
1998-05-10,
1998-05-11,
1998-05-12,
1998-05-13,
1998-05-14,
1998-05-15,
1998-05-16,
1998-05-17,
1998-05-18,
1998-05-19,
1998-05-20,
1998-05-21,
1998-05-22,
1998-05-23,
1998-05-24,
1998-05-25,
1998-05-26,
1998-05-27,
1998-05-28,
1998-05-29,
1998-05-30,
1998-05-31,
1998-06-01,
1998-06-02,
1998-06-03,
1998-06-04,
1998-06-05,
1998-06-06,
1998-06-07,
1998-06-08,
1998-06-09,
1998-06-10,
1998-06-11,
1998-06-12,
1998-06-13,
1998-06-14,
1998-06-15,
1998-06-16,
1998-06-17,
1998-06-18,
1998-06-19,
1998-06-20,
1998-06-21,
1998-06-22,
1998-06-23,
1998-06-24,
1998-06-25,
1998-06-26,
1998-06-27,
1998-06-28,
1998-06-29,
1998-06-30,
1998-07-01,
1998-07-02,
1998-07-03,
1998-07-04,
1998-07-05,
1998-07-06,
1998-07-07,
1998-07-08,
1998-07-09,
1998-07-10,
1998-07-11,
1998-07-12,
1998-07-13,
1998-07-14,
1998-07-15,
1998-07-16,
1998-07-17,
1998-07-18,
1998-07-19,
1998-07-20,
1998-07-21,
1998-07-22,
1998-07-23,
1998-07-24,
1998-07-25,
1998-07-26,
1998-07-27,
1998-07-28,
1998-07-29,
1998-07-30,
1998-07-31,
1998-08-01,
1998-08-02,
1998-08-03,
1998-08-04,
1998-08-05,
1998-08-06,
1998-08-07,
1998-08-08,
1998-08-09,
1998-08-10,
1998-08-11,
1998-08-12,
1998-08-13,
1998-08-14,
1998-08-15,
1998-08-16,
1998-08-17,
1998-08-18,
1998-08-19,
1998-08-20,
1998-08-21,
1998-08-22,
1998-08-23,
1998-08-24,
1998-08-25,
1998-08-26,
1998-08-27,
1998-08-28,
1998-08-29,
1998-08-30,
1998-08-31,
1998-09-01,
1998-09-02,
1998-09-03,
1998-09-04,
1998-09-05,
1998-09-06,
1998-09-07,
1998-09-08,
1998-09-09,
1998-09-10,
1998-09-11,
1998-09-12,
1998-09-13,
1998-09-14,
1998-09-15,
1998-09-16,
1998-09-17,
1998-09-18,
1998-09-19,
1998-09-20,
1998-09-21,
1998-09-22,
1998-09-23,
1998-09-24,
1998-09-25,
1998-09-26,
1998-09-27,
1998-09-28,
1998-09-29,
1998-09-30,
1998-10-01,
1998-10-02,
1998-10-03,
1998-10-04,
1998-10-05,
1998-10-06,
1998-10-07,
1998-10-08,
1998-10-09,
1998-10-10,
1998-10-11,
1998-10-12,
1998-10-13,
1998-10-14,
1998-10-15,
1998-10-16,
1998-10-17,
1998-10-18,
1998-10-19,
1998-10-20,
1998-10-21,
1998-10-22,
1998-10-23,
1998-10-24,
1998-10-25,
1998-10-26,
1998-10-27,
1998-10-28,
1998-10-29,
1998-10-30,
1998-10-31,
1998-11-01,
1998-11-02,
1998-11-03,
1998-11-04,
1998-11-05,
1998-11-06,
1998-11-07,
1998-11-08,
1998-11-09,
1998-11-10,
1998-11-11,
1998-11-12,
1998-11-13,
1998-11-14,
1998-11-15,
1998-11-16,
1998-11-17,
1998-11-18,
1998-11-19,
1998-11-20,
1998-11-21,
1998-11-22,
1998-11-23,
1998-11-24,
1998-11-25,
1998-11-26,
1998-11-27,
1998-11-28,
1998-11-29,
1998-11-30,
1998-12-01,
1998-12-02,
1998-12-03,
1998-12-04,
1998-12-05,
1998-12-06,
1998-12-07,
1998-12-08,
1998-12-09,
1998-12-10,
1998-12-11,
1998-12-12,
1998-12-13,
1998-12-14,
1998-12-15,
1998-12-16,
1998-12-17,
1998-12-18,
1998-12-19,
1998-12-20,
1998-12-21,
1998-12-22,
1998-12-23,
1998-12-24,
1998-12-25,
1998-12-26,
1998-12-27,
1998-12-28,
1998-12-29,
1998-12-30,
1998-12-31,
1999-01-01,
1999-01-02,
1999-01-03,
1999-01-04,
1999-01-05,
1999-01-06,
1999-01-07,
1999-01-08,
1999-01-09,
1999-01-10,
1999-01-11,
1999-01-12,
1999-01-13,
1999-01-14,
1999-01-15,
1999-01-16,
1999-01-17,
1999-01-18,
1999-01-19,
1999-01-20,
1999-01-21,
1999-01-22,
1999-01-23,
1999-01-24,
1999-01-25,
1999-01-26,
1999-01-27,
1999-01-28,
1999-01-29,
1999-01-30,
1999-01-31,
1999-02-01,
1999-02-02,
1999-02-03,
1999-02-04,
1999-02-05,
1999-02-06,
1999-02-07,
1999-02-08,
1999-02-09,
1999-02-10,
1999-02-11,
1999-02-12,
1999-02-13,
1999-02-14,
1999-02-15,
1999-02-16,
1999-02-17,
1999-02-18,
1999-02-19,
1999-02-20,
1999-02-21,
1999-02-22,
1999-02-23,
1999-02-24,
1999-02-25,
1999-02-26,
1999-02-27,
1999-02-28,
1999-03-01,
1999-03-02,
1999-03-03,
1999-03-04,
1999-03-05,
1999-03-06,
1999-03-07,
1999-03-08,
1999-03-09,
1999-03-10,
1999-03-11,
1999-03-12,
1999-03-13,
1999-03-14,
1999-03-15,
1999-03-16,
1999-03-17,
1999-03-18,
1999-03-19,
1999-03-20,
1999-03-21,
1999-03-22,
1999-03-23,
1999-03-24,
1999-03-25,
1999-03-26,
1999-03-27,
1999-03-28,
1999-03-29,
1999-03-30,
1999-03-31,
1999-04-01,
1999-04-02,
1999-04-03,
1999-04-04,
1999-04-05,
1999-04-06,
1999-04-07,
1999-04-08,
1999-04-09,
1999-04-10,
1999-04-11,
1999-04-12,
1999-04-13,
1999-04-14,
1999-04-15,
1999-04-16,
1999-04-17,
1999-04-18,
1999-04-19,
1999-04-20,
1999-04-21,
1999-04-22,
1999-04-23,
1999-04-24,
1999-04-25,
1999-04-26,
1999-04-27,
1999-04-28,
1999-04-29,
1999-04-30,
1999-05-01,
1999-05-02,
1999-05-03,
1999-05-04,
1999-05-05,
1999-05-06,
1999-05-07,
1999-05-08,
1999-05-09,
1999-05-10,
1999-05-11,
1999-05-12,
1999-05-13,
1999-05-14,
1999-05-15,
1999-05-16,
1999-05-17,
1999-05-18,
1999-05-19,
1999-05-20,
1999-05-21,
1999-05-22,
1999-05-23,
1999-05-24,
1999-05-25,
1999-05-26,
1999-05-27,
1999-05-28,
1999-05-29,
1999-05-30,
1999-05-31,
1999-06-01,
1999-06-02,
1999-06-03,
1999-06-04,
1999-06-05,
1999-06-06,
1999-06-07,
1999-06-08,
1999-06-09,
1999-06-10,
1999-06-11,
1999-06-12,
1999-06-13,
1999-06-14,
1999-06-15,
1999-06-16,
1999-06-17,
1999-06-18,
1999-06-19,
1999-06-20,
1999-06-21,
1999-06-22,
1999-06-23,
1999-06-24,
1999-06-25,
1999-06-26,
1999-06-27,
1999-06-28,
1999-06-29,
1999-06-30,
1999-07-01,
1999-07-02,
1999-07-03,
1999-07-04,
1999-07-05,
1999-07-06,
1999-07-07,
1999-07-08,
1999-07-09,
1999-07-10,
1999-07-11,
1999-07-12,
1999-07-13,
1999-07-14,
1999-07-15,
1999-07-16,
1999-07-17,
1999-07-18,
1999-07-19,
1999-07-20,
1999-07-21,
1999-07-22,
1999-07-23,
1999-07-24,
1999-07-25,
1999-07-26,
1999-07-27,
1999-07-28,
1999-07-29,
1999-07-30,
1999-07-31,
1999-08-01,
1999-08-02,
1999-08-03,
1999-08-04,
1999-08-05,
1999-08-06,
1999-08-07,
1999-08-08,
1999-08-09,
1999-08-10,
1999-08-11,
1999-08-12,
1999-08-13,
1999-08-14,
1999-08-15,
1999-08-16,
1999-08-17,
1999-08-18,
1999-08-19,
1999-08-20,
1999-08-21,
1999-08-22,
1999-08-23,
1999-08-24,
1999-08-25,
1999-08-26,
1999-08-27,
1999-08-28,
1999-08-29,
1999-08-30,
1999-08-31,
1999-09-01,
1999-09-02,
1999-09-03,
1999-09-04,
1999-09-05,
1999-09-06,
1999-09-07,
1999-09-08,
1999-09-09,
1999-09-10,
1999-09-11,
1999-09-12,
1999-09-13,
1999-09-14,
1999-09-15,
1999-09-16,
1999-09-17,
1999-09-18,
1999-09-19,
1999-09-20,
1999-09-21,
1999-09-22,
1999-09-23,
1999-09-24,
1999-09-25,
1999-09-26,
1999-09-27,
1999-09-28,
1999-09-29,
1999-09-30,
1999-10-01,
1999-10-02,
1999-10-03,
1999-10-04,
1999-10-05,
1999-10-06,
1999-10-07,
1999-10-08,
1999-10-09,
1999-10-10,
1999-10-11,
1999-10-12,
1999-10-13,
1999-10-14,
1999-10-15,
1999-10-16,
1999-10-17,
1999-10-18,
1999-10-19,
1999-10-20,
1999-10-21,
1999-10-22,
1999-10-23,
1999-10-24,
1999-10-25,
1999-10-26,
1999-10-27,
1999-10-28,
1999-10-29,
1999-10-30,
1999-10-31,
1999-11-01,
1999-11-02,
1999-11-03,
1999-11-04,
1999-11-05,
1999-11-06,
1999-11-07,
1999-11-08,
1999-11-09,
1999-11-10,
1999-11-11,
1999-11-12,
1999-11-13,
1999-11-14,
1999-11-15,
1999-11-16,
1999-11-17,
1999-11-18,
1999-11-19,
1999-11-20,
1999-11-21,
1999-11-22,
1999-11-23,
1999-11-24,
1999-11-25,
1999-11-26,
1999-11-27,
1999-11-28,
1999-11-29,
1999-11-30,
1999-12-01,
1999-12-02,
1999-12-03,
1999-12-04,
1999-12-05,
1999-12-06,
1999-12-07,
1999-12-08,
1999-12-09,
1999-12-10,
1999-12-11,
1999-12-12,
1999-12-13,
1999-12-14,
1999-12-15,
1999-12-16,
1999-12-17,
1999-12-18,
1999-12-19,
1999-12-20,
1999-12-21,
1999-12-22,
1999-12-23,
1999-12-24,
1999-12-25,
1999-12-26,
1999-12-27,
1999-12-28,
1999-12-29,
1999-12-30,
1999-12-31,
2000-01-01,
2000-01-02,
2000-01-03,
2000-01-04,
2000-01-05,
2000-01-06,
2000-01-07,
2000-01-08,
2000-01-09,
2000-01-10,
2000-01-11,
2000-01-12,
2000-01-13,
2000-01-14,
2000-01-15,
2000-01-16,
2000-01-17,
2000-01-18,
2000-01-19,
2000-01-20,
2000-01-21,
2000-01-22,
2000-01-23,
2000-01-24,
2000-01-25,
2000-01-26,
2000-01-27,
2000-01-28,
2000-01-29,
2000-01-30,
2000-01-31,
2000-02-01,
2000-02-02,
2000-02-03,
2000-02-04,
2000-02-05,
2000-02-06,
2000-02-07,
2000-02-08,
2000-02-09,
2000-02-10,
2000-02-11,
2000-02-12,
2000-02-13,
2000-02-14,
2000-02-15,
2000-02-16,
2000-02-17,
2000-02-18,
2000-02-19,
2000-02-20,
2000-02-21,
2000-02-22,
2000-02-23,
2000-02-24,
2000-02-25,
2000-02-26,
2000-02-27,
2000-02-28,
2000-02-29,
2000-03-01,
2000-03-02,
2000-03-03,
2000-03-04,
2000-03-05,
2000-03-06,
2000-03-07,
2000-03-08,
2000-03-09,
2000-03-10,
2000-03-11,
2000-03-12,
2000-03-13,
2000-03-14,
2000-03-15,
2000-03-16,
2000-03-17,
2000-03-18,
2000-03-19,
2000-03-20,
2000-03-21,
2000-03-22,
2000-03-23,
2000-03-24,
2000-03-25,
2000-03-26,
2000-03-27,
2000-03-28,
2000-03-29,
2000-03-30,
2000-03-31,
2000-04-01,
2000-04-02,
2000-04-03,
2000-04-04,
2000-04-05,
2000-04-06,
2000-04-07,
2000-04-08,
2000-04-09,
2000-04-10,
2000-04-11,
2000-04-12,
2000-04-13,
2000-04-14,
2000-04-15,
2000-04-16,
2000-04-17,
2000-04-18,
2000-04-19,
2000-04-20,
2000-04-21,
2000-04-22,
2000-04-23,
2000-04-24,
2000-04-25,
2000-04-26,
2000-04-27,
2000-04-28,
2000-04-29,
2000-04-30,
2000-05-01,
2000-05-02,
2000-05-03,
2000-05-04,
2000-05-05,
2000-05-06,
2000-05-07,
2000-05-08,
2000-05-09,
2000-05-10,
2000-05-11,
2000-05-12,
2000-05-13,
2000-05-14,
2000-05-15,
2000-05-16,
2000-05-17,
2000-05-18,
2000-05-19,
2000-05-20,
2000-05-21,
2000-05-22,
2000-05-23,
2000-05-24,
2000-05-25,
2000-05-26,
2000-05-27,
2000-05-28,
2000-05-29,
2000-05-30,
2000-05-31,
2000-06-01,
2000-06-02,
2000-06-03,
2000-06-04,
2000-06-05,
2000-06-06,
2000-06-07,
2000-06-08,
2000-06-09,
2000-06-10,
2000-06-11,
2000-06-12,
2000-06-13,
2000-06-14,
2000-06-15,
2000-06-16,
2000-06-17,
2000-06-18,
2000-06-19,
2000-06-20,
2000-06-21,
2000-06-22,
2000-06-23,
2000-06-24,
2000-06-25,
2000-06-26,
2000-06-27,
2000-06-28,
2000-06-29,
2000-06-30,
2000-07-01,
2000-07-02,
2000-07-03,
2000-07-04,
2000-07-05,
2000-07-06,
2000-07-07,
2000-07-08,
2000-07-09,
2000-07-10,
2000-07-11,
2000-07-12,
2000-07-13,
2000-07-14,
2000-07-15,
2000-07-16,
2000-07-17,
2000-07-18,
2000-07-19,
2000-07-20,
2000-07-21,
2000-07-22,
2000-07-23,
2000-07-24,
2000-07-25,
2000-07-26,
2000-07-27,
2000-07-28,
2000-07-29,
2000-07-30,
2000-07-31,
2000-08-01,
2000-08-02,
2000-08-03,
2000-08-04,
2000-08-05,
2000-08-06,
2000-08-07,
2000-08-08,
2000-08-09,
2000-08-10,
2000-08-11,
2000-08-12,
2000-08-13,
2000-08-14,
2000-08-15,
2000-08-16,
2000-08-17,
2000-08-18,
2000-08-19,
2000-08-20,
2000-08-21,
2000-08-22,
2000-08-23,
2000-08-24,
2000-08-25,
2000-08-26,
2000-08-27,
2000-08-28,
2000-08-29,
2000-08-30,
2000-08-31,
2000-09-01,
2000-09-02,
2000-09-03,
2000-09-04,
2000-09-05,
2000-09-06,
2000-09-07,
2000-09-08,
2000-09-09,
2000-09-10,
2000-09-11,
2000-09-12,
2000-09-13,
2000-09-14,
2000-09-15,
2000-09-16,
2000-09-17,
2000-09-18,
2000-09-19,
2000-09-20,
2000-09-21,
2000-09-22,
2000-09-23,
2000-09-24,
2000-09-25,
2000-09-26,
2000-09-27,
2000-09-28,
2000-09-29,
2000-09-30,
2000-10-01,
2000-10-02,
2000-10-03,
2000-10-04,
2000-10-05,
2000-10-06,
2000-10-07,
2000-10-08,
2000-10-09,
2000-10-10,
2000-10-11,
2000-10-12,
2000-10-13,
2000-10-14,
2000-10-15,
2000-10-16,
2000-10-17,
2000-10-18,
2000-10-19,
2000-10-20,
2000-10-21,
2000-10-22,
2000-10-23,
2000-10-24,
2000-10-25,
2000-10-26,
2000-10-27,
2000-10-28,
2000-10-29,
2000-10-30,
2000-10-31,
2000-11-01,
2000-11-02,
2000-11-03,
2000-11-04,
2000-11-05,
2000-11-06,
2000-11-07,
2000-11-08,
2000-11-09,
2000-11-10,
2000-11-11,
2000-11-12,
2000-11-13,
2000-11-14,
2000-11-15,
2000-11-16,
2000-11-17,
2000-11-18,
2000-11-19,
2000-11-20,
2000-11-21,
2000-11-22,
2000-11-23,
2000-11-24,
2000-11-25,
2000-11-26,
2000-11-27,
2000-11-28,
2000-11-29,
2000-11-30,
2000-12-01,
2000-12-02,
2000-12-03,
2000-12-04,
2000-12-05,
2000-12-06,
2000-12-07,
2000-12-08,
2000-12-09,
2000-12-10,
2000-12-11,
2000-12-12,
2000-12-13,
2000-12-14,
2000-12-15,
2000-12-16,
2000-12-17,
2000-12-18,
2000-12-19,
2000-12-20,
2000-12-21,
2000-12-22,
2000-12-23,
2000-12-24,
2000-12-25,
2000-12-26,
2000-12-27,
2000-12-28,
2000-12-29,
2000-12-30,
2000-12-31,
2001-01-01,
2001-01-02,
2001-01-03,
2001-01-04,
2001-01-05,
2001-01-06,
2001-01-07,
2001-01-08,
2001-01-09,
2001-01-10,
2001-01-11,
2001-01-12,
2001-01-13,
2001-01-14,
2001-01-15,
2001-01-16,
2001-01-17,
2001-01-18,
2001-01-19,
2001-01-20,
2001-01-21,
2001-01-22,
2001-01-23,
2001-01-24,
2001-01-25,
2001-01-26,
2001-01-27,
2001-01-28,
2001-01-29,
2001-01-30,
2001-01-31,
2001-02-01,
2001-02-02,
2001-02-03,
2001-02-04,
2001-02-05,
2001-02-06,
2001-02-07,
2001-02-08,
2001-02-09,
2001-02-10,
2001-02-11,
2001-02-12,
2001-02-13,
2001-02-14,
2001-02-15,
2001-02-16,
2001-02-17,
2001-02-18,
2001-02-19,
2001-02-20,
2001-02-21,
2001-02-22,
2001-02-23,
2001-02-24,
2001-02-25,
2001-02-26,
2001-02-27,
2001-02-28,
2001-03-01,
2001-03-02,
2001-03-03,
2001-03-04,
2001-03-05,
2001-03-06,
2001-03-07,
2001-03-08,
2001-03-09,
2001-03-10,
2001-03-11,
2001-03-12,
2001-03-13,
2001-03-14,
2001-03-15,
2001-03-16,
2001-03-17,
2001-03-18,
2001-03-19,
2001-03-20,
2001-03-21,
2001-03-22,
2001-03-23,
2001-03-24,
2001-03-25,
2001-03-26,
2001-03-27,
2001-03-28,
2001-03-29,
2001-03-30,
2001-03-31,
2001-04-01,
2001-04-02,
2001-04-03,
2001-04-04,
2001-04-05,
2001-04-06,
2001-04-07,
2001-04-08,
2001-04-09,
2001-04-10,
2001-04-11,
2001-04-12,
2001-04-13,
2001-04-14,
2001-04-15,
2001-04-16,
2001-04-17,
2001-04-18,
2001-04-19,
2001-04-20,
2001-04-21,
2001-04-22,
2001-04-23,
2001-04-24,
2001-04-25,
2001-04-26,
2001-04-27,
2001-04-28,
2001-04-29,
2001-04-30,
2001-05-01,
2001-05-02,
2001-05-03,
2001-05-04,
2001-05-05,
2001-05-06,
2001-05-07,
2001-05-08,
2001-05-09,
2001-05-10,
2001-05-11,
2001-05-12,
2001-05-13,
2001-05-14,
2001-05-15,
2001-05-16,
2001-05-17,
2001-05-18,
2001-05-19,
2001-05-20,
2001-05-21,
2001-05-22,
2001-05-23,
2001-05-24,
2001-05-25,
2001-05-26,
2001-05-27,
2001-05-28,
2001-05-29,
2001-05-30,
2001-05-31,
2001-06-01,
2001-06-02,
2001-06-03,
2001-06-04,
2001-06-05,
2001-06-06,
2001-06-07,
2001-06-08,
2001-06-09,
2001-06-10,
2001-06-11,
2001-06-12,
2001-06-13,
2001-06-14,
2001-06-15,
2001-06-16,
2001-06-17,
2001-06-18,
2001-06-19,
2001-06-20,
2001-06-21,
2001-06-22,
2001-06-23,
2001-06-24,
2001-06-25,
2001-06-26,
2001-06-27,
2001-06-28,
2001-06-29,
2001-06-30,
2001-07-01,
2001-07-02,
2001-07-03,
2001-07-04,
2001-07-05,
2001-07-06,
2001-07-07,
2001-07-08,
2001-07-09,
2001-07-10,
2001-07-11,
2001-07-12,
2001-07-13,
2001-07-14,
2001-07-15,
2001-07-16,
2001-07-17,
2001-07-18,
2001-07-19,
2001-07-20,
2001-07-21,
2001-07-22,
2001-07-23,
2001-07-24,
2001-07-25,
2001-07-26,
2001-07-27,
2001-07-28,
2001-07-29,
2001-07-30,
2001-07-31,
2001-08-01,
2001-08-02,
2001-08-03,
2001-08-04,
2001-08-05,
2001-08-06,
2001-08-07,
2001-08-08,
2001-08-09,
2001-08-10,
2001-08-11,
2001-08-12,
2001-08-13,
2001-08-14,
2001-08-15,
2001-08-16,
2001-08-17,
2001-08-18,
2001-08-19,
2001-08-20,
2001-08-21,
2001-08-22,
2001-08-23,
2001-08-24,
2001-08-25,
2001-08-26,
2001-08-27,
2001-08-28,
2001-08-29,
2001-08-30,
2001-08-31,
2001-09-01,
2001-09-02,
2001-09-03,
2001-09-04,
2001-09-05,
2001-09-06,
2001-09-07,
2001-09-08,
2001-09-09,
2001-09-10,
2001-09-11,
2001-09-12,
2001-09-13,
2001-09-14,
2001-09-15,
2001-09-16,
2001-09-17,
2001-09-18,
2001-09-19,
2001-09-20,
2001-09-21,
2001-09-22,
2001-09-23,
2001-09-24,
2001-09-25,
2001-09-26,
2001-09-27,
2001-09-28,
2001-09-29,
2001-09-30,
2001-10-01,
2001-10-02,
2001-10-03,
2001-10-04,
2001-10-05,
2001-10-06,
2001-10-07,
2001-10-08,
2001-10-09,
2001-10-10,
2001-10-11,
2001-10-12,
2001-10-13,
2001-10-14,
2001-10-15,
2001-10-16,
2001-10-17,
2001-10-18,
2001-10-19,
2001-10-20,
2001-10-21,
2001-10-22,
2001-10-23,
2001-10-24,
2001-10-25,
2001-10-26,
2001-10-27,
2001-10-28,
2001-10-29,
2001-10-30,
2001-10-31,
2001-11-01,
2001-11-02,
2001-11-03,
2001-11-04,
2001-11-05,
2001-11-06,
2001-11-07,
2001-11-08,
2001-11-09,
2001-11-10,
2001-11-11,
2001-11-12,
2001-11-13,
2001-11-14,
2001-11-15,
2001-11-16,
2001-11-17,
2001-11-18,
2001-11-19,
2001-11-20,
2001-11-21,
2001-11-22,
2001-11-23,
2001-11-24,
2001-11-25,
2001-11-26,
2001-11-27,
2001-11-28,
2001-11-29,
2001-11-30,
2001-12-01,
2001-12-02,
2001-12-03,
2001-12-04,
2001-12-05,
2001-12-06,
2001-12-07,
2001-12-08,
2001-12-09,
2001-12-10,
2001-12-11,
2001-12-12,
2001-12-13,
2001-12-14,
2001-12-15,
2001-12-16,
2001-12-17,
2001-12-18,
2001-12-19,
2001-12-20,
2001-12-21,
2001-12-22,
2001-12-23,
2001-12-24,
2001-12-25,
2001-12-26,
2001-12-27,
2001-12-28,
2001-12-29,
2001-12-30,
2001-12-31,
2002-01-01,
2002-01-02,
2002-01-03,
2002-01-04,
2002-01-05,
2002-01-06,
2002-01-07,
2002-01-08,
2002-01-09,
2002-01-10,
2002-01-11,
2002-01-12,
2002-01-13,
2002-01-14,
2002-01-15,
2002-01-16,
2002-01-17,
2002-01-18,
2002-01-19,
2002-01-20,
2002-01-21,
2002-01-22,
2002-01-23,
2002-01-24,
2002-01-25,
2002-01-26,
2002-01-27,
2002-01-28,
2002-01-29,
2002-01-30,
2002-01-31,
2002-02-01,
2002-02-02,
2002-02-03,
2002-02-04,
2002-02-05,
2002-02-06,
2002-02-07,
2002-02-08,
2002-02-09,
2002-02-10,
2002-02-11,
2002-02-12,
2002-02-13,
2002-02-14,
2002-02-15,
2002-02-16,
2002-02-17,
2002-02-18,
2002-02-19,
2002-02-20,
2002-02-21,
2002-02-22,
2002-02-23,
2002-02-24,
2002-02-25,
2002-02-26,
2002-02-27,
2002-02-28,
2002-03-01,
2002-03-02,
2002-03-03,
2002-03-04,
2002-03-05,
2002-03-06,
2002-03-07,
2002-03-08,
2002-03-09,
2002-03-10,
2002-03-11,
2002-03-12,
2002-03-13,
2002-03-14,
2002-03-15,
2002-03-16,
2002-03-17,
2002-03-18,
2002-03-19,
2002-03-20,
2002-03-21,
2002-03-22,
2002-03-23,
2002-03-24,
2002-03-25,
2002-03-26,
2002-03-27,
2002-03-28,
2002-03-29,
2002-03-30,
2002-03-31,
2002-04-01,
2002-04-02,
2002-04-03,
2002-04-04,
2002-04-05,
2002-04-06,
2002-04-07,
2002-04-08,
2002-04-09,
2002-04-10,
2002-04-11,
2002-04-12,
2002-04-13,
2002-04-14,
2002-04-15,
2002-04-16,
2002-04-17,
2002-04-18,
2002-04-19,
2002-04-20,
2002-04-21,
2002-04-22,
2002-04-23,
2002-04-24,
2002-04-25,
2002-04-26,
2002-04-27,
2002-04-28,
2002-04-29,
2002-04-30,
2002-05-01,
2002-05-02,
2002-05-03,
2002-05-04,
2002-05-05,
2002-05-06,
2002-05-07,
2002-05-08,
2002-05-09,
2002-05-10,
2002-05-11,
2002-05-12,
2002-05-13,
2002-05-14,
2002-05-15,
2002-05-16,
2002-05-17,
2002-05-18,
2002-05-19,
2002-05-20,
2002-05-21,
2002-05-22,
2002-05-23,
2002-05-24,
2002-05-25,
2002-05-26,
2002-05-27,
2002-05-28,
2002-05-29,
2002-05-30,
2002-05-31,
2002-06-01,
2002-06-02,
2002-06-03,
2002-06-04,
2002-06-05,
2002-06-06,
2002-06-07,
2002-06-08,
2002-06-09,
2002-06-10,
2002-06-11,
2002-06-12,
2002-06-13,
2002-06-14,
2002-06-15,
2002-06-16,
2002-06-17,
2002-06-18,
2002-06-19,
2002-06-20,
2002-06-21,
2002-06-22,
2002-06-23,
2002-06-24,
2002-06-25,
2002-06-26,
2002-06-27,
2002-06-28,
2002-06-29,
2002-06-30,
2002-07-01,
2002-07-02,
2002-07-03,
2002-07-04,
2002-07-05,
2002-07-06,
2002-07-07,
2002-07-08,
2002-07-09,
2002-07-10,
2002-07-11,
2002-07-12,
2002-07-13,
2002-07-14,
2002-07-15,
2002-07-16,
2002-07-17,
2002-07-18,
2002-07-19,
2002-07-20,
2002-07-21,
2002-07-22,
2002-07-23,
2002-07-24,
2002-07-25,
2002-07-26,
2002-07-27,
2002-07-28,
2002-07-29,
2002-07-30,
2002-07-31,
2002-08-01,
2002-08-02,
2002-08-03,
2002-08-04,
2002-08-05,
2002-08-06,
2002-08-07,
2002-08-08,
2002-08-09,
2002-08-10,
2002-08-11,
2002-08-12,
2002-08-13,
2002-08-14,
2002-08-15,
2002-08-16,
2002-08-17,
2002-08-18,
2002-08-19,
2002-08-20,
2002-08-21,
2002-08-22,
2002-08-23,
2002-08-24,
2002-08-25,
2002-08-26,
2002-08-27,
2002-08-28,
2002-08-29,
2002-08-30,
2002-08-31,
2002-09-01,
2002-09-02,
2002-09-03,
2002-09-04,
2002-09-05,
2002-09-06,
2002-09-07,
2002-09-08,
2002-09-09,
2002-09-10,
2002-09-11,
2002-09-12,
2002-09-13,
2002-09-14,
2002-09-15,
2002-09-16,
2002-09-17,
2002-09-18,
2002-09-19,
2002-09-20,
2002-09-21,
2002-09-22,
2002-09-23,
2002-09-24,
2002-09-25,
2002-09-26,
2002-09-27,
2002-09-28,
2002-09-29,
2002-09-30,
2002-10-01,
2002-10-02,
2002-10-03,
2002-10-04,
2002-10-05,
2002-10-06,
2002-10-07,
2002-10-08,
2002-10-09,
2002-10-10,
2002-10-11,
2002-10-12,
2002-10-13,
2002-10-14,
2002-10-15,
2002-10-16,
2002-10-17,
2002-10-18,
2002-10-19,
2002-10-20,
2002-10-21,
2002-10-22,
2002-10-23,
2002-10-24,
2002-10-25,
2002-10-26,
2002-10-27,
2002-10-28,
2002-10-29,
2002-10-30,
2002-10-31,
2002-11-01,
2002-11-02,
2002-11-03,
2002-11-04,
2002-11-05,
2002-11-06,
2002-11-07,
2002-11-08,
2002-11-09,
2002-11-10,
2002-11-11,
2002-11-12,
2002-11-13,
2002-11-14,
2002-11-15,
2002-11-16,
2002-11-17,
2002-11-18,
2002-11-19,
2002-11-20,
2002-11-21,
2002-11-22,
2002-11-23,
2002-11-24,
2002-11-25,
2002-11-26,
2002-11-27,
2002-11-28,
2002-11-29,
2002-11-30,
2002-12-01,
2002-12-02,
2002-12-03,
2002-12-04,
2002-12-05,
2002-12-06,
2002-12-07,
2002-12-08,
2002-12-09,
2002-12-10,
2002-12-11,
2002-12-12,
2002-12-13,
2002-12-14,
2002-12-15,
2002-12-16,
2002-12-17,
2002-12-18,
2002-12-19,
2002-12-20,
2002-12-21,
2002-12-22,
2002-12-23,
2002-12-24,
2002-12-25,
2002-12-26,
2002-12-27,
2002-12-28,
2002-12-29,
2002-12-30,
2002-12-31,
2003-01-01,
2003-01-02,
2003-01-03,
2003-01-04,
2003-01-05,
2003-01-06,
2003-01-07,
2003-01-08,
2003-01-09,
2003-01-10,
2003-01-11,
2003-01-12,
2003-01-13,
2003-01-14,
2003-01-15,
2003-01-16,
2003-01-17,
2003-01-18,
2003-01-19,
2003-01-20,
2003-01-21,
2003-01-22,
2003-01-23,
2003-01-24,
2003-01-25,
2003-01-26,
2003-01-27,
2003-01-28,
2003-01-29,
2003-01-30,
2003-01-31,
2003-02-01,
2003-02-02,
2003-02-03,
2003-02-04,
2003-02-05,
2003-02-06,
2003-02-07,
2003-02-08,
2003-02-09,
2003-02-10,
2003-02-11,
2003-02-12,
2003-02-13,
2003-02-14,
2003-02-15,
2003-02-16,
2003-02-17,
2003-02-18,
2003-02-19,
2003-02-20,
2003-02-21,
2003-02-22,
2003-02-23,
2003-02-24,
2003-02-25,
2003-02-26,
2003-02-27,
2003-02-28,
2003-03-01,
2003-03-02,
2003-03-03,
2003-03-04,
2003-03-05,
2003-03-06,
2003-03-07,
2003-03-08,
2003-03-09,
2003-03-10,
2003-03-11,
2003-03-12,
2003-03-13,
2003-03-14,
2003-03-15,
2003-03-16,
2003-03-17,
2003-03-18,
2003-03-19,
2003-03-20,
2003-03-21,
2003-03-22,
2003-03-23,
2003-03-24,
2003-03-25,
2003-03-26,
2003-03-27,
2003-03-28,
2003-03-29,
2003-03-30,
2003-03-31,
2003-04-01,
2003-04-02,
2003-04-03,
2003-04-04,
2003-04-05,
2003-04-06,
2003-04-07,
2003-04-08,
2003-04-09,
2003-04-10,
2003-04-11,
2003-04-12,
2003-04-13,
2003-04-14,
2003-04-15,
2003-04-16,
2003-04-17,
2003-04-18,
2003-04-19,
2003-04-20,
2003-04-21,
2003-04-22,
2003-04-23,
2003-04-24,
2003-04-25,
2003-04-26,
2003-04-27,
2003-04-28,
2003-04-29,
2003-04-30,
2003-05-01,
2003-05-02,
2003-05-03,
2003-05-04,
2003-05-05,
2003-05-06,
2003-05-07,
2003-05-08,
2003-05-09,
2003-05-10,
2003-05-11,
2003-05-12,
2003-05-13,
2003-05-14,
2003-05-15,
2003-05-16,
2003-05-17,
2003-05-18,
2003-05-19,
2003-05-20,
2003-05-21,
2003-05-22,
2003-05-23,
2003-05-24,
2003-05-25,
2003-05-26,
2003-05-27,
2003-05-28,
2003-05-29,
2003-05-30,
2003-05-31,
2003-06-01,
2003-06-02,
2003-06-03,
2003-06-04,
2003-06-05,
2003-06-06,
2003-06-07,
2003-06-08,
2003-06-09,
2003-06-10,
2003-06-11,
2003-06-12,
2003-06-13,
2003-06-14,
2003-06-15,
2003-06-16,
2003-06-17,
2003-06-18,
2003-06-19,
2003-06-20,
2003-06-21,
2003-06-22,
2003-06-23,
2003-06-24,
2003-06-25,
2003-06-26,
2003-06-27,
2003-06-28,
2003-06-29,
2003-06-30,
2003-07-01,
2003-07-02,
2003-07-03,
2003-07-04,
2003-07-05,
2003-07-06,
2003-07-07,
2003-07-08,
2003-07-09,
2003-07-10,
2003-07-11,
2003-07-12,
2003-07-13,
2003-07-14,
2003-07-15,
2003-07-16,
2003-07-17,
2003-07-18,
2003-07-19,
2003-07-20,
2003-07-21,
2003-07-22,
2003-07-23,
2003-07-24,
2003-07-25,
2003-07-26,
2003-07-27,
2003-07-28,
2003-07-29,
2003-07-30,
2003-07-31,
2003-08-01,
2003-08-02,
2003-08-03,
2003-08-04,
2003-08-05,
2003-08-06,
2003-08-07,
2003-08-08,
2003-08-09,
2003-08-10,
2003-08-11,
2003-08-12,
2003-08-13,
2003-08-14,
2003-08-15,
2003-08-16,
2003-08-17,
2003-08-18,
2003-08-19,
2003-08-20,
2003-08-21,
2003-08-22,
2003-08-23,
2003-08-24,
2003-08-25,
2003-08-26,
2003-08-27,
2003-08-28,
2003-08-29,
2003-08-30,
2003-08-31,
2003-09-01,
2003-09-02,
2003-09-03,
2003-09-04,
2003-09-05,
2003-09-06,
2003-09-07,
2003-09-08,
2003-09-09,
2003-09-10,
2003-09-11,
2003-09-12,
2003-09-13,
2003-09-14,
2003-09-15,
2003-09-16,
2003-09-17,
2003-09-18,
2003-09-19,
2003-09-20,
2003-09-21,
2003-09-22,
2003-09-23,
2003-09-24,
2003-09-25,
2003-09-26,
2003-09-27,
2003-09-28,
2003-09-29,
2003-09-30,
2003-10-01,
2003-10-02,
2003-10-03,
2003-10-04,
2003-10-05,
2003-10-06,
2003-10-07,
2003-10-08,
2003-10-09,
2003-10-10,
2003-10-11,
2003-10-12,
2003-10-13,
2003-10-14,
2003-10-15,
2003-10-16,
2003-10-17,
2003-10-18,
2003-10-19,
2003-10-20,
2003-10-21,
2003-10-22,
2003-10-23,
2003-10-24,
2003-10-25,
2003-10-26,
2003-10-27,
2003-10-28,
2003-10-29,
2003-10-30,
2003-10-31,
2003-11-01,
2003-11-02,
2003-11-03,
2003-11-04,
2003-11-05,
2003-11-06,
2003-11-07,
2003-11-08,
2003-11-09,
2003-11-10,
2003-11-11,
2003-11-12,
2003-11-13,
2003-11-14,
2003-11-15,
2003-11-16,
2003-11-17,
2003-11-18,
2003-11-19,
2003-11-20,
2003-11-21,
2003-11-22,
2003-11-23,
2003-11-24,
2003-11-25,
2003-11-26,
2003-11-27,
2003-11-28,
2003-11-29,
2003-11-30,
2003-12-01,
2003-12-02,
2003-12-03,
2003-12-04,
2003-12-05,
2003-12-06,
2003-12-07,
2003-12-08,
2003-12-09,
2003-12-10,
2003-12-11,
2003-12-12,
2003-12-13,
2003-12-14,
2003-12-15,
2003-12-16,
2003-12-17,
2003-12-18,
2003-12-19,
2003-12-20,
2003-12-21,
2003-12-22,
2003-12-23,
2003-12-24,
2003-12-25,
2003-12-26,
2003-12-27,
2003-12-28,
2003-12-29,
2003-12-30,
2003-12-31,
2004-01-01,
2004-01-02,
2004-01-03,
2004-01-04,
2004-01-05,
2004-01-06,
2004-01-07,
2004-01-08,
2004-01-09,
2004-01-10,
2004-01-11,
2004-01-12,
2004-01-13,
2004-01-14,
2004-01-15,
2004-01-16,
2004-01-17,
2004-01-18,
2004-01-19,
2004-01-20,
2004-01-21,
2004-01-22,
2004-01-23,
2004-01-24,
2004-01-25,
2004-01-26,
2004-01-27,
2004-01-28,
2004-01-29,
2004-01-30,
2004-01-31,
2004-02-01,
2004-02-02,
2004-02-03,
2004-02-04,
2004-02-05,
2004-02-06,
2004-02-07,
2004-02-08,
2004-02-09,
2004-02-10,
2004-02-11,
2004-02-12,
2004-02-13,
2004-02-14,
2004-02-15,
2004-02-16,
2004-02-17,
2004-02-18,
2004-02-19,
2004-02-20,
2004-02-21,
2004-02-22,
2004-02-23,
2004-02-24,
2004-02-25,
2004-02-26,
2004-02-27,
2004-02-28,
2004-02-29,
2004-03-01,
2004-03-02,
2004-03-03,
2004-03-04,
2004-03-05,
2004-03-06,
2004-03-07,
2004-03-08,
2004-03-09,
2004-03-10,
2004-03-11,
2004-03-12,
2004-03-13,
2004-03-14,
2004-03-15,
2004-03-16,
2004-03-17,
2004-03-18,
2004-03-19,
2004-03-20,
2004-03-21,
2004-03-22,
2004-03-23,
2004-03-24,
2004-03-25,
2004-03-26,
2004-03-27,
2004-03-28,
2004-03-29,
2004-03-30,
2004-03-31,
2004-04-01,
2004-04-02,
2004-04-03,
2004-04-04,
2004-04-05,
2004-04-06,
2004-04-07,
2004-04-08,
2004-04-09,
2004-04-10,
2004-04-11,
2004-04-12,
2004-04-13,
2004-04-14,
2004-04-15,
2004-04-16,
2004-04-17,
2004-04-18,
2004-04-19,
2004-04-20,
2004-04-21,
2004-04-22,
2004-04-23,
2004-04-24,
2004-04-25,
2004-04-26,
2004-04-27,
2004-04-28,
2004-04-29,
2004-04-30,
2004-05-01,
2004-05-02,
2004-05-03,
2004-05-04,
2004-05-05,
2004-05-06,
2004-05-07,
2004-05-08,
2004-05-09,
2004-05-10,
2004-05-11,
2004-05-12,
2004-05-13,
2004-05-14,
2004-05-15,
2004-05-16,
2004-05-17,
2004-05-18,
2004-05-19,
2004-05-20,
2004-05-21,
2004-05-22,
2004-05-23,
2004-05-24,
2004-05-25,
2004-05-26,
2004-05-27,
2004-05-28,
2004-05-29,
2004-05-30,
2004-05-31,
2004-06-01,
2004-06-02,
2004-06-03,
2004-06-04,
2004-06-05,
2004-06-06,
2004-06-07,
2004-06-08,
2004-06-09,
2004-06-10,
2004-06-11,
2004-06-12,
2004-06-13,
2004-06-14,
2004-06-15,
2004-06-16,
2004-06-17,
2004-06-18,
2004-06-19,
2004-06-20,
2004-06-21,
2004-06-22,
2004-06-23,
2004-06-24,
2004-06-25,
2004-06-26,
2004-06-27,
2004-06-28,
2004-06-29,
2004-06-30,
2004-07-01,
2004-07-02,
2004-07-03,
2004-07-04,
2004-07-05,
2004-07-06,
2004-07-07,
2004-07-08,
2004-07-09,
2004-07-10,
2004-07-11,
2004-07-12,
2004-07-13,
2004-07-14,
2004-07-15,
2004-07-16,
2004-07-17,
2004-07-18,
2004-07-19,
2004-07-20,
2004-07-21,
2004-07-22,
2004-07-23,
2004-07-24,
2004-07-25,
2004-07-26,
2004-07-27,
2004-07-28,
2004-07-29,
2004-07-30,
2004-07-31,
2004-08-01,
2004-08-02,
2004-08-03,
2004-08-04,
2004-08-05,
2004-08-06,
2004-08-07,
2004-08-08,
2004-08-09,
2004-08-10,
2004-08-11,
2004-08-12,
2004-08-13,
2004-08-14,
2004-08-15,
2004-08-16,
2004-08-17,
2004-08-18,
2004-08-19,
2004-08-20,
2004-08-21,
2004-08-22,
2004-08-23,
2004-08-24,
2004-08-25,
2004-08-26,
2004-08-27,
2004-08-28,
2004-08-29,
2004-08-30,
2004-08-31,
2004-09-01,
2004-09-02,
2004-09-03,
2004-09-04,
2004-09-05,
2004-09-06,
2004-09-07,
2004-09-08,
2004-09-09,
2004-09-10,
2004-09-11,
2004-09-12,
2004-09-13,
2004-09-14,
2004-09-15,
2004-09-16,
2004-09-17,
2004-09-18,
2004-09-19,
2004-09-20,
2004-09-21,
2004-09-22,
2004-09-23,
2004-09-24,
2004-09-25,
2004-09-26,
2004-09-27,
2004-09-28,
2004-09-29,
2004-09-30,
2004-10-01,
2004-10-02,
2004-10-03,
2004-10-04,
2004-10-05,
2004-10-06,
2004-10-07,
2004-10-08,
2004-10-09,
2004-10-10,
2004-10-11,
2004-10-12,
2004-10-13,
2004-10-14,
2004-10-15,
2004-10-16,
2004-10-17,
2004-10-18,
2004-10-19,
2004-10-20,
2004-10-21,
2004-10-22,
2004-10-23,
2004-10-24,
2004-10-25,
2004-10-26,
2004-10-27,
2004-10-28,
2004-10-29,
2004-10-30,
2004-10-31,
2004-11-01,
2004-11-02,
2004-11-03,
2004-11-04,
2004-11-05,
2004-11-06,
2004-11-07,
2004-11-08,
2004-11-09,
2004-11-10,
2004-11-11,
2004-11-12,
2004-11-13,
2004-11-14,
2004-11-15,
2004-11-16,
2004-11-17,
2004-11-18,
2004-11-19,
2004-11-20,
2004-11-21,
2004-11-22,
2004-11-23,
2004-11-24,
2004-11-25,
2004-11-26,
2004-11-27,
2004-11-28,
2004-11-29,
2004-11-30,
2004-12-01,
2004-12-02,
2004-12-03,
2004-12-04,
2004-12-05,
2004-12-06,
2004-12-07,
2004-12-08,
2004-12-09,
2004-12-10,
2004-12-11,
2004-12-12,
2004-12-13,
2004-12-14,
2004-12-15,
2004-12-16,
2004-12-17,
2004-12-18,
2004-12-19,
2004-12-20,
2004-12-21,
2004-12-22,
2004-12-23,
2004-12-24,
2004-12-25,
2004-12-26,
2004-12-27,
2004-12-28,
2004-12-29,
2004-12-30,
2004-12-31,
2005-01-01,
2005-01-02,
2005-01-03,
2005-01-04,
2005-01-05,
2005-01-06,
2005-01-07,
2005-01-08,
2005-01-09,
2005-01-10,
2005-01-11,
2005-01-12,
2005-01-13,
2005-01-14,
2005-01-15,
2005-01-16,
2005-01-17,
2005-01-18,
2005-01-19,
2005-01-20,
2005-01-21,
2005-01-22,
2005-01-23,
2005-01-24,
2005-01-25,
2005-01-26,
2005-01-27,
2005-01-28,
2005-01-29,
2005-01-30,
2005-01-31,
2005-02-01,
2005-02-02,
2005-02-03,
2005-02-04,
2005-02-05,
2005-02-06,
2005-02-07,
2005-02-08,
2005-02-09,
2005-02-10,
2005-02-11,
2005-02-12,
2005-02-13,
2005-02-14,
2005-02-15,
2005-02-16,
2005-02-17,
2005-02-18,
2005-02-19,
2005-02-20,
2005-02-21,
2005-02-22,
2005-02-23,
2005-02-24,
2005-02-25,
2005-02-26,
2005-02-27,
2005-02-28,
2005-03-01,
2005-03-02,
2005-03-03,
2005-03-04,
2005-03-05,
2005-03-06,
2005-03-07,
2005-03-08,
2005-03-09,
2005-03-10,
2005-03-11,
2005-03-12,
2005-03-13,
2005-03-14,
2005-03-15,
2005-03-16,
2005-03-17,
2005-03-18,
2005-03-19,
2005-03-20,
2005-03-21,
2005-03-22,
2005-03-23,
2005-03-24,
2005-03-25,
2005-03-26,
2005-03-27,
2005-03-28,
2005-03-29,
2005-03-30,
2005-03-31,
2005-04-01,
2005-04-02,
2005-04-03,
2005-04-04,
2005-04-05,
2005-04-06,
2005-04-07,
2005-04-08,
2005-04-09,
2005-04-10,
2005-04-11,
2005-04-12,
2005-04-13,
2005-04-14,
2005-04-15,
2005-04-16,
2005-04-17,
2005-04-18,
2005-04-19,
2005-04-20,
2005-04-21,
2005-04-22,
2005-04-23,
2005-04-24,
2005-04-25,
2005-04-26,
2005-04-27,
2005-04-28,
2005-04-29,
2005-04-30,
2005-05-01,
2005-05-02,
2005-05-03,
2005-05-04,
2005-05-05,
2005-05-06,
2005-05-07,
2005-05-08,
2005-05-09,
2005-05-10,
2005-05-11,
2005-05-12,
2005-05-13,
2005-05-14,
2005-05-15,
2005-05-16,
2005-05-17,
2005-05-18,
2005-05-19,
2005-05-20,
2005-05-21,
2005-05-22,
2005-05-23,
2005-05-24,
2005-05-25,
2005-05-26,
2005-05-27,
2005-05-28,
2005-05-29,
2005-05-30,
2005-05-31,
2005-06-01,
2005-06-02,
2005-06-03,
2005-06-04,
2005-06-05,
2005-06-06,
2005-06-07,
2005-06-08,
2005-06-09,
2005-06-10,
2005-06-11,
2005-06-12,
2005-06-13,
2005-06-14,
2005-06-15,
2005-06-16,
2005-06-17,
2005-06-18,
2005-06-19,
2005-06-20,
2005-06-21,
2005-06-22,
2005-06-23,
2005-06-24,
2005-06-25,
2005-06-26,
2005-06-27,
2005-06-28,
2005-06-29,
2005-06-30,
2005-07-01,
2005-07-02,
2005-07-03,
2005-07-04,
2005-07-05,
2005-07-06,
2005-07-07,
2005-07-08,
2005-07-09,
2005-07-10,
2005-07-11,
2005-07-12,
2005-07-13,
2005-07-14,
2005-07-15,
2005-07-16,
2005-07-17,
2005-07-18,
2005-07-19,
2005-07-20,
2005-07-21,
2005-07-22,
2005-07-23,
2005-07-24,
2005-07-25,
2005-07-26,
2005-07-27,
2005-07-28,
2005-07-29,
2005-07-30,
2005-07-31,
2005-08-01,
2005-08-02,
2005-08-03,
2005-08-04,
2005-08-05,
2005-08-06,
2005-08-07,
2005-08-08,
2005-08-09,
2005-08-10,
2005-08-11,
2005-08-12,
2005-08-13,
2005-08-14,
2005-08-15,
2005-08-16,
2005-08-17,
2005-08-18,
2005-08-19,
2005-08-20,
2005-08-21,
2005-08-22,
2005-08-23,
2005-08-24,
2005-08-25,
2005-08-26,
2005-08-27,
2005-08-28,
2005-08-29,
2005-08-30,
2005-08-31,
2005-09-01,
2005-09-02,
2005-09-03,
2005-09-04,
2005-09-05,
2005-09-06,
2005-09-07,
2005-09-08,
2005-09-09,
2005-09-10,
2005-09-11,
2005-09-12,
2005-09-13,
2005-09-14,
2005-09-15,
2005-09-16,
2005-09-17,
2005-09-18,
2005-09-19,
2005-09-20,
2005-09-21,
2005-09-22,
2005-09-23,
2005-09-24,
2005-09-25,
2005-09-26,
2005-09-27,
2005-09-28,
2005-09-29,
2005-09-30,
2005-10-01,
2005-10-02,
2005-10-03,
2005-10-04,
2005-10-05,
2005-10-06,
2005-10-07,
2005-10-08,
2005-10-09,
2005-10-10,
2005-10-11,
2005-10-12,
2005-10-13,
2005-10-14,
2005-10-15,
2005-10-16,
2005-10-17,
2005-10-18,
2005-10-19,
2005-10-20,
2005-10-21,
2005-10-22,
2005-10-23,
2005-10-24,
2005-10-25,
2005-10-26,
2005-10-27,
2005-10-28,
2005-10-29,
2005-10-30,
2005-10-31,
2005-11-01,
2005-11-02,
2005-11-03,
2005-11-04,
2005-11-05,
2005-11-06,
2005-11-07,
2005-11-08,
2005-11-09,
2005-11-10,
2005-11-11,
2005-11-12,
2005-11-13,
2005-11-14,
2005-11-15,
2005-11-16,
2005-11-17,
2005-11-18,
2005-11-19,
2005-11-20,
2005-11-21,
2005-11-22,
2005-11-23,
2005-11-24,
2005-11-25,
2005-11-26,
2005-11-27,
2005-11-28,
2005-11-29,
2005-11-30,
2005-12-01,
2005-12-02,
2005-12-03,
2005-12-04,
2005-12-05,
2005-12-06,
2005-12-07,
2005-12-08,
2005-12-09,
2005-12-10,
2005-12-11,
2005-12-12,
2005-12-13,
2005-12-14,
2005-12-15,
2005-12-16,
2005-12-17,
2005-12-18,
2005-12-19,
2005-12-20,
2005-12-21,
2005-12-22,
2005-12-23,
2005-12-24,
2005-12-25,
2005-12-26,
2005-12-27,
2005-12-28,
2005-12-29,
2005-12-30,
2005-12-31,
2006-01-01,
2006-01-02,
2006-01-03,
2006-01-04,
2006-01-05,
2006-01-06,
2006-01-07,
2006-01-08,
2006-01-09,
2006-01-10,
2006-01-11,
2006-01-12,
2006-01-13,
2006-01-14,
2006-01-15,
2006-01-16,
2006-01-17,
2006-01-18,
2006-01-19,
2006-01-20,
2006-01-21,
2006-01-22,
2006-01-23,
2006-01-24,
2006-01-25,
2006-01-26,
2006-01-27,
2006-01-28,
2006-01-29,
2006-01-30,
2006-01-31,
2006-02-01,
2006-02-02,
2006-02-03,
2006-02-04,
2006-02-05,
2006-02-06,
2006-02-07,
2006-02-08,
2006-02-09,
2006-02-10,
2006-02-11,
2006-02-12,
2006-02-13,
2006-02-14,
2006-02-15,
2006-02-16,
2006-02-17,
2006-02-18,
2006-02-19,
2006-02-20,
2006-02-21,
2006-02-22,
2006-02-23,
2006-02-24,
2006-02-25,
2006-02-26,
2006-02-27,
2006-02-28,
2006-03-01,
2006-03-02,
2006-03-03,
2006-03-04,
2006-03-05,
2006-03-06,
2006-03-07,
2006-03-08,
2006-03-09,
2006-03-10,
2006-03-11,
2006-03-12,
2006-03-13,
2006-03-14,
2006-03-15,
2006-03-16,
2006-03-17,
2006-03-18,
2006-03-19,
2006-03-20,
2006-03-21,
2006-03-22,
2006-03-23,
2006-03-24,
2006-03-25,
2006-03-26,
2006-03-27,
2006-03-28,
2006-03-29,
2006-03-30,
2006-03-31,
2006-04-01,
2006-04-02,
2006-04-03,
2006-04-04,
2006-04-05,
2006-04-06,
2006-04-07,
2006-04-08,
2006-04-09,
2006-04-10,
2006-04-11,
2006-04-12,
2006-04-13,
2006-04-14,
2006-04-15,
2006-04-16,
2006-04-17,
2006-04-18,
2006-04-19,
2006-04-20,
2006-04-21,
2006-04-22,
2006-04-23,
2006-04-24,
2006-04-25,
2006-04-26,
2006-04-27,
2006-04-28,
2006-04-29,
2006-04-30,
2006-05-01,
2006-05-02,
2006-05-03,
2006-05-04,
2006-05-05,
2006-05-06,
2006-05-07,
2006-05-08,
2006-05-09,
2006-05-10,
2006-05-11,
2006-05-12,
2006-05-13,
2006-05-14,
2006-05-15,
2006-05-16,
2006-05-17,
2006-05-18,
2006-05-19,
2006-05-20,
2006-05-21,
2006-05-22,
2006-05-23,
2006-05-24,
2006-05-25,
2006-05-26,
2006-05-27,
2006-05-28,
2006-05-29,
2006-05-30,
2006-05-31,
2006-06-01,
2006-06-02,
2006-06-03,
2006-06-04,
2006-06-05,
2006-06-06,
2006-06-07,
2006-06-08,
2006-06-09,
2006-06-10,
2006-06-11,
2006-06-12,
2006-06-13,
2006-06-14,
2006-06-15,
2006-06-16,
2006-06-17,
2006-06-18,
2006-06-19,
2006-06-20,
2006-06-21,
2006-06-22,
2006-06-23,
2006-06-24,
2006-06-25,
2006-06-26,
2006-06-27,
2006-06-28,
2006-06-29,
2006-06-30,
2006-07-01,
2006-07-02,
2006-07-03,
2006-07-04,
2006-07-05,
2006-07-06,
2006-07-07,
2006-07-08,
2006-07-09,
2006-07-10,
2006-07-11,
2006-07-12,
2006-07-13,
2006-07-14,
2006-07-15,
2006-07-16,
2006-07-17,
2006-07-18,
2006-07-19,
2006-07-20,
2006-07-21,
2006-07-22,
2006-07-23,
2006-07-24,
2006-07-25,
2006-07-26,
2006-07-27,
2006-07-28,
2006-07-29,
2006-07-30,
2006-07-31,
2006-08-01,
2006-08-02,
2006-08-03,
2006-08-04,
2006-08-05,
2006-08-06,
2006-08-07,
2006-08-08,
2006-08-09,
2006-08-10,
2006-08-11,
2006-08-12,
2006-08-13,
2006-08-14,
2006-08-15,
2006-08-16,
2006-08-17,
2006-08-18,
2006-08-19,
2006-08-20,
2006-08-21,
2006-08-22,
2006-08-23,
2006-08-24,
2006-08-25,
2006-08-26,
2006-08-27,
2006-08-28,
2006-08-29,
2006-08-30,
2006-08-31,
2006-09-01,
2006-09-02,
2006-09-03,
2006-09-04,
2006-09-05,
2006-09-06,
2006-09-07,
2006-09-08,
2006-09-09,
2006-09-10,
2006-09-11,
2006-09-12,
2006-09-13,
2006-09-14,
2006-09-15,
2006-09-16,
2006-09-17,
2006-09-18,
2006-09-19,
2006-09-20,
2006-09-21,
2006-09-22,
2006-09-23,
2006-09-24,
2006-09-25,
2006-09-26,
2006-09-27,
2006-09-28,
2006-09-29,
2006-09-30,
2006-10-01,
2006-10-02,
2006-10-03,
2006-10-04,
2006-10-05,
2006-10-06,
2006-10-07,
2006-10-08,
2006-10-09,
2006-10-10,
2006-10-11,
2006-10-12,
2006-10-13,
2006-10-14,
2006-10-15,
2006-10-16,
2006-10-17,
2006-10-18,
2006-10-19,
2006-10-20,
2006-10-21,
2006-10-22,
2006-10-23,
2006-10-24,
2006-10-25,
2006-10-26,
2006-10-27,
2006-10-28,
2006-10-29,
2006-10-30,
2006-10-31,
2006-11-01,
2006-11-02,
2006-11-03,
2006-11-04,
2006-11-05,
2006-11-06,
2006-11-07,
2006-11-08,
2006-11-09,
2006-11-10,
2006-11-11,
2006-11-12,
2006-11-13,
2006-11-14,
2006-11-15,
2006-11-16,
2006-11-17,
2006-11-18,
2006-11-19,
2006-11-20,
2006-11-21,
2006-11-22,
2006-11-23,
2006-11-24,
2006-11-25,
2006-11-26,
2006-11-27,
2006-11-28,
2006-11-29,
2006-11-30,
2006-12-01,
2006-12-02,
2006-12-03,
2006-12-04,
2006-12-05,
2006-12-06,
2006-12-07,
2006-12-08,
2006-12-09,
2006-12-10,
2006-12-11,
2006-12-12,
2006-12-13,
2006-12-14,
2006-12-15,
2006-12-16,
2006-12-17,
2006-12-18,
2006-12-19,
2006-12-20,
2006-12-21,
2006-12-22,
2006-12-23,
2006-12-24,
2006-12-25,
2006-12-26,
2006-12-27,
2006-12-28,
2006-12-29,
2006-12-30,
2006-12-31,
2007-01-01,
2007-01-02,
2007-01-03,
2007-01-04,
2007-01-05,
2007-01-06,
2007-01-07,
2007-01-08,
2007-01-09,
2007-01-10,
2007-01-11,
2007-01-12,
2007-01-13,
2007-01-14,
2007-01-15,
2007-01-16,
2007-01-17,
2007-01-18,
2007-01-19,
2007-01-20,
2007-01-21,
2007-01-22,
2007-01-23,
2007-01-24,
2007-01-25,
2007-01-26,
2007-01-27,
2007-01-28,
2007-01-29,
2007-01-30,
2007-01-31,
2007-02-01,
2007-02-02,
2007-02-03,
2007-02-04,
2007-02-05,
2007-02-06,
2007-02-07,
2007-02-08,
2007-02-09,
2007-02-10,
2007-02-11,
2007-02-12,
2007-02-13,
2007-02-14,
2007-02-15,
2007-02-16,
2007-02-17,
2007-02-18,
2007-02-19,
2007-02-20,
2007-02-21,
2007-02-22,
2007-02-23,
2007-02-24,
2007-02-25,
2007-02-26,
2007-02-27,
2007-02-28,
2007-03-01,
2007-03-02,
2007-03-03,
2007-03-04,
2007-03-05,
2007-03-06,
2007-03-07,
2007-03-08,
2007-03-09,
2007-03-10,
2007-03-11,
2007-03-12,
2007-03-13,
2007-03-14,
2007-03-15,
2007-03-16,
2007-03-17,
2007-03-18,
2007-03-19,
2007-03-20,
2007-03-21,
2007-03-22,
2007-03-23,
2007-03-24,
2007-03-25,
2007-03-26,
2007-03-27,
2007-03-28,
2007-03-29,
2007-03-30,
2007-03-31,
2007-04-01,
2007-04-02,
2007-04-03,
2007-04-04,
2007-04-05,
2007-04-06,
2007-04-07,
2007-04-08,
2007-04-09,
2007-04-10,
2007-04-11,
2007-04-12,
2007-04-13,
2007-04-14,
2007-04-15,
2007-04-16,
2007-04-17,
2007-04-18,
2007-04-19,
2007-04-20,
2007-04-21,
2007-04-22,
2007-04-23,
2007-04-24,
2007-04-25,
2007-04-26,
2007-04-27,
2007-04-28,
2007-04-29,
2007-04-30,
2007-05-01,
2007-05-02,
2007-05-03,
2007-05-04,
2007-05-05,
2007-05-06,
2007-05-07,
2007-05-08,
2007-05-09,
2007-05-10,
2007-05-11,
2007-05-12,
2007-05-13,
2007-05-14,
2007-05-15,
2007-05-16,
2007-05-17,
2007-05-18,
2007-05-19,
2007-05-20,
2007-05-21,
2007-05-22,
2007-05-23,
2007-05-24,
2007-05-25,
2007-05-26,
2007-05-27,
2007-05-28,
2007-05-29,
2007-05-30,
2007-05-31,
2007-06-01,
2007-06-02,
2007-06-03,
2007-06-04,
2007-06-05,
2007-06-06,
2007-06-07,
2007-06-08,
2007-06-09,
2007-06-10,
2007-06-11,
2007-06-12,
2007-06-13,
2007-06-14,
2007-06-15,
2007-06-16,
2007-06-17,
2007-06-18,
2007-06-19,
2007-06-20,
2007-06-21,
2007-06-22,
2007-06-23,
2007-06-24,
2007-06-25,
2007-06-26,
2007-06-27,
2007-06-28,
2007-06-29,
2007-06-30,
2007-07-01,
2007-07-02,
2007-07-03,
2007-07-04,
2007-07-05,
2007-07-06,
2007-07-07,
2007-07-08,
2007-07-09,
2007-07-10,
2007-07-11,
2007-07-12,
2007-07-13,
2007-07-14,
2007-07-15,
2007-07-16,
2007-07-17,
2007-07-18,
2007-07-19,
2007-07-20,
2007-07-21,
2007-07-22,
2007-07-23,
2007-07-24,
2007-07-25,
2007-07-26,
2007-07-27,
2007-07-28,
2007-07-29,
2007-07-30,
2007-07-31,
2007-08-01,
2007-08-02,
2007-08-03,
2007-08-04,
2007-08-05,
2007-08-06,
2007-08-07,
2007-08-08,
2007-08-09,
2007-08-10,
2007-08-11,
2007-08-12,
2007-08-13,
2007-08-14,
2007-08-15,
2007-08-16,
2007-08-17,
2007-08-18,
2007-08-19,
2007-08-20,
2007-08-21,
2007-08-22,
2007-08-23,
2007-08-24,
2007-08-25,
2007-08-26,
2007-08-27,
2007-08-28,
2007-08-29,
2007-08-30,
2007-08-31,
2007-09-01,
2007-09-02,
2007-09-03,
2007-09-04,
2007-09-05,
2007-09-06,
2007-09-07,
2007-09-08,
2007-09-09,
2007-09-10,
2007-09-11,
2007-09-12,
2007-09-13,
2007-09-14,
2007-09-15,
2007-09-16,
2007-09-17,
2007-09-18,
2007-09-19,
2007-09-20,
2007-09-21,
2007-09-22,
2007-09-23,
2007-09-24,
2007-09-25,
2007-09-26,
2007-09-27,
2007-09-28,
2007-09-29,
2007-09-30,
2007-10-01,
2007-10-02,
2007-10-03,
2007-10-04,
2007-10-05,
2007-10-06,
2007-10-07,
2007-10-08,
2007-10-09,
2007-10-10,
2007-10-11,
2007-10-12,
2007-10-13,
2007-10-14,
2007-10-15,
2007-10-16,
2007-10-17,
2007-10-18,
2007-10-19,
2007-10-20,
2007-10-21,
2007-10-22,
2007-10-23,
2007-10-24,
2007-10-25,
2007-10-26,
2007-10-27,
2007-10-28,
2007-10-29,
2007-10-30,
2007-10-31,
2007-11-01,
2007-11-02,
2007-11-03,
2007-11-04,
2007-11-05,
2007-11-06,
2007-11-07,
2007-11-08,
2007-11-09,
2007-11-10,
2007-11-11,
2007-11-12,
2007-11-13,
2007-11-14,
2007-11-15,
2007-11-16,
2007-11-17,
2007-11-18,
2007-11-19,
2007-11-20,
2007-11-21,
2007-11-22,
2007-11-23,
2007-11-24,
2007-11-25,
2007-11-26,
2007-11-27,
2007-11-28,
2007-11-29,
2007-11-30,
2007-12-01,
2007-12-02,
2007-12-03,
2007-12-04,
2007-12-05,
2007-12-06,
2007-12-07,
2007-12-08,
2007-12-09,
2007-12-10,
2007-12-11,
2007-12-12,
2007-12-13,
2007-12-14,
2007-12-15,
2007-12-16,
2007-12-17,
2007-12-18,
2007-12-19,
2007-12-20,
2007-12-21,
2007-12-22,
2007-12-23,
2007-12-24,
2007-12-25,
2007-12-26,
2007-12-27,
2007-12-28,
2007-12-29,
2007-12-30,
2007-12-31,
2008-01-01,
2008-01-02,
2008-01-03,
2008-01-04,
2008-01-05,
2008-01-06,
2008-01-07,
2008-01-08,
2008-01-09,
2008-01-10,
2008-01-11,
2008-01-12,
2008-01-13,
2008-01-14,
2008-01-15,
2008-01-16,
2008-01-17,
2008-01-18,
2008-01-19,
2008-01-20,
2008-01-21,
2008-01-22,
2008-01-23,
2008-01-24,
2008-01-25,
2008-01-26,
2008-01-27,
2008-01-28,
2008-01-29,
2008-01-30,
2008-01-31,
2008-02-01,
2008-02-02,
2008-02-03,
2008-02-04,
2008-02-05,
2008-02-06,
2008-02-07,
2008-02-08,
2008-02-09,
2008-02-10,
2008-02-11,
2008-02-12,
2008-02-13,
2008-02-14,
2008-02-15,
2008-02-16,
2008-02-17,
2008-02-18,
2008-02-19,
2008-02-20,
2008-02-21,
2008-02-22,
2008-02-23,
2008-02-24,
2008-02-25,
2008-02-26,
2008-02-27,
2008-02-28,
2008-02-29,
2008-03-01,
2008-03-02,
2008-03-03,
2008-03-04,
2008-03-05,
2008-03-06,
2008-03-07,
2008-03-08,
2008-03-09,
2008-03-10,
2008-03-11,
2008-03-12,
2008-03-13,
2008-03-14,
2008-03-15,
2008-03-16,
2008-03-17,
2008-03-18,
2008-03-19,
2008-03-20,
2008-03-21,
2008-03-22,
2008-03-23,
2008-03-24,
2008-03-25,
2008-03-26,
2008-03-27,
2008-03-28,
2008-03-29,
2008-03-30,
2008-03-31,
2008-04-01,
2008-04-02,
2008-04-03,
2008-04-04,
2008-04-05,
2008-04-06,
2008-04-07,
2008-04-08,
2008-04-09,
2008-04-10,
2008-04-11,
2008-04-12,
2008-04-13,
2008-04-14,
2008-04-15,
2008-04-16,
2008-04-17,
2008-04-18,
2008-04-19,
2008-04-20,
2008-04-21,
2008-04-22,
2008-04-23,
2008-04-24,
2008-04-25,
2008-04-26,
2008-04-27,
2008-04-28,
2008-04-29,
2008-04-30,
2008-05-01,
2008-05-02,
2008-05-03,
2008-05-04,
2008-05-05,
2008-05-06,
2008-05-07,
2008-05-08,
2008-05-09,
2008-05-10,
2008-05-11,
2008-05-12,
2008-05-13,
2008-05-14,
2008-05-15,
2008-05-16,
2008-05-17,
2008-05-18,
2008-05-19,
2008-05-20,
2008-05-21,
2008-05-22,
2008-05-23,
2008-05-24,
2008-05-25,
2008-05-26,
2008-05-27,
2008-05-28,
2008-05-29,
2008-05-30,
2008-05-31,
2008-06-01,
2008-06-02,
2008-06-03,
2008-06-04,
2008-06-05,
2008-06-06,
2008-06-07,
2008-06-08,
2008-06-09,
2008-06-10,
2008-06-11,
2008-06-12,
2008-06-13,
2008-06-14,
2008-06-15,
2008-06-16,
2008-06-17,
2008-06-18,
2008-06-19,
2008-06-20,
2008-06-21,
2008-06-22,
2008-06-23,
2008-06-24,
2008-06-25,
2008-06-26,
2008-06-27,
2008-06-28,
2008-06-29,
2008-06-30,
2008-07-01,
2008-07-02,
2008-07-03,
2008-07-04,
2008-07-05,
2008-07-06,
2008-07-07,
2008-07-08,
2008-07-09,
2008-07-10,
2008-07-11,
2008-07-12,
2008-07-13,
2008-07-14,
2008-07-15,
2008-07-16,
2008-07-17,
2008-07-18,
2008-07-19,
2008-07-20,
2008-07-21,
2008-07-22,
2008-07-23,
2008-07-24,
2008-07-25,
2008-07-26,
2008-07-27,
2008-07-28,
2008-07-29,
2008-07-30,
2008-07-31,
2008-08-01,
2008-08-02,
2008-08-03,
2008-08-04,
2008-08-05,
2008-08-06,
2008-08-07,
2008-08-08,
2008-08-09,
2008-08-10,
2008-08-11,
2008-08-12,
2008-08-13,
2008-08-14,
2008-08-15,
2008-08-16,
2008-08-17,
2008-08-18,
2008-08-19,
2008-08-20,
2008-08-21,
2008-08-22,
2008-08-23,
2008-08-24,
2008-08-25,
2008-08-26,
2008-08-27,
2008-08-28,
2008-08-29,
2008-08-30,
2008-08-31,
2008-09-01,
2008-09-02,
2008-09-03,
2008-09-04,
2008-09-05,
2008-09-06,
2008-09-07,
2008-09-08,
2008-09-09,
2008-09-10,
2008-09-11,
2008-09-12,
2008-09-13,
2008-09-14,
2008-09-15,
2008-09-16,
2008-09-17,
2008-09-18,
2008-09-19,
2008-09-20,
2008-09-21,
2008-09-22,
2008-09-23,
2008-09-24,
2008-09-25,
2008-09-26,
2008-09-27,
2008-09-28,
2008-09-29,
2008-09-30,
2008-10-01,
2008-10-02,
2008-10-03,
2008-10-04,
2008-10-05,
2008-10-06,
2008-10-07,
2008-10-08,
2008-10-09,
2008-10-10,
2008-10-11,
2008-10-12,
2008-10-13,
2008-10-14,
2008-10-15,
2008-10-16,
2008-10-17,
2008-10-18,
2008-10-19,
2008-10-20,
2008-10-21,
2008-10-22,
2008-10-23,
2008-10-24,
2008-10-25,
2008-10-26,
2008-10-27,
2008-10-28,
2008-10-29,
2008-10-30,
2008-10-31,
2008-11-01,
2008-11-02,
2008-11-03,
2008-11-04,
2008-11-05,
2008-11-06,
2008-11-07,
2008-11-08,
2008-11-09,
2008-11-10,
2008-11-11,
2008-11-12,
2008-11-13,
2008-11-14,
2008-11-15,
2008-11-16,
2008-11-17,
2008-11-18,
2008-11-19,
2008-11-20,
2008-11-21,
2008-11-22,
2008-11-23,
2008-11-24,
2008-11-25,
2008-11-26,
2008-11-27,
2008-11-28,
2008-11-29,
2008-11-30,
2008-12-01,
2008-12-02,
2008-12-03,
2008-12-04,
2008-12-05,
2008-12-06,
2008-12-07,
2008-12-08,
2008-12-09,
2008-12-10,
2008-12-11,
2008-12-12,
2008-12-13,
2008-12-14,
2008-12-15,
2008-12-16,
2008-12-17,
2008-12-18,
2008-12-19,
2008-12-20,
2008-12-21,
2008-12-22,
2008-12-23,
2008-12-24,
2008-12-25,
2008-12-26,
2008-12-27,
2008-12-28,
2008-12-29,
2008-12-30,
2008-12-31,
2009-01-01,
2009-01-02,
2009-01-03,
2009-01-04,
2009-01-05,
2009-01-06,
2009-01-07,
2009-01-08,
2009-01-09,
2009-01-10,
2009-01-11,
2009-01-12,
2009-01-13,
2009-01-14,
2009-01-15,
2009-01-16,
2009-01-17,
2009-01-18,
2009-01-19,
2009-01-20,
2009-01-21,
2009-01-22,
2009-01-23,
2009-01-24,
2009-01-25,
2009-01-26,
2009-01-27,
2009-01-28,
2009-01-29,
2009-01-30,
2009-01-31,
2009-02-01,
2009-02-02,
2009-02-03,
2009-02-04,
2009-02-05,
2009-02-06,
2009-02-07,
2009-02-08,
2009-02-09,
2009-02-10,
2009-02-11,
2009-02-12,
2009-02-13,
2009-02-14,
2009-02-15,
2009-02-16,
2009-02-17,
2009-02-18,
2009-02-19,
2009-02-20,
2009-02-21,
2009-02-22,
2009-02-23,
2009-02-24,
2009-02-25,
2009-02-26,
2009-02-27,
2009-02-28,
2009-03-01,
2009-03-02,
2009-03-03,
2009-03-04,
2009-03-05,
2009-03-06,
2009-03-07,
2009-03-08,
2009-03-09,
2009-03-10,
2009-03-11,
2009-03-12,
2009-03-13,
2009-03-14,
2009-03-15,
2009-03-16,
2009-03-17,
2009-03-18,
2009-03-19,
2009-03-20,
2009-03-21,
2009-03-22,
2009-03-23,
2009-03-24,
2009-03-25,
2009-03-26,
2009-03-27,
2009-03-28,
2009-03-29,
2009-03-30,
2009-03-31,
2009-04-01,
2009-04-02,
2009-04-03,
2009-04-04,
2009-04-05,
2009-04-06,
2009-04-07,
2009-04-08,
2009-04-09,
2009-04-10,
2009-04-11,
2009-04-12,
2009-04-13,
2009-04-14,
2009-04-15,
2009-04-16,
2009-04-17,
2009-04-18,
2009-04-19,
2009-04-20,
2009-04-21,
2009-04-22,
2009-04-23,
2009-04-24,
2009-04-25,
2009-04-26,
2009-04-27,
2009-04-28,
2009-04-29,
2009-04-30,
2009-05-01,
2009-05-02,
2009-05-03,
2009-05-04,
2009-05-05,
2009-05-06,
2009-05-07,
2009-05-08,
2009-05-09,
2009-05-10,
2009-05-11,
2009-05-12,
2009-05-13,
2009-05-14,
2009-05-15,
2009-05-16,
2009-05-17,
2009-05-18,
2009-05-19,
2009-05-20,
2009-05-21,
2009-05-22,
2009-05-23,
2009-05-24,
2009-05-25,
2009-05-26,
2009-05-27,
2009-05-28,
2009-05-29,
2009-05-30,
2009-05-31,
2009-06-01,
2009-06-02,
2009-06-03,
2009-06-04,
2009-06-05,
2009-06-06,
2009-06-07,
2009-06-08,
2009-06-09,
2009-06-10,
2009-06-11,
2009-06-12,
2009-06-13,
2009-06-14,
2009-06-15,
2009-06-16,
2009-06-17,
2009-06-18,
2009-06-19,
2009-06-20,
2009-06-21,
2009-06-22,
2009-06-23,
2009-06-24,
2009-06-25,
2009-06-26,
2009-06-27,
2009-06-28,
2009-06-29,
2009-06-30,
2009-07-01,
2009-07-02,
2009-07-03,
2009-07-04,
2009-07-05,
2009-07-06,
2009-07-07,
2009-07-08,
2009-07-09,
2009-07-10,
2009-07-11,
2009-07-12,
2009-07-13,
2009-07-14,
2009-07-15,
2009-07-16,
2009-07-17,
2009-07-18,
2009-07-19,
2009-07-20,
2009-07-21,
2009-07-22,
2009-07-23,
2009-07-24,
2009-07-25,
2009-07-26,
2009-07-27,
2009-07-28,
2009-07-29,
2009-07-30,
2009-07-31,
2009-08-01,
2009-08-02,
2009-08-03,
2009-08-04,
2009-08-05,
2009-08-06,
2009-08-07,
2009-08-08,
2009-08-09,
2009-08-10,
2009-08-11,
2009-08-12,
2009-08-13,
2009-08-14,
2009-08-15,
2009-08-16,
2009-08-17,
2009-08-18,
2009-08-19,
2009-08-20,
2009-08-21,
2009-08-22,
2009-08-23,
2009-08-24,
2009-08-25,
2009-08-26,
2009-08-27,
2009-08-28,
2009-08-29,
2009-08-30,
2009-08-31,
2009-09-01,
2009-09-02,
2009-09-03,
2009-09-04,
2009-09-05,
2009-09-06,
2009-09-07,
2009-09-08,
2009-09-09,
2009-09-10,
2009-09-11,
2009-09-12,
2009-09-13,
2009-09-14,
2009-09-15,
2009-09-16,
2009-09-17,
2009-09-18,
2009-09-19,
2009-09-20,
2009-09-21,
2009-09-22,
2009-09-23,
2009-09-24,
2009-09-25,
2009-09-26,
2009-09-27,
2009-09-28,
2009-09-29,
2009-09-30,
2009-10-01,
2009-10-02,
2009-10-03,
2009-10-04,
2009-10-05,
2009-10-06,
2009-10-07,
2009-10-08,
2009-10-09,
2009-10-10,
2009-10-11,
2009-10-12,
2009-10-13,
2009-10-14,
2009-10-15,
2009-10-16,
2009-10-17,
2009-10-18,
2009-10-19,
2009-10-20,
2009-10-21,
2009-10-22,
2009-10-23,
2009-10-24,
2009-10-25,
2009-10-26,
2009-10-27,
2009-10-28,
2009-10-29,
2009-10-30,
2009-10-31,
2009-11-01,
2009-11-02,
2009-11-03,
2009-11-04,
2009-11-05,
2009-11-06,
2009-11-07,
2009-11-08,
2009-11-09,
2009-11-10,
2009-11-11,
2009-11-12,
2009-11-13,
2009-11-14,
2009-11-15,
2009-11-16,
2009-11-17,
2009-11-18,
2009-11-19,
2009-11-20,
2009-11-21,
2009-11-22,
2009-11-23,
2009-11-24,
2009-11-25,
2009-11-26,
2009-11-27,
2009-11-28,
2009-11-29,
2009-11-30,
2009-12-01,
2009-12-02,
2009-12-03,
2009-12-04,
2009-12-05,
2009-12-06,
2009-12-07,
2009-12-08,
2009-12-09,
2009-12-10,
2009-12-11,
2009-12-12,
2009-12-13,
2009-12-14,
2009-12-15,
2009-12-16,
2009-12-17,
2009-12-18,
2009-12-19,
2009-12-20,
2009-12-21,
2009-12-22,
2009-12-23,
2009-12-24,
2009-12-25,
2009-12-26,
2009-12-27,
2009-12-28,
2009-12-29,
2009-12-30,
2009-12-31,
2010-01-01,
2010-01-02,
2010-01-03,
2010-01-04,
2010-01-05,
2010-01-06,
2010-01-07,
2010-01-08,
2010-01-09,
2010-01-10,
2010-01-11,
2010-01-12,
2010-01-13,
2010-01-14,
2010-01-15,
2010-01-16,
2010-01-17,
2010-01-18,
2010-01-19,
2010-01-20,
2010-01-21,
2010-01-22,
2010-01-23,
2010-01-24,
2010-01-25,
2010-01-26,
2010-01-27,
2010-01-28,
2010-01-29,
2010-01-30,
2010-01-31,
2010-02-01,
2010-02-02,
2010-02-03,
2010-02-04,
2010-02-05,
2010-02-06,
2010-02-07,
2010-02-08,
2010-02-09,
2010-02-10,
2010-02-11,
2010-02-12,
2010-02-13,
2010-02-14,
2010-02-15,
2010-02-16,
2010-02-17,
2010-02-18,
2010-02-19,
2010-02-20,
2010-02-21,
2010-02-22,
2010-02-23,
2010-02-24,
2010-02-25,
2010-02-26,
2010-02-27,
2010-02-28,
2010-03-01,
2010-03-02,
2010-03-03,
2010-03-04,
2010-03-05,
2010-03-06,
2010-03-07,
2010-03-08,
2010-03-09,
2010-03-10,
2010-03-11,
2010-03-12,
2010-03-13,
2010-03-14,
2010-03-15,
2010-03-16,
2010-03-17,
2010-03-18,
2010-03-19,
2010-03-20,
2010-03-21,
2010-03-22,
2010-03-23,
2010-03-24,
2010-03-25,
2010-03-26,
2010-03-27,
2010-03-28,
2010-03-29,
2010-03-30,
2010-03-31,
2010-04-01,
2010-04-02,
2010-04-03,
2010-04-04,
2010-04-05,
2010-04-06,
2010-04-07,
2010-04-08,
2010-04-09,
2010-04-10,
2010-04-11,
2010-04-12,
2010-04-13,
2010-04-14,
2010-04-15,
2010-04-16,
2010-04-17,
2010-04-18,
2010-04-19,
2010-04-20,
2010-04-21,
2010-04-22,
2010-04-23,
2010-04-24,
2010-04-25,
2010-04-26,
2010-04-27,
2010-04-28,
2010-04-29,
2010-04-30,
2010-05-01,
2010-05-02,
2010-05-03,
2010-05-04,
2010-05-05,
2010-05-06,
2010-05-07,
2010-05-08,
2010-05-09,
2010-05-10,
2010-05-11,
2010-05-12,
2010-05-13,
2010-05-14,
2010-05-15,
2010-05-16,
2010-05-17,
2010-05-18,
2010-05-19,
2010-05-20,
2010-05-21,
2010-05-22,
2010-05-23,
2010-05-24,
2010-05-25,
2010-05-26,
2010-05-27,
2010-05-28,
2010-05-29,
2010-05-30,
2010-05-31,
2010-06-01,
2010-06-02,
2010-06-03,
2010-06-04,
2010-06-05,
2010-06-06,
2010-06-07,
2010-06-08,
2010-06-09,
2010-06-10,
2010-06-11,
2010-06-12,
2010-06-13,
2010-06-14,
2010-06-15,
2010-06-16,
2010-06-17,
2010-06-18,
2010-06-19,
2010-06-20,
2010-06-21,
2010-06-22,
2010-06-23,
2010-06-24,
2010-06-25,
2010-06-26,
2010-06-27,
2010-06-28,
2010-06-29,
2010-06-30,
2010-07-01,
2010-07-02,
2010-07-03,
2010-07-04,
2010-07-05,
2010-07-06,
2010-07-07,
2010-07-08,
2010-07-09,
2010-07-10,
2010-07-11,
2010-07-12,
2010-07-13,
2010-07-14,
2010-07-15,
2010-07-16,
2010-07-17,
2010-07-18,
2010-07-19,
2010-07-20,
2010-07-21,
2010-07-22,
2010-07-23,
2010-07-24,
2010-07-25,
2010-07-26,
2010-07-27,
2010-07-28,
2010-07-29,
2010-07-30,
2010-07-31,
2010-08-01,
2010-08-02,
2010-08-03,
2010-08-04,
2010-08-05,
2010-08-06,
2010-08-07,
2010-08-08,
2010-08-09,
2010-08-10,
2010-08-11,
2010-08-12,
2010-08-13,
2010-08-14,
2010-08-15,
2010-08-16,
2010-08-17,
2010-08-18,
2010-08-19,
2010-08-20,
2010-08-21,
2010-08-22,
2010-08-23,
2010-08-24,
2010-08-25,
2010-08-26,
2010-08-27,
2010-08-28,
2010-08-29,
2010-08-30,
2010-08-31,
2010-09-01,
2010-09-02,
2010-09-03,
2010-09-04,
2010-09-05,
2010-09-06,
2010-09-07,
2010-09-08,
2010-09-09,
2010-09-10,
2010-09-11,
2010-09-12,
2010-09-13,
2010-09-14,
2010-09-15,
2010-09-16,
2010-09-17,
2010-09-18,
2010-09-19,
2010-09-20,
2010-09-21,
2010-09-22,
2010-09-23,
2010-09-24,
2010-09-25,
2010-09-26,
2010-09-27,
2010-09-28,
2010-09-29,
2010-09-30,
2010-10-01,
2010-10-02,
2010-10-03,
2010-10-04,
2010-10-05,
2010-10-06,
2010-10-07,
2010-10-08,
2010-10-09,
2010-10-10,
2010-10-11,
2010-10-12,
2010-10-13,
2010-10-14,
2010-10-15,
2010-10-16,
2010-10-17,
2010-10-18,
2010-10-19,
2010-10-20,
2010-10-21,
2010-10-22,
2010-10-23,
2010-10-24,
2010-10-25,
2010-10-26,
2010-10-27,
2010-10-28,
2010-10-29,
2010-10-30,
2010-10-31,
2010-11-01,
2010-11-02,
2010-11-03,
2010-11-04,
2010-11-05,
2010-11-06,
2010-11-07,
2010-11-08,
2010-11-09,
2010-11-10,
2010-11-11,
2010-11-12,
2010-11-13,
2010-11-14,
2010-11-15,
2010-11-16,
2010-11-17,
2010-11-18,
2010-11-19,
2010-11-20,
2010-11-21,
2010-11-22,
2010-11-23,
2010-11-24,
2010-11-25,
2010-11-26,
2010-11-27,
2010-11-28,
2010-11-29,
2010-11-30,
2010-12-01,
2010-12-02,
2010-12-03,
2010-12-04,
2010-12-05,
2010-12-06,
2010-12-07,
2010-12-08,
2010-12-09,
2010-12-10,
2010-12-11,
2010-12-12,
2010-12-13,
2010-12-14,
2010-12-15,
2010-12-16,
2010-12-17,
2010-12-18,
2010-12-19,
2010-12-20,
2010-12-21,
2010-12-22,
2010-12-23,
2010-12-24,
2010-12-25,
2010-12-26,
2010-12-27,
2010-12-28,
2010-12-29,
2010-12-30,
2010-12-31,
2011-01-01,
2011-01-02,
2011-01-03,
2011-01-04,
2011-01-05,
2011-01-06,
2011-01-07,
2011-01-08,
2011-01-09,
2011-01-10,
2011-01-11,
2011-01-12,
2011-01-13,
2011-01-14,
2011-01-15,
2011-01-16,
2011-01-17,
2011-01-18,
2011-01-19,
2011-01-20,
2011-01-21,
2011-01-22,
2011-01-23,
2011-01-24,
2011-01-25,
2011-01-26,
2011-01-27,
2011-01-28,
2011-01-29,
2011-01-30,
2011-01-31,
2011-02-01,
2011-02-02,
2011-02-03,
2011-02-04,
2011-02-05,
2011-02-06,
2011-02-07,
2011-02-08,
2011-02-09,
2011-02-10,
2011-02-11,
2011-02-12,
2011-02-13,
2011-02-14,
2011-02-15,
2011-02-16,
2011-02-17,
2011-02-18,
2011-02-19,
2011-02-20,
2011-02-21,
2011-02-22,
2011-02-23,
2011-02-24,
2011-02-25,
2011-02-26,
2011-02-27,
2011-02-28,
2011-03-01,
2011-03-02,
2011-03-03,
2011-03-04,
2011-03-05,
2011-03-06,
2011-03-07,
2011-03-08,
2011-03-09,
2011-03-10,
2011-03-11,
2011-03-12,
2011-03-13,
2011-03-14,
2011-03-15,
2011-03-16,
2011-03-17,
2011-03-18,
2011-03-19,
2011-03-20,
2011-03-21,
2011-03-22,
2011-03-23,
2011-03-24,
2011-03-25,
2011-03-26,
2011-03-27,
2011-03-28,
2011-03-29,
2011-03-30,
2011-03-31,
2011-04-01,
2011-04-02,
2011-04-03,
2011-04-04,
2011-04-05,
2011-04-06,
2011-04-07,
2011-04-08,
2011-04-09,
2011-04-10,
2011-04-11,
2011-04-12,
2011-04-13,
2011-04-14,
2011-04-15,
2011-04-16,
2011-04-17,
2011-04-18,
2011-04-19,
2011-04-20,
2011-04-21,
2011-04-22,
2011-04-23,
2011-04-24,
2011-04-25,
2011-04-26,
2011-04-27,
2011-04-28,
2011-04-29,
2011-04-30,
2011-05-01,
2011-05-02,
2011-05-03,
2011-05-04,
2011-05-05,
2011-05-06,
2011-05-07,
2011-05-08,
2011-05-09,
2011-05-10,
2011-05-11,
2011-05-12,
2011-05-13,
2011-05-14,
2011-05-15,
2011-05-16,
2011-05-17,
2011-05-18,
2011-05-19,
2011-05-20,
2011-05-21,
2011-05-22,
2011-05-23,
2011-05-24,
2011-05-25,
2011-05-26,
2011-05-27,
2011-05-28,
2011-05-29,
2011-05-30,
2011-05-31,
2011-06-01,
2011-06-02,
2011-06-03,
2011-06-04,
2011-06-05,
2011-06-06,
2011-06-07,
2011-06-08,
2011-06-09,
2011-06-10,
2011-06-11,
2011-06-12,
2011-06-13,
2011-06-14,
2011-06-15,
2011-06-16,
2011-06-17,
2011-06-18,
2011-06-19,
2011-06-20,
2011-06-21,
2011-06-22,
2011-06-23,
2011-06-24,
2011-06-25,
2011-06-26,
2011-06-27,
2011-06-28,
2011-06-29,
2011-06-30,
2011-07-01,
2011-07-02,
2011-07-03,
2011-07-04,
2011-07-05,
2011-07-06,
2011-07-07,
2011-07-08,
2011-07-09,
2011-07-10,
2011-07-11,
2011-07-12,
2011-07-13,
2011-07-14,
2011-07-15,
2011-07-16,
2011-07-17,
2011-07-18,
2011-07-19,
2011-07-20,
2011-07-21,
2011-07-22,
2011-07-23,
2011-07-24,
2011-07-25,
2011-07-26,
2011-07-27,
2011-07-28,
2011-07-29,
2011-07-30,
2011-07-31,
2011-08-01,
2011-08-02,
2011-08-03,
2011-08-04,
2011-08-05,
2011-08-06,
2011-08-07,
2011-08-08,
2011-08-09,
2011-08-10,
2011-08-11,
2011-08-12,
2011-08-13,
2011-08-14,
2011-08-15,
2011-08-16,
2011-08-17,
2011-08-18,
2011-08-19,
2011-08-20,
2011-08-21,
2011-08-22,
2011-08-23,
2011-08-24,
2011-08-25,
2011-08-26,
2011-08-27,
2011-08-28,
2011-08-29,
2011-08-30,
2011-08-31,
2011-09-01,
2011-09-02,
2011-09-03,
2011-09-04,
2011-09-05,
2011-09-06,
2011-09-07,
2011-09-08,
2011-09-09,
2011-09-10,
2011-09-11,
2011-09-12,
2011-09-13,
2011-09-14,
2011-09-15,
2011-09-16,
2011-09-17,
2011-09-18,
2011-09-19,
2011-09-20,
2011-09-21,
2011-09-22,
2011-09-23,
2011-09-24,
2011-09-25,
2011-09-26,
2011-09-27,
2011-09-28,
2011-09-29,
2011-09-30,
2011-10-01,
2011-10-02,
2011-10-03,
2011-10-04,
2011-10-05,
2011-10-06,
2011-10-07,
2011-10-08,
2011-10-09,
2011-10-10,
2011-10-11,
2011-10-12,
2011-10-13,
2011-10-14,
2011-10-15,
2011-10-16,0.14192598507002102
2011-10-17,0.14433717269309998
2011-10-18,0.16512543811104963
2011-10-19,0.19683698542124795
2011-10-20,0.23875731500617917
2011-10-21,0.17209767127946657
2011-10-22,0.21728728787800491
2011-10-23,0.23953665306512603
2011-10-24,0.23107016078915946
2011-10-25,0.3155066485435813
2011-10-26,0.3219297406414166
2011-10-27,0.30623745113064776
2011-10-28,0.3635818161167379
2011-10-29,0.38817393576695625
2011-10-30,0.39715711135558635
2011-10-31,0.40462564002195694
2011-11-01,0.40002425103218653
2011-11-02,0.3947742660694059
2011-11-03,0.4495882321243051
2011-11-04,0.48391506624763825
2011-11-05,0.4867766717526737
2011-11-06,0.4522503256493767
2011-11-07,0.406558100195838
2011-11-08,0.3788947220780868
2011-11-09,0.3512599980539287
2011-11-10,0.29742145629618333
2011-11-11,0.2553838251206672
2011-11-12,0.2354222977753487
2011-11-13,0.230322751809433
2011-11-14,0.26052035387311673
2011-11-15,0.34560745389585534
2011-11-16,0.30942193767465254
2011-11-17,0.27436387533640627
2011-11-18,0.28496984294887057
2011-11-19,0.28306518055299434
2011-11-20,0.2776075985557011
2011-11-21,0.278376173838474
2011-11-22,0.2018787823898477
2011-11-23,0.16169352263307485
2011-11-24,0.1602039107374834
2011-11-25,0.1601539636341689
2011-11-26,0.14775558542431
2011-11-27,0.13245492169881445
2011-11-28,0.1256372641373198
2011-11-29,0.1509641771712537
2011-11-30,0.21881409185820175
2011-12-01,0.2750405228752534
2011-12-02,0.31688843895006674
2011-12-03,0.3649831735578955
2011-12-04,0.3735847508685044
2011-12-05,0.37383679417584115
2011-12-06,0.37069343981311464
2011-12-07,0.36788667625654903
2011-12-08,0.36181108035183834
2011-12-09,0.3374017947637813
2011-12-10,0.3193063471056985
2011-12-11,0.3077224272354666
2011-12-12,0.3207436762040133
2011-12-13,0.3177447464759879
2011-12-14,0.3054196772768652
2011-12-15,0.22560478247306368
2011-12-16,0.22482440775157597
2011-12-17,0.23152116518237156
2011-12-18,0.20003924886626978
2011-12-19,0.16882280705949823
2011-12-20,0.20469148159512096
2011-12-21,0.2777686380564229
2011-12-22,0.36447390466190727
2011-12-23,0.3998536050520032
2011-12-24,0.4678149336122306
2011-12-25,0.4778952160576676
2011-12-26,0.4994025003180462
2011-12-27,0.4982134645176619
2011-12-28,0.509757840288918
2011-12-29,0.42013176495160137
2011-12-30,0.35685755889840776
2011-12-31,0.3058101159089486
2012-01-01,0.33142221535078675
2012-01-02,0.33282137663970757
2012-01-03,0.3092626369872882
2012-01-04,0.33816311508877894
2012-01-05,0.3483881536269379
2012-01-06,0.3673860550549135
2012-01-07,0.4037518326155056
2012-01-08,0.41764500411670347
2012-01-09,0.4401682494353347
2012-01-10,0.4463130658189166
2012-01-11,0.48740573314660096
2012-01-12,0.48943011551886806
2012-01-13,0.5483314888293032
2012-01-14,0.5346593538223843
2012-01-15,0.549729073661676
2012-01-16,0.5733850206323168
2012-01-17,0.5882378811975778
2012-01-18,0.6890277893117518
2012-01-19,0.6699389302400052
2012-01-20,0.6628117638743096
2012-01-21,0.6558049843139482
2012-01-22,0.6357281530679318
2012-01-23,0.6418262551001073
2012-01-24,0.6210914669783753
2012-01-25,0.5880895083620383
2012-01-26,0.5656418386609186
2012-01-27,0.6194879399282712
2012-01-28,0.6270445586892253
2012-01-29,0.6402289303530537
2012-01-30,0.6386173480190527
2012-01-31,0.6307377140281119
2012-02-01,0.6217676382845927
2012-02-02,0.6250978302280498
2012-02-03,0.5872111352707627
2012-02-04,0.5723577776755313
2012-02-05,0.5243510625523035
2012-02-06,0.5065877773013787
2012-02-07,0.5234182805067448
2012-02-08,0.5331886408053507
2012-02-09,0.5369888010040258
2012-02-10,0.5233919835601436
2012-02-11,0.5128361191464934
2012-02-12,0.525894470847783
2012-02-13,0.5634138790356826
2012-02-14,0.5523295533743231
2012-02-15,0.5670676625123243
2012-02-16,0.5513257473945439
2012-02-17,0.5398753137754482
2012-02-18,0.5153462473096879
2012-02-19,0.5129934423497351
2012-02-20,0.505844660986815
2012-02-21,0.49136986875189514
2012-02-22,0.46838238092401374
2012-02-23,0.4302052287524256
2012-02-24,0.49143248022120384
2012-02-25,0.522741337122449
2012-02-26,0.5216305006569641
2012-02-27,0.5203599016674864
2012-02-28,0.4461163166397534
2012-02-29,0.43737475853824626
2012-03-01,0.4356125586664509
2012-03-02,0.4042143751307878
2012-03-03,0.3682913621850421
2012-03-04,0.35570814183929633
2012-03-05,0.37040768447325834
2012-03-06,0.3739735082215766
2012-03-07,0.3121172346335386
2012-03-08,0.3060633521427799
2012-03-09,0.31750743993928915
2012-03-10,0.26656760205543384
2012-03-11,0.26590218645297714
2012-03-12,0.2537486162552855
2012-03-13,0.23170754542263247
2012-03-14,0.28876874681349446
2012-03-15,0.25299673344752904
2012-03-16,0.25054029355684615
2012-03-17,0.26030630828565304
2012-03-18,0.25648160735688535
2012-03-19,0.25647271438452873
2012-03-20,0.2887070283884257
2012-03-21,0.2624113531292699
2012-03-22,0.25605815817795197
2012-03-23,0.3191976843317668
2012-03-24,0.34810589496936295
2012-03-25,0.3373941288278889
2012-03-26,0.3453909631024712
2012-03-27,0.30899679547434844
2012-03-28,0.31453528236140466
2012-03-29,0.28308796743151915
2012-03-30,0.265660566939167
2012-03-31,0.29058196665065533
2012-04-01,0.3357795830123704
2012-04-02,0.30094335539700895
2012-04-03,0.3623657324731152
2012-04-04,0.3777064083307131
2012-04-05,0.35229871024245274
2012-04-06,0.3479641817365223
2012-04-07,0.3234072272480765
2012-04-08,0.3287765423844739
2012-04-09,0.35198667269717276
2012-04-10,0.37390418933075964
2012-04-11,0.36979240771917765
2012-04-12,0.39967840321939085
2012-04-13,0.4371005160925763
2012-04-14,0.40612777191089217
2012-04-15,0.4067240871711071
2012-04-16,0.4153369610606944
2012-04-17,0.39252126292137574
2012-04-18,0.4024844435369319
2012-04-19,0.3636094896674492
2012-04-20,0.37728954748998583
2012-04-21,0.42857539358841945
2012-04-22,0.42267192032537776
2012-04-23,0.41573731594605184
2012-04-24,0.39443996823651173
2012-04-25,0.40180426416948156
2012-04-26,0.4216269416530991
2012-04-27,0.45149444731820937
2012-04-28,0.45480926062818283
2012-04-29,0.4712538907125936
2012-04-30,0.46956532496298786
2012-05-01,0.4541020727446012
2012-05-02,0.43866016976180555
2012-05-03,0.4361539326482985
2012-05-04,0.47135987006523844
2012-05-05,0.4607752486560809
2012-05-06,0.4420969225810197
2012-05-07,0.4393394918281148
2012-05-08,0.4267962626906071
2012-05-09,0.4239773955848768
2012-05-10,0.41074795171761846
2012-05-11,0.43027053032871965
2012-05-12,0.41679034138885895
2012-05-13,0.4183106146744793
2012-05-14,0.4053558690022008
2012-05-15,0.41947960003269946
2012-05-16,0.4122475063963137
2012-05-17,0.40868043607197374
2012-05-18,0.39371119736561855
2012-05-19,0.38741656538420255
2012-05-20,0.38884127203840374
2012-05-21,0.38736771224639255
2012-05-22,0.37405376773161264
2012-05-23,0.4671717029546613
2012-05-24,0.45181384816888376
2012-05-25,0.4462716964641464
2012-05-26,0.4395132598454185
2012-05-27,0.4246818007643013
2012-05-28,0.431655270319936
2012-05-29,0.40993192794530825
2012-05-30,0.42662311523217433
2012-05-31,0.42015427787264353
2012-06-01,0.433051798659872
2012-06-02,0.39287848381493873
2012-06-03,0.42015128540135044
2012-06-04,0.40465614169178776
2012-06-05,0.4533453954218228
2012-06-06,0.4997675477008353
2012-06-07,0.49515522050079525
2012-06-08,0.4765604679250145
2012-06-09,0.49523927401620205
2012-06-10,0.5002513800342219
2012-06-11,0.4704803208079674
2012-06-12,0.4694212472959194
2012-06-13,0.4300460573106224
2012-06-14,0.4693125657691774
2012-06-15,0.47046362035918426
2012-06-16,0.504476230197558
2012-06-17,0.5258811659611189
2012-06-18,0.514595160169786
2012-06-19,0.5153050862445212
2012-06-20,0.5388791880388519
2012-06-21,0.5169048355305532
2012-06-22,0.47396140629731087
2012-06-23,0.4759127764190306
2012-06-24,0.45795745338677357
2012-06-25,0.45181847100223954
2012-06-26,0.43345429541537966
2012-06-27,0.4966371449234295
2012-06-28,0.49179596180916196
2012-06-29,0.4628915268514203
2012-06-30,0.5533716632951224
2012-07-01,0.5652677992766888
2012-07-02,0.6224805454691318
2012-07-03,0.5971703964093564
2012-07-04,0.6243115359483973
2012-07-05,0.5680688113615718
2012-07-06,0.5055912084041229
2012-07-07,0.47783176905042524
2012-07-08,0.504250756503201
2012-07-09,0.4943642167823198
2012-07-10,0.482256152181043
2012-07-11,0.5022433628605405
2012-07-12,0.4644197900173784
2012-07-13,0.5406835726152708
2012-07-14,0.5123373673586531
2012-07-15,0.47682280445978087
2012-07-16,0.4716546312298241
2012-07-17,0.49648481971789904
2012-07-18,0.49560368607358535
2012-07-19,0.5166327899049581
2012-07-20,0.46758173659975216
2012-07-21,0.48626932984246246
2012-07-22,0.5298819217437389
2012-07-23,0.5441957783088327
2012-07-24,0.5818961582805132
2012-07-25,0.5756346731653821
2012-07-26,0.6089816681866478
2012-07-27,0.6271977046302097
2012-07-28,0.6381611133527075
2012-07-29,0.6265879600823508
2012-07-30,0.6052485454264174
2012-07-31,0.5951388482935428
2012-08-01,0.58132688973863
2012-08-02,0.5774080370396529
2012-08-03,0.5568888378394646
2012-08-04,0.6475557564075517
2012-08-05,0.6477466197985194
2012-08-06,0.6563502713523984
2012-08-07,0.6900701631089001
2012-08-08,0.6849923223933285
2012-08-09,0.6630328761232259
2012-08-10,0.6528074597474278
2012-08-11,0.6902586924735941
2012-08-12,0.6771514611426479
2012-08-13,0.669501570171078
2012-08-14,0.660640201726189
2012-08-15,0.647900161905594
2012-08-16,0.6317792151526909
2012-08-17,0.6082453346114326
2012-08-18,0.6066708736763096
2012-08-19,0.6235391637918077
2012-08-20,0.5807537709561039
2012-08-21,0.6232631983234139
2012-08-22,0.6775925932376717
2012-08-23,0.6576373798513758
2012-08-24,0.6717844508662305
2012-08-25,0.6174081744054185
2012-08-26,0.6056335403455851
2012-08-27,0.5937203412378634
2012-08-28,0.5935818585649197
2012-08-29,0.6138569179062998
2012-08-30,0.5791265315350367
2012-08-31,0.4984285472658314
2012-09-01,0.5435630993681293
2012-09-02,0.5291956773072652
2012-09-03,0.5207239953848195
2012-09-04,0.4733439096468056
2012-09-05,0.41152759423584895
2012-09-06,0.3968466606567763
2012-09-07,0.44734997629184026
2012-09-08,0.4750268690774176
2012-09-09,0.4768741585750324
2012-09-10,0.47278530301755906
2012-09-11,0.49251329698501467
2012-09-12,0.5281025957609431
2012-09-13,0.5103042387718049
2012-09-14,0.48784532754473453
2012-09-15,0.5032903582364938
2012-09-16,0.4862825804845117
2012-09-17,0.4721451375213971
2012-09-18,0.44848268341929165
2012-09-19,0.44682840986670047
2012-09-20,0.4347920369727906
2012-09-21,0.42728222867645343
2012-09-22,0.450956189771382
2012-09-23,0.45185979803430987
2012-09-24,0.4637522996494042
2012-09-25,0.45030327719638796
2012-09-26,0.48136788926111784
2012-09-27,0.47869599259762674
2012-09-28,0.47793624597694534
2012-09-29,0.4860917845851421
2012-09-30,0.49972836785389224
2012-10-01,0.5086967629947599
2012-10-02,0.5280901194161427
2012-10-03,0.5222514564557348
2012-10-04,0.5464583509190813
2012-10-05,0.5764160469424434
2012-10-06,0.5618007600605168
2012-10-07,0.5634113141097892
2012-10-08,0.5641311721941468
2012-10-09,0.5994230961143181
2012-10-10,0.5520045429927174
2012-10-11,0.5339299894453587
2012-10-12,0.49521930268674313
2012-10-13,0.501080166427446
2012-10-14,0.5133507029062887
2012-10-15,0.493813818905097
2012-10-16,0.4565941936198076
2012-10-17,0.40006860920810894
2012-10-18,0.45710973364782925
2012-10-19,0.47835824864403625
2012-10-20,0.4666990101161922
2012-10-21,0.46231029669452833
2012-10-22,0.4319029490386681
2012-10-23,0.4588950892542104
2012-10-24,0.42729924465760194
2012-10-25,0.4307416697247386
2012-10-26,0.4367421112038133
2012-10-27,0.455547913227354
2012-10-28,0.4604422944556122
2012-10-29,0.4654497096007505
2012-10-30,0.4590049442938657
2012-10-31,0.46376443096970926
2012-11-01,0.43340446319129533
2012-11-02,0.41469227031350336
2012-11-03,0.3716958853652674
2012-11-04,0.3655195694690211
2012-11-05,0.3644366113088937
2012-11-06,0.332560715861364
2012-11-07,0.3368235517010106
2012-11-08,0.29100681525262717
2012-11-09,0.29214904423268495
2012-11-10,0.30436031241933215
2012-11-11,0.3100514790166532
2012-11-12,0.3109099415223139
2012-11-13,0.3151656814945615
2012-11-14,0.3138431124933297
2012-11-15,0.3279779700856748
2012-11-16,0.35438735180971853
2012-11-17,0.3754943906821555
2012-11-18,0.4276034968087055
2012-11-19,0.42517624757047673
2012-11-20,0.4389109389303421
2012-11-21,0.4497541966510534
2012-11-22,0.4501731822285763
2012-11-23,0.4541586775210149
2012-11-24,0.4573049573912953
2012-11-25,0.42061631503601593
2012-11-26,0.38872434030074643
2012-11-27,0.4138609875167938
2012-11-28,0.4177840627253232
2012-11-29,0.4474337960536897
2012-11-30,0.4491287129470967
2012-12-01,0.48157472362300846
2012-12-02,0.48829397658557133
2012-12-03,0.5043572845766656
2012-12-04,0.5067073774245302
2012-12-05,0.5369498097479216
2012-12-06,0.5505686635168987
2012-12-07,0.5493058187096163
2012-12-08,0.5382594262903876
2012-12-09,0.5246126524187378
2012-12-10,0.5453704485983979
2012-12-11,0.5668611947770292
2012-12-12,0.5549291503540099
2012-12-13,0.5746216612596615
2012-12-14,0.5775267635505379
2012-12-15,0.6142427352150609
2012-12-16,0.5981010700915279
2012-12-17,0.5907059594249888
2012-12-18,0.604774346209779
2012-12-19,0.5994839144309687
2012-12-20,0.5918029444749939
2012-12-21,0.5616759445101039
2012-12-22,0.5254359500792675
2012-12-23,0.524601610014466
2012-12-24,0.5376718881799902
2012-12-25,0.4863305158014294
2012-12-26,0.47656631190983634
2012-12-27,0.4381185169604326
2012-12-28,0.4153082123329722
2012-12-29,0.42965356024335666
2012-12-30,0.444992087359644
2012-12-31,0.40214528795417764
2013-01-01,0.376933957685509
2013-01-02,0.39726549175213977
2013-01-03,0.4527467016147414
2013-01-04,0.4303115132071086
2013-01-05,0.42521951913813083
2013-01-06,0.43322684047437854
2013-01-07,0.44277299011988314
2013-01-08,0.45738459204754484
2013-01-09,0.4863309852176213
2013-01-10,0.49856535909014144
2013-01-11,0.5561203872744378
2013-01-12,0.5468251772517851
2013-01-13,0.5670499112981722
2013-01-14,0.5494246620601146
2013-01-15,0.5514802000851776
2013-01-16,0.5389338860378224
2013-01-17,0.5615192613507152
2013-01-18,0.5499072105726962
2013-01-19,0.4940133307799532
2013-01-20,0.4935452455472401
2013-01-21,0.503004660578085
2013-01-22,0.5221238281132016
2013-01-23,0.5196656403394005
2013-01-24,0.5376791830336323
2013-01-25,0.5701186508277125
2013-01-26,0.5802965897960851
2013-01-27,0.5947865445489455
2013-01-28,0.5976856048377192
2013-01-29,0.6002151639890873
2013-01-30,0.6264932521557455
2013-01-31,0.6405117993427659
2013-02-01,0.6347938996956067
2013-02-02,0.6082654393814588
2013-02-03,0.5916118128818723
2013-02-04,0.6049015319814262
2013-02-05,0.6005892335484033
2013-02-06,0.6123922127472774
2013-02-07,0.622857606793443
2013-02-08,0.5992500401651742
2013-02-09,0.5906382997356416
2013-02-10,0.5735146367183989
2013-02-11,0.5681227001355051
2013-02-12,0.5563936051982523
2013-02-13,0.5430406856272366
2013-02-14,0.5345519656335236
2013-02-15,0.5355624908708145
2013-02-16,0.503421994841643
2013-02-17,0.5099036460481206
2013-02-18,0.5145074817749455
2013-02-19,0.5027553765812028
2013-02-20,0.5138999108712824
2013-02-21,0.5072416285816165
2013-02-22,0.4991443573738529
2013-02-23,0.5385957073476426
2013-02-24,0.5291350058949065
2013-02-25,0.5275836456241196
2013-02-26,0.5219659843016428
2013-02-27,0.507600075827502
2013-02-28,0.5169521491683822
2013-03-01,0.5210531059686083
2013-03-02,0.5131275899903847
2013-03-03,0.5250437386118125
2013-03-04,0.5081669270540461
2013-03-05,0.5056472504091382
2013-03-06,0.503057409809456
2013-03-07,0.5103549792436859
2013-03-08,0.5187240191513827
2013-03-09,0.5019790133609872
2013-03-10,0.5057039639291566
2013-03-11,0.5222009574571282
2013-03-12,0.5475262622285934
2013-03-13,0.5402909081094276
2013-03-14,0.5342425997735403
2013-03-15,0.5375671106101938
2013-03-16,0.5491624648347726
2013-03-17,0.525070782379256
2013-03-18,0.5193087090734488
2013-03-19,0.5434338717500775
2013-03-20,0.5552125495583586
2013-03-21,0.5784744966144065
2013-03-22,0.5979419410078883
2013-03-23,0.6152885326719789
2013-03-24,0.6285084048698234
2013-03-25,0.6250007419608965
2013-03-26,0.6421694075174385
2013-03-27,0.6456156218784876
2013-03-28,0.6463484616159934
2013-03-29,0.6709298589167415
2013-03-30,0.6544419141557885
2013-03-31,0.6573508693605746
2013-04-01,0.6602244859892623
2013-04-02,0.6789858124021865
2013-04-03,0.7236384473558648
2013-04-04,0.7437143827770705
2013-04-05,0.7252697117161544
2013-04-06,0.7486596266676699
2013-04-07,0.7570540045089658
2013-04-08,0.7540089755564854
2013-04-09,0.7566883758268073
2013-04-10,0.762167524196186
2013-04-11,0.744547088865403
2013-04-12,0.746931363338492
2013-04-13,0.7626617114117027
2013-04-14,0.7643895225344751
2013-04-15,0.7527603626029871
2013-04-16,0.7016287011467554
2013-04-17,0.7188163622841882
2013-04-18,0.7186780888166476
2013-04-19,0.7023585186210985
2013-04-20,0.697070281576244
2013-04-21,0.7004195758156639
2013-04-22,0.7044605474391906
2013-04-23,0.6835692873673892
2013-04-24,0.678068915188899
2013-04-25,0.661779288949895
2013-04-26,0.70992099767466
2013-04-27,0.6869183537925438
2013-04-28,0.6835856681697712
2013-04-29,0.6849511497941483
2013-04-30,0.7071561786945006
2013-05-01,0.7067972416069218
2013-05-02,0.6742549677443875
2013-05-03,0.6299985578092084
2013-05-04,0.6110672264897408
2013-05-05,0.6141563141865536
2013-05-06,0.6111752223533459
2013-05-07,0.5458870245346091
2013-05-08,0.5610343456831122
2013-05-09,0.5545345202738386
2013-05-10,0.5056270984380176
2013-05-11,0.4075466025229191
2013-05-12,0.4017867827852714
2013-05-13,0.37996465238697574
2013-05-14,0.38132146263831934
2013-05-15,0.37325509238295046
2013-05-16,0.3581501185557177
2013-05-17,0.3754126938780823
2013-05-18,0.3473997084619881
2013-05-19,0.3554994896374207
2013-05-20,0.36447559820312486
2013-05-21,0.34973610585472154
2013-05-22,0.3483846461829586
2013-05-23,0.32347178869579013
2013-05-24,0.3366176930513958
2013-05-25,0.3351024589004528
2013-05-26,0.3337612376039379
2013-05-27,0.32963327493635974
2013-05-28,0.3322024190650449
2013-05-29,0.32803679538945074
2013-05-30,0.3021383122979371
2013-05-31,0.3010891535689757
2013-06-01,0.318357136463798
2013-06-02,0.3227337629624016
2013-06-03,0.32884371400228873
2013-06-04,0.3318652266738842
2013-06-05,0.3282449160229052
2013-06-06,0.33679936581502556
2013-06-07,0.33877068089627627
2013-06-08,0.31643916724565546
2013-06-09,0.3140879213052776
2013-06-10,0.308011451281002
2013-06-11,0.320378968624919
2013-06-12,0.36344747792080595
2013-06-13,0.4027122003004175
2013-06-14,0.4306614023365715
2013-06-15,0.45683752754731477
2013-06-16,0.4585208752431041
2013-06-17,0.40786852958120984
2013-06-18,0.37266020478170514
2013-06-19,0.39297722473622615
2013-06-20,0.3925457935930392
2013-06-21,0.31675207679665496
2013-06-22,0.3535491307005719
2013-06-23,0.35766958740370836
2013-06-24,0.35800250352474483
2013-06-25,0.35854748047436946
2013-06-26,0.3522496911811985
2013-06-27,0.3473911599792424
2013-06-28,0.31472202774426467
2013-06-29,0.3041534001930734
2013-06-30,0.3122456774457259
2013-07-01,0.3271097501252852
2013-07-02,0.34501257527086054
2013-07-03,0.2610418821219377
2013-07-04,0.28638250986492453
2013-07-05,0.29405124752062195
2013-07-06,0.2684055916260376
2013-07-07,0.2743350668631477
2013-07-08,0.26468711284715535
2013-07-09,0.25589443814833046
2013-07-10,0.2648704205349074
2013-07-11,0.2801445843462096
2013-07-12,0.2871262867906375
2013-07-13,0.3145294842685398
2013-07-14,0.3265469156616592
2013-07-15,0.3462934976497566
2013-07-16,0.35377279843226217
2013-07-17,0.3780736919730299
2013-07-18,0.3743240288948699
2013-07-19,0.34038325999220176
2013-07-20,0.28893729422121045
2013-07-21,0.2762110539803978
2013-07-22,0.28199631934943087
2013-07-23,0.362439126802679
2013-07-24,0.3750982347532893
2013-07-25,0.3634649852003611
2013-07-26,0.33619890998934576
2013-07-27,0.34750359825053334
2013-07-28,0.36742619312955455
2013-07-29,0.3795774657200771
2013-07-30,0.38571092849760774
2013-07-31,0.39028058058880777
2013-08-01,0.4017989476558078
2013-08-02,0.4638027508600045
2013-08-03,0.4684014228959469
2013-08-04,0.454800475486328
2013-08-05,0.4591010962822536
2013-08-06,0.48332415079375635
2013-08-07,0.4830188305399421
2013-08-08,0.4746091325330221
2013-08-09,0.44734881242413704
2013-08-10,0.4228518086917382
2013-08-11,0.4251541073877891
2013-08-12,0.4095930308713336
2013-08-13,0.42823248594500873
2013-08-14,0.3939805777791784
2013-08-15,0.38889928951427943
2013-08-16,0.37520821644137914
2013-08-17,0.4046255999444773
2013-08-18,0.4361009454266135
2013-08-19,0.4889797567609887
2013-08-20,0.49834254863854965
2013-08-21,0.4887879144151495
2013-08-22,0.4769846271620216
2013-08-23,0.4716652924321698
2013-08-24,0.48734962612473787
2013-08-25,0.5008869851944292
2013-08-26,0.5111097751156791
2013-08-27,0.47188822232455435
2013-08-28,0.4676190380771218
2013-08-29,0.45202095061135517
2013-08-30,0.4459169366874575
2013-08-31,0.4563516703741337
2013-09-01,0.4652560555541051
2013-09-02,0.45231509743334486
2013-09-03,0.43219489930605565
2013-09-04,0.40346281410238555
2013-09-05,0.4017127557468159
2013-09-06,0.3988113849518893
2013-09-07,0.4068860726755464
2013-09-08,0.42254981787994783
2013-09-09,0.41823260778945925
2013-09-10,0.41037325988339407
2013-09-11,0.4180655615892711
2013-09-12,0.43810759932143206
2013-09-13,0.46781887774897857
2013-09-14,0.43783105519800375
2013-09-15,0.4400150606865152
2013-09-16,0.43598418490016344
2013-09-17,0.4382099179582072
2013-09-18,0.4324316896977827
2013-09-19,0.4002457060149841
2013-09-20,0.4390839832791686
2013-09-21,0.45175183522434087
2013-09-22,0.4474513045120504
2013-09-23,0.44721404018715016
2013-09-24,0.4583821969601125
2013-09-25,0.4416893130512805
2013-09-26,0.482390109973973
2013-09-27,0.4571597266188192
2013-09-28,0.47876178844316497
2013-09-29,0.49359616172546883
2013-09-30,0.48416898844483053
2013-10-01,0.4779702343610873
2013-10-02,0.48628319552612975
2013-10-03,0.5493067655547528
2013-10-04,0.6051986186243362
2013-10-05,0.6089114309763092
2013-10-06,0.6042641880685589
2013-10-07,0.6247001370485019
2013-10-08,0.6356149298987578
2013-10-09,0.6164987295255324
2013-10-10,0.5238277965494478
2013-10-11,0.5012448336642152
2013-10-12,0.4762083537642826
2013-10-13,0.48895299270742737
2013-10-14,0.5181511166657324
2013-10-15,0.5565068754330028
2013-10-16,0.5697953283158881
2013-10-17,0.5903029093347294
2013-10-18,0.6280474570837058
2013-10-19,0.6647088354787681
2013-10-20,0.6858980600059141
2013-10-21,0.6779991971640096
2013-10-22,0.6217939428565951
2013-10-23,0.657177922132954
2013-10-24,0.6559690527233145
2013-10-25,0.6815322975935556
2013-10-26,0.6754372623523086
2013-10-27,0.6599274476393419
2013-10-28,0.6568407255362478
2013-10-29,0.6603108207353319
2013-10-30,0.6407599228975912
2013-10-31,0.6196398895906082
2013-11-01,0.5678152978599288
2013-11-02,0.45640465278163694
2013-11-03,0.4370472444341075
2013-11-04,0.45186817575857025
2013-11-05,0.5094783168561434
2013-11-06,0.542783552048483
2013-11-07,0.5834804363533761
2013-11-08,0.5996844757043667
2013-11-09,0.6466997626928653
2013-11-10,0.6558574269179933
2013-11-11,0.6586519305501366
2013-11-12,0.6626977754523141
2013-11-13,0.6496802586874771
2013-11-14,0.6760519806704437
2013-11-15,0.675690176572437
2013-11-16,0.6639197166746124
2013-11-17,0.6650558143319156
2013-11-18,0.6644123561128297
2013-11-19,0.6688879770787249
2013-11-20,0.6825419182218749
2013-11-21,0.6993562380004176
2013-11-22,0.6897595936380808
2013-11-23,0.7036854351963012
2013-11-24,0.6838261537635999
2013-11-25,0.695251116693405
2013-11-26,0.6957808069633318
2013-11-27,0.6796919078751221
2013-11-28,0.6778832283130869
2013-11-29,0.6822499460489122
2013-11-30,0.6926292046414049
2013-12-01,0.707576420755351
2013-12-02,0.7097753394513076
2013-12-03,0.7054841606775727
2013-12-04,0.7198897495138178
2013-12-05,0.7146656006235566
2013-12-06,0.7164633728375431
2013-12-07,0.7204142429815399
2013-12-08,0.7123653549352774
2013-12-09,0.6910368287409442
2013-12-10,0.6881727878737761
2013-12-11,0.6633962955694188
2013-12-12,0.6702804886684665
2013-12-13,0.6388167800350875
2013-12-14,0.6328697003002283
2013-12-15,0.60678938687024
2013-12-16,0.6097345769550492
2013-12-17,0.6121472635397716
2013-12-18,0.6208376779938031
2013-12-19,0.5747606014044857
2013-12-20,0.5283308883105666
2013-12-21,0.4950737440533029
2013-12-22,0.48806986787282564
2013-12-23,0.46875221937287737
2013-12-24,0.4568800854591527
2013-12-25,0.44572659866122066
2013-12-26,0.4171812056713608
2013-12-27,0.41707407088063897
2013-12-28,0.4165729188692013
2013-12-29,0.4056783990265088
2013-12-30,0.4048520689443283
2013-12-31,0.4097108617728941
2014-01-01,0.4209947182089513
2014-01-02,0.4165583734993096
2014-01-03,0.38790511760141627
2014-01-04,0.3852048816774883
2014-01-05,0.38981791418666184
2014-01-06,0.41279685585894005
2014-01-07,0.41165697400197676
2014-01-08,0.4273851412110045
2014-01-09,0.42336190961859266
2014-01-10,0.4357079253133299
2014-01-11,0.4413680208796311
2014-01-12,0.47303644558310803
2014-01-13,0.4807712371042001
2014-01-14,0.5094780912440708
2014-01-15,0.4960284710238604
2014-01-16,0.45324304352343353
2014-01-17,0.42833578537106265
2014-01-18,0.4200387520399233
2014-01-19,0.40549774301957553
2014-01-20,0.4039484340085785
2014-01-21,0.3994831530593156
2014-01-22,0.3963740483102412
2014-01-23,0.40936404402600096
2014-01-24,0.4237209757071243
2014-01-25,0.44295560448492555
2014-01-26,0.4681891048638317
2014-01-27,0.491202147460892
2014-01-28,0.5029113483635985
2014-01-29,0.5353914045623076
2014-01-30,0.5323771633476033
2014-01-31,0.5353471551371356
2014-02-01,0.5300394702063944
2014-02-02,0.5440723416295569
2014-02-03,0.5314372760485715
2014-02-04,0.5063812602250157
2014-02-05,0.48432652085894007
2014-02-06,0.47762852675804546
2014-02-07,0.48433677026028554
2014-02-08,0.49799043883801486
2014-02-09,0.5006135637672371
2014-02-10,0.5152511498636035
2014-02-11,0.5390488759079508
2014-02-12,0.5354113493583654
2014-02-13,0.5336276610923767
2014-02-14,0.5426651322002545
2014-02-15,0.576967936027787
2014-02-16,0.580505738395839
2014-02-17,0.5397206462090433
2014-02-18,0.5626922595757272
2014-02-19,0.571000960350182
2014-02-20,0.5632046054152964
2014-02-21,0.5415300500007495
2014-02-22,0.536975708682144
2014-02-23,0.5379838141088737
2014-02-24,0.5450638261143886
2014-02-25,0.5556453471847748
2014-02-26,0.576600475217981
2014-02-27,0.5554005283340204
2014-02-28,0.5511384375464281
2014-03-01,0.5694753238493064
2014-03-02,0.5553254225573383
2014-03-03,0.5501004329680419
2014-03-04,0.5535593359009573
2014-03-05,0.524811827350792
2014-03-06,0.5373932431659948
2014-03-07,0.588892946600296
2014-03-08,0.5874134952623079
2014-03-09,0.5548536771569641
2014-03-10,0.5095111127197386
2014-03-11,0.4548939753882574
2014-03-12,0.42882550194429025
2014-03-13,0.4193399900095919
2014-03-14,0.41782943682632573
2014-03-15,0.41307720336938986
2014-03-16,0.41376768347178705
2014-03-17,0.42136135588815227
2014-03-18,0.4123594489406333
2014-03-19,0.4294294540223877
2014-03-20,0.38272689177418606
2014-03-21,0.346227644751903
2014-03-22,0.3326216694227811
2014-03-23,0.32500119911468955
2014-03-24,0.3209003985684172
2014-03-25,0.3316638687512394
2014-03-26,0.33640581087954174
2014-03-27,0.3499322230022122
2014-03-28,0.3347011779011284
2014-03-29,0.3296483957769228
2014-03-30,0.3277261307752164
2014-03-31,0.3310952146556777
2014-04-01,0.35551868215272703
2014-04-02,0.36810754677672336
2014-04-03,0.3398795640703172
2014-04-04,0.3502236711215637
2014-04-05,0.3603848984638359
2014-04-06,0.3582815428889614
2014-04-07,0.33773595635495934
2014-04-08,0.3077018074177958
2014-04-09,0.3356187832059113
2014-04-10,0.3533298287276915
2014-04-11,0.4039963532311985
2014-04-12,0.4334972269953739
2014-04-13,0.4376600019418806
2014-04-14,0.462621352581698
2014-04-15,0.471934415071419
2014-04-16,0.5016482651936358
2014-04-17,0.5157832236271962
2014-04-18,0.5218995588054558
2014-04-19,0.5513392110099666
2014-04-20,0.565773817421827
2014-04-21,0.5440676206764982
2014-04-22,0.4972440932298233
2014-04-23,0.4682451168731182
2014-04-24,0.41139873865708754
2014-04-25,0.3879448151254784
2014-04-26,0.3966364050063155
2014-04-27,0.3605691409935853
2014-04-28,0.3631006274659806
2014-04-29,0.37778255828837326
2014-04-30,0.3680155146255437
2014-05-01,0.36824199314719736
2014-05-02,0.37966954559704813
2014-05-03,0.37500765977714595
2014-05-04,0.38247354907421593
2014-05-05,0.38231905319116855
2014-05-06,0.3512059445640635
2014-05-07,0.3634527029018718
2014-05-08,0.3496453238598876
2014-05-09,0.36932204961568177
2014-05-10,0.37662884166449906
2014-05-11,0.3502564324814695
2014-05-12,0.33916328441406207
2014-05-13,0.3499361616089775
2014-05-14,0.3573243742427309
2014-05-15,0.36086023772578596
2014-05-16,0.3413264403954418
2014-05-17,0.3421516935196864
2014-05-18,0.343952297501995
2014-05-19,0.35319263904207976
2014-05-20,0.36305255842234
2014-05-21,0.38732490841186235
2014-05-22,0.4069257886291323
2014-05-23,0.4385203240124465
2014-05-24,0.5046712787405033
2014-05-25,0.52299856802614
2014-05-26,0.5352324160763149
2014-05-27,0.5520421147333086
2014-05-28,0.5259868711672988
2014-05-29,0.5193580786176536
2014-05-30,0.5251381509672279
2014-05-31,0.5096839167738859
2014-06-01,0.5264241013753054
2014-06-02,0.5358493306472341
2014-06-03,0.5375656818834995
2014-06-04,0.5407677270924369
2014-06-05,0.5523311283907233
2014-06-06,0.5575651282541019
2014-06-07,0.5558937461717846
2014-06-08,0.5484636098250498
2014-06-09,0.5352729883573601
2014-06-10,0.5110023985545109
2014-06-11,0.49721702481892854
2014-06-12,0.4883199464379174
2014-06-13,0.510691516413482
2014-06-14,0.5186282847405668
2014-06-15,0.5245704554913658
2014-06-16,0.5425370311699096
2014-06-17,0.5544296557639722
2014-06-18,0.5541235455223059
2014-06-19,0.5510735223888629
2014-06-20,0.5214550836778946
2014-06-21,0.5222871230467292
2014-06-22,0.49413857070881634
2014-06-23,0.4487787297338091
2014-06-24,0.4265407911597304
2014-06-25,0.3907235989587272
2014-06-26,0.4191833544249093
2014-06-27,0.4379329657425831
2014-06-28,0.43261167188480243
2014-06-29,0.4343679108989834
2014-06-30,0.44038228710149524
2014-07-01,0.462451117716027
2014-07-02,0.4926326924370629
2014-07-03,0.4836993080827048
2014-07-04,0.4816288657901856
2014-07-05,0.4607078232985466
2014-07-06,0.4525804631381063
2014-07-07,0.46036336147759205
2014-07-08,0.4368723731240437
2014-07-09,0.4557750134718548
2014-07-10,0.4882421796769186
2014-07-11,0.4921570318558608
2014-07-12,0.5010657619349856
2014-07-13,0.5017827286143299
2014-07-14,0.48148188039358875
2014-07-15,0.4425647853955127
2014-07-16,0.4195080961105086
2014-07-17,0.413947625444188
2014-07-18,0.417088286381711
2014-07-19,0.40994275240630546
2014-07-20,0.4358054175911509
2014-07-21,0.4403132510168802
2014-07-22,0.4225901166299543
2014-07-23,0.41475216861528236
2014-07-24,0.4244632564262238
2014-07-25,0.45491436517106765
2014-07-26,0.44491991049240437
2014-07-27,0.4474423506948833
2014-07-28,0.44559371062816283
2014-07-29,0.4700292520765042
2014-07-30,0.453892417659992
2014-07-31,0.41915177873114084
2014-08-01,0.4053953773022954
2014-08-02,0.42357669793469543
2014-08-03,0.42349189109427227
2014-08-04,0.4300781360140717
2014-08-05,0.4212315434271575
2014-08-06,0.4187169574593431
2014-08-07,0.4390346176999193
2014-08-08,0.4430879272878713
2014-08-09,0.4399914992479439
2014-08-10,0.43873662804478925
2014-08-11,0.4406834015770752
2014-08-12,0.45985461241037645
2014-08-13,0.46052642607161715
2014-08-14,0.5001262712177905
2014-08-15,0.5310115469085442
2014-08-16,0.5432271615959557
2014-08-17,0.5682800964318261
2014-08-18,0.5662997842516639
2014-08-19,0.5508689162990799
2014-08-20,0.5425185214267882
2014-08-21,0.5415348025353839
2014-08-22,0.5434471985610333
2014-08-23,0.5365387865345992
2014-08-24,0.5137193900018112
2014-08-25,0.5066601790181602
2014-08-26,0.4851861805588432
2014-08-27,0.47154127869600637
2014-08-28,0.4570551372320315
2014-08-29,0.44685489737312223
2014-08-30,0.42181486501885235
2014-08-31,0.40946605970679145
2014-09-01,0.40185980617533135
2014-09-02,0.4064577602153986
2014-09-03,0.39412025549773444
2014-09-04,0.4093856247871853
2014-09-05,0.3921076769047377
2014-09-06,0.39234000478856723
2014-09-07,0.3898696479726389
2014-09-08,0.4012268889502745
2014-09-09,0.39960980815480385
2014-09-10,0.38153542072234226
2014-09-11,0.37126892763070024
2014-09-12,0.35661593326236035
2014-09-13,0.32046828193793636
2014-09-14,0.2819307014351079
2014-09-15,0.2747773397588994
2014-09-16,0.24558967182005467
2014-09-17,0.25002205014419443
2014-09-18,0.2483019175527529
2014-09-19,0.26383873714263906
2014-09-20,0.2695900857550918
2014-09-21,0.2913146170913789
2014-09-22,0.29357815080525274
2014-09-23,0.31155284885077983
2014-09-24,0.32775207995711736
2014-09-25,0.36053164064670445
2014-09-26,0.359297021167989
2014-09-27,0.36525607890128653
2014-09-28,0.3721606868252289
2014-09-29,0.39437248545753734
2014-09-30,0.3998039442440929
2014-10-01,0.39260149250743165
2014-10-02,0.3913828958804473
2014-10-03,0.38709447875342096
2014-10-04,0.38870597749627456
2014-10-05,0.3970232802533554
2014-10-06,0.3853335812823768
2014-10-07,0.40228422936102143
2014-10-08,0.3975461689539362
2014-10-09,0.4029587808006255
2014-10-10,0.4126654768069942
2014-10-11,0.40956586918873195
2014-10-12,0.4110253625951438
2014-10-13,0.40853459509378276
2014-10-14,0.41275227075966703
2014-10-15,0.420946771200969
2014-10-16,0.43391411830009474
2014-10-17,0.4209414794398804
2014-10-18,0.4135264476729266
2014-10-19,0.4000643954273998
2014-10-20,0.38935682232539987
2014-10-21,0.3612650157200933
2014-10-22,0.3329578682773147
2014-10-23,0.31483702840133193
2014-10-24,0.29504987714371417
2014-10-25,0.31093970482205824
2014-10-26,0.32919413838412553
2014-10-27,0.3480502050839335
2014-10-28,0.3691186752111163
2014-10-29,0.3946480915508824
2014-10-30,0.4019098931466658
2014-10-31,0.41085829022381626
2014-11-01,0.3792134125558958
2014-11-02,0.3620152723756339
2014-11-03,0.380186994212696
2014-11-04,0.33473965965909414
2014-11-05,0.3700374439545865
2014-11-06,0.33273368865106734
2014-11-07,0.3059693471835572
2014-11-08,0.30238602002891424
2014-11-09,0.29866433779481955
2014-11-10,0.29659834835768556
2014-11-11,0.2931750988910913
2014-11-12,0.30285195666810577
2014-11-13,0.3828195256412119
2014-11-14,0.3948657343548209
2014-11-15,0.4061866991760069
2014-11-16,0.4216234045691113
2014-11-17,0.42407621584377553
2014-11-18,0.42620696327796026
2014-11-19,0.41071431233324607
2014-11-20,0.4083679098663793
2014-11-21,0.39625179947717815
2014-11-22,0.40397735487075687
2014-11-23,0.40267457709064247
2014-11-24,0.401307679201658
2014-11-25,0.37835039429012884
2014-11-26,0.3792412072746195
2014-11-27,0.37321002990660396
2014-11-28,0.3782928025763333
2014-11-29,0.3590949482429848
2014-11-30,0.35697031744492946
2014-12-01,0.36192122282398836
2014-12-02,0.36049565724751365
2014-12-03,0.3411405224137437
2014-12-04,0.35310893874012483
2014-12-05,0.35676773108140786
2014-12-06,0.33926669704338963
2014-12-07,0.344396643870357
2014-12-08,0.3366940583248105
2014-12-09,0.3630688670005294
2014-12-10,0.3790809520994892
2014-12-11,0.35606470616237634
2014-12-12,0.37205707437820185
2014-12-13,0.31941458713125515
2014-12-14,0.3022348597643288
2014-12-15,0.30274457570549257
2014-12-16,0.28896172752900484
2014-12-17,0.30221694904065793
2014-12-18,0.3137346515751245
2014-12-19,0.3169295600003816
2014-12-20,0.33913873037650494
2014-12-21,0.38765406883761233
2014-12-22,0.3950401650195824
2014-12-23,0.41174109361745465
2014-12-24,0.43064835913694005
2014-12-25,0.4115443987652584
2014-12-26,0.36572286726741976
2014-12-27,0.3563735185457061
2014-12-28,0.3383340189521232
2014-12-29,0.3515019681349683
2014-12-30,0.3183083245129631
2014-12-31,0.30784078237793466
2015-01-01,0.32612454081732184
2015-01-02,0.3251055110614186
2015-01-03,0.3191610823629968
2015-01-04,0.33711915363127404
2015-01-05,0.37808727497034267
2015-01-06,0.405505029254458
2015-01-07,0.42072171654162505
2015-01-08,0.4182369755118331
2015-01-09,0.43839436405006527
2015-01-10,0.46866205404671357
2015-01-11,0.4607076358679918
2015-01-12,0.44012715204523045
2015-01-13,0.41778616817005265
2015-01-14,0.4409180426798123
2015-01-15,0.48990831956125513
2015-01-16,0.5028777462469944
2015-01-17,0.4987284877345826
2015-01-18,0.49223123532698765
2015-01-19,0.4935295619075683
2015-01-20,0.47571356945574
2015-01-21,0.46384612719827834
2015-01-22,0.4377947463003437
2015-01-23,0.4077199535628827
2015-01-24,0.4232494830152289
2015-01-25,0.43700210512363197
2015-01-26,0.4838302644704058
2015-01-27,0.525085188303229
2015-01-28,0.5348879510056246
2015-01-29,0.5281835925431981
2015-01-30,0.5253490666672698
2015-01-31,0.5257297396734252
2015-02-01,0.5405277488500233
2015-02-02,0.5331481056432154
2015-02-03,0.5068114190247379
2015-02-04,0.5037652443591462
2015-02-05,0.49267970612454326
2015-02-06,0.48310159472560066
2015-02-07,0.4708157388378737
2015-02-08,0.4043233945616708
2015-02-09,0.3964358149534131
2015-02-10,0.3798090902968419
2015-02-11,0.36426884475594384
2015-02-12,0.3639967077530349
2015-02-13,0.3318736967096167
2015-02-14,0.3256717668785281
2015-02-15,0.3350010803912442
2015-02-16,0.34656675520106556
2015-02-17,0.35820601395676094
2015-02-18,0.37134388809499386
2015-02-19,0.3683947519594702
2015-02-20,0.3904635283130603
2015-02-21,0.4034193379191541
2015-02-22,0.4301029370873798
2015-02-23,0.3980008313469023
2015-02-24,0.41490306398866855
2015-02-25,0.3736705018156876
2015-02-26,0.367152525677888
2015-02-27,0.345017744432221
2015-02-28,0.3502271458567462
2015-03-01,0.3543451176249588
2015-03-02,0.35995734811186214
2015-03-03,0.347206888158406
2015-03-04,0.4308855458313257
2015-03-05,0.48461750893724975
2015-03-06,0.49766460984939254
2015-03-07,0.43627240598372713
2015-03-08,0.44390986781393255
2015-03-09,0.4342061893865131
2015-03-10,0.4607467496748881
2015-03-11,0.44169707000382274
2015-03-12,0.4240522184780716
2015-03-13,0.4356430446099432
2015-03-14,0.444061620467441
2015-03-15,0.44207526541951553
2015-03-16,0.41235220191415045
2015-03-17,0.386020657160842
2015-03-18,0.3386324345054146
2015-03-19,0.33940783133827807
2015-03-20,0.3459590673665295
2015-03-21,0.33700042773909644
2015-03-22,0.33495657518970995
2015-03-23,0.35623316425467627
2015-03-24,0.3832296417563431
2015-03-25,0.43190406692997935
2015-03-26,0.43652066240206944
2015-03-27,0.4250895648198611
2015-03-28,0.4160233394515066
2015-03-29,0.4182301502810363
2015-03-30,0.4052666775863457
2015-03-31,0.40562829436733716
2015-04-01,0.3959780460150336
2015-04-02,0.39674928298725726
2015-04-03,0.3850052490711935
2015-04-04,0.44054391484198885
2015-04-05,0.4371313287317743
2015-04-06,0.43553320112719734
2015-04-07,0.49094804189336705
2015-04-08,0.45805795548660344
2015-04-09,0.48438325854593034
2015-04-10,0.4870746807675809
2015-04-11,0.4795258946384955
2015-04-12,0.5009627080522583
2015-04-13,0.4855850981218336
2015-04-14,0.51811599632936
2015-04-15,0.5646539829005047
2015-04-16,0.5425807361601135
2015-04-17,0.5827906389464174
2015-04-18,0.54101011675182
2015-04-19,0.5173707255717189
2015-04-20,0.5284044604207677
2015-04-21,0.4834736531918601
2015-04-22,0.4326179688705908
2015-04-23,0.44064543025755293
2015-04-24,0.45148301651331135
2015-04-25,0.4895149157738188
2015-04-26,0.5021024956445701
2015-04-27,0.5003346315505672
2015-04-28,0.5509577170716382
2015-04-29,0.5806006548416897
2015-04-30,0.5908345589068232
2015-05-01,0.590864414200539
2015-05-02,0.560706872875534
2015-05-03,0.5505224070683165
2015-05-04,0.526411693644093
2015-05-05,0.47480462506386073
2015-05-06,0.51168889795917
2015-05-07,0.5851563637443545
2015-05-08,0.5759489060222728
2015-05-09,0.6239612892239064
2015-05-10,0.6138968227085797
2015-05-11,0.6002435920305957
2015-05-12,0.5844443850239255
2015-05-13,0.6043296015333328
2015-05-14,0.5741492251477834
2015-05-15,0.5484708053245029
2015-05-16,0.5131784757582326
2015-05-17,0.5379613863087329
2015-05-18,0.5488869584244082
2015-05-19,0.5329421623158577
2015-05-20,0.5038877890222961
2015-05-21,0.4969536077148831
2015-05-22,0.5048214243036677
2015-05-23,0.46461360355204456
2015-05-24,0.45593342803387954
2015-05-25,0.4636726380946793
2015-05-26,0.45068781393465135
2015-05-27,0.39846635835812744
2015-05-28,0.36781459832649765
2015-05-29,0.3501444035845615
2015-05-30,0.34802970922743587
2015-05-31,0.36973109188472836
2015-06-01,0.37078779528367123
2015-06-02,0.39098097400695375
2015-06-03,0.4644448689439355
2015-06-04,0.4959417011299946
2015-06-05,0.46712540988720913
2015-06-06,0.42688197863332605
2015-06-07,0.42165422681232423
2015-06-08,0.3819261681012366
2015-06-09,0.3881404588152875
2015-06-10,0.38486129997157115
2015-06-11,0.4225532310625214
2015-06-12,0.40108344422773234
2015-06-13,0.40774521788640056
2015-06-14,0.42759221602428543
2015-06-15,0.4475202438431741
2015-06-16,0.4518982828190185
2015-06-17,0.49488755899065956
2015-06-18,0.5209547512906925
2015-06-19,0.6063538182923741
2015-06-20,0.5983306569867896
2015-06-21,0.5962318951991333
2015-06-22,0.5879512550387618
2015-06-23,0.5896133846199045
2015-06-24,0.5714424965710279
2015-06-25,0.5800897457599694
2015-06-26,0.5657306127898929
2015-06-27,0.5429835777007919
2015-06-28,0.5529987555592253
2015-06-29,0.5515940798566379
2015-06-30,0.5355114825878932
2015-07-01,0.5703278848233451
2015-07-02,0.49095587366433396
2015-07-03,0.4942935896404176
2015-07-04,0.49084067578641954
2015-07-05,0.4678808702892903
2015-07-06,0.4926317440875205
2015-07-07,0.5252993716915605
2015-07-08,0.538404545807958
2015-07-09,0.5758118687588061
2015-07-10,0.5621424241422612
2015-07-11,0.5726824739315582
2015-07-12,0.5836886164849412
2015-07-13,0.5895974099859128
2015-07-14,0.5732116166774328
2015-07-15,0.5567602113733179
2015-07-16,0.511489660346941
2015-07-17,0.4815402447371559
2015-07-18,0.4579366357331184
2015-07-19,0.43417101266132746
2015-07-20,0.4164484331114438
2015-07-21,0.3807989947940409
2015-07-22,0.3886613324197589
2015-07-23,0.3883728072598195
2015-07-24,0.3781102348101253
2015-07-25,0.4167209530789158
2015-07-26,0.43900606194722097
2015-07-27,0.45269071019577306
2015-07-28,0.45372411566239335
2015-07-29,0.4475086442906946
2015-07-30,0.4342353873016118
2015-07-31,0.41796301380328915
2015-08-01,0.4210161715421923
2015-08-02,0.4027009146264759
2015-08-03,0.3996667671370301
2015-08-04,0.39520753461628966
2015-08-05,0.3814642296719348
2015-08-06,0.35899836150056785
2015-08-07,0.3663404377953097
2015-08-08,0.344413531883755
2015-08-09,0.34303011912432857
2015-08-10,0.3356243887272482
2015-08-11,0.32473763961294033
2015-08-12,0.3255562492139152
2015-08-13,0.3348259612419676
2015-08-14,0.34798516735923923
2015-08-15,0.35654230335105974
2015-08-16,0.3572141510917498
2015-08-17,0.37934085497902786
2015-08-18,0.40172606507588393
2015-08-19,0.4375729421546673
2015-08-20,0.4715347426777714
2015-08-21,0.49008144242015284
2015-08-22,0.4887982004044503
2015-08-23,0.5274465033525726
2015-08-24,0.5224951952354253
2015-08-25,0.552077763420811
2015-08-26,0.5307791781767719
2015-08-27,0.5140956867733601
2015-08-28,0.516804945961715
2015-08-29,0.5414388224356705
2015-08-30,0.5249068260849429
2015-08-31,0.5221314047748952
2015-09-01,0.475759993850862
2015-09-02,0.47536206872324743
2015-09-03,0.46581967077012665
2015-09-04,0.48404785099754105
2015-09-05,0.4690994743575872
2015-09-06,0.477487764508731
2015-09-07,0.49480461142767285
2015-09-08,0.4963741264351139
2015-09-09,0.515454759210084
2015-09-10,0.5091881008145853
2015-09-11,0.5453342193753398
2015-09-12,0.5377777393091048
2015-09-13,0.5185825229144945
2015-09-14,0.5151807591705169
2015-09-15,0.5378685930704141
2015-09-16,0.5177501728090538
2015-09-17,0.5431751796113435
2015-09-18,0.5299638951357746
2015-09-19,0.5362330327514374
2015-09-20,0.5293982162188012
2015-09-21,0.5271541944520026
2015-09-22,0.4713459652009587
2015-09-23,0.46837720416533674
2015-09-24,0.42976306196904845
2015-09-25,0.4461652158977805
2015-09-26,0.45779923445707327
2015-09-27,0.4661128542489409
2015-09-28,0.4418119949672315
2015-09-29,0.43303111487897994
2015-09-30,0.4227223714711549
2015-10-01,0.4502624726088797
2015-10-02,0.4766220707840237
2015-10-03,0.5011435619070623
2015-10-04,0.49073920656948583
2015-10-05,0.5122678628653629
2015-10-06,0.51655411896446
2015-10-07,0.5380630545089615
2015-10-08,0.5314269606055546
2015-10-09,0.5234561108044617
2015-10-10,0.5137375045028463
2015-10-11,0.518932706958663
2015-10-12,0.5191454244263463
2015-10-13,0.5205553177236071
2015-10-14,0.5110867181869697
2015-10-15,0.5179742974133391
2015-10-16,0.5617180352169534
2015-10-17,0.5797837815260961
2015-10-18,0.6005532842218205
2015-10-19,0.6142764526564847
2015-10-20,0.6225496300191932
2015-10-21,0.6229212293385848
2015-10-22,0.6467189385980376
2015-10-23,0.6372801102275331
2015-10-24,0.6407072538979082
2015-10-25,0.6347960344126877
2015-10-26,0.6419212334154227
2015-10-27,0.6271962877492746
2015-10-28,0.6275083320761432
2015-10-29,0.6695006685541063
2015-10-30,0.6599140333014454
2015-10-31,0.6866460460924863
2015-11-01,0.6929686897531949
2015-11-02,0.705445863725906
2015-11-03,0.7110919366435318
2015-11-04,0.705388075405657
2015-11-05,0.673173004734793
2015-11-06,0.6499377079510313
2015-11-07,0.6067800632053848
2015-11-08,0.5984164907341476
2015-11-09,0.5954488364394038
2015-11-10,0.5823740414191272
2015-11-11,0.5722738749652942
2015-11-12,0.5659034108166974
2015-11-13,0.5723902768923839
2015-11-14,0.5574417909150654
2015-11-15,0.5508995553592355
2015-11-16,0.5333965870305672
2015-11-17,0.5437061220467644
2015-11-18,0.5487211519196786
2015-11-19,0.5253507045648019
2015-11-20,0.5041872201206578
2015-11-21,0.4919734396867588
2015-11-22,0.48474690092466927
2015-11-23,0.4779136448937499
2015-11-24,0.46432916363864846
2015-11-25,0.464742056001665
2015-11-26,0.4456877599564762
2015-11-27,0.4645336250731944
2015-11-28,0.5218909266647603
2015-11-29,0.5257740543657562
2015-11-30,0.48251583905880047
2015-12-01,0.4894893919003782
2015-12-02,0.48062309873952247
2015-12-03,0.4599077187576957
2015-12-04,0.4236782798117897
2015-12-05,0.4077056178363381
2015-12-06,0.40258013119833763
2015-12-07,0.4315286434872636
2015-12-08,0.4128079325733319
2015-12-09,0.4342850525354488
2015-12-10,0.49122084161231205
2015-12-11,0.5148392357248832
2015-12-12,0.5428103494228177
2015-12-13,0.59645200966052
2015-12-14,0.6182867807682475
2015-12-15,0.6281354554148104
2015-12-16,0.6528121811086947
2015-12-17,0.6569993320250608
2015-12-18,0.6384087576748488
2015-12-19,0.6648398219061881
2015-12-20,0.6699308446820365
2015-12-21,0.6716162952219511
2015-12-22,0.6370883217420629
2015-12-23,0.6615657190138118
2015-12-24,0.6667112405463013
2015-12-25,0.676333379918787
2015-12-26,0.6781804812525407
2015-12-27,0.6607874394350375
2015-12-28,0.6076589482680395
2015-12-29,0.6110830971122633
2015-12-30,0.6215503058221244
2015-12-31,0.5814504904589743
2016-01-01,0.5545035875159195
2016-01-02,0.5186840729454969
2016-01-03,0.4972292606664749
2016-01-04,0.49259057121225724
2016-01-05,0.45603731016411453
2016-01-06,0.4145537592626073
2016-01-07,0.4131689088035042
2016-01-08,0.4476511330149705
2016-01-09,0.4449989488408791
2016-01-10,0.44366623710194286
2016-01-11,0.4188594820051227
2016-01-12,0.3957468845378246
2016-01-13,0.39878311241208114
2016-01-14,0.3936764206370217
2016-01-15,0.3695772376501503
2016-01-16,0.3585032590413707
2016-01-17,0.3768600054263
2016-01-18,0.39833090228879325
2016-01-19,0.41888843322131386
2016-01-20,0.4060667493845225
2016-01-21,0.4425950689720469
2016-01-22,0.43242429331374244
2016-01-23,0.4458560245980336
2016-01-24,0.4322963758929507
2016-01-25,0.4418275416054317
2016-01-26,0.43892389398636356
2016-01-27,0.46119760608653027
2016-01-28,0.4547384582623108
2016-01-29,0.45761253432128274
2016-01-30,0.4550602647058925
2016-01-31,0.45847554516564226
2016-02-01,0.4426441572870248
2016-02-02,0.4602568568708844
2016-02-03,0.4595759701624897
2016-02-04,0.4935028230295234
2016-02-05,0.5421226242247074
2016-02-06,0.49682237797628737
2016-02-07,0.5032250259526544
2016-02-08,0.4901144425509975
2016-02-09,0.5205007204440486
2016-02-10,0.5472614079471806
2016-02-11,0.55165463148745
2016-02-12,0.5535441316368719
2016-02-13,0.5632273482148674
2016-02-14,0.5870286013223404
2016-02-15,0.571892944803964
2016-02-16,0.5481199682749732
2016-02-17,0.5273800023650206
2016-02-18,0.5659241201661213
2016-02-19,0.5752453189797934
2016-02-20,0.5559153351553638
2016-02-21,0.5571179591340949
2016-02-22,0.5695912651953765
2016-02-23,0.5976797319201432
2016-02-24,0.6009224093947028
2016-02-25,0.5944908467885867
2016-02-26,0.5727373560929908
2016-02-27,0.5671494067834673
2016-02-28,0.5284054574407779
2016-02-29,0.5189805089403876
2016-03-01,0.5124198343125478
2016-03-02,0.5378748327630932
2016-03-03,0.5580206521929971
2016-03-04,0.5778172415520226
2016-03-05,0.5837850883336121
2016-03-06,0.6028312799441934
2016-03-07,0.6014115175099591
2016-03-08,0.5252898049007748
2016-03-09,0.5237795205247829
2016-03-10,0.5321216522813005
2016-03-11,0.5187148438183382
2016-03-12,0.5551763002377123
2016-03-13,0.5433087508078653
2016-03-14,0.5361421207504308
2016-03-15,0.5278020857080677
2016-03-16,0.5243049470075063
2016-03-17,0.5261021678177646
2016-03-18,0.5459714579514748
2016-03-19,0.5531368546330269
2016-03-20,0.55570493066747
2016-03-21,0.55669294958468
2016-03-22,0.5450837340939921
2016-03-23,0.5396840735243422
2016-03-24,0.5320806248369665
2016-03-25,0.5131438254311009
2016-03-26,0.5083495102934811
2016-03-27,0.49864357099020007
2016-03-28,0.5004657872742462
2016-03-29,0.5211370957634598
2016-03-30,0.5325319470703924
2016-03-31,0.5421569232297714
2016-04-01,0.5435783065036817
2016-04-02,0.5354131024736883
2016-04-03,0.5296989366426516
2016-04-04,0.5009566543671584
2016-04-05,0.4748502428197945
2016-04-06,0.4596763705945066
2016-04-07,0.47347791882575907
2016-04-08,0.47163295274134337
2016-04-09,0.5033060967207074
2016-04-10,0.5223581280936217
2016-04-11,0.5312407435868891
2016-04-12,0.555659432413203
2016-04-13,0.5846384068169577
2016-04-14,0.5804239960763252
2016-04-15,0.6053164798896086
2016-04-16,0.51431171532624
2016-04-17,0.5128573845736358
2016-04-18,0.5013331884131147
2016-04-19,0.506016355466617
2016-04-20,0.5355475072065474
2016-04-21,0.5403121603122524
2016-04-22,0.5721367586667294
2016-04-23,0.5693976831873157
2016-04-24,0.5924157990971943
2016-04-25,0.6260801017606136
2016-04-26,0.657915190472638
2016-04-27,0.6722618100021507
2016-04-28,0.6778827390035064
2016-04-29,0.6621345823984801
2016-04-30,0.675266277039327
2016-05-01,0.6854688668252866
2016-05-02,0.6714842282778676
2016-05-03,0.6884640494873959
2016-05-04,0.6643910395204665
2016-05-05,0.6244771616544853
2016-05-06,0.5948587238442931
2016-05-07,0.6132744681798629
2016-05-08,0.5924131474068398
2016-05-09,0.5981452978548606
2016-05-10,0.5351949423376213
2016-05-11,0.49798016540797985
2016-05-12,0.5147857114515328
2016-05-13,0.5011866664982291
2016-05-14,0.46909352041213614
2016-05-15,0.4683060955520883
2016-05-16,0.4647528894524145
2016-05-17,0.4721153243714909
2016-05-18,0.4619871811523238
2016-05-19,0.44972876112324134
2016-05-20,0.45217899974066594
2016-05-21,0.4683796350103335
2016-05-22,0.45629308061366497
2016-05-23,0.4575054494406647
2016-05-24,0.45567194370170033
2016-05-25,0.46002183037826166
2016-05-26,0.430569774240429
2016-05-27,0.4199605040118201
2016-05-28,0.41732181785220523
2016-05-29,0.4481077501067232
2016-05-30,0.44528463015581615
2016-05-31,0.4555685341948269
2016-06-01,0.45183356485152615
2016-06-02,0.45392255317449337
2016-06-03,0.47481953359818957
2016-06-04,0.5361824255134447
2016-06-05,0.5263373908528483
2016-06-06,0.4973170115022585
2016-06-07,0.5194369754048428
2016-06-08,0.5338296907207469
2016-06-09,0.5904276828025761
2016-06-10,0.5660372143371759
2016-06-11,0.5202117470688082
2016-06-12,0.5034827376604017
2016-06-13,0.5415741446185984
2016-06-14,0.5571506990175636
2016-06-15,0.568143628979391
2016-06-16,0.5736344435879455
2016-06-17,0.5804085963839254
2016-06-18,0.6231597286347871
2016-06-19,0.6317579285237203
2016-06-20,0.6297117020543086
2016-06-21,0.6890176210395577
2016-06-22,0.6787391893379052
2016-06-23,0.6871980948209038
2016-06-24,0.7006968102875197
2016-06-25,0.6257240825512587
2016-06-26,0.6222678066179519
2016-06-27,0.6107938832280562
2016-06-28,0.5522221884618036
2016-06-29,0.5428956785803001
2016-06-30,0.5649888366949662
2016-07-01,0.5338572308980808
2016-07-02,0.5260521940985832
2016-07-03,0.5111917349090317
2016-07-04,0.5051099437549351
2016-07-05,0.5210801449426249
2016-07-06,0.44955281763949867
2016-07-07,0.44417624528903543
2016-07-08,0.44750583783312575
2016-07-09,0.4419951804984075
2016-07-10,0.4462018707646651
2016-07-11,0.4406963409076389
2016-07-12,0.4605185649877187
2016-07-13,0.4656443634241687
2016-07-14,0.45682791542231316
2016-07-15,0.4550108822376874
2016-07-16,0.41995006233905546
2016-07-17,0.37755993414035643
2016-07-18,0.3670462210909813
2016-07-19,0.37836405093494724
2016-07-20,0.3348486397696724
2016-07-21,0.3099102797082725
2016-07-22,0.31935289533763805
2016-07-23,0.3005991136932952
2016-07-24,0.3001956767439701
2016-07-25,0.30707806923227826
2016-07-26,0.3009113609114144
2016-07-27,0.3685306278260428
2016-07-28,0.41055070978534874
2016-07-29,0.4518614473401465
2016-07-30,0.45594556778304157
2016-07-31,0.4709275568371171
2016-08-01,0.48400748900190554
2016-08-02,0.49962191037251663
2016-08-03,0.5365330252412882
2016-08-04,0.5890090278569459
2016-08-05,0.615750192451943
2016-08-06,0.5994795928902505
2016-08-07,0.5961150013842774
2016-08-08,0.5946230084523192
2016-08-09,0.5787960670025274
2016-08-10,0.5766911945092553
2016-08-11,0.5668542331985307
2016-08-12,0.5700399024350532
2016-08-13,0.5585751997729584
2016-08-14,0.5665524191206586
2016-08-15,0.5696947908826602
2016-08-16,0.6560939885102901
2016-08-17,0.6652170342317079
2016-08-18,0.658367161287546
2016-08-19,0.6685174187638365
2016-08-20,0.6550031928190504
2016-08-21,0.6642370071044649
2016-08-22,0.6570208509809531
2016-08-23,0.6740812685705638
2016-08-24,0.6704223174036703
2016-08-25,0.6547820032738545
2016-08-26,0.6389470453090939
2016-08-27,0.6075212530668601
2016-08-28,0.5935816863744666
2016-08-29,0.6005539623102935
2016-08-30,0.532905614924451
2016-08-31,0.532947600538619
2016-09-01,0.5219203973751645
2016-09-02,0.5126989960779216
2016-09-03,0.5033969786057272
2016-09-04,0.5129840719160357
2016-09-05,0.5110361211341004
2016-09-06,0.5249614828624124
2016-09-07,0.5813165247323239
2016-09-08,0.5821053879252007
2016-09-09,0.5905345013088276
2016-09-10,0.5517569218382309
2016-09-11,0.5185284247527653
2016-09-12,0.5017638967464427
2016-09-13,0.4726536824094376
2016-09-14,0.4497492551727073
2016-09-15,0.42775110859747034
2016-09-16,0.40852934710423083
2016-09-17,0.4148240176593225
2016-09-18,0.4328855362850752
2016-09-19,0.4290709468048021
2016-09-20,0.4184883727599069
2016-09-21,0.44772833558306563
2016-09-22,0.44112398435045047
2016-09-23,0.4430233465933817
2016-09-24,0.4520033234208929
2016-09-25,0.455242717986015
2016-09-26,0.4450474710203254
2016-09-27,0.45379884097856743
2016-09-28,0.4456257543935152
2016-09-29,0.4448532328842205
2016-09-30,0.46087091778566003
2016-10-01,0.47875256519115333
2016-10-02,0.4836080910796694
2016-10-03,0.46522791467858476
2016-10-04,0.44566295430510666
2016-10-05,0.44329259173656815
2016-10-06,0.42496154440580725
2016-10-07,0.42341937322456874
2016-10-08,0.4318846938739065
2016-10-09,0.4433312620071103
2016-10-10,0.44701652507896955
2016-10-11,0.46030236479911446
2016-10-12,0.49320746037257096
2016-10-13,0.4770887174534768
2016-10-14,0.4850597683418964
2016-10-15,0.49006880378225476
2016-10-16,0.47571721794616934
2016-10-17,0.46777430981699597
2016-10-18,0.4573368876926234
2016-10-19,0.4958840196641238
2016-10-20,0.4665648080587999
2016-10-21,0.47535859806242353
2016-10-22,0.442446693399958
2016-10-23,0.45711574795067955
2016-10-24,0.44704107297018564
2016-10-25,0.4264634596665892
2016-10-26,0.4529547811454495
2016-10-27,0.4679055053294969
2016-10-28,0.4787476130764475
2016-10-29,0.5112054694703666
2016-10-30,0.5280152870205297
2016-10-31,0.5171040745429254
2016-11-01,0.5296850442882941
2016-11-02,0.5278957977095434
2016-11-03,0.5353006541688704
2016-11-04,0.5081973189616779
2016-11-05,0.5139047996102962
2016-11-06,0.5187922489847422
2016-11-07,0.5119114110945776
2016-11-08,0.5047667137012576
2016-11-09,0.5124618318381108
2016-11-10,0.4918917036684117
2016-11-11,0.45824735411416057
2016-11-12,0.4783593740258792
2016-11-13,0.501984690460849
2016-11-14,0.5171739876781082
2016-11-15,0.5121123974516356
2016-11-16,0.5202614896487479
2016-11-17,0.5158117282698744
2016-11-18,0.5208413392067971
2016-11-19,0.5286506990819024
2016-11-20,0.5308371421719139
2016-11-21,0.5295788625112828
2016-11-22,0.5280442571792051
2016-11-23,0.5334655260041076
2016-11-24,0.5306903537342355
2016-11-25,0.5212045007231325
2016-11-26,0.5128207838835362
2016-11-27,0.5013224199159586
2016-11-28,0.47933223255137153
2016-11-29,0.4773748982070704
2016-11-30,0.4671554670857447
2016-12-01,0.4589253870584071
2016-12-02,0.4387612074000154
2016-12-03,0.4550108943063394
2016-12-04,0.469540875135615
2016-12-05,0.463480313473912
2016-12-06,0.4671769046616771
2016-12-07,0.4802874282931495
2016-12-08,0.4795437564549401
2016-12-09,0.49115156599400395
2016-12-10,0.4714753285602478
2016-12-11,0.47221688407381546
2016-12-12,0.46959144298392874
2016-12-13,0.46711411599609126
2016-12-14,0.468551908189605
2016-12-15,0.49602574352892875
2016-12-16,0.4144305594960122
2016-12-17,0.43493649485618513
2016-12-18,0.4331981589847948
2016-12-19,0.4153854121353396
2016-12-20,0.4082253725357435
2016-12-21,0.4184360884895937
2016-12-22,0.4414617376247896
2016-12-23,0.4718498121369938
2016-12-24,0.5334375991298924
2016-12-25,0.533785082748675
2016-12-26,0.5274053765774652
2016-12-27,0.5256449445931536
2016-12-28,0.5301342808136412
2016-12-29,0.5162200864524703
2016-12-30,0.5286523399050044
2016-12-31,0.5419426711825175
2017-01-01,0.5478018222565469
2017-01-02,0.5335353236282359
2017-01-03,0.5233511650372978
2017-01-04,0.5006168319516581
2017-01-05,0.5023228687444484
2017-01-06,0.5114819674040327
2017-01-07,0.5103020625161628
2017-01-08,0.5168696191945618
2017-01-09,0.541855544775444
2017-01-10,0.5340221366803801
2017-01-11,0.571299467027388
2017-01-12,0.5411568180697442
2017-01-13,0.5804998211339281
2017-01-14,0.5910208528301171
2017-01-15,0.6033944520607141
2017-01-16,0.5954439079747663
2017-01-17,0.5947618462144953
2017-01-18,0.6230983394884326
2017-01-19,0.6738119586190083
2017-01-20,0.6310777073127398
2017-01-21,0.627265303921244
2017-01-22,0.6146576543055442
2017-01-23,0.5914602196716495
2017-01-24,0.6116144779533763
2017-01-25,0.605624051411662
2017-01-26,0.6129487842555207
2017-01-27,0.6014485942891438
2017-01-28,0.5961394871286988
2017-01-29,0.5968870713016706
2017-01-30,0.5951428197194569
2017-01-31,0.6091464882803813
2017-02-01,0.6370520903147089
2017-02-02,0.6498213217454688
2017-02-03,0.6353161097674578
2017-02-04,0.6546568911967799
2017-02-05,0.6581461341256636
2017-02-06,0.6519765023607292
2017-02-07,0.6256127164954494
2017-02-08,0.5925261053576794
2017-02-09,0.6103045820850072
2017-02-10,0.6065930565229288
2017-02-11,0.6189874496545743
2017-02-12,0.6275131676333258
2017-02-13,0.6188460063728352
2017-02-14,0.6308657936415089
2017-02-15,0.6172597988251632
2017-02-16,0.6325099019594478
2017-02-17,0.5842104859374269
2017-02-18,0.6005931967373223
2017-02-19,0.628188494885859
2017-02-20,0.6489154251485386
2017-02-21,0.6417286763142435
2017-02-22,0.6508344133908328
2017-02-23,0.6458224189516016
2017-02-24,0.6856759520782948
2017-02-25,0.706622798417583
2017-02-26,0.7152208341611042
2017-02-27,0.7190577607954937
2017-02-28,0.7363504372583769
2017-03-01,0.724243202131657
2017-03-02,0.7037511927693004
2017-03-03,0.664521886053278
2017-03-04,0.6743749745205713
2017-03-05,0.660218119846465
2017-03-06,0.654834485756514
2017-03-07,0.6330819935608756
2017-03-08,0.6120060227518085
2017-03-09,0.6090782759036415
2017-03-10,0.5944172107113106
2017-03-11,0.5982991589622093
2017-03-12,0.5978352793459364
2017-03-13,0.5832530219592474
2017-03-14,0.5957150255687126
2017-03-15,0.5997716347965145
2017-03-16,0.5909813967034371
2017-03-17,0.6257906638551701
2017-03-18,0.6006105615895367
2017-03-19,0.6010415664857599
2017-03-20,0.6254991194472365
2017-03-21,0.6085368508262485
2017-03-22,0.6036117085714535
2017-03-23,0.59700292501044
2017-03-24,0.5794376528266582
2017-03-25,0.5707705572267833
2017-03-26,0.5729785973702743
2017-03-27,0.5399031405364106
2017-03-28,0.5376786453763224
2017-03-29,0.5290730488772317
2017-03-30,0.532371477684925
2017-03-31,0.5689086077738285
2017-04-01,0.5600417974022799
2017-04-02,0.5750277791535169
2017-04-03,0.5895867489052241
2017-04-04,0.6212961657329973
2017-04-05,0.5905457653863326
2017-04-06,0.6125588339718777
2017-04-07,0.6505837634213205
2017-04-08,0.6405447978777851
2017-04-09,0.6546344505388607
2017-04-10,0.6279114135927814
2017-04-11,0.5869135082019251
2017-04-12,0.6057909319065908
2017-04-13,0.5957788132331213
2017-04-14,0.5757431012344795
2017-04-15,0.5561804467784195
2017-04-16,0.5620863501495336
2017-04-17,0.5660066652491985
2017-04-18,0.5647794879826563
2017-04-19,0.559004400492165
2017-04-20,0.5308462072677841
2017-04-21,0.5508237101916221
2017-04-22,0.5451212112762637
2017-04-23,0.5555087569380647
2017-04-24,0.5732283775799799
2017-04-25,0.5949694608902208
2017-04-26,0.5943147951965667
2017-04-27,0.6016783138638707
2017-04-28,0.6293356597661255
2017-04-29,0.6447303840320632
2017-04-30,0.6662531738664842
2017-05-01,0.6830578339013765
2017-05-02,0.7186033070836185
2017-05-03,0.7125344011973613
2017-05-04,0.7085516672997164
2017-05-05,0.7035355757786341
2017-05-06,0.7050293168056362
2017-05-07,0.7078703205424445
2017-05-08,0.720125181431877
2017-05-09,0.7228013570831006
2017-05-10,0.7293488049421052
2017-05-11,0.7543456482820909
2017-05-12,0.7455502880435247
2017-05-13,0.749299853930585
2017-05-14,0.7560276648931588
2017-05-15,0.7608521182425564
2017-05-16,0.7719489736496974
2017-05-17,0.7761237788639952
2017-05-18,0.7863761844942362
2017-05-19,0.7778828433012756
2017-05-20,0.7964429745818867
2017-05-21,0.7920387356513657
2017-05-22,0.7709295314256718
2017-05-23,0.7776762659160275
2017-05-24,0.7745245189324966
2017-05-25,0.7749110045197014
2017-05-26,0.7860639744572113
2017-05-27,0.7818130069537196
2017-05-28,0.7655197069160821
2017-05-29,0.7705681004193567
2017-05-30,0.7643552708155769
2017-05-31,0.7456652460299088
2017-06-01,0.7482721391988097
2017-06-02,0.7470812672767853
2017-06-03,0.7380892276877065
2017-06-04,0.7214981210658374
2017-06-05,0.7120393354587597
2017-06-06,0.7138835612357374
2017-06-07,0.7000622900098579
2017-06-08,0.6966863967786535
2017-06-09,0.6912604947487017
2017-06-10,0.6763749274057402
2017-06-11,0.5908993533958954
2017-06-12,0.5788619052845811
2017-06-13,0.5838289697842052
2017-06-14,0.5867141640487769
2017-06-15,0.5844196724937355
2017-06-16,0.5681058408852315
2017-06-17,0.5607034471968039
2017-06-18,0.561399372085134
2017-06-19,0.5239819372790402
2017-06-20,0.5009608585172216
2017-06-21,0.4529996705188453
2017-06-22,0.4298716356842318
2017-06-23,0.43052998440356943
2017-06-24,0.433941790540543
2017-06-25,0.4428781814827117
2017-06-26,0.4124858287966667
2017-06-27,0.4162723100798651
2017-06-28,0.43885165931287734
2017-06-29,0.47531661429863586
2017-06-30,0.4656691527242595
2017-07-01,0.4697816115334449
2017-07-02,0.4776906578116062
2017-07-03,0.48433962746917436
2017-07-04,0.4668782024948722
2017-07-05,0.46868740643356904
2017-07-06,0.4554183477592491
2017-07-07,0.46302442754252826
2017-07-08,0.4740463188348802
2017-07-09,0.48732190919056745
2017-07-10,0.4739326617771639
2017-07-11,0.4799673759994892
2017-07-12,0.4914176196145131
2017-07-13,0.5156671809011529
2017-07-14,0.5196212464234449
2017-07-15,0.5130342085944308
2017-07-16,0.49586156777405244
2017-07-17,0.4943141722736731
2017-07-18,0.524737437037263
2017-07-19,0.5302552893033199
2017-07-20,0.5485551997283639
2017-07-21,0.5795806668636369
2017-07-22,0.5931576838574805
2017-07-23,0.6002180843860002
2017-07-24,0.60284598230265
2017-07-25,0.5962622227373381
2017-07-26,0.6031551648139678
2017-07-27,0.5958171852489301
2017-07-28,0.591160631962644
2017-07-29,0.5900241811794323
2017-07-30,0.5878678450138504
2017-07-31,0.595737153551075
2017-08-01,0.6067436407160057
2017-08-02,0.595835642513357
2017-08-03,0.6051713271902016
2017-08-04,0.6077854558227215
2017-08-05,0.5883611740792568
2017-08-06,0.5991534758300732
2017-08-07,0.5922217340477859
2017-08-08,0.5955296082408502
2017-08-09,0.6024461942260455
2017-08-10,0.6075976853915035
2017-08-11,0.6199839492329501
2017-08-12,0.6345896687337177
2017-08-13,0.6298333734023712
2017-08-14,0.6660486318209501
2017-08-15,0.6531954139660658
2017-08-16,0.6435115981007893
2017-08-17,0.6289979733429897
2017-08-18,0.6453320876326484
2017-08-19,0.639526746032922
2017-08-20,0.6398883093566112
2017-08-21,0.6223785756353915
2017-08-22,0.6248778169900969
2017-08-23,0.6015432578481477
2017-08-24,0.6117345937011359
2017-08-25,0.6126955756474814
2017-08-26,0.606587185870927
2017-08-27,0.5888650655245746
2017-08-28,0.6043310516066577
2017-08-29,0.6135459429525513
2017-08-30,0.5547094686394927
2017-08-31,0.5142851930573081
2017-09-01,0.5295263260590846
2017-09-02,0.5665980996675868
2017-09-03,0.5777288504615107
2017-09-04,0.6483099924426862
2017-09-05,0.6666584455291391
2017-09-06,0.6937416345528119
2017-09-07,0.6942617083700146
2017-09-08,0.7138086514260517
2017-09-09,0.7035326816959133
2017-09-10,0.6844857261575034
2017-09-11,0.6572908730191471
2017-09-12,0.6298101656105602
2017-09-13,0.6036359610270665
2017-09-14,0.5982984699123202
2017-09-15,0.5949712679305577
2017-09-16,0.6262785599583429
2017-09-17,0.64074538676983
2017-09-18,0.6412515189531668
2017-09-19,0.6365123777211856
2017-09-20,0.6544023698799217
2017-09-21,0.6399049582255142
2017-09-22,0.6330996228686434
2017-09-23,0.6153357035589712
2017-09-24,0.6176205813294006
2017-09-25,0.6294290173339041
2017-09-26,0.6189825815053164
2017-09-27,0.5725785925713112
2017-09-28,0.5749996642200311
2017-09-29,0.5703413970760717
2017-09-30,0.5972631499455225
2017-10-01,0.5852517418462176
2017-10-02,0.57350922301244
2017-10-03,0.5536579652061732
2017-10-04,0.49560563242155176
2017-10-05,0.47586714701997185
2017-10-06,0.45433577082266036
2017-10-07,0.44011231438808646
2017-10-08,0.4420159652119932
2017-10-09,0.4534348538589549
2017-10-10,0.4548707831048437
2017-10-11,0.465408675357078
2017-10-12,0.4926774790027082
2017-10-13,0.5052972997081816
2017-10-14,0.5146149296431392
2017-10-15,0.5060600079894595
2017-10-16,0.48880083574367234
2017-10-17,0.4622506492282729
2017-10-18,0.45326040324377903
2017-10-19,0.451265453798896
2017-10-20,0.45477500547767236
2017-10-21,0.4338372362542329
2017-10-22,0.4380589342521934
2017-10-23,0.46157278960671533
2017-10-24,0.481564073607867
2017-10-25,0.49103933506006747
2017-10-26,0.5044153401262939
2017-10-27,0.5033192486815503
2017-10-28,0.4988888194266134
2017-10-29,0.4952503400426576
2017-10-30,0.4957033081672492
2017-10-31,0.4957556185864074
2017-11-01,0.48649376530294564
2017-11-02,0.497578386085111
2017-11-03,0.5225537192979882
2017-11-04,0.5170618263639407
2017-11-05,0.5226631855614833
2017-11-06,0.5166697832937629
2017-11-07,0.5332769432135519
2017-11-08,0.5436397187017473
2017-11-09,0.5427653952877399
2017-11-10,0.5549677640115079
2017-11-11,0.5480749559112971
2017-11-12,0.5430191743466046
2017-11-13,0.49822187982745747
2017-11-14,0.5120438483219284
2017-11-15,0.49941168900897204
2017-11-16,0.5209963453819485
2017-11-17,0.527723962878325
2017-11-18,0.5272953948886899
2017-11-19,0.5314969385835547
2017-11-20,0.5555733891509888
2017-11-21,0.5351561970343243
2017-11-22,0.5769679378407354
2017-11-23,0.58612672622432
2017-11-24,0.57545393707412
2017-11-25,0.5995948070474529
2017-11-26,0.6309323318838891
2017-11-27,0.6403344996118611
2017-11-28,0.6529214685559696
2017-11-29,0.6597211466109562
2017-11-30,0.6808911455631345
2017-12-01,0.6815765207276069
2017-12-02,0.6872745273548192
2017-12-03,0.6789740728730462
2017-12-04,0.6700519308587263
2017-12-05,0.6574313218203132
2017-12-06,0.6842969998155526
2017-12-07,0.7173869548488069
2017-12-08,0.713690676945044
2017-12-09,0.7089779633205521
2017-12-10,0.7035755516346517
2017-12-11,0.6899043493617497
2017-12-12,0.6839524601384357
2017-12-13,0.6829838280016228
2017-12-14,0.6934597773736971
2017-12-15,0.6869633038647854
2017-12-16,0.6729433623423776
2017-12-17,0.6689824850790844
2017-12-18,0.6599547826053318
2017-12-19,0.6600929318838992
2017-12-20,0.6533849544667246
2017-12-21,0.6717572663834461
2017-12-22,0.6479868766567297
2017-12-23,0.6233068806364537
2017-12-24,0.6239354956362687
2017-12-25,0.6159311677119365
2017-12-26,0.598378279551179
2017-12-27,0.5526196722965981
2017-12-28,0.5359997265043661
2017-12-29,0.5403108661618601
2017-12-30,0.5247379102822947
2017-12-31,0.5155770642192236
2018-01-01,0.5107038239164529
2018-01-02,0.5136889646486338
2018-01-03,0.5377243169488509
2018-01-04,0.5324692805455794
2018-01-05,0.5632148145156238
2018-01-06,0.5771343801911982
2018-01-07,0.5652765939317429
2018-01-08,0.558403025043797
2018-01-09,0.5659260732271988
2018-01-10,0.5675664288476628
2018-01-11,0.5736412413951627
2018-01-12,0.5550543214528196
2018-01-13,0.5546487256686439
2018-01-14,0.5408122399669562
2018-01-15,0.5472861544374897
2018-01-16,0.5566290902008585
2018-01-17,0.5691310564093823
2018-01-18,0.5684405235843281
2018-01-19,0.5535212645075639
2018-01-20,0.5456471039556515
2018-01-21,0.5341467398921964
2018-01-22,0.49771337253869785
2018-01-23,0.49272916095526814
2018-01-24,0.4610228624455486
2018-01-25,0.45172672723362645
2018-01-26,0.4622037318104897
2018-01-27,0.45941228665804906
2018-01-28,0.43472657509702894
2018-01-29,0.42741997651574826
2018-01-30,0.39904076830169927
2018-01-31,0.3979390515191103
2018-02-01,0.39351202211115727
2018-02-02,0.38552935889795226
2018-02-03,0.37318544739368126
2018-02-04,0.37373880645188623
2018-02-05,0.36622104598507416
2018-02-06,0.34402496390971515
2018-02-07,0.35193577394652337
2018-02-08,0.3604329130887937
2018-02-09,0.36648421864453257
2018-02-10,0.3758481092117731
2018-02-11,0.3848534447007873
2018-02-12,0.38106027796458103
2018-02-13,0.398268707547308
2018-02-14,0.366863559403883
2018-02-15,0.36769671245971125
2018-02-16,0.38814540022679356
2018-02-17,0.38768139866547946
2018-02-18,0.3931757461503377
2018-02-19,0.38498007221418223
2018-02-20,0.4018144377023463
2018-02-21,0.37667709965148893
2018-02-22,0.36483223205745946
2018-02-23,0.36080765880484095
2018-02-24,0.3517572505946121
2018-02-25,0.3546876375631763
2018-02-26,0.3479458393971639
2018-02-27,0.3452517104226939
2018-02-28,0.3480204836135742
2018-03-01,0.350178417143352
2018-03-02,0.3310892089336335
2018-03-03,0.32707860317743015
2018-03-04,0.33215818208853853
2018-03-05,0.32544468690524725
2018-03-06,0.32049422910778896
2018-03-07,0.3115067262481938
2018-03-08,0.31823314190168167
2018-03-09,0.31985643522128326
2018-03-10,0.33765458515641994
2018-03-11,0.3540798041083199
2018-03-12,0.361825661952066
2018-03-13,0.3627044052960286
2018-03-14,0.38597249700454234
2018-03-15,0.3798438504388519
2018-03-16,0.3905927694549746
2018-03-17,0.3724530469263766
2018-03-18,0.361869683752221
2018-03-19,0.3608179558040625
2018-03-20,0.3582131981953287
2018-03-21,0.33739801221843063
2018-03-22,0.3350253765233418
2018-03-23,0.33354596654871826
2018-03-24,0.3520807511475307
2018-03-25,0.3581661803822978
2018-03-26,0.3457370685595845
2018-03-27,0.370709072003645
2018-03-28,0.37199427139830543
2018-03-29,0.3542937318940142
2018-03-30,0.3632377494801816
2018-03-31,0.39761918687838005
2018-04-01,0.40948955555688527
2018-04-02,0.4128365792158451
2018-04-03,0.40656193978044997
2018-04-04,0.4184416873658269
2018-04-05,0.4230129077123675
2018-04-06,0.394725176068068
2018-04-07,0.3921023912270532
2018-04-08,0.3827604449944933
2018-04-09,0.3681089561534677
2018-04-10,0.38532771635767343
2018-04-11,0.38196784225939445
2018-04-12,0.38374312539169736
2018-04-13,0.3773041508926572
2018-04-14,0.40174326563917845
2018-04-15,0.4008456763680683
2018-04-16,0.4282204576499496
2018-04-17,0.4601127915422224
2018-04-18,0.4824436052223612
2018-04-19,0.4898617289862633
2018-04-20,0.486620130350769
2018-04-21,0.4459625851703834
2018-04-22,0.4749989121468238
2018-04-23,0.4820683767721965
2018-04-24,0.45601732440654014
2018-04-25,0.4637717060051118
2018-04-26,0.46009408725117285
2018-04-27,0.46812267642259364
2018-04-28,0.46973982112042184
2018-04-29,0.46349976947178956
2018-04-30,0.46496844375729995
2018-05-01,0.46695680593198663
2018-05-02,0.4536639776799186
2018-05-03,0.456647411602667
2018-05-04,0.461883564564729
2018-05-05,0.4477170072209468
2018-05-06,0.44731019586289233
2018-05-07,0.45633418749670496
2018-05-08,0.4357922356766065
2018-05-09,0.430840289403902
2018-05-10,0.4140282321478024
2018-05-11,0.4032921655870168
2018-05-12,0.40605832107857054
2018-05-13,0.4015126810175242
2018-05-14,0.37844803532134536
2018-05-15,0.3834679201278015
2018-05-16,0.35608649718362123
2018-05-17,0.34284045861950635
2018-05-18,0.3184368046493596
2018-05-19,0.2965667078191778
2018-05-20,0.279736485074321
2018-05-21,0.27851314118128906
2018-05-22,0.2547110941179891
2018-05-23,0.2616354135209749
2018-05-24,0.2524564761722917
2018-05-25,0.2534917345841923
2018-05-26,0.24186160226323167
2018-05-27,0.24227182956122695
2018-05-28,0.24258522250136627
2018-05-29,0.24315979474381266
2018-05-30,0.2409734456756046
2018-05-31,0.23743056710514915
2018-06-01,0.24902751193984893
2018-06-02,0.27077568356036535
2018-06-03,0.2849712917192714
2018-06-04,0.2952233441353796
2018-06-05,0.3062811033013751
2018-06-06,0.3092455811723423
2018-06-07,0.33532002404534905
2018-06-08,0.34123279040255466
2018-06-09,0.33519842557845314
2018-06-10,0.325195348644068
2018-06-11,0.32906895064087754
2018-06-12,0.32340764907623815
2018-06-13,0.32329288720632565
2018-06-14,0.3211295484797826
2018-06-15,0.3317847236214021
2018-06-16,0.3267970106466608
2018-06-17,0.3299404305493198
2018-06-18,0.3194145713759037
2018-06-19,0.32334688332826234
2018-06-20,0.32640902141196665
2018-06-21,0.3314998012081424
2018-06-22,0.3228450855321728
2018-06-23,0.34450793343288355
2018-06-24,0.35203801736054186
2018-06-25,0.36016398629290636
2018-06-26,0.3608277476973266
2018-06-27,0.358812682990285
2018-06-28,0.365817819645786
2018-06-29,0.34755932118003724
2018-06-30,0.3698130862806132
2018-07-01,0.3784531668893972
2018-07-02,0.36418970281433755
2018-07-03,0.34005462501002576
2018-07-04,0.3773446222160807
2018-07-05,0.3856449273845873
2018-07-06,0.41466708334182406
2018-07-07,0.41435919236771046
2018-07-08,0.4110342814254345
2018-07-09,0.4264529543223758
2018-07-10,0.44461134462734503
2018-07-11,0.41749955141689427
2018-07-12,0.39755388171128725
2018-07-13,0.3993028752936811
2018-07-14,0.3853882013288522
2018-07-15,0.37676740830535344
2018-07-16,0.37826537422523765
2018-07-17,0.40754442487140075
2018-07-18,0.4441561982470884
2018-07-19,0.46970702400458314
2018-07-20,0.4699481121432515
2018-07-21,0.49382681826019287
2018-07-22,0.5053053783901181
2018-07-23,0.4976045208669001
2018-07-24,0.49051473384061844
2018-07-25,0.4978452676904667
2018-07-26,0.5022764978127113
2018-07-27,0.5075503916238716
2018-07-28,0.5341479747373817
2018-07-29,0.5391439867348015
2018-07-30,0.5507522466186858
2018-07-31,0.5477422667140529
2018-08-01,0.5162747826755105
2018-08-02,0.5261708088341565
2018-08-03,0.4662004046407845
2018-08-04,0.4495507963666513
2018-08-05,0.4504856889721202
2018-08-06,0.44583669879359344
2018-08-07,0.43511824743298455
2018-08-08,0.4319998399766594
2018-08-09,0.42825584919128235
2018-08-10,0.4433177493584819
2018-08-11,0.4148302502696204
2018-08-12,0.41512468909541955
2018-08-13,0.4179775194154501
2018-08-14,0.41749203044787236
2018-08-15,0.4212929827718654
2018-08-16,0.42937990142500404
2018-08-17,0.44004563262508356
2018-08-18,0.44337916868932503
2018-08-19,0.4299828304237994
2018-08-20,0.4328379503021896
2018-08-21,0.41596497555477974
2018-08-22,0.4197373261740692
2018-08-23,0.4066829503588553
2018-08-24,0.38142170851703583
2018-08-25,0.39179243827573224
2018-08-26,0.38822968525932533
2018-08-27,0.38848295002632005
2018-08-28,0.3928067085747253
2018-08-29,0.39416028660786673
2018-08-30,0.3887620839740145
2018-08-31,0.39443424634481955
2018-09-01,0.40826464977845994
2018-09-02,0.4231307231903223
2018-09-03,0.4361878028322753
2018-09-04,0.4215476789100032
2018-09-05,0.399757830769603
2018-09-06,0.4078162154145333
2018-09-07,0.4117797505734081
2018-09-08,0.4164675049927081
2018-09-09,0.41661469006443286
2018-09-10,0.41649676962842636
2018-09-11,0.428432015568227
2018-09-12,0.45771579035591076
2018-09-13,0.46516211706094995
2018-09-14,0.4598519527615834
2018-09-15,0.451221393821442
2018-09-16,0.44821956382729894
2018-09-17,0.4406771178546545
2018-09-18,0.42839589842042886
2018-09-19,0.42761438304806804
2018-09-20,0.431153891903349
2018-09-21,0.4474691038649041
2018-09-22,0.46894112503767993
2018-09-23,0.4803434292039875
2018-09-24,0.4903597881417386
2018-09-25,0.5025249813543159
2018-09-26,0.48364916077403564
2018-09-27,0.48162289377588563
2018-09-28,0.46679742834129734
2018-09-29,0.4695215345106331
2018-09-30,0.4653235221689728
2018-10-01,0.4541615558886501
2018-10-02,0.46326332717543
2018-10-03,0.45608001874631554
2018-10-04,0.47716612916351026
2018-10-05,0.4646374066179204
2018-10-06,0.45651338125378604
2018-10-07,0.44812862262552816
2018-10-08,0.4441519872514477
2018-10-09,0.4527907493733675
2018-10-10,0.4446917131230658
2018-10-11,0.44148116445913393
2018-10-12,0.4499681984678909
2018-10-13,0.4459174773337189
2018-10-14,0.45007330529628187
2018-10-15,0.4465210423611935
2018-10-16,0.4719056748281211
2018-10-17,0.49450568438342435
2018-10-18,0.47328311917593957
2018-10-19,0.4446906870642202
2018-10-20,0.432480605106993
2018-10-21,0.4339985985933664
2018-10-22,0.4127793688954536
2018-10-23,0.36866791879022703
2018-10-24,0.4293322921384083
2018-10-25,0.43169089852849996
2018-10-26,0.4249009745892536
2018-10-27,0.42715520513205935
2018-10-28,0.42737223161806204
2018-10-29,0.43680404292366665
2018-10-30,0.439174206124187
2018-10-31,0.4326811222274381
2018-11-01,0.4364234890953668
2018-11-02,0.4516088630379719
2018-11-03,0.45882215592703435
2018-11-04,0.4613440604074535
2018-11-05,0.47117467648866806
2018-11-06,0.49133870279215874
2018-11-07,0.49982726292901947
2018-11-08,0.508854214601079
2018-11-09,0.5068289360615843
2018-11-10,0.48763410723828615
2018-11-11,0.48145471236695525
2018-11-12,0.48594815730789953
2018-11-13,0.4801146378028427
2018-11-14,0.47400226711285764
2018-11-15,0.43872674448874815
2018-11-16,0.43511759431913216
2018-11-17,0.44268597043971436
2018-11-18,0.4480725789059683
2018-11-19,0.45023180062078466
2018-11-20,0.43902080725804116
2018-11-21,0.4408281987950903
2018-11-22,0.446258058369591
2018-11-23,0.42911394537218595
2018-11-24,0.40827533611624617
2018-11-25,0.39986370546504346
2018-11-26,0.40191920140913295
2018-11-27,0.39938469676375227
2018-11-28,0.37805267011122956
2018-11-29,0.3884639032407275
2018-11-30,0.42160323060173654
2018-12-01,0.4161953348852123
2018-12-02,0.41113789072783563
2018-12-03,0.39987863758605086
2018-12-04,0.4097116860008573
2018-12-05,0.38645782199091305
2018-12-06,0.3715393994495093
2018-12-07,0.35208203389926274
2018-12-08,0.36351415441592033
2018-12-09,0.36355723701163023
2018-12-10,0.36789420639088377
2018-12-11,0.34550774476830326
2018-12-12,0.3323885016301606
2018-12-13,0.35860914605148975
2018-12-14,0.37269712002001437
2018-12-15,0.35198188941932285
2018-12-16,0.34204785148415423
2018-12-17,0.3450160982799382
2018-12-18,0.3625372586406306
2018-12-19,0.37517823314028115
2018-12-20,0.3892774529942721
2018-12-21,0.3988579888276169
2018-12-22,0.4167642945305021
2018-12-23,0.4325090406556622
2018-12-24,0.45021502417403914
2018-12-25,0.4512716149543825
2018-12-26,0.4411817747853005
2018-12-27,0.4480571242068174
2018-12-28,0.4564639043446169
2018-12-29,0.46826328439207887
2018-12-30,0.46233595530622895
2018-12-31,0.46252453339572885
2019-01-01,0.4587176321609931
2019-01-02,0.46133903244394736
2019-01-03,0.4512081418951576
2019-01-04,0.4693502496664299
2019-01-05,0.48549598946353556
2019-01-06,0.4792288598978839
2019-01-07,0.47978129611279463
2019-01-08,0.4954177458440554
2019-01-09,0.5134390556338678
2019-01-10,0.5313547849666815
2019-01-11,0.5691100926625832
2019-01-12,0.583399859596164
2019-01-13,0.5941395046435434
2019-01-14,0.5944594526460905
2019-01-15,0.6010339869938385
2019-01-16,0.5956736119185682
2019-01-17,0.5958343075209287
2019-01-18,0.5733964628636632
2019-01-19,0.5369165333803306
2019-01-20,0.5214895388887475
2019-01-21,0.5157440367986253
2019-01-22,0.5136070754962716
2019-01-23,0.5085933431133746
2019-01-24,0.5091927365471971
2019-01-25,0.5242376530601185
2019-01-26,0.5578340800205134
2019-01-27,0.5698387053619354
2019-01-28,0.5704522177299515
2019-01-29,0.5758153223442036
2019-01-30,0.5775003980818125
2019-01-31,0.581799935778529
2019-02-01,0.597236598840752
2019-02-02,0.5943575216478241
2019-02-03,0.5914223387191877
2019-02-04,0.5906761589786893
2019-02-05,0.5852558539419164
2019-02-06,0.5775500785591337
2019-02-07,0.5590763645607159
2019-02-08,0.5145195130522342
2019-02-09,0.5243433184744196
2019-02-10,0.5056672264954203
2019-02-11,0.4977499974028319
2019-02-12,0.4764205101123129
2019-02-13,0.4933198873084189
2019-02-14,0.49271616386461836
2019-02-15,0.4963198627458808
2019-02-16,0.48287214124745687
2019-02-17,0.4979271769850653
2019-02-18,0.5113874787486391
2019-02-19,0.5393434861356936
2019-02-20,0.5621568042541589
2019-02-21,0.5676748252247805
2019-02-22,0.5782700632828675
2019-02-23,0.6114112408201765
2019-02-24,0.6153608634618003
2019-02-25,0.6158980943743321
2019-02-26,0.613249466616292
2019-02-27,0.6057101879190216
2019-02-28,0.5731703598275668
2019-03-01,0.5767418753116005
2019-03-02,0.5735212329632344
2019-03-03,0.5679278071151299
2019-03-04,0.556578570666755
2019-03-05,0.5502985965949454
2019-03-06,0.5523855816198145
2019-03-07,0.5699404509436461
2019-03-08,0.5600503176986482
2019-03-09,0.571060819895972
2019-03-10,0.5823574048544482
2019-03-11,0.578378335923037
2019-03-12,0.5897360170104262
2019-03-13,0.5998362060525623
2019-03-14,0.6007921951951882
2019-03-15,0.6244113758996768
2019-03-16,0.6201933114106083
2019-03-17,0.6250337849850744
2019-03-18,0.6269568057280073
2019-03-19,0.6348617713760516
2019-03-20,0.642514294451923
2019-03-21,0.6233323186329561
2019-03-22,0.6070314970968078
2019-03-23,0.588954848657565
2019-03-24,0.5793478063506539
2019-03-25,0.5682758009645885
2019-03-26,0.5745831559669095
2019-03-27,0.5553977154388534
2019-03-28,0.5564914303491848
2019-03-29,0.5523646742485607
2019-03-30,0.5677722598259539
2019-03-31,0.5742103195623888
2019-04-01,0.5778270854653966
2019-04-02,0.595947584161417
2019-04-03,0.627262758417783
2019-04-04,0.6521270446860772
2019-04-05,0.6460593079854116
2019-04-06,0.6690561378036116
2019-04-07,0.6654813141684601
2019-04-08,0.6605061355190577
2019-04-09,0.6602940724913241
2019-04-10,0.652560712578482
2019-04-11,0.6485071996138193
2019-04-12,0.6277341060383295
2019-04-13,0.6376024304168386
2019-04-14,0.628898491305725
2019-04-15,0.6228241303563136
2019-04-16,0.5993930446165316
2019-04-17,0.5794307795649687
2019-04-18,0.5650708642881058
2019-04-19,0.5467748484789181
2019-04-20,0.5380645380551862
2019-04-21,0.5383731051489558
2019-04-22,0.5337567590657066
2019-04-23,0.540165379544077
2019-04-24,0.5295346406379754
2019-04-25,0.5365345813034506
2019-04-26,0.5454473884378501
2019-04-27,0.5549818710571298
2019-04-28,0.5457770603905822
2019-04-29,0.5402800926663771
2019-04-30,0.5397327457532552
2019-05-01,0.5391392437503459
2019-05-02,0.5383549518293571
2019-05-03,0.4829700796312211
2019-05-04,0.48846744281152865
2019-05-05,0.49784885678171154
2019-05-06,0.4941169761964049
2019-05-07,0.4929697290656538
2019-05-08,0.49673422191776284
2019-05-09,0.5076014798659175
2019-05-10,0.5326397352002094
2019-05-11,0.5604793916716508
2019-05-12,0.595266219232
2019-05-13,0.6233856713434218
2019-05-14,0.6316942931368503
2019-05-15,0.6465952435451923
2019-05-16,0.6578942802821847
2019-05-17,0.6558128922669926
2019-05-18,0.6611721021226804
2019-05-19,0.6636919826026969
2019-05-20,0.6613923491761869
2019-05-21,0.658880323308441
2019-05-22,0.6580170833085065
2019-05-23,0.6703136629283531
2019-05-24,0.6648387287173916
2019-05-25,0.6621282796977157
2019-05-26,0.6547009135216791
2019-05-27,0.6394146282379604
2019-05-28,0.6348283859713628
2019-05-29,0.6140426475088265
2019-05-30,0.5997776338789373
2019-05-31,0.596233970388599
2019-06-01,0.588421279382277
2019-06-02,0.5905475488098162
2019-06-03,0.5880600619460217
2019-06-04,0.5784102598065457
2019-06-05,0.5710532359965901
2019-06-06,0.5663223440131333
2019-06-07,0.5491687713756643
2019-06-08,0.5394440510262912
2019-06-09,0.5131984260755745
2019-06-10,0.4943950580468053
2019-06-11,0.48917043273288485
2019-06-12,0.442433739784919
2019-06-13,0.4360239530737622
2019-06-14,0.4237762877286464
2019-06-15,0.4229082417736649
2019-06-16,0.4179528635718017
2019-06-17,0.41659724368479056
2019-06-18,0.4235541779890206
2019-06-19,0.4518930373812491
2019-06-20,0.45594940595269373
2019-06-21,0.48648365803149857
2019-06-22,0.4842535768185083
2019-06-23,0.5050362461411007
2019-06-24,0.5202160114714349
2019-06-25,0.5342923179446105
2019-06-26,0.5424128270585684
2019-06-27,0.56645905139008
2019-06-28,0.5708243548993803
2019-06-29,0.5738864460340947
2019-06-30,0.5592152719222663
2019-07-01,0.543042562613719
2019-07-02,0.5304217633386431
2019-07-03,0.5247193237699326
2019-07-04,0.5116084952028032
2019-07-05,0.48871893072010514
2019-07-06,0.47217626760466175
2019-07-07,0.47525063863034356
2019-07-08,0.4699446476133511
2019-07-09,0.48022053437702894
2019-07-10,0.4723168563052097
2019-07-11,0.46128895105700146
2019-07-12,0.4709067492561714
2019-07-13,0.48173972795138237
2019-07-14,0.46534245085426196
2019-07-15,0.44926079238584393
2019-07-16,0.4563696284347935
2019-07-17,0.43823953530589416
2019-07-18,0.43729283318441037
2019-07-19,0.4401060817449268
2019-07-20,0.44567413993528304
2019-07-21,0.4401977986910771
2019-07-22,0.4305377603136489
2019-07-23,0.3785576323730618
2019-07-24,0.3679947581286196
2019-07-25,0.36195264202798927
2019-07-26,0.3469210974374158
2019-07-27,0.3280519414010858
2019-07-28,0.3298793458252909
2019-07-29,0.3307328796776819
2019-07-30,0.3370895352004952
2019-07-31,0.34874637234068273
2019-08-01,0.36499263198362
2019-08-02,0.35877672964190793
2019-08-03,0.3603855358105649
2019-08-04,0.37249185180058975
2019-08-05,0.3853408510572866
2019-08-06,0.39436485171084673
2019-08-07,0.4097560644427401
2019-08-08,0.4293128566842288
2019-08-09,0.4436418091847746
2019-08-10,0.43616592416446004
2019-08-11,0.44471249828618187
2019-08-12,0.44022478444077595
2019-08-13,0.42194349035951284
2019-08-14,0.40721796338092364
2019-08-15,0.3995704973327935
2019-08-16,0.40858752042839974
2019-08-17,0.41752383831490736
2019-08-18,0.40603720265677645
2019-08-19,0.4063364421308412
2019-08-20,0.4167367900620788
2019-08-21,0.4250087682560604
2019-08-22,0.434523947667139
2019-08-23,0.4388844109463588
2019-08-24,0.45486532322107587
2019-08-25,0.4592850685204469
2019-08-26,0.46206756164192
2019-08-27,0.4728916098553311
2019-08-28,0.4746351156138912
2019-08-29,0.476974792665522
2019-08-30,0.468348869856544
2019-08-31,0.4714194675582264
2019-09-01,0.46718025975884214
2019-09-02,0.4705910332310782
2019-09-03,0.4845264282135827
2019-09-04,0.4791762509476457
2019-09-05,0.48827311139350615
2019-09-06,0.4608635838142907
2019-09-07,0.47435782887724703
2019-09-08,0.4830286817300428
2019-09-09,0.4811127735382667
2019-09-10,0.4655214584917955
2019-09-11,0.4537319648467436
2019-09-12,0.481556079078215
2019-09-13,0.497976011460042
2019-09-14,0.4933759369515119
2019-09-15,0.48955745215322755
2019-09-16,0.4780623468015811
2019-09-17,0.4769641858628243
2019-09-18,0.4760167477649333
2019-09-19,0.47752656510886715
2019-09-20,0.4750917878499024
2019-09-21,0.45324700093576475
2019-09-22,0.4466653772237791
2019-09-23,0.46016940489650626
2019-09-24,0.4467081830219839
2019-09-25,0.4570517031076897
2019-09-26,0.45995639312103515
2019-09-27,0.4601480363983129
2019-09-28,0.4719510526196285
2019-09-29,0.4815057999418701
2019-09-30,0.48347702407242493
2019-10-01,0.48770637295792374
2019-10-02,0.4790087726643784
2019-10-03,0.476509818757753
2019-10-04,0.4494795240172489
2019-10-05,0.4433681855512118
2019-10-06,0.4490874290224124
2019-10-07,0.43236070705195084
2019-10-08,0.42181428293812295
2019-10-09,0.40898536518358053
2019-10-10,0.42955442250461984
2019-10-11,0.4504441829453301
2019-10-12,0.46191079379154576
2019-10-13,0.46991916039686904
2019-10-14,0.4721290211746184
2019-10-15,0.48192393490947694
2019-10-16,0.48136967350429594
2019-10-17,0.4864753362161383
2019-10-18,0.4898844466159533
2019-10-19,0.4860918836446044
2019-10-20,0.4809419819789573
2019-10-21,0.4876344127825122
2019-10-22,0.49289664249083254
2019-10-23,0.490165016166453
2019-10-24,0.49493000671537757
2019-10-25,0.4798202182536818
2019-10-26,0.5182868562810097
2019-10-27,0.549874922062239
2019-10-28,0.5641648673311905
2019-10-29,0.5677126284491375
2019-10-30,0.5668761156102309
2019-10-31,0.5625939065165138
2019-11-01,0.5753669271360156
2019-11-02,0.5829965166363659
2019-11-03,0.5655473788514236
2019-11-04,0.5541967230180609
2019-11-05,0.5466530564022982
2019-11-06,0.5318935368665176
2019-11-07,0.5304438818384392
2019-11-08,0.5386734962779705
2019-11-09,0.5238621949447232
2019-11-10,0.5239300074429292
2019-11-11,0.5141725975782607
2019-11-12,0.5089444671188432
2019-11-13,0.4955114720614694
2019-11-14,0.4688374349555474
2019-11-15,0.46669352938651165
2019-11-16,0.47468230464659655
2019-11-17,0.4819538669931758
2019-11-18,0.4786875374172699
2019-11-19,0.4603612760818408
2019-11-20,0.4600512532025266
2019-11-21,0.45371269557924704
2019-11-22,0.4527025549228628
2019-11-23,0.46512445643574396
2019-11-24,0.467554083824552
2019-11-25,0.4507132457830184
2019-11-26,0.43459128480374987
2019-11-27,0.4215781666555174
2019-11-28,0.42701679235723145
2019-11-29,0.4180452863877119
2019-11-30,0.40659284791976885
2019-12-01,0.3980346845511765
2019-12-02,0.40109991171813886
2019-12-03,0.4280627720241153
2019-12-04,0.43221692113934285
2019-12-05,0.4425180078886178
2019-12-06,0.4589599439908948
2019-12-07,0.46589241252398506
2019-12-08,0.46493865821453517
2019-12-09,0.45853253160454366
2019-12-10,0.4577157636682116
2019-12-11,0.45705517937310713
2019-12-12,0.4614883055185911
2019-12-13,0.48367599990002086
2019-12-14,0.4962134187257231
2019-12-15,0.4989044926876345
2019-12-16,0.49571310180243894
2019-12-17,0.5007385102856072
2019-12-18,0.4953091430147887
2019-12-19,0.5074000536277854
2019-12-20,0.5100133661660265
2019-12-21,0.5113684349576793
2019-12-22,0.4997972470433305
2019-12-23,0.48195452512362624
2019-12-24,0.4866715115659088
2019-12-25,0.4777847223955505
2019-12-26,0.45450665034403076
2019-12-27,0.4524502177513312
2019-12-28,0.45823290209521306
2019-12-29,0.45653402068438975
2019-12-30,0.45785269970309084
2019-12-31,0.45865611413353347
2020-01-01,0.4569428130392814
2020-01-02,0.46353240894923997
2020-01-03,0.44846565756765655
2020-01-04,0.4547431126598402
2020-01-05,0.4540603342616585
2020-01-06,0.45025491273448737
2020-01-07,0.4621067086372702
2020-01-08,0.4750443866811333
2020-01-09,0.49927954240163114
2020-01-10,0.5163228817066028
2020-01-11,0.5397302067645764
2020-01-12,0.5589811641836193
2020-01-13,0.564494339404298
2020-01-14,0.5611632516043199
2020-01-15,0.5759270001220886
2020-01-16,0.5731577054750466
2020-01-17,0.5684976087999302
2020-01-18,0.5572465878342665
2020-01-19,0.5494981963364197
2020-01-20,0.5591139265948154
2020-01-21,0.5750804493178696
2020-01-22,0.5705887307429248
2020-01-23,0.5511662296685851
2020-01-24,0.5314081557295653
2020-01-25,0.5434855883153153
2020-01-26,0.5481874418366824
2020-01-27,0.5338578870436461
2020-01-28,0.5253518193640045
2020-01-29,0.5401788594851848
2020-01-30,0.5430473371827009
2020-01-31,0.5503865920394665
2020-02-01,0.5602574488020469
2020-02-02,0.5726405410688298
2020-02-03,0.5673233470965677
2020-02-04,0.5733491023221025
2020-02-05,0.5664307621989116
2020-02-06,0.5708772028713822
2020-02-07,0.5657963011476295
2020-02-08,0.5331910699137123
2020-02-09,0.5278024861289582
2020-02-10,0.5222871760431747
2020-02-11,0.5080311047154947
2020-02-12,0.5199348465773947
2020-02-13,0.5300255063069025
2020-02-14,0.5320253313699692
2020-02-15,0.5314789253327041
2020-02-16,0.5317355047331978
2020-02-17,0.5333986375299717
2020-02-18,0.5398604313717366
2020-02-19,0.5277017390676396
2020-02-20,0.5142159541671922
2020-02-21,0.5230574938264726
2020-02-22,0.536639656576213
2020-02-23,0.5318696070083142
2020-02-24,0.5416499694295702
2020-02-25,0.5384104896560128
2020-02-26,0.5449318557671972
2020-02-27,0.5445756259063117
2020-02-28,0.5447046743482008
2020-02-29,0.5397355079897622
2020-03-01,0.5262014877142085
2020-03-02,0.5178151992314681
2020-03-03,0.54063344221675
2020-03-04,0.5457570602340465
2020-03-05,0.5375496342478954
2020-03-06,0.5497570449635585
2020-03-07,0.5549954674938887
2020-03-08,0.5538549442119457
2020-03-09,0.546016513689942
2020-03-10,0.5367976193574591
2020-03-11,0.5275560674666803
2020-03-12,0.5180585016182652
2020-03-13,0.4697374830680396
2020-03-14,0.4895991194257819
2020-03-15,0.46795453921358005
2020-03-16,0.4553949541516966
2020-03-17,0.46105457257250015
2020-03-18,0.4506648105341962
2020-03-19,0.4548074995153401
2020-03-20,0.45524072951956623
2020-03-21,0.441453111235732
2020-03-22,0.4426824930952372
2020-03-23,0.4353938114047214
2020-03-24,0.4484425798598293
2020-03-25,0.4615739973561874
2020-03-26,0.465695047367897
2020-03-27,0.4624143301734512
2020-03-28,0.4476623527254339
2020-03-29,0.43963031229847843
2020-03-30,0.42686266066576867
2020-03-31,0.4285752754527489
2020-04-01,0.42644352788021034
2020-04-02,0.4361080239166927
2020-04-03,0.44207826933311706
2020-04-04,0.4510923812893638
2020-04-05,0.45656672588071
2020-04-06,0.446579278311925
2020-04-07,0.4556710333579498
2020-04-08,0.4606587017872652
2020-04-09,0.46897477423017087
2020-04-10,0.46905822607301045
2020-04-11,0.48284961117616904
2020-04-12,0.4587415598561325
2020-04-13,0.4497744189972138
2020-04-14,0.4372951584349447
2020-04-15,0.46658129045436225
2020-04-16,0.47340036289773463
2020-04-17,0.5321682547672003
2020-04-18,0.571810099105029
2020-04-19,0.5915856311165
2020-04-20,0.595174948676922
2020-04-21,0.5842756990892171
2020-04-22,0.5941766637618079
2020-04-23,0.5940583879187746
2020-04-24,0.5896269837902455
2020-04-25,0.5308432354489612
2020-04-26,0.5402077273656857
2020-04-27,0.5548181423473001
2020-04-28,0.5438957836155247
2020-04-29,0.5839501343915596
2020-04-30,0.6079949928662276
2020-05-01,0.6551636881690013
2020-05-02,0.6346614437726963
2020-05-03,0.6283870300190878
2020-05-04,0.6303818922155211
2020-05-05,0.6500045829508294
2020-05-06,0.6540952140660697
2020-05-07,0.6024158234039179
2020-05-08,0.6103022718304497
2020-05-09,0.5942649890063052
2020-05-10,0.5933383825511581
2020-05-11,0.5853107285696015
2020-05-12,0.5638904724554881
2020-05-13,0.5886681780125611
2020-05-14,0.577203446445621
2020-05-15,0.5981153427644865
2020-05-16,0.6076999443508567
2020-05-17,0.592143874677092
2020-05-18,0.5872312297611743
2020-05-19,0.5658766978609563
2020-05-20,0.5744098070402512
2020-05-21,0.5876808056676344
2020-05-22,0.5766662030813202
2020-05-23,0.5621257511999397
2020-05-24,0.5538952918321586
2020-05-25,0.5329922466716326
2020-05-26,0.5387515703038184
2020-05-27,0.5587399138093359
2020-05-28,0.5635466258282317
2020-05-29,0.5593877153572646
2020-05-30,0.529713782884599
2020-05-31,0.5193025177458579
2020-06-01,0.510886819042708
2020-06-02,0.527367827977067
2020-06-03,0.534970434186558
2020-06-04,0.529447169290917
2020-06-05,0.5229146112906258
2020-06-06,0.537984362714155
2020-06-07,0.5496985636621629
2020-06-08,0.5552158888544945
2020-06-09,0.5476030098992426
2020-06-10,0.5319328888088761
2020-06-11,0.5616619444661117
2020-06-12,0.5516988855147248
2020-06-13,0.5532656370045292
2020-06-14,0.5534484690096166
2020-06-15,0.5544172373526194
2020-06-16,0.5551323797669057
2020-06-17,0.57011661078949
2020-06-18,0.5717184335988684
2020-06-19,0.5549076189441395
2020-06-20,0.5594524557690996
2020-06-21,0.5702504257480494
2020-06-22,0.5615035471213439
2020-06-23,0.5752414894373987
2020-06-24,0.597291730331049
2020-06-25,0.5649275993159508
2020-06-26,0.5687306898365763
2020-06-27,0.5449461732162566
2020-06-28,0.547273650019986
2020-06-29,0.543845354018393
2020-06-30,0.5334061534770235
2020-07-01,0.5047540204513626
2020-07-02,0.49684014311509717
2020-07-03,0.4859925423593484
2020-07-04,0.4825916153067033
2020-07-05,0.48371009642842255
2020-07-06,0.4675096261060557
2020-07-07,0.4962062096767965
2020-07-08,0.483899434511993
2020-07-09,0.48766025474058594
2020-07-10,0.5053441985011852
2020-07-11,0.509226037002985
2020-07-12,0.495948243194275
2020-07-13,0.5035941896887169
2020-07-14,0.5281021229329526
2020-07-15,0.5446581735119732
2020-07-16,0.5459534913755819
2020-07-17,0.5337165193769993
2020-07-18,0.5286770838378072
2020-07-19,0.5482803818989747
2020-07-20,0.5545935819417394
2020-07-21,0.5546432129245089
2020-07-22,0.5617980492017551
2020-07-23,0.562721080639706
2020-07-24,0.5547830007273653
2020-07-25,0.5754013468693014
2020-07-26,0.5747441890288273
2020-07-27,0.5869947049545904
2020-07-28,0.6215670907437119
2020-07-29,0.6211548654441813
2020-07-30,0.6294155613673429
2020-07-31,0.6255423473557575
2020-08-01,0.6251117070668495
2020-08-02,0.6280824183808751
2020-08-03,0.618187027929426
2020-08-04,0.6117134339699645
2020-08-05,0.6018501486121285
2020-08-06,0.6102405025862196
2020-08-07,0.6100496652933125
2020-08-08,0.6079047658979364
2020-08-09,0.6087996645697904
2020-08-10,0.5984814435097466
2020-08-11,0.5943178345194833
2020-08-12,0.586328685745787
2020-08-13,0.594828055271986
2020-08-14,0.5938403228315968
2020-08-15,0.6099513313471789
2020-08-16,0.6199845435615658
2020-08-17,0.6311257836698418
2020-08-18,0.632902867712827
2020-08-19,0.6308807703187953
2020-08-20,0.6312889582994194
2020-08-21,0.6266185041652412
2020-08-22,0.6092522069920774
2020-08-23,0.612196173788549
2020-08-24,0.5943415416228928
2020-08-25,0.5948055617211229
2020-08-26,0.5472003737554961
2020-08-27,0.5255679479561802
2020-08-28,0.5124844458833047
2020-08-29,0.5263597164858146
2020-08-30,0.5291017304701038
2020-08-31,0.5243619735453481
2020-09-01,0.5295295684459465
2020-09-02,0.5473420315656089
2020-09-03,0.5519809716316202
2020-09-04,0.5576147866628273
2020-09-05,0.5686305496402235
2020-09-06,0.5629187960858582
2020-09-07,0.5653597457001515
2020-09-08,0.5717138834749127
2020-09-09,0.5668691352090449
2020-09-10,0.5693245584715901
2020-09-11,0.561959700552193
2020-09-12,0.538431131036488
2020-09-13,0.5259467726403205
2020-09-14,0.5180507692013541
2020-09-15,0.5227593623985394
2020-09-16,0.5207877795801601
2020-09-17,0.5378832115400664
2020-09-18,0.5352555791882341
2020-09-19,0.5422990600937851
2020-09-20,0.5505938568860026
2020-09-21,0.5486730458507916
2020-09-22,0.5165477179166363
2020-09-23,0.5227996787971922
2020-09-24,0.49958168885739884
2020-09-25,0.49942176499152136
2020-09-26,0.49869461374847246
2020-09-27,0.4920436536078664
2020-09-28,0.49165239174951847
2020-09-29,0.49523259486581656
2020-09-30,0.4870945021820366
2020-10-01,0.48848482513272634
2020-10-02,0.4758651778164381
2020-10-03,0.47084191264909053
2020-10-04,0.447876029520914
2020-10-05,0.44846492738490007
2020-10-06,0.45727446641497327
2020-10-07,0.4501362013634616
2020-10-08,0.4675465159374711
2020-10-09,0.48134116034821944
2020-10-10,0.5075155138303447
2020-10-11,0.5081483219412046
2020-10-12,0.5140370441109267
2020-10-13,0.539515167431013
2020-10-14,0.5316360245727455
2020-10-15,0.5146014178391836
2020-10-16,0.5075107878718483
2020-10-17,0.5008367213140068
2020-10-18,0.4864259281328812
2020-10-19,0.4803828176525402
2020-10-20,0.48886326373771705
2020-10-21,0.49131051094180817
2020-10-22,0.5632836083637215
2020-10-23,0.5758997990511757
2020-10-24,0.5958918282511563
2020-10-25,0.6115528147605601
2020-10-26,0.6005845447801936
2020-10-27,0.6166976809514242
2020-10-28,0.6172046406834095
2020-10-29,0.5942704406479626
2020-10-30,0.573706764933914
2020-10-31,0.5616808616309026
2020-11-01,0.5768098734633748
2020-11-02,0.5754808876466181
2020-11-03,0.5627597753585272
2020-11-04,0.5875019234950998
2020-11-05,0.5937954756122021
2020-11-06,0.6377186345618074
2020-11-07,0.6506156324319393
2020-11-08,0.6405895205725308
2020-11-09,0.6451693169654484
2020-11-10,0.6634687103540466
2020-11-11,0.6427349087684923
2020-11-12,0.6440093781259565
2020-11-13,0.6568236516303703
2020-11-14,0.6491838377102643
2020-11-15,0.6307585685446568
2020-11-16,0.622894691434229
2020-11-17,0.6479312112722179
2020-11-18,0.6681959601156193
2020-11-19,0.6746569437988084
2020-11-20,0.6638251458441944
2020-11-21,0.6605120739314894
2020-11-22,0.6657537324171401
2020-11-23,0.6666416165235064
2020-11-24,0.6598585178925119
2020-11-25,0.6565808576071022
2020-11-26,0.6526344942093443
2020-11-27,0.6404977940010749
2020-11-28,0.6430843464499585
2020-11-29,0.652541611258415
2020-11-30,0.6592293123262094
2020-12-01,0.6521562853668069
2020-12-02,0.6620239913242338
2020-12-03,0.6612219782782105
2020-12-04,0.6390625339446787
2020-12-05,0.6327804190190038
2020-12-06,0.6147984798078312
2020-12-07,0.5983226185375551
2020-12-08,0.5932356248520051
2020-12-09,0.5645546971929576
2020-12-10,0.5360649506474239
2020-12-11,0.5278497031582319
2020-12-12,0.5178527985646219
2020-12-13,0.5194388345007771
2020-12-14,0.5374507845918055
2020-12-15,0.548468264763912
2020-12-16,0.5489857153068025
2020-12-17,0.5680533163252302
2020-12-18,0.5809332346911019
2020-12-19,0.5737049294892933
2020-12-20,0.5924689749379155
2020-12-21,0.5904437193454519
2020-12-22,0.5657606993588875
2020-12-23,0.5577408225587595
2020-12-24,0.5561872527284017
2020-12-25,0.5281150361360039
2020-12-26,0.5125151806555434
2020-12-27,0.5044221872604067
2020-12-28,0.5125041688784027
2020-12-29,0.5177195822437703
2020-12-30,0.5274027293605317
2020-12-31,0.5344923019559942
2021-01-01,0.5548403182693438
2021-01-02,0.5660242710396091
2021-01-03,0.5951294574943652
2021-01-04,0.5900735498574265
2021-01-05,0.5956385570603056
2021-01-06,0.5990402299774928
2021-01-07,0.5957738189091977
2021-01-08,0.5870757134515697
2021-01-09,0.5896558204752591
2021-01-10,0.583225640938851
2021-01-11,0.5721118077725024
2021-01-12,0.5506352038218789
2021-01-13,0.5640235221582311
2021-01-14,0.5629960387715998
2021-01-15,0.5744965508140694
2021-01-16,0.5486291411756818
2021-01-17,0.5481389006658457
2021-01-18,0.5346272354573669
2021-01-19,0.5097219000924065
2021-01-20,0.4819956321853225
2021-01-21,0.48576211497838406
2021-01-22,0.4773532199660922
2021-01-23,0.4381407542205266
2021-01-24,0.4562714387967495
2021-01-25,0.47009967350494275
2021-01-26,0.484789942090865
2021-01-27,0.4952797034989433
2021-01-28,0.48619282888979304
2021-01-29,0.4731492485174515
2021-01-30,0.4859176397552494
2021-01-31,0.4767798101626209
2021-02-01,0.49017216826930365
2021-02-02,0.4551538104104167
2021-02-03,0.45646458943781615
2021-02-04,0.4456205575797524
2021-02-05,0.44035712033866936
2021-02-06,0.4181624301329381
2021-02-07,0.42152875402334156
2021-02-08,0.4220681295006724
2021-02-09,0.44289054975024894
2021-02-10,0.48204582974991117
2021-02-11,0.4905478111783101
2021-02-12,0.5060435755694247
2021-02-13,0.5180676641337343
2021-02-14,0.5320319834813638
2021-02-15,0.5465337834503459
2021-02-16,0.538965432710999
2021-02-17,0.5164003595098954
2021-02-18,0.5229020683522279
2021-02-19,0.543973770587133
2021-02-20,0.5517016642998812
2021-02-21,0.5606942764502514
2021-02-22,0.5442986400671403
2021-02-23,0.5414250281038405
2021-02-24,0.5559393387381144
2021-02-25,0.5746644628280071
2021-02-26,0.5627815090308615
2021-02-27,0.5517580228712984
2021-02-28,0.5425710155337745
2021-03-01,0.5202165802462364
2021-03-02,0.5105681801843208
2021-03-03,0.47977890106538146
2021-03-04,0.4780697391105867
2021-03-05,0.4570649171264424
2021-03-06,0.41265493994838065
2021-03-07,0.39089574784402975
2021-03-08,0.40110540543502105
2021-03-09,0.3911117022710069
2021-03-10,0.38133841845044947
2021-03-11,0.37963866780791555
2021-03-12,0.3724914948596715
2021-03-13,0.3607730475478832
2021-03-14,0.3604184204518363
2021-03-15,0.35134446193477503
2021-03-16,0.3528916747317334
2021-03-17,0.3607202947090484
2021-03-18,0.36923544051647594
2021-03-19,0.4023070407177576
2021-03-20,0.40009923487933624
2021-03-21,0.39365927107774046
2021-03-22,0.3958074855130206
2021-03-23,0.3700983994581837
2021-03-24,0.38344345680036784
2021-03-25,0.36437778294074585
2021-03-26,0.3442358282551799
2021-03-27,0.346259878301988
2021-03-28,0.34500401502156963
2021-03-29,0.33749652333242264
2021-03-30,0.3654357511001042
2021-03-31,0.3541897110769318
2021-04-01,0.37553430101413093
2021-04-02,0.3837922955610202
2021-04-03,0.38377736390062833
2021-04-04,0.3846514764717699
2021-04-05,0.39780820529747113
2021-04-06,0.44104918846062513
2021-04-07,0.4676224846511953
2021-04-08,0.45211640574788525
2021-04-09,0.4351567102325535
2021-04-10,0.41130368850871135
2021-04-11,0.4252277248183457
2021-04-12,0.4241130432999086
2021-04-13,0.42622592625108596
2021-04-14,0.431425266179799
2021-04-15,0.41155706838788503
2021-04-16,0.4369978518171611
2021-04-17,0.43333755162257537
2021-04-18,0.42505881045785493
2021-04-19,0.4428971072145249
2021-04-20,0.46142954347896825
2021-04-21,0.45993715625909026
2021-04-22,0.4665812712045406
2021-04-23,0.46128933528904237
2021-04-24,0.4666744880785986
2021-04-25,0.4684258127435732
2021-04-26,0.43943851717290094
2021-04-27,0.44428729127739475
2021-04-28,0.43745621558154163
2021-04-29,0.42935818319720254
2021-04-30,0.4185428294116775
2021-05-01,0.4014074842394129
2021-05-02,0.41005509611451996
2021-05-03,0.4026795490733642
2021-05-04,0.4054763724196127
2021-05-05,0.3890553300782511
2021-05-06,0.40176691989638696
2021-05-07,0.41533386235418224
2021-05-08,0.4270421084824848
2021-05-09,0.43928906774180804
2021-05-10,0.4351474100752067
2021-05-11,0.437556786944118
2021-05-12,0.46451935974621583
2021-05-13,0.4315913482832609
2021-05-14,0.42592741192333317
2021-05-15,0.4442475785871486
2021-05-16,0.41191829735444296
2021-05-17,0.3985548611943034
2021-05-18,0.3782030482275192
2021-05-19,0.33735821238617913
2021-05-20,0.339642709863365
2021-05-21,0.34131793882932576
2021-05-22,0.3398104447034433
2021-05-23,0.3521799985762394
2021-05-24,0.36642255306840926
2021-05-25,0.37133806211190923
2021-05-26,0.3783406723617057
2021-05-27,0.3800599457861276
2021-05-28,0.37365601848697816
2021-05-29,0.3644211835393263
2021-05-30,0.361931000459339
2021-05-31,0.3434447777296664
2021-06-01,0.33860458073918365
2021-06-02,0.3451570886391848
2021-06-03,0.34529955609677265
2021-06-04,0.3272402229201684
2021-06-05,0.3216419560494499
2021-06-06,0.3033459125435217
2021-06-07,0.3039642144732371
2021-06-08,0.3004750464964984
2021-06-09,0.27557387572296405
2021-06-10,0.27191290310971916
2021-06-11,0.2662097456124816
2021-06-12,0.27090981456879526
2021-06-13,0.2719216060982531
2021-06-14,0.2773642678313857
2021-06-15,0.28650198077052735
2021-06-16,0.2687463758312443
2021-06-17,0.2841746541818745
2021-06-18,0.2453872806227329
2021-06-19,0.2377970942799889
2021-06-20,0.23863894046273776
2021-06-21,0.23763621745563868
2021-06-22,0.23904063789476265
2021-06-23,0.241190741455349
2021-06-24,0.25239961280693135
2021-06-25,0.25330543332614486
2021-06-26,0.2706949479741356
2021-06-27,0.28344358870325065
2021-06-28,0.2942485723498225
2021-06-29,0.29279819507176863
2021-06-30,0.30188730152878535
2021-07-01,0.29474733748016596
2021-07-02,0.3011516259805703
2021-07-03,0.3108109812119564
2021-07-04,0.3067465519932191
2021-07-05,0.31023567445311784
2021-07-06,0.30739953592689256
2021-07-07,0.2925756463887227
2021-07-08,0.2757269090025125
2021-07-09,0.2745174105718368
2021-07-10,0.27519939074652244
2021-07-11,0.27019052355198553
2021-07-12,0.2743475014758292
2021-07-13,0.2700637943642856
2021-07-14,0.2720446023012965
2021-07-15,0.27406417675468353
2021-07-16,0.26560495472920287
2021-07-17,0.2680992211055131
2021-07-18,0.2593887853685668
2021-07-19,0.2642026916188497
2021-07-20,0.2851596584870966
2021-07-21,0.3023654744911065
2021-07-22,0.31589399670375823
2021-07-23,0.3088116754628497
2021-07-24,0.30183215939327757
2021-07-25,0.31176765530806905
2021-07-26,0.31087257045602645
2021-07-27,0.3366133329906648
2021-07-28,0.34515484136529473
2021-07-29,0.37726480563126363
2021-07-30,0.4234770016262947
2021-07-31,0.4441863026787711
2021-08-01,0.44793488118133307
2021-08-02,0.45612826359404957
2021-08-03,0.4493072583105452
2021-08-04,0.42187019132794346
2021-08-05,0.4429353025422328
2021-08-06,0.4570650658635372
2021-08-07,0.44754306273492256
2021-08-08,0.4530224659687263
2021-08-09,0.45523803816419933
2021-08-10,0.4712572903569257
2021-08-11,0.48489867049854257
2021-08-12,0.5087767381194321
2021-08-13,0.5013909676543478
2021-08-14,0.5233764206870746
2021-08-15,0.522790017873628
2021-08-16,0.5260149313667902
2021-08-17,0.5372575814928877
2021-08-18,0.5561477282574502
2021-08-19,0.555298416565417
2021-08-20,0.5449826711806607
2021-08-21,0.5464852635865525
2021-08-22,0.5579004949832278
2021-08-23,0.5469413232664865
2021-08-24,0.5517687088573254
2021-08-25,0.5430473827488971
2021-08-26,0.5393896369642391
2021-08-27,0.5233357338781786
2021-08-28,0.49400878825871763
2021-08-29,0.4655618710467462
2021-08-30,0.45008772738142055
2021-08-31,0.4381130392959838
2021-09-01,0.4336071649449546
2021-09-02,0.46985694804426603
2021-09-03,0.5053656684577188
2021-09-04,0.5293426567988803
2021-09-05,0.5337973630122826
2021-09-06,0.5450074618173769
2021-09-07,0.5486999090782672
2021-09-08,0.5444416768109818
2021-09-09,0.5326905345896301
2021-09-10,0.532362682195201
2021-09-11,0.5239558319143294
2021-09-12,0.5134726913166592
2021-09-13,0.5091740428941965
2021-09-14,0.5069691096605661
2021-09-15,0.5013626099134008
2021-09-16,0.5055880531228049
2021-09-17,0.5092311039105999
2021-09-18,0.5020422373126177
2021-09-19,0.4990406896313356
2021-09-20,0.4968317972998566
2021-09-21,0.4927202559907443
2021-09-22,0.50022975767439
2021-09-23,0.49829135586836604
2021-09-24,0.5005716228767775
2021-09-25,0.49012484872059947
2021-09-26,0.48274807127302716
2021-09-27,0.48565589154035765
2021-09-28,0.47980681705010486
2021-09-29,0.4475464524003458
2021-09-30,0.4397565188228161
2021-10-01,0.4477664354148803
2021-10-02,0.4433325274429489
2021-10-03,0.4365228137087727
2021-10-04,0.43205749388830944
2021-10-05,0.4317722416318994
2021-10-06,0.43796705884811193
2021-10-07,0.4547901906522106
2021-10-08,0.46134395835658226
2021-10-09,0.45065032085913287
2021-10-10,0.4515073165694851
2021-10-11,0.44945794135076483
2021-10-12,0.46031508253820635
2021-10-13,0.45269645311159123
2021-10-14,0.4579272351156767
2021-10-15,0.47206689608855457
2021-10-16,0.48869138675381335
2021-10-17,0.4893313041024988
2021-10-18,0.4943458064153632
2021-10-19,0.5111032039932875
2021-10-20,0.5378923791204616
2021-10-21,0.5331941225942911
2021-10-22,0.5273472249306472
2021-10-23,0.5057132258749782
2021-10-24,0.494953565280125
2021-10-25,0.4832753722614551
2021-10-26,0.485316119351299
2021-10-27,0.4869866831839948
2021-10-28,0.4937262338155426
2021-10-29,0.5112262322379073
2021-10-30,0.5144507347531317
2021-10-31,0.5209132021899998
2021-11-01,0.5384091962002724
2021-11-02,0.5341693912891831
2021-11-03,0.5254866588349083
2021-11-04,0.512820204702381
2021-11-05,0.4933969418028282
2021-11-06,0.48853937583354307
2021-11-07,0.4741654207637213
2021-11-08,0.47520630900069494
2021-11-09,0.4825089883796569
2021-11-10,0.49102038228130984
2021-11-11,0.48241561871264227
2021-11-12,0.48345652349008056
2021-11-13,0.46393568459334783
2021-11-14,0.47222438807005823
2021-11-15,0.46136321149992604
2021-11-16,0.44287494085009577
2021-11-17,0.42049440652904635
2021-11-18,0.4055036004809732
2021-11-19,0.3767022541129528
2021-11-20,0.3701368879633846
2021-11-21,0.3605477106617804
2021-11-22,0.3664929389019872
2021-11-23,0.36757721110194763
2021-11-24,0.3510011692392334
2021-11-25,0.34504734579128427
2021-11-26,0.3485610554798909
2021-11-27,0.3351581607007329
2021-11-28,0.33937606368771644
2021-11-29,0.3387925172139429
2021-11-30,0.3343305900729949
2021-12-01,0.31737745640716425
2021-12-02,0.3220840970793539
2021-12-03,0.3174355889204029
2021-12-04,0.3121547031283644
2021-12-05,0.3338027051314979
2021-12-06,0.3459504952273452
2021-12-07,0.36433782404910897
2021-12-08,0.3779172467052615
2021-12-09,0.37438232257965165
2021-12-10,0.3483177662210548
2021-12-11,0.33521705126716217
2021-12-12,0.3120338250769553
2021-12-13,0.30912882237376993
2021-12-14,0.2973553830095419
2021-12-15,0.2961643062064865
2021-12-16,0.3070146482758847
2021-12-17,0.326952572481657
2021-12-18,0.32161854676364554
2021-12-19,0.32596935000895816
2021-12-20,0.3370801796432601
2021-12-21,0.3327412035453186
2021-12-22,0.3337397332487041
2021-12-23,0.34859884980514133
2021-12-24,0.3890781420676812
2021-12-25,0.3868718214306516
2021-12-26,0.3766017397275628
2021-12-27,0.3811979871761467
2021-12-28,0.38985604812947866
2021-12-29,0.3917026647115769
2021-12-30,0.389105339539146
2021-12-31,0.3754865036460077
2022-01-01,0.3810815862340054
2022-01-02,0.38124776392232734
2022-01-03,0.3763195041766664
2022-01-04,0.331833657523659
2022-01-05,0.3245235839774276
2022-01-06,0.335447770845131
2022-01-07,0.3222521510741648
2022-01-08,0.3255985757696298
2022-01-09,0.3361892335866219
2022-01-10,0.3441255635342203
2022-01-11,0.35419779484958275
2022-01-12,0.39266824660994226
2022-01-13,0.3992088764232199
2022-01-14,0.4052860315084702
2022-01-15,0.39913782563580513
2022-01-16,0.4065976499332695
2022-01-17,0.41100033352315835
2022-01-18,0.40593439410151533
2022-01-19,0.3960329638843122
2022-01-20,0.38811019087579546
2022-01-21,0.386356056383288
2022-01-22,0.3990331691852733
2022-01-23,0.4117839122532555
2022-01-24,0.41844129263397556
2022-01-25,0.42832296397241043
2022-01-26,0.4252839011946883
2022-01-27,0.4321091592723957
2022-01-28,0.4079048458317124
2022-01-29,0.3907704261695719
2022-01-30,0.3834808373921529
2022-01-31,0.3712877252863483
2022-02-01,0.3736057801185142
2022-02-02,0.37897100070034107
2022-02-03,0.3930236309129918
2022-02-04,0.40530129545823634
2022-02-05,0.3979946230493435
2022-02-06,0.40568068344993957
2022-02-07,0.40670710153309786
2022-02-08,0.41512061287801777
2022-02-09,0.4090727698033773
2022-02-10,0.41469761928410553
2022-02-11,0.416438791617043
2022-02-12,0.401723520791322
2022-02-13,0.39553076054259195
2022-02-14,0.4037863336209766
2022-02-15,0.38982223106344327
2022-02-16,0.4007949357186299
2022-02-17,0.4271933979716567
2022-02-18,0.418713515911008
2022-02-19,0.41254199674727365
2022-02-20,0.4112525129693728
2022-02-21,0.39341564435924375
2022-02-22,0.3783139679292099
2022-02-23,0.38499272162835174
2022-02-24,0.38941966887598367
2022-02-25,0.36413511211987837
2022-02-26,0.37865779017471923
2022-02-27,0.3785152634874651
2022-02-28,0.39522555739686205
2022-03-01,0.4571042718853945
2022-03-02,0.4636252603998765
2022-03-03,0.4751553944802498
2022-03-04,0.4593400272713838
2022-03-05,0.4426603904893989
2022-03-06,0.4461503214386531
2022-03-07,0.4357379295982629
2022-03-08,0.4001702600619136
2022-03-09,0.39032932754251715
2022-03-10,0.40749081905061957
2022-03-11,0.4106078663149509
2022-03-12,0.3940347027367173
2022-03-13,0.38525591910424706
2022-03-14,0.3883213767561007
2022-03-15,0.39336902207982705
2022-03-16,0.39646409400547655
2022-03-17,0.4268167567973595
2022-03-18,0.44467928740666585
2022-03-19,0.4418938935628962
2022-03-20,0.4553040905457165
2022-03-21,0.4568133926325243
2022-03-22,0.46777979195016894
2022-03-23,0.4809229328655072
2022-03-24,0.4638210210000664
2022-03-25,0.4666793460246216
2022-03-26,0.5142004465985621
2022-03-27,0.4989288156956683
2022-03-28,0.505344546566275
2022-03-29,0.49138668485232545
2022-03-30,0.5062631897513676
2022-03-31,0.5258191993592051
2022-04-01,0.5132181618713156
2022-04-02,0.49936565993363513
2022-04-03,0.5209690542068945
2022-04-04,0.5243281122925477
2022-04-05,0.542167219818627
2022-04-06,0.5553578724100778
2022-04-07,0.5670467462305595
2022-04-08,0.5351069457299816
2022-04-09,0.5249370988863813
2022-04-10,0.5016767070812294
2022-04-11,0.49729108102938036
2022-04-12,0.49066489360077653
2022-04-13,0.49671694302252295
2022-04-14,0.5043627989111443
2022-04-15,0.4706370625080465
2022-04-16,0.4412597069871554
2022-04-17,0.44185478785271215
2022-04-18,0.43864697284377085
2022-04-19,0.42199385109658316
2022-04-20,0.41163605737211445
2022-04-21,0.42766504232241154
2022-04-22,0.4273830222594033
2022-04-23,0.4371000997589513
2022-04-24,0.4345904246494682
2022-04-25,0.429673737984896
2022-04-26,0.42963158186371564
2022-04-27,0.4240640337407775
2022-04-28,0.40900415005109103
2022-04-29,0.3952185163322413
2022-04-30,0.39408561791394314
2022-05-01,0.39330020380203146
2022-05-02,0.3923046127030245
2022-05-03,0.3754161571977296
2022-05-04,0.37172603855290437
2022-05-05,0.3696577126791873
2022-05-06,0.36751845088907464
2022-05-07,0.35424420698580156
2022-05-08,0.3570554731846811
2022-05-09,0.3606878606075407
2022-05-10,0.3511819032582163
2022-05-11,0.3694014560983425
2022-05-12,0.3923133525550686
2022-05-13,0.39246758567439355
2022-05-14,0.39686150217061233
2022-05-15,0.41127867086515646
2022-05-16,0.41754744980947056
2022-05-17,0.40718536409360706
2022-05-18,0.40721279634721474
2022-05-19,0.3986691965008457
2022-05-20,0.378555756394196
2022-05-21,0.3653798127165089
2022-05-22,0.3369577657207494
2022-05-23,0.3272241840351756
2022-05-24,0.34872633208303455
2022-05-25,0.3600721004369258
2022-05-26,0.35469696829001096
2022-05-27,0.3711120864316267
2022-05-28,0.39505620173538053
2022-05-29,0.40119688826659594
2022-05-30,0.3889533666626699
2022-05-31,0.3955474328702946
2022-06-01,0.3931018532021283
2022-06-02,0.3918594982825452
2022-06-03,0.4139534446237679
2022-06-04,0.40377220948746256
2022-06-05,0.4017952617045798
2022-06-06,0.40394767992136976
2022-06-07,0.4165039333900884
2022-06-08,0.40606634803411834
2022-06-09,0.43537578138998423
2022-06-10,0.42515088362284714
2022-06-11,0.37287298255084533
2022-06-12,0.3675563701119152
2022-06-13,0.3729669096012194
2022-06-14,0.3504478529488872
2022-06-15,0.32706792552800834
2022-06-16,0.3510590103186614
2022-06-17,0.3695681095410341
2022-06-18,0.39445158335164465
2022-06-19,0.43268492834564565
2022-06-20,0.44485182072818297
2022-06-21,0.4506490866272188
2022-06-22,0.44564381075933945
2022-06-23,0.44078159899571007
2022-06-24,0.43429550055207294
2022-06-25,0.43175114454863067
2022-06-26,0.4049420557268406
2022-06-27,0.4024801137397662
2022-06-28,0.39825519100823903
2022-06-29,0.3877788487286917
2022-06-30,0.39276454933143373
2022-07-01,0.3971189942455457
2022-07-02,0.4050674182820398
2022-07-03,0.4094421599345234
2022-07-04,0.4158833041199511
2022-07-05,0.409625340949787
2022-07-06,0.40476009759803044
2022-07-07,0.404805799995733
2022-07-08,0.4034507134933791
2022-07-09,0.425606603876351
2022-07-10,0.42967385496943883
2022-07-11,0.42969298936810874
2022-07-12,0.41987345202588855
2022-07-13,0.4058094002970013
2022-07-14,0.377666438563502
2022-07-15,0.37068973704718233
2022-07-16,0.35914418282276933
2022-07-17,0.35062072749718187
2022-07-18,0.335924271295686
2022-07-19,0.35232277544723345
2022-07-20,0.3575346629820149
2022-07-21,0.38974318162286775
2022-07-22,0.39395665323448337
2022-07-23,0.40040999943185607
2022-07-24,0.3997068233191692
2022-07-25,0.41054428840239704
2022-07-26,0.4390068663299881
2022-07-27,0.42254441616325955
2022-07-28,0.4292378381973156
2022-07-29,0.45426012722723125
2022-07-30,0.46283711802069794
2022-07-31,0.44909548727071225
2022-08-01,0.4411843675445474
2022-08-02,0.4405995880854303
2022-08-03,0.438239039489119
2022-08-04,0.4647393397797519
2022-08-05,0.48024323948293823
2022-08-06,0.45981455088901113
2022-08-07,0.4570219563014398
2022-08-08,0.4460828109096203
2022-08-09,0.4515005149070396
2022-08-10,0.46668522949499536
2022-08-11,0.48785157969473103
2022-08-12,0.4924350424117049
2022-08-13,0.5019887323330302
2022-08-14,0.49819859447829784
2022-08-15,0.5257379722621385
2022-08-16,0.5142466331861698
2022-08-17,0.5132184708613585
2022-08-18,0.47569054728067794
2022-08-19,0.44241236483365365
2022-08-20,0.4216217509643073
2022-08-21,0.41555681306536807
2022-08-22,0.4212410839393176
2022-08-23,0.3972570352916892
2022-08-24,0.4008529979035953
2022-08-25,0.40199597027659195
2022-08-26,0.41769396409850784
2022-08-27,0.3910757552185038
2022-08-28,0.38920496122339804
2022-08-29,0.3667025776195373
2022-08-30,0.35339301973580706
2022-08-31,0.3463217612881204
2022-09-01,0.3614386274364798
2022-09-02,0.36170850550583294
2022-09-03,0.34863895172799986
2022-09-04,0.3598772079523539
2022-09-05,0.35449665698806876
2022-09-06,0.3582826494708484
2022-09-07,0.3672514987287055
2022-09-08,0.3682847761434297
2022-09-09,0.37552984977804277
2022-09-10,0.3939570893399428
2022-09-11,0.39582707011380125
2022-09-12,0.42437875540830444
2022-09-13,0.4387442997154439
2022-09-14,0.4074009884764228
2022-09-15,0.4325519012302677
2022-09-16,0.4177867140095448
2022-09-17,0.4226372998527884
2022-09-18,0.42520253126900187
2022-09-19,0.40894348194576147
2022-09-20,0.40750788862508414
2022-09-21,0.409173055085193
2022-09-22,0.3991229392815492
2022-09-23,0.3890189242407744
2022-09-24,0.3869025250667197
2022-09-25,0.38318708422864
2022-09-26,0.39263891665917533
2022-09-27,0.39700717841917954
2022-09-28,0.412059127762309
2022-09-29,0.42049937331706144
2022-09-30,0.42963163656714554
2022-10-01,0.44578037067413223
2022-10-02,0.45016356458474316
2022-10-03,0.44719279015684016
2022-10-04,0.45971717287605535
2022-10-05,0.4581347609907923
2022-10-06,0.4662596108622461
2022-10-07,0.465767154605505
2022-10-08,0.4552300413919141
2022-10-09,0.45612940655176953
2022-10-10,0.45347927048288716
2022-10-11,0.44065186934366035
2022-10-12,0.40079184727288125
2022-10-13,0.3803767303700638
2022-10-14,0.40521284465088525
2022-10-15,0.39717465754423953
2022-10-16,0.4067939298383529
2022-10-17,0.41255247651368676
2022-10-18,0.4205892581287721
2022-10-19,0.42379638986399537
2022-10-20,0.4221557679140119
2022-10-21,0.42426155504290214
2022-10-22,0.4344159213594168
2022-10-23,0.43927616056418295
2022-10-24,0.4484267908437244
2022-10-25,0.4575706335462394
2022-10-26,0.4972615201446804
2022-10-27,0.5680370020669083
2022-10-28,0.561566683283216
2022-10-29,0.548166910594664
2022-10-30,0.5656740941646636
2022-10-31,0.5518679147429032
2022-11-01,0.521656450376079
2022-11-02,0.5294216223542096
2022-11-03,0.5154027470289826
2022-11-04,0.4879752532585756
2022-11-05,0.5205371068077111
2022-11-06,0.5001823861824085
2022-11-07,0.5000242242296542
2022-11-08,0.5449212967811264
2022-11-09,0.5876148466916591
2022-11-10,0.626910758252184
2022-11-11,0.6839918629153774
2022-11-12,0.6911881616384608
2022-11-13,0.6889258040176334
2022-11-14,0.6894564499114892
2022-11-15,0.6936408557249534
2022-11-16,0.6776887467651823
2022-11-17,0.6479222163839704
2022-11-18,0.6278066240348544
2022-11-19,0.6070226138094921
2022-11-20,0.6104840673761136
2022-11-21,0.6018218822370817
2022-11-22,0.5917923645556398
2022-11-23,0.572577730311304
2022-11-24,0.5764711799379216
2022-11-25,0.5762652251296947
2022-11-26,0.5434912910603699
2022-11-27,0.5300960496352954
2022-11-28,0.5170197889715146
2022-11-29,0.4916545555053025
2022-11-30,0.49288150926737306
2022-12-01,0.4952335198619907
2022-12-02,0.5013891855004655
2022-12-03,0.511562849927619
2022-12-04,0.5108216965544767
2022-12-05,0.5086421067100687
2022-12-06,0.5163929000989051
2022-12-07,0.5136402372663849
2022-12-08,0.5027062305001708
2022-12-09,0.46966964368702635
2022-12-10,0.44748074829546336
2022-12-11,0.43094900688016047
2022-12-12,0.4187845390150855
2022-12-13,0.4237213212306882
2022-12-14,0.4254907516584328
2022-12-15,0.4150906829394681
2022-12-16,0.39504444879366285
2022-12-17,0.4162324044283373
2022-12-18,0.4410228765008338
2022-12-19,0.46962418329216776
2022-12-20,0.5001277332297588
2022-12-21,0.5167728901660876
2022-12-22,0.510347361744427
2022-12-23,0.5135656743949875
2022-12-24,0.49556243369332653
2022-12-25,0.4824677863243568
2022-12-26,0.48545140654005897
2022-12-27,0.47753385203054666
2022-12-28,0.4675674736742824
2022-12-29,0.47445460393066696
2022-12-30,0.4839604941116122
2022-12-31,0.49012069804183206
2023-01-01,0.4902303628284817
2023-01-02,0.4775327924677914
2023-01-03,0.47733317801915864
2023-01-04,0.4282698057940646
2023-01-05,0.44250056699610774
2023-01-06,0.4463942960969742
2023-01-07,0.48088413869830937
2023-01-08,0.4824374925852174
2023-01-09,0.4914655280648006
2023-01-10,0.5270586307319799
2023-01-11,0.5394168766665417
2023-01-12,0.5452373065284464
2023-01-13,0.5583203885734812
2023-01-14,0.5660965174204939
2023-01-15,0.5895136297692918
2023-01-16,0.5803664034128924
2023-01-17,0.580129635829076
2023-01-18,0.5919587133315101
2023-01-19,0.6033466405213035
2023-01-20,0.5952432602842165
2023-01-21,0.6194259945649992
2023-01-22,0.618205182353883
2023-01-23,0.6237318505130367
2023-01-24,0.6254067338905132
2023-01-25,0.6299233914049741
2023-01-26,0.6403631041969591
2023-01-27,0.6442218403401647
2023-01-28,0.6407203483830386
2023-01-29,0.6334389852161613
2023-01-30,0.6314378931443407
2023-01-31,0.6285716770294458
2023-02-01,0.6383604009762072
2023-02-02,0.6406577985741311
2023-02-03,0.6419743422757629
2023-02-04,0.6331982793763202
2023-02-05,0.6349260985384815
2023-02-06,0.63072915705586
2023-02-07,0.6266745231896641
2023-02-08,0.6217689863282294
2023-02-09,0.5788726862989264
2023-02-10,0.5690069081075876
2023-02-11,0.5501114307646641
2023-02-12,0.5330897769915116
2023-02-13,0.5207459351541647
2023-02-14,0.48010352769438164
2023-02-15,0.46738500403976174
2023-02-16,0.4591291920426706
2023-02-17,0.4413474504121235
2023-02-18,0.4518114278432727
2023-02-19,0.4667717114058
2023-02-20,0.4604453483723851
2023-02-21,0.46550976729363835
2023-02-22,0.45347365160389264
2023-02-23,0.4438213523538968
2023-02-24,0.4236503109304586
2023-02-25,0.4042916892988456
2023-02-26,0.39511458571990704
2023-02-27,0.3989621605206083
2023-02-28,0.41779596216149834
2023-03-01,0.4107136743497814
2023-03-02,0.4318643292977587
2023-03-03,0.4186973075789105
2023-03-04,0.426692339643937
2023-03-05,0.41953072644280354
2023-03-06,0.417189880270247
2023-03-07,0.4038521075317989
2023-03-08,0.41750604843112066
2023-03-09,0.42561411067718313
2023-03-10,0.4230691286766153
2023-03-11,0.44510553842481576
2023-03-12,0.49261095949481915
2023-03-13,0.5265195045939719
2023-03-14,0.5503384944425369
2023-03-15,0.5522425998287388
2023-03-16,0.5433328703441878
2023-03-17,0.5534324574286256
2023-03-18,0.5664523403868007
2023-03-19,0.5636198100499645
2023-03-20,0.5583943174803455
2023-03-21,0.5679883455235526
2023-03-22,0.5686421017887848
2023-03-23,0.5711617258770602
2023-03-24,0.5951655014280571
2023-03-25,0.5682624818027765
2023-03-26,0.5647004556522739
2023-03-27,0.5617406261812001
2023-03-28,0.5627353055284736
2023-03-29,0.5568352180848308
2023-03-30,0.5503918246944057
2023-03-31,0.5470638240686783
2023-04-01,0.5446978956621784
2023-04-02,0.5498920117663286
2023-04-03,0.5416412821088739
2023-04-04,0.5369454683664877
2023-04-05,0.5461737230437792
2023-04-06,0.5628551004720039
2023-04-07,0.5492075240199067
2023-04-08,0.5574356579918518
2023-04-09,0.5501735664597313
2023-04-10,0.5357088008502138
2023-04-11,0.485853105858975
2023-04-12,0.47084197737659506
2023-04-13,0.47200374541413176
2023-04-14,0.4859742347459158
2023-04-15,0.4709562094313941
2023-04-16,0.47385626133163916
2023-04-17,0.4783089737261423
2023-04-18,0.4764160317812532
2023-04-19,0.471227881278244
2023-04-20,0.46064578207369056
2023-04-21,0.4419533338793062
2023-04-22,0.4098273539318429
2023-04-23,0.41764322388377734
2023-04-24,0.43288219889039153
2023-04-25,0.4629937594445989
2023-04-26,0.45267415624931995
2023-04-27,0.462230748927175
2023-04-28,0.48497146794655577
2023-04-29,0.4885769028121192
2023-04-30,0.48182595088265295
2023-05-01,0.4969640844191717
2023-05-02,0.4886362263255943
2023-05-03,0.48432593664855234
2023-05-04,0.4856998712100839
2023-05-05,0.4764094029468442
2023-05-06,0.49954824730026026
2023-05-07,0.5193332331385825
2023-05-08,0.5339849110972521
2023-05-09,0.5322268872843708
2023-05-10,0.5342205056158739
2023-05-11,0.546153608067498
2023-05-12,0.5045024896749618
2023-05-13,0.4854319543880974
2023-05-14,0.47636771182853954
2023-05-15,0.46409161099802326
2023-05-16,0.4817630359945103
2023-05-17,0.4823314890758786
2023-05-18,0.4667245416266995
2023-05-19,0.460095140718326
2023-05-20,0.45029657581016114
2023-05-21,0.4532179789173127
2023-05-22,0.44973185480442873
2023-05-23,0.44508652489410844
2023-05-24,0.43511724692949894
2023-05-25,0.438689463839666
2023-05-26,0.4316670425289308
2023-05-27,0.44085661976675755
2023-05-28,0.44166815390366854
2023-05-29,0.4594643009372875
2023-05-30,0.4674464964890285
2023-05-31,0.4666330731598539
2023-06-01,0.45999533466147235
2023-06-02,0.48317335051474014
2023-06-03,0.4799339790524721
2023-06-04,0.48550500979174943
2023-06-05,0.47820894658898977
2023-06-06,0.4728080175676184
2023-06-07,0.49467326158011005
2023-06-08,0.5147765142414933
2023-06-09,0.5308897346027226
2023-06-10,0.5206866258543714
2023-06-11,0.5265045689087164
2023-06-12,0.5198175995346411
2023-06-13,0.5175249115999618
2023-06-14,0.5191794168985204
2023-06-15,0.4946642956403464
2023-06-16,0.49773696809432544
2023-06-17,0.533506903838137
2023-06-18,0.5202334009130241
2023-06-19,0.5240082007836283
2023-06-20,0.5252931513721149
2023-06-21,0.5430541769978774
2023-06-22,0.5637850225485666
2023-06-23,0.5760838719827213
2023-06-24,0.5774785442927439
2023-06-25,0.5753137078771778
2023-06-26,0.5700737314643052
2023-06-27,0.5725270219211169
2023-06-28,0.5642019731676731
2023-06-29,0.5255762199728944
2023-06-30,0.5058611448593786
2023-07-01,0.5118495800215491
2023-07-02,0.5084117348708104
2023-07-03,0.4940041229976143
2023-07-04,0.47664542905280777
2023-07-05,0.4731809152390685
2023-07-06,0.460203264092521
2023-07-07,0.4412443407347901
2023-07-08,0.44146376799156345
2023-07-09,0.449206034672831
2023-07-10,0.4733279839910863
2023-07-11,0.4682072101317571
2023-07-12,0.4734262078328249
2023-07-13,0.5039378249718588
2023-07-14,0.5335147586349442
2023-07-15,0.5490486001841792
2023-07-16,0.5477735524360167
2023-07-17,0.5395612579500033
2023-07-18,0.5376350413601629
2023-07-19,0.5435794313709768
2023-07-20,0.5315920245367074
2023-07-21,0.5200236685752502
2023-07-22,0.46328712877615574
2023-07-23,0.43607926085228665
2023-07-24,0.4369250913211028
2023-07-25,0.4360403825836747
2023-07-26,0.43689008230097565
2023-07-27,0.427112073347651
2023-07-28,0.4211893058219289
2023-07-29,0.4548371345482348
2023-07-30,0.4734170172376989
2023-07-31,0.48557851896170035
2023-08-01,0.4839144338558795
2023-08-02,0.48147560370595444
2023-08-03,0.47159851340303716
2023-08-04,0.47686795633919293
2023-08-05,0.5080250606620975
2023-08-06,0.4979557932411952
2023-08-07,0.5069071229709824
2023-08-08,0.47455256518033284
2023-08-09,0.4347304063520108
2023-08-10,0.42910378893928125
2023-08-11,0.40660756029591205
2023-08-12,0.3952965340054394
2023-08-13,0.38940275250453416
2023-08-14,0.3697599401175489
2023-08-15,0.37530652304663004
2023-08-16,0.3850838504454521
2023-08-17,0.37112178169229704
2023-08-18,0.38869227399625295
2023-08-19,0.4116522705888175
2023-08-20,0.419081012444199
2023-08-21,0.44499281831200144
2023-08-22,0.46777595158087704
2023-08-23,0.4554696796382619
2023-08-24,0.4569317424161054
2023-08-25,0.4331922700392846
2023-08-26,0.41245447106392163
2023-08-27,0.41588750553449905
2023-08-28,0.39899418617486276
2023-08-29,0.37946706409641456
2023-08-30,0.4102483563188809
2023-08-31,0.43392265503864674
2023-09-01,0.4316030962989803
2023-09-02,0.42201538307586606
2023-09-03,0.42379817413435594
2023-09-04,0.44910505728199857
2023-09-05,0.44745638645144037
2023-09-06,0.4197664598681446
2023-09-07,0.43151135548380437
2023-09-08,0.43132815318872675
2023-09-09,0.42068432104886544
2023-09-10,0.42234627522773993
2023-09-11,0.423512317369986
2023-09-12,0.4365201807924254
2023-09-13,0.4733477628493805
2023-09-14,0.4822028884230528
2023-09-15,0.4836785272787118
2023-09-16,0.505241809862964
2023-09-17,0.4755847398181815
2023-09-18,0.4568866813778743
2023-09-19,0.4569742301189
2023-09-20,0.44240783372965387
2023-09-21,0.44862346642057926
2023-09-22,0.430724002672921
2023-09-23,0.4125675910680151
2023-09-24,0.42738651107008696
2023-09-25,0.4368101598701504
2023-09-26,0.42086928240521293
2023-09-27,0.4094533363984795
2023-09-28,0.3994086581873123
2023-09-29,0.3641061895161125
2023-09-30,0.3579004300311103
2023-10-01,0.3304080736949536
2023-10-02,0.3357152484294189
2023-10-03,0.3393495617014702
2023-10-04,0.34467115266998927
2023-10-05,0.3583566424363427
2023-10-06,0.38080394056839467
2023-10-07,0.39833859986227493
2023-10-08,0.41511745014558843
2023-10-09,0.4235258847812395
2023-10-10,0.4187140233305343
2023-10-11,0.42907534829255534
2023-10-12,0.40227086604244594
2023-10-13,0.37774460758814565
2023-10-14,0.36277973538020064
2023-10-15,0.36840490094907635
2023-10-16,0.3685129697291748
2023-10-17,0.39695454054105034
2023-10-18,0.4088191045400632
2023-10-19,0.39945832229081685
2023-10-20,0.41375325664956064
2023-10-21,0.42309761194386253
2023-10-22,0.4272239942955718
2023-10-23,0.4449287162987501
2023-10-24,0.4713322263347128
2023-10-25,0.47126927726580314
2023-10-26,0.4865967070515776
2023-10-27,0.5041289848987152
2023-10-28,0.5470336468066459
2023-10-29,0.5743896565633761
2023-10-30,0.5815385928225709
2023-10-31,0.5810057873862704
2023-11-01,0.5646709510814295
2023-11-02,0.5799981358735853
2023-11-03,0.6077512207170894
2023-11-04,0.6313651661292308
2023-11-05,0.6306781626009212
2023-11-06,0.6271873412038933
2023-11-07,0.6202772165491507
2023-11-08,0.6019213420771705
2023-11-09,0.6058160804237669
2023-11-10,0.6142222803160191
2023-11-11,0.6017793832830143
2023-11-12,0.6086786323071173
2023-11-13,0.608964521065879
2023-11-14,0.6072593491813976
2023-11-15,0.6353450527969193
2023-11-16,0.6326728363115405
2023-11-17,0.6146933614869454
2023-11-18,0.6227710559230752
2023-11-19,0.6016351042730612
2023-11-20,0.5875571172572667
2023-11-21,0.5839364912637386
2023-11-22,0.5705158479045435
2023-11-23,0.5631456297326496
2023-11-24,0.5330633519458099
2023-11-25,0.5367993234467916
2023-11-26,0.5310386822809855
2023-11-27,0.5339846186057783
2023-11-28,0.517754234235076
2023-11-29,0.5122057151940497
2023-11-30,0.5012735379691196
2023-12-01,0.5063057892087345
2023-12-02,0.5105782098104521
2023-12-03,0.506080684031351
2023-12-04,0.5054501672034664
2023-12-05,0.5100081849794825
2023-12-06,0.5025705404096223
2023-12-07,0.4820563815509611
2023-12-08,0.47560311870174754
2023-12-09,0.4743421752890622
2023-12-10,0.4627245948204105
2023-12-11,0.47427431141060417
2023-12-12,0.46426776112975887
2023-12-13,0.46466342245106007
2023-12-14,0.45920366996713025
2023-12-15,0.469136724531579
2023-12-16,0.45575040914779963
2023-12-17,0.4624503195016888
2023-12-18,0.45504288794103037
2023-12-19,0.46293207730808683
2023-12-20,0.4622746216546504
2023-12-21,0.45075897628327155
2023-12-22,0.45552316736336407
2023-12-23,0.46613456885388954
2023-12-24,0.46932775698547213
2023-12-25,0.47298431783061623
2023-12-26,0.45960980315184785
2023-12-27,0.4474161607380732
2023-12-28,0.46183737710202677
2023-12-29,0.44529461598535547
2023-12-30,0.45257315221959704
2023-12-31,0.4504322331741992
2024-01-01,0.45590433283074083
2024-01-02,0.4552700592086377
2024-01-03,0.45333825303609987
2024-01-04,0.4322578399771978
2024-01-05,0.4445763577410783
2024-01-06,0.46251897026753686
2024-01-07,0.46719032480267675
2024-01-08,0.4720700885557102
2024-01-09,0.4753845416131828
2024-01-10,0.46799518495332404
2024-01-11,0.4637016233638248
2024-01-12,0.4742512605249585
2024-01-13,0.4728517363788609
2024-01-14,0.47484481343462653
2024-01-15,0.4797310317712213
2024-01-16,0.47748257363792723
2024-01-17,0.4666507209546225
2024-01-18,0.4109020782977487
2024-01-19,0.40574627788387296
2024-01-20,0.40011068886530243
2024-01-21,0.37835069769211466
2024-01-22,0.3636467844930277
2024-01-23,0.3577237936645753
2024-01-24,0.3424930229890815
2024-01-25,0.36662704905384114
2024-01-26,0.3482770363374499
2024-01-27,0.3543031171229588
2024-01-28,0.3665244655427853
2024-01-29,0.3857614244131862
2024-01-30,0.3850998800351896
2024-01-31,0.3894551680559605
2024-02-01,0.4041346431780433
2024-02-02,0.4286949870033989
2024-02-03,0.41318852933149103
2024-02-04,0.39974507463370745
2024-02-05,0.37949433923488063
2024-02-06,0.34841437085230176
2024-02-07,0.34325332421704147
2024-02-08,0.34975495160145054
2024-02-09,0.33996243949762395
2024-02-10,0.36834957534367474
2024-02-11,0.37133393525884784
2024-02-12,0.38073885901905424
2024-02-13,0.39843480748692706
2024-02-14,0.3824424312382875
2024-02-15,0.42323968316314253
2024-02-16,0.453765587387544
2024-02-17,0.46025284731990135
2024-02-18,0.46755154343193467
2024-02-19,0.47166566979319197
2024-02-20,0.4795736278037273
2024-02-21,0.4828223925218344
2024-02-22,0.46753300429449385
2024-02-23,0.4694616257592662
2024-02-24,0.46938938203980574
2024-02-25,0.48640081044125333
2024-02-26,0.48633602199878545
2024-02-27,0.49507261329631863
2024-02-28,0.48676112477932687
2024-02-29,0.5189984079414827
2024-03-01,0.5079186367827603
2024-03-02,0.5124845499118351
2024-03-03,0.5032768876585382
2024-03-04,0.49758075624185044
2024-03-05,0.5097056193838576
2024-03-06,0.539082264871059
2024-03-07,0.5722797808408887
2024-03-08,0.5706638070874672
2024-03-09,0.5750465845522218
2024-03-10,0.5798934109234095
2024-03-11,0.5790875940795182
2024-03-12,0.5764373562961558
2024-03-13,0.5635078838472721
2024-03-14,0.5599064105590834
2024-03-15,0.5598532080539834
2024-03-16,0.556727502315389
2024-03-17,0.5470487522783716
2024-03-18,0.5533218022593385
2024-03-19,0.5416156315914125
2024-03-20,0.5209133802474692
2024-03-21,0.5215309572851574
2024-03-22,0.5144741664662591
2024-03-23,0.5032385956601508
2024-03-24,0.5035961529817861
2024-03-25,0.4918768394805354
2024-03-26,0.494330595090281
2024-03-27,0.4693850698189984
2024-03-28,0.4516652598782282
2024-03-29,0.4645580459962457
2024-03-30,0.4298112845112403
2024-03-31,0.40882430298082684
2024-04-01,0.39201525872253884
2024-04-02,0.37040081113211837
2024-04-03,0.37543774141491043
2024-04-04,0.37203432001441755
2024-04-05,0.3641872153413064
2024-04-06,0.35724614586216746
2024-04-07,0.3672676758810737
2024-04-08,0.3669606317359417
2024-04-09,0.36904886463100167
2024-04-10,0.3679957100583822
2024-04-11,0.35643071854194136
2024-04-12,0.3674933791262687
2024-04-13,0.3619572832234313
2024-04-14,0.3807993723091698
2024-04-15,0.38199057461042524
2024-04-16,0.3749495056371285
2024-04-17,0.3770664269113944
2024-04-18,0.3810050243796083
2024-04-19,0.38265249608093826
2024-04-20,0.3879321236828661
2024-04-21,0.36360777664606736
2024-04-22,0.3534961543471235
2024-04-23,0.35318726148954543
2024-04-24,0.34112607548512
2024-04-25,0.32623708725260847
2024-04-26,0.3363730654329344
2024-04-27,0.33620336281720226
2024-04-28,0.3367558626809355
2024-04-29,0.3422971151058446
2024-04-30,0.35717278807923153
2024-05-01,0.38081143442108145
2024-05-02,0.3686649328879683
2024-05-03,0.361951535549433
2024-05-04,0.369013759833805
2024-05-05,0.36575624330081796
2024-05-06,0.3629747102166753
2024-05-07,0.3705253210846824
2024-05-08,0.34931829390772795
2024-05-09,0.33428411275007536
2024-05-10,0.3574442813508945
2024-05-11,0.3497169051086838
2024-05-12,0.3461849654374076
2024-05-13,0.34297744265811725
2024-05-14,0.3447020506351654
2024-05-15,0.33483691450442743
2024-05-16,0.38110186745770575
2024-05-17,0.37565521801072915
2024-05-18,0.37897099462858586
2024-05-19,0.37903897931613506
2024-05-20,0.38462973640014103
2024-05-21,0.40333863002318876
2024-05-22,0.40977302177381714
2024-05-23,0.3979667299766056
2024-05-24,0.4166102577807854
2024-05-25,0.4331583666149784
2024-05-26,0.4322512182403621
2024-05-27,0.4342521186497271
2024-05-28,0.41666841642111874
2024-05-29,0.41067750916643264
2024-05-30,0.3833567148352258
2024-05-31,0.3929195632322536
2024-06-01,0.38255631325770334
2024-06-02,0.3799239394606008
2024-06-03,0.36886330399114003
2024-06-04,0.3599381229700643
2024-06-05,0.3520500211746597
2024-06-06,0.3504907509039952
2024-06-07,0.3674851671232371
2024-06-08,0.362077765577678
2024-06-09,0.3748905723435922
2024-06-10,0.3974107254808218
2024-06-11,0.39470451705864623
2024-06-12,0.4019859765550643
2024-06-13,0.42116948071241206
2024-06-14,0.42851678480453925
2024-06-15,0.41441026190827057
2024-06-16,0.38785498242763633
2024-06-17,0.37281892469119193
2024-06-18,0.38343351809068826
2024-06-19,0.362658699512309
2024-06-20,0.3477213435442494
2024-06-21,0.3477181470082747
2024-06-22,0.3535794105590582
2024-06-23,0.3470230082577648
2024-06-24,0.3434921400172929
2024-06-25,0.35009387517802354
2024-06-26,0.35503753560955237
2024-06-27,0.3554991785077956
2024-06-28,0.36071978972962393
2024-06-29,0.38416729242919667
2024-06-30,0.3981336992309342
2024-07-01,0.4198131333512418
2024-07-02,0.4307158073561632
2024-07-03,0.4330294460584424
2024-07-04,0.43932135724844557
2024-07-05,0.4400086418469026
2024-07-06,0.46166566423576816
2024-07-07,0.47146952533463027
2024-07-08,0.4602637122112762
2024-07-09,0.43719926879309184
2024-07-10,0.41944951757780974
2024-07-11,0.44818917754934334
2024-07-12,0.46030256884724
2024-07-13,0.4518147835494286
2024-07-14,0.4392094371720241
2024-07-15,0.4467475406540539
2024-07-16,0.45871328906890596
2024-07-17,0.46791909683999255
2024-07-18,0.47872024521911677
2024-07-19,0.4723693632967535
2024-07-20,0.4835308525807641
2024-07-21,0.4916526411280785
2024-07-22,0.48340841376389365
2024-07-23,0.491688555567062
2024-07-24,0.4876484352921931
2024-07-25,0.46200682700131324
2024-07-26,0.4884709262509874
2024-07-27,0.4987673439476969
2024-07-28,0.5117681648725317
2024-07-29,0.5057077384543356
2024-07-30,0.49576873625134144
2024-07-31,0.4748955854468292
2024-08-01,0.48555560089450417
2024-08-02,0.46572929022485043
2024-08-03,0.44961501412232596
2024-08-04,0.43433516311237513
2024-08-05,0.44318442320351387
2024-08-06,0.4433230116216058
2024-08-07,0.4599573846989578
2024-08-08,0.46513616381483597
2024-08-09,0.4843923683569322
2024-08-10,0.48351380570332836
2024-08-11,0.4755247849288081
2024-08-12,0.4703680448911231
2024-08-13,0.4359013980205213
2024-08-14,0.4239535207198211
2024-08-15,0.44525081970469993
2024-08-16,0.44703932898461296
2024-08-17,0.4628945336503748
2024-08-18,0.46488313828352856
2024-08-19,0.4356483219192575
2024-08-20,0.44723762763219255
2024-08-21,0.45677717304459314
2024-08-22,0.45554999715205496
2024-08-23,0.4453431220928936
2024-08-24,0.4766895552172856
2024-08-25,0.46848403719956966
2024-08-26,0.4634225187296635
2024-08-27,0.4510589791973164
2024-08-28,0.4549199729684691
2024-08-29,0.45773516184692087
2024-08-30,0.446042391418033
2024-08-31,0.44191332836041014
2024-09-01,0.4329468942784156
2024-09-02,0.44099234136956994
2024-09-03,0.44562805510940356
2024-09-04,0.41575425356134216
2024-09-05,0.4068731263552226
2024-09-06,0.3992084550260735
2024-09-07,0.4032371361391356
2024-09-08,0.4081820778411802
2024-09-09,0.41238237179919096
2024-09-10,0.423136649281718
2024-09-11,0.4144513763740043
2024-09-12,0.4815261977942922
2024-09-13,0.5078134099638643
2024-09-14,0.5170773717865071
2024-09-15,0.5236446916097766
2024-09-16,0.5134409024836596
2024-09-17,0.5189309253903375
2024-09-18,0.5352607574201105
2024-09-19,0.5346312940462031
2024-09-20,0.5424901347272296
2024-09-21,0.5430600574474159
2024-09-22,0.5506357732550594
2024-09-23,0.5511677675453179
2024-09-24,0.5686957389516165
2024-09-25,0.5574457172190551
2024-09-26,0.5402761934353397
2024-09-27,0.5599392974195174
2024-09-28,0.5541765295711426
2024-09-29,0.5441784330048716
2024-09-30,0.5413424980769368
2024-10-01,0.5461394763573653
2024-10-02,0.5476892960082774
2024-10-03,0.5735154473653409
2024-10-04,0.548046365306878
2024-10-05,0.5413712106170758
2024-10-06,0.5478408449348114
2024-10-07,0.5363196973061195
2024-10-08,0.5210568676744496
2024-10-09,0.5130900045071524
2024-10-10,0.49707803985345783
2024-10-11,0.4832627930344717
2024-10-12,0.46264708430352747
2024-10-13,0.4584714934758114
2024-10-14,0.4552690896878684
2024-10-15,0.45913968811035233
2024-10-16,0.43989629185407503
2024-10-17,0.44010455132034587
2024-10-18,0.4334824177692562
2024-10-19,0.4405053533532724
2024-10-20,0.4386595663637845
2024-10-21,0.44399345162617676
2024-10-22,0.43583643235019803
2024-10-23,0.4229702716509276
2024-10-24,0.4148837603330971
2024-10-25,0.40653794195516113
2024-10-26,0.4334204587637076
2024-10-27,0.43993463377071024
2024-10-28,0.4441499048191802
2024-10-29,0.4594836780892501
2024-10-30,0.4874572328846227
2024-10-31,0.4969930449887867
2024-11-01,0.4883655204876696
2024-11-02,0.4831432919832016
2024-11-03,0.47980513463861213
2024-11-04,0.49292029072765076
2024-11-05,0.4890441509491955
2024-11-06,0.483189952922805
2024-11-07,0.5098051530244951
2024-11-08,0.5541818924459614
2024-11-09,0.5642196022435226
2024-11-10,0.5593101282509909
2024-11-11,0.5778359631111087
2024-11-12,0.5893165986617237
2024-11-13,0.5832621384943124
2024-11-14,0.589453790289872
2024-11-15,0.587254796298507
2024-11-16,0.5983559321050091
2024-11-17,0.5990535537080949
2024-11-18,0.5871966898853822
2024-11-19,0.5900554737078092
2024-11-20,0.5832666860407931
2024-11-21,0.5857680075653978
2024-11-22,0.5917450944870621
2024-11-23,0.5899534925446397
2024-11-24,0.595524144327878
2024-11-25,0.5842746702292176
2024-11-26,0.5873805797092548
2024-11-27,0.5853296125554307
2024-11-28,0.6028931505905539
2024-11-29,0.5926463317397279
2024-11-30,0.5979628499037675
2024-12-01,0.587485812205223
2024-12-02,0.5801605812751405
2024-12-03,0.5717992540350245
2024-12-04,0.5720042794336213
2024-12-05,0.5809546199173632
2024-12-06,0.6113279297809096
2024-12-07,0.5929805284813512
2024-12-08,0.5772566549286664
2024-12-09,0.5559308002790042
2024-12-10,0.5754589697214243
2024-12-11,0.5351408951270245
2024-12-12,0.5262523598944311
2024-12-13,0.4951367127311516
2024-12-14,0.4907926406767161
2024-12-15,0.49329167240151706
2024-12-16,0.4946506946659757
2024-12-17,0.48640730023619916
2024-12-18,0.4778225085019365
2024-12-19,0.4740004734361931
2024-12-20,0.4818440495345837
2024-12-21,0.5349973892805692
2024-12-22,0.5143026138315538
2024-12-23,0.4987736965657934
2024-12-24,0.4709221460663008
2024-12-25,0.4669821963766442
2024-12-26,0.44119008009953564
2024-12-27,0.4085121073935979
2024-12-28,0.3955239687588584
2024-12-29,0.39901640803647664
2024-12-30,0.4000330217872504
2024-12-31,0.39233871638382223
2025-01-01,0.3917823413157121
2025-01-02,0.38986492206601836
2025-01-03,0.3989390981029999
2025-01-04,0.3952951109737126
2025-01-05,0.3763036400510504
2025-01-06,0.369537790134735
2025-01-07,0.3855439717002672
2025-01-08,0.38724491271201855
2025-01-09,0.3921711733344613
2025-01-10,0.38107200740384534
2025-01-11,0.3852586014636015
2025-01-12,0.4003801744295886
2025-01-13,0.3953523302974587
2025-01-14,0.392456418627133
2025-01-15,0.3911061505141671
2025-01-16,0.4062632214356678
2025-01-17,0.4068077855661508
2025-01-18,0.4162183480174758
2025-01-19,0.419087876275143
2025-01-20,0.42311734072962065
2025-01-21,0.4440898231912046
2025-01-22,0.49578862953400094
2025-01-23,0.531746825982418
2025-01-24,0.5429883804945362
2025-01-25,0.5874770086555097
2025-01-26,0.5985420000401243
2025-01-27,0.5858803317288043
2025-01-28,0.554958639106148
2025-01-29,0.5351832825342853
2025-01-30,0.5320515354938452
2025-01-31,0.5170611168941592
2025-02-01,0.5173633266055664
2025-02-02,0.5133480377462584
2025-02-03,0.5266403499303229
2025-02-04,0.523193555045685
2025-02-05,0.5538970190327895
2025-02-06,0.5415615573122448
2025-02-07,0.5378782359378116
2025-02-08,0.5221996087559745
2025-02-09,0.5045921397165458
2025-02-10,0.4750017373716754
2025-02-11,0.44715122653000294
2025-02-12,0.44265708525049113
2025-02-13,0.4469907640538286
2025-02-14,0.42827545766920705
2025-02-15,0.43823395640745877
2025-02-16,0.43603105381055635
2025-02-17,0.4170449209558633
2025-02-18,0.4043903227176424
2025-02-19,0.39008540983417733
2025-02-20,0.37229337535483115
2025-02-21,0.36211371949301485
2025-02-22,0.3585907960521774
2025-02-23,0.36305266334129627
2025-02-24,0.36134690665171715
2025-02-25,0.360469846463412
2025-02-26,0.34920423873393025
2025-02-27,0.37678254916140025
2025-02-28,0.38091091879246897
2025-03-01,0.39816730072064915
2025-03-02,0.4287586286381261
2025-03-03,0.4668343929460711
2025-03-04,0.4728597025902809
2025-03-05,0.45685553431765036
2025-03-06,0.48807469610676957
2025-03-07,0.45908213194485337
2025-03-08,0.43394658153533905
2025-03-09,0.42284767330904016
2025-03-10,0.4067061615921955
2025-03-11,0.4151030178052103
2025-03-12,0.4405919414368584
2025-03-13,0.4763202872245218
2025-03-14,0.4786955182716089
2025-03-15,0.47595616278732333
2025-03-16,0.482149066093815
2025-03-17,0.4736528240509465
2025-03-18,0.45796478934699664
2025-03-19,0.44004553248415484
2025-03-20,0.4556014858981875
2025-03-21,0.46467054854830286
2025-03-22,0.4600926883821095
2025-03-23,0.45969225270919933
2025-03-24,0.4584192246172601
2025-03-25,0.46845324534958627
2025-03-26,0.4934458180557032
2025-03-27,0.4917151254459455
2025-03-28,0.4716380865398551
2025-03-29,0.48236525149695797
2025-03-30,0.49051812941334366
2025-03-31,0.4795497354621773
2025-04-01,0.4736351241440113
2025-04-02,0.46239014170217085
2025-04-03,0.4646664540627085
2025-04-04,0.4710666176297995
2025-04-05,0.44291006941433514
2025-04-06,0.44342564795873696
2025-04-07,0.4447758976317186
2025-04-08,0.44558458497218967
2025-04-09,0.4635152974435193
2025-04-10,0.48898028333701793
2025-04-11,0.5212278548388756
2025-04-12,0.5559151761113019
2025-04-13,0.5753668674258592
2025-04-14,0.5818294024359144
2025-04-15,0.5623286025800762
2025-04-16,0.552762920452377
2025-04-17,0.5679593887531326
2025-04-18,0.5766940786140136
2025-04-19,0.5550890939893436
2025-04-20,0.5462229280308994
2025-04-21,0.5360766659698561
2025-04-22,0.5430298640974374
2025-04-23,0.5785176898551323
2025-04-24,0.5728351200744383
2025-04-25,0.5754135768779363
2025-04-26,0.6078707695629885
2025-04-27,0.615031355515686
2025-04-28,0.6090919702255133
2025-04-29,0.5978807451596584
2025-04-30,0.5771945434923393
2025-05-01,0.5684766951273292
2025-05-02,0.5663637665611909
2025-05-03,0.5372952213081539
2025-05-04,0.5289364263836014
2025-05-05,0.5181780935270042
2025-05-06,0.5301672313577297
2025-05-07,0.5264476598404046
2025-05-08,0.5429443990900338
2025-05-09,0.5611282257900945
2025-05-10,0.5496602318684468
2025-05-11,0.5592360867179796
2025-05-12,0.5685440314241252
2025-05-13,0.5287407633254163
2025-05-14,0.5414673643775958
2025-05-15,0.5471636309375738
2025-05-16,0.5228837641180557
2025-05-17,0.5183522825865985
2025-05-18,0.5176050233443457
2025-05-19,0.5366214433050036
2025-05-20,0.5627098299893483
2025-05-21,0.5595202181645091
2025-05-22,0.5918018312946227
2025-05-23,0.6024477014001706
2025-05-24,0.6093536739519735
2025-05-25,0.604133886410196
2025-05-26,0.579877964891198
2025-05-27,0.5749880413013344
2025-05-28,0.5661853199719774
2025-05-29,0.5356259048331262
2025-05-30,0.5439630461442619
2025-05-31,0.5415494460958197
2025-06-01,0.5296610361145124
2025-06-02,0.5456638656429096
2025-06-03,0.573913673761618
2025-06-04,0.5559828221411627
2025-06-05,0.5596399024714334
2025-06-06,0.5635017770926911
2025-06-07,0.511635954139456
2025-06-08,0.5022755896683484
2025-06-09,0.49408830412159016
2025-06-10,0.5119415533323421
2025-06-11,0.49926181585277285
2025-06-12,0.5118368060753847
2025-06-13,0.49597985775529113
2025-06-14,0.5250463325251251
2025-06-15,0.5402029297130518
2025-06-16,0.5551107295312718
2025-06-17,0.5808161735659494
2025-06-18,0.5731228830446193
2025-06-19,0.5661452816145177
2025-06-20,0.5492490615555914
2025-06-21,0.5167105904889346
2025-06-22,0.49573054883715056
2025-06-23,0.49231211795966223
2025-06-24,0.48902152483087175
2025-06-25,0.511365796861383
2025-06-26,0.5121831887885399
2025-06-27,0.5434035237470138
2025-06-28,0.5661230165199135
2025-06-29,0.5688917294118192
2025-06-30,0.5546816690492173
2025-07-01,0.5494761828076911
2025-07-02,0.5611416965093519
2025-07-03,0.5627429679210658
2025-07-04,0.5661166444836221
2025-07-05,0.5602066910984138
2025-07-06,0.5585040306754983
2025-07-07,0.5646999013974511
2025-07-08,0.5629988556228374
2025-07-09,0.5514727907350734
2025-07-10,0.5567691869023508
2025-07-11,0.5632953638023421
2025-07-12,0.6015308547143228
2025-07-13,0.6219640188767819
2025-07-14,0.615127209054682
2025-07-15,0.621525170219042
2025-07-16,0.5904332736072941
2025-07-17,0.5954388166686689
2025-07-18,0.5921867583197497
2025-07-19,0.6019132359483214
2025-07-20,0.6115762280657022
2025-07-21,0.6123250329325085
2025-07-22,0.6178288724936413
2025-07-23,0.6189578408088597
2025-07-24,0.6220579768647447
2025-07-25,0.5929672843131454
2025-07-26,0.565408652858312
2025-07-27,0.5573167757598739
2025-07-28,0.5595837064560587
2025-07-29,0.5341639533274898
2025-07-30,0.5455450110696536
2025-07-31,0.537233394593049
2025-08-01,0.5332286750279372
2025-08-02,0.5366219459260286
2025-08-03,0.5371780041909605
2025-08-04,0.5406251496398964
2025-08-05,0.5405079802717392
2025-08-06,0.5487626070546905
2025-08-07,0.5583348658029139
2025-08-08,0.5618591707063642
2025-08-09,0.557768884055916
2025-08-10,0.5436382805050103
2025-08-11,0.5311330015202348
2025-08-12,0.529982228103238
2025-08-13,0.549405268233821
2025-08-14,0.5537985252763804
2025-08-15,0.5483605119569106
2025-08-16,0.5345797952984241
2025-08-17,0.5145709718516019
2025-08-18,0.5129477033377948
2025-08-19,0.49261025508920875
2025-08-20,0.47082061437073497
2025-08-21,0.4640957428609739
2025-08-22,0.4504702151216847
2025-08-23,0.47330181221731493
2025-08-24,0.4902299961555613
2025-08-25,0.5003678836012807
2025-08-26,0.5047422052327781
2025-08-27,0.5191274575473842
2025-08-28,0.5174849314154127
2025-08-29,0.5409627215893376
2025-08-30,0.546055313847883
2025-08-31,0.5329870357881448
2025-09-01,0.5181907628573834
2025-09-02,0.508106891519221
2025-09-03,0.4893948722702314
2025-09-04,0.49767819334810787
2025-09-05,0.4930716644140739
2025-09-06,0.4943731905990052
2025-09-07,0.4817818804218043
2025-09-08,0.47916550299423244
2025-09-09,0.47741621271822593
2025-09-10,0.4672451156736734
2025-09-11,0.47864441447426587
2025-09-12,0.47196563785087575
2025-09-13,0.4484199050133188
2025-09-14,0.4372006616579194
2025-09-15,0.4479338319527748
2025-09-16,0.4959137275572314
2025-09-17,0.5061654601246708
2025-09-18,0.5158711054524014
2025-09-19,0.5141507593178177
2025-09-20,0.521531751520591
2025-09-21,0.5474973874413754
2025-09-22,0.5320836935693224
2025-09-23,0.5325894323427455
2025-09-24,0.505988670150304
2025-09-25,0.4854914372315906
2025-09-26,0.48188907729231656
2025-09-27,0.5053964581175866
2025-09-28,0.4953336976725561
2025-09-29,0.49677163661295703
2025-09-30,0.4949012552968899
2025-10-01,0.5074436934804736
2025-10-02,0.550074532194748
2025-10-03,0.5456466613451748
2025-10-04,0.5790208992017549
2025-10-05,0.5872015334104969
2025-10-06,0.6005348361569868
2025-10-07,0.5899124498044233
2025-10-08,0.5863502054088237
2025-10-09,0.5775341595988503
2025-10-10,0.5571107823897115
2025-10-11,0.5428189774494977
2025-10-12,0.5265066334489503
2025-10-13,0.5331758824016695
2025-10-14,0.5218965175604839
2025-10-15,0.5049441754412383
2025-10-16,0.48797091327602027
2025-10-17,0.4757169579964466
2025-10-18,0.4713765104101466
2025-10-19,0.4561768480946189
2025-10-20,0.4464939829094452
2025-10-21,0.4562027678555563
2025-10-22,0.4585765665415956
2025-10-23,0.45673195810016975
2025-10-24,0.4499318057948385
2025-10-25,0.4500106170140429
2025-10-26,0.4353949509915148
2025-10-27,0.4237182726508765
2025-10-28,0.43849674811928063
2025-10-29,0.43315306475287907
2025-10-30,0.42732377429624646
2025-10-31,0.40086867615452804
2025-11-01,0.38894940134428846
2025-11-02,0.38521750069869176
2025-11-03,0.3728419392697576
2025-11-04,0.3757403753237306
2025-11-05,0.35063906218962354
2025-11-06,0.35425725774953726
2025-11-07,0.3539603084621619
2025-11-08,0.3733523223802549
2025-11-09,0.37098348995066766
2025-11-10,0.36029669628734473
2025-11-11,0.3545925556355908
2025-11-12,0.330779428455617
2025-11-13,0.337913823670772
2025-11-14,0.34421987805473453
2025-11-15,0.3141258838657174
2025-11-16,0.3141212534417728
2025-11-17,0.32051811556698817
2025-11-18,0.32370802656143105
2025-11-19,0.3554763158186317
2025-11-20,0.3620471757039424
2025-11-21,0.36602116878568797
2025-11-22,0.37590686206185014
2025-11-23,0.38368145712833734
2025-11-24,0.39241749267301584
2025-11-25,0.39835550122845576
2025-11-26,0.40942893179722717
2025-11-27,0.42054697835745036
2025-11-28,0.4112563363605444
2025-11-29,0.38561425446612874
2025-11-30,0.38067465644294274
2025-12-01,0.37850481031863104
2025-12-02,0.38826036898990396
2025-12-03,0.41771022932534835
2025-12-04,0.4267509421227896
2025-12-05,0.43935898084071967
2025-12-06,0.4513564790616276
2025-12-07,0.4474744676179059
2025-12-08,0.4330536285702514
2025-12-09,0.41782632388851104
2025-12-10,0.41134484627673795
2025-12-11,0.41540905226632696
2025-12-12,0.44572369549183893
2025-12-13,0.43844600770343356
2025-12-14,0.4412230156524667
2025-12-15,0.44186574310834215
2025-12-16,0.45273655710419836
2025-12-17,0.47214422706015946
2025-12-18,0.4759714256800559
2025-12-19,0.4591268875635972
2025-12-20,0.44710643972097464
2025-12-21,0.45201196634289287
2025-12-22,0.45165850893021003
2025-12-23,0.45933863453287715
2025-12-24,0.47254607047674985
2025-12-25,0.47688722402537126
2025-12-26,0.4638875217877335
2025-12-27,0.453232453759713
2025-12-28,0.45743837777620566
2025-12-29,0.46630200891022133
2025-12-30,0.4667749458236218
2025-12-31,0.4771764966318503
2026-01-01,0.47021662046370977
2026-01-02,0.46374397550912205
2026-01-03,0.4786088141951453
2026-01-04,0.4773490132259127
2026-01-05,0.47643608750213917
2026-01-06,0.47571964323789706
2026-01-07,0.4722823684941622
2026-01-08,0.48143112924444376
2026-01-09,0.504502144692156
2026-01-10,0.4959239602439218
2026-01-11,0.48549507929774394
2026-01-12,0.47188921344130824
2026-01-13,0.4766162303863271
2026-01-14,0.46642371576448427
2026-01-15,0.4948527151730811
2026-01-16,0.49731941959704634
2026-01-17,0.4899842423839006
2026-01-18,0.4910666367338014
2026-01-19,0.48626262124899805
2026-01-20,0.4791932103620944
2026-01-21,0.4919992004660151
2026-01-22,0.48889811681053363
2026-01-23,0.4800138263304189
2026-01-24,0.49613803149030733
2026-01-25,0.5114213297628869
2026-01-26,0.52889617333082
2026-01-27,0.5476041507292357
2026-01-28,0.5544268883814014
2026-01-29,0.5352077426503253
2026-01-30,0.5298019560437814
2026-01-31,0.5171796119196139
2026-02-01,0.5324229835229319
2026-02-02,0.5274699347601401
2026-02-03,0.5399799660407874
2026-02-04,0.54662187743953
2026-02-05,0.5340526244477148
2026-02-06,0.5313906433042745
2026-02-07,0.5631677342060911
2026-02-08,0.5488819117697067
2026-02-09,0.5533683763544804
2026-02-10,0.5724538962796171
2026-02-11,0.5705190734697914
2026-02-12,0.5630556803931979
2026-02-13,0.5377553409610727
2026-02-14,0.49107772206088335
2026-02-15,0.4688734711236917
2026-02-16,0.46049649137197846
2026-02-17,0.4423803813091508
2026-02-18,0.4242010325369263
2026-02-19,0.4187685909211456
2026-02-20,0.4005962772071318
2026-02-21,0.40453266093084705
2026-02-22,0.41355857479723346
2026-02-23,0.40570054419027546
2026-02-24,0.4176644207319319
2026-02-25,0.4154151213685887
2026-02-26,0.42305615473452396
2026-02-27,0.43058480704442836
2026-02-28,0.44754799653231647
2026-03-01,0.45662508121520284
2026-03-02,0.4559393213519856
2026-03-03,0.4206738058652757
2026-03-04,0.41499598518615327
2026-03-05,0.44139338411553775
2026-03-06,0.41074457738073866
2026-03-07,0.4069507004821706
2026-03-08,0.3852184073408298
2026-03-09,0.3690780771579311
2026-03-10,0.3796685758809212
2026-03-11,0.39627246232789487
2026-03-12,0.37118817943855553
2026-03-13,0.375169841141893
2026-03-14,0.37983128759187645
2026-03-15,0.4032309822701914
2026-03-16,0.43744014425481664
2026-03-17,0.46096496979685947
2026-03-18,0.47181567800097335
2026-03-19,0.4889900152094737
2026-03-20,0.4945245424372371
2026-03-21,0.5043705250560436
2026-03-22,0.518067206022533
2026-03-23,0.526899380914265
2026-03-24,0.5398904262129964
2026-03-25,0.5353101682770274
2026-03-26,0.5221475262388627
2026-03-27,0.4972722241950692
2026-03-28,0.47364713392950925
2026-03-29,0.4565204583961891
2026-03-30,0.44914612575483126
2026-03-31,0.43163266357251784
2026-04-01,0.4398862248083477
2026-04-02,0.4708894403659897
2026-04-03,0.45423644164474203
2026-04-04,0.44721259872492625
2026-04-05,0.44714762178793693
2026-04-06,0.4474783066653324
2026-04-07,0.4477807096553334
2026-04-08,0.4586568569394106
2026-04-09,0.465351614021715
2026-04-10,0.49068391539013295
2026-04-11,0.5292113406130098
2026-04-12,0.5377082254401717
2026-04-13,0.5274661799352146
2026-04-14,0.5572158665527804
2026-04-15,0.5710379517967319
2026-04-16,0.5603447261016447
2026-04-17,0.5685398973697953
2026-04-18,0.5920095772882137
2026-04-19,0.5803927494415204
2026-04-20,0.5767957778881612
2026-04-21,0.5986250320866455
2026-04-22,0.5817066341696864
2026-04-23,0.5854671427333232
2026-04-24,0.5910359436080375
2026-04-25,0.5943049588089979
2026-04-26,0.5967109737688038
2026-04-27,0.585672335671215
2026-04-28,0.5852719827086599
2026-04-29,0.586205631752058
2026-04-30,0.5922347497773335
2026-05-01,0.5782043581596916
2026-05-02,0.6010088950955355
2026-05-03,0.5981431773706771
2026-05-04,0.6052871004072489
2026-05-05,0.6229056350378921
2026-05-06,0.6385938382822319
2026-05-07,0.6579330295415766
2026-05-08,0.629229023344324
2026-05-09,0.6147671562876649
2026-05-10,0.6374644614074961
2026-05-11,0.6220057792573459
2026-05-12,0.5981641739767645
2026-05-13,0.5804114236312746
2026-05-14,0.5482408816023991
2026-05-15,0.5301544235057509
2026-05-16,0.5104057827940052
2026-05-17,0.4822762896168553
2026-05-18,0.4677539532456547
2026-05-19,0.4863245332706851
2026-05-20,0.4933161969627544
2026-05-21,0.4859754444267076
2026-05-22,0.4761698337874745
2026-05-23,0.4721237750169679
2026-05-24,0.475776568648681
2026-05-25,0.48865032284920645
2026-05-26,0.4733075338837557
2026-05-27,0.4752921929716539
2026-05-28,0.4792319761737846
2026-05-29,0.4989680046367405
2026-05-30,0.5164113217659074
2026-05-31,0.5218588570233698
2026-06-01,0.509839690821322
2026-06-02,0.509927926207081
2026-06-03,0.5022576531592333
2026-06-04,0.505605902088747
2026-06-05,0.5127386832595124
2026-06-06,0.5068337774485756
2026-06-07,0.5115673819278406
2026-06-08,0.5239819916858784
2026-06-09,0.4756959630604856
2026-06-10,0.4668598532419831
2026-06-11,0.47040776709529375
2026-06-12,0.47421477634547493
2026-06-13,0.474025200491578
2026-06-14,0.4623121851215804
2026-06-15,0.45340977757280887
2026-06-16,0.49404874059099113
2026-06-17,0.5122228505801737
2026-06-18,0.49228393402604254
2026-06-19,0.4794207950685079
2026-06-20,0.4762999554313628
2026-06-21,0.4859055222000255
2026-06-22,0.4825787690576125
2026-06-23,0.45924968041564784
2026-06-24,0.4503328663327583
2026-06-25,0.46807766748145196
2026-06-26,0.47549917209208814
2026-06-27,0.4927431772967889
2026-06-28,0.5018638161058593
2026-06-29,0.5078431252539696
2026-06-30,0.5070591600383545
2026-07-01,0.5150575910350274
2026-07-02,0.5103305624348566
2026-07-03,0.5072082979283385
2026-07-04,0.48730558973165394
2026-07-05,0.46574459624267583
2026-07-06,0.43830891021418444
2026-07-07,0.4326995332161621
2026-07-08,0.4218749814347379
2026-07-09,0.4175208652168384
2026-07-10,0.4300613203489235
2026-07-11,0.4388722864162492
2026-07-12,0.4514124177325116
2026-07-13,0.45806322520673565
2026-07-14,0.4579351214073395
2026-07-15,0.473380013358055
2026-07-16,0.4469485693789362
2026-07-17,0.4419977435390672
2026-07-18,0.4472830319204064
2026-07-19,0.4584811196077089
2026-07-20,0.46852853569952213
2026-07-21,0.47556360370615997
2026-07-22,0.4961339793856543
2026-07-23,0.5075903732579917
2026-07-24,0.5166212261282683
2026-07-25,0.5205460944937113
2026-07-26,0.5276541844565852
2026-07-27,0.5283361579010781
2026-07-28,0.507295627893027
2026-07-29,0.5044375256449974
2026-07-30,0.49854542358171616
2026-07-31,0.5081386954974333
2026-08-01,0.519068580044671
2026-08-02,0.534938282822156
2026-08-03,0.5380071667447685
2026-08-04,0.5385562070750067
2026-08-05,0.5628077247821364
2026-08-06,0.5754944413913732
2026-08-07,0.5865247492001318
2026-08-08,0.5922354674193753
2026-08-09,0.5842989970230368
2026-08-10,0.5772249644956244
2026-08-11,0.5558164187810691
2026-08-12,0.5500165817651466
2026-08-13,0.541429928070864
2026-08-14,0.515629787641313
2026-08-15,0.5181707866694988
2026-08-16,0.52136469008494
2026-08-17,0.5152093361142405
2026-08-18,0.5241795178670116
2026-08-19,0.52027050395464
2026-08-20,0.5605695271856289
2026-08-21,0.601137040103648
2026-08-22,0.632012459064413
2026-08-23,0.635916559236852
2026-08-24,0.6403771922500582
2026-08-25,0.6430792309881784
2026-08-26,0.6520221156781983
2026-08-27,0.6493382101886395
2026-08-28,0.6526582021551515
2026-08-29,0.6156422437690513
2026-08-30,0.5919986153688843
2026-08-31,0.5713984569056623
2026-09-01,0.5770926701995782
2026-09-02,0.5646548544522269
2026-09-03,0.5610070168891745
2026-09-04,0.5783198858631354
2026-09-05,0.5757795592642947
2026-09-06,0.57138438303596
2026-09-07,0.5591329490687873
2026-09-08,0.5420286390650535
2026-09-09,0.5291746741796677
2026-09-10,0.5330558170934884
2026-09-11,0.519564107546556
2026-09-12,0.5029329040943129
2026-09-13,0.5282858137193542
2026-09-14,0.5316623918384376
2026-09-15,0.5357479122284576
2026-09-16,0.5279983469289113
2026-09-17,0.5305174981377547
2026-09-18,0.5265730662781428
2026-09-19,0.5092990881303194
2026-09-20,0.48927738343129573
2026-09-21,0.47419513567791194
