,score
1954-07-01,
1954-07-02,
1954-07-03,
1954-07-04,
1954-07-05,
1954-07-06,
1954-07-07,
1954-07-08,
1954-07-09,
1954-07-10,
1954-07-11,
1954-07-12,
1954-07-13,
1954-07-14,
1954-07-15,
1954-07-16,
1954-07-17,
1954-07-18,
1954-07-19,
1954-07-20,
1954-07-21,
1954-07-22,
1954-07-23,
1954-07-24,
1954-07-25,
1954-07-26,
1954-07-27,
1954-07-28,
1954-07-29,
1954-07-30,
1954-07-31,
1954-08-01,
1954-08-02,
1954-08-03,
1954-08-04,
1954-08-05,
1954-08-06,
1954-08-07,
1954-08-08,
1954-08-09,
1954-08-10,
1954-08-11,
1954-08-12,
1954-08-13,
1954-08-14,
1954-08-15,
1954-08-16,
1954-08-17,
1954-08-18,
1954-08-19,
1954-08-20,
1954-08-21,
1954-08-22,
1954-08-23,
1954-08-24,
1954-08-25,
1954-08-26,
1954-08-27,
1954-08-28,
1954-08-29,
1954-08-30,
1954-08-31,
1954-09-01,
1954-09-02,
1954-09-03,
1954-09-04,
1954-09-05,
1954-09-06,
1954-09-07,
1954-09-08,
1954-09-09,
1954-09-10,
1954-09-11,
1954-09-12,
1954-09-13,
1954-09-14,
1954-09-15,
1954-09-16,
1954-09-17,
1954-09-18,
1954-09-19,
1954-09-20,
1954-09-21,
1954-09-22,
1954-09-23,
1954-09-24,
1954-09-25,
1954-09-26,
1954-09-27,
1954-09-28,
1954-09-29,
1954-09-30,
1954-10-01,
1954-10-02,
1954-10-03,
1954-10-04,
1954-10-05,
1954-10-06,
1954-10-07,
1954-10-08,
1954-10-09,
1954-10-10,
1954-10-11,
1954-10-12,
1954-10-13,
1954-10-14,
1954-10-15,
1954-10-16,
1954-10-17,
1954-10-18,
1954-10-19,
1954-10-20,
1954-10-21,
1954-10-22,
1954-10-23,
1954-10-24,
1954-10-25,
1954-10-26,
1954-10-27,
1954-10-28,
1954-10-29,
1954-10-30,
1954-10-31,
1954-11-01,
1954-11-02,
1954-11-03,
1954-11-04,
1954-11-05,
1954-11-06,
1954-11-07,
1954-11-08,
1954-11-09,
1954-11-10,
1954-11-11,
1954-11-12,
1954-11-13,
1954-11-14,
1954-11-15,
1954-11-16,
1954-11-17,
1954-11-18,
1954-11-19,
1954-11-20,
1954-11-21,
1954-11-22,
1954-11-23,
1954-11-24,
1954-11-25,
1954-11-26,
1954-11-27,
1954-11-28,
1954-11-29,
1954-11-30,
1954-12-01,
1954-12-02,
1954-12-03,
1954-12-04,
1954-12-05,
1954-12-06,
1954-12-07,
1954-12-08,
1954-12-09,
1954-12-10,
1954-12-11,
1954-12-12,
1954-12-13,
1954-12-14,
1954-12-15,
1954-12-16,
1954-12-17,
1954-12-18,
1954-12-19,
1954-12-20,
1954-12-21,
1954-12-22,
1954-12-23,
1954-12-24,
1954-12-25,
1954-12-26,
1954-12-27,
1954-12-28,
1954-12-29,
1954-12-30,
1954-12-31,
1955-01-01,
1955-01-02,
1955-01-03,
1955-01-04,
1955-01-05,
1955-01-06,
1955-01-07,
1955-01-08,
1955-01-09,
1955-01-10,
1955-01-11,
1955-01-12,
1955-01-13,
1955-01-14,
1955-01-15,
1955-01-16,
1955-01-17,
1955-01-18,
1955-01-19,
1955-01-20,
1955-01-21,
1955-01-22,
1955-01-23,
1955-01-24,
1955-01-25,
1955-01-26,
1955-01-27,
1955-01-28,
1955-01-29,
1955-01-30,
1955-01-31,
1955-02-01,
1955-02-02,
1955-02-03,
1955-02-04,
1955-02-05,
1955-02-06,
1955-02-07,
1955-02-08,
1955-02-09,
1955-02-10,
1955-02-11,
1955-02-12,
1955-02-13,
1955-02-14,
1955-02-15,
1955-02-16,
1955-02-17,
1955-02-18,
1955-02-19,
1955-02-20,
1955-02-21,
1955-02-22,
1955-02-23,
1955-02-24,
1955-02-25,
1955-02-26,
1955-02-27,
1955-02-28,
1955-03-01,
1955-03-02,
1955-03-03,
1955-03-04,
1955-03-05,
1955-03-06,
1955-03-07,
1955-03-08,
1955-03-09,
1955-03-10,
1955-03-11,
1955-03-12,
1955-03-13,
1955-03-14,
1955-03-15,
1955-03-16,
1955-03-17,
1955-03-18,
1955-03-19,
1955-03-20,
1955-03-21,
1955-03-22,
1955-03-23,
1955-03-24,
1955-03-25,
1955-03-26,
1955-03-27,
1955-03-28,
1955-03-29,
1955-03-30,
1955-03-31,
1955-04-01,
1955-04-02,
1955-04-03,
1955-04-04,
1955-04-05,
1955-04-06,
1955-04-07,
1955-04-08,
1955-04-09,
1955-04-10,
1955-04-11,
1955-04-12,
1955-04-13,
1955-04-14,
1955-04-15,
1955-04-16,
1955-04-17,
1955-04-18,
1955-04-19,
1955-04-20,
1955-04-21,
1955-04-22,
1955-04-23,
1955-04-24,
1955-04-25,
1955-04-26,
1955-04-27,
1955-04-28,
1955-04-29,
1955-04-30,
1955-05-01,
1955-05-02,
1955-05-03,
1955-05-04,
1955-05-05,
1955-05-06,
1955-05-07,
1955-05-08,
1955-05-09,
1955-05-10,
1955-05-11,
1955-05-12,
1955-05-13,
1955-05-14,
1955-05-15,
1955-05-16,
1955-05-17,
1955-05-18,
1955-05-19,
1955-05-20,
1955-05-21,
1955-05-22,
1955-05-23,
1955-05-24,
1955-05-25,
1955-05-26,
1955-05-27,
1955-05-28,
1955-05-29,
1955-05-30,
1955-05-31,
1955-06-01,
1955-06-02,
1955-06-03,
1955-06-04,
1955-06-05,
1955-06-06,
1955-06-07,
1955-06-08,
1955-06-09,
1955-06-10,
1955-06-11,
1955-06-12,
1955-06-13,
1955-06-14,
1955-06-15,
1955-06-16,
1955-06-17,
1955-06-18,
1955-06-19,
1955-06-20,
1955-06-21,
1955-06-22,
1955-06-23,
1955-06-24,
1955-06-25,
1955-06-26,
1955-06-27,
1955-06-28,
1955-06-29,
1955-06-30,
1955-07-01,
1955-07-02,
1955-07-03,
1955-07-04,
1955-07-05,
1955-07-06,
1955-07-07,
1955-07-08,
1955-07-09,
1955-07-10,
1955-07-11,
1955-07-12,
1955-07-13,
1955-07-14,
1955-07-15,
1955-07-16,
1955-07-17,
1955-07-18,
1955-07-19,
1955-07-20,
1955-07-21,
1955-07-22,
1955-07-23,
1955-07-24,
1955-07-25,
1955-07-26,
1955-07-27,
1955-07-28,
1955-07-29,
1955-07-30,
1955-07-31,
1955-08-01,
1955-08-02,
1955-08-03,
1955-08-04,
1955-08-05,
1955-08-06,
1955-08-07,
1955-08-08,
1955-08-09,
1955-08-10,
1955-08-11,
1955-08-12,
1955-08-13,
1955-08-14,
1955-08-15,
1955-08-16,
1955-08-17,
1955-08-18,
1955-08-19,
1955-08-20,
1955-08-21,
1955-08-22,
1955-08-23,
1955-08-24,
1955-08-25,
1955-08-26,
1955-08-27,
1955-08-28,
1955-08-29,
1955-08-30,
1955-08-31,
1955-09-01,
1955-09-02,
1955-09-03,
1955-09-04,
1955-09-05,
1955-09-06,
1955-09-07,
1955-09-08,
1955-09-09,
1955-09-10,
1955-09-11,
1955-09-12,
1955-09-13,
1955-09-14,
1955-09-15,
1955-09-16,
1955-09-17,
1955-09-18,
1955-09-19,
1955-09-20,
1955-09-21,
1955-09-22,
1955-09-23,
1955-09-24,
1955-09-25,
1955-09-26,
1955-09-27,
1955-09-28,
1955-09-29,
1955-09-30,
1955-10-01,
1955-10-02,
1955-10-03,
1955-10-04,
1955-10-05,
1955-10-06,
1955-10-07,
1955-10-08,
1955-10-09,
1955-10-10,
1955-10-11,
1955-10-12,
1955-10-13,
1955-10-14,
1955-10-15,
1955-10-16,
1955-10-17,
1955-10-18,
1955-10-19,
1955-10-20,
1955-10-21,
1955-10-22,
1955-10-23,
1955-10-24,
1955-10-25,
1955-10-26,
1955-10-27,
1955-10-28,
1955-10-29,
1955-10-30,
1955-10-31,
1955-11-01,
1955-11-02,
1955-11-03,
1955-11-04,
1955-11-05,
1955-11-06,
1955-11-07,
1955-11-08,
1955-11-09,
1955-11-10,
1955-11-11,
1955-11-12,
1955-11-13,
1955-11-14,
1955-11-15,
1955-11-16,
1955-11-17,
1955-11-18,
1955-11-19,
1955-11-20,
1955-11-21,
1955-11-22,
1955-11-23,
1955-11-24,
1955-11-25,
1955-11-26,
1955-11-27,
1955-11-28,
1955-11-29,
1955-11-30,
1955-12-01,
1955-12-02,
1955-12-03,
1955-12-04,
1955-12-05,
1955-12-06,
1955-12-07,
1955-12-08,
1955-12-09,
1955-12-10,
1955-12-11,
1955-12-12,
1955-12-13,
1955-12-14,
1955-12-15,
1955-12-16,
1955-12-17,
1955-12-18,
1955-12-19,
1955-12-20,
1955-12-21,
1955-12-22,
1955-12-23,
1955-12-24,
1955-12-25,
1955-12-26,
1955-12-27,
1955-12-28,
1955-12-29,
1955-12-30,
1955-12-31,
1956-01-01,
1956-01-02,
1956-01-03,
1956-01-04,
1956-01-05,
1956-01-06,
1956-01-07,
1956-01-08,
1956-01-09,
1956-01-10,
1956-01-11,
1956-01-12,
1956-01-13,
1956-01-14,
1956-01-15,
1956-01-16,
1956-01-17,
1956-01-18,
1956-01-19,
1956-01-20,
1956-01-21,
1956-01-22,
1956-01-23,
1956-01-24,
1956-01-25,
1956-01-26,
1956-01-27,
1956-01-28,
1956-01-29,
1956-01-30,
1956-01-31,
1956-02-01,
1956-02-02,
1956-02-03,
1956-02-04,
1956-02-05,
1956-02-06,
1956-02-07,
1956-02-08,
1956-02-09,
1956-02-10,
1956-02-11,
1956-02-12,
1956-02-13,
1956-02-14,
1956-02-15,
1956-02-16,
1956-02-17,
1956-02-18,
1956-02-19,
1956-02-20,
1956-02-21,
1956-02-22,
1956-02-23,
1956-02-24,
1956-02-25,
1956-02-26,
1956-02-27,
1956-02-28,
1956-02-29,
1956-03-01,
1956-03-02,
1956-03-03,
1956-03-04,
1956-03-05,
1956-03-06,
1956-03-07,
1956-03-08,
1956-03-09,
1956-03-10,
1956-03-11,
1956-03-12,
1956-03-13,
1956-03-14,
1956-03-15,
1956-03-16,
1956-03-17,
1956-03-18,
1956-03-19,
1956-03-20,
1956-03-21,
1956-03-22,
1956-03-23,
1956-03-24,
1956-03-25,
1956-03-26,
1956-03-27,
1956-03-28,
1956-03-29,
1956-03-30,
1956-03-31,
1956-04-01,
1956-04-02,
1956-04-03,
1956-04-04,
1956-04-05,
1956-04-06,
1956-04-07,
1956-04-08,
1956-04-09,
1956-04-10,
1956-04-11,
1956-04-12,
1956-04-13,
1956-04-14,
1956-04-15,
1956-04-16,
1956-04-17,
1956-04-18,
1956-04-19,
1956-04-20,
1956-04-21,
1956-04-22,
1956-04-23,
1956-04-24,
1956-04-25,
1956-04-26,
1956-04-27,
1956-04-28,
1956-04-29,
1956-04-30,
1956-05-01,
1956-05-02,
1956-05-03,
1956-05-04,
1956-05-05,
1956-05-06,
1956-05-07,
1956-05-08,
1956-05-09,
1956-05-10,
1956-05-11,
1956-05-12,
1956-05-13,
1956-05-14,
1956-05-15,
1956-05-16,
1956-05-17,
1956-05-18,
1956-05-19,
1956-05-20,
1956-05-21,
1956-05-22,
1956-05-23,
1956-05-24,
1956-05-25,
1956-05-26,
1956-05-27,
1956-05-28,
1956-05-29,
1956-05-30,
1956-05-31,
1956-06-01,
1956-06-02,
1956-06-03,
1956-06-04,
1956-06-05,
1956-06-06,
1956-06-07,
1956-06-08,
1956-06-09,
1956-06-10,
1956-06-11,
1956-06-12,
1956-06-13,
1956-06-14,
1956-06-15,
1956-06-16,
1956-06-17,
1956-06-18,
1956-06-19,
1956-06-20,
1956-06-21,
1956-06-22,
1956-06-23,
1956-06-24,
1956-06-25,
1956-06-26,
1956-06-27,
1956-06-28,
1956-06-29,
1956-06-30,
1956-07-01,
1956-07-02,
1956-07-03,
1956-07-04,
1956-07-05,
1956-07-06,
1956-07-07,
1956-07-08,
1956-07-09,
1956-07-10,
1956-07-11,
1956-07-12,
1956-07-13,
1956-07-14,
1956-07-15,
1956-07-16,
1956-07-17,
1956-07-18,
1956-07-19,
1956-07-20,
1956-07-21,
1956-07-22,
1956-07-23,
1956-07-24,
1956-07-25,
1956-07-26,
1956-07-27,
1956-07-28,
1956-07-29,
1956-07-30,
1956-07-31,
1956-08-01,
1956-08-02,
1956-08-03,
1956-08-04,
1956-08-05,
1956-08-06,
1956-08-07,
1956-08-08,
1956-08-09,
1956-08-10,
1956-08-11,
1956-08-12,
1956-08-13,
1956-08-14,
1956-08-15,
1956-08-16,
1956-08-17,
1956-08-18,
1956-08-19,
1956-08-20,
1956-08-21,
1956-08-22,
1956-08-23,
1956-08-24,
1956-08-25,
1956-08-26,
1956-08-27,
1956-08-28,
1956-08-29,
1956-08-30,
1956-08-31,
1956-09-01,
1956-09-02,
1956-09-03,
1956-09-04,
1956-09-05,
1956-09-06,
1956-09-07,
1956-09-08,
1956-09-09,
1956-09-10,
1956-09-11,
1956-09-12,
1956-09-13,
1956-09-14,
1956-09-15,
1956-09-16,
1956-09-17,
1956-09-18,
1956-09-19,
1956-09-20,
1956-09-21,
1956-09-22,
1956-09-23,
1956-09-24,
1956-09-25,
1956-09-26,
1956-09-27,
1956-09-28,
1956-09-29,
1956-09-30,
1956-10-01,
1956-10-02,
1956-10-03,
1956-10-04,
1956-10-05,
1956-10-06,
1956-10-07,
1956-10-08,
1956-10-09,
1956-10-10,
1956-10-11,
1956-10-12,
1956-10-13,
1956-10-14,
1956-10-15,
1956-10-16,
1956-10-17,
1956-10-18,
1956-10-19,
1956-10-20,
1956-10-21,
1956-10-22,
1956-10-23,
1956-10-24,
1956-10-25,
1956-10-26,
1956-10-27,
1956-10-28,
1956-10-29,
1956-10-30,
1956-10-31,
1956-11-01,
1956-11-02,
1956-11-03,
1956-11-04,
1956-11-05,
1956-11-06,
1956-11-07,
1956-11-08,
1956-11-09,
1956-11-10,
1956-11-11,
1956-11-12,
1956-11-13,
1956-11-14,
1956-11-15,
1956-11-16,
1956-11-17,
1956-11-18,
1956-11-19,
1956-11-20,
1956-11-21,
1956-11-22,
1956-11-23,
1956-11-24,
1956-11-25,
1956-11-26,
1956-11-27,
1956-11-28,
1956-11-29,
1956-11-30,
1956-12-01,
1956-12-02,
1956-12-03,
1956-12-04,
1956-12-05,
1956-12-06,
1956-12-07,
1956-12-08,
1956-12-09,
1956-12-10,
1956-12-11,
1956-12-12,
1956-12-13,
1956-12-14,
1956-12-15,
1956-12-16,
1956-12-17,
1956-12-18,
1956-12-19,
1956-12-20,
1956-12-21,
1956-12-22,
1956-12-23,
1956-12-24,
1956-12-25,
1956-12-26,
1956-12-27,
1956-12-28,
1956-12-29,
1956-12-30,
1956-12-31,
1957-01-01,
1957-01-02,
1957-01-03,
1957-01-04,
1957-01-05,
1957-01-06,
1957-01-07,
1957-01-08,
1957-01-09,
1957-01-10,
1957-01-11,
1957-01-12,
1957-01-13,
1957-01-14,
1957-01-15,
1957-01-16,
1957-01-17,
1957-01-18,
1957-01-19,
1957-01-20,
1957-01-21,
1957-01-22,
1957-01-23,
1957-01-24,
1957-01-25,
1957-01-26,
1957-01-27,
1957-01-28,
1957-01-29,
1957-01-30,
1957-01-31,
1957-02-01,
1957-02-02,
1957-02-03,
1957-02-04,
1957-02-05,
1957-02-06,
1957-02-07,
1957-02-08,
1957-02-09,
1957-02-10,
1957-02-11,
1957-02-12,
1957-02-13,
1957-02-14,
1957-02-15,
1957-02-16,
1957-02-17,
1957-02-18,
1957-02-19,
1957-02-20,
1957-02-21,
1957-02-22,
1957-02-23,
1957-02-24,
1957-02-25,
1957-02-26,
1957-02-27,
1957-02-28,
1957-03-01,
1957-03-02,
1957-03-03,
1957-03-04,
1957-03-05,
1957-03-06,
1957-03-07,
1957-03-08,
1957-03-09,
1957-03-10,
1957-03-11,
1957-03-12,
1957-03-13,
1957-03-14,
1957-03-15,
1957-03-16,
1957-03-17,
1957-03-18,
1957-03-19,
1957-03-20,
1957-03-21,
1957-03-22,
1957-03-23,
1957-03-24,
1957-03-25,
1957-03-26,
1957-03-27,
1957-03-28,
1957-03-29,
1957-03-30,
1957-03-31,
1957-04-01,
1957-04-02,
1957-04-03,
1957-04-04,
1957-04-05,
1957-04-06,
1957-04-07,
1957-04-08,
1957-04-09,
1957-04-10,
1957-04-11,
1957-04-12,
1957-04-13,
1957-04-14,
1957-04-15,
1957-04-16,
1957-04-17,
1957-04-18,
1957-04-19,
1957-04-20,
1957-04-21,
1957-04-22,
1957-04-23,
1957-04-24,
1957-04-25,
1957-04-26,
1957-04-27,
1957-04-28,
1957-04-29,
1957-04-30,
1957-05-01,
1957-05-02,
1957-05-03,
1957-05-04,
1957-05-05,
1957-05-06,
1957-05-07,
1957-05-08,
1957-05-09,
1957-05-10,
1957-05-11,
1957-05-12,
1957-05-13,
1957-05-14,
1957-05-15,
1957-05-16,
1957-05-17,
1957-05-18,
1957-05-19,
1957-05-20,
1957-05-21,
1957-05-22,
1957-05-23,
1957-05-24,
1957-05-25,
1957-05-26,
1957-05-27,
1957-05-28,
1957-05-29,
1957-05-30,
1957-05-31,
1957-06-01,
1957-06-02,
1957-06-03,
1957-06-04,
1957-06-05,
1957-06-06,
1957-06-07,
1957-06-08,
1957-06-09,
1957-06-10,
1957-06-11,
1957-06-12,
1957-06-13,
1957-06-14,
1957-06-15,
1957-06-16,
1957-06-17,
1957-06-18,
1957-06-19,
1957-06-20,
1957-06-21,
1957-06-22,
1957-06-23,
1957-06-24,
1957-06-25,
1957-06-26,
1957-06-27,
1957-06-28,
1957-06-29,
1957-06-30,
1957-07-01,
1957-07-02,
1957-07-03,
1957-07-04,
1957-07-05,
1957-07-06,
1957-07-07,
1957-07-08,
1957-07-09,
1957-07-10,
1957-07-11,
1957-07-12,
1957-07-13,
1957-07-14,
1957-07-15,
1957-07-16,
1957-07-17,
1957-07-18,
1957-07-19,
1957-07-20,
1957-07-21,
1957-07-22,
1957-07-23,
1957-07-24,
1957-07-25,
1957-07-26,
1957-07-27,
1957-07-28,
1957-07-29,
1957-07-30,
1957-07-31,
1957-08-01,
1957-08-02,
1957-08-03,
1957-08-04,
1957-08-05,
1957-08-06,
1957-08-07,
1957-08-08,
1957-08-09,
1957-08-10,
1957-08-11,
1957-08-12,
1957-08-13,
1957-08-14,
1957-08-15,
1957-08-16,
1957-08-17,
1957-08-18,
1957-08-19,
1957-08-20,
1957-08-21,
1957-08-22,
1957-08-23,
1957-08-24,
1957-08-25,
1957-08-26,
1957-08-27,
1957-08-28,
1957-08-29,
1957-08-30,
1957-08-31,
1957-09-01,
1957-09-02,
1957-09-03,
1957-09-04,
1957-09-05,
1957-09-06,
1957-09-07,
1957-09-08,
1957-09-09,
1957-09-10,
1957-09-11,
1957-09-12,
1957-09-13,
1957-09-14,
1957-09-15,
1957-09-16,
1957-09-17,
1957-09-18,
1957-09-19,
1957-09-20,
1957-09-21,
1957-09-22,
1957-09-23,
1957-09-24,
1957-09-25,
1957-09-26,
1957-09-27,
1957-09-28,
1957-09-29,
1957-09-30,
1957-10-01,
1957-10-02,
1957-10-03,
1957-10-04,
1957-10-05,
1957-10-06,
1957-10-07,
1957-10-08,
1957-10-09,
1957-10-10,
1957-10-11,
1957-10-12,
1957-10-13,
1957-10-14,
1957-10-15,
1957-10-16,
1957-10-17,
1957-10-18,
1957-10-19,
1957-10-20,
1957-10-21,
1957-10-22,
1957-10-23,
1957-10-24,
1957-10-25,
1957-10-26,
1957-10-27,
1957-10-28,
1957-10-29,
1957-10-30,
1957-10-31,
1957-11-01,
1957-11-02,
1957-11-03,
1957-11-04,
1957-11-05,
1957-11-06,
1957-11-07,
1957-11-08,
1957-11-09,
1957-11-10,
1957-11-11,
1957-11-12,
1957-11-13,
1957-11-14,
1957-11-15,
1957-11-16,
1957-11-17,
1957-11-18,
1957-11-19,
1957-11-20,
1957-11-21,
1957-11-22,
1957-11-23,
1957-11-24,
1957-11-25,
1957-11-26,
1957-11-27,
1957-11-28,
1957-11-29,
1957-11-30,
1957-12-01,
1957-12-02,
1957-12-03,
1957-12-04,
1957-12-05,
1957-12-06,
1957-12-07,
1957-12-08,
1957-12-09,
1957-12-10,
1957-12-11,
1957-12-12,
1957-12-13,
1957-12-14,
1957-12-15,
1957-12-16,
1957-12-17,
1957-12-18,
1957-12-19,
1957-12-20,
1957-12-21,
1957-12-22,
1957-12-23,
1957-12-24,
1957-12-25,
1957-12-26,
1957-12-27,
1957-12-28,
1957-12-29,
1957-12-30,
1957-12-31,
1958-01-01,
1958-01-02,
1958-01-03,
1958-01-04,
1958-01-05,
1958-01-06,
1958-01-07,
1958-01-08,
1958-01-09,
1958-01-10,
1958-01-11,
1958-01-12,
1958-01-13,
1958-01-14,
1958-01-15,
1958-01-16,
1958-01-17,
1958-01-18,
1958-01-19,
1958-01-20,
1958-01-21,
1958-01-22,
1958-01-23,
1958-01-24,
1958-01-25,
1958-01-26,
1958-01-27,
1958-01-28,
1958-01-29,
1958-01-30,
1958-01-31,
1958-02-01,
1958-02-02,
1958-02-03,
1958-02-04,
1958-02-05,
1958-02-06,
1958-02-07,
1958-02-08,
1958-02-09,
1958-02-10,
1958-02-11,
1958-02-12,
1958-02-13,
1958-02-14,
1958-02-15,
1958-02-16,
1958-02-17,
1958-02-18,
1958-02-19,
1958-02-20,
1958-02-21,
1958-02-22,
1958-02-23,
1958-02-24,
1958-02-25,
1958-02-26,
1958-02-27,
1958-02-28,
1958-03-01,
1958-03-02,
1958-03-03,
1958-03-04,
1958-03-05,
1958-03-06,
1958-03-07,
1958-03-08,
1958-03-09,
1958-03-10,
1958-03-11,
1958-03-12,
1958-03-13,
1958-03-14,
1958-03-15,
1958-03-16,
1958-03-17,
1958-03-18,
1958-03-19,
1958-03-20,
1958-03-21,
1958-03-22,
1958-03-23,
1958-03-24,
1958-03-25,
1958-03-26,
1958-03-27,
1958-03-28,
1958-03-29,
1958-03-30,
1958-03-31,
1958-04-01,
1958-04-02,
1958-04-03,
1958-04-04,
1958-04-05,
1958-04-06,
1958-04-07,
1958-04-08,
1958-04-09,
1958-04-10,
1958-04-11,
1958-04-12,
1958-04-13,
1958-04-14,
1958-04-15,
1958-04-16,
1958-04-17,
1958-04-18,
1958-04-19,
1958-04-20,
1958-04-21,
1958-04-22,
1958-04-23,
1958-04-24,
1958-04-25,
1958-04-26,
1958-04-27,
1958-04-28,
1958-04-29,
1958-04-30,
1958-05-01,
1958-05-02,
1958-05-03,
1958-05-04,
1958-05-05,
1958-05-06,
1958-05-07,
1958-05-08,
1958-05-09,
1958-05-10,
1958-05-11,
1958-05-12,
1958-05-13,
1958-05-14,
1958-05-15,
1958-05-16,
1958-05-17,
1958-05-18,
1958-05-19,
1958-05-20,
1958-05-21,
1958-05-22,
1958-05-23,
1958-05-24,
1958-05-25,
1958-05-26,
1958-05-27,
1958-05-28,
1958-05-29,
1958-05-30,
1958-05-31,
1958-06-01,
1958-06-02,
1958-06-03,
1958-06-04,
1958-06-05,
1958-06-06,
1958-06-07,
1958-06-08,
1958-06-09,
1958-06-10,
1958-06-11,
1958-06-12,
1958-06-13,
1958-06-14,
1958-06-15,
1958-06-16,
1958-06-17,
1958-06-18,
1958-06-19,
1958-06-20,
1958-06-21,
1958-06-22,
1958-06-23,
1958-06-24,
1958-06-25,
1958-06-26,
1958-06-27,
1958-06-28,
1958-06-29,
1958-06-30,
1958-07-01,
1958-07-02,
1958-07-03,
1958-07-04,
1958-07-05,
1958-07-06,
1958-07-07,
1958-07-08,
1958-07-09,
1958-07-10,
1958-07-11,
1958-07-12,
1958-07-13,
1958-07-14,
1958-07-15,
1958-07-16,
1958-07-17,
1958-07-18,
1958-07-19,
1958-07-20,
1958-07-21,
1958-07-22,
1958-07-23,
1958-07-24,
1958-07-25,
1958-07-26,
1958-07-27,
1958-07-28,
1958-07-29,
1958-07-30,
1958-07-31,
1958-08-01,
1958-08-02,
1958-08-03,
1958-08-04,
1958-08-05,
1958-08-06,
1958-08-07,
1958-08-08,
1958-08-09,
1958-08-10,
1958-08-11,
1958-08-12,
1958-08-13,
1958-08-14,
1958-08-15,
1958-08-16,
1958-08-17,
1958-08-18,
1958-08-19,
1958-08-20,
1958-08-21,
1958-08-22,
1958-08-23,
1958-08-24,
1958-08-25,
1958-08-26,
1958-08-27,
1958-08-28,
1958-08-29,
1958-08-30,
1958-08-31,
1958-09-01,
1958-09-02,
1958-09-03,
1958-09-04,
1958-09-05,
1958-09-06,
1958-09-07,
1958-09-08,
1958-09-09,
1958-09-10,
1958-09-11,
1958-09-12,
1958-09-13,
1958-09-14,
1958-09-15,
1958-09-16,
1958-09-17,
1958-09-18,
1958-09-19,
1958-09-20,
1958-09-21,
1958-09-22,
1958-09-23,
1958-09-24,
1958-09-25,
1958-09-26,
1958-09-27,
1958-09-28,
1958-09-29,
1958-09-30,
1958-10-01,
1958-10-02,
1958-10-03,
1958-10-04,
1958-10-05,
1958-10-06,
1958-10-07,
1958-10-08,
1958-10-09,
1958-10-10,
1958-10-11,
1958-10-12,
1958-10-13,
1958-10-14,
1958-10-15,
1958-10-16,
1958-10-17,
1958-10-18,
1958-10-19,
1958-10-20,
1958-10-21,
1958-10-22,
1958-10-23,
1958-10-24,
1958-10-25,
1958-10-26,
1958-10-27,
1958-10-28,
1958-10-29,
1958-10-30,
1958-10-31,
1958-11-01,
1958-11-02,
1958-11-03,
1958-11-04,
1958-11-05,
1958-11-06,
1958-11-07,
1958-11-08,
1958-11-09,
1958-11-10,
1958-11-11,
1958-11-12,
1958-11-13,
1958-11-14,
1958-11-15,
1958-11-16,
1958-11-17,
1958-11-18,
1958-11-19,
1958-11-20,
1958-11-21,
1958-11-22,
1958-11-23,
1958-11-24,
1958-11-25,
1958-11-26,
1958-11-27,
1958-11-28,
1958-11-29,
1958-11-30,
1958-12-01,
1958-12-02,
1958-12-03,
1958-12-04,
1958-12-05,
1958-12-06,
1958-12-07,
1958-12-08,
1958-12-09,
1958-12-10,
1958-12-11,
1958-12-12,
1958-12-13,
1958-12-14,
1958-12-15,
1958-12-16,
1958-12-17,
1958-12-18,
1958-12-19,
1958-12-20,
1958-12-21,
1958-12-22,
1958-12-23,
1958-12-24,
1958-12-25,
1958-12-26,
1958-12-27,
1958-12-28,
1958-12-29,
1958-12-30,
1958-12-31,
1959-01-01,
1959-01-02,
1959-01-03,
1959-01-04,
1959-01-05,
1959-01-06,
1959-01-07,
1959-01-08,
1959-01-09,
1959-01-10,
1959-01-11,
1959-01-12,
1959-01-13,
1959-01-14,
1959-01-15,
1959-01-16,
1959-01-17,
1959-01-18,
1959-01-19,
1959-01-20,
1959-01-21,
1959-01-22,
1959-01-23,
1959-01-24,
1959-01-25,
1959-01-26,
1959-01-27,
1959-01-28,
1959-01-29,
1959-01-30,
1959-01-31,
1959-02-01,
1959-02-02,
1959-02-03,
1959-02-04,
1959-02-05,
1959-02-06,
1959-02-07,
1959-02-08,
1959-02-09,
1959-02-10,
1959-02-11,
1959-02-12,
1959-02-13,
1959-02-14,
1959-02-15,
1959-02-16,
1959-02-17,
1959-02-18,
1959-02-19,
1959-02-20,
1959-02-21,
1959-02-22,
1959-02-23,
1959-02-24,
1959-02-25,
1959-02-26,
1959-02-27,
1959-02-28,
1959-03-01,
1959-03-02,
1959-03-03,
1959-03-04,
1959-03-05,
1959-03-06,
1959-03-07,
1959-03-08,
1959-03-09,
1959-03-10,
1959-03-11,
1959-03-12,
1959-03-13,
1959-03-14,
1959-03-15,
1959-03-16,
1959-03-17,
1959-03-18,
1959-03-19,
1959-03-20,
1959-03-21,
1959-03-22,
1959-03-23,
1959-03-24,
1959-03-25,
1959-03-26,
1959-03-27,
1959-03-28,
1959-03-29,
1959-03-30,
1959-03-31,
1959-04-01,
1959-04-02,
1959-04-03,
1959-04-04,
1959-04-05,
1959-04-06,
1959-04-07,
1959-04-08,
1959-04-09,
1959-04-10,
1959-04-11,
1959-04-12,
1959-04-13,
1959-04-14,
1959-04-15,
1959-04-16,
1959-04-17,
1959-04-18,
1959-04-19,
1959-04-20,
1959-04-21,
1959-04-22,
1959-04-23,
1959-04-24,
1959-04-25,
1959-04-26,
1959-04-27,
1959-04-28,
1959-04-29,
1959-04-30,
1959-05-01,
1959-05-02,
1959-05-03,
1959-05-04,
1959-05-05,
1959-05-06,
1959-05-07,
1959-05-08,
1959-05-09,
1959-05-10,
1959-05-11,
1959-05-12,
1959-05-13,
1959-05-14,
1959-05-15,
1959-05-16,
1959-05-17,
1959-05-18,
1959-05-19,
1959-05-20,
1959-05-21,
1959-05-22,
1959-05-23,
1959-05-24,
1959-05-25,
1959-05-26,
1959-05-27,
1959-05-28,
1959-05-29,
1959-05-30,
1959-05-31,
1959-06-01,
1959-06-02,
1959-06-03,
1959-06-04,
1959-06-05,
1959-06-06,
1959-06-07,
1959-06-08,
1959-06-09,
1959-06-10,
1959-06-11,
1959-06-12,
1959-06-13,
1959-06-14,
1959-06-15,
1959-06-16,
1959-06-17,
1959-06-18,
1959-06-19,
1959-06-20,
1959-06-21,
1959-06-22,
1959-06-23,
1959-06-24,
1959-06-25,
1959-06-26,
1959-06-27,
1959-06-28,
1959-06-29,
1959-06-30,
1959-07-01,
1959-07-02,
1959-07-03,
1959-07-04,
1959-07-05,
1959-07-06,
1959-07-07,
1959-07-08,
1959-07-09,
1959-07-10,
1959-07-11,
1959-07-12,
1959-07-13,
1959-07-14,
1959-07-15,
1959-07-16,
1959-07-17,
1959-07-18,
1959-07-19,
1959-07-20,
1959-07-21,
1959-07-22,
1959-07-23,
1959-07-24,
1959-07-25,
1959-07-26,
1959-07-27,
1959-07-28,
1959-07-29,
1959-07-30,
1959-07-31,
1959-08-01,
1959-08-02,
1959-08-03,
1959-08-04,
1959-08-05,
1959-08-06,
1959-08-07,
1959-08-08,
1959-08-09,
1959-08-10,
1959-08-11,
1959-08-12,
1959-08-13,
1959-08-14,
1959-08-15,
1959-08-16,
1959-08-17,
1959-08-18,
1959-08-19,
1959-08-20,
1959-08-21,
1959-08-22,
1959-08-23,
1959-08-24,
1959-08-25,
1959-08-26,
1959-08-27,
1959-08-28,
1959-08-29,
1959-08-30,
1959-08-31,
1959-09-01,
1959-09-02,
1959-09-03,
1959-09-04,
1959-09-05,
1959-09-06,
1959-09-07,
1959-09-08,
1959-09-09,
1959-09-10,
1959-09-11,
1959-09-12,
1959-09-13,
1959-09-14,
1959-09-15,
1959-09-16,
1959-09-17,
1959-09-18,
1959-09-19,
1959-09-20,
1959-09-21,
1959-09-22,
1959-09-23,
1959-09-24,
1959-09-25,
1959-09-26,
1959-09-27,
1959-09-28,
1959-09-29,
1959-09-30,
1959-10-01,
1959-10-02,
1959-10-03,
1959-10-04,
1959-10-05,
1959-10-06,
1959-10-07,
1959-10-08,
1959-10-09,
1959-10-10,
1959-10-11,
1959-10-12,
1959-10-13,
1959-10-14,
1959-10-15,
1959-10-16,
1959-10-17,
1959-10-18,
1959-10-19,
1959-10-20,
1959-10-21,
1959-10-22,
1959-10-23,
1959-10-24,
1959-10-25,
1959-10-26,
1959-10-27,
1959-10-28,
1959-10-29,
1959-10-30,
1959-10-31,
1959-11-01,
1959-11-02,
1959-11-03,
1959-11-04,
1959-11-05,
1959-11-06,
1959-11-07,
1959-11-08,
1959-11-09,
1959-11-10,
1959-11-11,
1959-11-12,
1959-11-13,
1959-11-14,
1959-11-15,
1959-11-16,
1959-11-17,
1959-11-18,
1959-11-19,
1959-11-20,
1959-11-21,
1959-11-22,
1959-11-23,
1959-11-24,
1959-11-25,
1959-11-26,
1959-11-27,
1959-11-28,
1959-11-29,
1959-11-30,
1959-12-01,
1959-12-02,
1959-12-03,
1959-12-04,
1959-12-05,
1959-12-06,
1959-12-07,
1959-12-08,
1959-12-09,
1959-12-10,
1959-12-11,
1959-12-12,
1959-12-13,
1959-12-14,
1959-12-15,
1959-12-16,
1959-12-17,
1959-12-18,
1959-12-19,
1959-12-20,
1959-12-21,
1959-12-22,
1959-12-23,
1959-12-24,
1959-12-25,
1959-12-26,
1959-12-27,
1959-12-28,
1959-12-29,
1959-12-30,
1959-12-31,
1960-01-01,
1960-01-02,
1960-01-03,
1960-01-04,
1960-01-05,
1960-01-06,
1960-01-07,
1960-01-08,
1960-01-09,
1960-01-10,
1960-01-11,
1960-01-12,
1960-01-13,
1960-01-14,
1960-01-15,
1960-01-16,
1960-01-17,
1960-01-18,
1960-01-19,
1960-01-20,
1960-01-21,
1960-01-22,
1960-01-23,
1960-01-24,
1960-01-25,
1960-01-26,
1960-01-27,
1960-01-28,
1960-01-29,
1960-01-30,
1960-01-31,
1960-02-01,
1960-02-02,
1960-02-03,
1960-02-04,
1960-02-05,
1960-02-06,
1960-02-07,
1960-02-08,
1960-02-09,
1960-02-10,
1960-02-11,
1960-02-12,
1960-02-13,
1960-02-14,
1960-02-15,
1960-02-16,
1960-02-17,
1960-02-18,
1960-02-19,
1960-02-20,
1960-02-21,
1960-02-22,
1960-02-23,
1960-02-24,
1960-02-25,
1960-02-26,
1960-02-27,
1960-02-28,
1960-02-29,
1960-03-01,
1960-03-02,
1960-03-03,
1960-03-04,
1960-03-05,
1960-03-06,
1960-03-07,
1960-03-08,
1960-03-09,
1960-03-10,
1960-03-11,
1960-03-12,
1960-03-13,
1960-03-14,
1960-03-15,
1960-03-16,
1960-03-17,
1960-03-18,
1960-03-19,
1960-03-20,
1960-03-21,
1960-03-22,
1960-03-23,
1960-03-24,
1960-03-25,
1960-03-26,
1960-03-27,
1960-03-28,
1960-03-29,
1960-03-30,
1960-03-31,
1960-04-01,
1960-04-02,
1960-04-03,
1960-04-04,
1960-04-05,
1960-04-06,
1960-04-07,
1960-04-08,
1960-04-09,
1960-04-10,
1960-04-11,
1960-04-12,
1960-04-13,
1960-04-14,
1960-04-15,
1960-04-16,
1960-04-17,
1960-04-18,
1960-04-19,
1960-04-20,
1960-04-21,
1960-04-22,
1960-04-23,
1960-04-24,
1960-04-25,
1960-04-26,
1960-04-27,
1960-04-28,
1960-04-29,
1960-04-30,
1960-05-01,
1960-05-02,
1960-05-03,
1960-05-04,
1960-05-05,
1960-05-06,
1960-05-07,
1960-05-08,
1960-05-09,
1960-05-10,
1960-05-11,
1960-05-12,
1960-05-13,
1960-05-14,
1960-05-15,
1960-05-16,
1960-05-17,
1960-05-18,
1960-05-19,
1960-05-20,
1960-05-21,
1960-05-22,
1960-05-23,
1960-05-24,
1960-05-25,
1960-05-26,
1960-05-27,
1960-05-28,
1960-05-29,
1960-05-30,
1960-05-31,
1960-06-01,
1960-06-02,
1960-06-03,
1960-06-04,
1960-06-05,
1960-06-06,
1960-06-07,
1960-06-08,
1960-06-09,
1960-06-10,
1960-06-11,
1960-06-12,
1960-06-13,
1960-06-14,
1960-06-15,
1960-06-16,
1960-06-17,
1960-06-18,
1960-06-19,
1960-06-20,
1960-06-21,
1960-06-22,
1960-06-23,
1960-06-24,
1960-06-25,
1960-06-26,
1960-06-27,
1960-06-28,
1960-06-29,
1960-06-30,
1960-07-01,
1960-07-02,
1960-07-03,
1960-07-04,
1960-07-05,
1960-07-06,
1960-07-07,
1960-07-08,
1960-07-09,
1960-07-10,
1960-07-11,
1960-07-12,
1960-07-13,
1960-07-14,
1960-07-15,
1960-07-16,
1960-07-17,
1960-07-18,
1960-07-19,
1960-07-20,
1960-07-21,
1960-07-22,
1960-07-23,
1960-07-24,
1960-07-25,
1960-07-26,
1960-07-27,
1960-07-28,
1960-07-29,
1960-07-30,
1960-07-31,
1960-08-01,
1960-08-02,
1960-08-03,
1960-08-04,
1960-08-05,
1960-08-06,
1960-08-07,
1960-08-08,
1960-08-09,
1960-08-10,
1960-08-11,
1960-08-12,
1960-08-13,
1960-08-14,
1960-08-15,
1960-08-16,
1960-08-17,
1960-08-18,
1960-08-19,
1960-08-20,
1960-08-21,
1960-08-22,
1960-08-23,
1960-08-24,
1960-08-25,
1960-08-26,
1960-08-27,
1960-08-28,
1960-08-29,
1960-08-30,
1960-08-31,
1960-09-01,
1960-09-02,
1960-09-03,
1960-09-04,
1960-09-05,
1960-09-06,
1960-09-07,
1960-09-08,
1960-09-09,
1960-09-10,
1960-09-11,
1960-09-12,
1960-09-13,
1960-09-14,
1960-09-15,
1960-09-16,
1960-09-17,
1960-09-18,
1960-09-19,
1960-09-20,
1960-09-21,
1960-09-22,
1960-09-23,
1960-09-24,
1960-09-25,
1960-09-26,
1960-09-27,
1960-09-28,
1960-09-29,
1960-09-30,
1960-10-01,
1960-10-02,
1960-10-03,
1960-10-04,
1960-10-05,
1960-10-06,
1960-10-07,
1960-10-08,
1960-10-09,
1960-10-10,
1960-10-11,
1960-10-12,
1960-10-13,
1960-10-14,
1960-10-15,
1960-10-16,
1960-10-17,
1960-10-18,
1960-10-19,
1960-10-20,
1960-10-21,
1960-10-22,
1960-10-23,
1960-10-24,
1960-10-25,
1960-10-26,
1960-10-27,
1960-10-28,
1960-10-29,
1960-10-30,
1960-10-31,
1960-11-01,
1960-11-02,
1960-11-03,
1960-11-04,
1960-11-05,
1960-11-06,
1960-11-07,
1960-11-08,
1960-11-09,
1960-11-10,
1960-11-11,
1960-11-12,
1960-11-13,
1960-11-14,
1960-11-15,
1960-11-16,
1960-11-17,
1960-11-18,
1960-11-19,
1960-11-20,
1960-11-21,
1960-11-22,
1960-11-23,
1960-11-24,
1960-11-25,
1960-11-26,
1960-11-27,
1960-11-28,
1960-11-29,
1960-11-30,
1960-12-01,
1960-12-02,
1960-12-03,
1960-12-04,
1960-12-05,
1960-12-06,
1960-12-07,
1960-12-08,
1960-12-09,
1960-12-10,
1960-12-11,
1960-12-12,
1960-12-13,
1960-12-14,
1960-12-15,
1960-12-16,
1960-12-17,
1960-12-18,
1960-12-19,
1960-12-20,
1960-12-21,
1960-12-22,
1960-12-23,
1960-12-24,
1960-12-25,
1960-12-26,
1960-12-27,
1960-12-28,
1960-12-29,
1960-12-30,
1960-12-31,
1961-01-01,
1961-01-02,
1961-01-03,
1961-01-04,
1961-01-05,
1961-01-06,
1961-01-07,
1961-01-08,
1961-01-09,
1961-01-10,
1961-01-11,
1961-01-12,
1961-01-13,
1961-01-14,
1961-01-15,
1961-01-16,
1961-01-17,
1961-01-18,
1961-01-19,
1961-01-20,
1961-01-21,
1961-01-22,
1961-01-23,
1961-01-24,
1961-01-25,
1961-01-26,
1961-01-27,
1961-01-28,
1961-01-29,
1961-01-30,
1961-01-31,
1961-02-01,
1961-02-02,
1961-02-03,
1961-02-04,
1961-02-05,
1961-02-06,
1961-02-07,
1961-02-08,
1961-02-09,
1961-02-10,
1961-02-11,
1961-02-12,
1961-02-13,
1961-02-14,
1961-02-15,
1961-02-16,
1961-02-17,
1961-02-18,
1961-02-19,
1961-02-20,
1961-02-21,
1961-02-22,
1961-02-23,
1961-02-24,
1961-02-25,
1961-02-26,
1961-02-27,
1961-02-28,
1961-03-01,
1961-03-02,
1961-03-03,
1961-03-04,
1961-03-05,
1961-03-06,
1961-03-07,
1961-03-08,
1961-03-09,
1961-03-10,
1961-03-11,
1961-03-12,
1961-03-13,
1961-03-14,
1961-03-15,
1961-03-16,
1961-03-17,
1961-03-18,
1961-03-19,
1961-03-20,
1961-03-21,
1961-03-22,
1961-03-23,
1961-03-24,
1961-03-25,
1961-03-26,
1961-03-27,
1961-03-28,
1961-03-29,
1961-03-30,
1961-03-31,
1961-04-01,
1961-04-02,
1961-04-03,
1961-04-04,
1961-04-05,
1961-04-06,
1961-04-07,
1961-04-08,
1961-04-09,
1961-04-10,
1961-04-11,
1961-04-12,
1961-04-13,
1961-04-14,
1961-04-15,
1961-04-16,
1961-04-17,
1961-04-18,
1961-04-19,
1961-04-20,
1961-04-21,
1961-04-22,
1961-04-23,
1961-04-24,
1961-04-25,
1961-04-26,
1961-04-27,
1961-04-28,
1961-04-29,
1961-04-30,
1961-05-01,
1961-05-02,
1961-05-03,
1961-05-04,
1961-05-05,
1961-05-06,
1961-05-07,
1961-05-08,
1961-05-09,
1961-05-10,
1961-05-11,
1961-05-12,
1961-05-13,
1961-05-14,
1961-05-15,
1961-05-16,
1961-05-17,
1961-05-18,
1961-05-19,
1961-05-20,
1961-05-21,
1961-05-22,
1961-05-23,
1961-05-24,
1961-05-25,
1961-05-26,
1961-05-27,
1961-05-28,
1961-05-29,
1961-05-30,
1961-05-31,
1961-06-01,
1961-06-02,
1961-06-03,
1961-06-04,
1961-06-05,
1961-06-06,
1961-06-07,
1961-06-08,
1961-06-09,
1961-06-10,
1961-06-11,
1961-06-12,
1961-06-13,
1961-06-14,
1961-06-15,
1961-06-16,
1961-06-17,
1961-06-18,
1961-06-19,
1961-06-20,
1961-06-21,
1961-06-22,
1961-06-23,
1961-06-24,
1961-06-25,
1961-06-26,
1961-06-27,
1961-06-28,
1961-06-29,
1961-06-30,
1961-07-01,
1961-07-02,
1961-07-03,
1961-07-04,
1961-07-05,
1961-07-06,
1961-07-07,
1961-07-08,
1961-07-09,
1961-07-10,
1961-07-11,
1961-07-12,
1961-07-13,
1961-07-14,
1961-07-15,
1961-07-16,
1961-07-17,
1961-07-18,
1961-07-19,
1961-07-20,
1961-07-21,
1961-07-22,
1961-07-23,
1961-07-24,
1961-07-25,
1961-07-26,
1961-07-27,
1961-07-28,
1961-07-29,
1961-07-30,
1961-07-31,
1961-08-01,
1961-08-02,
1961-08-03,
1961-08-04,
1961-08-05,
1961-08-06,
1961-08-07,
1961-08-08,
1961-08-09,
1961-08-10,
1961-08-11,
1961-08-12,
1961-08-13,
1961-08-14,
1961-08-15,
1961-08-16,
1961-08-17,
1961-08-18,
1961-08-19,
1961-08-20,
1961-08-21,
1961-08-22,
1961-08-23,
1961-08-24,
1961-08-25,
1961-08-26,
1961-08-27,
1961-08-28,
1961-08-29,
1961-08-30,
1961-08-31,
1961-09-01,
1961-09-02,
1961-09-03,
1961-09-04,
1961-09-05,
1961-09-06,
1961-09-07,
1961-09-08,
1961-09-09,
1961-09-10,
1961-09-11,
1961-09-12,
1961-09-13,
1961-09-14,
1961-09-15,
1961-09-16,
1961-09-17,
1961-09-18,
1961-09-19,
1961-09-20,
1961-09-21,
1961-09-22,
1961-09-23,
1961-09-24,
1961-09-25,
1961-09-26,
1961-09-27,
1961-09-28,
1961-09-29,
1961-09-30,
1961-10-01,
1961-10-02,
1961-10-03,
1961-10-04,
1961-10-05,
1961-10-06,
1961-10-07,
1961-10-08,
1961-10-09,
1961-10-10,
1961-10-11,
1961-10-12,
1961-10-13,
1961-10-14,
1961-10-15,
1961-10-16,
1961-10-17,
1961-10-18,
1961-10-19,
1961-10-20,
1961-10-21,
1961-10-22,
1961-10-23,
1961-10-24,
1961-10-25,
1961-10-26,
1961-10-27,
1961-10-28,
1961-10-29,
1961-10-30,
1961-10-31,
1961-11-01,
1961-11-02,
1961-11-03,
1961-11-04,
1961-11-05,
1961-11-06,
1961-11-07,
1961-11-08,
1961-11-09,
1961-11-10,
1961-11-11,
1961-11-12,
1961-11-13,
1961-11-14,
1961-11-15,
1961-11-16,
1961-11-17,
1961-11-18,
1961-11-19,
1961-11-20,
1961-11-21,
1961-11-22,
1961-11-23,
1961-11-24,
1961-11-25,
1961-11-26,
1961-11-27,
1961-11-28,
1961-11-29,
1961-11-30,
1961-12-01,
1961-12-02,
1961-12-03,
1961-12-04,
1961-12-05,
1961-12-06,
1961-12-07,
1961-12-08,
1961-12-09,
1961-12-10,
1961-12-11,
1961-12-12,
1961-12-13,
1961-12-14,
1961-12-15,
1961-12-16,
1961-12-17,
1961-12-18,
1961-12-19,
1961-12-20,
1961-12-21,
1961-12-22,
1961-12-23,
1961-12-24,
1961-12-25,
1961-12-26,
1961-12-27,
1961-12-28,
1961-12-29,
1961-12-30,
1961-12-31,
1962-01-01,
1962-01-02,
1962-01-03,
1962-01-04,
1962-01-05,
1962-01-06,
1962-01-07,
1962-01-08,
1962-01-09,
1962-01-10,
1962-01-11,
1962-01-12,
1962-01-13,
1962-01-14,
1962-01-15,
1962-01-16,
1962-01-17,
1962-01-18,
1962-01-19,
1962-01-20,
1962-01-21,
1962-01-22,
1962-01-23,
1962-01-24,
1962-01-25,
1962-01-26,
1962-01-27,
1962-01-28,
1962-01-29,
1962-01-30,
1962-01-31,
1962-02-01,
1962-02-02,
1962-02-03,
1962-02-04,
1962-02-05,
1962-02-06,
1962-02-07,
1962-02-08,
1962-02-09,
1962-02-10,
1962-02-11,
1962-02-12,
1962-02-13,
1962-02-14,
1962-02-15,
1962-02-16,
1962-02-17,
1962-02-18,
1962-02-19,
1962-02-20,
1962-02-21,
1962-02-22,
1962-02-23,
1962-02-24,
1962-02-25,
1962-02-26,
1962-02-27,
1962-02-28,
1962-03-01,
1962-03-02,
1962-03-03,
1962-03-04,
1962-03-05,
1962-03-06,
1962-03-07,
1962-03-08,
1962-03-09,
1962-03-10,
1962-03-11,
1962-03-12,
1962-03-13,
1962-03-14,
1962-03-15,
1962-03-16,
1962-03-17,
1962-03-18,
1962-03-19,
1962-03-20,
1962-03-21,
1962-03-22,
1962-03-23,
1962-03-24,
1962-03-25,
1962-03-26,
1962-03-27,
1962-03-28,
1962-03-29,
1962-03-30,
1962-03-31,
1962-04-01,
1962-04-02,
1962-04-03,
1962-04-04,
1962-04-05,
1962-04-06,
1962-04-07,
1962-04-08,
1962-04-09,
1962-04-10,
1962-04-11,
1962-04-12,
1962-04-13,
1962-04-14,
1962-04-15,
1962-04-16,
1962-04-17,
1962-04-18,
1962-04-19,
1962-04-20,
1962-04-21,
1962-04-22,
1962-04-23,
1962-04-24,
1962-04-25,
1962-04-26,
1962-04-27,
1962-04-28,
1962-04-29,
1962-04-30,
1962-05-01,
1962-05-02,
1962-05-03,
1962-05-04,
1962-05-05,
1962-05-06,
1962-05-07,
1962-05-08,
1962-05-09,
1962-05-10,
1962-05-11,
1962-05-12,
1962-05-13,
1962-05-14,
1962-05-15,
1962-05-16,
1962-05-17,
1962-05-18,
1962-05-19,
1962-05-20,
1962-05-21,
1962-05-22,
1962-05-23,
1962-05-24,
1962-05-25,
1962-05-26,
1962-05-27,
1962-05-28,
1962-05-29,
1962-05-30,
1962-05-31,
1962-06-01,
1962-06-02,
1962-06-03,
1962-06-04,
1962-06-05,
1962-06-06,
1962-06-07,
1962-06-08,
1962-06-09,
1962-06-10,
1962-06-11,
1962-06-12,
1962-06-13,
1962-06-14,
1962-06-15,
1962-06-16,
1962-06-17,
1962-06-18,
1962-06-19,
1962-06-20,
1962-06-21,
1962-06-22,
1962-06-23,
1962-06-24,
1962-06-25,
1962-06-26,
1962-06-27,
1962-06-28,
1962-06-29,
1962-06-30,
1962-07-01,
1962-07-02,
1962-07-03,
1962-07-04,
1962-07-05,
1962-07-06,
1962-07-07,
1962-07-08,
1962-07-09,
1962-07-10,
1962-07-11,
1962-07-12,
1962-07-13,
1962-07-14,
1962-07-15,
1962-07-16,
1962-07-17,
1962-07-18,
1962-07-19,
1962-07-20,
1962-07-21,
1962-07-22,
1962-07-23,
1962-07-24,
1962-07-25,
1962-07-26,
1962-07-27,
1962-07-28,
1962-07-29,
1962-07-30,
1962-07-31,
1962-08-01,
1962-08-02,
1962-08-03,
1962-08-04,
1962-08-05,
1962-08-06,
1962-08-07,
1962-08-08,
1962-08-09,
1962-08-10,
1962-08-11,
1962-08-12,
1962-08-13,
1962-08-14,
1962-08-15,
1962-08-16,
1962-08-17,
1962-08-18,
1962-08-19,
1962-08-20,
1962-08-21,
1962-08-22,
1962-08-23,
1962-08-24,
1962-08-25,
1962-08-26,
1962-08-27,
1962-08-28,
1962-08-29,
1962-08-30,
1962-08-31,
1962-09-01,
1962-09-02,
1962-09-03,
1962-09-04,
1962-09-05,
1962-09-06,
1962-09-07,
1962-09-08,
1962-09-09,
1962-09-10,
1962-09-11,
1962-09-12,
1962-09-13,
1962-09-14,
1962-09-15,
1962-09-16,
1962-09-17,
1962-09-18,
1962-09-19,
1962-09-20,
1962-09-21,
1962-09-22,
1962-09-23,
1962-09-24,
1962-09-25,
1962-09-26,
1962-09-27,
1962-09-28,
1962-09-29,
1962-09-30,
1962-10-01,
1962-10-02,
1962-10-03,
1962-10-04,
1962-10-05,
1962-10-06,
1962-10-07,
1962-10-08,
1962-10-09,
1962-10-10,
1962-10-11,
1962-10-12,
1962-10-13,
1962-10-14,
1962-10-15,
1962-10-16,
1962-10-17,
1962-10-18,
1962-10-19,
1962-10-20,
1962-10-21,
1962-10-22,
1962-10-23,
1962-10-24,
1962-10-25,
1962-10-26,
1962-10-27,
1962-10-28,
1962-10-29,
1962-10-30,
1962-10-31,
1962-11-01,
1962-11-02,
1962-11-03,
1962-11-04,
1962-11-05,
1962-11-06,
1962-11-07,
1962-11-08,
1962-11-09,
1962-11-10,
1962-11-11,
1962-11-12,
1962-11-13,
1962-11-14,
1962-11-15,
1962-11-16,
1962-11-17,
1962-11-18,
1962-11-19,
1962-11-20,
1962-11-21,
1962-11-22,
1962-11-23,
1962-11-24,
1962-11-25,
1962-11-26,
1962-11-27,
1962-11-28,
1962-11-29,
1962-11-30,
1962-12-01,
1962-12-02,
1962-12-03,
1962-12-04,
1962-12-05,
1962-12-06,
1962-12-07,
1962-12-08,
1962-12-09,
1962-12-10,
1962-12-11,
1962-12-12,
1962-12-13,
1962-12-14,
1962-12-15,
1962-12-16,
1962-12-17,
1962-12-18,
1962-12-19,
1962-12-20,
1962-12-21,
1962-12-22,
1962-12-23,
1962-12-24,
1962-12-25,
1962-12-26,
1962-12-27,
1962-12-28,
1962-12-29,
1962-12-30,
1962-12-31,
1963-01-01,
1963-01-02,
1963-01-03,
1963-01-04,
1963-01-05,
1963-01-06,
1963-01-07,
1963-01-08,
1963-01-09,
1963-01-10,
1963-01-11,
1963-01-12,
1963-01-13,
1963-01-14,
1963-01-15,
1963-01-16,
1963-01-17,
1963-01-18,
1963-01-19,
1963-01-20,
1963-01-21,
1963-01-22,
1963-01-23,
1963-01-24,
1963-01-25,
1963-01-26,
1963-01-27,
1963-01-28,
1963-01-29,
1963-01-30,
1963-01-31,
1963-02-01,
1963-02-02,
1963-02-03,
1963-02-04,
1963-02-05,
1963-02-06,
1963-02-07,
1963-02-08,
1963-02-09,
1963-02-10,
1963-02-11,
1963-02-12,
1963-02-13,
1963-02-14,
1963-02-15,
1963-02-16,
1963-02-17,
1963-02-18,
1963-02-19,
1963-02-20,
1963-02-21,
1963-02-22,
1963-02-23,
1963-02-24,
1963-02-25,
1963-02-26,
1963-02-27,
1963-02-28,
1963-03-01,
1963-03-02,
1963-03-03,
1963-03-04,
1963-03-05,
1963-03-06,
1963-03-07,
1963-03-08,
1963-03-09,
1963-03-10,
1963-03-11,
1963-03-12,
1963-03-13,
1963-03-14,
1963-03-15,
1963-03-16,
1963-03-17,
1963-03-18,
1963-03-19,
1963-03-20,
1963-03-21,
1963-03-22,
1963-03-23,
1963-03-24,
1963-03-25,
1963-03-26,
1963-03-27,
1963-03-28,
1963-03-29,
1963-03-30,
1963-03-31,
1963-04-01,
1963-04-02,
1963-04-03,
1963-04-04,
1963-04-05,
1963-04-06,
1963-04-07,
1963-04-08,
1963-04-09,
1963-04-10,
1963-04-11,
1963-04-12,
1963-04-13,
1963-04-14,
1963-04-15,
1963-04-16,
1963-04-17,
1963-04-18,
1963-04-19,
1963-04-20,
1963-04-21,
1963-04-22,
1963-04-23,
1963-04-24,
1963-04-25,
1963-04-26,
1963-04-27,
1963-04-28,
1963-04-29,
1963-04-30,
1963-05-01,
1963-05-02,
1963-05-03,
1963-05-04,
1963-05-05,
1963-05-06,
1963-05-07,
1963-05-08,
1963-05-09,
1963-05-10,
1963-05-11,
1963-05-12,
1963-05-13,
1963-05-14,
1963-05-15,
1963-05-16,
1963-05-17,
1963-05-18,
1963-05-19,
1963-05-20,
1963-05-21,
1963-05-22,
1963-05-23,
1963-05-24,
1963-05-25,
1963-05-26,
1963-05-27,
1963-05-28,
1963-05-29,
1963-05-30,
1963-05-31,
1963-06-01,
1963-06-02,
1963-06-03,
1963-06-04,
1963-06-05,
1963-06-06,
1963-06-07,
1963-06-08,
1963-06-09,
1963-06-10,
1963-06-11,
1963-06-12,
1963-06-13,
1963-06-14,
1963-06-15,
1963-06-16,
1963-06-17,
1963-06-18,
1963-06-19,
1963-06-20,
1963-06-21,
1963-06-22,
1963-06-23,
1963-06-24,
1963-06-25,
1963-06-26,
1963-06-27,
1963-06-28,
1963-06-29,
1963-06-30,
1963-07-01,
1963-07-02,
1963-07-03,
1963-07-04,
1963-07-05,
1963-07-06,
1963-07-07,
1963-07-08,
1963-07-09,
1963-07-10,
1963-07-11,
1963-07-12,
1963-07-13,
1963-07-14,
1963-07-15,
1963-07-16,
1963-07-17,
1963-07-18,
1963-07-19,
1963-07-20,
1963-07-21,
1963-07-22,
1963-07-23,
1963-07-24,
1963-07-25,
1963-07-26,
1963-07-27,
1963-07-28,
1963-07-29,
1963-07-30,
1963-07-31,
1963-08-01,
1963-08-02,
1963-08-03,
1963-08-04,
1963-08-05,
1963-08-06,
1963-08-07,
1963-08-08,
1963-08-09,
1963-08-10,
1963-08-11,
1963-08-12,
1963-08-13,
1963-08-14,
1963-08-15,
1963-08-16,
1963-08-17,
1963-08-18,
1963-08-19,
1963-08-20,
1963-08-21,
1963-08-22,
1963-08-23,
1963-08-24,
1963-08-25,
1963-08-26,
1963-08-27,
1963-08-28,
1963-08-29,
1963-08-30,
1963-08-31,
1963-09-01,
1963-09-02,
1963-09-03,
1963-09-04,
1963-09-05,
1963-09-06,
1963-09-07,
1963-09-08,
1963-09-09,
1963-09-10,
1963-09-11,
1963-09-12,
1963-09-13,
1963-09-14,
1963-09-15,
1963-09-16,
1963-09-17,
1963-09-18,
1963-09-19,
1963-09-20,
1963-09-21,
1963-09-22,
1963-09-23,
1963-09-24,
1963-09-25,
1963-09-26,
1963-09-27,
1963-09-28,
1963-09-29,
1963-09-30,
1963-10-01,
1963-10-02,
1963-10-03,
1963-10-04,
1963-10-05,
1963-10-06,
1963-10-07,
1963-10-08,
1963-10-09,
1963-10-10,
1963-10-11,
1963-10-12,
1963-10-13,
1963-10-14,
1963-10-15,
1963-10-16,
1963-10-17,
1963-10-18,
1963-10-19,
1963-10-20,
1963-10-21,
1963-10-22,
1963-10-23,
1963-10-24,
1963-10-25,
1963-10-26,
1963-10-27,
1963-10-28,
1963-10-29,
1963-10-30,
1963-10-31,
1963-11-01,
1963-11-02,
1963-11-03,
1963-11-04,
1963-11-05,
1963-11-06,
1963-11-07,
1963-11-08,
1963-11-09,
1963-11-10,
1963-11-11,
1963-11-12,
1963-11-13,
1963-11-14,
1963-11-15,
1963-11-16,
1963-11-17,
1963-11-18,
1963-11-19,
1963-11-20,
1963-11-21,
1963-11-22,
1963-11-23,
1963-11-24,
1963-11-25,
1963-11-26,
1963-11-27,
1963-11-28,
1963-11-29,
1963-11-30,
1963-12-01,
1963-12-02,
1963-12-03,
1963-12-04,
1963-12-05,
1963-12-06,
1963-12-07,
1963-12-08,
1963-12-09,
1963-12-10,
1963-12-11,
1963-12-12,
1963-12-13,
1963-12-14,
1963-12-15,
1963-12-16,
1963-12-17,
1963-12-18,
1963-12-19,
1963-12-20,
1963-12-21,
1963-12-22,
1963-12-23,
1963-12-24,
1963-12-25,
1963-12-26,
1963-12-27,
1963-12-28,
1963-12-29,
1963-12-30,
1963-12-31,
1964-01-01,
1964-01-02,
1964-01-03,
1964-01-04,
1964-01-05,
1964-01-06,
1964-01-07,
1964-01-08,
1964-01-09,
1964-01-10,
1964-01-11,
1964-01-12,
1964-01-13,
1964-01-14,
1964-01-15,
1964-01-16,
1964-01-17,
1964-01-18,
1964-01-19,
1964-01-20,
1964-01-21,
1964-01-22,
1964-01-23,
1964-01-24,
1964-01-25,
1964-01-26,
1964-01-27,
1964-01-28,
1964-01-29,
1964-01-30,
1964-01-31,
1964-02-01,
1964-02-02,
1964-02-03,
1964-02-04,
1964-02-05,
1964-02-06,
1964-02-07,
1964-02-08,
1964-02-09,
1964-02-10,
1964-02-11,
1964-02-12,
1964-02-13,
1964-02-14,
1964-02-15,
1964-02-16,
1964-02-17,
1964-02-18,
1964-02-19,
1964-02-20,
1964-02-21,
1964-02-22,
1964-02-23,
1964-02-24,
1964-02-25,
1964-02-26,
1964-02-27,
1964-02-28,
1964-02-29,
1964-03-01,
1964-03-02,
1964-03-03,
1964-03-04,
1964-03-05,
1964-03-06,
1964-03-07,
1964-03-08,
1964-03-09,
1964-03-10,
1964-03-11,
1964-03-12,
1964-03-13,
1964-03-14,
1964-03-15,
1964-03-16,
1964-03-17,
1964-03-18,
1964-03-19,
1964-03-20,
1964-03-21,
1964-03-22,
1964-03-23,
1964-03-24,
1964-03-25,
1964-03-26,
1964-03-27,
1964-03-28,
1964-03-29,
1964-03-30,
1964-03-31,
1964-04-01,
1964-04-02,
1964-04-03,
1964-04-04,
1964-04-05,
1964-04-06,
1964-04-07,
1964-04-08,
1964-04-09,
1964-04-10,
1964-04-11,
1964-04-12,
1964-04-13,
1964-04-14,
1964-04-15,
1964-04-16,
1964-04-17,
1964-04-18,
1964-04-19,
1964-04-20,
1964-04-21,
1964-04-22,
1964-04-23,
1964-04-24,
1964-04-25,
1964-04-26,
1964-04-27,
1964-04-28,
1964-04-29,
1964-04-30,
1964-05-01,
1964-05-02,
1964-05-03,
1964-05-04,
1964-05-05,
1964-05-06,
1964-05-07,
1964-05-08,
1964-05-09,
1964-05-10,
1964-05-11,
1964-05-12,
1964-05-13,
1964-05-14,
1964-05-15,
1964-05-16,
1964-05-17,
1964-05-18,
1964-05-19,
1964-05-20,
1964-05-21,
1964-05-22,
1964-05-23,
1964-05-24,
1964-05-25,
1964-05-26,
1964-05-27,
1964-05-28,
1964-05-29,
1964-05-30,
1964-05-31,
1964-06-01,
1964-06-02,
1964-06-03,
1964-06-04,
1964-06-05,
1964-06-06,
1964-06-07,
1964-06-08,
1964-06-09,
1964-06-10,
1964-06-11,
1964-06-12,
1964-06-13,
1964-06-14,
1964-06-15,
1964-06-16,
1964-06-17,
1964-06-18,
1964-06-19,
1964-06-20,
1964-06-21,
1964-06-22,
1964-06-23,
1964-06-24,
1964-06-25,
1964-06-26,
1964-06-27,
1964-06-28,
1964-06-29,
1964-06-30,
1964-07-01,
1964-07-02,
1964-07-03,
1964-07-04,
1964-07-05,
1964-07-06,
1964-07-07,
1964-07-08,
1964-07-09,
1964-07-10,
1964-07-11,
1964-07-12,
1964-07-13,
1964-07-14,
1964-07-15,
1964-07-16,
1964-07-17,
1964-07-18,
1964-07-19,
1964-07-20,
1964-07-21,
1964-07-22,
1964-07-23,
1964-07-24,
1964-07-25,
1964-07-26,
1964-07-27,
1964-07-28,
1964-07-29,
1964-07-30,
1964-07-31,
1964-08-01,
1964-08-02,
1964-08-03,
1964-08-04,
1964-08-05,
1964-08-06,
1964-08-07,
1964-08-08,
1964-08-09,
1964-08-10,
1964-08-11,
1964-08-12,
1964-08-13,
1964-08-14,
1964-08-15,
1964-08-16,
1964-08-17,
1964-08-18,
1964-08-19,
1964-08-20,
1964-08-21,
1964-08-22,
1964-08-23,
1964-08-24,
1964-08-25,
1964-08-26,
1964-08-27,
1964-08-28,
1964-08-29,
1964-08-30,
1964-08-31,
1964-09-01,
1964-09-02,
1964-09-03,
1964-09-04,
1964-09-05,
1964-09-06,
1964-09-07,
1964-09-08,
1964-09-09,
1964-09-10,
1964-09-11,
1964-09-12,
1964-09-13,
1964-09-14,
1964-09-15,
1964-09-16,
1964-09-17,
1964-09-18,
1964-09-19,
1964-09-20,
1964-09-21,
1964-09-22,
1964-09-23,
1964-09-24,
1964-09-25,
1964-09-26,
1964-09-27,
1964-09-28,
1964-09-29,
1964-09-30,
1964-10-01,
1964-10-02,
1964-10-03,
1964-10-04,
1964-10-05,
1964-10-06,
1964-10-07,
1964-10-08,
1964-10-09,
1964-10-10,
1964-10-11,
1964-10-12,
1964-10-13,
1964-10-14,
1964-10-15,
1964-10-16,
1964-10-17,
1964-10-18,
1964-10-19,
1964-10-20,
1964-10-21,
1964-10-22,
1964-10-23,
1964-10-24,
1964-10-25,
1964-10-26,
1964-10-27,
1964-10-28,
1964-10-29,
1964-10-30,
1964-10-31,
1964-11-01,
1964-11-02,
1964-11-03,
1964-11-04,
1964-11-05,
1964-11-06,
1964-11-07,
1964-11-08,
1964-11-09,
1964-11-10,
1964-11-11,
1964-11-12,
1964-11-13,
1964-11-14,
1964-11-15,
1964-11-16,
1964-11-17,
1964-11-18,
1964-11-19,
1964-11-20,
1964-11-21,
1964-11-22,
1964-11-23,
1964-11-24,
1964-11-25,
1964-11-26,
1964-11-27,
1964-11-28,
1964-11-29,
1964-11-30,
1964-12-01,
1964-12-02,
1964-12-03,
1964-12-04,
1964-12-05,
1964-12-06,
1964-12-07,
1964-12-08,
1964-12-09,
1964-12-10,
1964-12-11,
1964-12-12,
1964-12-13,
1964-12-14,
1964-12-15,
1964-12-16,
1964-12-17,
1964-12-18,
1964-12-19,
1964-12-20,
1964-12-21,
1964-12-22,
1964-12-23,
1964-12-24,
1964-12-25,
1964-12-26,
1964-12-27,
1964-12-28,
1964-12-29,
1964-12-30,
1964-12-31,
1965-01-01,
1965-01-02,
1965-01-03,
1965-01-04,
1965-01-05,
1965-01-06,
1965-01-07,
1965-01-08,
1965-01-09,
1965-01-10,
1965-01-11,
1965-01-12,
1965-01-13,
1965-01-14,
1965-01-15,
1965-01-16,
1965-01-17,
1965-01-18,
1965-01-19,
1965-01-20,
1965-01-21,
1965-01-22,
1965-01-23,
1965-01-24,
1965-01-25,
1965-01-26,
1965-01-27,
1965-01-28,
1965-01-29,
1965-01-30,
1965-01-31,
1965-02-01,
1965-02-02,
1965-02-03,
1965-02-04,
1965-02-05,
1965-02-06,
1965-02-07,
1965-02-08,
1965-02-09,
1965-02-10,
1965-02-11,
1965-02-12,
1965-02-13,
1965-02-14,
1965-02-15,
1965-02-16,
1965-02-17,
1965-02-18,
1965-02-19,
1965-02-20,
1965-02-21,
1965-02-22,
1965-02-23,
1965-02-24,
1965-02-25,
1965-02-26,
1965-02-27,
1965-02-28,
1965-03-01,
1965-03-02,
1965-03-03,
1965-03-04,
1965-03-05,
1965-03-06,
1965-03-07,
1965-03-08,
1965-03-09,
1965-03-10,
1965-03-11,
1965-03-12,
1965-03-13,
1965-03-14,
1965-03-15,
1965-03-16,
1965-03-17,
1965-03-18,
1965-03-19,
1965-03-20,
1965-03-21,
1965-03-22,
1965-03-23,
1965-03-24,
1965-03-25,
1965-03-26,
1965-03-27,
1965-03-28,
1965-03-29,
1965-03-30,
1965-03-31,
1965-04-01,
1965-04-02,
1965-04-03,
1965-04-04,
1965-04-05,
1965-04-06,
1965-04-07,
1965-04-08,
1965-04-09,
1965-04-10,
1965-04-11,
1965-04-12,
1965-04-13,
1965-04-14,
1965-04-15,
1965-04-16,
1965-04-17,
1965-04-18,
1965-04-19,
1965-04-20,
1965-04-21,
1965-04-22,
1965-04-23,
1965-04-24,
1965-04-25,
1965-04-26,
1965-04-27,
1965-04-28,
1965-04-29,
1965-04-30,
1965-05-01,
1965-05-02,
1965-05-03,
1965-05-04,
1965-05-05,
1965-05-06,
1965-05-07,
1965-05-08,
1965-05-09,
1965-05-10,
1965-05-11,
1965-05-12,
1965-05-13,
1965-05-14,
1965-05-15,
1965-05-16,
1965-05-17,
1965-05-18,
1965-05-19,
1965-05-20,
1965-05-21,
1965-05-22,
1965-05-23,
1965-05-24,
1965-05-25,
1965-05-26,
1965-05-27,
1965-05-28,
1965-05-29,
1965-05-30,
1965-05-31,
1965-06-01,
1965-06-02,
1965-06-03,
1965-06-04,
1965-06-05,
1965-06-06,
1965-06-07,
1965-06-08,
1965-06-09,
1965-06-10,
1965-06-11,
1965-06-12,
1965-06-13,
1965-06-14,
1965-06-15,
1965-06-16,
1965-06-17,
1965-06-18,
1965-06-19,
1965-06-20,
1965-06-21,
1965-06-22,
1965-06-23,
1965-06-24,
1965-06-25,
1965-06-26,
1965-06-27,
1965-06-28,
1965-06-29,
1965-06-30,
1965-07-01,
1965-07-02,
1965-07-03,
1965-07-04,
1965-07-05,
1965-07-06,
1965-07-07,
1965-07-08,
1965-07-09,
1965-07-10,
1965-07-11,
1965-07-12,
1965-07-13,
1965-07-14,
1965-07-15,
1965-07-16,
1965-07-17,
1965-07-18,
1965-07-19,
1965-07-20,
1965-07-21,
1965-07-22,
1965-07-23,
1965-07-24,
1965-07-25,
1965-07-26,
1965-07-27,
1965-07-28,
1965-07-29,
1965-07-30,
1965-07-31,
1965-08-01,
1965-08-02,
1965-08-03,
1965-08-04,
1965-08-05,
1965-08-06,
1965-08-07,
1965-08-08,
1965-08-09,
1965-08-10,
1965-08-11,
1965-08-12,
1965-08-13,
1965-08-14,
1965-08-15,
1965-08-16,
1965-08-17,
1965-08-18,
1965-08-19,
1965-08-20,
1965-08-21,
1965-08-22,
1965-08-23,
1965-08-24,
1965-08-25,
1965-08-26,
1965-08-27,
1965-08-28,
1965-08-29,
1965-08-30,
1965-08-31,
1965-09-01,
1965-09-02,
1965-09-03,
1965-09-04,
1965-09-05,
1965-09-06,
1965-09-07,
1965-09-08,
1965-09-09,
1965-09-10,
1965-09-11,
1965-09-12,
1965-09-13,
1965-09-14,
1965-09-15,
1965-09-16,
1965-09-17,
1965-09-18,
1965-09-19,
1965-09-20,
1965-09-21,
1965-09-22,
1965-09-23,
1965-09-24,
1965-09-25,
1965-09-26,
1965-09-27,
1965-09-28,
1965-09-29,
1965-09-30,
1965-10-01,
1965-10-02,
1965-10-03,
1965-10-04,
1965-10-05,
1965-10-06,
1965-10-07,
1965-10-08,
1965-10-09,
1965-10-10,
1965-10-11,
1965-10-12,
1965-10-13,
1965-10-14,
1965-10-15,
1965-10-16,
1965-10-17,
1965-10-18,
1965-10-19,
1965-10-20,
1965-10-21,
1965-10-22,
1965-10-23,
1965-10-24,
1965-10-25,
1965-10-26,
1965-10-27,
1965-10-28,
1965-10-29,
1965-10-30,
1965-10-31,
1965-11-01,
1965-11-02,
1965-11-03,
1965-11-04,
1965-11-05,
1965-11-06,
1965-11-07,
1965-11-08,
1965-11-09,
1965-11-10,
1965-11-11,
1965-11-12,
1965-11-13,
1965-11-14,
1965-11-15,
1965-11-16,
1965-11-17,
1965-11-18,
1965-11-19,
1965-11-20,
1965-11-21,
1965-11-22,
1965-11-23,
1965-11-24,
1965-11-25,
1965-11-26,
1965-11-27,
1965-11-28,
1965-11-29,
1965-11-30,
1965-12-01,
1965-12-02,
1965-12-03,
1965-12-04,
1965-12-05,
1965-12-06,
1965-12-07,
1965-12-08,
1965-12-09,
1965-12-10,
1965-12-11,
1965-12-12,
1965-12-13,
1965-12-14,
1965-12-15,
1965-12-16,
1965-12-17,
1965-12-18,
1965-12-19,
1965-12-20,
1965-12-21,
1965-12-22,
1965-12-23,
1965-12-24,
1965-12-25,
1965-12-26,
1965-12-27,
1965-12-28,
1965-12-29,
1965-12-30,
1965-12-31,
1966-01-01,
1966-01-02,
1966-01-03,
1966-01-04,
1966-01-05,
1966-01-06,
1966-01-07,
1966-01-08,
1966-01-09,
1966-01-10,
1966-01-11,
1966-01-12,
1966-01-13,
1966-01-14,
1966-01-15,
1966-01-16,
1966-01-17,
1966-01-18,
1966-01-19,
1966-01-20,
1966-01-21,
1966-01-22,
1966-01-23,
1966-01-24,
1966-01-25,
1966-01-26,
1966-01-27,
1966-01-28,
1966-01-29,
1966-01-30,
1966-01-31,
1966-02-01,
1966-02-02,
1966-02-03,
1966-02-04,
1966-02-05,
1966-02-06,
1966-02-07,
1966-02-08,
1966-02-09,
1966-02-10,
1966-02-11,
1966-02-12,
1966-02-13,
1966-02-14,
1966-02-15,
1966-02-16,
1966-02-17,
1966-02-18,
1966-02-19,
1966-02-20,
1966-02-21,
1966-02-22,
1966-02-23,
1966-02-24,
1966-02-25,
1966-02-26,
1966-02-27,
1966-02-28,
1966-03-01,
1966-03-02,
1966-03-03,
1966-03-04,
1966-03-05,
1966-03-06,
1966-03-07,
1966-03-08,
1966-03-09,
1966-03-10,
1966-03-11,
1966-03-12,
1966-03-13,
1966-03-14,
1966-03-15,
1966-03-16,
1966-03-17,
1966-03-18,
1966-03-19,
1966-03-20,
1966-03-21,
1966-03-22,
1966-03-23,
1966-03-24,
1966-03-25,
1966-03-26,
1966-03-27,
1966-03-28,
1966-03-29,
1966-03-30,
1966-03-31,
1966-04-01,
1966-04-02,
1966-04-03,
1966-04-04,
1966-04-05,
1966-04-06,
1966-04-07,
1966-04-08,
1966-04-09,
1966-04-10,
1966-04-11,
1966-04-12,
1966-04-13,
1966-04-14,
1966-04-15,
1966-04-16,
1966-04-17,
1966-04-18,
1966-04-19,
1966-04-20,
1966-04-21,
1966-04-22,
1966-04-23,
1966-04-24,
1966-04-25,
1966-04-26,
1966-04-27,
1966-04-28,
1966-04-29,
1966-04-30,
1966-05-01,
1966-05-02,
1966-05-03,
1966-05-04,
1966-05-05,
1966-05-06,
1966-05-07,
1966-05-08,
1966-05-09,
1966-05-10,
1966-05-11,
1966-05-12,
1966-05-13,
1966-05-14,
1966-05-15,
1966-05-16,
1966-05-17,
1966-05-18,
1966-05-19,
1966-05-20,
1966-05-21,
1966-05-22,
1966-05-23,
1966-05-24,
1966-05-25,
1966-05-26,
1966-05-27,
1966-05-28,
1966-05-29,
1966-05-30,
1966-05-31,
1966-06-01,
1966-06-02,
1966-06-03,
1966-06-04,
1966-06-05,
1966-06-06,
1966-06-07,
1966-06-08,
1966-06-09,
1966-06-10,
1966-06-11,
1966-06-12,
1966-06-13,
1966-06-14,
1966-06-15,
1966-06-16,
1966-06-17,
1966-06-18,
1966-06-19,
1966-06-20,
1966-06-21,
1966-06-22,
1966-06-23,
1966-06-24,
1966-06-25,
1966-06-26,
1966-06-27,
1966-06-28,
1966-06-29,
1966-06-30,
1966-07-01,
1966-07-02,
1966-07-03,
1966-07-04,
1966-07-05,
1966-07-06,
1966-07-07,
1966-07-08,
1966-07-09,
1966-07-10,
1966-07-11,
1966-07-12,
1966-07-13,
1966-07-14,
1966-07-15,
1966-07-16,
1966-07-17,
1966-07-18,
1966-07-19,
1966-07-20,
1966-07-21,
1966-07-22,
1966-07-23,
1966-07-24,
1966-07-25,
1966-07-26,
1966-07-27,
1966-07-28,
1966-07-29,
1966-07-30,
1966-07-31,
1966-08-01,
1966-08-02,
1966-08-03,
1966-08-04,
1966-08-05,
1966-08-06,
1966-08-07,
1966-08-08,
1966-08-09,
1966-08-10,
1966-08-11,
1966-08-12,
1966-08-13,
1966-08-14,
1966-08-15,
1966-08-16,
1966-08-17,
1966-08-18,
1966-08-19,
1966-08-20,
1966-08-21,
1966-08-22,
1966-08-23,
1966-08-24,
1966-08-25,
1966-08-26,
1966-08-27,
1966-08-28,
1966-08-29,
1966-08-30,
1966-08-31,
1966-09-01,
1966-09-02,
1966-09-03,
1966-09-04,
1966-09-05,
1966-09-06,
1966-09-07,
1966-09-08,
1966-09-09,
1966-09-10,
1966-09-11,
1966-09-12,
1966-09-13,
1966-09-14,
1966-09-15,
1966-09-16,
1966-09-17,
1966-09-18,
1966-09-19,
1966-09-20,
1966-09-21,
1966-09-22,
1966-09-23,
1966-09-24,
1966-09-25,
1966-09-26,
1966-09-27,
1966-09-28,
1966-09-29,
1966-09-30,
1966-10-01,
1966-10-02,
1966-10-03,
1966-10-04,
1966-10-05,
1966-10-06,
1966-10-07,
1966-10-08,
1966-10-09,
1966-10-10,
1966-10-11,
1966-10-12,
1966-10-13,
1966-10-14,
1966-10-15,
1966-10-16,
1966-10-17,
1966-10-18,
1966-10-19,
1966-10-20,
1966-10-21,
1966-10-22,
1966-10-23,
1966-10-24,
1966-10-25,
1966-10-26,
1966-10-27,
1966-10-28,
1966-10-29,
1966-10-30,
1966-10-31,
1966-11-01,
1966-11-02,
1966-11-03,
1966-11-04,
1966-11-05,
1966-11-06,
1966-11-07,
1966-11-08,
1966-11-09,
1966-11-10,
1966-11-11,
1966-11-12,
1966-11-13,
1966-11-14,
1966-11-15,
1966-11-16,
1966-11-17,
1966-11-18,
1966-11-19,
1966-11-20,
1966-11-21,
1966-11-22,
1966-11-23,
1966-11-24,
1966-11-25,
1966-11-26,
1966-11-27,
1966-11-28,
1966-11-29,
1966-11-30,
1966-12-01,
1966-12-02,
1966-12-03,
1966-12-04,
1966-12-05,
1966-12-06,
1966-12-07,
1966-12-08,
1966-12-09,
1966-12-10,
1966-12-11,
1966-12-12,
1966-12-13,
1966-12-14,
1966-12-15,
1966-12-16,
1966-12-17,
1966-12-18,
1966-12-19,
1966-12-20,
1966-12-21,
1966-12-22,
1966-12-23,
1966-12-24,
1966-12-25,
1966-12-26,
1966-12-27,
1966-12-28,
1966-12-29,
1966-12-30,
1966-12-31,
1967-01-01,
1967-01-02,
1967-01-03,
1967-01-04,
1967-01-05,
1967-01-06,
1967-01-07,
1967-01-08,
1967-01-09,
1967-01-10,
1967-01-11,
1967-01-12,
1967-01-13,
1967-01-14,
1967-01-15,
1967-01-16,
1967-01-17,
1967-01-18,
1967-01-19,
1967-01-20,
1967-01-21,
1967-01-22,
1967-01-23,
1967-01-24,
1967-01-25,
1967-01-26,
1967-01-27,
1967-01-28,
1967-01-29,
1967-01-30,
1967-01-31,
1967-02-01,
1967-02-02,
1967-02-03,
1967-02-04,
1967-02-05,
1967-02-06,
1967-02-07,
1967-02-08,
1967-02-09,
1967-02-10,
1967-02-11,
1967-02-12,
1967-02-13,
1967-02-14,
1967-02-15,
1967-02-16,
1967-02-17,
1967-02-18,
1967-02-19,
1967-02-20,
1967-02-21,
1967-02-22,
1967-02-23,
1967-02-24,
1967-02-25,
1967-02-26,
1967-02-27,
1967-02-28,
1967-03-01,
1967-03-02,
1967-03-03,
1967-03-04,
1967-03-05,
1967-03-06,
1967-03-07,
1967-03-08,
1967-03-09,
1967-03-10,
1967-03-11,
1967-03-12,
1967-03-13,
1967-03-14,
1967-03-15,
1967-03-16,
1967-03-17,
1967-03-18,
1967-03-19,
1967-03-20,
1967-03-21,
1967-03-22,
1967-03-23,
1967-03-24,
1967-03-25,
1967-03-26,
1967-03-27,
1967-03-28,
1967-03-29,
1967-03-30,
1967-03-31,
1967-04-01,
1967-04-02,
1967-04-03,
1967-04-04,
1967-04-05,
1967-04-06,
1967-04-07,
1967-04-08,
1967-04-09,
1967-04-10,
1967-04-11,
1967-04-12,
1967-04-13,
1967-04-14,
1967-04-15,
1967-04-16,
1967-04-17,
1967-04-18,
1967-04-19,
1967-04-20,
1967-04-21,
1967-04-22,
1967-04-23,
1967-04-24,
1967-04-25,
1967-04-26,
1967-04-27,
1967-04-28,
1967-04-29,
1967-04-30,
1967-05-01,
1967-05-02,
1967-05-03,
1967-05-04,
1967-05-05,
1967-05-06,
1967-05-07,
1967-05-08,
1967-05-09,
1967-05-10,
1967-05-11,
1967-05-12,
1967-05-13,
1967-05-14,
1967-05-15,
1967-05-16,
1967-05-17,
1967-05-18,
1967-05-19,
1967-05-20,
1967-05-21,
1967-05-22,
1967-05-23,
1967-05-24,
1967-05-25,
1967-05-26,
1967-05-27,
1967-05-28,
1967-05-29,
1967-05-30,
1967-05-31,
1967-06-01,
1967-06-02,
1967-06-03,
1967-06-04,
1967-06-05,
1967-06-06,
1967-06-07,
1967-06-08,
1967-06-09,
1967-06-10,
1967-06-11,
1967-06-12,
1967-06-13,
1967-06-14,
1967-06-15,
1967-06-16,
1967-06-17,
1967-06-18,
1967-06-19,
1967-06-20,
1967-06-21,
1967-06-22,
1967-06-23,
1967-06-24,
1967-06-25,
1967-06-26,
1967-06-27,
1967-06-28,
1967-06-29,
1967-06-30,
1967-07-01,
1967-07-02,
1967-07-03,
1967-07-04,
1967-07-05,
1967-07-06,
1967-07-07,
1967-07-08,
1967-07-09,
1967-07-10,
1967-07-11,
1967-07-12,
1967-07-13,
1967-07-14,
1967-07-15,
1967-07-16,
1967-07-17,
1967-07-18,
1967-07-19,
1967-07-20,
1967-07-21,
1967-07-22,
1967-07-23,
1967-07-24,
1967-07-25,
1967-07-26,
1967-07-27,
1967-07-28,
1967-07-29,
1967-07-30,
1967-07-31,
1967-08-01,
1967-08-02,
1967-08-03,
1967-08-04,
1967-08-05,
1967-08-06,
1967-08-07,
1967-08-08,
1967-08-09,
1967-08-10,
1967-08-11,
1967-08-12,
1967-08-13,
1967-08-14,
1967-08-15,
1967-08-16,
1967-08-17,
1967-08-18,
1967-08-19,
1967-08-20,
1967-08-21,
1967-08-22,
1967-08-23,
1967-08-24,
1967-08-25,
1967-08-26,
1967-08-27,
1967-08-28,
1967-08-29,
1967-08-30,
1967-08-31,
1967-09-01,
1967-09-02,
1967-09-03,
1967-09-04,
1967-09-05,
1967-09-06,
1967-09-07,
1967-09-08,
1967-09-09,
1967-09-10,
1967-09-11,
1967-09-12,
1967-09-13,
1967-09-14,
1967-09-15,
1967-09-16,
1967-09-17,
1967-09-18,
1967-09-19,
1967-09-20,
1967-09-21,
1967-09-22,
1967-09-23,
1967-09-24,
1967-09-25,
1967-09-26,
1967-09-27,
1967-09-28,
1967-09-29,
1967-09-30,
1967-10-01,
1967-10-02,
1967-10-03,
1967-10-04,
1967-10-05,
1967-10-06,
1967-10-07,
1967-10-08,
1967-10-09,
1967-10-10,
1967-10-11,
1967-10-12,
1967-10-13,
1967-10-14,
1967-10-15,
1967-10-16,
1967-10-17,
1967-10-18,
1967-10-19,
1967-10-20,
1967-10-21,
1967-10-22,
1967-10-23,
1967-10-24,
1967-10-25,
1967-10-26,
1967-10-27,
1967-10-28,
1967-10-29,
1967-10-30,
1967-10-31,
1967-11-01,
1967-11-02,
1967-11-03,
1967-11-04,
1967-11-05,
1967-11-06,
1967-11-07,
1967-11-08,
1967-11-09,
1967-11-10,
1967-11-11,
1967-11-12,
1967-11-13,
1967-11-14,
1967-11-15,
1967-11-16,
1967-11-17,
1967-11-18,
1967-11-19,
1967-11-20,
1967-11-21,
1967-11-22,
1967-11-23,
1967-11-24,
1967-11-25,
1967-11-26,
1967-11-27,
1967-11-28,
1967-11-29,
1967-11-30,
1967-12-01,
1967-12-02,
1967-12-03,
1967-12-04,
1967-12-05,
1967-12-06,
1967-12-07,
1967-12-08,
1967-12-09,
1967-12-10,
1967-12-11,
1967-12-12,
1967-12-13,
1967-12-14,
1967-12-15,
1967-12-16,
1967-12-17,
1967-12-18,
1967-12-19,
1967-12-20,
1967-12-21,
1967-12-22,
1967-12-23,
1967-12-24,
1967-12-25,
1967-12-26,
1967-12-27,
1967-12-28,
1967-12-29,
1967-12-30,
1967-12-31,
1968-01-01,
1968-01-02,
1968-01-03,
1968-01-04,
1968-01-05,
1968-01-06,
1968-01-07,
1968-01-08,
1968-01-09,
1968-01-10,
1968-01-11,
1968-01-12,
1968-01-13,
1968-01-14,
1968-01-15,
1968-01-16,
1968-01-17,
1968-01-18,
1968-01-19,
1968-01-20,
1968-01-21,
1968-01-22,
1968-01-23,
1968-01-24,
1968-01-25,
1968-01-26,
1968-01-27,
1968-01-28,
1968-01-29,
1968-01-30,
1968-01-31,
1968-02-01,
1968-02-02,
1968-02-03,
1968-02-04,
1968-02-05,
1968-02-06,
1968-02-07,
1968-02-08,
1968-02-09,
1968-02-10,
1968-02-11,
1968-02-12,
1968-02-13,
1968-02-14,
1968-02-15,
1968-02-16,
1968-02-17,
1968-02-18,
1968-02-19,
1968-02-20,
1968-02-21,
1968-02-22,
1968-02-23,
1968-02-24,
1968-02-25,
1968-02-26,
1968-02-27,
1968-02-28,
1968-02-29,
1968-03-01,
1968-03-02,
1968-03-03,
1968-03-04,
1968-03-05,
1968-03-06,
1968-03-07,
1968-03-08,
1968-03-09,
1968-03-10,
1968-03-11,
1968-03-12,
1968-03-13,
1968-03-14,
1968-03-15,
1968-03-16,
1968-03-17,
1968-03-18,
1968-03-19,
1968-03-20,
1968-03-21,
1968-03-22,
1968-03-23,
1968-03-24,
1968-03-25,
1968-03-26,
1968-03-27,
1968-03-28,
1968-03-29,
1968-03-30,
1968-03-31,
1968-04-01,
1968-04-02,
1968-04-03,
1968-04-04,
1968-04-05,
1968-04-06,
1968-04-07,
1968-04-08,
1968-04-09,
1968-04-10,
1968-04-11,
1968-04-12,
1968-04-13,
1968-04-14,
1968-04-15,
1968-04-16,
1968-04-17,
1968-04-18,
1968-04-19,
1968-04-20,
1968-04-21,
1968-04-22,
1968-04-23,
1968-04-24,
1968-04-25,
1968-04-26,
1968-04-27,
1968-04-28,
1968-04-29,
1968-04-30,
1968-05-01,
1968-05-02,
1968-05-03,
1968-05-04,
1968-05-05,
1968-05-06,
1968-05-07,
1968-05-08,
1968-05-09,
1968-05-10,
1968-05-11,
1968-05-12,
1968-05-13,
1968-05-14,
1968-05-15,
1968-05-16,
1968-05-17,
1968-05-18,
1968-05-19,
1968-05-20,
1968-05-21,
1968-05-22,
1968-05-23,
1968-05-24,
1968-05-25,
1968-05-26,
1968-05-27,
1968-05-28,
1968-05-29,
1968-05-30,
1968-05-31,
1968-06-01,
1968-06-02,
1968-06-03,
1968-06-04,
1968-06-05,
1968-06-06,
1968-06-07,
1968-06-08,
1968-06-09,
1968-06-10,
1968-06-11,
1968-06-12,
1968-06-13,
1968-06-14,
1968-06-15,
1968-06-16,
1968-06-17,
1968-06-18,
1968-06-19,
1968-06-20,
1968-06-21,
1968-06-22,
1968-06-23,
1968-06-24,
1968-06-25,
1968-06-26,
1968-06-27,
1968-06-28,
1968-06-29,
1968-06-30,
1968-07-01,
1968-07-02,
1968-07-03,
1968-07-04,
1968-07-05,
1968-07-06,
1968-07-07,
1968-07-08,
1968-07-09,
1968-07-10,
1968-07-11,
1968-07-12,
1968-07-13,
1968-07-14,
1968-07-15,
1968-07-16,
1968-07-17,
1968-07-18,
1968-07-19,
1968-07-20,
1968-07-21,
1968-07-22,
1968-07-23,
1968-07-24,
1968-07-25,
1968-07-26,
1968-07-27,
1968-07-28,
1968-07-29,
1968-07-30,
1968-07-31,
1968-08-01,
1968-08-02,
1968-08-03,
1968-08-04,
1968-08-05,
1968-08-06,
1968-08-07,
1968-08-08,
1968-08-09,
1968-08-10,
1968-08-11,
1968-08-12,
1968-08-13,
1968-08-14,
1968-08-15,
1968-08-16,
1968-08-17,
1968-08-18,
1968-08-19,
1968-08-20,
1968-08-21,
1968-08-22,
1968-08-23,
1968-08-24,
1968-08-25,
1968-08-26,
1968-08-27,
1968-08-28,
1968-08-29,
1968-08-30,
1968-08-31,
1968-09-01,
1968-09-02,
1968-09-03,
1968-09-04,
1968-09-05,
1968-09-06,
1968-09-07,
1968-09-08,
1968-09-09,
1968-09-10,
1968-09-11,
1968-09-12,
1968-09-13,
1968-09-14,
1968-09-15,
1968-09-16,
1968-09-17,
1968-09-18,
1968-09-19,
1968-09-20,
1968-09-21,
1968-09-22,
1968-09-23,
1968-09-24,
1968-09-25,
1968-09-26,
1968-09-27,
1968-09-28,
1968-09-29,
1968-09-30,
1968-10-01,
1968-10-02,
1968-10-03,
1968-10-04,
1968-10-05,
1968-10-06,
1968-10-07,
1968-10-08,
1968-10-09,
1968-10-10,
1968-10-11,
1968-10-12,
1968-10-13,
1968-10-14,
1968-10-15,
1968-10-16,
1968-10-17,
1968-10-18,
1968-10-19,
1968-10-20,
1968-10-21,
1968-10-22,
1968-10-23,
1968-10-24,
1968-10-25,
1968-10-26,
1968-10-27,
1968-10-28,
1968-10-29,
1968-10-30,
1968-10-31,
1968-11-01,
1968-11-02,
1968-11-03,
1968-11-04,
1968-11-05,
1968-11-06,
1968-11-07,
1968-11-08,
1968-11-09,
1968-11-10,
1968-11-11,
1968-11-12,
1968-11-13,
1968-11-14,
1968-11-15,
1968-11-16,
1968-11-17,
1968-11-18,
1968-11-19,
1968-11-20,
1968-11-21,
1968-11-22,
1968-11-23,
1968-11-24,
1968-11-25,
1968-11-26,
1968-11-27,
1968-11-28,
1968-11-29,
1968-11-30,
1968-12-01,
1968-12-02,
1968-12-03,
1968-12-04,
1968-12-05,
1968-12-06,
1968-12-07,
1968-12-08,
1968-12-09,
1968-12-10,
1968-12-11,
1968-12-12,
1968-12-13,
1968-12-14,
1968-12-15,
1968-12-16,
1968-12-17,
1968-12-18,
1968-12-19,
1968-12-20,
1968-12-21,
1968-12-22,
1968-12-23,
1968-12-24,
1968-12-25,
1968-12-26,
1968-12-27,
1968-12-28,
1968-12-29,
1968-12-30,
1968-12-31,
1969-01-01,
1969-01-02,
1969-01-03,
1969-01-04,
1969-01-05,
1969-01-06,
1969-01-07,
1969-01-08,
1969-01-09,
1969-01-10,
1969-01-11,
1969-01-12,
1969-01-13,
1969-01-14,
1969-01-15,
1969-01-16,
1969-01-17,
1969-01-18,
1969-01-19,
1969-01-20,
1969-01-21,
1969-01-22,
1969-01-23,
1969-01-24,
1969-01-25,
1969-01-26,
1969-01-27,
1969-01-28,
1969-01-29,
1969-01-30,
1969-01-31,
1969-02-01,
1969-02-02,
1969-02-03,
1969-02-04,
1969-02-05,
1969-02-06,
1969-02-07,
1969-02-08,
1969-02-09,
1969-02-10,
1969-02-11,
1969-02-12,
1969-02-13,
1969-02-14,
1969-02-15,
1969-02-16,
1969-02-17,
1969-02-18,
1969-02-19,
1969-02-20,
1969-02-21,
1969-02-22,
1969-02-23,
1969-02-24,
1969-02-25,
1969-02-26,
1969-02-27,
1969-02-28,
1969-03-01,
1969-03-02,
1969-03-03,
1969-03-04,
1969-03-05,
1969-03-06,
1969-03-07,
1969-03-08,
1969-03-09,
1969-03-10,
1969-03-11,
1969-03-12,
1969-03-13,
1969-03-14,
1969-03-15,
1969-03-16,
1969-03-17,
1969-03-18,
1969-03-19,
1969-03-20,
1969-03-21,
1969-03-22,
1969-03-23,
1969-03-24,
1969-03-25,
1969-03-26,
1969-03-27,
1969-03-28,
1969-03-29,
1969-03-30,
1969-03-31,
1969-04-01,
1969-04-02,
1969-04-03,
1969-04-04,
1969-04-05,
1969-04-06,
1969-04-07,
1969-04-08,
1969-04-09,
1969-04-10,
1969-04-11,
1969-04-12,
1969-04-13,
1969-04-14,
1969-04-15,
1969-04-16,
1969-04-17,
1969-04-18,
1969-04-19,
1969-04-20,
1969-04-21,
1969-04-22,
1969-04-23,
1969-04-24,
1969-04-25,
1969-04-26,
1969-04-27,
1969-04-28,
1969-04-29,
1969-04-30,
1969-05-01,
1969-05-02,
1969-05-03,
1969-05-04,
1969-05-05,
1969-05-06,
1969-05-07,
1969-05-08,
1969-05-09,
1969-05-10,
1969-05-11,
1969-05-12,
1969-05-13,
1969-05-14,
1969-05-15,
1969-05-16,
1969-05-17,
1969-05-18,
1969-05-19,
1969-05-20,
1969-05-21,
1969-05-22,
1969-05-23,
1969-05-24,
1969-05-25,
1969-05-26,
1969-05-27,
1969-05-28,
1969-05-29,
1969-05-30,
1969-05-31,
1969-06-01,
1969-06-02,
1969-06-03,
1969-06-04,
1969-06-05,
1969-06-06,
1969-06-07,
1969-06-08,
1969-06-09,
1969-06-10,
1969-06-11,
1969-06-12,
1969-06-13,
1969-06-14,
1969-06-15,
1969-06-16,
1969-06-17,
1969-06-18,
1969-06-19,
1969-06-20,
1969-06-21,
1969-06-22,
1969-06-23,
1969-06-24,
1969-06-25,
1969-06-26,
1969-06-27,
1969-06-28,
1969-06-29,
1969-06-30,
1969-07-01,
1969-07-02,
1969-07-03,
1969-07-04,
1969-07-05,
1969-07-06,
1969-07-07,
1969-07-08,
1969-07-09,
1969-07-10,
1969-07-11,
1969-07-12,
1969-07-13,
1969-07-14,
1969-07-15,
1969-07-16,
1969-07-17,
1969-07-18,
1969-07-19,
1969-07-20,
1969-07-21,
1969-07-22,
1969-07-23,
1969-07-24,
1969-07-25,
1969-07-26,
1969-07-27,
1969-07-28,
1969-07-29,
1969-07-30,
1969-07-31,
1969-08-01,
1969-08-02,
1969-08-03,
1969-08-04,
1969-08-05,
1969-08-06,
1969-08-07,
1969-08-08,
1969-08-09,
1969-08-10,
1969-08-11,
1969-08-12,
1969-08-13,
1969-08-14,
1969-08-15,
1969-08-16,
1969-08-17,
1969-08-18,
1969-08-19,
1969-08-20,
1969-08-21,
1969-08-22,
1969-08-23,
1969-08-24,
1969-08-25,
1969-08-26,
1969-08-27,
1969-08-28,
1969-08-29,
1969-08-30,
1969-08-31,
1969-09-01,
1969-09-02,
1969-09-03,
1969-09-04,
1969-09-05,
1969-09-06,
1969-09-07,
1969-09-08,
1969-09-09,
1969-09-10,
1969-09-11,
1969-09-12,
1969-09-13,
1969-09-14,
1969-09-15,
1969-09-16,
1969-09-17,
1969-09-18,
1969-09-19,
1969-09-20,
1969-09-21,
1969-09-22,
1969-09-23,
1969-09-24,
1969-09-25,
1969-09-26,
1969-09-27,
1969-09-28,
1969-09-29,
1969-09-30,
1969-10-01,
1969-10-02,
1969-10-03,
1969-10-04,
1969-10-05,
1969-10-06,
1969-10-07,
1969-10-08,
1969-10-09,
1969-10-10,
1969-10-11,
1969-10-12,
1969-10-13,
1969-10-14,
1969-10-15,
1969-10-16,
1969-10-17,
1969-10-18,
1969-10-19,
1969-10-20,
1969-10-21,
1969-10-22,
1969-10-23,
1969-10-24,
1969-10-25,
1969-10-26,
1969-10-27,
1969-10-28,
1969-10-29,
1969-10-30,
1969-10-31,
1969-11-01,
1969-11-02,
1969-11-03,
1969-11-04,
1969-11-05,
1969-11-06,
1969-11-07,
1969-11-08,
1969-11-09,
1969-11-10,
1969-11-11,
1969-11-12,
1969-11-13,
1969-11-14,
1969-11-15,
1969-11-16,
1969-11-17,
1969-11-18,
1969-11-19,
1969-11-20,
1969-11-21,
1969-11-22,
1969-11-23,
1969-11-24,
1969-11-25,
1969-11-26,
1969-11-27,
1969-11-28,
1969-11-29,
1969-11-30,
1969-12-01,
1969-12-02,
1969-12-03,
1969-12-04,
1969-12-05,
1969-12-06,
1969-12-07,
1969-12-08,
1969-12-09,
1969-12-10,
1969-12-11,
1969-12-12,
1969-12-13,
1969-12-14,
1969-12-15,
1969-12-16,
1969-12-17,
1969-12-18,
1969-12-19,
1969-12-20,
1969-12-21,
1969-12-22,
1969-12-23,
1969-12-24,
1969-12-25,
1969-12-26,
1969-12-27,
1969-12-28,
1969-12-29,
1969-12-30,
1969-12-31,
1970-01-01,
1970-01-02,
1970-01-03,
1970-01-04,
1970-01-05,
1970-01-06,
1970-01-07,
1970-01-08,
1970-01-09,
1970-01-10,
1970-01-11,
1970-01-12,
1970-01-13,
1970-01-14,
1970-01-15,
1970-01-16,
1970-01-17,
1970-01-18,
1970-01-19,
1970-01-20,
1970-01-21,
1970-01-22,
1970-01-23,
1970-01-24,
1970-01-25,
1970-01-26,
1970-01-27,
1970-01-28,
1970-01-29,
1970-01-30,
1970-01-31,
1970-02-01,
1970-02-02,
1970-02-03,
1970-02-04,
1970-02-05,
1970-02-06,
1970-02-07,
1970-02-08,
1970-02-09,
1970-02-10,
1970-02-11,
1970-02-12,
1970-02-13,
1970-02-14,
1970-02-15,
1970-02-16,
1970-02-17,
1970-02-18,
1970-02-19,
1970-02-20,
1970-02-21,
1970-02-22,
1970-02-23,
1970-02-24,
1970-02-25,
1970-02-26,
1970-02-27,
1970-02-28,
1970-03-01,
1970-03-02,
1970-03-03,
1970-03-04,
1970-03-05,
1970-03-06,
1970-03-07,
1970-03-08,
1970-03-09,
1970-03-10,
1970-03-11,
1970-03-12,
1970-03-13,
1970-03-14,
1970-03-15,
1970-03-16,
1970-03-17,
1970-03-18,
1970-03-19,
1970-03-20,
1970-03-21,
1970-03-22,
1970-03-23,
1970-03-24,
1970-03-25,
1970-03-26,
1970-03-27,
1970-03-28,
1970-03-29,
1970-03-30,
1970-03-31,
1970-04-01,
1970-04-02,
1970-04-03,
1970-04-04,
1970-04-05,
1970-04-06,
1970-04-07,
1970-04-08,
1970-04-09,
1970-04-10,
1970-04-11,
1970-04-12,
1970-04-13,
1970-04-14,
1970-04-15,
1970-04-16,
1970-04-17,
1970-04-18,
1970-04-19,
1970-04-20,
1970-04-21,
1970-04-22,
1970-04-23,
1970-04-24,
1970-04-25,
1970-04-26,
1970-04-27,
1970-04-28,
1970-04-29,
1970-04-30,
1970-05-01,
1970-05-02,
1970-05-03,
1970-05-04,
1970-05-05,
1970-05-06,
1970-05-07,
1970-05-08,
1970-05-09,
1970-05-10,
1970-05-11,
1970-05-12,
1970-05-13,
1970-05-14,
1970-05-15,
1970-05-16,
1970-05-17,
1970-05-18,
1970-05-19,
1970-05-20,
1970-05-21,
1970-05-22,
1970-05-23,
1970-05-24,
1970-05-25,
1970-05-26,
1970-05-27,
1970-05-28,
1970-05-29,
1970-05-30,
1970-05-31,
1970-06-01,
1970-06-02,
1970-06-03,
1970-06-04,
1970-06-05,
1970-06-06,
1970-06-07,
1970-06-08,
1970-06-09,
1970-06-10,
1970-06-11,
1970-06-12,
1970-06-13,
1970-06-14,
1970-06-15,
1970-06-16,
1970-06-17,
1970-06-18,
1970-06-19,
1970-06-20,
1970-06-21,
1970-06-22,
1970-06-23,
1970-06-24,
1970-06-25,
1970-06-26,
1970-06-27,
1970-06-28,
1970-06-29,
1970-06-30,
1970-07-01,
1970-07-02,
1970-07-03,
1970-07-04,
1970-07-05,
1970-07-06,
1970-07-07,
1970-07-08,
1970-07-09,
1970-07-10,
1970-07-11,
1970-07-12,
1970-07-13,
1970-07-14,
1970-07-15,
1970-07-16,
1970-07-17,
1970-07-18,
1970-07-19,
1970-07-20,
1970-07-21,
1970-07-22,
1970-07-23,
1970-07-24,
1970-07-25,
1970-07-26,
1970-07-27,
1970-07-28,
1970-07-29,
1970-07-30,
1970-07-31,
1970-08-01,
1970-08-02,
1970-08-03,
1970-08-04,
1970-08-05,
1970-08-06,
1970-08-07,
1970-08-08,
1970-08-09,
1970-08-10,
1970-08-11,
1970-08-12,
1970-08-13,
1970-08-14,
1970-08-15,
1970-08-16,
1970-08-17,
1970-08-18,
1970-08-19,
1970-08-20,
1970-08-21,
1970-08-22,
1970-08-23,
1970-08-24,
1970-08-25,
1970-08-26,
1970-08-27,
1970-08-28,
1970-08-29,
1970-08-30,
1970-08-31,
1970-09-01,
1970-09-02,
1970-09-03,
1970-09-04,
1970-09-05,
1970-09-06,
1970-09-07,
1970-09-08,
1970-09-09,
1970-09-10,
1970-09-11,
1970-09-12,
1970-09-13,
1970-09-14,
1970-09-15,
1970-09-16,
1970-09-17,
1970-09-18,
1970-09-19,
1970-09-20,
1970-09-21,
1970-09-22,
1970-09-23,
1970-09-24,
1970-09-25,
1970-09-26,
1970-09-27,
1970-09-28,
1970-09-29,
1970-09-30,
1970-10-01,
1970-10-02,
1970-10-03,
1970-10-04,
1970-10-05,
1970-10-06,
1970-10-07,
1970-10-08,
1970-10-09,
1970-10-10,
1970-10-11,
1970-10-12,
1970-10-13,
1970-10-14,
1970-10-15,
1970-10-16,
1970-10-17,
1970-10-18,
1970-10-19,
1970-10-20,
1970-10-21,
1970-10-22,
1970-10-23,
1970-10-24,
1970-10-25,
1970-10-26,
1970-10-27,
1970-10-28,
1970-10-29,
1970-10-30,
1970-10-31,
1970-11-01,
1970-11-02,
1970-11-03,
1970-11-04,
1970-11-05,
1970-11-06,
1970-11-07,
1970-11-08,
1970-11-09,
1970-11-10,
1970-11-11,
1970-11-12,
1970-11-13,
1970-11-14,
1970-11-15,
1970-11-16,
1970-11-17,
1970-11-18,
1970-11-19,
1970-11-20,
1970-11-21,
1970-11-22,
1970-11-23,
1970-11-24,
1970-11-25,
1970-11-26,
1970-11-27,
1970-11-28,
1970-11-29,
1970-11-30,
1970-12-01,
1970-12-02,
1970-12-03,
1970-12-04,
1970-12-05,
1970-12-06,
1970-12-07,
1970-12-08,
1970-12-09,
1970-12-10,
1970-12-11,
1970-12-12,
1970-12-13,
1970-12-14,
1970-12-15,
1970-12-16,
1970-12-17,
1970-12-18,
1970-12-19,
1970-12-20,
1970-12-21,
1970-12-22,
1970-12-23,
1970-12-24,
1970-12-25,
1970-12-26,
1970-12-27,
1970-12-28,
1970-12-29,
1970-12-30,
1970-12-31,
1971-01-01,
1971-01-02,
1971-01-03,
1971-01-04,
1971-01-05,
1971-01-06,
1971-01-07,
1971-01-08,
1971-01-09,
1971-01-10,
1971-01-11,
1971-01-12,
1971-01-13,
1971-01-14,
1971-01-15,
1971-01-16,
1971-01-17,
1971-01-18,
1971-01-19,
1971-01-20,
1971-01-21,
1971-01-22,
1971-01-23,
1971-01-24,
1971-01-25,
1971-01-26,
1971-01-27,
1971-01-28,
1971-01-29,
1971-01-30,
1971-01-31,
1971-02-01,
1971-02-02,
1971-02-03,
1971-02-04,
1971-02-05,
1971-02-06,
1971-02-07,
1971-02-08,
1971-02-09,
1971-02-10,
1971-02-11,
1971-02-12,
1971-02-13,
1971-02-14,
1971-02-15,
1971-02-16,
1971-02-17,
1971-02-18,
1971-02-19,
1971-02-20,
1971-02-21,
1971-02-22,
1971-02-23,
1971-02-24,
1971-02-25,
1971-02-26,
1971-02-27,
1971-02-28,
1971-03-01,
1971-03-02,
1971-03-03,
1971-03-04,
1971-03-05,
1971-03-06,
1971-03-07,
1971-03-08,
1971-03-09,
1971-03-10,
1971-03-11,
1971-03-12,
1971-03-13,
1971-03-14,
1971-03-15,
1971-03-16,
1971-03-17,
1971-03-18,
1971-03-19,
1971-03-20,
1971-03-21,
1971-03-22,
1971-03-23,
1971-03-24,
1971-03-25,
1971-03-26,
1971-03-27,
1971-03-28,
1971-03-29,
1971-03-30,
1971-03-31,
1971-04-01,
1971-04-02,
1971-04-03,
1971-04-04,
1971-04-05,
1971-04-06,
1971-04-07,
1971-04-08,
1971-04-09,
1971-04-10,
1971-04-11,
1971-04-12,
1971-04-13,
1971-04-14,
1971-04-15,
1971-04-16,
1971-04-17,
1971-04-18,
1971-04-19,
1971-04-20,
1971-04-21,
1971-04-22,
1971-04-23,
1971-04-24,
1971-04-25,
1971-04-26,
1971-04-27,
1971-04-28,
1971-04-29,
1971-04-30,
1971-05-01,
1971-05-02,
1971-05-03,
1971-05-04,
1971-05-05,
1971-05-06,
1971-05-07,
1971-05-08,
1971-05-09,
1971-05-10,
1971-05-11,
1971-05-12,
1971-05-13,
1971-05-14,
1971-05-15,
1971-05-16,
1971-05-17,
1971-05-18,
1971-05-19,
1971-05-20,
1971-05-21,
1971-05-22,
1971-05-23,
1971-05-24,
1971-05-25,
1971-05-26,
1971-05-27,
1971-05-28,
1971-05-29,
1971-05-30,
1971-05-31,
1971-06-01,
1971-06-02,
1971-06-03,
1971-06-04,
1971-06-05,
1971-06-06,
1971-06-07,
1971-06-08,
1971-06-09,
1971-06-10,
1971-06-11,
1971-06-12,
1971-06-13,
1971-06-14,
1971-06-15,
1971-06-16,
1971-06-17,
1971-06-18,
1971-06-19,
1971-06-20,
1971-06-21,
1971-06-22,
1971-06-23,
1971-06-24,
1971-06-25,
1971-06-26,
1971-06-27,
1971-06-28,
1971-06-29,
1971-06-30,
1971-07-01,
1971-07-02,
1971-07-03,
1971-07-04,
1971-07-05,
1971-07-06,
1971-07-07,
1971-07-08,
1971-07-09,
1971-07-10,
1971-07-11,
1971-07-12,
1971-07-13,
1971-07-14,
1971-07-15,
1971-07-16,
1971-07-17,
1971-07-18,
1971-07-19,
1971-07-20,
1971-07-21,
1971-07-22,
1971-07-23,
1971-07-24,
1971-07-25,
1971-07-26,
1971-07-27,
1971-07-28,
1971-07-29,
1971-07-30,
1971-07-31,
1971-08-01,
1971-08-02,
1971-08-03,
1971-08-04,
1971-08-05,
1971-08-06,
1971-08-07,
1971-08-08,
1971-08-09,
1971-08-10,
1971-08-11,
1971-08-12,
1971-08-13,
1971-08-14,
1971-08-15,
1971-08-16,
1971-08-17,
1971-08-18,
1971-08-19,
1971-08-20,
1971-08-21,
1971-08-22,
1971-08-23,
1971-08-24,
1971-08-25,
1971-08-26,
1971-08-27,
1971-08-28,
1971-08-29,
1971-08-30,
1971-08-31,
1971-09-01,
1971-09-02,
1971-09-03,
1971-09-04,
1971-09-05,
1971-09-06,
1971-09-07,
1971-09-08,
1971-09-09,
1971-09-10,
1971-09-11,
1971-09-12,
1971-09-13,
1971-09-14,
1971-09-15,
1971-09-16,
1971-09-17,
1971-09-18,
1971-09-19,
1971-09-20,
1971-09-21,
1971-09-22,
1971-09-23,
1971-09-24,
1971-09-25,
1971-09-26,
1971-09-27,
1971-09-28,
1971-09-29,
1971-09-30,
1971-10-01,
1971-10-02,
1971-10-03,
1971-10-04,
1971-10-05,
1971-10-06,
1971-10-07,
1971-10-08,
1971-10-09,
1971-10-10,
1971-10-11,
1971-10-12,
1971-10-13,
1971-10-14,
1971-10-15,
1971-10-16,
1971-10-17,
1971-10-18,
1971-10-19,
1971-10-20,
1971-10-21,
1971-10-22,
1971-10-23,
1971-10-24,
1971-10-25,
1971-10-26,
1971-10-27,
1971-10-28,
1971-10-29,
1971-10-30,
1971-10-31,
1971-11-01,
1971-11-02,
1971-11-03,
1971-11-04,
1971-11-05,
1971-11-06,
1971-11-07,
1971-11-08,
1971-11-09,
1971-11-10,
1971-11-11,
1971-11-12,
1971-11-13,
1971-11-14,
1971-11-15,
1971-11-16,
1971-11-17,
1971-11-18,
1971-11-19,
1971-11-20,
1971-11-21,
1971-11-22,
1971-11-23,
1971-11-24,
1971-11-25,
1971-11-26,
1971-11-27,
1971-11-28,
1971-11-29,
1971-11-30,
1971-12-01,
1971-12-02,
1971-12-03,
1971-12-04,
1971-12-05,
1971-12-06,
1971-12-07,
1971-12-08,
1971-12-09,
1971-12-10,
1971-12-11,
1971-12-12,
1971-12-13,
1971-12-14,
1971-12-15,
1971-12-16,
1971-12-17,
1971-12-18,
1971-12-19,
1971-12-20,
1971-12-21,
1971-12-22,
1971-12-23,
1971-12-24,
1971-12-25,
1971-12-26,
1971-12-27,
1971-12-28,
1971-12-29,
1971-12-30,
1971-12-31,
1972-01-01,
1972-01-02,
1972-01-03,
1972-01-04,
1972-01-05,
1972-01-06,
1972-01-07,
1972-01-08,
1972-01-09,
1972-01-10,
1972-01-11,
1972-01-12,
1972-01-13,
1972-01-14,
1972-01-15,
1972-01-16,
1972-01-17,
1972-01-18,
1972-01-19,
1972-01-20,
1972-01-21,
1972-01-22,
1972-01-23,
1972-01-24,
1972-01-25,
1972-01-26,
1972-01-27,
1972-01-28,
1972-01-29,
1972-01-30,
1972-01-31,
1972-02-01,
1972-02-02,
1972-02-03,
1972-02-04,
1972-02-05,
1972-02-06,
1972-02-07,
1972-02-08,
1972-02-09,
1972-02-10,
1972-02-11,
1972-02-12,
1972-02-13,
1972-02-14,
1972-02-15,
1972-02-16,
1972-02-17,
1972-02-18,
1972-02-19,
1972-02-20,
1972-02-21,
1972-02-22,
1972-02-23,
1972-02-24,
1972-02-25,
1972-02-26,
1972-02-27,
1972-02-28,
1972-02-29,
1972-03-01,
1972-03-02,
1972-03-03,
1972-03-04,
1972-03-05,
1972-03-06,
1972-03-07,
1972-03-08,
1972-03-09,
1972-03-10,
1972-03-11,
1972-03-12,
1972-03-13,
1972-03-14,
1972-03-15,
1972-03-16,
1972-03-17,
1972-03-18,
1972-03-19,
1972-03-20,
1972-03-21,
1972-03-22,
1972-03-23,
1972-03-24,
1972-03-25,
1972-03-26,
1972-03-27,
1972-03-28,
1972-03-29,
1972-03-30,
1972-03-31,
1972-04-01,
1972-04-02,
1972-04-03,
1972-04-04,
1972-04-05,
1972-04-06,
1972-04-07,
1972-04-08,
1972-04-09,
1972-04-10,
1972-04-11,
1972-04-12,
1972-04-13,
1972-04-14,
1972-04-15,
1972-04-16,
1972-04-17,
1972-04-18,
1972-04-19,
1972-04-20,
1972-04-21,
1972-04-22,
1972-04-23,
1972-04-24,
1972-04-25,
1972-04-26,
1972-04-27,
1972-04-28,
1972-04-29,
1972-04-30,
1972-05-01,
1972-05-02,
1972-05-03,
1972-05-04,
1972-05-05,
1972-05-06,
1972-05-07,
1972-05-08,
1972-05-09,
1972-05-10,
1972-05-11,
1972-05-12,
1972-05-13,
1972-05-14,
1972-05-15,
1972-05-16,
1972-05-17,
1972-05-18,
1972-05-19,
1972-05-20,
1972-05-21,
1972-05-22,
1972-05-23,
1972-05-24,
1972-05-25,
1972-05-26,
1972-05-27,
1972-05-28,
1972-05-29,
1972-05-30,
1972-05-31,
1972-06-01,
1972-06-02,
1972-06-03,
1972-06-04,
1972-06-05,
1972-06-06,
1972-06-07,
1972-06-08,
1972-06-09,
1972-06-10,
1972-06-11,
1972-06-12,
1972-06-13,
1972-06-14,
1972-06-15,
1972-06-16,
1972-06-17,
1972-06-18,
1972-06-19,
1972-06-20,
1972-06-21,
1972-06-22,
1972-06-23,
1972-06-24,
1972-06-25,
1972-06-26,
1972-06-27,
1972-06-28,
1972-06-29,
1972-06-30,
1972-07-01,
1972-07-02,
1972-07-03,
1972-07-04,
1972-07-05,
1972-07-06,
1972-07-07,
1972-07-08,
1972-07-09,
1972-07-10,
1972-07-11,
1972-07-12,
1972-07-13,
1972-07-14,
1972-07-15,
1972-07-16,
1972-07-17,
1972-07-18,
1972-07-19,
1972-07-20,
1972-07-21,
1972-07-22,
1972-07-23,
1972-07-24,
1972-07-25,
1972-07-26,
1972-07-27,
1972-07-28,
1972-07-29,
1972-07-30,
1972-07-31,
1972-08-01,
1972-08-02,
1972-08-03,
1972-08-04,
1972-08-05,
1972-08-06,
1972-08-07,
1972-08-08,
1972-08-09,
1972-08-10,
1972-08-11,
1972-08-12,
1972-08-13,
1972-08-14,
1972-08-15,
1972-08-16,
1972-08-17,
1972-08-18,
1972-08-19,
1972-08-20,
1972-08-21,
1972-08-22,
1972-08-23,
1972-08-24,
1972-08-25,
1972-08-26,
1972-08-27,
1972-08-28,
1972-08-29,
1972-08-30,
1972-08-31,
1972-09-01,
1972-09-02,
1972-09-03,
1972-09-04,
1972-09-05,
1972-09-06,
1972-09-07,
1972-09-08,
1972-09-09,
1972-09-10,
1972-09-11,
1972-09-12,
1972-09-13,
1972-09-14,
1972-09-15,
1972-09-16,
1972-09-17,
1972-09-18,
1972-09-19,
1972-09-20,
1972-09-21,
1972-09-22,
1972-09-23,
1972-09-24,
1972-09-25,
1972-09-26,
1972-09-27,
1972-09-28,
1972-09-29,
1972-09-30,
1972-10-01,
1972-10-02,
1972-10-03,
1972-10-04,
1972-10-05,
1972-10-06,
1972-10-07,
1972-10-08,
1972-10-09,
1972-10-10,
1972-10-11,
1972-10-12,
1972-10-13,
1972-10-14,
1972-10-15,
1972-10-16,
1972-10-17,
1972-10-18,
1972-10-19,
1972-10-20,
1972-10-21,
1972-10-22,
1972-10-23,
1972-10-24,
1972-10-25,
1972-10-26,
1972-10-27,
1972-10-28,
1972-10-29,
1972-10-30,
1972-10-31,
1972-11-01,
1972-11-02,
1972-11-03,
1972-11-04,
1972-11-05,
1972-11-06,
1972-11-07,
1972-11-08,
1972-11-09,
1972-11-10,
1972-11-11,
1972-11-12,
1972-11-13,
1972-11-14,
1972-11-15,
1972-11-16,
1972-11-17,
1972-11-18,
1972-11-19,
1972-11-20,
1972-11-21,
1972-11-22,
1972-11-23,
1972-11-24,
1972-11-25,
1972-11-26,
1972-11-27,
1972-11-28,
1972-11-29,
1972-11-30,
1972-12-01,
1972-12-02,
1972-12-03,
1972-12-04,
1972-12-05,
1972-12-06,
1972-12-07,
1972-12-08,
1972-12-09,
1972-12-10,
1972-12-11,
1972-12-12,
1972-12-13,
1972-12-14,
1972-12-15,
1972-12-16,
1972-12-17,
1972-12-18,
1972-12-19,
1972-12-20,
1972-12-21,
1972-12-22,
1972-12-23,
1972-12-24,
1972-12-25,
1972-12-26,
1972-12-27,
1972-12-28,
1972-12-29,
1972-12-30,
1972-12-31,
1973-01-01,
1973-01-02,
1973-01-03,
1973-01-04,
1973-01-05,
1973-01-06,
1973-01-07,
1973-01-08,
1973-01-09,
1973-01-10,
1973-01-11,
1973-01-12,
1973-01-13,
1973-01-14,
1973-01-15,
1973-01-16,
1973-01-17,
1973-01-18,
1973-01-19,
1973-01-20,
1973-01-21,
1973-01-22,
1973-01-23,
1973-01-24,
1973-01-25,
1973-01-26,
1973-01-27,
1973-01-28,
1973-01-29,
1973-01-30,
1973-01-31,
1973-02-01,
1973-02-02,
1973-02-03,
1973-02-04,
1973-02-05,
1973-02-06,
1973-02-07,
1973-02-08,
1973-02-09,
1973-02-10,
1973-02-11,
1973-02-12,
1973-02-13,
1973-02-14,
1973-02-15,
1973-02-16,
1973-02-17,
1973-02-18,
1973-02-19,
1973-02-20,
1973-02-21,
1973-02-22,
1973-02-23,
1973-02-24,
1973-02-25,
1973-02-26,
1973-02-27,
1973-02-28,
1973-03-01,
1973-03-02,
1973-03-03,
1973-03-04,
1973-03-05,
1973-03-06,
1973-03-07,
1973-03-08,
1973-03-09,
1973-03-10,
1973-03-11,
1973-03-12,
1973-03-13,
1973-03-14,
1973-03-15,
1973-03-16,
1973-03-17,
1973-03-18,
1973-03-19,
1973-03-20,
1973-03-21,
1973-03-22,
1973-03-23,
1973-03-24,
1973-03-25,
1973-03-26,
1973-03-27,
1973-03-28,
1973-03-29,
1973-03-30,
1973-03-31,
1973-04-01,
1973-04-02,
1973-04-03,
1973-04-04,
1973-04-05,
1973-04-06,
1973-04-07,
1973-04-08,
1973-04-09,
1973-04-10,
1973-04-11,
1973-04-12,
1973-04-13,
1973-04-14,
1973-04-15,
1973-04-16,
1973-04-17,
1973-04-18,
1973-04-19,
1973-04-20,
1973-04-21,
1973-04-22,
1973-04-23,
1973-04-24,
1973-04-25,
1973-04-26,
1973-04-27,
1973-04-28,
1973-04-29,
1973-04-30,
1973-05-01,
1973-05-02,
1973-05-03,
1973-05-04,
1973-05-05,
1973-05-06,
1973-05-07,
1973-05-08,
1973-05-09,
1973-05-10,
1973-05-11,
1973-05-12,
1973-05-13,
1973-05-14,
1973-05-15,
1973-05-16,
1973-05-17,
1973-05-18,
1973-05-19,
1973-05-20,
1973-05-21,
1973-05-22,
1973-05-23,
1973-05-24,
1973-05-25,
1973-05-26,
1973-05-27,
1973-05-28,
1973-05-29,
1973-05-30,
1973-05-31,
1973-06-01,
1973-06-02,
1973-06-03,
1973-06-04,
1973-06-05,
1973-06-06,
1973-06-07,
1973-06-08,
1973-06-09,
1973-06-10,
1973-06-11,
1973-06-12,
1973-06-13,
1973-06-14,
1973-06-15,
1973-06-16,
1973-06-17,
1973-06-18,
1973-06-19,
1973-06-20,
1973-06-21,
1973-06-22,
1973-06-23,
1973-06-24,
1973-06-25,
1973-06-26,
1973-06-27,
1973-06-28,
1973-06-29,
1973-06-30,
1973-07-01,
1973-07-02,
1973-07-03,
1973-07-04,
1973-07-05,
1973-07-06,
1973-07-07,
1973-07-08,
1973-07-09,
1973-07-10,
1973-07-11,
1973-07-12,
1973-07-13,
1973-07-14,
1973-07-15,
1973-07-16,
1973-07-17,
1973-07-18,
1973-07-19,
1973-07-20,
1973-07-21,
1973-07-22,
1973-07-23,
1973-07-24,
1973-07-25,
1973-07-26,
1973-07-27,
1973-07-28,
1973-07-29,
1973-07-30,
1973-07-31,
1973-08-01,
1973-08-02,
1973-08-03,
1973-08-04,
1973-08-05,
1973-08-06,
1973-08-07,
1973-08-08,
1973-08-09,
1973-08-10,
1973-08-11,
1973-08-12,
1973-08-13,
1973-08-14,
1973-08-15,
1973-08-16,
1973-08-17,
1973-08-18,
1973-08-19,
1973-08-20,
1973-08-21,
1973-08-22,
1973-08-23,
1973-08-24,
1973-08-25,
1973-08-26,
1973-08-27,
1973-08-28,
1973-08-29,
1973-08-30,
1973-08-31,
1973-09-01,
1973-09-02,
1973-09-03,
1973-09-04,
1973-09-05,
1973-09-06,
1973-09-07,
1973-09-08,
1973-09-09,
1973-09-10,
1973-09-11,
1973-09-12,
1973-09-13,
1973-09-14,
1973-09-15,
1973-09-16,
1973-09-17,
1973-09-18,
1973-09-19,
1973-09-20,
1973-09-21,
1973-09-22,
1973-09-23,
1973-09-24,
1973-09-25,
1973-09-26,
1973-09-27,
1973-09-28,
1973-09-29,
1973-09-30,
1973-10-01,
1973-10-02,
1973-10-03,
1973-10-04,
1973-10-05,
1973-10-06,
1973-10-07,
1973-10-08,
1973-10-09,
1973-10-10,
1973-10-11,
1973-10-12,
1973-10-13,
1973-10-14,
1973-10-15,
1973-10-16,
1973-10-17,
1973-10-18,
1973-10-19,
1973-10-20,
1973-10-21,
1973-10-22,
1973-10-23,
1973-10-24,
1973-10-25,
1973-10-26,
1973-10-27,
1973-10-28,
1973-10-29,
1973-10-30,
1973-10-31,
1973-11-01,
1973-11-02,
1973-11-03,
1973-11-04,
1973-11-05,
1973-11-06,
1973-11-07,
1973-11-08,
1973-11-09,
1973-11-10,
1973-11-11,
1973-11-12,
1973-11-13,
1973-11-14,
1973-11-15,
1973-11-16,
1973-11-17,
1973-11-18,
1973-11-19,
1973-11-20,
1973-11-21,
1973-11-22,
1973-11-23,
1973-11-24,
1973-11-25,
1973-11-26,
1973-11-27,
1973-11-28,
1973-11-29,
1973-11-30,
1973-12-01,
1973-12-02,
1973-12-03,
1973-12-04,
1973-12-05,
1973-12-06,
1973-12-07,
1973-12-08,
1973-12-09,
1973-12-10,
1973-12-11,
1973-12-12,
1973-12-13,
1973-12-14,
1973-12-15,
1973-12-16,
1973-12-17,
1973-12-18,
1973-12-19,
1973-12-20,
1973-12-21,
1973-12-22,
1973-12-23,
1973-12-24,
1973-12-25,
1973-12-26,
1973-12-27,
1973-12-28,
1973-12-29,
1973-12-30,
1973-12-31,
1974-01-01,
1974-01-02,
1974-01-03,
1974-01-04,
1974-01-05,
1974-01-06,
1974-01-07,
1974-01-08,
1974-01-09,
1974-01-10,
1974-01-11,
1974-01-12,
1974-01-13,
1974-01-14,
1974-01-15,
1974-01-16,
1974-01-17,
1974-01-18,
1974-01-19,
1974-01-20,
1974-01-21,
1974-01-22,
1974-01-23,
1974-01-24,
1974-01-25,
1974-01-26,
1974-01-27,
1974-01-28,
1974-01-29,
1974-01-30,
1974-01-31,
1974-02-01,
1974-02-02,
1974-02-03,
1974-02-04,
1974-02-05,
1974-02-06,
1974-02-07,
1974-02-08,
1974-02-09,
1974-02-10,
1974-02-11,
1974-02-12,
1974-02-13,
1974-02-14,
1974-02-15,
1974-02-16,
1974-02-17,
1974-02-18,
1974-02-19,
1974-02-20,
1974-02-21,
1974-02-22,
1974-02-23,
1974-02-24,
1974-02-25,
1974-02-26,
1974-02-27,
1974-02-28,
1974-03-01,
1974-03-02,
1974-03-03,
1974-03-04,
1974-03-05,
1974-03-06,
1974-03-07,
1974-03-08,
1974-03-09,
1974-03-10,
1974-03-11,
1974-03-12,
1974-03-13,
1974-03-14,
1974-03-15,
1974-03-16,
1974-03-17,
1974-03-18,
1974-03-19,
1974-03-20,
1974-03-21,
1974-03-22,
1974-03-23,
1974-03-24,
1974-03-25,
1974-03-26,
1974-03-27,
1974-03-28,
1974-03-29,
1974-03-30,
1974-03-31,
1974-04-01,
1974-04-02,
1974-04-03,
1974-04-04,
1974-04-05,
1974-04-06,
1974-04-07,
1974-04-08,
1974-04-09,
1974-04-10,
1974-04-11,
1974-04-12,
1974-04-13,
1974-04-14,
1974-04-15,
1974-04-16,
1974-04-17,
1974-04-18,
1974-04-19,
1974-04-20,
1974-04-21,
1974-04-22,
1974-04-23,
1974-04-24,
1974-04-25,
1974-04-26,
1974-04-27,
1974-04-28,
1974-04-29,
1974-04-30,
1974-05-01,
1974-05-02,
1974-05-03,
1974-05-04,
1974-05-05,
1974-05-06,
1974-05-07,
1974-05-08,
1974-05-09,
1974-05-10,
1974-05-11,
1974-05-12,
1974-05-13,
1974-05-14,
1974-05-15,
1974-05-16,
1974-05-17,
1974-05-18,
1974-05-19,
1974-05-20,
1974-05-21,
1974-05-22,
1974-05-23,
1974-05-24,
1974-05-25,
1974-05-26,
1974-05-27,
1974-05-28,
1974-05-29,
1974-05-30,
1974-05-31,
1974-06-01,
1974-06-02,
1974-06-03,
1974-06-04,
1974-06-05,
1974-06-06,
1974-06-07,
1974-06-08,
1974-06-09,
1974-06-10,
1974-06-11,
1974-06-12,
1974-06-13,
1974-06-14,
1974-06-15,
1974-06-16,
1974-06-17,
1974-06-18,
1974-06-19,
1974-06-20,
1974-06-21,
1974-06-22,
1974-06-23,
1974-06-24,
1974-06-25,
1974-06-26,
1974-06-27,
1974-06-28,
1974-06-29,
1974-06-30,
1974-07-01,
1974-07-02,
1974-07-03,
1974-07-04,
1974-07-05,
1974-07-06,
1974-07-07,
1974-07-08,
1974-07-09,
1974-07-10,
1974-07-11,
1974-07-12,
1974-07-13,
1974-07-14,
1974-07-15,
1974-07-16,
1974-07-17,
1974-07-18,
1974-07-19,
1974-07-20,
1974-07-21,
1974-07-22,
1974-07-23,
1974-07-24,
1974-07-25,
1974-07-26,
1974-07-27,
1974-07-28,
1974-07-29,
1974-07-30,
1974-07-31,
1974-08-01,
1974-08-02,
1974-08-03,
1974-08-04,
1974-08-05,
1974-08-06,
1974-08-07,
1974-08-08,
1974-08-09,
1974-08-10,
1974-08-11,
1974-08-12,
1974-08-13,
1974-08-14,
1974-08-15,
1974-08-16,
1974-08-17,
1974-08-18,
1974-08-19,
1974-08-20,
1974-08-21,
1974-08-22,
1974-08-23,
1974-08-24,
1974-08-25,
1974-08-26,
1974-08-27,
1974-08-28,
1974-08-29,
1974-08-30,
1974-08-31,
1974-09-01,
1974-09-02,
1974-09-03,
1974-09-04,
1974-09-05,
1974-09-06,
1974-09-07,
1974-09-08,
1974-09-09,
1974-09-10,
1974-09-11,
1974-09-12,
1974-09-13,
1974-09-14,
1974-09-15,
1974-09-16,
1974-09-17,
1974-09-18,
1974-09-19,
1974-09-20,
1974-09-21,
1974-09-22,
1974-09-23,
1974-09-24,
1974-09-25,
1974-09-26,
1974-09-27,
1974-09-28,
1974-09-29,
1974-09-30,
1974-10-01,
1974-10-02,
1974-10-03,
1974-10-04,
1974-10-05,
1974-10-06,
1974-10-07,
1974-10-08,
1974-10-09,
1974-10-10,
1974-10-11,
1974-10-12,
1974-10-13,
1974-10-14,
1974-10-15,
1974-10-16,
1974-10-17,
1974-10-18,
1974-10-19,
1974-10-20,
1974-10-21,
1974-10-22,
1974-10-23,
1974-10-24,
1974-10-25,
1974-10-26,
1974-10-27,
1974-10-28,
1974-10-29,
1974-10-30,
1974-10-31,
1974-11-01,
1974-11-02,
1974-11-03,
1974-11-04,
1974-11-05,
1974-11-06,
1974-11-07,
1974-11-08,
1974-11-09,
1974-11-10,
1974-11-11,
1974-11-12,
1974-11-13,
1974-11-14,
1974-11-15,
1974-11-16,
1974-11-17,
1974-11-18,
1974-11-19,
1974-11-20,
1974-11-21,
1974-11-22,
1974-11-23,
1974-11-24,
1974-11-25,
1974-11-26,
1974-11-27,
1974-11-28,
1974-11-29,
1974-11-30,
1974-12-01,
1974-12-02,
1974-12-03,
1974-12-04,
1974-12-05,
1974-12-06,
1974-12-07,
1974-12-08,
1974-12-09,
1974-12-10,
1974-12-11,
1974-12-12,
1974-12-13,
1974-12-14,
1974-12-15,
1974-12-16,
1974-12-17,
1974-12-18,
1974-12-19,
1974-12-20,
1974-12-21,
1974-12-22,
1974-12-23,
1974-12-24,
1974-12-25,
1974-12-26,
1974-12-27,
1974-12-28,
1974-12-29,
1974-12-30,
1974-12-31,
1975-01-01,
1975-01-02,
1975-01-03,
1975-01-04,
1975-01-05,
1975-01-06,
1975-01-07,
1975-01-08,
1975-01-09,
1975-01-10,
1975-01-11,
1975-01-12,
1975-01-13,
1975-01-14,
1975-01-15,
1975-01-16,
1975-01-17,
1975-01-18,
1975-01-19,
1975-01-20,
1975-01-21,
1975-01-22,
1975-01-23,
1975-01-24,
1975-01-25,
1975-01-26,
1975-01-27,
1975-01-28,
1975-01-29,
1975-01-30,
1975-01-31,
1975-02-01,
1975-02-02,
1975-02-03,
1975-02-04,
1975-02-05,
1975-02-06,
1975-02-07,
1975-02-08,
1975-02-09,
1975-02-10,
1975-02-11,
1975-02-12,
1975-02-13,
1975-02-14,
1975-02-15,
1975-02-16,
1975-02-17,
1975-02-18,
1975-02-19,
1975-02-20,
1975-02-21,
1975-02-22,
1975-02-23,
1975-02-24,
1975-02-25,
1975-02-26,
1975-02-27,
1975-02-28,
1975-03-01,
1975-03-02,
1975-03-03,
1975-03-04,
1975-03-05,
1975-03-06,
1975-03-07,
1975-03-08,
1975-03-09,
1975-03-10,
1975-03-11,
1975-03-12,
1975-03-13,
1975-03-14,
1975-03-15,
1975-03-16,
1975-03-17,
1975-03-18,
1975-03-19,
1975-03-20,
1975-03-21,
1975-03-22,
1975-03-23,
1975-03-24,
1975-03-25,
1975-03-26,
1975-03-27,
1975-03-28,
1975-03-29,
1975-03-30,
1975-03-31,
1975-04-01,
1975-04-02,
1975-04-03,
1975-04-04,
1975-04-05,
1975-04-06,
1975-04-07,
1975-04-08,
1975-04-09,
1975-04-10,
1975-04-11,
1975-04-12,
1975-04-13,
1975-04-14,
1975-04-15,
1975-04-16,
1975-04-17,
1975-04-18,
1975-04-19,
1975-04-20,
1975-04-21,
1975-04-22,
1975-04-23,
1975-04-24,
1975-04-25,
1975-04-26,
1975-04-27,
1975-04-28,
1975-04-29,
1975-04-30,
1975-05-01,
1975-05-02,
1975-05-03,
1975-05-04,
1975-05-05,
1975-05-06,
1975-05-07,
1975-05-08,
1975-05-09,
1975-05-10,
1975-05-11,
1975-05-12,
1975-05-13,
1975-05-14,
1975-05-15,
1975-05-16,
1975-05-17,
1975-05-18,
1975-05-19,
1975-05-20,
1975-05-21,
1975-05-22,
1975-05-23,
1975-05-24,
1975-05-25,
1975-05-26,
1975-05-27,
1975-05-28,
1975-05-29,
1975-05-30,
1975-05-31,
1975-06-01,
1975-06-02,
1975-06-03,
1975-06-04,
1975-06-05,
1975-06-06,
1975-06-07,
1975-06-08,
1975-06-09,
1975-06-10,
1975-06-11,
1975-06-12,
1975-06-13,
1975-06-14,
1975-06-15,
1975-06-16,
1975-06-17,
1975-06-18,
1975-06-19,
1975-06-20,
1975-06-21,
1975-06-22,
1975-06-23,
1975-06-24,
1975-06-25,
1975-06-26,
1975-06-27,
1975-06-28,
1975-06-29,
1975-06-30,
1975-07-01,
1975-07-02,
1975-07-03,
1975-07-04,
1975-07-05,
1975-07-06,
1975-07-07,
1975-07-08,
1975-07-09,
1975-07-10,
1975-07-11,
1975-07-12,
1975-07-13,
1975-07-14,
1975-07-15,
1975-07-16,
1975-07-17,
1975-07-18,
1975-07-19,
1975-07-20,
1975-07-21,
1975-07-22,
1975-07-23,
1975-07-24,
1975-07-25,
1975-07-26,
1975-07-27,
1975-07-28,
1975-07-29,
1975-07-30,
1975-07-31,
1975-08-01,
1975-08-02,
1975-08-03,
1975-08-04,
1975-08-05,
1975-08-06,
1975-08-07,
1975-08-08,
1975-08-09,
1975-08-10,
1975-08-11,
1975-08-12,
1975-08-13,
1975-08-14,
1975-08-15,
1975-08-16,
1975-08-17,
1975-08-18,
1975-08-19,
1975-08-20,
1975-08-21,
1975-08-22,
1975-08-23,
1975-08-24,
1975-08-25,
1975-08-26,
1975-08-27,
1975-08-28,
1975-08-29,
1975-08-30,
1975-08-31,
1975-09-01,
1975-09-02,
1975-09-03,
1975-09-04,
1975-09-05,
1975-09-06,
1975-09-07,
1975-09-08,
1975-09-09,
1975-09-10,
1975-09-11,
1975-09-12,
1975-09-13,
1975-09-14,
1975-09-15,
1975-09-16,
1975-09-17,
1975-09-18,
1975-09-19,
1975-09-20,
1975-09-21,
1975-09-22,
1975-09-23,
1975-09-24,
1975-09-25,
1975-09-26,
1975-09-27,
1975-09-28,
1975-09-29,
1975-09-30,
1975-10-01,
1975-10-02,
1975-10-03,
1975-10-04,
1975-10-05,
1975-10-06,
1975-10-07,
1975-10-08,
1975-10-09,
1975-10-10,
1975-10-11,
1975-10-12,
1975-10-13,
1975-10-14,
1975-10-15,
1975-10-16,
1975-10-17,
1975-10-18,
1975-10-19,
1975-10-20,
1975-10-21,
1975-10-22,
1975-10-23,
1975-10-24,
1975-10-25,
1975-10-26,
1975-10-27,
1975-10-28,
1975-10-29,
1975-10-30,
1975-10-31,
1975-11-01,
1975-11-02,
1975-11-03,
1975-11-04,
1975-11-05,
1975-11-06,
1975-11-07,
1975-11-08,
1975-11-09,
1975-11-10,
1975-11-11,
1975-11-12,
1975-11-13,
1975-11-14,
1975-11-15,
1975-11-16,
1975-11-17,
1975-11-18,
1975-11-19,
1975-11-20,
1975-11-21,
1975-11-22,
1975-11-23,
1975-11-24,
1975-11-25,
1975-11-26,
1975-11-27,
1975-11-28,
1975-11-29,
1975-11-30,
1975-12-01,
1975-12-02,
1975-12-03,
1975-12-04,
1975-12-05,
1975-12-06,
1975-12-07,
1975-12-08,
1975-12-09,
1975-12-10,
1975-12-11,
1975-12-12,
1975-12-13,
1975-12-14,
1975-12-15,
1975-12-16,
1975-12-17,
1975-12-18,
1975-12-19,
1975-12-20,
1975-12-21,
1975-12-22,
1975-12-23,
1975-12-24,
1975-12-25,
1975-12-26,
1975-12-27,
1975-12-28,
1975-12-29,
1975-12-30,
1975-12-31,
1976-01-01,
1976-01-02,
1976-01-03,
1976-01-04,
1976-01-05,
1976-01-06,
1976-01-07,
1976-01-08,
1976-01-09,
1976-01-10,
1976-01-11,
1976-01-12,
1976-01-13,
1976-01-14,
1976-01-15,
1976-01-16,
1976-01-17,
1976-01-18,
1976-01-19,
1976-01-20,
1976-01-21,
1976-01-22,
1976-01-23,
1976-01-24,
1976-01-25,
1976-01-26,
1976-01-27,
1976-01-28,
1976-01-29,
1976-01-30,
1976-01-31,
1976-02-01,
1976-02-02,
1976-02-03,
1976-02-04,
1976-02-05,
1976-02-06,
1976-02-07,
1976-02-08,
1976-02-09,
1976-02-10,
1976-02-11,
1976-02-12,
1976-02-13,
1976-02-14,
1976-02-15,
1976-02-16,
1976-02-17,
1976-02-18,
1976-02-19,
1976-02-20,
1976-02-21,
1976-02-22,
1976-02-23,
1976-02-24,
1976-02-25,
1976-02-26,
1976-02-27,
1976-02-28,
1976-02-29,
1976-03-01,
1976-03-02,
1976-03-03,
1976-03-04,
1976-03-05,
1976-03-06,
1976-03-07,
1976-03-08,
1976-03-09,
1976-03-10,
1976-03-11,
1976-03-12,
1976-03-13,
1976-03-14,
1976-03-15,
1976-03-16,
1976-03-17,
1976-03-18,
1976-03-19,
1976-03-20,
1976-03-21,
1976-03-22,
1976-03-23,
1976-03-24,
1976-03-25,
1976-03-26,
1976-03-27,
1976-03-28,
1976-03-29,
1976-03-30,
1976-03-31,
1976-04-01,
1976-04-02,
1976-04-03,
1976-04-04,
1976-04-05,
1976-04-06,
1976-04-07,
1976-04-08,
1976-04-09,
1976-04-10,
1976-04-11,
1976-04-12,
1976-04-13,
1976-04-14,
1976-04-15,
1976-04-16,
1976-04-17,
1976-04-18,
1976-04-19,
1976-04-20,
1976-04-21,
1976-04-22,
1976-04-23,
1976-04-24,
1976-04-25,
1976-04-26,
1976-04-27,
1976-04-28,
1976-04-29,
1976-04-30,
1976-05-01,
1976-05-02,
1976-05-03,
1976-05-04,
1976-05-05,
1976-05-06,
1976-05-07,
1976-05-08,
1976-05-09,
1976-05-10,
1976-05-11,
1976-05-12,
1976-05-13,
1976-05-14,
1976-05-15,
1976-05-16,
1976-05-17,
1976-05-18,
1976-05-19,
1976-05-20,
1976-05-21,
1976-05-22,
1976-05-23,
1976-05-24,
1976-05-25,
1976-05-26,
1976-05-27,
1976-05-28,
1976-05-29,
1976-05-30,
1976-05-31,
1976-06-01,
1976-06-02,
1976-06-03,
1976-06-04,
1976-06-05,
1976-06-06,
1976-06-07,
1976-06-08,
1976-06-09,
1976-06-10,
1976-06-11,
1976-06-12,
1976-06-13,
1976-06-14,
1976-06-15,
1976-06-16,
1976-06-17,
1976-06-18,
1976-06-19,
1976-06-20,
1976-06-21,
1976-06-22,
1976-06-23,
1976-06-24,
1976-06-25,
1976-06-26,
1976-06-27,
1976-06-28,
1976-06-29,
1976-06-30,
1976-07-01,
1976-07-02,
1976-07-03,
1976-07-04,
1976-07-05,
1976-07-06,
1976-07-07,
1976-07-08,
1976-07-09,
1976-07-10,
1976-07-11,
1976-07-12,
1976-07-13,
1976-07-14,
1976-07-15,
1976-07-16,
1976-07-17,
1976-07-18,
1976-07-19,
1976-07-20,
1976-07-21,
1976-07-22,
1976-07-23,
1976-07-24,
1976-07-25,
1976-07-26,
1976-07-27,
1976-07-28,
1976-07-29,
1976-07-30,
1976-07-31,
1976-08-01,
1976-08-02,
1976-08-03,
1976-08-04,
1976-08-05,
1976-08-06,
1976-08-07,
1976-08-08,
1976-08-09,
1976-08-10,
1976-08-11,
1976-08-12,
1976-08-13,
1976-08-14,
1976-08-15,
1976-08-16,
1976-08-17,
1976-08-18,
1976-08-19,
1976-08-20,
1976-08-21,
1976-08-22,
1976-08-23,
1976-08-24,
1976-08-25,
1976-08-26,
1976-08-27,
1976-08-28,
1976-08-29,
1976-08-30,
1976-08-31,
1976-09-01,
1976-09-02,
1976-09-03,
1976-09-04,
1976-09-05,
1976-09-06,
1976-09-07,
1976-09-08,
1976-09-09,
1976-09-10,
1976-09-11,
1976-09-12,
1976-09-13,
1976-09-14,
1976-09-15,
1976-09-16,
1976-09-17,
1976-09-18,
1976-09-19,
1976-09-20,
1976-09-21,
1976-09-22,
1976-09-23,
1976-09-24,
1976-09-25,
1976-09-26,
1976-09-27,
1976-09-28,
1976-09-29,
1976-09-30,
1976-10-01,
1976-10-02,
1976-10-03,
1976-10-04,
1976-10-05,
1976-10-06,
1976-10-07,
1976-10-08,
1976-10-09,
1976-10-10,
1976-10-11,
1976-10-12,
1976-10-13,
1976-10-14,
1976-10-15,
1976-10-16,
1976-10-17,
1976-10-18,
1976-10-19,
1976-10-20,
1976-10-21,
1976-10-22,
1976-10-23,
1976-10-24,
1976-10-25,
1976-10-26,
1976-10-27,
1976-10-28,
1976-10-29,
1976-10-30,
1976-10-31,
1976-11-01,
1976-11-02,
1976-11-03,
1976-11-04,
1976-11-05,
1976-11-06,
1976-11-07,
1976-11-08,
1976-11-09,
1976-11-10,
1976-11-11,
1976-11-12,
1976-11-13,
1976-11-14,
1976-11-15,
1976-11-16,
1976-11-17,
1976-11-18,
1976-11-19,
1976-11-20,
1976-11-21,
1976-11-22,
1976-11-23,
1976-11-24,
1976-11-25,
1976-11-26,
1976-11-27,
1976-11-28,
1976-11-29,
1976-11-30,
1976-12-01,
1976-12-02,
1976-12-03,
1976-12-04,
1976-12-05,
1976-12-06,
1976-12-07,
1976-12-08,
1976-12-09,
1976-12-10,
1976-12-11,
1976-12-12,
1976-12-13,
1976-12-14,
1976-12-15,
1976-12-16,
1976-12-17,
1976-12-18,
1976-12-19,
1976-12-20,
1976-12-21,
1976-12-22,
1976-12-23,
1976-12-24,
1976-12-25,
1976-12-26,
1976-12-27,
1976-12-28,
1976-12-29,
1976-12-30,
1976-12-31,
1977-01-01,
1977-01-02,
1977-01-03,
1977-01-04,
1977-01-05,
1977-01-06,
1977-01-07,
1977-01-08,
1977-01-09,
1977-01-10,
1977-01-11,
1977-01-12,
1977-01-13,
1977-01-14,
1977-01-15,
1977-01-16,
1977-01-17,
1977-01-18,
1977-01-19,
1977-01-20,
1977-01-21,
1977-01-22,
1977-01-23,
1977-01-24,
1977-01-25,
1977-01-26,
1977-01-27,
1977-01-28,
1977-01-29,
1977-01-30,
1977-01-31,
1977-02-01,
1977-02-02,
1977-02-03,
1977-02-04,
1977-02-05,
1977-02-06,
1977-02-07,
1977-02-08,
1977-02-09,
1977-02-10,
1977-02-11,
1977-02-12,
1977-02-13,
1977-02-14,
1977-02-15,
1977-02-16,
1977-02-17,
1977-02-18,
1977-02-19,
1977-02-20,
1977-02-21,
1977-02-22,
1977-02-23,
1977-02-24,
1977-02-25,
1977-02-26,
1977-02-27,
1977-02-28,
1977-03-01,
1977-03-02,
1977-03-03,
1977-03-04,
1977-03-05,
1977-03-06,
1977-03-07,
1977-03-08,
1977-03-09,
1977-03-10,
1977-03-11,
1977-03-12,
1977-03-13,
1977-03-14,
1977-03-15,
1977-03-16,
1977-03-17,
1977-03-18,
1977-03-19,
1977-03-20,
1977-03-21,
1977-03-22,
1977-03-23,
1977-03-24,
1977-03-25,
1977-03-26,
1977-03-27,
1977-03-28,
1977-03-29,
1977-03-30,
1977-03-31,
1977-04-01,
1977-04-02,
1977-04-03,
1977-04-04,
1977-04-05,
1977-04-06,
1977-04-07,
1977-04-08,
1977-04-09,
1977-04-10,
1977-04-11,
1977-04-12,
1977-04-13,
1977-04-14,
1977-04-15,
1977-04-16,
1977-04-17,
1977-04-18,
1977-04-19,
1977-04-20,
1977-04-21,
1977-04-22,
1977-04-23,
1977-04-24,
1977-04-25,
1977-04-26,
1977-04-27,
1977-04-28,
1977-04-29,
1977-04-30,
1977-05-01,
1977-05-02,
1977-05-03,
1977-05-04,
1977-05-05,
1977-05-06,
1977-05-07,
1977-05-08,
1977-05-09,
1977-05-10,
1977-05-11,
1977-05-12,
1977-05-13,
1977-05-14,
1977-05-15,
1977-05-16,
1977-05-17,
1977-05-18,
1977-05-19,
1977-05-20,
1977-05-21,
1977-05-22,
1977-05-23,
1977-05-24,
1977-05-25,
1977-05-26,
1977-05-27,
1977-05-28,
1977-05-29,
1977-05-30,
1977-05-31,
1977-06-01,
1977-06-02,
1977-06-03,
1977-06-04,
1977-06-05,
1977-06-06,
1977-06-07,
1977-06-08,
1977-06-09,
1977-06-10,
1977-06-11,
1977-06-12,
1977-06-13,
1977-06-14,
1977-06-15,
1977-06-16,
1977-06-17,
1977-06-18,
1977-06-19,
1977-06-20,
1977-06-21,
1977-06-22,
1977-06-23,
1977-06-24,
1977-06-25,
1977-06-26,
1977-06-27,
1977-06-28,
1977-06-29,
1977-06-30,
1977-07-01,
1977-07-02,
1977-07-03,
1977-07-04,
1977-07-05,
1977-07-06,
1977-07-07,
1977-07-08,
1977-07-09,
1977-07-10,
1977-07-11,
1977-07-12,
1977-07-13,
1977-07-14,
1977-07-15,
1977-07-16,
1977-07-17,
1977-07-18,
1977-07-19,
1977-07-20,
1977-07-21,
1977-07-22,
1977-07-23,
1977-07-24,
1977-07-25,
1977-07-26,
1977-07-27,
1977-07-28,
1977-07-29,
1977-07-30,
1977-07-31,
1977-08-01,
1977-08-02,
1977-08-03,
1977-08-04,
1977-08-05,
1977-08-06,
1977-08-07,
1977-08-08,
1977-08-09,
1977-08-10,
1977-08-11,
1977-08-12,
1977-08-13,
1977-08-14,
1977-08-15,
1977-08-16,
1977-08-17,
1977-08-18,
1977-08-19,
1977-08-20,
1977-08-21,
1977-08-22,
1977-08-23,
1977-08-24,
1977-08-25,
1977-08-26,
1977-08-27,
1977-08-28,
1977-08-29,
1977-08-30,
1977-08-31,
1977-09-01,
1977-09-02,
1977-09-03,
1977-09-04,
1977-09-05,
1977-09-06,
1977-09-07,
1977-09-08,
1977-09-09,
1977-09-10,
1977-09-11,
1977-09-12,
1977-09-13,
1977-09-14,
1977-09-15,
1977-09-16,
1977-09-17,
1977-09-18,
1977-09-19,
1977-09-20,
1977-09-21,
1977-09-22,
1977-09-23,
1977-09-24,
1977-09-25,
1977-09-26,
1977-09-27,
1977-09-28,
1977-09-29,
1977-09-30,
1977-10-01,
1977-10-02,
1977-10-03,
1977-10-04,
1977-10-05,
1977-10-06,
1977-10-07,
1977-10-08,
1977-10-09,
1977-10-10,
1977-10-11,
1977-10-12,
1977-10-13,
1977-10-14,
1977-10-15,
1977-10-16,
1977-10-17,
1977-10-18,
1977-10-19,
1977-10-20,
1977-10-21,
1977-10-22,
1977-10-23,
1977-10-24,
1977-10-25,
1977-10-26,
1977-10-27,
1977-10-28,
1977-10-29,
1977-10-30,
1977-10-31,
1977-11-01,
1977-11-02,
1977-11-03,
1977-11-04,
1977-11-05,
1977-11-06,
1977-11-07,
1977-11-08,
1977-11-09,
1977-11-10,
1977-11-11,
1977-11-12,
1977-11-13,
1977-11-14,
1977-11-15,
1977-11-16,
1977-11-17,
1977-11-18,
1977-11-19,
1977-11-20,
1977-11-21,
1977-11-22,
1977-11-23,
1977-11-24,
1977-11-25,
1977-11-26,
1977-11-27,
1977-11-28,
1977-11-29,
1977-11-30,
1977-12-01,
1977-12-02,
1977-12-03,
1977-12-04,
1977-12-05,
1977-12-06,
1977-12-07,
1977-12-08,
1977-12-09,
1977-12-10,
1977-12-11,
1977-12-12,
1977-12-13,
1977-12-14,
1977-12-15,
1977-12-16,
1977-12-17,
1977-12-18,
1977-12-19,
1977-12-20,
1977-12-21,
1977-12-22,
1977-12-23,
1977-12-24,
1977-12-25,
1977-12-26,
1977-12-27,
1977-12-28,
1977-12-29,
1977-12-30,
1977-12-31,
1978-01-01,
1978-01-02,
1978-01-03,
1978-01-04,
1978-01-05,
1978-01-06,
1978-01-07,
1978-01-08,
1978-01-09,
1978-01-10,
1978-01-11,
1978-01-12,
1978-01-13,
1978-01-14,
1978-01-15,
1978-01-16,
1978-01-17,
1978-01-18,
1978-01-19,
1978-01-20,
1978-01-21,
1978-01-22,
1978-01-23,
1978-01-24,
1978-01-25,
1978-01-26,
1978-01-27,
1978-01-28,
1978-01-29,
1978-01-30,
1978-01-31,
1978-02-01,
1978-02-02,
1978-02-03,
1978-02-04,
1978-02-05,
1978-02-06,
1978-02-07,
1978-02-08,
1978-02-09,
1978-02-10,
1978-02-11,
1978-02-12,
1978-02-13,
1978-02-14,
1978-02-15,
1978-02-16,
1978-02-17,
1978-02-18,
1978-02-19,
1978-02-20,
1978-02-21,
1978-02-22,
1978-02-23,
1978-02-24,
1978-02-25,
1978-02-26,
1978-02-27,
1978-02-28,
1978-03-01,
1978-03-02,
1978-03-03,
1978-03-04,
1978-03-05,
1978-03-06,
1978-03-07,
1978-03-08,
1978-03-09,
1978-03-10,
1978-03-11,
1978-03-12,
1978-03-13,
1978-03-14,
1978-03-15,
1978-03-16,
1978-03-17,
1978-03-18,
1978-03-19,
1978-03-20,
1978-03-21,
1978-03-22,
1978-03-23,
1978-03-24,
1978-03-25,
1978-03-26,
1978-03-27,
1978-03-28,
1978-03-29,
1978-03-30,
1978-03-31,
1978-04-01,
1978-04-02,
1978-04-03,
1978-04-04,
1978-04-05,
1978-04-06,
1978-04-07,
1978-04-08,
1978-04-09,
1978-04-10,
1978-04-11,
1978-04-12,
1978-04-13,
1978-04-14,
1978-04-15,
1978-04-16,
1978-04-17,
1978-04-18,
1978-04-19,
1978-04-20,
1978-04-21,
1978-04-22,
1978-04-23,
1978-04-24,
1978-04-25,
1978-04-26,
1978-04-27,
1978-04-28,
1978-04-29,
1978-04-30,
1978-05-01,
1978-05-02,
1978-05-03,
1978-05-04,
1978-05-05,
1978-05-06,
1978-05-07,
1978-05-08,
1978-05-09,
1978-05-10,
1978-05-11,
1978-05-12,
1978-05-13,
1978-05-14,
1978-05-15,
1978-05-16,
1978-05-17,
1978-05-18,
1978-05-19,
1978-05-20,
1978-05-21,
1978-05-22,
1978-05-23,
1978-05-24,
1978-05-25,
1978-05-26,
1978-05-27,
1978-05-28,
1978-05-29,
1978-05-30,
1978-05-31,
1978-06-01,
1978-06-02,
1978-06-03,
1978-06-04,
1978-06-05,
1978-06-06,
1978-06-07,
1978-06-08,
1978-06-09,
1978-06-10,
1978-06-11,
1978-06-12,
1978-06-13,
1978-06-14,
1978-06-15,
1978-06-16,
1978-06-17,
1978-06-18,
1978-06-19,
1978-06-20,
1978-06-21,
1978-06-22,
1978-06-23,
1978-06-24,
1978-06-25,
1978-06-26,
1978-06-27,
1978-06-28,
1978-06-29,
1978-06-30,
1978-07-01,
1978-07-02,
1978-07-03,
1978-07-04,
1978-07-05,
1978-07-06,
1978-07-07,
1978-07-08,
1978-07-09,
1978-07-10,
1978-07-11,
1978-07-12,
1978-07-13,
1978-07-14,
1978-07-15,
1978-07-16,
1978-07-17,
1978-07-18,
1978-07-19,
1978-07-20,
1978-07-21,
1978-07-22,
1978-07-23,
1978-07-24,
1978-07-25,
1978-07-26,
1978-07-27,
1978-07-28,
1978-07-29,
1978-07-30,
1978-07-31,
1978-08-01,
1978-08-02,
1978-08-03,
1978-08-04,
1978-08-05,
1978-08-06,
1978-08-07,
1978-08-08,
1978-08-09,
1978-08-10,
1978-08-11,
1978-08-12,
1978-08-13,
1978-08-14,
1978-08-15,
1978-08-16,
1978-08-17,
1978-08-18,
1978-08-19,
1978-08-20,
1978-08-21,
1978-08-22,
1978-08-23,
1978-08-24,
1978-08-25,
1978-08-26,
1978-08-27,
1978-08-28,
1978-08-29,
1978-08-30,
1978-08-31,
1978-09-01,
1978-09-02,
1978-09-03,
1978-09-04,
1978-09-05,
1978-09-06,
1978-09-07,
1978-09-08,
1978-09-09,
1978-09-10,
1978-09-11,
1978-09-12,
1978-09-13,
1978-09-14,
1978-09-15,
1978-09-16,
1978-09-17,
1978-09-18,
1978-09-19,
1978-09-20,
1978-09-21,
1978-09-22,
1978-09-23,
1978-09-24,
1978-09-25,
1978-09-26,
1978-09-27,
1978-09-28,
1978-09-29,
1978-09-30,
1978-10-01,
1978-10-02,
1978-10-03,
1978-10-04,
1978-10-05,
1978-10-06,
1978-10-07,
1978-10-08,
1978-10-09,
1978-10-10,
1978-10-11,
1978-10-12,
1978-10-13,
1978-10-14,
1978-10-15,
1978-10-16,
1978-10-17,
1978-10-18,
1978-10-19,
1978-10-20,
1978-10-21,
1978-10-22,
1978-10-23,
1978-10-24,
1978-10-25,
1978-10-26,
1978-10-27,
1978-10-28,
1978-10-29,
1978-10-30,
1978-10-31,
1978-11-01,
1978-11-02,
1978-11-03,
1978-11-04,
1978-11-05,
1978-11-06,
1978-11-07,
1978-11-08,
1978-11-09,
1978-11-10,
1978-11-11,
1978-11-12,
1978-11-13,
1978-11-14,
1978-11-15,
1978-11-16,
1978-11-17,
1978-11-18,
1978-11-19,
1978-11-20,
1978-11-21,
1978-11-22,
1978-11-23,
1978-11-24,
1978-11-25,
1978-11-26,
1978-11-27,
1978-11-28,
1978-11-29,
1978-11-30,
1978-12-01,
1978-12-02,
1978-12-03,
1978-12-04,
1978-12-05,
1978-12-06,
1978-12-07,
1978-12-08,
1978-12-09,
1978-12-10,
1978-12-11,
1978-12-12,
1978-12-13,
1978-12-14,
1978-12-15,
1978-12-16,
1978-12-17,
1978-12-18,
1978-12-19,
1978-12-20,
1978-12-21,
1978-12-22,
1978-12-23,
1978-12-24,
1978-12-25,
1978-12-26,
1978-12-27,
1978-12-28,
1978-12-29,
1978-12-30,
1978-12-31,
1979-01-01,
1979-01-02,
1979-01-03,
1979-01-04,
1979-01-05,
1979-01-06,
1979-01-07,
1979-01-08,
1979-01-09,
1979-01-10,
1979-01-11,
1979-01-12,
1979-01-13,
1979-01-14,
1979-01-15,
1979-01-16,
1979-01-17,
1979-01-18,
1979-01-19,
1979-01-20,
1979-01-21,
1979-01-22,
1979-01-23,
1979-01-24,
1979-01-25,
1979-01-26,
1979-01-27,
1979-01-28,
1979-01-29,
1979-01-30,
1979-01-31,
1979-02-01,
1979-02-02,
1979-02-03,
1979-02-04,
1979-02-05,
1979-02-06,
1979-02-07,
1979-02-08,
1979-02-09,
1979-02-10,
1979-02-11,
1979-02-12,
1979-02-13,
1979-02-14,
1979-02-15,
1979-02-16,
1979-02-17,
1979-02-18,
1979-02-19,
1979-02-20,
1979-02-21,
1979-02-22,
1979-02-23,
1979-02-24,
1979-02-25,
1979-02-26,
1979-02-27,
1979-02-28,
1979-03-01,
1979-03-02,
1979-03-03,
1979-03-04,
1979-03-05,
1979-03-06,
1979-03-07,
1979-03-08,
1979-03-09,
1979-03-10,
1979-03-11,
1979-03-12,
1979-03-13,
1979-03-14,
1979-03-15,
1979-03-16,
1979-03-17,
1979-03-18,
1979-03-19,
1979-03-20,
1979-03-21,
1979-03-22,
1979-03-23,
1979-03-24,
1979-03-25,
1979-03-26,
1979-03-27,
1979-03-28,
1979-03-29,
1979-03-30,
1979-03-31,
1979-04-01,
1979-04-02,
1979-04-03,
1979-04-04,
1979-04-05,
1979-04-06,
1979-04-07,
1979-04-08,
1979-04-09,
1979-04-10,
1979-04-11,
1979-04-12,
1979-04-13,
1979-04-14,
1979-04-15,
1979-04-16,
1979-04-17,
1979-04-18,
1979-04-19,
1979-04-20,
1979-04-21,
1979-04-22,
1979-04-23,
1979-04-24,
1979-04-25,
1979-04-26,
1979-04-27,
1979-04-28,
1979-04-29,
1979-04-30,
1979-05-01,
1979-05-02,
1979-05-03,
1979-05-04,
1979-05-05,
1979-05-06,
1979-05-07,
1979-05-08,
1979-05-09,
1979-05-10,
1979-05-11,
1979-05-12,
1979-05-13,
1979-05-14,
1979-05-15,
1979-05-16,
1979-05-17,
1979-05-18,
1979-05-19,
1979-05-20,
1979-05-21,
1979-05-22,
1979-05-23,
1979-05-24,
1979-05-25,
1979-05-26,
1979-05-27,
1979-05-28,
1979-05-29,
1979-05-30,
1979-05-31,
1979-06-01,
1979-06-02,
1979-06-03,
1979-06-04,
1979-06-05,
1979-06-06,
1979-06-07,
1979-06-08,
1979-06-09,
1979-06-10,
1979-06-11,
1979-06-12,
1979-06-13,
1979-06-14,
1979-06-15,
1979-06-16,
1979-06-17,
1979-06-18,
1979-06-19,
1979-06-20,
1979-06-21,
1979-06-22,
1979-06-23,
1979-06-24,
1979-06-25,
1979-06-26,
1979-06-27,
1979-06-28,
1979-06-29,
1979-06-30,
1979-07-01,
1979-07-02,
1979-07-03,
1979-07-04,
1979-07-05,
1979-07-06,
1979-07-07,
1979-07-08,
1979-07-09,
1979-07-10,
1979-07-11,
1979-07-12,
1979-07-13,
1979-07-14,
1979-07-15,
1979-07-16,
1979-07-17,
1979-07-18,
1979-07-19,
1979-07-20,
1979-07-21,
1979-07-22,
1979-07-23,
1979-07-24,
1979-07-25,
1979-07-26,
1979-07-27,
1979-07-28,
1979-07-29,
1979-07-30,
1979-07-31,
1979-08-01,
1979-08-02,
1979-08-03,
1979-08-04,
1979-08-05,
1979-08-06,
1979-08-07,
1979-08-08,
1979-08-09,
1979-08-10,
1979-08-11,
1979-08-12,
1979-08-13,
1979-08-14,
1979-08-15,
1979-08-16,
1979-08-17,
1979-08-18,
1979-08-19,
1979-08-20,
1979-08-21,
1979-08-22,
1979-08-23,
1979-08-24,
1979-08-25,
1979-08-26,
1979-08-27,
1979-08-28,
1979-08-29,
1979-08-30,
1979-08-31,
1979-09-01,
1979-09-02,
1979-09-03,
1979-09-04,
1979-09-05,
1979-09-06,
1979-09-07,
1979-09-08,
1979-09-09,
1979-09-10,
1979-09-11,
1979-09-12,
1979-09-13,
1979-09-14,
1979-09-15,
1979-09-16,
1979-09-17,
1979-09-18,
1979-09-19,
1979-09-20,
1979-09-21,
1979-09-22,
1979-09-23,
1979-09-24,
1979-09-25,
1979-09-26,
1979-09-27,
1979-09-28,
1979-09-29,
1979-09-30,
1979-10-01,
1979-10-02,
1979-10-03,
1979-10-04,
1979-10-05,
1979-10-06,
1979-10-07,
1979-10-08,
1979-10-09,
1979-10-10,
1979-10-11,
1979-10-12,
1979-10-13,
1979-10-14,
1979-10-15,
1979-10-16,
1979-10-17,
1979-10-18,
1979-10-19,
1979-10-20,
1979-10-21,
1979-10-22,
1979-10-23,
1979-10-24,
1979-10-25,
1979-10-26,
1979-10-27,
1979-10-28,
1979-10-29,
1979-10-30,
1979-10-31,
1979-11-01,
1979-11-02,
1979-11-03,
1979-11-04,
1979-11-05,
1979-11-06,
1979-11-07,
1979-11-08,
1979-11-09,
1979-11-10,
1979-11-11,
1979-11-12,
1979-11-13,
1979-11-14,
1979-11-15,
1979-11-16,
1979-11-17,
1979-11-18,
1979-11-19,
1979-11-20,
1979-11-21,
1979-11-22,
1979-11-23,
1979-11-24,
1979-11-25,
1979-11-26,
1979-11-27,
1979-11-28,
1979-11-29,
1979-11-30,
1979-12-01,
1979-12-02,
1979-12-03,
1979-12-04,
1979-12-05,
1979-12-06,
1979-12-07,
1979-12-08,
1979-12-09,
1979-12-10,
1979-12-11,
1979-12-12,
1979-12-13,
1979-12-14,
1979-12-15,
1979-12-16,
1979-12-17,
1979-12-18,
1979-12-19,
1979-12-20,
1979-12-21,
1979-12-22,
1979-12-23,
1979-12-24,
1979-12-25,
1979-12-26,
1979-12-27,
1979-12-28,
1979-12-29,
1979-12-30,
1979-12-31,
1980-01-01,
1980-01-02,
1980-01-03,
1980-01-04,
1980-01-05,
1980-01-06,
1980-01-07,
1980-01-08,
1980-01-09,
1980-01-10,
1980-01-11,
1980-01-12,
1980-01-13,
1980-01-14,
1980-01-15,
1980-01-16,
1980-01-17,
1980-01-18,
1980-01-19,
1980-01-20,
1980-01-21,
1980-01-22,
1980-01-23,
1980-01-24,
1980-01-25,
1980-01-26,
1980-01-27,
1980-01-28,
1980-01-29,
1980-01-30,
1980-01-31,
1980-02-01,
1980-02-02,
1980-02-03,
1980-02-04,
1980-02-05,
1980-02-06,
1980-02-07,
1980-02-08,
1980-02-09,
1980-02-10,
1980-02-11,
1980-02-12,
1980-02-13,
1980-02-14,
1980-02-15,
1980-02-16,
1980-02-17,
1980-02-18,
1980-02-19,
1980-02-20,
1980-02-21,
1980-02-22,
1980-02-23,
1980-02-24,
1980-02-25,
1980-02-26,
1980-02-27,
1980-02-28,
1980-02-29,
1980-03-01,
1980-03-02,
1980-03-03,
1980-03-04,
1980-03-05,
1980-03-06,
1980-03-07,
1980-03-08,
1980-03-09,
1980-03-10,
1980-03-11,
1980-03-12,
1980-03-13,
1980-03-14,
1980-03-15,
1980-03-16,
1980-03-17,
1980-03-18,
1980-03-19,
1980-03-20,
1980-03-21,
1980-03-22,
1980-03-23,
1980-03-24,
1980-03-25,
1980-03-26,
1980-03-27,
1980-03-28,
1980-03-29,
1980-03-30,
1980-03-31,
1980-04-01,
1980-04-02,
1980-04-03,
1980-04-04,
1980-04-05,
1980-04-06,
1980-04-07,
1980-04-08,
1980-04-09,
1980-04-10,
1980-04-11,
1980-04-12,
1980-04-13,
1980-04-14,
1980-04-15,
1980-04-16,
1980-04-17,
1980-04-18,
1980-04-19,
1980-04-20,
1980-04-21,
1980-04-22,
1980-04-23,
1980-04-24,
1980-04-25,
1980-04-26,
1980-04-27,
1980-04-28,
1980-04-29,
1980-04-30,
1980-05-01,
1980-05-02,
1980-05-03,
1980-05-04,
1980-05-05,
1980-05-06,
1980-05-07,
1980-05-08,
1980-05-09,
1980-05-10,
1980-05-11,
1980-05-12,
1980-05-13,
1980-05-14,
1980-05-15,
1980-05-16,
1980-05-17,
1980-05-18,
1980-05-19,
1980-05-20,
1980-05-21,
1980-05-22,
1980-05-23,
1980-05-24,
1980-05-25,
1980-05-26,
1980-05-27,
1980-05-28,
1980-05-29,
1980-05-30,
1980-05-31,
1980-06-01,
1980-06-02,
1980-06-03,
1980-06-04,
1980-06-05,
1980-06-06,
1980-06-07,
1980-06-08,
1980-06-09,
1980-06-10,
1980-06-11,
1980-06-12,
1980-06-13,
1980-06-14,
1980-06-15,
1980-06-16,
1980-06-17,
1980-06-18,
1980-06-19,
1980-06-20,
1980-06-21,
1980-06-22,
1980-06-23,
1980-06-24,
1980-06-25,
1980-06-26,
1980-06-27,
1980-06-28,
1980-06-29,
1980-06-30,
1980-07-01,
1980-07-02,
1980-07-03,
1980-07-04,
1980-07-05,
1980-07-06,
1980-07-07,
1980-07-08,
1980-07-09,
1980-07-10,
1980-07-11,
1980-07-12,
1980-07-13,
1980-07-14,
1980-07-15,
1980-07-16,
1980-07-17,
1980-07-18,
1980-07-19,
1980-07-20,
1980-07-21,
1980-07-22,
1980-07-23,
1980-07-24,
1980-07-25,
1980-07-26,
1980-07-27,
1980-07-28,
1980-07-29,
1980-07-30,
1980-07-31,
1980-08-01,
1980-08-02,
1980-08-03,
1980-08-04,
1980-08-05,
1980-08-06,
1980-08-07,
1980-08-08,
1980-08-09,
1980-08-10,
1980-08-11,
1980-08-12,
1980-08-13,
1980-08-14,
1980-08-15,
1980-08-16,
1980-08-17,
1980-08-18,
1980-08-19,
1980-08-20,
1980-08-21,
1980-08-22,
1980-08-23,
1980-08-24,
1980-08-25,
1980-08-26,
1980-08-27,
1980-08-28,
1980-08-29,
1980-08-30,
1980-08-31,
1980-09-01,
1980-09-02,
1980-09-03,
1980-09-04,
1980-09-05,
1980-09-06,
1980-09-07,
1980-09-08,
1980-09-09,
1980-09-10,
1980-09-11,
1980-09-12,
1980-09-13,
1980-09-14,
1980-09-15,
1980-09-16,
1980-09-17,
1980-09-18,
1980-09-19,
1980-09-20,
1980-09-21,
1980-09-22,
1980-09-23,
1980-09-24,
1980-09-25,
1980-09-26,
1980-09-27,
1980-09-28,
1980-09-29,
1980-09-30,
1980-10-01,
1980-10-02,
1980-10-03,
1980-10-04,
1980-10-05,
1980-10-06,
1980-10-07,
1980-10-08,
1980-10-09,
1980-10-10,
1980-10-11,
1980-10-12,
1980-10-13,
1980-10-14,
1980-10-15,
1980-10-16,
1980-10-17,
1980-10-18,
1980-10-19,
1980-10-20,
1980-10-21,
1980-10-22,
1980-10-23,
1980-10-24,
1980-10-25,
1980-10-26,
1980-10-27,
1980-10-28,
1980-10-29,
1980-10-30,
1980-10-31,
1980-11-01,
1980-11-02,
1980-11-03,
1980-11-04,
1980-11-05,
1980-11-06,
1980-11-07,
1980-11-08,
1980-11-09,
1980-11-10,
1980-11-11,
1980-11-12,
1980-11-13,
1980-11-14,
1980-11-15,
1980-11-16,
1980-11-17,
1980-11-18,
1980-11-19,
1980-11-20,
1980-11-21,
1980-11-22,
1980-11-23,
1980-11-24,
1980-11-25,
1980-11-26,
1980-11-27,
1980-11-28,
1980-11-29,
1980-11-30,
1980-12-01,
1980-12-02,
1980-12-03,
1980-12-04,
1980-12-05,
1980-12-06,
1980-12-07,
1980-12-08,
1980-12-09,
1980-12-10,
1980-12-11,
1980-12-12,
1980-12-13,
1980-12-14,
1980-12-15,
1980-12-16,
1980-12-17,
1980-12-18,
1980-12-19,
1980-12-20,
1980-12-21,
1980-12-22,
1980-12-23,
1980-12-24,
1980-12-25,
1980-12-26,
1980-12-27,
1980-12-28,
1980-12-29,
1980-12-30,
1980-12-31,
1981-01-01,
1981-01-02,
1981-01-03,
1981-01-04,
1981-01-05,
1981-01-06,
1981-01-07,
1981-01-08,
1981-01-09,
1981-01-10,
1981-01-11,
1981-01-12,
1981-01-13,
1981-01-14,
1981-01-15,
1981-01-16,
1981-01-17,
1981-01-18,
1981-01-19,
1981-01-20,
1981-01-21,
1981-01-22,
1981-01-23,
1981-01-24,
1981-01-25,
1981-01-26,
1981-01-27,
1981-01-28,
1981-01-29,
1981-01-30,
1981-01-31,
1981-02-01,
1981-02-02,
1981-02-03,
1981-02-04,
1981-02-05,
1981-02-06,
1981-02-07,
1981-02-08,
1981-02-09,
1981-02-10,
1981-02-11,
1981-02-12,
1981-02-13,
1981-02-14,
1981-02-15,
1981-02-16,
1981-02-17,
1981-02-18,
1981-02-19,
1981-02-20,
1981-02-21,
1981-02-22,
1981-02-23,
1981-02-24,
1981-02-25,
1981-02-26,
1981-02-27,
1981-02-28,
1981-03-01,
1981-03-02,
1981-03-03,
1981-03-04,
1981-03-05,
1981-03-06,
1981-03-07,
1981-03-08,
1981-03-09,
1981-03-10,
1981-03-11,
1981-03-12,
1981-03-13,
1981-03-14,
1981-03-15,
1981-03-16,
1981-03-17,
1981-03-18,
1981-03-19,
1981-03-20,
1981-03-21,
1981-03-22,
1981-03-23,
1981-03-24,
1981-03-25,
1981-03-26,
1981-03-27,
1981-03-28,
1981-03-29,
1981-03-30,
1981-03-31,
1981-04-01,
1981-04-02,
1981-04-03,
1981-04-04,
1981-04-05,
1981-04-06,
1981-04-07,
1981-04-08,
1981-04-09,
1981-04-10,
1981-04-11,
1981-04-12,
1981-04-13,
1981-04-14,
1981-04-15,
1981-04-16,
1981-04-17,
1981-04-18,
1981-04-19,
1981-04-20,
1981-04-21,
1981-04-22,
1981-04-23,
1981-04-24,
1981-04-25,
1981-04-26,
1981-04-27,
1981-04-28,
1981-04-29,
1981-04-30,
1981-05-01,
1981-05-02,
1981-05-03,
1981-05-04,
1981-05-05,
1981-05-06,
1981-05-07,
1981-05-08,
1981-05-09,
1981-05-10,
1981-05-11,
1981-05-12,
1981-05-13,
1981-05-14,
1981-05-15,
1981-05-16,
1981-05-17,
1981-05-18,
1981-05-19,
1981-05-20,
1981-05-21,
1981-05-22,
1981-05-23,
1981-05-24,
1981-05-25,
1981-05-26,
1981-05-27,
1981-05-28,
1981-05-29,
1981-05-30,
1981-05-31,
1981-06-01,
1981-06-02,
1981-06-03,
1981-06-04,
1981-06-05,
1981-06-06,
1981-06-07,
1981-06-08,
1981-06-09,
1981-06-10,
1981-06-11,
1981-06-12,
1981-06-13,
1981-06-14,
1981-06-15,
1981-06-16,
1981-06-17,
1981-06-18,
1981-06-19,
1981-06-20,
1981-06-21,
1981-06-22,
1981-06-23,
1981-06-24,
1981-06-25,
1981-06-26,
1981-06-27,
1981-06-28,
1981-06-29,
1981-06-30,
1981-07-01,
1981-07-02,
1981-07-03,
1981-07-04,
1981-07-05,
1981-07-06,
1981-07-07,
1981-07-08,
1981-07-09,
1981-07-10,
1981-07-11,
1981-07-12,
1981-07-13,
1981-07-14,
1981-07-15,
1981-07-16,
1981-07-17,
1981-07-18,
1981-07-19,
1981-07-20,
1981-07-21,
1981-07-22,
1981-07-23,
1981-07-24,
1981-07-25,
1981-07-26,
1981-07-27,
1981-07-28,
1981-07-29,
1981-07-30,
1981-07-31,
1981-08-01,
1981-08-02,
1981-08-03,
1981-08-04,
1981-08-05,
1981-08-06,
1981-08-07,
1981-08-08,
1981-08-09,
1981-08-10,
1981-08-11,
1981-08-12,
1981-08-13,
1981-08-14,
1981-08-15,
1981-08-16,
1981-08-17,
1981-08-18,
1981-08-19,
1981-08-20,
1981-08-21,
1981-08-22,
1981-08-23,
1981-08-24,
1981-08-25,
1981-08-26,
1981-08-27,
1981-08-28,
1981-08-29,
1981-08-30,
1981-08-31,
1981-09-01,
1981-09-02,
1981-09-03,
1981-09-04,
1981-09-05,
1981-09-06,
1981-09-07,
1981-09-08,
1981-09-09,
1981-09-10,
1981-09-11,
1981-09-12,
1981-09-13,
1981-09-14,
1981-09-15,
1981-09-16,
1981-09-17,
1981-09-18,
1981-09-19,
1981-09-20,
1981-09-21,
1981-09-22,
1981-09-23,
1981-09-24,
1981-09-25,
1981-09-26,
1981-09-27,
1981-09-28,
1981-09-29,
1981-09-30,
1981-10-01,
1981-10-02,
1981-10-03,
1981-10-04,
1981-10-05,
1981-10-06,
1981-10-07,
1981-10-08,
1981-10-09,
1981-10-10,
1981-10-11,
1981-10-12,
1981-10-13,
1981-10-14,
1981-10-15,
1981-10-16,
1981-10-17,
1981-10-18,
1981-10-19,
1981-10-20,
1981-10-21,
1981-10-22,
1981-10-23,
1981-10-24,
1981-10-25,
1981-10-26,
1981-10-27,
1981-10-28,
1981-10-29,
1981-10-30,
1981-10-31,
1981-11-01,
1981-11-02,
1981-11-03,
1981-11-04,
1981-11-05,
1981-11-06,
1981-11-07,
1981-11-08,
1981-11-09,
1981-11-10,
1981-11-11,
1981-11-12,
1981-11-13,
1981-11-14,
1981-11-15,
1981-11-16,
1981-11-17,
1981-11-18,
1981-11-19,
1981-11-20,
1981-11-21,
1981-11-22,
1981-11-23,
1981-11-24,
1981-11-25,
1981-11-26,
1981-11-27,
1981-11-28,
1981-11-29,
1981-11-30,
1981-12-01,
1981-12-02,
1981-12-03,
1981-12-04,
1981-12-05,
1981-12-06,
1981-12-07,
1981-12-08,
1981-12-09,
1981-12-10,
1981-12-11,
1981-12-12,
1981-12-13,
1981-12-14,
1981-12-15,
1981-12-16,
1981-12-17,
1981-12-18,
1981-12-19,
1981-12-20,
1981-12-21,
1981-12-22,
1981-12-23,
1981-12-24,
1981-12-25,
1981-12-26,
1981-12-27,
1981-12-28,
1981-12-29,
1981-12-30,
1981-12-31,
1982-01-01,
1982-01-02,
1982-01-03,
1982-01-04,
1982-01-05,
1982-01-06,
1982-01-07,
1982-01-08,
1982-01-09,
1982-01-10,
1982-01-11,
1982-01-12,
1982-01-13,
1982-01-14,
1982-01-15,
1982-01-16,
1982-01-17,
1982-01-18,
1982-01-19,
1982-01-20,
1982-01-21,
1982-01-22,
1982-01-23,
1982-01-24,
1982-01-25,
1982-01-26,
1982-01-27,
1982-01-28,
1982-01-29,
1982-01-30,
1982-01-31,
1982-02-01,
1982-02-02,
1982-02-03,
1982-02-04,
1982-02-05,
1982-02-06,
1982-02-07,
1982-02-08,
1982-02-09,
1982-02-10,
1982-02-11,
1982-02-12,
1982-02-13,
1982-02-14,
1982-02-15,
1982-02-16,
1982-02-17,
1982-02-18,
1982-02-19,
1982-02-20,
1982-02-21,
1982-02-22,
1982-02-23,
1982-02-24,
1982-02-25,
1982-02-26,
1982-02-27,
1982-02-28,
1982-03-01,
1982-03-02,
1982-03-03,
1982-03-04,
1982-03-05,
1982-03-06,
1982-03-07,
1982-03-08,
1982-03-09,
1982-03-10,
1982-03-11,
1982-03-12,
1982-03-13,
1982-03-14,
1982-03-15,
1982-03-16,
1982-03-17,
1982-03-18,
1982-03-19,
1982-03-20,
1982-03-21,
1982-03-22,
1982-03-23,
1982-03-24,
1982-03-25,
1982-03-26,
1982-03-27,
1982-03-28,
1982-03-29,
1982-03-30,
1982-03-31,
1982-04-01,
1982-04-02,
1982-04-03,
1982-04-04,
1982-04-05,
1982-04-06,
1982-04-07,
1982-04-08,
1982-04-09,
1982-04-10,
1982-04-11,
1982-04-12,
1982-04-13,
1982-04-14,
1982-04-15,
1982-04-16,
1982-04-17,
1982-04-18,
1982-04-19,
1982-04-20,
1982-04-21,
1982-04-22,
1982-04-23,
1982-04-24,
1982-04-25,
1982-04-26,
1982-04-27,
1982-04-28,
1982-04-29,
1982-04-30,
1982-05-01,
1982-05-02,
1982-05-03,
1982-05-04,
1982-05-05,
1982-05-06,
1982-05-07,
1982-05-08,
1982-05-09,
1982-05-10,
1982-05-11,
1982-05-12,
1982-05-13,
1982-05-14,
1982-05-15,
1982-05-16,
1982-05-17,
1982-05-18,
1982-05-19,
1982-05-20,
1982-05-21,
1982-05-22,
1982-05-23,
1982-05-24,
1982-05-25,
1982-05-26,
1982-05-27,
1982-05-28,
1982-05-29,
1982-05-30,
1982-05-31,
1982-06-01,
1982-06-02,
1982-06-03,
1982-06-04,
1982-06-05,
1982-06-06,
1982-06-07,
1982-06-08,
1982-06-09,
1982-06-10,
1982-06-11,
1982-06-12,
1982-06-13,
1982-06-14,
1982-06-15,
1982-06-16,
1982-06-17,
1982-06-18,
1982-06-19,
1982-06-20,
1982-06-21,
1982-06-22,
1982-06-23,
1982-06-24,
1982-06-25,
1982-06-26,
1982-06-27,
1982-06-28,
1982-06-29,
1982-06-30,
1982-07-01,
1982-07-02,
1982-07-03,
1982-07-04,
1982-07-05,
1982-07-06,
1982-07-07,
1982-07-08,
1982-07-09,
1982-07-10,
1982-07-11,
1982-07-12,
1982-07-13,
1982-07-14,
1982-07-15,
1982-07-16,
1982-07-17,
1982-07-18,
1982-07-19,
1982-07-20,
1982-07-21,
1982-07-22,
1982-07-23,
1982-07-24,
1982-07-25,
1982-07-26,
1982-07-27,
1982-07-28,
1982-07-29,
1982-07-30,
1982-07-31,
1982-08-01,
1982-08-02,
1982-08-03,
1982-08-04,
1982-08-05,
1982-08-06,
1982-08-07,
1982-08-08,
1982-08-09,
1982-08-10,
1982-08-11,
1982-08-12,
1982-08-13,
1982-08-14,
1982-08-15,
1982-08-16,
1982-08-17,
1982-08-18,
1982-08-19,
1982-08-20,
1982-08-21,
1982-08-22,
1982-08-23,
1982-08-24,
1982-08-25,
1982-08-26,
1982-08-27,
1982-08-28,
1982-08-29,
1982-08-30,
1982-08-31,
1982-09-01,
1982-09-02,
1982-09-03,
1982-09-04,
1982-09-05,
1982-09-06,
1982-09-07,
1982-09-08,
1982-09-09,
1982-09-10,
1982-09-11,
1982-09-12,
1982-09-13,
1982-09-14,
1982-09-15,
1982-09-16,
1982-09-17,
1982-09-18,
1982-09-19,
1982-09-20,
1982-09-21,
1982-09-22,
1982-09-23,
1982-09-24,
1982-09-25,
1982-09-26,
1982-09-27,
1982-09-28,
1982-09-29,
1982-09-30,
1982-10-01,
1982-10-02,
1982-10-03,
1982-10-04,
1982-10-05,
1982-10-06,
1982-10-07,
1982-10-08,
1982-10-09,
1982-10-10,
1982-10-11,
1982-10-12,
1982-10-13,
1982-10-14,
1982-10-15,
1982-10-16,
1982-10-17,
1982-10-18,
1982-10-19,
1982-10-20,
1982-10-21,
1982-10-22,
1982-10-23,
1982-10-24,
1982-10-25,
1982-10-26,
1982-10-27,
1982-10-28,
1982-10-29,
1982-10-30,
1982-10-31,
1982-11-01,
1982-11-02,
1982-11-03,
1982-11-04,
1982-11-05,
1982-11-06,
1982-11-07,
1982-11-08,
1982-11-09,
1982-11-10,
1982-11-11,
1982-11-12,
1982-11-13,
1982-11-14,
1982-11-15,
1982-11-16,
1982-11-17,
1982-11-18,
1982-11-19,
1982-11-20,
1982-11-21,
1982-11-22,
1982-11-23,
1982-11-24,
1982-11-25,
1982-11-26,
1982-11-27,
1982-11-28,
1982-11-29,
1982-11-30,
1982-12-01,
1982-12-02,
1982-12-03,
1982-12-04,
1982-12-05,
1982-12-06,
1982-12-07,
1982-12-08,
1982-12-09,
1982-12-10,
1982-12-11,
1982-12-12,
1982-12-13,
1982-12-14,
1982-12-15,
1982-12-16,
1982-12-17,
1982-12-18,
1982-12-19,
1982-12-20,
1982-12-21,
1982-12-22,
1982-12-23,
1982-12-24,
1982-12-25,
1982-12-26,
1982-12-27,
1982-12-28,
1982-12-29,
1982-12-30,
1982-12-31,
1983-01-01,
1983-01-02,
1983-01-03,
1983-01-04,
1983-01-05,
1983-01-06,
1983-01-07,
1983-01-08,
1983-01-09,
1983-01-10,
1983-01-11,
1983-01-12,
1983-01-13,
1983-01-14,
1983-01-15,
1983-01-16,
1983-01-17,
1983-01-18,
1983-01-19,
1983-01-20,
1983-01-21,
1983-01-22,
1983-01-23,
1983-01-24,
1983-01-25,
1983-01-26,
1983-01-27,
1983-01-28,
1983-01-29,
1983-01-30,
1983-01-31,
1983-02-01,
1983-02-02,
1983-02-03,
1983-02-04,
1983-02-05,
1983-02-06,
1983-02-07,
1983-02-08,
1983-02-09,
1983-02-10,
1983-02-11,
1983-02-12,
1983-02-13,
1983-02-14,
1983-02-15,
1983-02-16,
1983-02-17,
1983-02-18,
1983-02-19,
1983-02-20,
1983-02-21,
1983-02-22,
1983-02-23,
1983-02-24,
1983-02-25,
1983-02-26,
1983-02-27,
1983-02-28,
1983-03-01,
1983-03-02,
1983-03-03,
1983-03-04,
1983-03-05,
1983-03-06,
1983-03-07,
1983-03-08,
1983-03-09,
1983-03-10,
1983-03-11,
1983-03-12,
1983-03-13,
1983-03-14,
1983-03-15,
1983-03-16,
1983-03-17,
1983-03-18,
1983-03-19,
1983-03-20,
1983-03-21,
1983-03-22,
1983-03-23,
1983-03-24,
1983-03-25,
1983-03-26,
1983-03-27,
1983-03-28,
1983-03-29,
1983-03-30,
1983-03-31,
1983-04-01,
1983-04-02,
1983-04-03,
1983-04-04,
1983-04-05,
1983-04-06,
1983-04-07,
1983-04-08,
1983-04-09,
1983-04-10,
1983-04-11,
1983-04-12,
1983-04-13,
1983-04-14,
1983-04-15,
1983-04-16,
1983-04-17,
1983-04-18,
1983-04-19,
1983-04-20,
1983-04-21,
1983-04-22,
1983-04-23,
1983-04-24,
1983-04-25,
1983-04-26,
1983-04-27,
1983-04-28,
1983-04-29,
1983-04-30,
1983-05-01,
1983-05-02,
1983-05-03,
1983-05-04,
1983-05-05,
1983-05-06,
1983-05-07,
1983-05-08,
1983-05-09,
1983-05-10,
1983-05-11,
1983-05-12,
1983-05-13,
1983-05-14,
1983-05-15,
1983-05-16,
1983-05-17,
1983-05-18,
1983-05-19,
1983-05-20,
1983-05-21,
1983-05-22,
1983-05-23,
1983-05-24,
1983-05-25,
1983-05-26,
1983-05-27,
1983-05-28,
1983-05-29,
1983-05-30,
1983-05-31,
1983-06-01,
1983-06-02,
1983-06-03,
1983-06-04,
1983-06-05,
1983-06-06,
1983-06-07,
1983-06-08,
1983-06-09,
1983-06-10,
1983-06-11,
1983-06-12,
1983-06-13,
1983-06-14,
1983-06-15,
1983-06-16,
1983-06-17,
1983-06-18,
1983-06-19,
1983-06-20,
1983-06-21,
1983-06-22,
1983-06-23,
1983-06-24,
1983-06-25,
1983-06-26,
1983-06-27,
1983-06-28,
1983-06-29,
1983-06-30,
1983-07-01,
1983-07-02,
1983-07-03,
1983-07-04,
1983-07-05,
1983-07-06,
1983-07-07,
1983-07-08,
1983-07-09,
1983-07-10,
1983-07-11,
1983-07-12,
1983-07-13,
1983-07-14,
1983-07-15,
1983-07-16,
1983-07-17,
1983-07-18,
1983-07-19,
1983-07-20,
1983-07-21,
1983-07-22,
1983-07-23,
1983-07-24,
1983-07-25,
1983-07-26,
1983-07-27,
1983-07-28,
1983-07-29,
1983-07-30,
1983-07-31,
1983-08-01,
1983-08-02,
1983-08-03,
1983-08-04,
1983-08-05,
1983-08-06,
1983-08-07,
1983-08-08,
1983-08-09,
1983-08-10,
1983-08-11,
1983-08-12,
1983-08-13,
1983-08-14,
1983-08-15,
1983-08-16,
1983-08-17,
1983-08-18,
1983-08-19,
1983-08-20,
1983-08-21,
1983-08-22,
1983-08-23,
1983-08-24,
1983-08-25,
1983-08-26,
1983-08-27,
1983-08-28,
1983-08-29,
1983-08-30,
1983-08-31,
1983-09-01,
1983-09-02,
1983-09-03,
1983-09-04,
1983-09-05,
1983-09-06,
1983-09-07,
1983-09-08,
1983-09-09,
1983-09-10,
1983-09-11,
1983-09-12,
1983-09-13,
1983-09-14,
1983-09-15,
1983-09-16,
1983-09-17,
1983-09-18,
1983-09-19,
1983-09-20,
1983-09-21,
1983-09-22,
1983-09-23,
1983-09-24,
1983-09-25,
1983-09-26,
1983-09-27,
1983-09-28,
1983-09-29,
1983-09-30,
1983-10-01,
1983-10-02,
1983-10-03,
1983-10-04,
1983-10-05,
1983-10-06,
1983-10-07,
1983-10-08,
1983-10-09,
1983-10-10,
1983-10-11,
1983-10-12,
1983-10-13,
1983-10-14,
1983-10-15,
1983-10-16,
1983-10-17,
1983-10-18,
1983-10-19,
1983-10-20,
1983-10-21,
1983-10-22,
1983-10-23,
1983-10-24,
1983-10-25,
1983-10-26,
1983-10-27,
1983-10-28,
1983-10-29,
1983-10-30,
1983-10-31,
1983-11-01,
1983-11-02,
1983-11-03,
1983-11-04,
1983-11-05,
1983-11-06,
1983-11-07,
1983-11-08,
1983-11-09,
1983-11-10,
1983-11-11,
1983-11-12,
1983-11-13,
1983-11-14,
1983-11-15,
1983-11-16,
1983-11-17,
1983-11-18,
1983-11-19,
1983-11-20,
1983-11-21,
1983-11-22,
1983-11-23,
1983-11-24,
1983-11-25,
1983-11-26,
1983-11-27,
1983-11-28,
1983-11-29,
1983-11-30,
1983-12-01,
1983-12-02,
1983-12-03,
1983-12-04,
1983-12-05,
1983-12-06,
1983-12-07,
1983-12-08,
1983-12-09,
1983-12-10,
1983-12-11,
1983-12-12,
1983-12-13,
1983-12-14,
1983-12-15,
1983-12-16,
1983-12-17,
1983-12-18,
1983-12-19,
1983-12-20,
1983-12-21,
1983-12-22,
1983-12-23,
1983-12-24,
1983-12-25,
1983-12-26,
1983-12-27,
1983-12-28,
1983-12-29,
1983-12-30,
1983-12-31,
1984-01-01,
1984-01-02,
1984-01-03,
1984-01-04,
1984-01-05,
1984-01-06,
1984-01-07,
1984-01-08,
1984-01-09,
1984-01-10,
1984-01-11,
1984-01-12,
1984-01-13,
1984-01-14,
1984-01-15,
1984-01-16,
1984-01-17,
1984-01-18,
1984-01-19,
1984-01-20,
1984-01-21,
1984-01-22,
1984-01-23,
1984-01-24,
1984-01-25,
1984-01-26,
1984-01-27,
1984-01-28,
1984-01-29,
1984-01-30,
1984-01-31,
1984-02-01,
1984-02-02,
1984-02-03,
1984-02-04,
1984-02-05,
1984-02-06,
1984-02-07,
1984-02-08,
1984-02-09,
1984-02-10,
1984-02-11,
1984-02-12,
1984-02-13,
1984-02-14,
1984-02-15,
1984-02-16,
1984-02-17,
1984-02-18,
1984-02-19,
1984-02-20,
1984-02-21,
1984-02-22,
1984-02-23,
1984-02-24,
1984-02-25,
1984-02-26,
1984-02-27,
1984-02-28,
1984-02-29,
1984-03-01,
1984-03-02,
1984-03-03,
1984-03-04,
1984-03-05,
1984-03-06,
1984-03-07,
1984-03-08,
1984-03-09,
1984-03-10,
1984-03-11,
1984-03-12,
1984-03-13,
1984-03-14,
1984-03-15,
1984-03-16,
1984-03-17,
1984-03-18,
1984-03-19,
1984-03-20,
1984-03-21,
1984-03-22,
1984-03-23,
1984-03-24,
1984-03-25,
1984-03-26,
1984-03-27,
1984-03-28,
1984-03-29,
1984-03-30,
1984-03-31,
1984-04-01,
1984-04-02,
1984-04-03,
1984-04-04,
1984-04-05,
1984-04-06,
1984-04-07,
1984-04-08,
1984-04-09,
1984-04-10,
1984-04-11,
1984-04-12,
1984-04-13,
1984-04-14,
1984-04-15,
1984-04-16,
1984-04-17,
1984-04-18,
1984-04-19,
1984-04-20,
1984-04-21,
1984-04-22,
1984-04-23,
1984-04-24,
1984-04-25,
1984-04-26,
1984-04-27,
1984-04-28,
1984-04-29,
1984-04-30,
1984-05-01,
1984-05-02,
1984-05-03,
1984-05-04,
1984-05-05,
1984-05-06,
1984-05-07,
1984-05-08,
1984-05-09,
1984-05-10,
1984-05-11,
1984-05-12,
1984-05-13,
1984-05-14,
1984-05-15,
1984-05-16,
1984-05-17,
1984-05-18,
1984-05-19,
1984-05-20,
1984-05-21,
1984-05-22,
1984-05-23,
1984-05-24,
1984-05-25,
1984-05-26,
1984-05-27,
1984-05-28,
1984-05-29,
1984-05-30,
1984-05-31,
1984-06-01,
1984-06-02,
1984-06-03,
1984-06-04,
1984-06-05,
1984-06-06,
1984-06-07,
1984-06-08,
1984-06-09,
1984-06-10,
1984-06-11,
1984-06-12,
1984-06-13,
1984-06-14,
1984-06-15,
1984-06-16,
1984-06-17,
1984-06-18,
1984-06-19,
1984-06-20,
1984-06-21,
1984-06-22,
1984-06-23,
1984-06-24,
1984-06-25,
1984-06-26,
1984-06-27,
1984-06-28,
1984-06-29,
1984-06-30,
1984-07-01,
1984-07-02,
1984-07-03,
1984-07-04,
1984-07-05,
1984-07-06,
1984-07-07,
1984-07-08,
1984-07-09,
1984-07-10,
1984-07-11,
1984-07-12,
1984-07-13,
1984-07-14,
1984-07-15,
1984-07-16,
1984-07-17,
1984-07-18,
1984-07-19,
1984-07-20,
1984-07-21,
1984-07-22,
1984-07-23,
1984-07-24,
1984-07-25,
1984-07-26,
1984-07-27,
1984-07-28,
1984-07-29,
1984-07-30,
1984-07-31,
1984-08-01,
1984-08-02,
1984-08-03,
1984-08-04,
1984-08-05,
1984-08-06,
1984-08-07,
1984-08-08,
1984-08-09,
1984-08-10,
1984-08-11,
1984-08-12,
1984-08-13,
1984-08-14,
1984-08-15,
1984-08-16,
1984-08-17,
1984-08-18,
1984-08-19,
1984-08-20,
1984-08-21,
1984-08-22,
1984-08-23,
1984-08-24,
1984-08-25,
1984-08-26,
1984-08-27,
1984-08-28,
1984-08-29,
1984-08-30,
1984-08-31,
1984-09-01,
1984-09-02,
1984-09-03,
1984-09-04,
1984-09-05,
1984-09-06,
1984-09-07,
1984-09-08,
1984-09-09,
1984-09-10,
1984-09-11,
1984-09-12,
1984-09-13,
1984-09-14,
1984-09-15,
1984-09-16,
1984-09-17,
1984-09-18,
1984-09-19,
1984-09-20,
1984-09-21,
1984-09-22,
1984-09-23,
1984-09-24,
1984-09-25,
1984-09-26,
1984-09-27,
1984-09-28,
1984-09-29,
1984-09-30,
1984-10-01,
1984-10-02,
1984-10-03,
1984-10-04,
1984-10-05,
1984-10-06,
1984-10-07,
1984-10-08,
1984-10-09,
1984-10-10,
1984-10-11,
1984-10-12,
1984-10-13,
1984-10-14,
1984-10-15,
1984-10-16,
1984-10-17,
1984-10-18,
1984-10-19,
1984-10-20,
1984-10-21,
1984-10-22,
1984-10-23,
1984-10-24,
1984-10-25,
1984-10-26,
1984-10-27,
1984-10-28,
1984-10-29,
1984-10-30,
1984-10-31,
1984-11-01,
1984-11-02,
1984-11-03,
1984-11-04,
1984-11-05,
1984-11-06,
1984-11-07,
1984-11-08,
1984-11-09,
1984-11-10,
1984-11-11,
1984-11-12,
1984-11-13,
1984-11-14,
1984-11-15,
1984-11-16,
1984-11-17,
1984-11-18,
1984-11-19,
1984-11-20,
1984-11-21,
1984-11-22,
1984-11-23,
1984-11-24,
1984-11-25,
1984-11-26,
1984-11-27,
1984-11-28,
1984-11-29,
1984-11-30,
1984-12-01,
1984-12-02,
1984-12-03,
1984-12-04,
1984-12-05,
1984-12-06,
1984-12-07,
1984-12-08,
1984-12-09,
1984-12-10,
1984-12-11,
1984-12-12,
1984-12-13,
1984-12-14,
1984-12-15,
1984-12-16,
1984-12-17,
1984-12-18,
1984-12-19,
1984-12-20,
1984-12-21,
1984-12-22,
1984-12-23,
1984-12-24,
1984-12-25,
1984-12-26,
1984-12-27,
1984-12-28,
1984-12-29,
1984-12-30,
1984-12-31,
1985-01-01,
1985-01-02,
1985-01-03,
1985-01-04,
1985-01-05,
1985-01-06,
1985-01-07,
1985-01-08,
1985-01-09,
1985-01-10,
1985-01-11,
1985-01-12,
1985-01-13,
1985-01-14,
1985-01-15,
1985-01-16,
1985-01-17,
1985-01-18,
1985-01-19,
1985-01-20,
1985-01-21,
1985-01-22,
1985-01-23,
1985-01-24,
1985-01-25,
1985-01-26,
1985-01-27,
1985-01-28,
1985-01-29,
1985-01-30,
1985-01-31,
1985-02-01,
1985-02-02,
1985-02-03,
1985-02-04,
1985-02-05,
1985-02-06,
1985-02-07,
1985-02-08,
1985-02-09,
1985-02-10,
1985-02-11,
1985-02-12,
1985-02-13,
1985-02-14,
1985-02-15,
1985-02-16,
1985-02-17,
1985-02-18,
1985-02-19,
1985-02-20,
1985-02-21,
1985-02-22,
1985-02-23,
1985-02-24,
1985-02-25,
1985-02-26,
1985-02-27,
1985-02-28,
1985-03-01,
1985-03-02,
1985-03-03,
1985-03-04,
1985-03-05,
1985-03-06,
1985-03-07,
1985-03-08,
1985-03-09,
1985-03-10,
1985-03-11,
1985-03-12,
1985-03-13,
1985-03-14,
1985-03-15,
1985-03-16,
1985-03-17,
1985-03-18,
1985-03-19,
1985-03-20,
1985-03-21,
1985-03-22,
1985-03-23,
1985-03-24,
1985-03-25,
1985-03-26,
1985-03-27,
1985-03-28,
1985-03-29,
1985-03-30,
1985-03-31,
1985-04-01,
1985-04-02,
1985-04-03,
1985-04-04,
1985-04-05,
1985-04-06,
1985-04-07,
1985-04-08,
1985-04-09,
1985-04-10,
1985-04-11,
1985-04-12,
1985-04-13,
1985-04-14,
1985-04-15,
1985-04-16,
1985-04-17,
1985-04-18,
1985-04-19,
1985-04-20,
1985-04-21,
1985-04-22,
1985-04-23,
1985-04-24,
1985-04-25,
1985-04-26,
1985-04-27,
1985-04-28,
1985-04-29,
1985-04-30,
1985-05-01,
1985-05-02,
1985-05-03,
1985-05-04,
1985-05-05,
1985-05-06,
1985-05-07,
1985-05-08,
1985-05-09,
1985-05-10,
1985-05-11,
1985-05-12,
1985-05-13,
1985-05-14,
1985-05-15,
1985-05-16,
1985-05-17,
1985-05-18,
1985-05-19,
1985-05-20,
1985-05-21,
1985-05-22,
1985-05-23,
1985-05-24,
1985-05-25,
1985-05-26,
1985-05-27,
1985-05-28,
1985-05-29,
1985-05-30,
1985-05-31,
1985-06-01,
1985-06-02,
1985-06-03,
1985-06-04,
1985-06-05,
1985-06-06,
1985-06-07,
1985-06-08,
1985-06-09,
1985-06-10,
1985-06-11,
1985-06-12,
1985-06-13,
1985-06-14,
1985-06-15,
1985-06-16,
1985-06-17,
1985-06-18,
1985-06-19,
1985-06-20,
1985-06-21,
1985-06-22,
1985-06-23,
1985-06-24,
1985-06-25,
1985-06-26,
1985-06-27,
1985-06-28,
1985-06-29,
1985-06-30,
1985-07-01,
1985-07-02,
1985-07-03,
1985-07-04,
1985-07-05,
1985-07-06,
1985-07-07,
1985-07-08,
1985-07-09,
1985-07-10,
1985-07-11,
1985-07-12,
1985-07-13,
1985-07-14,
1985-07-15,
1985-07-16,
1985-07-17,
1985-07-18,
1985-07-19,
1985-07-20,
1985-07-21,
1985-07-22,
1985-07-23,
1985-07-24,
1985-07-25,
1985-07-26,
1985-07-27,
1985-07-28,
1985-07-29,
1985-07-30,
1985-07-31,
1985-08-01,
1985-08-02,
1985-08-03,
1985-08-04,
1985-08-05,
1985-08-06,
1985-08-07,
1985-08-08,
1985-08-09,
1985-08-10,
1985-08-11,
1985-08-12,
1985-08-13,
1985-08-14,
1985-08-15,
1985-08-16,
1985-08-17,
1985-08-18,
1985-08-19,
1985-08-20,
1985-08-21,
1985-08-22,
1985-08-23,
1985-08-24,
1985-08-25,
1985-08-26,
1985-08-27,
1985-08-28,
1985-08-29,
1985-08-30,
1985-08-31,
1985-09-01,
1985-09-02,
1985-09-03,
1985-09-04,
1985-09-05,
1985-09-06,
1985-09-07,
1985-09-08,
1985-09-09,
1985-09-10,
1985-09-11,
1985-09-12,
1985-09-13,
1985-09-14,
1985-09-15,
1985-09-16,
1985-09-17,
1985-09-18,
1985-09-19,
1985-09-20,
1985-09-21,
1985-09-22,
1985-09-23,
1985-09-24,
1985-09-25,
1985-09-26,
1985-09-27,
1985-09-28,
1985-09-29,
1985-09-30,
1985-10-01,
1985-10-02,
1985-10-03,
1985-10-04,
1985-10-05,
1985-10-06,
1985-10-07,
1985-10-08,
1985-10-09,
1985-10-10,
1985-10-11,
1985-10-12,
1985-10-13,
1985-10-14,
1985-10-15,
1985-10-16,
1985-10-17,
1985-10-18,
1985-10-19,
1985-10-20,
1985-10-21,
1985-10-22,
1985-10-23,
1985-10-24,
1985-10-25,
1985-10-26,
1985-10-27,
1985-10-28,
1985-10-29,
1985-10-30,
1985-10-31,
1985-11-01,
1985-11-02,
1985-11-03,
1985-11-04,
1985-11-05,
1985-11-06,
1985-11-07,
1985-11-08,
1985-11-09,
1985-11-10,
1985-11-11,
1985-11-12,
1985-11-13,
1985-11-14,
1985-11-15,
1985-11-16,
1985-11-17,
1985-11-18,
1985-11-19,
1985-11-20,
1985-11-21,
1985-11-22,
1985-11-23,
1985-11-24,
1985-11-25,
1985-11-26,
1985-11-27,
1985-11-28,
1985-11-29,
1985-11-30,
1985-12-01,
1985-12-02,
1985-12-03,
1985-12-04,
1985-12-05,
1985-12-06,
1985-12-07,
1985-12-08,
1985-12-09,
1985-12-10,
1985-12-11,
1985-12-12,
1985-12-13,
1985-12-14,
1985-12-15,
1985-12-16,
1985-12-17,
1985-12-18,
1985-12-19,
1985-12-20,
1985-12-21,
1985-12-22,
1985-12-23,
1985-12-24,
1985-12-25,
1985-12-26,
1985-12-27,
1985-12-28,
1985-12-29,
1985-12-30,
1985-12-31,
1986-01-01,
1986-01-02,
1986-01-03,
1986-01-04,
1986-01-05,
1986-01-06,
1986-01-07,
1986-01-08,
1986-01-09,
1986-01-10,
1986-01-11,
1986-01-12,
1986-01-13,
1986-01-14,
1986-01-15,
1986-01-16,
1986-01-17,
1986-01-18,
1986-01-19,
1986-01-20,
1986-01-21,
1986-01-22,
1986-01-23,
1986-01-24,
1986-01-25,
1986-01-26,
1986-01-27,
1986-01-28,
1986-01-29,
1986-01-30,
1986-01-31,
1986-02-01,
1986-02-02,
1986-02-03,
1986-02-04,
1986-02-05,
1986-02-06,
1986-02-07,
1986-02-08,
1986-02-09,
1986-02-10,
1986-02-11,
1986-02-12,
1986-02-13,
1986-02-14,
1986-02-15,
1986-02-16,
1986-02-17,
1986-02-18,
1986-02-19,
1986-02-20,
1986-02-21,
1986-02-22,
1986-02-23,
1986-02-24,
1986-02-25,
1986-02-26,
1986-02-27,
1986-02-28,
1986-03-01,
1986-03-02,
1986-03-03,
1986-03-04,
1986-03-05,
1986-03-06,
1986-03-07,
1986-03-08,
1986-03-09,
1986-03-10,
1986-03-11,
1986-03-12,
1986-03-13,
1986-03-14,
1986-03-15,
1986-03-16,
1986-03-17,
1986-03-18,
1986-03-19,
1986-03-20,
1986-03-21,
1986-03-22,
1986-03-23,
1986-03-24,
1986-03-25,
1986-03-26,
1986-03-27,
1986-03-28,
1986-03-29,
1986-03-30,
1986-03-31,
1986-04-01,
1986-04-02,
1986-04-03,
1986-04-04,
1986-04-05,
1986-04-06,
1986-04-07,
1986-04-08,
1986-04-09,
1986-04-10,
1986-04-11,
1986-04-12,
1986-04-13,
1986-04-14,
1986-04-15,
1986-04-16,
1986-04-17,
1986-04-18,
1986-04-19,
1986-04-20,
1986-04-21,
1986-04-22,
1986-04-23,
1986-04-24,
1986-04-25,
1986-04-26,
1986-04-27,
1986-04-28,
1986-04-29,
1986-04-30,
1986-05-01,
1986-05-02,
1986-05-03,
1986-05-04,
1986-05-05,
1986-05-06,
1986-05-07,
1986-05-08,
1986-05-09,
1986-05-10,
1986-05-11,
1986-05-12,
1986-05-13,
1986-05-14,
1986-05-15,
1986-05-16,
1986-05-17,
1986-05-18,
1986-05-19,
1986-05-20,
1986-05-21,
1986-05-22,
1986-05-23,
1986-05-24,
1986-05-25,
1986-05-26,
1986-05-27,
1986-05-28,
1986-05-29,
1986-05-30,
1986-05-31,
1986-06-01,
1986-06-02,
1986-06-03,
1986-06-04,
1986-06-05,
1986-06-06,
1986-06-07,
1986-06-08,
1986-06-09,
1986-06-10,
1986-06-11,
1986-06-12,
1986-06-13,
1986-06-14,
1986-06-15,
1986-06-16,
1986-06-17,
1986-06-18,
1986-06-19,
1986-06-20,
1986-06-21,
1986-06-22,
1986-06-23,
1986-06-24,
1986-06-25,
1986-06-26,
1986-06-27,
1986-06-28,
1986-06-29,
1986-06-30,
1986-07-01,
1986-07-02,
1986-07-03,
1986-07-04,
1986-07-05,
1986-07-06,
1986-07-07,
1986-07-08,
1986-07-09,
1986-07-10,
1986-07-11,
1986-07-12,
1986-07-13,
1986-07-14,
1986-07-15,
1986-07-16,
1986-07-17,
1986-07-18,
1986-07-19,
1986-07-20,
1986-07-21,
1986-07-22,
1986-07-23,
1986-07-24,
1986-07-25,
1986-07-26,
1986-07-27,
1986-07-28,
1986-07-29,
1986-07-30,
1986-07-31,
1986-08-01,
1986-08-02,
1986-08-03,
1986-08-04,
1986-08-05,
1986-08-06,
1986-08-07,
1986-08-08,
1986-08-09,
1986-08-10,
1986-08-11,
1986-08-12,
1986-08-13,
1986-08-14,
1986-08-15,
1986-08-16,
1986-08-17,
1986-08-18,
1986-08-19,
1986-08-20,
1986-08-21,
1986-08-22,
1986-08-23,
1986-08-24,
1986-08-25,
1986-08-26,
1986-08-27,
1986-08-28,
1986-08-29,
1986-08-30,
1986-08-31,
1986-09-01,
1986-09-02,
1986-09-03,
1986-09-04,
1986-09-05,
1986-09-06,
1986-09-07,
1986-09-08,
1986-09-09,
1986-09-10,
1986-09-11,
1986-09-12,
1986-09-13,
1986-09-14,
1986-09-15,
1986-09-16,
1986-09-17,
1986-09-18,
1986-09-19,
1986-09-20,
1986-09-21,
1986-09-22,
1986-09-23,
1986-09-24,
1986-09-25,
1986-09-26,
1986-09-27,
1986-09-28,
1986-09-29,
1986-09-30,
1986-10-01,
1986-10-02,
1986-10-03,
1986-10-04,
1986-10-05,
1986-10-06,
1986-10-07,
1986-10-08,
1986-10-09,
1986-10-10,
1986-10-11,
1986-10-12,
1986-10-13,
1986-10-14,
1986-10-15,
1986-10-16,
1986-10-17,
1986-10-18,
1986-10-19,
1986-10-20,
1986-10-21,
1986-10-22,
1986-10-23,
1986-10-24,
1986-10-25,
1986-10-26,
1986-10-27,
1986-10-28,
1986-10-29,
1986-10-30,
1986-10-31,
1986-11-01,
1986-11-02,
1986-11-03,
1986-11-04,
1986-11-05,
1986-11-06,
1986-11-07,
1986-11-08,
1986-11-09,
1986-11-10,
1986-11-11,
1986-11-12,
1986-11-13,
1986-11-14,
1986-11-15,
1986-11-16,
1986-11-17,
1986-11-18,
1986-11-19,
1986-11-20,
1986-11-21,
1986-11-22,
1986-11-23,
1986-11-24,
1986-11-25,
1986-11-26,
1986-11-27,
1986-11-28,
1986-11-29,
1986-11-30,
1986-12-01,
1986-12-02,
1986-12-03,
1986-12-04,
1986-12-05,
1986-12-06,
1986-12-07,
1986-12-08,
1986-12-09,
1986-12-10,
1986-12-11,
1986-12-12,
1986-12-13,
1986-12-14,
1986-12-15,
1986-12-16,
1986-12-17,
1986-12-18,
1986-12-19,
1986-12-20,
1986-12-21,
1986-12-22,
1986-12-23,
1986-12-24,
1986-12-25,
1986-12-26,
1986-12-27,
1986-12-28,
1986-12-29,
1986-12-30,
1986-12-31,
1987-01-01,
1987-01-02,
1987-01-03,
1987-01-04,
1987-01-05,
1987-01-06,
1987-01-07,
1987-01-08,
1987-01-09,
1987-01-10,
1987-01-11,
1987-01-12,
1987-01-13,
1987-01-14,
1987-01-15,
1987-01-16,
1987-01-17,
1987-01-18,
1987-01-19,
1987-01-20,
1987-01-21,
1987-01-22,
1987-01-23,
1987-01-24,
1987-01-25,
1987-01-26,
1987-01-27,
1987-01-28,
1987-01-29,
1987-01-30,
1987-01-31,
1987-02-01,
1987-02-02,
1987-02-03,
1987-02-04,
1987-02-05,
1987-02-06,
1987-02-07,
1987-02-08,
1987-02-09,
1987-02-10,
1987-02-11,
1987-02-12,
1987-02-13,
1987-02-14,
1987-02-15,
1987-02-16,
1987-02-17,
1987-02-18,
1987-02-19,
1987-02-20,
1987-02-21,
1987-02-22,
1987-02-23,
1987-02-24,
1987-02-25,
1987-02-26,
1987-02-27,
1987-02-28,
1987-03-01,
1987-03-02,
1987-03-03,
1987-03-04,
1987-03-05,
1987-03-06,
1987-03-07,
1987-03-08,
1987-03-09,
1987-03-10,
1987-03-11,
1987-03-12,
1987-03-13,
1987-03-14,
1987-03-15,
1987-03-16,
1987-03-17,
1987-03-18,
1987-03-19,
1987-03-20,
1987-03-21,
1987-03-22,
1987-03-23,
1987-03-24,
1987-03-25,
1987-03-26,
1987-03-27,
1987-03-28,
1987-03-29,
1987-03-30,
1987-03-31,
1987-04-01,
1987-04-02,
1987-04-03,
1987-04-04,
1987-04-05,
1987-04-06,
1987-04-07,
1987-04-08,
1987-04-09,
1987-04-10,
1987-04-11,
1987-04-12,
1987-04-13,
1987-04-14,
1987-04-15,
1987-04-16,
1987-04-17,
1987-04-18,
1987-04-19,
1987-04-20,
1987-04-21,
1987-04-22,
1987-04-23,
1987-04-24,
1987-04-25,
1987-04-26,
1987-04-27,
1987-04-28,
1987-04-29,
1987-04-30,
1987-05-01,
1987-05-02,
1987-05-03,
1987-05-04,
1987-05-05,
1987-05-06,
1987-05-07,
1987-05-08,
1987-05-09,
1987-05-10,
1987-05-11,
1987-05-12,
1987-05-13,
1987-05-14,
1987-05-15,
1987-05-16,
1987-05-17,
1987-05-18,
1987-05-19,
1987-05-20,
1987-05-21,
1987-05-22,
1987-05-23,
1987-05-24,
1987-05-25,
1987-05-26,
1987-05-27,
1987-05-28,
1987-05-29,
1987-05-30,
1987-05-31,
1987-06-01,
1987-06-02,
1987-06-03,
1987-06-04,
1987-06-05,
1987-06-06,
1987-06-07,
1987-06-08,
1987-06-09,
1987-06-10,
1987-06-11,
1987-06-12,
1987-06-13,
1987-06-14,
1987-06-15,
1987-06-16,
1987-06-17,
1987-06-18,
1987-06-19,
1987-06-20,
1987-06-21,
1987-06-22,
1987-06-23,
1987-06-24,
1987-06-25,
1987-06-26,
1987-06-27,
1987-06-28,
1987-06-29,
1987-06-30,
1987-07-01,
1987-07-02,
1987-07-03,
1987-07-04,
1987-07-05,
1987-07-06,
1987-07-07,
1987-07-08,
1987-07-09,
1987-07-10,
1987-07-11,
1987-07-12,
1987-07-13,
1987-07-14,
1987-07-15,
1987-07-16,
1987-07-17,
1987-07-18,
1987-07-19,
1987-07-20,
1987-07-21,
1987-07-22,
1987-07-23,
1987-07-24,
1987-07-25,
1987-07-26,
1987-07-27,
1987-07-28,
1987-07-29,
1987-07-30,
1987-07-31,
1987-08-01,
1987-08-02,
1987-08-03,
1987-08-04,
1987-08-05,
1987-08-06,
1987-08-07,
1987-08-08,
1987-08-09,
1987-08-10,
1987-08-11,
1987-08-12,
1987-08-13,
1987-08-14,
1987-08-15,
1987-08-16,
1987-08-17,
1987-08-18,
1987-08-19,
1987-08-20,
1987-08-21,
1987-08-22,
1987-08-23,
1987-08-24,
1987-08-25,
1987-08-26,
1987-08-27,
1987-08-28,
1987-08-29,
1987-08-30,
1987-08-31,
1987-09-01,
1987-09-02,
1987-09-03,
1987-09-04,
1987-09-05,
1987-09-06,
1987-09-07,
1987-09-08,
1987-09-09,
1987-09-10,
1987-09-11,
1987-09-12,
1987-09-13,
1987-09-14,
1987-09-15,
1987-09-16,
1987-09-17,
1987-09-18,
1987-09-19,
1987-09-20,
1987-09-21,
1987-09-22,
1987-09-23,
1987-09-24,
1987-09-25,
1987-09-26,
1987-09-27,
1987-09-28,
1987-09-29,
1987-09-30,
1987-10-01,
1987-10-02,
1987-10-03,
1987-10-04,
1987-10-05,
1987-10-06,
1987-10-07,
1987-10-08,
1987-10-09,
1987-10-10,
1987-10-11,
1987-10-12,
1987-10-13,
1987-10-14,
1987-10-15,
1987-10-16,
1987-10-17,
1987-10-18,
1987-10-19,
1987-10-20,
1987-10-21,
1987-10-22,
1987-10-23,
1987-10-24,
1987-10-25,
1987-10-26,
1987-10-27,
1987-10-28,
1987-10-29,
1987-10-30,
1987-10-31,
1987-11-01,
1987-11-02,
1987-11-03,
1987-11-04,
1987-11-05,
1987-11-06,
1987-11-07,
1987-11-08,
1987-11-09,
1987-11-10,
1987-11-11,
1987-11-12,
1987-11-13,
1987-11-14,
1987-11-15,
1987-11-16,
1987-11-17,
1987-11-18,
1987-11-19,
1987-11-20,
1987-11-21,
1987-11-22,
1987-11-23,
1987-11-24,
1987-11-25,
1987-11-26,
1987-11-27,
1987-11-28,
1987-11-29,
1987-11-30,
1987-12-01,
1987-12-02,
1987-12-03,
1987-12-04,
1987-12-05,
1987-12-06,
1987-12-07,
1987-12-08,
1987-12-09,
1987-12-10,
1987-12-11,
1987-12-12,
1987-12-13,
1987-12-14,
1987-12-15,
1987-12-16,
1987-12-17,
1987-12-18,
1987-12-19,
1987-12-20,
1987-12-21,
1987-12-22,
1987-12-23,
1987-12-24,
1987-12-25,
1987-12-26,
1987-12-27,
1987-12-28,
1987-12-29,
1987-12-30,
1987-12-31,
1988-01-01,
1988-01-02,
1988-01-03,
1988-01-04,
1988-01-05,
1988-01-06,
1988-01-07,
1988-01-08,
1988-01-09,
1988-01-10,
1988-01-11,
1988-01-12,
1988-01-13,
1988-01-14,
1988-01-15,
1988-01-16,
1988-01-17,
1988-01-18,
1988-01-19,
1988-01-20,
1988-01-21,
1988-01-22,
1988-01-23,
1988-01-24,
1988-01-25,
1988-01-26,
1988-01-27,
1988-01-28,
1988-01-29,
1988-01-30,
1988-01-31,
1988-02-01,
1988-02-02,
1988-02-03,
1988-02-04,
1988-02-05,
1988-02-06,
1988-02-07,
1988-02-08,
1988-02-09,
1988-02-10,
1988-02-11,
1988-02-12,
1988-02-13,
1988-02-14,
1988-02-15,
1988-02-16,
1988-02-17,
1988-02-18,
1988-02-19,
1988-02-20,
1988-02-21,
1988-02-22,
1988-02-23,
1988-02-24,
1988-02-25,
1988-02-26,
1988-02-27,
1988-02-28,
1988-02-29,
1988-03-01,
1988-03-02,
1988-03-03,
1988-03-04,
1988-03-05,
1988-03-06,
1988-03-07,
1988-03-08,
1988-03-09,
1988-03-10,
1988-03-11,
1988-03-12,
1988-03-13,
1988-03-14,
1988-03-15,
1988-03-16,
1988-03-17,
1988-03-18,
1988-03-19,
1988-03-20,
1988-03-21,
1988-03-22,
1988-03-23,
1988-03-24,
1988-03-25,
1988-03-26,
1988-03-27,
1988-03-28,
1988-03-29,
1988-03-30,
1988-03-31,
1988-04-01,
1988-04-02,
1988-04-03,
1988-04-04,
1988-04-05,
1988-04-06,
1988-04-07,
1988-04-08,
1988-04-09,
1988-04-10,
1988-04-11,
1988-04-12,
1988-04-13,
1988-04-14,
1988-04-15,
1988-04-16,
1988-04-17,
1988-04-18,
1988-04-19,
1988-04-20,
1988-04-21,
1988-04-22,
1988-04-23,
1988-04-24,
1988-04-25,
1988-04-26,
1988-04-27,
1988-04-28,
1988-04-29,
1988-04-30,
1988-05-01,
1988-05-02,
1988-05-03,
1988-05-04,
1988-05-05,
1988-05-06,
1988-05-07,
1988-05-08,
1988-05-09,
1988-05-10,
1988-05-11,
1988-05-12,
1988-05-13,
1988-05-14,
1988-05-15,
1988-05-16,
1988-05-17,
1988-05-18,
1988-05-19,
1988-05-20,
1988-05-21,
1988-05-22,
1988-05-23,
1988-05-24,
1988-05-25,
1988-05-26,
1988-05-27,
1988-05-28,
1988-05-29,
1988-05-30,
1988-05-31,
1988-06-01,
1988-06-02,
1988-06-03,
1988-06-04,
1988-06-05,
1988-06-06,
1988-06-07,
1988-06-08,
1988-06-09,
1988-06-10,
1988-06-11,
1988-06-12,
1988-06-13,
1988-06-14,
1988-06-15,
1988-06-16,
1988-06-17,
1988-06-18,
1988-06-19,
1988-06-20,
1988-06-21,
1988-06-22,
1988-06-23,
1988-06-24,
1988-06-25,
1988-06-26,
1988-06-27,
1988-06-28,
1988-06-29,
1988-06-30,
1988-07-01,
1988-07-02,
1988-07-03,
1988-07-04,
1988-07-05,
1988-07-06,
1988-07-07,
1988-07-08,
1988-07-09,
1988-07-10,
1988-07-11,
1988-07-12,
1988-07-13,
1988-07-14,
1988-07-15,
1988-07-16,
1988-07-17,
1988-07-18,
1988-07-19,
1988-07-20,
1988-07-21,
1988-07-22,
1988-07-23,
1988-07-24,
1988-07-25,
1988-07-26,
1988-07-27,
1988-07-28,
1988-07-29,
1988-07-30,
1988-07-31,
1988-08-01,
1988-08-02,
1988-08-03,
1988-08-04,
1988-08-05,
1988-08-06,
1988-08-07,
1988-08-08,
1988-08-09,
1988-08-10,
1988-08-11,
1988-08-12,
1988-08-13,
1988-08-14,
1988-08-15,
1988-08-16,
1988-08-17,
1988-08-18,
1988-08-19,
1988-08-20,
1988-08-21,
1988-08-22,
1988-08-23,
1988-08-24,
1988-08-25,
1988-08-26,
1988-08-27,
1988-08-28,
1988-08-29,
1988-08-30,
1988-08-31,
1988-09-01,
1988-09-02,
1988-09-03,
1988-09-04,
1988-09-05,
1988-09-06,
1988-09-07,
1988-09-08,
1988-09-09,
1988-09-10,
1988-09-11,
1988-09-12,
1988-09-13,
1988-09-14,
1988-09-15,
1988-09-16,
1988-09-17,
1988-09-18,
1988-09-19,
1988-09-20,
1988-09-21,
1988-09-22,
1988-09-23,
1988-09-24,
1988-09-25,
1988-09-26,
1988-09-27,
1988-09-28,
1988-09-29,
1988-09-30,
1988-10-01,
1988-10-02,
1988-10-03,
1988-10-04,
1988-10-05,
1988-10-06,
1988-10-07,
1988-10-08,
1988-10-09,
1988-10-10,
1988-10-11,
1988-10-12,
1988-10-13,
1988-10-14,
1988-10-15,
1988-10-16,
1988-10-17,
1988-10-18,
1988-10-19,
1988-10-20,
1988-10-21,
1988-10-22,
1988-10-23,
1988-10-24,
1988-10-25,
1988-10-26,
1988-10-27,
1988-10-28,
1988-10-29,
1988-10-30,
1988-10-31,
1988-11-01,
1988-11-02,
1988-11-03,
1988-11-04,
1988-11-05,
1988-11-06,
1988-11-07,
1988-11-08,
1988-11-09,
1988-11-10,
1988-11-11,
1988-11-12,
1988-11-13,
1988-11-14,
1988-11-15,
1988-11-16,
1988-11-17,
1988-11-18,
1988-11-19,
1988-11-20,
1988-11-21,
1988-11-22,
1988-11-23,
1988-11-24,
1988-11-25,
1988-11-26,
1988-11-27,
1988-11-28,
1988-11-29,
1988-11-30,
1988-12-01,
1988-12-02,
1988-12-03,
1988-12-04,
1988-12-05,
1988-12-06,
1988-12-07,
1988-12-08,
1988-12-09,
1988-12-10,
1988-12-11,
1988-12-12,
1988-12-13,
1988-12-14,
1988-12-15,
1988-12-16,
1988-12-17,
1988-12-18,
1988-12-19,
1988-12-20,
1988-12-21,
1988-12-22,
1988-12-23,
1988-12-24,
1988-12-25,
1988-12-26,
1988-12-27,
1988-12-28,
1988-12-29,
1988-12-30,
1988-12-31,
1989-01-01,
1989-01-02,
1989-01-03,
1989-01-04,
1989-01-05,
1989-01-06,
1989-01-07,
1989-01-08,
1989-01-09,
1989-01-10,
1989-01-11,
1989-01-12,
1989-01-13,
1989-01-14,
1989-01-15,
1989-01-16,
1989-01-17,
1989-01-18,
1989-01-19,
1989-01-20,
1989-01-21,
1989-01-22,
1989-01-23,
1989-01-24,
1989-01-25,
1989-01-26,
1989-01-27,
1989-01-28,
1989-01-29,
1989-01-30,
1989-01-31,
1989-02-01,
1989-02-02,
1989-02-03,
1989-02-04,
1989-02-05,
1989-02-06,
1989-02-07,
1989-02-08,
1989-02-09,
1989-02-10,
1989-02-11,
1989-02-12,
1989-02-13,
1989-02-14,
1989-02-15,
1989-02-16,
1989-02-17,
1989-02-18,
1989-02-19,
1989-02-20,
1989-02-21,
1989-02-22,
1989-02-23,
1989-02-24,
1989-02-25,
1989-02-26,
1989-02-27,
1989-02-28,
1989-03-01,
1989-03-02,
1989-03-03,
1989-03-04,
1989-03-05,
1989-03-06,
1989-03-07,
1989-03-08,
1989-03-09,
1989-03-10,
1989-03-11,
1989-03-12,
1989-03-13,
1989-03-14,
1989-03-15,
1989-03-16,
1989-03-17,
1989-03-18,
1989-03-19,
1989-03-20,
1989-03-21,
1989-03-22,
1989-03-23,
1989-03-24,
1989-03-25,
1989-03-26,
1989-03-27,
1989-03-28,
1989-03-29,
1989-03-30,
1989-03-31,
1989-04-01,
1989-04-02,
1989-04-03,
1989-04-04,
1989-04-05,
1989-04-06,
1989-04-07,
1989-04-08,
1989-04-09,
1989-04-10,
1989-04-11,
1989-04-12,
1989-04-13,
1989-04-14,
1989-04-15,
1989-04-16,
1989-04-17,
1989-04-18,
1989-04-19,
1989-04-20,
1989-04-21,
1989-04-22,
1989-04-23,
1989-04-24,
1989-04-25,
1989-04-26,
1989-04-27,
1989-04-28,
1989-04-29,
1989-04-30,
1989-05-01,
1989-05-02,
1989-05-03,
1989-05-04,
1989-05-05,
1989-05-06,
1989-05-07,
1989-05-08,
1989-05-09,
1989-05-10,
1989-05-11,
1989-05-12,
1989-05-13,
1989-05-14,
1989-05-15,
1989-05-16,
1989-05-17,
1989-05-18,
1989-05-19,
1989-05-20,
1989-05-21,
1989-05-22,
1989-05-23,
1989-05-24,
1989-05-25,
1989-05-26,
1989-05-27,
1989-05-28,
1989-05-29,
1989-05-30,
1989-05-31,
1989-06-01,
1989-06-02,
1989-06-03,
1989-06-04,
1989-06-05,
1989-06-06,
1989-06-07,
1989-06-08,
1989-06-09,
1989-06-10,
1989-06-11,
1989-06-12,
1989-06-13,
1989-06-14,
1989-06-15,
1989-06-16,
1989-06-17,
1989-06-18,
1989-06-19,
1989-06-20,
1989-06-21,
1989-06-22,
1989-06-23,
1989-06-24,
1989-06-25,
1989-06-26,
1989-06-27,
1989-06-28,
1989-06-29,
1989-06-30,
1989-07-01,
1989-07-02,
1989-07-03,
1989-07-04,
1989-07-05,
1989-07-06,
1989-07-07,
1989-07-08,
1989-07-09,
1989-07-10,
1989-07-11,
1989-07-12,
1989-07-13,
1989-07-14,
1989-07-15,
1989-07-16,
1989-07-17,
1989-07-18,
1989-07-19,
1989-07-20,
1989-07-21,
1989-07-22,
1989-07-23,
1989-07-24,
1989-07-25,
1989-07-26,
1989-07-27,
1989-07-28,
1989-07-29,
1989-07-30,
1989-07-31,
1989-08-01,
1989-08-02,
1989-08-03,
1989-08-04,
1989-08-05,
1989-08-06,
1989-08-07,
1989-08-08,
1989-08-09,
1989-08-10,
1989-08-11,
1989-08-12,
1989-08-13,
1989-08-14,
1989-08-15,
1989-08-16,
1989-08-17,
1989-08-18,
1989-08-19,
1989-08-20,
1989-08-21,
1989-08-22,
1989-08-23,
1989-08-24,
1989-08-25,
1989-08-26,
1989-08-27,
1989-08-28,
1989-08-29,
1989-08-30,
1989-08-31,
1989-09-01,
1989-09-02,
1989-09-03,
1989-09-04,
1989-09-05,
1989-09-06,
1989-09-07,
1989-09-08,
1989-09-09,
1989-09-10,
1989-09-11,
1989-09-12,
1989-09-13,
1989-09-14,
1989-09-15,
1989-09-16,
1989-09-17,
1989-09-18,
1989-09-19,
1989-09-20,
1989-09-21,
1989-09-22,
1989-09-23,
1989-09-24,
1989-09-25,
1989-09-26,
1989-09-27,
1989-09-28,
1989-09-29,
1989-09-30,
1989-10-01,
1989-10-02,
1989-10-03,
1989-10-04,
1989-10-05,
1989-10-06,
1989-10-07,
1989-10-08,
1989-10-09,
1989-10-10,
1989-10-11,
1989-10-12,
1989-10-13,
1989-10-14,
1989-10-15,
1989-10-16,
1989-10-17,
1989-10-18,
1989-10-19,
1989-10-20,
1989-10-21,
1989-10-22,
1989-10-23,
1989-10-24,
1989-10-25,
1989-10-26,
1989-10-27,
1989-10-28,
1989-10-29,
1989-10-30,
1989-10-31,
1989-11-01,
1989-11-02,
1989-11-03,
1989-11-04,
1989-11-05,
1989-11-06,
1989-11-07,
1989-11-08,
1989-11-09,
1989-11-10,
1989-11-11,
1989-11-12,
1989-11-13,
1989-11-14,
1989-11-15,
1989-11-16,
1989-11-17,
1989-11-18,
1989-11-19,
1989-11-20,
1989-11-21,
1989-11-22,
1989-11-23,
1989-11-24,
1989-11-25,
1989-11-26,
1989-11-27,
1989-11-28,
1989-11-29,
1989-11-30,
1989-12-01,
1989-12-02,
1989-12-03,
1989-12-04,
1989-12-05,
1989-12-06,
1989-12-07,
1989-12-08,
1989-12-09,
1989-12-10,
1989-12-11,
1989-12-12,
1989-12-13,
1989-12-14,
1989-12-15,
1989-12-16,
1989-12-17,
1989-12-18,
1989-12-19,
1989-12-20,
1989-12-21,
1989-12-22,
1989-12-23,
1989-12-24,
1989-12-25,
1989-12-26,
1989-12-27,
1989-12-28,
1989-12-29,
1989-12-30,
1989-12-31,
1990-01-01,
1990-01-02,
1990-01-03,
1990-01-04,
1990-01-05,
1990-01-06,
1990-01-07,
1990-01-08,
1990-01-09,
1990-01-10,
1990-01-11,
1990-01-12,
1990-01-13,
1990-01-14,
1990-01-15,
1990-01-16,
1990-01-17,
1990-01-18,
1990-01-19,
1990-01-20,
1990-01-21,
1990-01-22,
1990-01-23,
1990-01-24,
1990-01-25,
1990-01-26,
1990-01-27,
1990-01-28,
1990-01-29,
1990-01-30,
1990-01-31,
1990-02-01,
1990-02-02,
1990-02-03,
1990-02-04,
1990-02-05,
1990-02-06,
1990-02-07,
1990-02-08,
1990-02-09,
1990-02-10,
1990-02-11,
1990-02-12,
1990-02-13,
1990-02-14,
1990-02-15,
1990-02-16,
1990-02-17,
1990-02-18,
1990-02-19,
1990-02-20,
1990-02-21,
1990-02-22,
1990-02-23,
1990-02-24,
1990-02-25,
1990-02-26,
1990-02-27,
1990-02-28,
1990-03-01,
1990-03-02,
1990-03-03,
1990-03-04,
1990-03-05,
1990-03-06,
1990-03-07,
1990-03-08,
1990-03-09,
1990-03-10,
1990-03-11,
1990-03-12,
1990-03-13,
1990-03-14,
1990-03-15,
1990-03-16,
1990-03-17,
1990-03-18,
1990-03-19,
1990-03-20,
1990-03-21,
1990-03-22,
1990-03-23,
1990-03-24,
1990-03-25,
1990-03-26,
1990-03-27,
1990-03-28,
1990-03-29,
1990-03-30,
1990-03-31,
1990-04-01,
1990-04-02,
1990-04-03,
1990-04-04,
1990-04-05,
1990-04-06,
1990-04-07,
1990-04-08,
1990-04-09,
1990-04-10,
1990-04-11,
1990-04-12,
1990-04-13,
1990-04-14,
1990-04-15,
1990-04-16,
1990-04-17,
1990-04-18,
1990-04-19,
1990-04-20,
1990-04-21,
1990-04-22,
1990-04-23,
1990-04-24,
1990-04-25,
1990-04-26,
1990-04-27,
1990-04-28,
1990-04-29,
1990-04-30,
1990-05-01,
1990-05-02,
1990-05-03,
1990-05-04,
1990-05-05,
1990-05-06,
1990-05-07,
1990-05-08,
1990-05-09,
1990-05-10,
1990-05-11,
1990-05-12,
1990-05-13,
1990-05-14,
1990-05-15,
1990-05-16,
1990-05-17,
1990-05-18,
1990-05-19,
1990-05-20,
1990-05-21,
1990-05-22,
1990-05-23,
1990-05-24,
1990-05-25,
1990-05-26,
1990-05-27,
1990-05-28,
1990-05-29,
1990-05-30,
1990-05-31,
1990-06-01,
1990-06-02,
1990-06-03,
1990-06-04,
1990-06-05,
1990-06-06,
1990-06-07,
1990-06-08,
1990-06-09,
1990-06-10,
1990-06-11,
1990-06-12,
1990-06-13,
1990-06-14,
1990-06-15,
1990-06-16,
1990-06-17,
1990-06-18,
1990-06-19,
1990-06-20,
1990-06-21,
1990-06-22,
1990-06-23,
1990-06-24,
1990-06-25,
1990-06-26,
1990-06-27,
1990-06-28,
1990-06-29,
1990-06-30,
1990-07-01,
1990-07-02,
1990-07-03,
1990-07-04,
1990-07-05,
1990-07-06,
1990-07-07,
1990-07-08,
1990-07-09,
1990-07-10,
1990-07-11,
1990-07-12,
1990-07-13,
1990-07-14,
1990-07-15,
1990-07-16,
1990-07-17,
1990-07-18,
1990-07-19,
1990-07-20,
1990-07-21,
1990-07-22,
1990-07-23,
1990-07-24,
1990-07-25,
1990-07-26,
1990-07-27,
1990-07-28,
1990-07-29,
1990-07-30,
1990-07-31,
1990-08-01,
1990-08-02,
1990-08-03,
1990-08-04,
1990-08-05,
1990-08-06,
1990-08-07,
1990-08-08,
1990-08-09,
1990-08-10,
1990-08-11,
1990-08-12,
1990-08-13,
1990-08-14,
1990-08-15,
1990-08-16,
1990-08-17,
1990-08-18,
1990-08-19,
1990-08-20,
1990-08-21,
1990-08-22,
1990-08-23,
1990-08-24,
1990-08-25,
1990-08-26,
1990-08-27,
1990-08-28,
1990-08-29,
1990-08-30,
1990-08-31,
1990-09-01,
1990-09-02,
1990-09-03,
1990-09-04,
1990-09-05,
1990-09-06,
1990-09-07,
1990-09-08,
1990-09-09,
1990-09-10,
1990-09-11,
1990-09-12,
1990-09-13,
1990-09-14,
1990-09-15,
1990-09-16,
1990-09-17,
1990-09-18,
1990-09-19,
1990-09-20,
1990-09-21,
1990-09-22,
1990-09-23,
1990-09-24,
1990-09-25,
1990-09-26,
1990-09-27,
1990-09-28,
1990-09-29,
1990-09-30,
1990-10-01,
1990-10-02,
1990-10-03,
1990-10-04,
1990-10-05,
1990-10-06,
1990-10-07,
1990-10-08,
1990-10-09,
1990-10-10,
1990-10-11,
1990-10-12,
1990-10-13,
1990-10-14,
1990-10-15,
1990-10-16,
1990-10-17,
1990-10-18,
1990-10-19,
1990-10-20,
1990-10-21,
1990-10-22,
1990-10-23,
1990-10-24,
1990-10-25,
1990-10-26,
1990-10-27,
1990-10-28,
1990-10-29,
1990-10-30,
1990-10-31,
1990-11-01,
1990-11-02,
1990-11-03,
1990-11-04,
1990-11-05,
1990-11-06,
1990-11-07,
1990-11-08,
1990-11-09,
1990-11-10,
1990-11-11,
1990-11-12,
1990-11-13,
1990-11-14,
1990-11-15,
1990-11-16,
1990-11-17,
1990-11-18,
1990-11-19,
1990-11-20,
1990-11-21,
1990-11-22,
1990-11-23,
1990-11-24,
1990-11-25,
1990-11-26,
1990-11-27,
1990-11-28,
1990-11-29,
1990-11-30,
1990-12-01,
1990-12-02,
1990-12-03,
1990-12-04,
1990-12-05,
1990-12-06,
1990-12-07,
1990-12-08,
1990-12-09,
1990-12-10,
1990-12-11,
1990-12-12,
1990-12-13,
1990-12-14,
1990-12-15,
1990-12-16,
1990-12-17,
1990-12-18,
1990-12-19,
1990-12-20,
1990-12-21,
1990-12-22,
1990-12-23,
1990-12-24,
1990-12-25,
1990-12-26,
1990-12-27,
1990-12-28,
1990-12-29,
1990-12-30,
1990-12-31,
1991-01-01,
1991-01-02,
1991-01-03,
1991-01-04,
1991-01-05,
1991-01-06,
1991-01-07,
1991-01-08,
1991-01-09,
1991-01-10,
1991-01-11,
1991-01-12,
1991-01-13,
1991-01-14,
1991-01-15,
1991-01-16,
1991-01-17,
1991-01-18,
1991-01-19,
1991-01-20,
1991-01-21,
1991-01-22,
1991-01-23,
1991-01-24,
1991-01-25,
1991-01-26,
1991-01-27,
1991-01-28,
1991-01-29,
1991-01-30,
1991-01-31,
1991-02-01,
1991-02-02,
1991-02-03,
1991-02-04,
1991-02-05,
1991-02-06,
1991-02-07,
1991-02-08,
1991-02-09,
1991-02-10,
1991-02-11,
1991-02-12,
1991-02-13,
1991-02-14,
1991-02-15,
1991-02-16,
1991-02-17,
1991-02-18,
1991-02-19,
1991-02-20,
1991-02-21,
1991-02-22,
1991-02-23,
1991-02-24,
1991-02-25,
1991-02-26,
1991-02-27,
1991-02-28,
1991-03-01,
1991-03-02,
1991-03-03,
1991-03-04,
1991-03-05,
1991-03-06,
1991-03-07,
1991-03-08,
1991-03-09,
1991-03-10,
1991-03-11,
1991-03-12,
1991-03-13,
1991-03-14,
1991-03-15,
1991-03-16,
1991-03-17,
1991-03-18,
1991-03-19,
1991-03-20,
1991-03-21,
1991-03-22,
1991-03-23,
1991-03-24,
1991-03-25,
1991-03-26,
1991-03-27,
1991-03-28,
1991-03-29,
1991-03-30,
1991-03-31,
1991-04-01,
1991-04-02,
1991-04-03,
1991-04-04,
1991-04-05,
1991-04-06,
1991-04-07,
1991-04-08,
1991-04-09,
1991-04-10,
1991-04-11,
1991-04-12,
1991-04-13,
1991-04-14,
1991-04-15,
1991-04-16,
1991-04-17,
1991-04-18,
1991-04-19,
1991-04-20,
1991-04-21,
1991-04-22,
1991-04-23,
1991-04-24,
1991-04-25,
1991-04-26,
1991-04-27,
1991-04-28,
1991-04-29,
1991-04-30,
1991-05-01,
1991-05-02,
1991-05-03,
1991-05-04,
1991-05-05,
1991-05-06,
1991-05-07,
1991-05-08,
1991-05-09,
1991-05-10,
1991-05-11,
1991-05-12,
1991-05-13,
1991-05-14,
1991-05-15,
1991-05-16,
1991-05-17,
1991-05-18,
1991-05-19,
1991-05-20,
1991-05-21,
1991-05-22,
1991-05-23,
1991-05-24,
1991-05-25,
1991-05-26,
1991-05-27,
1991-05-28,
1991-05-29,
1991-05-30,
1991-05-31,
1991-06-01,
1991-06-02,
1991-06-03,
1991-06-04,
1991-06-05,
1991-06-06,
1991-06-07,
1991-06-08,
1991-06-09,
1991-06-10,
1991-06-11,
1991-06-12,
1991-06-13,
1991-06-14,
1991-06-15,
1991-06-16,
1991-06-17,
1991-06-18,
1991-06-19,
1991-06-20,
1991-06-21,
1991-06-22,
1991-06-23,
1991-06-24,
1991-06-25,
1991-06-26,
1991-06-27,
1991-06-28,
1991-06-29,
1991-06-30,
1991-07-01,
1991-07-02,
1991-07-03,
1991-07-04,
1991-07-05,
1991-07-06,
1991-07-07,
1991-07-08,
1991-07-09,
1991-07-10,
1991-07-11,
1991-07-12,
1991-07-13,
1991-07-14,
1991-07-15,
1991-07-16,
1991-07-17,
1991-07-18,
1991-07-19,
1991-07-20,
1991-07-21,
1991-07-22,
1991-07-23,
1991-07-24,
1991-07-25,
1991-07-26,
1991-07-27,
1991-07-28,
1991-07-29,
1991-07-30,
1991-07-31,
1991-08-01,
1991-08-02,
1991-08-03,
1991-08-04,
1991-08-05,
1991-08-06,
1991-08-07,
1991-08-08,
1991-08-09,
1991-08-10,
1991-08-11,
1991-08-12,
1991-08-13,
1991-08-14,
1991-08-15,
1991-08-16,
1991-08-17,
1991-08-18,
1991-08-19,
1991-08-20,
1991-08-21,
1991-08-22,
1991-08-23,
1991-08-24,
1991-08-25,
1991-08-26,
1991-08-27,
1991-08-28,
1991-08-29,
1991-08-30,
1991-08-31,
1991-09-01,
1991-09-02,
1991-09-03,
1991-09-04,
1991-09-05,
1991-09-06,
1991-09-07,
1991-09-08,
1991-09-09,
1991-09-10,
1991-09-11,
1991-09-12,
1991-09-13,
1991-09-14,
1991-09-15,
1991-09-16,
1991-09-17,
1991-09-18,
1991-09-19,
1991-09-20,
1991-09-21,
1991-09-22,
1991-09-23,
1991-09-24,
1991-09-25,
1991-09-26,
1991-09-27,
1991-09-28,
1991-09-29,
1991-09-30,
1991-10-01,
1991-10-02,
1991-10-03,
1991-10-04,
1991-10-05,
1991-10-06,
1991-10-07,
1991-10-08,
1991-10-09,
1991-10-10,
1991-10-11,
1991-10-12,
1991-10-13,
1991-10-14,
1991-10-15,
1991-10-16,
1991-10-17,
1991-10-18,
1991-10-19,
1991-10-20,
1991-10-21,
1991-10-22,
1991-10-23,
1991-10-24,
1991-10-25,
1991-10-26,
1991-10-27,
1991-10-28,
1991-10-29,
1991-10-30,
1991-10-31,
1991-11-01,
1991-11-02,
1991-11-03,
1991-11-04,
1991-11-05,
1991-11-06,
1991-11-07,
1991-11-08,
1991-11-09,
1991-11-10,
1991-11-11,
1991-11-12,
1991-11-13,
1991-11-14,
1991-11-15,
1991-11-16,
1991-11-17,
1991-11-18,
1991-11-19,
1991-11-20,
1991-11-21,
1991-11-22,
1991-11-23,
1991-11-24,
1991-11-25,
1991-11-26,
1991-11-27,
1991-11-28,
1991-11-29,
1991-11-30,
1991-12-01,
1991-12-02,
1991-12-03,
1991-12-04,
1991-12-05,
1991-12-06,
1991-12-07,
1991-12-08,
1991-12-09,
1991-12-10,
1991-12-11,
1991-12-12,
1991-12-13,
1991-12-14,
1991-12-15,
1991-12-16,
1991-12-17,
1991-12-18,
1991-12-19,
1991-12-20,
1991-12-21,
1991-12-22,
1991-12-23,
1991-12-24,
1991-12-25,
1991-12-26,
1991-12-27,
1991-12-28,
1991-12-29,
1991-12-30,
1991-12-31,
1992-01-01,
1992-01-02,
1992-01-03,
1992-01-04,
1992-01-05,
1992-01-06,
1992-01-07,
1992-01-08,
1992-01-09,
1992-01-10,
1992-01-11,
1992-01-12,
1992-01-13,
1992-01-14,
1992-01-15,
1992-01-16,
1992-01-17,
1992-01-18,
1992-01-19,
1992-01-20,
1992-01-21,
1992-01-22,
1992-01-23,
1992-01-24,
1992-01-25,
1992-01-26,
1992-01-27,
1992-01-28,
1992-01-29,
1992-01-30,
1992-01-31,
1992-02-01,
1992-02-02,
1992-02-03,
1992-02-04,
1992-02-05,
1992-02-06,
1992-02-07,
1992-02-08,
1992-02-09,
1992-02-10,
1992-02-11,
1992-02-12,
1992-02-13,
1992-02-14,
1992-02-15,
1992-02-16,
1992-02-17,
1992-02-18,
1992-02-19,
1992-02-20,
1992-02-21,
1992-02-22,
1992-02-23,
1992-02-24,
1992-02-25,
1992-02-26,
1992-02-27,
1992-02-28,
1992-02-29,
1992-03-01,
1992-03-02,
1992-03-03,
1992-03-04,
1992-03-05,
1992-03-06,
1992-03-07,
1992-03-08,
1992-03-09,
1992-03-10,
1992-03-11,
1992-03-12,
1992-03-13,
1992-03-14,
1992-03-15,
1992-03-16,
1992-03-17,
1992-03-18,
1992-03-19,
1992-03-20,
1992-03-21,
1992-03-22,
1992-03-23,
1992-03-24,
1992-03-25,
1992-03-26,
1992-03-27,
1992-03-28,
1992-03-29,
1992-03-30,
1992-03-31,
1992-04-01,
1992-04-02,
1992-04-03,
1992-04-04,
1992-04-05,
1992-04-06,
1992-04-07,
1992-04-08,
1992-04-09,
1992-04-10,
1992-04-11,
1992-04-12,
1992-04-13,
1992-04-14,
1992-04-15,
1992-04-16,
1992-04-17,
1992-04-18,
1992-04-19,
1992-04-20,
1992-04-21,
1992-04-22,
1992-04-23,
1992-04-24,
1992-04-25,
1992-04-26,
1992-04-27,
1992-04-28,
1992-04-29,
1992-04-30,
1992-05-01,
1992-05-02,
1992-05-03,
1992-05-04,
1992-05-05,
1992-05-06,
1992-05-07,
1992-05-08,
1992-05-09,
1992-05-10,
1992-05-11,
1992-05-12,
1992-05-13,
1992-05-14,
1992-05-15,
1992-05-16,
1992-05-17,
1992-05-18,
1992-05-19,
1992-05-20,
1992-05-21,
1992-05-22,
1992-05-23,
1992-05-24,
1992-05-25,
1992-05-26,
1992-05-27,
1992-05-28,
1992-05-29,
1992-05-30,
1992-05-31,
1992-06-01,
1992-06-02,
1992-06-03,
1992-06-04,
1992-06-05,
1992-06-06,
1992-06-07,
1992-06-08,
1992-06-09,
1992-06-10,
1992-06-11,
1992-06-12,
1992-06-13,
1992-06-14,
1992-06-15,
1992-06-16,
1992-06-17,
1992-06-18,
1992-06-19,
1992-06-20,
1992-06-21,
1992-06-22,
1992-06-23,
1992-06-24,
1992-06-25,
1992-06-26,
1992-06-27,
1992-06-28,
1992-06-29,
1992-06-30,
1992-07-01,
1992-07-02,
1992-07-03,
1992-07-04,
1992-07-05,
1992-07-06,
1992-07-07,
1992-07-08,
1992-07-09,
1992-07-10,
1992-07-11,
1992-07-12,
1992-07-13,
1992-07-14,
1992-07-15,
1992-07-16,
1992-07-17,
1992-07-18,
1992-07-19,
1992-07-20,
1992-07-21,
1992-07-22,
1992-07-23,
1992-07-24,
1992-07-25,
1992-07-26,
1992-07-27,
1992-07-28,
1992-07-29,
1992-07-30,
1992-07-31,
1992-08-01,
1992-08-02,
1992-08-03,
1992-08-04,
1992-08-05,
1992-08-06,
1992-08-07,
1992-08-08,
1992-08-09,
1992-08-10,
1992-08-11,
1992-08-12,
1992-08-13,
1992-08-14,
1992-08-15,
1992-08-16,
1992-08-17,
1992-08-18,
1992-08-19,
1992-08-20,
1992-08-21,
1992-08-22,
1992-08-23,
1992-08-24,
1992-08-25,
1992-08-26,
1992-08-27,
1992-08-28,
1992-08-29,
1992-08-30,
1992-08-31,
1992-09-01,
1992-09-02,
1992-09-03,
1992-09-04,
1992-09-05,
1992-09-06,
1992-09-07,
1992-09-08,
1992-09-09,
1992-09-10,
1992-09-11,
1992-09-12,
1992-09-13,
1992-09-14,
1992-09-15,
1992-09-16,
1992-09-17,
1992-09-18,
1992-09-19,
1992-09-20,
1992-09-21,
1992-09-22,
1992-09-23,
1992-09-24,
1992-09-25,
1992-09-26,
1992-09-27,
1992-09-28,
1992-09-29,
1992-09-30,
1992-10-01,
1992-10-02,
1992-10-03,
1992-10-04,
1992-10-05,
1992-10-06,
1992-10-07,
1992-10-08,
1992-10-09,
1992-10-10,
1992-10-11,
1992-10-12,
1992-10-13,
1992-10-14,
1992-10-15,
1992-10-16,
1992-10-17,
1992-10-18,
1992-10-19,
1992-10-20,
1992-10-21,
1992-10-22,
1992-10-23,
1992-10-24,
1992-10-25,
1992-10-26,
1992-10-27,
1992-10-28,
1992-10-29,
1992-10-30,
1992-10-31,
1992-11-01,
1992-11-02,
1992-11-03,
1992-11-04,
1992-11-05,
1992-11-06,
1992-11-07,
1992-11-08,
1992-11-09,
1992-11-10,
1992-11-11,
1992-11-12,
1992-11-13,
1992-11-14,
1992-11-15,
1992-11-16,
1992-11-17,
1992-11-18,
1992-11-19,
1992-11-20,
1992-11-21,
1992-11-22,
1992-11-23,
1992-11-24,
1992-11-25,
1992-11-26,
1992-11-27,
1992-11-28,
1992-11-29,
1992-11-30,
1992-12-01,
1992-12-02,
1992-12-03,
1992-12-04,
1992-12-05,
1992-12-06,
1992-12-07,
1992-12-08,
1992-12-09,
1992-12-10,
1992-12-11,
1992-12-12,
1992-12-13,
1992-12-14,
1992-12-15,
1992-12-16,
1992-12-17,
1992-12-18,
1992-12-19,
1992-12-20,
1992-12-21,
1992-12-22,
1992-12-23,
1992-12-24,
1992-12-25,
1992-12-26,
1992-12-27,
1992-12-28,
1992-12-29,
1992-12-30,
1992-12-31,
1993-01-01,
1993-01-02,
1993-01-03,
1993-01-04,
1993-01-05,
1993-01-06,
1993-01-07,
1993-01-08,
1993-01-09,
1993-01-10,
1993-01-11,
1993-01-12,
1993-01-13,
1993-01-14,
1993-01-15,
1993-01-16,
1993-01-17,
1993-01-18,
1993-01-19,
1993-01-20,
1993-01-21,
1993-01-22,
1993-01-23,
1993-01-24,
1993-01-25,
1993-01-26,
1993-01-27,
1993-01-28,
1993-01-29,
1993-01-30,
1993-01-31,
1993-02-01,
1993-02-02,
1993-02-03,
1993-02-04,
1993-02-05,
1993-02-06,
1993-02-07,
1993-02-08,
1993-02-09,
1993-02-10,
1993-02-11,
1993-02-12,
1993-02-13,
1993-02-14,
1993-02-15,
1993-02-16,
1993-02-17,
1993-02-18,
1993-02-19,
1993-02-20,
1993-02-21,
1993-02-22,
1993-02-23,
1993-02-24,
1993-02-25,
1993-02-26,
1993-02-27,
1993-02-28,
1993-03-01,
1993-03-02,
1993-03-03,
1993-03-04,
1993-03-05,
1993-03-06,
1993-03-07,
1993-03-08,
1993-03-09,
1993-03-10,
1993-03-11,
1993-03-12,
1993-03-13,
1993-03-14,
1993-03-15,
1993-03-16,
1993-03-17,
1993-03-18,
1993-03-19,
1993-03-20,
1993-03-21,
1993-03-22,
1993-03-23,
1993-03-24,
1993-03-25,
1993-03-26,
1993-03-27,
1993-03-28,
1993-03-29,
1993-03-30,
1993-03-31,
1993-04-01,
1993-04-02,
1993-04-03,
1993-04-04,
1993-04-05,
1993-04-06,
1993-04-07,
1993-04-08,
1993-04-09,
1993-04-10,
1993-04-11,
1993-04-12,
1993-04-13,
1993-04-14,
1993-04-15,
1993-04-16,
1993-04-17,
1993-04-18,
1993-04-19,
1993-04-20,
1993-04-21,
1993-04-22,
1993-04-23,
1993-04-24,
1993-04-25,
1993-04-26,
1993-04-27,
1993-04-28,
1993-04-29,
1993-04-30,
1993-05-01,
1993-05-02,
1993-05-03,
1993-05-04,
1993-05-05,
1993-05-06,
1993-05-07,
1993-05-08,
1993-05-09,
1993-05-10,
1993-05-11,
1993-05-12,
1993-05-13,
1993-05-14,
1993-05-15,
1993-05-16,
1993-05-17,
1993-05-18,
1993-05-19,
1993-05-20,
1993-05-21,
1993-05-22,
1993-05-23,
1993-05-24,
1993-05-25,
1993-05-26,
1993-05-27,
1993-05-28,
1993-05-29,
1993-05-30,
1993-05-31,
1993-06-01,
1993-06-02,
1993-06-03,
1993-06-04,
1993-06-05,
1993-06-06,
1993-06-07,
1993-06-08,
1993-06-09,
1993-06-10,
1993-06-11,
1993-06-12,
1993-06-13,
1993-06-14,
1993-06-15,
1993-06-16,
1993-06-17,
1993-06-18,
1993-06-19,
1993-06-20,
1993-06-21,
1993-06-22,
1993-06-23,
1993-06-24,
1993-06-25,
1993-06-26,
1993-06-27,
1993-06-28,
1993-06-29,
1993-06-30,
1993-07-01,
1993-07-02,
1993-07-03,
1993-07-04,
1993-07-05,
1993-07-06,
1993-07-07,
1993-07-08,
1993-07-09,
1993-07-10,
1993-07-11,
1993-07-12,
1993-07-13,
1993-07-14,
1993-07-15,
1993-07-16,
1993-07-17,
1993-07-18,
1993-07-19,
1993-07-20,
1993-07-21,
1993-07-22,
1993-07-23,
1993-07-24,
1993-07-25,
1993-07-26,
1993-07-27,
1993-07-28,
1993-07-29,
1993-07-30,
1993-07-31,
1993-08-01,
1993-08-02,
1993-08-03,
1993-08-04,
1993-08-05,
1993-08-06,
1993-08-07,
1993-08-08,
1993-08-09,
1993-08-10,
1993-08-11,
1993-08-12,
1993-08-13,
1993-08-14,
1993-08-15,
1993-08-16,
1993-08-17,
1993-08-18,
1993-08-19,
1993-08-20,
1993-08-21,
1993-08-22,
1993-08-23,
1993-08-24,
1993-08-25,
1993-08-26,
1993-08-27,
1993-08-28,
1993-08-29,
1993-08-30,
1993-08-31,
1993-09-01,
1993-09-02,
1993-09-03,
1993-09-04,
1993-09-05,
1993-09-06,
1993-09-07,
1993-09-08,
1993-09-09,
1993-09-10,
1993-09-11,
1993-09-12,
1993-09-13,
1993-09-14,
1993-09-15,
1993-09-16,
1993-09-17,
1993-09-18,
1993-09-19,
1993-09-20,
1993-09-21,
1993-09-22,
1993-09-23,
1993-09-24,
1993-09-25,
1993-09-26,
1993-09-27,
1993-09-28,
1993-09-29,
1993-09-30,
1993-10-01,
1993-10-02,
1993-10-03,
1993-10-04,
1993-10-05,
1993-10-06,
1993-10-07,
1993-10-08,
1993-10-09,
1993-10-10,
1993-10-11,
1993-10-12,
1993-10-13,
1993-10-14,
1993-10-15,
1993-10-16,
1993-10-17,
1993-10-18,
1993-10-19,
1993-10-20,
1993-10-21,
1993-10-22,
1993-10-23,
1993-10-24,
1993-10-25,
1993-10-26,
1993-10-27,
1993-10-28,
1993-10-29,
1993-10-30,
1993-10-31,
1993-11-01,
1993-11-02,
1993-11-03,
1993-11-04,
1993-11-05,
1993-11-06,
1993-11-07,
1993-11-08,
1993-11-09,
1993-11-10,
1993-11-11,
1993-11-12,
1993-11-13,
1993-11-14,
1993-11-15,
1993-11-16,
1993-11-17,
1993-11-18,
1993-11-19,
1993-11-20,
1993-11-21,
1993-11-22,
1993-11-23,
1993-11-24,
1993-11-25,
1993-11-26,
1993-11-27,
1993-11-28,
1993-11-29,
1993-11-30,
1993-12-01,
1993-12-02,
1993-12-03,
1993-12-04,
1993-12-05,
1993-12-06,
1993-12-07,
1993-12-08,
1993-12-09,
1993-12-10,
1993-12-11,
1993-12-12,
1993-12-13,
1993-12-14,
1993-12-15,
1993-12-16,
1993-12-17,
1993-12-18,
1993-12-19,
1993-12-20,
1993-12-21,
1993-12-22,
1993-12-23,
1993-12-24,
1993-12-25,
1993-12-26,
1993-12-27,
1993-12-28,
1993-12-29,
1993-12-30,
1993-12-31,
1994-01-01,
1994-01-02,
1994-01-03,
1994-01-04,
1994-01-05,
1994-01-06,
1994-01-07,
1994-01-08,
1994-01-09,
1994-01-10,
1994-01-11,
1994-01-12,
1994-01-13,
1994-01-14,
1994-01-15,
1994-01-16,
1994-01-17,
1994-01-18,
1994-01-19,
1994-01-20,
1994-01-21,
1994-01-22,
1994-01-23,
1994-01-24,
1994-01-25,
1994-01-26,
1994-01-27,
1994-01-28,
1994-01-29,
1994-01-30,
1994-01-31,
1994-02-01,
1994-02-02,
1994-02-03,
1994-02-04,
1994-02-05,
1994-02-06,
1994-02-07,
1994-02-08,
1994-02-09,
1994-02-10,
1994-02-11,
1994-02-12,
1994-02-13,
1994-02-14,
1994-02-15,
1994-02-16,
1994-02-17,
1994-02-18,
1994-02-19,
1994-02-20,
1994-02-21,
1994-02-22,
1994-02-23,
1994-02-24,
1994-02-25,
1994-02-26,
1994-02-27,
1994-02-28,
1994-03-01,
1994-03-02,
1994-03-03,
1994-03-04,
1994-03-05,
1994-03-06,
1994-03-07,
1994-03-08,
1994-03-09,
1994-03-10,
1994-03-11,
1994-03-12,
1994-03-13,
1994-03-14,
1994-03-15,
1994-03-16,
1994-03-17,
1994-03-18,
1994-03-19,
1994-03-20,
1994-03-21,
1994-03-22,
1994-03-23,
1994-03-24,
1994-03-25,
1994-03-26,
1994-03-27,
1994-03-28,
1994-03-29,
1994-03-30,
1994-03-31,
1994-04-01,
1994-04-02,
1994-04-03,
1994-04-04,
1994-04-05,
1994-04-06,
1994-04-07,
1994-04-08,
1994-04-09,
1994-04-10,
1994-04-11,
1994-04-12,
1994-04-13,
1994-04-14,
1994-04-15,
1994-04-16,
1994-04-17,
1994-04-18,
1994-04-19,
1994-04-20,
1994-04-21,
1994-04-22,
1994-04-23,
1994-04-24,
1994-04-25,
1994-04-26,
1994-04-27,
1994-04-28,
1994-04-29,
1994-04-30,
1994-05-01,
1994-05-02,
1994-05-03,
1994-05-04,
1994-05-05,
1994-05-06,
1994-05-07,
1994-05-08,
1994-05-09,
1994-05-10,
1994-05-11,
1994-05-12,
1994-05-13,
1994-05-14,
1994-05-15,
1994-05-16,
1994-05-17,
1994-05-18,
1994-05-19,
1994-05-20,
1994-05-21,
1994-05-22,
1994-05-23,
1994-05-24,
1994-05-25,
1994-05-26,
1994-05-27,
1994-05-28,
1994-05-29,
1994-05-30,
1994-05-31,
1994-06-01,
1994-06-02,
1994-06-03,
1994-06-04,
1994-06-05,
1994-06-06,
1994-06-07,
1994-06-08,
1994-06-09,
1994-06-10,
1994-06-11,
1994-06-12,
1994-06-13,
1994-06-14,
1994-06-15,
1994-06-16,
1994-06-17,
1994-06-18,
1994-06-19,
1994-06-20,
1994-06-21,
1994-06-22,
1994-06-23,
1994-06-24,
1994-06-25,
1994-06-26,
1994-06-27,
1994-06-28,
1994-06-29,
1994-06-30,
1994-07-01,
1994-07-02,
1994-07-03,
1994-07-04,
1994-07-05,
1994-07-06,
1994-07-07,
1994-07-08,
1994-07-09,
1994-07-10,
1994-07-11,
1994-07-12,
1994-07-13,
1994-07-14,
1994-07-15,
1994-07-16,
1994-07-17,
1994-07-18,
1994-07-19,
1994-07-20,
1994-07-21,
1994-07-22,
1994-07-23,
1994-07-24,
1994-07-25,
1994-07-26,
1994-07-27,
1994-07-28,
1994-07-29,
1994-07-30,
1994-07-31,
1994-08-01,
1994-08-02,
1994-08-03,
1994-08-04,
1994-08-05,
1994-08-06,
1994-08-07,
1994-08-08,
1994-08-09,
1994-08-10,
1994-08-11,
1994-08-12,
1994-08-13,
1994-08-14,
1994-08-15,
1994-08-16,
1994-08-17,
1994-08-18,
1994-08-19,
1994-08-20,
1994-08-21,
1994-08-22,
1994-08-23,
1994-08-24,
1994-08-25,
1994-08-26,
1994-08-27,
1994-08-28,
1994-08-29,
1994-08-30,
1994-08-31,
1994-09-01,
1994-09-02,
1994-09-03,
1994-09-04,
1994-09-05,
1994-09-06,
1994-09-07,
1994-09-08,
1994-09-09,
1994-09-10,
1994-09-11,
1994-09-12,
1994-09-13,
1994-09-14,
1994-09-15,
1994-09-16,
1994-09-17,
1994-09-18,
1994-09-19,
1994-09-20,
1994-09-21,
1994-09-22,
1994-09-23,
1994-09-24,
1994-09-25,
1994-09-26,
1994-09-27,
1994-09-28,
1994-09-29,
1994-09-30,
1994-10-01,
1994-10-02,
1994-10-03,
1994-10-04,
1994-10-05,
1994-10-06,
1994-10-07,
1994-10-08,
1994-10-09,
1994-10-10,
1994-10-11,
1994-10-12,
1994-10-13,
1994-10-14,
1994-10-15,
1994-10-16,
1994-10-17,
1994-10-18,
1994-10-19,
1994-10-20,
1994-10-21,
1994-10-22,
1994-10-23,
1994-10-24,
1994-10-25,
1994-10-26,
1994-10-27,
1994-10-28,
1994-10-29,
1994-10-30,
1994-10-31,
1994-11-01,
1994-11-02,
1994-11-03,
1994-11-04,
1994-11-05,
1994-11-06,
1994-11-07,
1994-11-08,
1994-11-09,
1994-11-10,
1994-11-11,
1994-11-12,
1994-11-13,
1994-11-14,
1994-11-15,
1994-11-16,
1994-11-17,
1994-11-18,
1994-11-19,
1994-11-20,
1994-11-21,
1994-11-22,
1994-11-23,
1994-11-24,
1994-11-25,
1994-11-26,
1994-11-27,
1994-11-28,
1994-11-29,
1994-11-30,
1994-12-01,
1994-12-02,
1994-12-03,
1994-12-04,
1994-12-05,
1994-12-06,
1994-12-07,
1994-12-08,
1994-12-09,
1994-12-10,
1994-12-11,
1994-12-12,
1994-12-13,
1994-12-14,
1994-12-15,
1994-12-16,
1994-12-17,
1994-12-18,
1994-12-19,
1994-12-20,
1994-12-21,
1994-12-22,
1994-12-23,
1994-12-24,
1994-12-25,
1994-12-26,
1994-12-27,
1994-12-28,
1994-12-29,
1994-12-30,
1994-12-31,
1995-01-01,
1995-01-02,
1995-01-03,
1995-01-04,
1995-01-05,
1995-01-06,
1995-01-07,
1995-01-08,
1995-01-09,
1995-01-10,
1995-01-11,
1995-01-12,
1995-01-13,
1995-01-14,
1995-01-15,
1995-01-16,
1995-01-17,
1995-01-18,
1995-01-19,
1995-01-20,
1995-01-21,
1995-01-22,
1995-01-23,
1995-01-24,
1995-01-25,
1995-01-26,
1995-01-27,
1995-01-28,
1995-01-29,
1995-01-30,
1995-01-31,
1995-02-01,
1995-02-02,
1995-02-03,
1995-02-04,
1995-02-05,
1995-02-06,
1995-02-07,
1995-02-08,
1995-02-09,
1995-02-10,
1995-02-11,
1995-02-12,
1995-02-13,
1995-02-14,
1995-02-15,
1995-02-16,
1995-02-17,
1995-02-18,
1995-02-19,
1995-02-20,
1995-02-21,
1995-02-22,
1995-02-23,
1995-02-24,
1995-02-25,
1995-02-26,
1995-02-27,
1995-02-28,
1995-03-01,
1995-03-02,
1995-03-03,
1995-03-04,
1995-03-05,
1995-03-06,
1995-03-07,
1995-03-08,
1995-03-09,
1995-03-10,
1995-03-11,
1995-03-12,
1995-03-13,
1995-03-14,
1995-03-15,
1995-03-16,
1995-03-17,
1995-03-18,
1995-03-19,
1995-03-20,
1995-03-21,
1995-03-22,
1995-03-23,
1995-03-24,
1995-03-25,
1995-03-26,
1995-03-27,
1995-03-28,
1995-03-29,
1995-03-30,
1995-03-31,
1995-04-01,
1995-04-02,
1995-04-03,
1995-04-04,
1995-04-05,
1995-04-06,
1995-04-07,
1995-04-08,
1995-04-09,
1995-04-10,
1995-04-11,
1995-04-12,
1995-04-13,
1995-04-14,
1995-04-15,
1995-04-16,
1995-04-17,
1995-04-18,
1995-04-19,
1995-04-20,
1995-04-21,
1995-04-22,
1995-04-23,
1995-04-24,
1995-04-25,
1995-04-26,
1995-04-27,
1995-04-28,
1995-04-29,
1995-04-30,
1995-05-01,
1995-05-02,
1995-05-03,
1995-05-04,
1995-05-05,
1995-05-06,
1995-05-07,
1995-05-08,
1995-05-09,
1995-05-10,
1995-05-11,
1995-05-12,
1995-05-13,
1995-05-14,
1995-05-15,
1995-05-16,
1995-05-17,
1995-05-18,
1995-05-19,
1995-05-20,
1995-05-21,
1995-05-22,
1995-05-23,
1995-05-24,
1995-05-25,
1995-05-26,
1995-05-27,
1995-05-28,
1995-05-29,
1995-05-30,
1995-05-31,
1995-06-01,
1995-06-02,
1995-06-03,
1995-06-04,
1995-06-05,
1995-06-06,
1995-06-07,
1995-06-08,
1995-06-09,
1995-06-10,
1995-06-11,
1995-06-12,
1995-06-13,
1995-06-14,
1995-06-15,
1995-06-16,
1995-06-17,
1995-06-18,
1995-06-19,
1995-06-20,
1995-06-21,
1995-06-22,
1995-06-23,
1995-06-24,
1995-06-25,
1995-06-26,
1995-06-27,
1995-06-28,
1995-06-29,
1995-06-30,
1995-07-01,
1995-07-02,
1995-07-03,
1995-07-04,
1995-07-05,
1995-07-06,
1995-07-07,
1995-07-08,
1995-07-09,
1995-07-10,
1995-07-11,
1995-07-12,
1995-07-13,
1995-07-14,
1995-07-15,
1995-07-16,
1995-07-17,
1995-07-18,
1995-07-19,
1995-07-20,
1995-07-21,
1995-07-22,
1995-07-23,
1995-07-24,
1995-07-25,
1995-07-26,
1995-07-27,
1995-07-28,
1995-07-29,
1995-07-30,
1995-07-31,
1995-08-01,
1995-08-02,
1995-08-03,
1995-08-04,
1995-08-05,
1995-08-06,
1995-08-07,
1995-08-08,
1995-08-09,
1995-08-10,
1995-08-11,
1995-08-12,
1995-08-13,
1995-08-14,
1995-08-15,
1995-08-16,
1995-08-17,
1995-08-18,
1995-08-19,
1995-08-20,
1995-08-21,
1995-08-22,
1995-08-23,
1995-08-24,
1995-08-25,
1995-08-26,
1995-08-27,
1995-08-28,
1995-08-29,
1995-08-30,
1995-08-31,
1995-09-01,
1995-09-02,
1995-09-03,
1995-09-04,
1995-09-05,
1995-09-06,
1995-09-07,
1995-09-08,
1995-09-09,
1995-09-10,
1995-09-11,
1995-09-12,
1995-09-13,
1995-09-14,
1995-09-15,
1995-09-16,
1995-09-17,
1995-09-18,
1995-09-19,
1995-09-20,
1995-09-21,
1995-09-22,
1995-09-23,
1995-09-24,
1995-09-25,
1995-09-26,
1995-09-27,
1995-09-28,
1995-09-29,
1995-09-30,
1995-10-01,
1995-10-02,
1995-10-03,
1995-10-04,
1995-10-05,
1995-10-06,
1995-10-07,
1995-10-08,
1995-10-09,
1995-10-10,
1995-10-11,
1995-10-12,
1995-10-13,
1995-10-14,
1995-10-15,
1995-10-16,
1995-10-17,
1995-10-18,
1995-10-19,
1995-10-20,
1995-10-21,
1995-10-22,
1995-10-23,
1995-10-24,
1995-10-25,
1995-10-26,
1995-10-27,
1995-10-28,
1995-10-29,
1995-10-30,
1995-10-31,
1995-11-01,
1995-11-02,
1995-11-03,
1995-11-04,
1995-11-05,
1995-11-06,
1995-11-07,
1995-11-08,
1995-11-09,
1995-11-10,
1995-11-11,
1995-11-12,
1995-11-13,
1995-11-14,
1995-11-15,
1995-11-16,
1995-11-17,
1995-11-18,
1995-11-19,
1995-11-20,
1995-11-21,
1995-11-22,
1995-11-23,
1995-11-24,
1995-11-25,
1995-11-26,
1995-11-27,
1995-11-28,
1995-11-29,
1995-11-30,
1995-12-01,
1995-12-02,
1995-12-03,
1995-12-04,
1995-12-05,
1995-12-06,
1995-12-07,
1995-12-08,
1995-12-09,
1995-12-10,
1995-12-11,
1995-12-12,
1995-12-13,
1995-12-14,
1995-12-15,
1995-12-16,
1995-12-17,
1995-12-18,
1995-12-19,
1995-12-20,
1995-12-21,
1995-12-22,
1995-12-23,
1995-12-24,
1995-12-25,
1995-12-26,
1995-12-27,
1995-12-28,
1995-12-29,
1995-12-30,
1995-12-31,
1996-01-01,
1996-01-02,
1996-01-03,
1996-01-04,
1996-01-05,
1996-01-06,
1996-01-07,
1996-01-08,
1996-01-09,
1996-01-10,
1996-01-11,
1996-01-12,
1996-01-13,
1996-01-14,
1996-01-15,
1996-01-16,
1996-01-17,
1996-01-18,
1996-01-19,
1996-01-20,
1996-01-21,
1996-01-22,
1996-01-23,
1996-01-24,
1996-01-25,
1996-01-26,
1996-01-27,
1996-01-28,
1996-01-29,
1996-01-30,
1996-01-31,
1996-02-01,
1996-02-02,
1996-02-03,
1996-02-04,
1996-02-05,
1996-02-06,
1996-02-07,
1996-02-08,
1996-02-09,
1996-02-10,
1996-02-11,
1996-02-12,
1996-02-13,
1996-02-14,
1996-02-15,
1996-02-16,
1996-02-17,
1996-02-18,
1996-02-19,
1996-02-20,
1996-02-21,
1996-02-22,
1996-02-23,
1996-02-24,
1996-02-25,
1996-02-26,
1996-02-27,
1996-02-28,
1996-02-29,
1996-03-01,
1996-03-02,
1996-03-03,
1996-03-04,
1996-03-05,
1996-03-06,
1996-03-07,
1996-03-08,
1996-03-09,
1996-03-10,
1996-03-11,
1996-03-12,
1996-03-13,
1996-03-14,
1996-03-15,
1996-03-16,
1996-03-17,
1996-03-18,
1996-03-19,
1996-03-20,
1996-03-21,
1996-03-22,
1996-03-23,
1996-03-24,
1996-03-25,
1996-03-26,
1996-03-27,
1996-03-28,
1996-03-29,
1996-03-30,
1996-03-31,
1996-04-01,
1996-04-02,
1996-04-03,
1996-04-04,
1996-04-05,
1996-04-06,
1996-04-07,
1996-04-08,
1996-04-09,
1996-04-10,
1996-04-11,
1996-04-12,
1996-04-13,
1996-04-14,
1996-04-15,
1996-04-16,
1996-04-17,
1996-04-18,
1996-04-19,
1996-04-20,
1996-04-21,
1996-04-22,
1996-04-23,
1996-04-24,
1996-04-25,
1996-04-26,
1996-04-27,
1996-04-28,
1996-04-29,
1996-04-30,
1996-05-01,
1996-05-02,
1996-05-03,
1996-05-04,
1996-05-05,
1996-05-06,
1996-05-07,
1996-05-08,
1996-05-09,
1996-05-10,
1996-05-11,
1996-05-12,
1996-05-13,
1996-05-14,
1996-05-15,
1996-05-16,
1996-05-17,
1996-05-18,
1996-05-19,
1996-05-20,
1996-05-21,
1996-05-22,
1996-05-23,
1996-05-24,
1996-05-25,
1996-05-26,
1996-05-27,
1996-05-28,
1996-05-29,
1996-05-30,
1996-05-31,
1996-06-01,
1996-06-02,
1996-06-03,
1996-06-04,
1996-06-05,
1996-06-06,
1996-06-07,
1996-06-08,
1996-06-09,
1996-06-10,
1996-06-11,
1996-06-12,
1996-06-13,
1996-06-14,
1996-06-15,
1996-06-16,
1996-06-17,
1996-06-18,
1996-06-19,
1996-06-20,
1996-06-21,
1996-06-22,
1996-06-23,
1996-06-24,
1996-06-25,
1996-06-26,
1996-06-27,
1996-06-28,
1996-06-29,
1996-06-30,
1996-07-01,
1996-07-02,
1996-07-03,
1996-07-04,
1996-07-05,
1996-07-06,
1996-07-07,
1996-07-08,
1996-07-09,
1996-07-10,
1996-07-11,
1996-07-12,
1996-07-13,
1996-07-14,
1996-07-15,
1996-07-16,
1996-07-17,
1996-07-18,
1996-07-19,
1996-07-20,
1996-07-21,
1996-07-22,
1996-07-23,
1996-07-24,
1996-07-25,
1996-07-26,
1996-07-27,
1996-07-28,
1996-07-29,
1996-07-30,
1996-07-31,
1996-08-01,
1996-08-02,
1996-08-03,
1996-08-04,
1996-08-05,
1996-08-06,
1996-08-07,
1996-08-08,
1996-08-09,
1996-08-10,
1996-08-11,
1996-08-12,
1996-08-13,
1996-08-14,
1996-08-15,
1996-08-16,
1996-08-17,
1996-08-18,
1996-08-19,
1996-08-20,
1996-08-21,
1996-08-22,
1996-08-23,
1996-08-24,
1996-08-25,
1996-08-26,
1996-08-27,
1996-08-28,
1996-08-29,
1996-08-30,
1996-08-31,
1996-09-01,
1996-09-02,
1996-09-03,
1996-09-04,
1996-09-05,
1996-09-06,
1996-09-07,
1996-09-08,
1996-09-09,
1996-09-10,
1996-09-11,
1996-09-12,
1996-09-13,
1996-09-14,
1996-09-15,
1996-09-16,
1996-09-17,
1996-09-18,
1996-09-19,
1996-09-20,
1996-09-21,
1996-09-22,
1996-09-23,
1996-09-24,
1996-09-25,
1996-09-26,
1996-09-27,
1996-09-28,
1996-09-29,
1996-09-30,
1996-10-01,
1996-10-02,
1996-10-03,
1996-10-04,
1996-10-05,
1996-10-06,
1996-10-07,
1996-10-08,
1996-10-09,
1996-10-10,
1996-10-11,
1996-10-12,
1996-10-13,
1996-10-14,
1996-10-15,
1996-10-16,
1996-10-17,
1996-10-18,
1996-10-19,
1996-10-20,
1996-10-21,
1996-10-22,
1996-10-23,
1996-10-24,
1996-10-25,
1996-10-26,
1996-10-27,
1996-10-28,
1996-10-29,
1996-10-30,
1996-10-31,
1996-11-01,
1996-11-02,
1996-11-03,
1996-11-04,
1996-11-05,
1996-11-06,
1996-11-07,
1996-11-08,
1996-11-09,
1996-11-10,
1996-11-11,
1996-11-12,
1996-11-13,
1996-11-14,
1996-11-15,
1996-11-16,
1996-11-17,
1996-11-18,
1996-11-19,
1996-11-20,
1996-11-21,
1996-11-22,
1996-11-23,
1996-11-24,
1996-11-25,
1996-11-26,
1996-11-27,
1996-11-28,
1996-11-29,
1996-11-30,
1996-12-01,
1996-12-02,
1996-12-03,
1996-12-04,
1996-12-05,
1996-12-06,
1996-12-07,
1996-12-08,
1996-12-09,
1996-12-10,
1996-12-11,
1996-12-12,
1996-12-13,
1996-12-14,
1996-12-15,
1996-12-16,
1996-12-17,
1996-12-18,
1996-12-19,
1996-12-20,
1996-12-21,
1996-12-22,
1996-12-23,
1996-12-24,
1996-12-25,
1996-12-26,
1996-12-27,
1996-12-28,
1996-12-29,
1996-12-30,
1996-12-31,
1997-01-01,
1997-01-02,
1997-01-03,
1997-01-04,
1997-01-05,
1997-01-06,
1997-01-07,
1997-01-08,
1997-01-09,
1997-01-10,
1997-01-11,
1997-01-12,
1997-01-13,
1997-01-14,
1997-01-15,
1997-01-16,
1997-01-17,
1997-01-18,
1997-01-19,
1997-01-20,
1997-01-21,
1997-01-22,
1997-01-23,
1997-01-24,
1997-01-25,
1997-01-26,
1997-01-27,
1997-01-28,
1997-01-29,
1997-01-30,
1997-01-31,
1997-02-01,
1997-02-02,
1997-02-03,
1997-02-04,
1997-02-05,
1997-02-06,
1997-02-07,
1997-02-08,
1997-02-09,
1997-02-10,
1997-02-11,
1997-02-12,
1997-02-13,
1997-02-14,
1997-02-15,
1997-02-16,
1997-02-17,
1997-02-18,
1997-02-19,
1997-02-20,
1997-02-21,
1997-02-22,
1997-02-23,
1997-02-24,
1997-02-25,
1997-02-26,
1997-02-27,
1997-02-28,
1997-03-01,
1997-03-02,
1997-03-03,
1997-03-04,
1997-03-05,
1997-03-06,
1997-03-07,
1997-03-08,
1997-03-09,
1997-03-10,
1997-03-11,
1997-03-12,
1997-03-13,
1997-03-14,
1997-03-15,
1997-03-16,
1997-03-17,
1997-03-18,
1997-03-19,
1997-03-20,
1997-03-21,
1997-03-22,
1997-03-23,
1997-03-24,
1997-03-25,
1997-03-26,
1997-03-27,
1997-03-28,
1997-03-29,
1997-03-30,
1997-03-31,
1997-04-01,
1997-04-02,
1997-04-03,
1997-04-04,
1997-04-05,
1997-04-06,
1997-04-07,
1997-04-08,
1997-04-09,
1997-04-10,
1997-04-11,
1997-04-12,
1997-04-13,
1997-04-14,
1997-04-15,
1997-04-16,
1997-04-17,
1997-04-18,
1997-04-19,
1997-04-20,
1997-04-21,
1997-04-22,
1997-04-23,
1997-04-24,
1997-04-25,
1997-04-26,
1997-04-27,
1997-04-28,
1997-04-29,
1997-04-30,
1997-05-01,
1997-05-02,
1997-05-03,
1997-05-04,
1997-05-05,
1997-05-06,
1997-05-07,
1997-05-08,
1997-05-09,
1997-05-10,
1997-05-11,
1997-05-12,
1997-05-13,
1997-05-14,
1997-05-15,
1997-05-16,
1997-05-17,
1997-05-18,
1997-05-19,
1997-05-20,
1997-05-21,
1997-05-22,
1997-05-23,
1997-05-24,
1997-05-25,
1997-05-26,
1997-05-27,
1997-05-28,
1997-05-29,
1997-05-30,
1997-05-31,
1997-06-01,
1997-06-02,
1997-06-03,
1997-06-04,
1997-06-05,
1997-06-06,
1997-06-07,
1997-06-08,
1997-06-09,
1997-06-10,
1997-06-11,
1997-06-12,
1997-06-13,
1997-06-14,
1997-06-15,
1997-06-16,
1997-06-17,
1997-06-18,
1997-06-19,
1997-06-20,
1997-06-21,
1997-06-22,
1997-06-23,
1997-06-24,
1997-06-25,
1997-06-26,
1997-06-27,
1997-06-28,
1997-06-29,
1997-06-30,
1997-07-01,
1997-07-02,
1997-07-03,
1997-07-04,
1997-07-05,
1997-07-06,
1997-07-07,
1997-07-08,
1997-07-09,
1997-07-10,
1997-07-11,
1997-07-12,
1997-07-13,
1997-07-14,
1997-07-15,
1997-07-16,
1997-07-17,
1997-07-18,
1997-07-19,
1997-07-20,
1997-07-21,
1997-07-22,
1997-07-23,
1997-07-24,
1997-07-25,
1997-07-26,
1997-07-27,
1997-07-28,
1997-07-29,
1997-07-30,
1997-07-31,
1997-08-01,
1997-08-02,
1997-08-03,
1997-08-04,
1997-08-05,
1997-08-06,
1997-08-07,
1997-08-08,
1997-08-09,
1997-08-10,
1997-08-11,
1997-08-12,
1997-08-13,
1997-08-14,
1997-08-15,
1997-08-16,
1997-08-17,
1997-08-18,
1997-08-19,
1997-08-20,
1997-08-21,
1997-08-22,
1997-08-23,
1997-08-24,
1997-08-25,
1997-08-26,
1997-08-27,
1997-08-28,
1997-08-29,
1997-08-30,
1997-08-31,
1997-09-01,
1997-09-02,
1997-09-03,
1997-09-04,
1997-09-05,
1997-09-06,
1997-09-07,
1997-09-08,
1997-09-09,
1997-09-10,
1997-09-11,
1997-09-12,
1997-09-13,
1997-09-14,
1997-09-15,
1997-09-16,
1997-09-17,
1997-09-18,
1997-09-19,
1997-09-20,
1997-09-21,
1997-09-22,
1997-09-23,
1997-09-24,
1997-09-25,
1997-09-26,
1997-09-27,
1997-09-28,
1997-09-29,
1997-09-30,
1997-10-01,
1997-10-02,
1997-10-03,
1997-10-04,
1997-10-05,
1997-10-06,
1997-10-07,
1997-10-08,
1997-10-09,
1997-10-10,
1997-10-11,
1997-10-12,
1997-10-13,
1997-10-14,
1997-10-15,
1997-10-16,
1997-10-17,
1997-10-18,
1997-10-19,
1997-10-20,
1997-10-21,
1997-10-22,
1997-10-23,
1997-10-24,
1997-10-25,
1997-10-26,
1997-10-27,
1997-10-28,
1997-10-29,
1997-10-30,
1997-10-31,
1997-11-01,
1997-11-02,
1997-11-03,
1997-11-04,
1997-11-05,
1997-11-06,
1997-11-07,
1997-11-08,
1997-11-09,
1997-11-10,
1997-11-11,
1997-11-12,
1997-11-13,
1997-11-14,
1997-11-15,
1997-11-16,
1997-11-17,
1997-11-18,
1997-11-19,
1997-11-20,
1997-11-21,
1997-11-22,
1997-11-23,
1997-11-24,
1997-11-25,
1997-11-26,
1997-11-27,
1997-11-28,
1997-11-29,
1997-11-30,
1997-12-01,
1997-12-02,
1997-12-03,
1997-12-04,
1997-12-05,
1997-12-06,
1997-12-07,
1997-12-08,
1997-12-09,
1997-12-10,
1997-12-11,
1997-12-12,
1997-12-13,
1997-12-14,
1997-12-15,
1997-12-16,
1997-12-17,
1997-12-18,
1997-12-19,
1997-12-20,
1997-12-21,
1997-12-22,
1997-12-23,
1997-12-24,
1997-12-25,
1997-12-26,
1997-12-27,
1997-12-28,
1997-12-29,
1997-12-30,
1997-12-31,
1998-01-01,
1998-01-02,
1998-01-03,
1998-01-04,
1998-01-05,
1998-01-06,
1998-01-07,
1998-01-08,
1998-01-09,
1998-01-10,
1998-01-11,
1998-01-12,
1998-01-13,
1998-01-14,
1998-01-15,
1998-01-16,
1998-01-17,
1998-01-18,
1998-01-19,
1998-01-20,
1998-01-21,
1998-01-22,
1998-01-23,
1998-01-24,
1998-01-25,
1998-01-26,
1998-01-27,
1998-01-28,
1998-01-29,
1998-01-30,
1998-01-31,
1998-02-01,
1998-02-02,
1998-02-03,
1998-02-04,
1998-02-05,
1998-02-06,
1998-02-07,
1998-02-08,
1998-02-09,
1998-02-10,
1998-02-11,
1998-02-12,
1998-02-13,
1998-02-14,
1998-02-15,
1998-02-16,
1998-02-17,
1998-02-18,
1998-02-19,
1998-02-20,
1998-02-21,
1998-02-22,
1998-02-23,
1998-02-24,
1998-02-25,
1998-02-26,
1998-02-27,
1998-02-28,
1998-03-01,
1998-03-02,
1998-03-03,
1998-03-04,
1998-03-05,
1998-03-06,
1998-03-07,
1998-03-08,
1998-03-09,
1998-03-10,
1998-03-11,
1998-03-12,
1998-03-13,
1998-03-14,
1998-03-15,
1998-03-16,
1998-03-17,
1998-03-18,
1998-03-19,
1998-03-20,
1998-03-21,
1998-03-22,
1998-03-23,
1998-03-24,
1998-03-25,
1998-03-26,
1998-03-27,
1998-03-28,
1998-03-29,
1998-03-30,
1998-03-31,
1998-04-01,
1998-04-02,
1998-04-03,
1998-04-04,
1998-04-05,
1998-04-06,
1998-04-07,
1998-04-08,
1998-04-09,
1998-04-10,
1998-04-11,
1998-04-12,
1998-04-13,
1998-04-14,
1998-04-15,
1998-04-16,
1998-04-17,
1998-04-18,
1998-04-19,
1998-04-20,
1998-04-21,
1998-04-22,
1998-04-23,
1998-04-24,
1998-04-25,
1998-04-26,
1998-04-27,
1998-04-28,
1998-04-29,
1998-04-30,
1998-05-01,
1998-05-02,
1998-05-03,
1998-05-04,
1998-05-05,
1998-05-06,
1998-05-07,
1998-05-08,
1998-05-09,
1998-05-10,
1998-05-11,
1998-05-12,
1998-05-13,
1998-05-14,
1998-05-15,
1998-05-16,
1998-05-17,
1998-05-18,
1998-05-19,
1998-05-20,
1998-05-21,
1998-05-22,
1998-05-23,
1998-05-24,
1998-05-25,
1998-05-26,
1998-05-27,
1998-05-28,
1998-05-29,
1998-05-30,
1998-05-31,
1998-06-01,
1998-06-02,
1998-06-03,
1998-06-04,
1998-06-05,
1998-06-06,
1998-06-07,
1998-06-08,
1998-06-09,
1998-06-10,
1998-06-11,
1998-06-12,
1998-06-13,
1998-06-14,
1998-06-15,
1998-06-16,
1998-06-17,
1998-06-18,
1998-06-19,
1998-06-20,
1998-06-21,
1998-06-22,
1998-06-23,
1998-06-24,
1998-06-25,
1998-06-26,
1998-06-27,
1998-06-28,
1998-06-29,
1998-06-30,
1998-07-01,
1998-07-02,
1998-07-03,
1998-07-04,
1998-07-05,
1998-07-06,
1998-07-07,
1998-07-08,
1998-07-09,
1998-07-10,
1998-07-11,
1998-07-12,
1998-07-13,
1998-07-14,
1998-07-15,
1998-07-16,
1998-07-17,
1998-07-18,
1998-07-19,
1998-07-20,
1998-07-21,
1998-07-22,
1998-07-23,
1998-07-24,
1998-07-25,
1998-07-26,
1998-07-27,
1998-07-28,
1998-07-29,
1998-07-30,
1998-07-31,
1998-08-01,
1998-08-02,
1998-08-03,
1998-08-04,
1998-08-05,
1998-08-06,
1998-08-07,
1998-08-08,
1998-08-09,
1998-08-10,
1998-08-11,
1998-08-12,
1998-08-13,
1998-08-14,
1998-08-15,
1998-08-16,
1998-08-17,
1998-08-18,
1998-08-19,
1998-08-20,
1998-08-21,
1998-08-22,
1998-08-23,
1998-08-24,
1998-08-25,
1998-08-26,
1998-08-27,
1998-08-28,
1998-08-29,
1998-08-30,
1998-08-31,
1998-09-01,
1998-09-02,
1998-09-03,
1998-09-04,
1998-09-05,
1998-09-06,
1998-09-07,
1998-09-08,
1998-09-09,
1998-09-10,
1998-09-11,
1998-09-12,
1998-09-13,
1998-09-14,
1998-09-15,
1998-09-16,
1998-09-17,
1998-09-18,
1998-09-19,
1998-09-20,
1998-09-21,
1998-09-22,
1998-09-23,
1998-09-24,
1998-09-25,
1998-09-26,
1998-09-27,
1998-09-28,
1998-09-29,
1998-09-30,
1998-10-01,
1998-10-02,
1998-10-03,
1998-10-04,
1998-10-05,
1998-10-06,
1998-10-07,
1998-10-08,
1998-10-09,
1998-10-10,
1998-10-11,
1998-10-12,
1998-10-13,
1998-10-14,
1998-10-15,
1998-10-16,
1998-10-17,
1998-10-18,
1998-10-19,
1998-10-20,
1998-10-21,
1998-10-22,
1998-10-23,
1998-10-24,
1998-10-25,
1998-10-26,
1998-10-27,
1998-10-28,
1998-10-29,
1998-10-30,
1998-10-31,
1998-11-01,
1998-11-02,
1998-11-03,
1998-11-04,
1998-11-05,
1998-11-06,
1998-11-07,
1998-11-08,
1998-11-09,
1998-11-10,
1998-11-11,
1998-11-12,
1998-11-13,
1998-11-14,
1998-11-15,
1998-11-16,
1998-11-17,
1998-11-18,
1998-11-19,
1998-11-20,
1998-11-21,
1998-11-22,
1998-11-23,
1998-11-24,
1998-11-25,
1998-11-26,
1998-11-27,
1998-11-28,
1998-11-29,
1998-11-30,
1998-12-01,
1998-12-02,
1998-12-03,
1998-12-04,
1998-12-05,
1998-12-06,
1998-12-07,
1998-12-08,
1998-12-09,
1998-12-10,
1998-12-11,
1998-12-12,
1998-12-13,
1998-12-14,
1998-12-15,
1998-12-16,
1998-12-17,
1998-12-18,
1998-12-19,
1998-12-20,
1998-12-21,
1998-12-22,
1998-12-23,
1998-12-24,
1998-12-25,
1998-12-26,
1998-12-27,
1998-12-28,
1998-12-29,
1998-12-30,
1998-12-31,
1999-01-01,
1999-01-02,
1999-01-03,
1999-01-04,
1999-01-05,
1999-01-06,
1999-01-07,
1999-01-08,
1999-01-09,
1999-01-10,
1999-01-11,
1999-01-12,
1999-01-13,
1999-01-14,
1999-01-15,
1999-01-16,
1999-01-17,
1999-01-18,
1999-01-19,
1999-01-20,
1999-01-21,
1999-01-22,
1999-01-23,
1999-01-24,
1999-01-25,
1999-01-26,
1999-01-27,
1999-01-28,
1999-01-29,
1999-01-30,
1999-01-31,
1999-02-01,
1999-02-02,
1999-02-03,
1999-02-04,
1999-02-05,
1999-02-06,
1999-02-07,
1999-02-08,
1999-02-09,
1999-02-10,
1999-02-11,
1999-02-12,
1999-02-13,
1999-02-14,
1999-02-15,
1999-02-16,
1999-02-17,
1999-02-18,
1999-02-19,
1999-02-20,
1999-02-21,
1999-02-22,
1999-02-23,
1999-02-24,
1999-02-25,
1999-02-26,
1999-02-27,
1999-02-28,
1999-03-01,
1999-03-02,
1999-03-03,
1999-03-04,
1999-03-05,
1999-03-06,
1999-03-07,
1999-03-08,
1999-03-09,
1999-03-10,
1999-03-11,
1999-03-12,
1999-03-13,
1999-03-14,
1999-03-15,
1999-03-16,
1999-03-17,
1999-03-18,
1999-03-19,
1999-03-20,
1999-03-21,
1999-03-22,
1999-03-23,
1999-03-24,
1999-03-25,
1999-03-26,
1999-03-27,
1999-03-28,
1999-03-29,
1999-03-30,
1999-03-31,
1999-04-01,
1999-04-02,
1999-04-03,
1999-04-04,
1999-04-05,
1999-04-06,
1999-04-07,
1999-04-08,
1999-04-09,
1999-04-10,
1999-04-11,
1999-04-12,
1999-04-13,
1999-04-14,
1999-04-15,
1999-04-16,
1999-04-17,
1999-04-18,
1999-04-19,
1999-04-20,
1999-04-21,
1999-04-22,
1999-04-23,
1999-04-24,
1999-04-25,
1999-04-26,
1999-04-27,
1999-04-28,
1999-04-29,
1999-04-30,
1999-05-01,
1999-05-02,
1999-05-03,
1999-05-04,
1999-05-05,
1999-05-06,
1999-05-07,
1999-05-08,
1999-05-09,
1999-05-10,
1999-05-11,
1999-05-12,
1999-05-13,
1999-05-14,
1999-05-15,
1999-05-16,
1999-05-17,
1999-05-18,
1999-05-19,
1999-05-20,
1999-05-21,
1999-05-22,
1999-05-23,
1999-05-24,
1999-05-25,
1999-05-26,
1999-05-27,
1999-05-28,
1999-05-29,
1999-05-30,
1999-05-31,
1999-06-01,
1999-06-02,
1999-06-03,
1999-06-04,
1999-06-05,
1999-06-06,
1999-06-07,
1999-06-08,
1999-06-09,
1999-06-10,
1999-06-11,
1999-06-12,
1999-06-13,
1999-06-14,
1999-06-15,
1999-06-16,
1999-06-17,
1999-06-18,
1999-06-19,
1999-06-20,
1999-06-21,
1999-06-22,
1999-06-23,
1999-06-24,
1999-06-25,
1999-06-26,
1999-06-27,
1999-06-28,
1999-06-29,
1999-06-30,
1999-07-01,
1999-07-02,
1999-07-03,
1999-07-04,
1999-07-05,
1999-07-06,
1999-07-07,
1999-07-08,
1999-07-09,
1999-07-10,
1999-07-11,
1999-07-12,
1999-07-13,
1999-07-14,
1999-07-15,
1999-07-16,
1999-07-17,
1999-07-18,
1999-07-19,
1999-07-20,
1999-07-21,
1999-07-22,
1999-07-23,
1999-07-24,
1999-07-25,
1999-07-26,
1999-07-27,
1999-07-28,
1999-07-29,
1999-07-30,
1999-07-31,
1999-08-01,
1999-08-02,
1999-08-03,
1999-08-04,
1999-08-05,
1999-08-06,
1999-08-07,
1999-08-08,
1999-08-09,
1999-08-10,
1999-08-11,
1999-08-12,
1999-08-13,
1999-08-14,
1999-08-15,
1999-08-16,
1999-08-17,
1999-08-18,
1999-08-19,
1999-08-20,
1999-08-21,
1999-08-22,
1999-08-23,
1999-08-24,
1999-08-25,
1999-08-26,
1999-08-27,
1999-08-28,
1999-08-29,
1999-08-30,
1999-08-31,
1999-09-01,
1999-09-02,
1999-09-03,
1999-09-04,
1999-09-05,
1999-09-06,
1999-09-07,
1999-09-08,
1999-09-09,
1999-09-10,
1999-09-11,
1999-09-12,
1999-09-13,
1999-09-14,
1999-09-15,
1999-09-16,
1999-09-17,
1999-09-18,
1999-09-19,
1999-09-20,
1999-09-21,
1999-09-22,
1999-09-23,
1999-09-24,
1999-09-25,
1999-09-26,
1999-09-27,
1999-09-28,
1999-09-29,
1999-09-30,
1999-10-01,
1999-10-02,
1999-10-03,
1999-10-04,
1999-10-05,
1999-10-06,
1999-10-07,
1999-10-08,
1999-10-09,
1999-10-10,
1999-10-11,
1999-10-12,
1999-10-13,
1999-10-14,
1999-10-15,
1999-10-16,
1999-10-17,
1999-10-18,
1999-10-19,
1999-10-20,
1999-10-21,
1999-10-22,
1999-10-23,
1999-10-24,
1999-10-25,
1999-10-26,
1999-10-27,
1999-10-28,
1999-10-29,
1999-10-30,
1999-10-31,
1999-11-01,
1999-11-02,
1999-11-03,
1999-11-04,
1999-11-05,
1999-11-06,
1999-11-07,
1999-11-08,
1999-11-09,
1999-11-10,
1999-11-11,
1999-11-12,
1999-11-13,
1999-11-14,
1999-11-15,
1999-11-16,
1999-11-17,
1999-11-18,
1999-11-19,
1999-11-20,
1999-11-21,
1999-11-22,
1999-11-23,
1999-11-24,
1999-11-25,
1999-11-26,
1999-11-27,
1999-11-28,
1999-11-29,
1999-11-30,
1999-12-01,
1999-12-02,
1999-12-03,
1999-12-04,
1999-12-05,
1999-12-06,
1999-12-07,
1999-12-08,
1999-12-09,
1999-12-10,
1999-12-11,
1999-12-12,
1999-12-13,
1999-12-14,
1999-12-15,
1999-12-16,
1999-12-17,
1999-12-18,
1999-12-19,
1999-12-20,
1999-12-21,
1999-12-22,
1999-12-23,
1999-12-24,
1999-12-25,
1999-12-26,
1999-12-27,
1999-12-28,
1999-12-29,
1999-12-30,
1999-12-31,
2000-01-01,
2000-01-02,
2000-01-03,
2000-01-04,
2000-01-05,
2000-01-06,
2000-01-07,
2000-01-08,
2000-01-09,
2000-01-10,
2000-01-11,
2000-01-12,
2000-01-13,
2000-01-14,
2000-01-15,
2000-01-16,
2000-01-17,
2000-01-18,
2000-01-19,
2000-01-20,
2000-01-21,
2000-01-22,
2000-01-23,
2000-01-24,
2000-01-25,
2000-01-26,
2000-01-27,
2000-01-28,
2000-01-29,
2000-01-30,
2000-01-31,
2000-02-01,
2000-02-02,
2000-02-03,
2000-02-04,
2000-02-05,
2000-02-06,
2000-02-07,
2000-02-08,
2000-02-09,
2000-02-10,
2000-02-11,
2000-02-12,
2000-02-13,
2000-02-14,
2000-02-15,
2000-02-16,
2000-02-17,
2000-02-18,
2000-02-19,
2000-02-20,
2000-02-21,
2000-02-22,
2000-02-23,
2000-02-24,
2000-02-25,
2000-02-26,
2000-02-27,
2000-02-28,
2000-02-29,
2000-03-01,
2000-03-02,
2000-03-03,
2000-03-04,
2000-03-05,
2000-03-06,
2000-03-07,
2000-03-08,
2000-03-09,
2000-03-10,
2000-03-11,
2000-03-12,
2000-03-13,
2000-03-14,
2000-03-15,
2000-03-16,
2000-03-17,
2000-03-18,
2000-03-19,
2000-03-20,
2000-03-21,
2000-03-22,
2000-03-23,
2000-03-24,
2000-03-25,
2000-03-26,
2000-03-27,
2000-03-28,
2000-03-29,
2000-03-30,
2000-03-31,
2000-04-01,
2000-04-02,
2000-04-03,
2000-04-04,
2000-04-05,
2000-04-06,
2000-04-07,
2000-04-08,
2000-04-09,
2000-04-10,
2000-04-11,
2000-04-12,
2000-04-13,
2000-04-14,
2000-04-15,
2000-04-16,
2000-04-17,
2000-04-18,
2000-04-19,
2000-04-20,
2000-04-21,
2000-04-22,
2000-04-23,
2000-04-24,
2000-04-25,
2000-04-26,
2000-04-27,
2000-04-28,
2000-04-29,
2000-04-30,
2000-05-01,
2000-05-02,
2000-05-03,
2000-05-04,
2000-05-05,
2000-05-06,
2000-05-07,
2000-05-08,
2000-05-09,
2000-05-10,
2000-05-11,
2000-05-12,
2000-05-13,
2000-05-14,
2000-05-15,
2000-05-16,
2000-05-17,
2000-05-18,
2000-05-19,
2000-05-20,
2000-05-21,
2000-05-22,
2000-05-23,
2000-05-24,
2000-05-25,
2000-05-26,
2000-05-27,
2000-05-28,
2000-05-29,
2000-05-30,
2000-05-31,
2000-06-01,
2000-06-02,
2000-06-03,
2000-06-04,
2000-06-05,
2000-06-06,
2000-06-07,
2000-06-08,
2000-06-09,
2000-06-10,
2000-06-11,
2000-06-12,
2000-06-13,
2000-06-14,
2000-06-15,
2000-06-16,
2000-06-17,
2000-06-18,
2000-06-19,
2000-06-20,
2000-06-21,
2000-06-22,
2000-06-23,
2000-06-24,
2000-06-25,
2000-06-26,
2000-06-27,
2000-06-28,
2000-06-29,
2000-06-30,
2000-07-01,
2000-07-02,
2000-07-03,
2000-07-04,
2000-07-05,
2000-07-06,
2000-07-07,
2000-07-08,
2000-07-09,
2000-07-10,
2000-07-11,
2000-07-12,
2000-07-13,
2000-07-14,
2000-07-15,
2000-07-16,
2000-07-17,
2000-07-18,
2000-07-19,
2000-07-20,
2000-07-21,
2000-07-22,
2000-07-23,
2000-07-24,
2000-07-25,
2000-07-26,
2000-07-27,
2000-07-28,
2000-07-29,
2000-07-30,
2000-07-31,
2000-08-01,
2000-08-02,
2000-08-03,
2000-08-04,
2000-08-05,
2000-08-06,
2000-08-07,
2000-08-08,
2000-08-09,
2000-08-10,
2000-08-11,
2000-08-12,
2000-08-13,
2000-08-14,
2000-08-15,
2000-08-16,
2000-08-17,
2000-08-18,
2000-08-19,
2000-08-20,
2000-08-21,
2000-08-22,
2000-08-23,
2000-08-24,
2000-08-25,
2000-08-26,
2000-08-27,
2000-08-28,
2000-08-29,
2000-08-30,
2000-08-31,
2000-09-01,
2000-09-02,
2000-09-03,
2000-09-04,
2000-09-05,
2000-09-06,
2000-09-07,
2000-09-08,
2000-09-09,
2000-09-10,
2000-09-11,
2000-09-12,
2000-09-13,
2000-09-14,
2000-09-15,
2000-09-16,
2000-09-17,
2000-09-18,
2000-09-19,
2000-09-20,
2000-09-21,
2000-09-22,
2000-09-23,
2000-09-24,
2000-09-25,
2000-09-26,
2000-09-27,
2000-09-28,
2000-09-29,
2000-09-30,
2000-10-01,
2000-10-02,
2000-10-03,
2000-10-04,
2000-10-05,
2000-10-06,
2000-10-07,
2000-10-08,
2000-10-09,
2000-10-10,
2000-10-11,
2000-10-12,
2000-10-13,
2000-10-14,
2000-10-15,
2000-10-16,
2000-10-17,
2000-10-18,
2000-10-19,
2000-10-20,
2000-10-21,
2000-10-22,
2000-10-23,
2000-10-24,
2000-10-25,
2000-10-26,
2000-10-27,
2000-10-28,
2000-10-29,
2000-10-30,
2000-10-31,
2000-11-01,
2000-11-02,
2000-11-03,
2000-11-04,
2000-11-05,
2000-11-06,
2000-11-07,
2000-11-08,
2000-11-09,
2000-11-10,
2000-11-11,
2000-11-12,
2000-11-13,
2000-11-14,
2000-11-15,
2000-11-16,
2000-11-17,
2000-11-18,
2000-11-19,
2000-11-20,
2000-11-21,
2000-11-22,
2000-11-23,
2000-11-24,
2000-11-25,
2000-11-26,
2000-11-27,
2000-11-28,
2000-11-29,
2000-11-30,
2000-12-01,
2000-12-02,
2000-12-03,
2000-12-04,
2000-12-05,
2000-12-06,
2000-12-07,
2000-12-08,
2000-12-09,
2000-12-10,
2000-12-11,
2000-12-12,
2000-12-13,
2000-12-14,
2000-12-15,
2000-12-16,
2000-12-17,
2000-12-18,
2000-12-19,
2000-12-20,
2000-12-21,
2000-12-22,
2000-12-23,
2000-12-24,
2000-12-25,
2000-12-26,
2000-12-27,
2000-12-28,
2000-12-29,
2000-12-30,
2000-12-31,
2001-01-01,
2001-01-02,
2001-01-03,
2001-01-04,
2001-01-05,
2001-01-06,
2001-01-07,
2001-01-08,
2001-01-09,
2001-01-10,
2001-01-11,
2001-01-12,
2001-01-13,
2001-01-14,
2001-01-15,
2001-01-16,
2001-01-17,
2001-01-18,
2001-01-19,
2001-01-20,
2001-01-21,
2001-01-22,
2001-01-23,
2001-01-24,
2001-01-25,
2001-01-26,
2001-01-27,
2001-01-28,
2001-01-29,
2001-01-30,
2001-01-31,
2001-02-01,
2001-02-02,
2001-02-03,
2001-02-04,
2001-02-05,
2001-02-06,
2001-02-07,
2001-02-08,
2001-02-09,
2001-02-10,
2001-02-11,
2001-02-12,
2001-02-13,
2001-02-14,
2001-02-15,
2001-02-16,
2001-02-17,
2001-02-18,
2001-02-19,
2001-02-20,
2001-02-21,
2001-02-22,
2001-02-23,
2001-02-24,
2001-02-25,
2001-02-26,
2001-02-27,
2001-02-28,
2001-03-01,
2001-03-02,
2001-03-03,
2001-03-04,
2001-03-05,
2001-03-06,
2001-03-07,
2001-03-08,
2001-03-09,
2001-03-10,
2001-03-11,
2001-03-12,
2001-03-13,
2001-03-14,
2001-03-15,
2001-03-16,
2001-03-17,
2001-03-18,
2001-03-19,
2001-03-20,
2001-03-21,
2001-03-22,
2001-03-23,
2001-03-24,
2001-03-25,
2001-03-26,
2001-03-27,
2001-03-28,
2001-03-29,
2001-03-30,
2001-03-31,
2001-04-01,
2001-04-02,
2001-04-03,
2001-04-04,
2001-04-05,
2001-04-06,
2001-04-07,
2001-04-08,
2001-04-09,
2001-04-10,
2001-04-11,
2001-04-12,
2001-04-13,
2001-04-14,
2001-04-15,
2001-04-16,
2001-04-17,
2001-04-18,
2001-04-19,
2001-04-20,
2001-04-21,
2001-04-22,
2001-04-23,
2001-04-24,
2001-04-25,
2001-04-26,
2001-04-27,
2001-04-28,
2001-04-29,
2001-04-30,
2001-05-01,
2001-05-02,
2001-05-03,
2001-05-04,
2001-05-05,
2001-05-06,
2001-05-07,
2001-05-08,
2001-05-09,
2001-05-10,
2001-05-11,
2001-05-12,
2001-05-13,
2001-05-14,
2001-05-15,
2001-05-16,
2001-05-17,
2001-05-18,
2001-05-19,
2001-05-20,
2001-05-21,
2001-05-22,
2001-05-23,
2001-05-24,
2001-05-25,
2001-05-26,
2001-05-27,
2001-05-28,
2001-05-29,
2001-05-30,
2001-05-31,
2001-06-01,
2001-06-02,
2001-06-03,
2001-06-04,
2001-06-05,
2001-06-06,
2001-06-07,
2001-06-08,
2001-06-09,
2001-06-10,
2001-06-11,
2001-06-12,
2001-06-13,
2001-06-14,
2001-06-15,
2001-06-16,
2001-06-17,
2001-06-18,
2001-06-19,
2001-06-20,
2001-06-21,
2001-06-22,
2001-06-23,
2001-06-24,
2001-06-25,
2001-06-26,
2001-06-27,
2001-06-28,
2001-06-29,
2001-06-30,
2001-07-01,
2001-07-02,
2001-07-03,
2001-07-04,
2001-07-05,
2001-07-06,
2001-07-07,
2001-07-08,
2001-07-09,
2001-07-10,
2001-07-11,
2001-07-12,
2001-07-13,
2001-07-14,
2001-07-15,
2001-07-16,
2001-07-17,
2001-07-18,
2001-07-19,
2001-07-20,
2001-07-21,
2001-07-22,
2001-07-23,
2001-07-24,
2001-07-25,
2001-07-26,
2001-07-27,
2001-07-28,
2001-07-29,
2001-07-30,
2001-07-31,
2001-08-01,
2001-08-02,
2001-08-03,
2001-08-04,
2001-08-05,
2001-08-06,
2001-08-07,
2001-08-08,
2001-08-09,
2001-08-10,
2001-08-11,
2001-08-12,
2001-08-13,
2001-08-14,
2001-08-15,
2001-08-16,
2001-08-17,
2001-08-18,
2001-08-19,
2001-08-20,
2001-08-21,
2001-08-22,
2001-08-23,
2001-08-24,
2001-08-25,
2001-08-26,
2001-08-27,
2001-08-28,
2001-08-29,
2001-08-30,
2001-08-31,
2001-09-01,
2001-09-02,
2001-09-03,
2001-09-04,
2001-09-05,
2001-09-06,
2001-09-07,
2001-09-08,
2001-09-09,
2001-09-10,
2001-09-11,
2001-09-12,
2001-09-13,
2001-09-14,
2001-09-15,
2001-09-16,
2001-09-17,
2001-09-18,
2001-09-19,
2001-09-20,
2001-09-21,
2001-09-22,
2001-09-23,
2001-09-24,
2001-09-25,
2001-09-26,
2001-09-27,
2001-09-28,
2001-09-29,
2001-09-30,
2001-10-01,
2001-10-02,
2001-10-03,
2001-10-04,
2001-10-05,
2001-10-06,
2001-10-07,
2001-10-08,
2001-10-09,
2001-10-10,
2001-10-11,
2001-10-12,
2001-10-13,
2001-10-14,
2001-10-15,
2001-10-16,
2001-10-17,
2001-10-18,
2001-10-19,
2001-10-20,
2001-10-21,
2001-10-22,
2001-10-23,
2001-10-24,
2001-10-25,
2001-10-26,
2001-10-27,
2001-10-28,
2001-10-29,
2001-10-30,
2001-10-31,
2001-11-01,
2001-11-02,
2001-11-03,
2001-11-04,
2001-11-05,
2001-11-06,
2001-11-07,
2001-11-08,
2001-11-09,
2001-11-10,
2001-11-11,
2001-11-12,
2001-11-13,
2001-11-14,
2001-11-15,
2001-11-16,
2001-11-17,
2001-11-18,
2001-11-19,
2001-11-20,
2001-11-21,
2001-11-22,
2001-11-23,
2001-11-24,
2001-11-25,
2001-11-26,
2001-11-27,
2001-11-28,
2001-11-29,
2001-11-30,
2001-12-01,
2001-12-02,
2001-12-03,
2001-12-04,
2001-12-05,
2001-12-06,
2001-12-07,
2001-12-08,
2001-12-09,
2001-12-10,
2001-12-11,
2001-12-12,
2001-12-13,
2001-12-14,
2001-12-15,
2001-12-16,
2001-12-17,
2001-12-18,
2001-12-19,
2001-12-20,
2001-12-21,
2001-12-22,
2001-12-23,
2001-12-24,
2001-12-25,
2001-12-26,
2001-12-27,
2001-12-28,
2001-12-29,
2001-12-30,
2001-12-31,
2002-01-01,
2002-01-02,
2002-01-03,
2002-01-04,
2002-01-05,
2002-01-06,
2002-01-07,
2002-01-08,
2002-01-09,
2002-01-10,
2002-01-11,
2002-01-12,
2002-01-13,
2002-01-14,
2002-01-15,
2002-01-16,
2002-01-17,
2002-01-18,
2002-01-19,
2002-01-20,
2002-01-21,
2002-01-22,
2002-01-23,
2002-01-24,
2002-01-25,
2002-01-26,
2002-01-27,
2002-01-28,
2002-01-29,
2002-01-30,
2002-01-31,
2002-02-01,
2002-02-02,
2002-02-03,
2002-02-04,
2002-02-05,
2002-02-06,
2002-02-07,
2002-02-08,
2002-02-09,
2002-02-10,
2002-02-11,
2002-02-12,
2002-02-13,
2002-02-14,
2002-02-15,
2002-02-16,
2002-02-17,
2002-02-18,
2002-02-19,
2002-02-20,
2002-02-21,
2002-02-22,
2002-02-23,
2002-02-24,
2002-02-25,
2002-02-26,
2002-02-27,
2002-02-28,
2002-03-01,
2002-03-02,
2002-03-03,
2002-03-04,
2002-03-05,
2002-03-06,
2002-03-07,
2002-03-08,
2002-03-09,
2002-03-10,
2002-03-11,
2002-03-12,
2002-03-13,
2002-03-14,
2002-03-15,
2002-03-16,
2002-03-17,
2002-03-18,
2002-03-19,
2002-03-20,
2002-03-21,
2002-03-22,
2002-03-23,
2002-03-24,
2002-03-25,
2002-03-26,
2002-03-27,
2002-03-28,
2002-03-29,
2002-03-30,
2002-03-31,
2002-04-01,
2002-04-02,
2002-04-03,
2002-04-04,
2002-04-05,
2002-04-06,
2002-04-07,
2002-04-08,
2002-04-09,
2002-04-10,
2002-04-11,
2002-04-12,
2002-04-13,
2002-04-14,
2002-04-15,
2002-04-16,
2002-04-17,
2002-04-18,
2002-04-19,
2002-04-20,
2002-04-21,
2002-04-22,
2002-04-23,
2002-04-24,
2002-04-25,
2002-04-26,
2002-04-27,
2002-04-28,
2002-04-29,
2002-04-30,
2002-05-01,
2002-05-02,
2002-05-03,
2002-05-04,
2002-05-05,
2002-05-06,
2002-05-07,
2002-05-08,
2002-05-09,
2002-05-10,
2002-05-11,
2002-05-12,
2002-05-13,
2002-05-14,
2002-05-15,
2002-05-16,
2002-05-17,
2002-05-18,
2002-05-19,
2002-05-20,
2002-05-21,
2002-05-22,
2002-05-23,
2002-05-24,
2002-05-25,
2002-05-26,
2002-05-27,
2002-05-28,
2002-05-29,
2002-05-30,
2002-05-31,
2002-06-01,
2002-06-02,
2002-06-03,
2002-06-04,
2002-06-05,
2002-06-06,
2002-06-07,
2002-06-08,
2002-06-09,
2002-06-10,
2002-06-11,
2002-06-12,
2002-06-13,
2002-06-14,
2002-06-15,
2002-06-16,
2002-06-17,
2002-06-18,
2002-06-19,
2002-06-20,
2002-06-21,
2002-06-22,
2002-06-23,
2002-06-24,
2002-06-25,
2002-06-26,
2002-06-27,
2002-06-28,
2002-06-29,
2002-06-30,
2002-07-01,
2002-07-02,
2002-07-03,
2002-07-04,
2002-07-05,
2002-07-06,
2002-07-07,
2002-07-08,
2002-07-09,
2002-07-10,
2002-07-11,
2002-07-12,
2002-07-13,
2002-07-14,
2002-07-15,
2002-07-16,
2002-07-17,
2002-07-18,
2002-07-19,
2002-07-20,
2002-07-21,
2002-07-22,
2002-07-23,
2002-07-24,
2002-07-25,
2002-07-26,
2002-07-27,
2002-07-28,
2002-07-29,
2002-07-30,
2002-07-31,
2002-08-01,
2002-08-02,
2002-08-03,
2002-08-04,
2002-08-05,
2002-08-06,
2002-08-07,
2002-08-08,
2002-08-09,
2002-08-10,
2002-08-11,
2002-08-12,
2002-08-13,
2002-08-14,
2002-08-15,
2002-08-16,
2002-08-17,
2002-08-18,
2002-08-19,
2002-08-20,
2002-08-21,
2002-08-22,
2002-08-23,
2002-08-24,
2002-08-25,
2002-08-26,
2002-08-27,
2002-08-28,
2002-08-29,
2002-08-30,
2002-08-31,
2002-09-01,
2002-09-02,
2002-09-03,
2002-09-04,
2002-09-05,
2002-09-06,
2002-09-07,
2002-09-08,
2002-09-09,
2002-09-10,
2002-09-11,
2002-09-12,
2002-09-13,
2002-09-14,
2002-09-15,
2002-09-16,
2002-09-17,
2002-09-18,
2002-09-19,
2002-09-20,
2002-09-21,
2002-09-22,
2002-09-23,
2002-09-24,
2002-09-25,
2002-09-26,
2002-09-27,
2002-09-28,
2002-09-29,
2002-09-30,
2002-10-01,
2002-10-02,
2002-10-03,
2002-10-04,
2002-10-05,
2002-10-06,
2002-10-07,
2002-10-08,
2002-10-09,
2002-10-10,
2002-10-11,
2002-10-12,
2002-10-13,
2002-10-14,
2002-10-15,
2002-10-16,
2002-10-17,
2002-10-18,
2002-10-19,
2002-10-20,
2002-10-21,
2002-10-22,
2002-10-23,
2002-10-24,
2002-10-25,
2002-10-26,
2002-10-27,
2002-10-28,
2002-10-29,
2002-10-30,
2002-10-31,
2002-11-01,
2002-11-02,
2002-11-03,
2002-11-04,
2002-11-05,
2002-11-06,
2002-11-07,
2002-11-08,
2002-11-09,
2002-11-10,
2002-11-11,
2002-11-12,
2002-11-13,
2002-11-14,
2002-11-15,
2002-11-16,
2002-11-17,
2002-11-18,
2002-11-19,
2002-11-20,
2002-11-21,
2002-11-22,
2002-11-23,
2002-11-24,
2002-11-25,
2002-11-26,
2002-11-27,
2002-11-28,
2002-11-29,
2002-11-30,
2002-12-01,
2002-12-02,
2002-12-03,
2002-12-04,
2002-12-05,
2002-12-06,
2002-12-07,
2002-12-08,
2002-12-09,
2002-12-10,
2002-12-11,
2002-12-12,
2002-12-13,
2002-12-14,
2002-12-15,
2002-12-16,
2002-12-17,
2002-12-18,
2002-12-19,
2002-12-20,
2002-12-21,
2002-12-22,
2002-12-23,
2002-12-24,
2002-12-25,
2002-12-26,
2002-12-27,
2002-12-28,
2002-12-29,
2002-12-30,
2002-12-31,
2003-01-01,
2003-01-02,
2003-01-03,
2003-01-04,
2003-01-05,
2003-01-06,
2003-01-07,
2003-01-08,
2003-01-09,
2003-01-10,
2003-01-11,
2003-01-12,
2003-01-13,
2003-01-14,
2003-01-15,
2003-01-16,
2003-01-17,
2003-01-18,
2003-01-19,
2003-01-20,
2003-01-21,
2003-01-22,
2003-01-23,
2003-01-24,
2003-01-25,
2003-01-26,
2003-01-27,
2003-01-28,
2003-01-29,
2003-01-30,
2003-01-31,
2003-02-01,
2003-02-02,
2003-02-03,
2003-02-04,
2003-02-05,
2003-02-06,
2003-02-07,
2003-02-08,
2003-02-09,
2003-02-10,
2003-02-11,
2003-02-12,
2003-02-13,
2003-02-14,
2003-02-15,
2003-02-16,
2003-02-17,
2003-02-18,
2003-02-19,
2003-02-20,
2003-02-21,
2003-02-22,
2003-02-23,
2003-02-24,
2003-02-25,
2003-02-26,
2003-02-27,
2003-02-28,
2003-03-01,
2003-03-02,
2003-03-03,
2003-03-04,
2003-03-05,
2003-03-06,
2003-03-07,
2003-03-08,
2003-03-09,
2003-03-10,
2003-03-11,
2003-03-12,
2003-03-13,
2003-03-14,
2003-03-15,
2003-03-16,
2003-03-17,
2003-03-18,
2003-03-19,
2003-03-20,
2003-03-21,
2003-03-22,
2003-03-23,
2003-03-24,
2003-03-25,
2003-03-26,
2003-03-27,
2003-03-28,
2003-03-29,
2003-03-30,
2003-03-31,
2003-04-01,
2003-04-02,
2003-04-03,
2003-04-04,
2003-04-05,
2003-04-06,
2003-04-07,
2003-04-08,
2003-04-09,
2003-04-10,
2003-04-11,
2003-04-12,
2003-04-13,
2003-04-14,
2003-04-15,
2003-04-16,
2003-04-17,
2003-04-18,
2003-04-19,
2003-04-20,
2003-04-21,
2003-04-22,
2003-04-23,
2003-04-24,
2003-04-25,
2003-04-26,
2003-04-27,
2003-04-28,
2003-04-29,
2003-04-30,
2003-05-01,
2003-05-02,
2003-05-03,
2003-05-04,
2003-05-05,
2003-05-06,
2003-05-07,
2003-05-08,
2003-05-09,
2003-05-10,
2003-05-11,
2003-05-12,
2003-05-13,
2003-05-14,
2003-05-15,
2003-05-16,
2003-05-17,
2003-05-18,
2003-05-19,
2003-05-20,
2003-05-21,
2003-05-22,
2003-05-23,
2003-05-24,
2003-05-25,
2003-05-26,
2003-05-27,
2003-05-28,
2003-05-29,
2003-05-30,
2003-05-31,
2003-06-01,
2003-06-02,
2003-06-03,
2003-06-04,
2003-06-05,
2003-06-06,
2003-06-07,
2003-06-08,
2003-06-09,
2003-06-10,
2003-06-11,
2003-06-12,
2003-06-13,
2003-06-14,
2003-06-15,
2003-06-16,
2003-06-17,
2003-06-18,
2003-06-19,
2003-06-20,
2003-06-21,
2003-06-22,
2003-06-23,
2003-06-24,
2003-06-25,
2003-06-26,
2003-06-27,
2003-06-28,
2003-06-29,
2003-06-30,
2003-07-01,
2003-07-02,
2003-07-03,
2003-07-04,
2003-07-05,
2003-07-06,
2003-07-07,
2003-07-08,
2003-07-09,
2003-07-10,
2003-07-11,
2003-07-12,
2003-07-13,
2003-07-14,
2003-07-15,
2003-07-16,
2003-07-17,
2003-07-18,
2003-07-19,
2003-07-20,
2003-07-21,
2003-07-22,
2003-07-23,
2003-07-24,
2003-07-25,
2003-07-26,
2003-07-27,
2003-07-28,
2003-07-29,
2003-07-30,
2003-07-31,
2003-08-01,
2003-08-02,
2003-08-03,
2003-08-04,
2003-08-05,
2003-08-06,
2003-08-07,
2003-08-08,
2003-08-09,
2003-08-10,
2003-08-11,
2003-08-12,
2003-08-13,
2003-08-14,
2003-08-15,
2003-08-16,
2003-08-17,
2003-08-18,
2003-08-19,
2003-08-20,
2003-08-21,
2003-08-22,
2003-08-23,
2003-08-24,
2003-08-25,
2003-08-26,
2003-08-27,
2003-08-28,
2003-08-29,
2003-08-30,
2003-08-31,
2003-09-01,
2003-09-02,
2003-09-03,
2003-09-04,
2003-09-05,
2003-09-06,
2003-09-07,
2003-09-08,
2003-09-09,
2003-09-10,
2003-09-11,
2003-09-12,
2003-09-13,
2003-09-14,
2003-09-15,
2003-09-16,
2003-09-17,
2003-09-18,
2003-09-19,
2003-09-20,
2003-09-21,
2003-09-22,
2003-09-23,
2003-09-24,
2003-09-25,
2003-09-26,
2003-09-27,
2003-09-28,
2003-09-29,
2003-09-30,
2003-10-01,
2003-10-02,
2003-10-03,
2003-10-04,
2003-10-05,
2003-10-06,
2003-10-07,
2003-10-08,
2003-10-09,
2003-10-10,
2003-10-11,
2003-10-12,
2003-10-13,
2003-10-14,
2003-10-15,
2003-10-16,
2003-10-17,
2003-10-18,
2003-10-19,
2003-10-20,
2003-10-21,
2003-10-22,
2003-10-23,
2003-10-24,
2003-10-25,
2003-10-26,
2003-10-27,
2003-10-28,
2003-10-29,
2003-10-30,
2003-10-31,
2003-11-01,
2003-11-02,
2003-11-03,
2003-11-04,
2003-11-05,
2003-11-06,
2003-11-07,
2003-11-08,
2003-11-09,
2003-11-10,
2003-11-11,
2003-11-12,
2003-11-13,
2003-11-14,
2003-11-15,
2003-11-16,
2003-11-17,
2003-11-18,
2003-11-19,
2003-11-20,
2003-11-21,
2003-11-22,
2003-11-23,
2003-11-24,
2003-11-25,
2003-11-26,
2003-11-27,
2003-11-28,
2003-11-29,
2003-11-30,
2003-12-01,
2003-12-02,
2003-12-03,
2003-12-04,
2003-12-05,
2003-12-06,
2003-12-07,
2003-12-08,
2003-12-09,
2003-12-10,
2003-12-11,
2003-12-12,
2003-12-13,
2003-12-14,
2003-12-15,
2003-12-16,
2003-12-17,
2003-12-18,
2003-12-19,
2003-12-20,
2003-12-21,
2003-12-22,
2003-12-23,
2003-12-24,
2003-12-25,
2003-12-26,
2003-12-27,
2003-12-28,
2003-12-29,
2003-12-30,
2003-12-31,
2004-01-01,
2004-01-02,
2004-01-03,
2004-01-04,
2004-01-05,
2004-01-06,
2004-01-07,
2004-01-08,
2004-01-09,
2004-01-10,
2004-01-11,
2004-01-12,
2004-01-13,
2004-01-14,
2004-01-15,
2004-01-16,
2004-01-17,
2004-01-18,
2004-01-19,
2004-01-20,
2004-01-21,
2004-01-22,
2004-01-23,
2004-01-24,
2004-01-25,
2004-01-26,
2004-01-27,
2004-01-28,
2004-01-29,
2004-01-30,
2004-01-31,
2004-02-01,
2004-02-02,
2004-02-03,
2004-02-04,
2004-02-05,
2004-02-06,
2004-02-07,
2004-02-08,
2004-02-09,
2004-02-10,
2004-02-11,
2004-02-12,
2004-02-13,
2004-02-14,
2004-02-15,
2004-02-16,
2004-02-17,
2004-02-18,
2004-02-19,
2004-02-20,
2004-02-21,
2004-02-22,
2004-02-23,
2004-02-24,
2004-02-25,
2004-02-26,
2004-02-27,
2004-02-28,
2004-02-29,
2004-03-01,
2004-03-02,
2004-03-03,
2004-03-04,
2004-03-05,
2004-03-06,
2004-03-07,
2004-03-08,
2004-03-09,
2004-03-10,
2004-03-11,
2004-03-12,
2004-03-13,
2004-03-14,
2004-03-15,
2004-03-16,
2004-03-17,
2004-03-18,
2004-03-19,
2004-03-20,
2004-03-21,
2004-03-22,
2004-03-23,
2004-03-24,
2004-03-25,
2004-03-26,
2004-03-27,
2004-03-28,
2004-03-29,
2004-03-30,
2004-03-31,
2004-04-01,
2004-04-02,
2004-04-03,
2004-04-04,
2004-04-05,
2004-04-06,
2004-04-07,
2004-04-08,
2004-04-09,
2004-04-10,
2004-04-11,
2004-04-12,
2004-04-13,
2004-04-14,
2004-04-15,
2004-04-16,
2004-04-17,
2004-04-18,
2004-04-19,
2004-04-20,
2004-04-21,
2004-04-22,
2004-04-23,
2004-04-24,
2004-04-25,
2004-04-26,
2004-04-27,
2004-04-28,
2004-04-29,
2004-04-30,
2004-05-01,
2004-05-02,
2004-05-03,
2004-05-04,
2004-05-05,
2004-05-06,
2004-05-07,
2004-05-08,
2004-05-09,
2004-05-10,
2004-05-11,
2004-05-12,
2004-05-13,
2004-05-14,
2004-05-15,
2004-05-16,
2004-05-17,
2004-05-18,
2004-05-19,
2004-05-20,
2004-05-21,
2004-05-22,
2004-05-23,
2004-05-24,
2004-05-25,
2004-05-26,
2004-05-27,
2004-05-28,
2004-05-29,
2004-05-30,
2004-05-31,
2004-06-01,
2004-06-02,
2004-06-03,
2004-06-04,
2004-06-05,
2004-06-06,
2004-06-07,
2004-06-08,
2004-06-09,
2004-06-10,
2004-06-11,
2004-06-12,
2004-06-13,
2004-06-14,
2004-06-15,
2004-06-16,
2004-06-17,
2004-06-18,
2004-06-19,
2004-06-20,
2004-06-21,
2004-06-22,
2004-06-23,
2004-06-24,
2004-06-25,
2004-06-26,
2004-06-27,
2004-06-28,
2004-06-29,
2004-06-30,
2004-07-01,
2004-07-02,
2004-07-03,
2004-07-04,
2004-07-05,
2004-07-06,
2004-07-07,
2004-07-08,
2004-07-09,
2004-07-10,
2004-07-11,
2004-07-12,
2004-07-13,
2004-07-14,
2004-07-15,
2004-07-16,
2004-07-17,
2004-07-18,
2004-07-19,
2004-07-20,
2004-07-21,
2004-07-22,
2004-07-23,
2004-07-24,
2004-07-25,
2004-07-26,
2004-07-27,
2004-07-28,
2004-07-29,
2004-07-30,
2004-07-31,
2004-08-01,
2004-08-02,
2004-08-03,
2004-08-04,
2004-08-05,
2004-08-06,
2004-08-07,
2004-08-08,
2004-08-09,
2004-08-10,
2004-08-11,
2004-08-12,
2004-08-13,
2004-08-14,
2004-08-15,
2004-08-16,
2004-08-17,
2004-08-18,
2004-08-19,
2004-08-20,
2004-08-21,
2004-08-22,
2004-08-23,
2004-08-24,
2004-08-25,
2004-08-26,
2004-08-27,
2004-08-28,
2004-08-29,
2004-08-30,
2004-08-31,
2004-09-01,
2004-09-02,
2004-09-03,
2004-09-04,
2004-09-05,
2004-09-06,
2004-09-07,
2004-09-08,
2004-09-09,
2004-09-10,
2004-09-11,
2004-09-12,
2004-09-13,
2004-09-14,
2004-09-15,
2004-09-16,
2004-09-17,
2004-09-18,
2004-09-19,
2004-09-20,
2004-09-21,
2004-09-22,
2004-09-23,
2004-09-24,
2004-09-25,
2004-09-26,
2004-09-27,
2004-09-28,
2004-09-29,
2004-09-30,
2004-10-01,
2004-10-02,
2004-10-03,
2004-10-04,
2004-10-05,
2004-10-06,
2004-10-07,
2004-10-08,
2004-10-09,
2004-10-10,
2004-10-11,
2004-10-12,
2004-10-13,
2004-10-14,
2004-10-15,
2004-10-16,
2004-10-17,
2004-10-18,
2004-10-19,
2004-10-20,
2004-10-21,
2004-10-22,
2004-10-23,
2004-10-24,
2004-10-25,
2004-10-26,
2004-10-27,
2004-10-28,
2004-10-29,
2004-10-30,
2004-10-31,
2004-11-01,
2004-11-02,
2004-11-03,
2004-11-04,
2004-11-05,
2004-11-06,
2004-11-07,
2004-11-08,
2004-11-09,
2004-11-10,
2004-11-11,
2004-11-12,
2004-11-13,
2004-11-14,
2004-11-15,
2004-11-16,
2004-11-17,
2004-11-18,
2004-11-19,
2004-11-20,
2004-11-21,
2004-11-22,
2004-11-23,
2004-11-24,
2004-11-25,
2004-11-26,
2004-11-27,
2004-11-28,
2004-11-29,
2004-11-30,
2004-12-01,
2004-12-02,
2004-12-03,
2004-12-04,
2004-12-05,
2004-12-06,
2004-12-07,
2004-12-08,
2004-12-09,
2004-12-10,
2004-12-11,
2004-12-12,
2004-12-13,
2004-12-14,
2004-12-15,
2004-12-16,
2004-12-17,
2004-12-18,
2004-12-19,
2004-12-20,
2004-12-21,
2004-12-22,
2004-12-23,
2004-12-24,
2004-12-25,
2004-12-26,
2004-12-27,
2004-12-28,
2004-12-29,
2004-12-30,
2004-12-31,
2005-01-01,
2005-01-02,
2005-01-03,
2005-01-04,
2005-01-05,
2005-01-06,
2005-01-07,
2005-01-08,
2005-01-09,
2005-01-10,
2005-01-11,
2005-01-12,
2005-01-13,
2005-01-14,
2005-01-15,
2005-01-16,
2005-01-17,
2005-01-18,
2005-01-19,
2005-01-20,
2005-01-21,
2005-01-22,
2005-01-23,
2005-01-24,
2005-01-25,
2005-01-26,
2005-01-27,
2005-01-28,
2005-01-29,
2005-01-30,
2005-01-31,
2005-02-01,
2005-02-02,
2005-02-03,
2005-02-04,
2005-02-05,
2005-02-06,
2005-02-07,
2005-02-08,
2005-02-09,
2005-02-10,
2005-02-11,
2005-02-12,
2005-02-13,
2005-02-14,
2005-02-15,
2005-02-16,
2005-02-17,
2005-02-18,
2005-02-19,
2005-02-20,
2005-02-21,
2005-02-22,
2005-02-23,
2005-02-24,
2005-02-25,
2005-02-26,
2005-02-27,
2005-02-28,
2005-03-01,
2005-03-02,
2005-03-03,
2005-03-04,
2005-03-05,
2005-03-06,
2005-03-07,
2005-03-08,
2005-03-09,
2005-03-10,
2005-03-11,
2005-03-12,
2005-03-13,
2005-03-14,
2005-03-15,
2005-03-16,
2005-03-17,
2005-03-18,
2005-03-19,
2005-03-20,
2005-03-21,
2005-03-22,
2005-03-23,
2005-03-24,
2005-03-25,
2005-03-26,
2005-03-27,
2005-03-28,
2005-03-29,
2005-03-30,
2005-03-31,
2005-04-01,
2005-04-02,
2005-04-03,
2005-04-04,
2005-04-05,
2005-04-06,
2005-04-07,
2005-04-08,
2005-04-09,
2005-04-10,
2005-04-11,
2005-04-12,
2005-04-13,
2005-04-14,
2005-04-15,
2005-04-16,
2005-04-17,
2005-04-18,
2005-04-19,
2005-04-20,
2005-04-21,
2005-04-22,
2005-04-23,
2005-04-24,
2005-04-25,
2005-04-26,
2005-04-27,
2005-04-28,
2005-04-29,
2005-04-30,
2005-05-01,
2005-05-02,
2005-05-03,
2005-05-04,
2005-05-05,
2005-05-06,
2005-05-07,
2005-05-08,
2005-05-09,
2005-05-10,
2005-05-11,
2005-05-12,
2005-05-13,
2005-05-14,
2005-05-15,
2005-05-16,
2005-05-17,
2005-05-18,
2005-05-19,
2005-05-20,
2005-05-21,
2005-05-22,
2005-05-23,
2005-05-24,
2005-05-25,
2005-05-26,
2005-05-27,
2005-05-28,
2005-05-29,
2005-05-30,
2005-05-31,
2005-06-01,
2005-06-02,
2005-06-03,
2005-06-04,
2005-06-05,
2005-06-06,
2005-06-07,
2005-06-08,
2005-06-09,
2005-06-10,
2005-06-11,
2005-06-12,
2005-06-13,
2005-06-14,
2005-06-15,
2005-06-16,
2005-06-17,
2005-06-18,
2005-06-19,
2005-06-20,
2005-06-21,
2005-06-22,
2005-06-23,
2005-06-24,
2005-06-25,
2005-06-26,
2005-06-27,
2005-06-28,
2005-06-29,
2005-06-30,
2005-07-01,
2005-07-02,
2005-07-03,
2005-07-04,
2005-07-05,
2005-07-06,
2005-07-07,
2005-07-08,
2005-07-09,
2005-07-10,
2005-07-11,
2005-07-12,
2005-07-13,
2005-07-14,
2005-07-15,
2005-07-16,
2005-07-17,
2005-07-18,
2005-07-19,
2005-07-20,
2005-07-21,
2005-07-22,
2005-07-23,
2005-07-24,
2005-07-25,
2005-07-26,
2005-07-27,
2005-07-28,
2005-07-29,
2005-07-30,
2005-07-31,
2005-08-01,
2005-08-02,
2005-08-03,
2005-08-04,
2005-08-05,
2005-08-06,
2005-08-07,
2005-08-08,
2005-08-09,
2005-08-10,
2005-08-11,
2005-08-12,
2005-08-13,
2005-08-14,
2005-08-15,
2005-08-16,
2005-08-17,
2005-08-18,
2005-08-19,
2005-08-20,
2005-08-21,
2005-08-22,
2005-08-23,
2005-08-24,
2005-08-25,
2005-08-26,
2005-08-27,
2005-08-28,
2005-08-29,
2005-08-30,
2005-08-31,
2005-09-01,
2005-09-02,
2005-09-03,
2005-09-04,
2005-09-05,
2005-09-06,
2005-09-07,
2005-09-08,
2005-09-09,
2005-09-10,
2005-09-11,
2005-09-12,
2005-09-13,
2005-09-14,
2005-09-15,
2005-09-16,
2005-09-17,
2005-09-18,
2005-09-19,
2005-09-20,
2005-09-21,
2005-09-22,
2005-09-23,
2005-09-24,
2005-09-25,
2005-09-26,
2005-09-27,
2005-09-28,
2005-09-29,
2005-09-30,
2005-10-01,
2005-10-02,
2005-10-03,
2005-10-04,
2005-10-05,
2005-10-06,
2005-10-07,
2005-10-08,
2005-10-09,
2005-10-10,
2005-10-11,
2005-10-12,
2005-10-13,
2005-10-14,
2005-10-15,
2005-10-16,
2005-10-17,
2005-10-18,
2005-10-19,
2005-10-20,
2005-10-21,
2005-10-22,
2005-10-23,
2005-10-24,
2005-10-25,
2005-10-26,
2005-10-27,
2005-10-28,
2005-10-29,
2005-10-30,
2005-10-31,
2005-11-01,
2005-11-02,
2005-11-03,
2005-11-04,
2005-11-05,
2005-11-06,
2005-11-07,
2005-11-08,
2005-11-09,
2005-11-10,
2005-11-11,
2005-11-12,
2005-11-13,
2005-11-14,
2005-11-15,
2005-11-16,
2005-11-17,
2005-11-18,
2005-11-19,
2005-11-20,
2005-11-21,
2005-11-22,
2005-11-23,
2005-11-24,
2005-11-25,
2005-11-26,
2005-11-27,
2005-11-28,
2005-11-29,
2005-11-30,
2005-12-01,
2005-12-02,
2005-12-03,
2005-12-04,
2005-12-05,
2005-12-06,
2005-12-07,
2005-12-08,
2005-12-09,
2005-12-10,
2005-12-11,
2005-12-12,
2005-12-13,
2005-12-14,
2005-12-15,
2005-12-16,
2005-12-17,
2005-12-18,
2005-12-19,
2005-12-20,
2005-12-21,
2005-12-22,
2005-12-23,
2005-12-24,
2005-12-25,
2005-12-26,
2005-12-27,
2005-12-28,
2005-12-29,
2005-12-30,
2005-12-31,
2006-01-01,
2006-01-02,
2006-01-03,
2006-01-04,
2006-01-05,
2006-01-06,
2006-01-07,
2006-01-08,
2006-01-09,
2006-01-10,
2006-01-11,
2006-01-12,
2006-01-13,
2006-01-14,
2006-01-15,
2006-01-16,
2006-01-17,
2006-01-18,
2006-01-19,
2006-01-20,
2006-01-21,
2006-01-22,
2006-01-23,
2006-01-24,
2006-01-25,
2006-01-26,
2006-01-27,
2006-01-28,
2006-01-29,
2006-01-30,
2006-01-31,
2006-02-01,
2006-02-02,
2006-02-03,
2006-02-04,
2006-02-05,
2006-02-06,
2006-02-07,
2006-02-08,
2006-02-09,
2006-02-10,
2006-02-11,
2006-02-12,
2006-02-13,
2006-02-14,
2006-02-15,
2006-02-16,
2006-02-17,
2006-02-18,
2006-02-19,
2006-02-20,
2006-02-21,
2006-02-22,
2006-02-23,
2006-02-24,
2006-02-25,
2006-02-26,
2006-02-27,
2006-02-28,
2006-03-01,
2006-03-02,
2006-03-03,
2006-03-04,
2006-03-05,
2006-03-06,
2006-03-07,
2006-03-08,
2006-03-09,
2006-03-10,
2006-03-11,
2006-03-12,
2006-03-13,
2006-03-14,
2006-03-15,
2006-03-16,
2006-03-17,
2006-03-18,
2006-03-19,
2006-03-20,
2006-03-21,
2006-03-22,
2006-03-23,
2006-03-24,
2006-03-25,
2006-03-26,
2006-03-27,
2006-03-28,
2006-03-29,
2006-03-30,
2006-03-31,
2006-04-01,
2006-04-02,
2006-04-03,
2006-04-04,
2006-04-05,
2006-04-06,
2006-04-07,
2006-04-08,
2006-04-09,
2006-04-10,
2006-04-11,
2006-04-12,
2006-04-13,
2006-04-14,
2006-04-15,
2006-04-16,
2006-04-17,
2006-04-18,
2006-04-19,
2006-04-20,
2006-04-21,
2006-04-22,
2006-04-23,
2006-04-24,
2006-04-25,
2006-04-26,
2006-04-27,
2006-04-28,
2006-04-29,
2006-04-30,
2006-05-01,
2006-05-02,
2006-05-03,
2006-05-04,
2006-05-05,
2006-05-06,
2006-05-07,
2006-05-08,
2006-05-09,
2006-05-10,
2006-05-11,
2006-05-12,
2006-05-13,
2006-05-14,
2006-05-15,
2006-05-16,
2006-05-17,
2006-05-18,
2006-05-19,
2006-05-20,
2006-05-21,
2006-05-22,
2006-05-23,
2006-05-24,
2006-05-25,
2006-05-26,
2006-05-27,
2006-05-28,
2006-05-29,
2006-05-30,
2006-05-31,
2006-06-01,
2006-06-02,
2006-06-03,
2006-06-04,
2006-06-05,
2006-06-06,
2006-06-07,
2006-06-08,
2006-06-09,
2006-06-10,
2006-06-11,
2006-06-12,
2006-06-13,
2006-06-14,
2006-06-15,
2006-06-16,
2006-06-17,
2006-06-18,
2006-06-19,
2006-06-20,
2006-06-21,
2006-06-22,
2006-06-23,
2006-06-24,
2006-06-25,
2006-06-26,
2006-06-27,
2006-06-28,
2006-06-29,
2006-06-30,
2006-07-01,
2006-07-02,
2006-07-03,
2006-07-04,
2006-07-05,
2006-07-06,
2006-07-07,
2006-07-08,
2006-07-09,
2006-07-10,
2006-07-11,
2006-07-12,
2006-07-13,
2006-07-14,
2006-07-15,
2006-07-16,
2006-07-17,
2006-07-18,
2006-07-19,
2006-07-20,
2006-07-21,
2006-07-22,
2006-07-23,
2006-07-24,
2006-07-25,
2006-07-26,
2006-07-27,
2006-07-28,
2006-07-29,
2006-07-30,
2006-07-31,
2006-08-01,
2006-08-02,
2006-08-03,
2006-08-04,
2006-08-05,
2006-08-06,
2006-08-07,
2006-08-08,
2006-08-09,
2006-08-10,
2006-08-11,
2006-08-12,
2006-08-13,
2006-08-14,
2006-08-15,
2006-08-16,
2006-08-17,
2006-08-18,
2006-08-19,
2006-08-20,
2006-08-21,
2006-08-22,
2006-08-23,
2006-08-24,
2006-08-25,
2006-08-26,
2006-08-27,
2006-08-28,
2006-08-29,
2006-08-30,
2006-08-31,
2006-09-01,
2006-09-02,
2006-09-03,
2006-09-04,
2006-09-05,
2006-09-06,
2006-09-07,
2006-09-08,
2006-09-09,
2006-09-10,
2006-09-11,
2006-09-12,
2006-09-13,
2006-09-14,
2006-09-15,
2006-09-16,
2006-09-17,
2006-09-18,
2006-09-19,
2006-09-20,
2006-09-21,
2006-09-22,
2006-09-23,
2006-09-24,
2006-09-25,
2006-09-26,
2006-09-27,
2006-09-28,
2006-09-29,
2006-09-30,
2006-10-01,
2006-10-02,
2006-10-03,
2006-10-04,
2006-10-05,
2006-10-06,
2006-10-07,
2006-10-08,
2006-10-09,
2006-10-10,
2006-10-11,
2006-10-12,
2006-10-13,
2006-10-14,
2006-10-15,
2006-10-16,
2006-10-17,
2006-10-18,
2006-10-19,
2006-10-20,
2006-10-21,
2006-10-22,
2006-10-23,
2006-10-24,
2006-10-25,
2006-10-26,
2006-10-27,
2006-10-28,
2006-10-29,
2006-10-30,
2006-10-31,
2006-11-01,
2006-11-02,
2006-11-03,
2006-11-04,
2006-11-05,
2006-11-06,
2006-11-07,
2006-11-08,
2006-11-09,
2006-11-10,
2006-11-11,
2006-11-12,
2006-11-13,
2006-11-14,
2006-11-15,
2006-11-16,
2006-11-17,
2006-11-18,
2006-11-19,
2006-11-20,
2006-11-21,
2006-11-22,
2006-11-23,
2006-11-24,
2006-11-25,
2006-11-26,
2006-11-27,
2006-11-28,
2006-11-29,
2006-11-30,
2006-12-01,
2006-12-02,
2006-12-03,
2006-12-04,
2006-12-05,
2006-12-06,
2006-12-07,
2006-12-08,
2006-12-09,
2006-12-10,
2006-12-11,
2006-12-12,
2006-12-13,
2006-12-14,
2006-12-15,
2006-12-16,
2006-12-17,
2006-12-18,
2006-12-19,
2006-12-20,
2006-12-21,
2006-12-22,
2006-12-23,
2006-12-24,
2006-12-25,
2006-12-26,
2006-12-27,
2006-12-28,
2006-12-29,
2006-12-30,
2006-12-31,
2007-01-01,
2007-01-02,
2007-01-03,
2007-01-04,
2007-01-05,
2007-01-06,
2007-01-07,
2007-01-08,
2007-01-09,
2007-01-10,
2007-01-11,
2007-01-12,
2007-01-13,
2007-01-14,
2007-01-15,
2007-01-16,
2007-01-17,
2007-01-18,
2007-01-19,
2007-01-20,
2007-01-21,
2007-01-22,
2007-01-23,
2007-01-24,
2007-01-25,
2007-01-26,
2007-01-27,
2007-01-28,
2007-01-29,
2007-01-30,
2007-01-31,
2007-02-01,
2007-02-02,
2007-02-03,
2007-02-04,
2007-02-05,
2007-02-06,
2007-02-07,
2007-02-08,
2007-02-09,
2007-02-10,
2007-02-11,
2007-02-12,
2007-02-13,
2007-02-14,
2007-02-15,
2007-02-16,
2007-02-17,
2007-02-18,
2007-02-19,
2007-02-20,
2007-02-21,
2007-02-22,
2007-02-23,
2007-02-24,
2007-02-25,
2007-02-26,
2007-02-27,
2007-02-28,
2007-03-01,
2007-03-02,
2007-03-03,
2007-03-04,
2007-03-05,
2007-03-06,
2007-03-07,
2007-03-08,
2007-03-09,
2007-03-10,
2007-03-11,
2007-03-12,
2007-03-13,
2007-03-14,
2007-03-15,
2007-03-16,
2007-03-17,
2007-03-18,
2007-03-19,
2007-03-20,
2007-03-21,
2007-03-22,
2007-03-23,
2007-03-24,
2007-03-25,
2007-03-26,
2007-03-27,
2007-03-28,
2007-03-29,
2007-03-30,
2007-03-31,
2007-04-01,
2007-04-02,
2007-04-03,
2007-04-04,
2007-04-05,
2007-04-06,
2007-04-07,
2007-04-08,
2007-04-09,
2007-04-10,
2007-04-11,
2007-04-12,
2007-04-13,
2007-04-14,
2007-04-15,
2007-04-16,
2007-04-17,
2007-04-18,
2007-04-19,
2007-04-20,
2007-04-21,
2007-04-22,
2007-04-23,
2007-04-24,
2007-04-25,
2007-04-26,
2007-04-27,
2007-04-28,
2007-04-29,
2007-04-30,
2007-05-01,
2007-05-02,
2007-05-03,
2007-05-04,
2007-05-05,
2007-05-06,
2007-05-07,
2007-05-08,
2007-05-09,
2007-05-10,
2007-05-11,
2007-05-12,
2007-05-13,
2007-05-14,
2007-05-15,
2007-05-16,
2007-05-17,
2007-05-18,
2007-05-19,
2007-05-20,
2007-05-21,
2007-05-22,
2007-05-23,
2007-05-24,
2007-05-25,
2007-05-26,
2007-05-27,
2007-05-28,
2007-05-29,
2007-05-30,
2007-05-31,
2007-06-01,
2007-06-02,
2007-06-03,
2007-06-04,
2007-06-05,
2007-06-06,
2007-06-07,
2007-06-08,
2007-06-09,
2007-06-10,
2007-06-11,
2007-06-12,
2007-06-13,
2007-06-14,
2007-06-15,
2007-06-16,
2007-06-17,
2007-06-18,
2007-06-19,
2007-06-20,
2007-06-21,
2007-06-22,
2007-06-23,
2007-06-24,
2007-06-25,
2007-06-26,
2007-06-27,
2007-06-28,
2007-06-29,
2007-06-30,
2007-07-01,
2007-07-02,
2007-07-03,
2007-07-04,
2007-07-05,
2007-07-06,
2007-07-07,
2007-07-08,
2007-07-09,
2007-07-10,
2007-07-11,
2007-07-12,
2007-07-13,
2007-07-14,
2007-07-15,
2007-07-16,
2007-07-17,
2007-07-18,
2007-07-19,
2007-07-20,
2007-07-21,
2007-07-22,
2007-07-23,
2007-07-24,
2007-07-25,
2007-07-26,
2007-07-27,
2007-07-28,
2007-07-29,
2007-07-30,
2007-07-31,
2007-08-01,
2007-08-02,
2007-08-03,
2007-08-04,
2007-08-05,
2007-08-06,
2007-08-07,
2007-08-08,
2007-08-09,
2007-08-10,
2007-08-11,
2007-08-12,
2007-08-13,
2007-08-14,
2007-08-15,
2007-08-16,
2007-08-17,
2007-08-18,
2007-08-19,
2007-08-20,
2007-08-21,
2007-08-22,
2007-08-23,
2007-08-24,
2007-08-25,
2007-08-26,
2007-08-27,
2007-08-28,
2007-08-29,
2007-08-30,
2007-08-31,
2007-09-01,
2007-09-02,
2007-09-03,
2007-09-04,
2007-09-05,
2007-09-06,
2007-09-07,
2007-09-08,
2007-09-09,
2007-09-10,
2007-09-11,
2007-09-12,
2007-09-13,
2007-09-14,
2007-09-15,
2007-09-16,
2007-09-17,
2007-09-18,
2007-09-19,
2007-09-20,
2007-09-21,
2007-09-22,
2007-09-23,
2007-09-24,
2007-09-25,
2007-09-26,
2007-09-27,
2007-09-28,
2007-09-29,
2007-09-30,
2007-10-01,
2007-10-02,
2007-10-03,
2007-10-04,
2007-10-05,
2007-10-06,
2007-10-07,
2007-10-08,
2007-10-09,
2007-10-10,
2007-10-11,
2007-10-12,
2007-10-13,
2007-10-14,
2007-10-15,
2007-10-16,
2007-10-17,
2007-10-18,
2007-10-19,
2007-10-20,
2007-10-21,
2007-10-22,
2007-10-23,
2007-10-24,
2007-10-25,
2007-10-26,
2007-10-27,
2007-10-28,
2007-10-29,
2007-10-30,
2007-10-31,
2007-11-01,
2007-11-02,
2007-11-03,
2007-11-04,
2007-11-05,
2007-11-06,
2007-11-07,
2007-11-08,
2007-11-09,
2007-11-10,
2007-11-11,
2007-11-12,
2007-11-13,
2007-11-14,
2007-11-15,
2007-11-16,
2007-11-17,
2007-11-18,
2007-11-19,
2007-11-20,
2007-11-21,
2007-11-22,
2007-11-23,
2007-11-24,
2007-11-25,
2007-11-26,
2007-11-27,
2007-11-28,
2007-11-29,
2007-11-30,
2007-12-01,
2007-12-02,
2007-12-03,
2007-12-04,
2007-12-05,
2007-12-06,
2007-12-07,
2007-12-08,
2007-12-09,
2007-12-10,
2007-12-11,
2007-12-12,
2007-12-13,
2007-12-14,
2007-12-15,
2007-12-16,
2007-12-17,
2007-12-18,
2007-12-19,
2007-12-20,
2007-12-21,
2007-12-22,
2007-12-23,
2007-12-24,
2007-12-25,
2007-12-26,
2007-12-27,
2007-12-28,
2007-12-29,
2007-12-30,
2007-12-31,
2008-01-01,
2008-01-02,
2008-01-03,
2008-01-04,
2008-01-05,
2008-01-06,
2008-01-07,
2008-01-08,
2008-01-09,
2008-01-10,
2008-01-11,
2008-01-12,
2008-01-13,
2008-01-14,
2008-01-15,
2008-01-16,
2008-01-17,
2008-01-18,
2008-01-19,
2008-01-20,
2008-01-21,
2008-01-22,
2008-01-23,
2008-01-24,
2008-01-25,
2008-01-26,
2008-01-27,
2008-01-28,
2008-01-29,
2008-01-30,
2008-01-31,
2008-02-01,
2008-02-02,
2008-02-03,
2008-02-04,
2008-02-05,
2008-02-06,
2008-02-07,
2008-02-08,
2008-02-09,
2008-02-10,
2008-02-11,
2008-02-12,
2008-02-13,
2008-02-14,
2008-02-15,
2008-02-16,
2008-02-17,
2008-02-18,
2008-02-19,
2008-02-20,
2008-02-21,
2008-02-22,
2008-02-23,
2008-02-24,
2008-02-25,
2008-02-26,
2008-02-27,
2008-02-28,
2008-02-29,
2008-03-01,
2008-03-02,
2008-03-03,
2008-03-04,
2008-03-05,
2008-03-06,
2008-03-07,
2008-03-08,
2008-03-09,
2008-03-10,
2008-03-11,
2008-03-12,
2008-03-13,
2008-03-14,
2008-03-15,
2008-03-16,
2008-03-17,
2008-03-18,
2008-03-19,
2008-03-20,
2008-03-21,
2008-03-22,
2008-03-23,
2008-03-24,
2008-03-25,
2008-03-26,
2008-03-27,
2008-03-28,
2008-03-29,
2008-03-30,
2008-03-31,
2008-04-01,
2008-04-02,
2008-04-03,
2008-04-04,
2008-04-05,
2008-04-06,
2008-04-07,
2008-04-08,
2008-04-09,
2008-04-10,
2008-04-11,
2008-04-12,
2008-04-13,
2008-04-14,
2008-04-15,
2008-04-16,
2008-04-17,
2008-04-18,
2008-04-19,
2008-04-20,
2008-04-21,
2008-04-22,
2008-04-23,
2008-04-24,
2008-04-25,
2008-04-26,
2008-04-27,
2008-04-28,
2008-04-29,
2008-04-30,
2008-05-01,
2008-05-02,
2008-05-03,
2008-05-04,
2008-05-05,
2008-05-06,
2008-05-07,
2008-05-08,
2008-05-09,
2008-05-10,
2008-05-11,
2008-05-12,
2008-05-13,
2008-05-14,
2008-05-15,
2008-05-16,
2008-05-17,
2008-05-18,
2008-05-19,
2008-05-20,
2008-05-21,
2008-05-22,
2008-05-23,
2008-05-24,
2008-05-25,
2008-05-26,
2008-05-27,
2008-05-28,
2008-05-29,
2008-05-30,
2008-05-31,
2008-06-01,
2008-06-02,
2008-06-03,
2008-06-04,
2008-06-05,
2008-06-06,
2008-06-07,
2008-06-08,
2008-06-09,
2008-06-10,
2008-06-11,
2008-06-12,
2008-06-13,
2008-06-14,
2008-06-15,
2008-06-16,
2008-06-17,
2008-06-18,
2008-06-19,
2008-06-20,
2008-06-21,
2008-06-22,
2008-06-23,
2008-06-24,
2008-06-25,
2008-06-26,
2008-06-27,
2008-06-28,
2008-06-29,
2008-06-30,
2008-07-01,
2008-07-02,
2008-07-03,
2008-07-04,
2008-07-05,
2008-07-06,
2008-07-07,
2008-07-08,
2008-07-09,
2008-07-10,
2008-07-11,
2008-07-12,
2008-07-13,
2008-07-14,
2008-07-15,
2008-07-16,
2008-07-17,
2008-07-18,
2008-07-19,
2008-07-20,
2008-07-21,
2008-07-22,
2008-07-23,
2008-07-24,
2008-07-25,
2008-07-26,
2008-07-27,
2008-07-28,
2008-07-29,
2008-07-30,
2008-07-31,
2008-08-01,
2008-08-02,
2008-08-03,
2008-08-04,
2008-08-05,
2008-08-06,
2008-08-07,
2008-08-08,
2008-08-09,
2008-08-10,
2008-08-11,
2008-08-12,
2008-08-13,
2008-08-14,
2008-08-15,
2008-08-16,
2008-08-17,
2008-08-18,
2008-08-19,
2008-08-20,
2008-08-21,
2008-08-22,
2008-08-23,
2008-08-24,
2008-08-25,
2008-08-26,
2008-08-27,
2008-08-28,
2008-08-29,
2008-08-30,
2008-08-31,
2008-09-01,
2008-09-02,
2008-09-03,
2008-09-04,
2008-09-05,
2008-09-06,
2008-09-07,
2008-09-08,
2008-09-09,
2008-09-10,
2008-09-11,
2008-09-12,
2008-09-13,
2008-09-14,
2008-09-15,
2008-09-16,
2008-09-17,
2008-09-18,
2008-09-19,
2008-09-20,
2008-09-21,
2008-09-22,
2008-09-23,
2008-09-24,
2008-09-25,
2008-09-26,
2008-09-27,
2008-09-28,
2008-09-29,
2008-09-30,
2008-10-01,
2008-10-02,
2008-10-03,
2008-10-04,
2008-10-05,
2008-10-06,
2008-10-07,
2008-10-08,
2008-10-09,
2008-10-10,
2008-10-11,
2008-10-12,
2008-10-13,
2008-10-14,
2008-10-15,
2008-10-16,
2008-10-17,
2008-10-18,
2008-10-19,
2008-10-20,
2008-10-21,
2008-10-22,
2008-10-23,
2008-10-24,
2008-10-25,
2008-10-26,
2008-10-27,
2008-10-28,
2008-10-29,
2008-10-30,
2008-10-31,
2008-11-01,
2008-11-02,
2008-11-03,
2008-11-04,
2008-11-05,
2008-11-06,
2008-11-07,
2008-11-08,
2008-11-09,
2008-11-10,
2008-11-11,
2008-11-12,
2008-11-13,
2008-11-14,
2008-11-15,
2008-11-16,
2008-11-17,
2008-11-18,
2008-11-19,
2008-11-20,
2008-11-21,
2008-11-22,
2008-11-23,
2008-11-24,
2008-11-25,
2008-11-26,
2008-11-27,
2008-11-28,
2008-11-29,
2008-11-30,
2008-12-01,
2008-12-02,
2008-12-03,
2008-12-04,
2008-12-05,
2008-12-06,
2008-12-07,
2008-12-08,
2008-12-09,
2008-12-10,
2008-12-11,
2008-12-12,
2008-12-13,
2008-12-14,
2008-12-15,
2008-12-16,
2008-12-17,
2008-12-18,
2008-12-19,
2008-12-20,
2008-12-21,
2008-12-22,
2008-12-23,
2008-12-24,
2008-12-25,
2008-12-26,
2008-12-27,
2008-12-28,
2008-12-29,
2008-12-30,
2008-12-31,
2009-01-01,
2009-01-02,
2009-01-03,
2009-01-04,
2009-01-05,
2009-01-06,
2009-01-07,
2009-01-08,
2009-01-09,
2009-01-10,
2009-01-11,
2009-01-12,
2009-01-13,
2009-01-14,
2009-01-15,
2009-01-16,
2009-01-17,
2009-01-18,
2009-01-19,
2009-01-20,
2009-01-21,
2009-01-22,
2009-01-23,
2009-01-24,
2009-01-25,
2009-01-26,
2009-01-27,
2009-01-28,
2009-01-29,
2009-01-30,
2009-01-31,
2009-02-01,
2009-02-02,
2009-02-03,
2009-02-04,
2009-02-05,
2009-02-06,
2009-02-07,
2009-02-08,
2009-02-09,
2009-02-10,
2009-02-11,
2009-02-12,
2009-02-13,
2009-02-14,
2009-02-15,
2009-02-16,
2009-02-17,
2009-02-18,
2009-02-19,
2009-02-20,
2009-02-21,
2009-02-22,
2009-02-23,
2009-02-24,
2009-02-25,
2009-02-26,
2009-02-27,
2009-02-28,
2009-03-01,
2009-03-02,
2009-03-03,
2009-03-04,
2009-03-05,
2009-03-06,
2009-03-07,
2009-03-08,
2009-03-09,
2009-03-10,
2009-03-11,
2009-03-12,
2009-03-13,
2009-03-14,
2009-03-15,
2009-03-16,
2009-03-17,
2009-03-18,
2009-03-19,
2009-03-20,
2009-03-21,
2009-03-22,
2009-03-23,
2009-03-24,
2009-03-25,
2009-03-26,
2009-03-27,
2009-03-28,
2009-03-29,
2009-03-30,
2009-03-31,
2009-04-01,
2009-04-02,
2009-04-03,
2009-04-04,
2009-04-05,
2009-04-06,
2009-04-07,
2009-04-08,
2009-04-09,
2009-04-10,
2009-04-11,
2009-04-12,
2009-04-13,
2009-04-14,
2009-04-15,
2009-04-16,
2009-04-17,
2009-04-18,
2009-04-19,
2009-04-20,
2009-04-21,
2009-04-22,
2009-04-23,
2009-04-24,
2009-04-25,
2009-04-26,
2009-04-27,
2009-04-28,
2009-04-29,
2009-04-30,
2009-05-01,
2009-05-02,
2009-05-03,
2009-05-04,
2009-05-05,
2009-05-06,
2009-05-07,
2009-05-08,
2009-05-09,
2009-05-10,
2009-05-11,
2009-05-12,
2009-05-13,
2009-05-14,
2009-05-15,
2009-05-16,
2009-05-17,
2009-05-18,
2009-05-19,
2009-05-20,
2009-05-21,
2009-05-22,
2009-05-23,
2009-05-24,
2009-05-25,
2009-05-26,
2009-05-27,
2009-05-28,
2009-05-29,
2009-05-30,
2009-05-31,
2009-06-01,
2009-06-02,
2009-06-03,
2009-06-04,
2009-06-05,
2009-06-06,
2009-06-07,
2009-06-08,
2009-06-09,
2009-06-10,
2009-06-11,
2009-06-12,
2009-06-13,
2009-06-14,
2009-06-15,
2009-06-16,
2009-06-17,
2009-06-18,
2009-06-19,
2009-06-20,
2009-06-21,
2009-06-22,
2009-06-23,
2009-06-24,
2009-06-25,
2009-06-26,
2009-06-27,
2009-06-28,
2009-06-29,
2009-06-30,
2009-07-01,
2009-07-02,
2009-07-03,
2009-07-04,
2009-07-05,
2009-07-06,
2009-07-07,
2009-07-08,
2009-07-09,
2009-07-10,
2009-07-11,
2009-07-12,
2009-07-13,
2009-07-14,
2009-07-15,
2009-07-16,
2009-07-17,
2009-07-18,
2009-07-19,
2009-07-20,
2009-07-21,
2009-07-22,
2009-07-23,
2009-07-24,
2009-07-25,
2009-07-26,
2009-07-27,
2009-07-28,
2009-07-29,
2009-07-30,
2009-07-31,
2009-08-01,
2009-08-02,
2009-08-03,
2009-08-04,
2009-08-05,
2009-08-06,
2009-08-07,
2009-08-08,
2009-08-09,
2009-08-10,
2009-08-11,
2009-08-12,
2009-08-13,
2009-08-14,
2009-08-15,
2009-08-16,
2009-08-17,
2009-08-18,
2009-08-19,
2009-08-20,
2009-08-21,
2009-08-22,
2009-08-23,
2009-08-24,
2009-08-25,
2009-08-26,
2009-08-27,
2009-08-28,
2009-08-29,
2009-08-30,
2009-08-31,
2009-09-01,
2009-09-02,
2009-09-03,
2009-09-04,
2009-09-05,
2009-09-06,
2009-09-07,
2009-09-08,
2009-09-09,
2009-09-10,
2009-09-11,
2009-09-12,
2009-09-13,
2009-09-14,
2009-09-15,
2009-09-16,
2009-09-17,
2009-09-18,
2009-09-19,
2009-09-20,
2009-09-21,
2009-09-22,
2009-09-23,
2009-09-24,
2009-09-25,
2009-09-26,
2009-09-27,
2009-09-28,
2009-09-29,
2009-09-30,
2009-10-01,
2009-10-02,
2009-10-03,
2009-10-04,
2009-10-05,
2009-10-06,
2009-10-07,
2009-10-08,
2009-10-09,
2009-10-10,
2009-10-11,
2009-10-12,
2009-10-13,
2009-10-14,
2009-10-15,
2009-10-16,
2009-10-17,
2009-10-18,
2009-10-19,
2009-10-20,
2009-10-21,
2009-10-22,
2009-10-23,
2009-10-24,
2009-10-25,
2009-10-26,
2009-10-27,
2009-10-28,
2009-10-29,
2009-10-30,
2009-10-31,
2009-11-01,
2009-11-02,
2009-11-03,
2009-11-04,
2009-11-05,
2009-11-06,
2009-11-07,
2009-11-08,
2009-11-09,
2009-11-10,
2009-11-11,
2009-11-12,
2009-11-13,
2009-11-14,
2009-11-15,
2009-11-16,
2009-11-17,
2009-11-18,
2009-11-19,
2009-11-20,
2009-11-21,
2009-11-22,
2009-11-23,
2009-11-24,
2009-11-25,
2009-11-26,
2009-11-27,
2009-11-28,
2009-11-29,
2009-11-30,
2009-12-01,
2009-12-02,
2009-12-03,
2009-12-04,
2009-12-05,
2009-12-06,
2009-12-07,
2009-12-08,
2009-12-09,
2009-12-10,
2009-12-11,
2009-12-12,
2009-12-13,
2009-12-14,
2009-12-15,
2009-12-16,
2009-12-17,
2009-12-18,
2009-12-19,
2009-12-20,
2009-12-21,
2009-12-22,
2009-12-23,
2009-12-24,
2009-12-25,
2009-12-26,
2009-12-27,
2009-12-28,
2009-12-29,
2009-12-30,
2009-12-31,
2010-01-01,
2010-01-02,
2010-01-03,
2010-01-04,
2010-01-05,
2010-01-06,
2010-01-07,
2010-01-08,
2010-01-09,
2010-01-10,
2010-01-11,
2010-01-12,
2010-01-13,
2010-01-14,
2010-01-15,
2010-01-16,
2010-01-17,
2010-01-18,
2010-01-19,
2010-01-20,
2010-01-21,
2010-01-22,
2010-01-23,
2010-01-24,
2010-01-25,
2010-01-26,
2010-01-27,
2010-01-28,
2010-01-29,
2010-01-30,
2010-01-31,
2010-02-01,
2010-02-02,
2010-02-03,
2010-02-04,
2010-02-05,
2010-02-06,
2010-02-07,
2010-02-08,
2010-02-09,
2010-02-10,
2010-02-11,
2010-02-12,
2010-02-13,
2010-02-14,
2010-02-15,
2010-02-16,
2010-02-17,
2010-02-18,
2010-02-19,
2010-02-20,
2010-02-21,
2010-02-22,
2010-02-23,
2010-02-24,
2010-02-25,
2010-02-26,
2010-02-27,
2010-02-28,
2010-03-01,
2010-03-02,
2010-03-03,
2010-03-04,
2010-03-05,
2010-03-06,
2010-03-07,
2010-03-08,
2010-03-09,
2010-03-10,
2010-03-11,
2010-03-12,
2010-03-13,
2010-03-14,
2010-03-15,
2010-03-16,
2010-03-17,
2010-03-18,
2010-03-19,
2010-03-20,
2010-03-21,
2010-03-22,
2010-03-23,
2010-03-24,
2010-03-25,
2010-03-26,
2010-03-27,
2010-03-28,
2010-03-29,
2010-03-30,
2010-03-31,
2010-04-01,
2010-04-02,
2010-04-03,
2010-04-04,
2010-04-05,
2010-04-06,
2010-04-07,
2010-04-08,
2010-04-09,
2010-04-10,
2010-04-11,
2010-04-12,
2010-04-13,
2010-04-14,
2010-04-15,
2010-04-16,
2010-04-17,
2010-04-18,
2010-04-19,
2010-04-20,
2010-04-21,
2010-04-22,
2010-04-23,
2010-04-24,
2010-04-25,
2010-04-26,
2010-04-27,
2010-04-28,
2010-04-29,
2010-04-30,
2010-05-01,
2010-05-02,
2010-05-03,
2010-05-04,
2010-05-05,
2010-05-06,
2010-05-07,
2010-05-08,
2010-05-09,
2010-05-10,
2010-05-11,
2010-05-12,
2010-05-13,
2010-05-14,
2010-05-15,
2010-05-16,
2010-05-17,
2010-05-18,
2010-05-19,
2010-05-20,
2010-05-21,
2010-05-22,
2010-05-23,
2010-05-24,
2010-05-25,
2010-05-26,
2010-05-27,
2010-05-28,
2010-05-29,
2010-05-30,
2010-05-31,
2010-06-01,
2010-06-02,
2010-06-03,
2010-06-04,
2010-06-05,
2010-06-06,
2010-06-07,
2010-06-08,
2010-06-09,
2010-06-10,
2010-06-11,
2010-06-12,
2010-06-13,
2010-06-14,
2010-06-15,
2010-06-16,
2010-06-17,
2010-06-18,
2010-06-19,
2010-06-20,
2010-06-21,
2010-06-22,
2010-06-23,
2010-06-24,
2010-06-25,
2010-06-26,
2010-06-27,
2010-06-28,
2010-06-29,
2010-06-30,
2010-07-01,
2010-07-02,
2010-07-03,
2010-07-04,
2010-07-05,
2010-07-06,
2010-07-07,
2010-07-08,
2010-07-09,
2010-07-10,
2010-07-11,
2010-07-12,
2010-07-13,
2010-07-14,
2010-07-15,
2010-07-16,
2010-07-17,
2010-07-18,
2010-07-19,
2010-07-20,
2010-07-21,
2010-07-22,
2010-07-23,
2010-07-24,
2010-07-25,
2010-07-26,
2010-07-27,
2010-07-28,
2010-07-29,
2010-07-30,
2010-07-31,
2010-08-01,
2010-08-02,
2010-08-03,
2010-08-04,
2010-08-05,
2010-08-06,
2010-08-07,
2010-08-08,
2010-08-09,
2010-08-10,
2010-08-11,
2010-08-12,
2010-08-13,
2010-08-14,
2010-08-15,
2010-08-16,
2010-08-17,
2010-08-18,
2010-08-19,
2010-08-20,
2010-08-21,
2010-08-22,
2010-08-23,
2010-08-24,
2010-08-25,
2010-08-26,
2010-08-27,
2010-08-28,
2010-08-29,
2010-08-30,
2010-08-31,
2010-09-01,
2010-09-02,
2010-09-03,
2010-09-04,
2010-09-05,
2010-09-06,
2010-09-07,
2010-09-08,
2010-09-09,
2010-09-10,
2010-09-11,
2010-09-12,
2010-09-13,
2010-09-14,
2010-09-15,
2010-09-16,
2010-09-17,
2010-09-18,
2010-09-19,
2010-09-20,
2010-09-21,
2010-09-22,
2010-09-23,
2010-09-24,
2010-09-25,
2010-09-26,
2010-09-27,
2010-09-28,
2010-09-29,
2010-09-30,
2010-10-01,
2010-10-02,
2010-10-03,
2010-10-04,
2010-10-05,
2010-10-06,
2010-10-07,
2010-10-08,
2010-10-09,
2010-10-10,
2010-10-11,
2010-10-12,
2010-10-13,
2010-10-14,
2010-10-15,
2010-10-16,
2010-10-17,
2010-10-18,
2010-10-19,
2010-10-20,
2010-10-21,
2010-10-22,
2010-10-23,
2010-10-24,
2010-10-25,
2010-10-26,
2010-10-27,
2010-10-28,
2010-10-29,
2010-10-30,
2010-10-31,
2010-11-01,
2010-11-02,
2010-11-03,
2010-11-04,
2010-11-05,
2010-11-06,
2010-11-07,
2010-11-08,
2010-11-09,
2010-11-10,
2010-11-11,
2010-11-12,
2010-11-13,
2010-11-14,
2010-11-15,
2010-11-16,
2010-11-17,
2010-11-18,
2010-11-19,
2010-11-20,
2010-11-21,
2010-11-22,
2010-11-23,
2010-11-24,
2010-11-25,
2010-11-26,
2010-11-27,
2010-11-28,
2010-11-29,
2010-11-30,
2010-12-01,
2010-12-02,
2010-12-03,
2010-12-04,
2010-12-05,
2010-12-06,
2010-12-07,
2010-12-08,
2010-12-09,
2010-12-10,
2010-12-11,
2010-12-12,
2010-12-13,
2010-12-14,
2010-12-15,
2010-12-16,
2010-12-17,
2010-12-18,
2010-12-19,
2010-12-20,
2010-12-21,
2010-12-22,
2010-12-23,
2010-12-24,
2010-12-25,
2010-12-26,
2010-12-27,
2010-12-28,
2010-12-29,
2010-12-30,
2010-12-31,
2011-01-01,
2011-01-02,
2011-01-03,
2011-01-04,
2011-01-05,
2011-01-06,
2011-01-07,
2011-01-08,
2011-01-09,
2011-01-10,
2011-01-11,
2011-01-12,
2011-01-13,
2011-01-14,
2011-01-15,
2011-01-16,
2011-01-17,
2011-01-18,
2011-01-19,
2011-01-20,
2011-01-21,
2011-01-22,
2011-01-23,
2011-01-24,
2011-01-25,
2011-01-26,
2011-01-27,
2011-01-28,
2011-01-29,
2011-01-30,
2011-01-31,
2011-02-01,
2011-02-02,
2011-02-03,
2011-02-04,
2011-02-05,
2011-02-06,
2011-02-07,
2011-02-08,
2011-02-09,
2011-02-10,
2011-02-11,
2011-02-12,
2011-02-13,
2011-02-14,
2011-02-15,
2011-02-16,
2011-02-17,
2011-02-18,
2011-02-19,
2011-02-20,
2011-02-21,
2011-02-22,
2011-02-23,
2011-02-24,
2011-02-25,
2011-02-26,
2011-02-27,
2011-02-28,
2011-03-01,
2011-03-02,
2011-03-03,
2011-03-04,
2011-03-05,
2011-03-06,
2011-03-07,
2011-03-08,
2011-03-09,
2011-03-10,
2011-03-11,
2011-03-12,
2011-03-13,
2011-03-14,
2011-03-15,
2011-03-16,
2011-03-17,
2011-03-18,
2011-03-19,
2011-03-20,
2011-03-21,
2011-03-22,
2011-03-23,
2011-03-24,
2011-03-25,
2011-03-26,
2011-03-27,
2011-03-28,
2011-03-29,
2011-03-30,
2011-03-31,
2011-04-01,
2011-04-02,
2011-04-03,
2011-04-04,
2011-04-05,
2011-04-06,
2011-04-07,
2011-04-08,
2011-04-09,
2011-04-10,
2011-04-11,
2011-04-12,
2011-04-13,
2011-04-14,
2011-04-15,
2011-04-16,
2011-04-17,
2011-04-18,
2011-04-19,
2011-04-20,
2011-04-21,
2011-04-22,
2011-04-23,
2011-04-24,
2011-04-25,
2011-04-26,
2011-04-27,
2011-04-28,
2011-04-29,
2011-04-30,
2011-05-01,
2011-05-02,
2011-05-03,
2011-05-04,
2011-05-05,
2011-05-06,
2011-05-07,
2011-05-08,
2011-05-09,
2011-05-10,
2011-05-11,
2011-05-12,
2011-05-13,
2011-05-14,
2011-05-15,
2011-05-16,
2011-05-17,
2011-05-18,
2011-05-19,
2011-05-20,
2011-05-21,
2011-05-22,
2011-05-23,
2011-05-24,
2011-05-25,
2011-05-26,
2011-05-27,
2011-05-28,
2011-05-29,
2011-05-30,
2011-05-31,
2011-06-01,
2011-06-02,
2011-06-03,
2011-06-04,
2011-06-05,
2011-06-06,
2011-06-07,
2011-06-08,
2011-06-09,
2011-06-10,
2011-06-11,
2011-06-12,
2011-06-13,
2011-06-14,
2011-06-15,
2011-06-16,
2011-06-17,
2011-06-18,
2011-06-19,
2011-06-20,
2011-06-21,
2011-06-22,
2011-06-23,
2011-06-24,
2011-06-25,
2011-06-26,
2011-06-27,
2011-06-28,
2011-06-29,
2011-06-30,
2011-07-01,
2011-07-02,
2011-07-03,
2011-07-04,
2011-07-05,
2011-07-06,
2011-07-07,
2011-07-08,
2011-07-09,
2011-07-10,
2011-07-11,
2011-07-12,
2011-07-13,
2011-07-14,
2011-07-15,
2011-07-16,
2011-07-17,
2011-07-18,
2011-07-19,
2011-07-20,
2011-07-21,
2011-07-22,
2011-07-23,
2011-07-24,
2011-07-25,
2011-07-26,
2011-07-27,
2011-07-28,
2011-07-29,
2011-07-30,
2011-07-31,
2011-08-01,
2011-08-02,
2011-08-03,
2011-08-04,
2011-08-05,
2011-08-06,
2011-08-07,
2011-08-08,
2011-08-09,
2011-08-10,
2011-08-11,
2011-08-12,
2011-08-13,
2011-08-14,
2011-08-15,
2011-08-16,
2011-08-17,
2011-08-18,
2011-08-19,
2011-08-20,
2011-08-21,
2011-08-22,
2011-08-23,
2011-08-24,
2011-08-25,
2011-08-26,
2011-08-27,
2011-08-28,
2011-08-29,
2011-08-30,
2011-08-31,
2011-09-01,
2011-09-02,
2011-09-03,
2011-09-04,
2011-09-05,
2011-09-06,
2011-09-07,
2011-09-08,
2011-09-09,
2011-09-10,
2011-09-11,
2011-09-12,
2011-09-13,
2011-09-14,
2011-09-15,
2011-09-16,
2011-09-17,
2011-09-18,
2011-09-19,
2011-09-20,
2011-09-21,
2011-09-22,
2011-09-23,
2011-09-24,
2011-09-25,
2011-09-26,
2011-09-27,
2011-09-28,
2011-09-29,
2011-09-30,
2011-10-01,
2011-10-02,
2011-10-03,
2011-10-04,
2011-10-05,
2011-10-06,
2011-10-07,
2011-10-08,
2011-10-09,
2011-10-10,
2011-10-11,
2011-10-12,
2011-10-13,
2011-10-14,
2011-10-15,
2011-10-16,
2011-10-17,
2011-10-18,
2011-10-19,
2011-10-20,
2011-10-21,
2011-10-22,
2011-10-23,
2011-10-24,
2011-10-25,
2011-10-26,
2011-10-27,
2011-10-28,
2011-10-29,
2011-10-30,
2011-10-31,
2011-11-01,
2011-11-02,
2011-11-03,
2011-11-04,
2011-11-05,
2011-11-06,
2011-11-07,
2011-11-08,
2011-11-09,
2011-11-10,
2011-11-11,
2011-11-12,
2011-11-13,
2011-11-14,
2011-11-15,
2011-11-16,
2011-11-17,
2011-11-18,
2011-11-19,
2011-11-20,
2011-11-21,
2011-11-22,
2011-11-23,
2011-11-24,
2011-11-25,
2011-11-26,
2011-11-27,
2011-11-28,
2011-11-29,
2011-11-30,
2011-12-01,
2011-12-02,
2011-12-03,
2011-12-04,
2011-12-05,
2011-12-06,
2011-12-07,
2011-12-08,
2011-12-09,
2011-12-10,
2011-12-11,
2011-12-12,
2011-12-13,
2011-12-14,
2011-12-15,
2011-12-16,
2011-12-17,
2011-12-18,
2011-12-19,
2011-12-20,
2011-12-21,
2011-12-22,
2011-12-23,
2011-12-24,
2011-12-25,
2011-12-26,
2011-12-27,
2011-12-28,
2011-12-29,
2011-12-30,
2011-12-31,
2012-01-01,
2012-01-02,
2012-01-03,
2012-01-04,
2012-01-05,
2012-01-06,
2012-01-07,
2012-01-08,
2012-01-09,
2012-01-10,
2012-01-11,
2012-01-12,
2012-01-13,
2012-01-14,
2012-01-15,
2012-01-16,
2012-01-17,
2012-01-18,
2012-01-19,
2012-01-20,
2012-01-21,
2012-01-22,
2012-01-23,
2012-01-24,
2012-01-25,
2012-01-26,
2012-01-27,
2012-01-28,
2012-01-29,
2012-01-30,
2012-01-31,
2012-02-01,
2012-02-02,
2012-02-03,
2012-02-04,
2012-02-05,
2012-02-06,
2012-02-07,
2012-02-08,
2012-02-09,
2012-02-10,
2012-02-11,
2012-02-12,
2012-02-13,
2012-02-14,
2012-02-15,
2012-02-16,
2012-02-17,
2012-02-18,
2012-02-19,
2012-02-20,
2012-02-21,
2012-02-22,
2012-02-23,
2012-02-24,
2012-02-25,
2012-02-26,
2012-02-27,
2012-02-28,
2012-02-29,
2012-03-01,
2012-03-02,
2012-03-03,
2012-03-04,
2012-03-05,
2012-03-06,
2012-03-07,
2012-03-08,
2012-03-09,
2012-03-10,
2012-03-11,
2012-03-12,
2012-03-13,
2012-03-14,
2012-03-15,
2012-03-16,
2012-03-17,
2012-03-18,
2012-03-19,
2012-03-20,
2012-03-21,
2012-03-22,
2012-03-23,
2012-03-24,
2012-03-25,
2012-03-26,
2012-03-27,
2012-03-28,
2012-03-29,
2012-03-30,
2012-03-31,
2012-04-01,
2012-04-02,
2012-04-03,
2012-04-04,
2012-04-05,
2012-04-06,
2012-04-07,
2012-04-08,
2012-04-09,
2012-04-10,
2012-04-11,
2012-04-12,
2012-04-13,
2012-04-14,
2012-04-15,
2012-04-16,
2012-04-17,
2012-04-18,
2012-04-19,
2012-04-20,
2012-04-21,
2012-04-22,
2012-04-23,
2012-04-24,
2012-04-25,
2012-04-26,
2012-04-27,
2012-04-28,
2012-04-29,
2012-04-30,
2012-05-01,
2012-05-02,
2012-05-03,
2012-05-04,
2012-05-05,
2012-05-06,
2012-05-07,
2012-05-08,
2012-05-09,
2012-05-10,
2012-05-11,
2012-05-12,
2012-05-13,
2012-05-14,
2012-05-15,
2012-05-16,
2012-05-17,
2012-05-18,
2012-05-19,
2012-05-20,
2012-05-21,
2012-05-22,
2012-05-23,
2012-05-24,
2012-05-25,
2012-05-26,
2012-05-27,
2012-05-28,
2012-05-29,
2012-05-30,
2012-05-31,
2012-06-01,
2012-06-02,
2012-06-03,
2012-06-04,
2012-06-05,
2012-06-06,
2012-06-07,
2012-06-08,
2012-06-09,
2012-06-10,
2012-06-11,
2012-06-12,
2012-06-13,
2012-06-14,
2012-06-15,
2012-06-16,
2012-06-17,
2012-06-18,
2012-06-19,
2012-06-20,
2012-06-21,
2012-06-22,
2012-06-23,
2012-06-24,
2012-06-25,
2012-06-26,
2012-06-27,
2012-06-28,
2012-06-29,
2012-06-30,
2012-07-01,
2012-07-02,
2012-07-03,
2012-07-04,
2012-07-05,
2012-07-06,
2012-07-07,
2012-07-08,
2012-07-09,
2012-07-10,
2012-07-11,
2012-07-12,
2012-07-13,
2012-07-14,
2012-07-15,
2012-07-16,
2012-07-17,
2012-07-18,
2012-07-19,
2012-07-20,
2012-07-21,
2012-07-22,
2012-07-23,
2012-07-24,
2012-07-25,
2012-07-26,
2012-07-27,
2012-07-28,
2012-07-29,
2012-07-30,
2012-07-31,
2012-08-01,
2012-08-02,
2012-08-03,
2012-08-04,
2012-08-05,
2012-08-06,
2012-08-07,
2012-08-08,
2012-08-09,
2012-08-10,
2012-08-11,
2012-08-12,
2012-08-13,
2012-08-14,
2012-08-15,
2012-08-16,
2012-08-17,
2012-08-18,
2012-08-19,
2012-08-20,
2012-08-21,
2012-08-22,
2012-08-23,
2012-08-24,
2012-08-25,
2012-08-26,
2012-08-27,
2012-08-28,
2012-08-29,
2012-08-30,
2012-08-31,
2012-09-01,
2012-09-02,
2012-09-03,
2012-09-04,
2012-09-05,
2012-09-06,
2012-09-07,
2012-09-08,
2012-09-09,
2012-09-10,
2012-09-11,
2012-09-12,
2012-09-13,
2012-09-14,
2012-09-15,
2012-09-16,
2012-09-17,
2012-09-18,
2012-09-19,
2012-09-20,
2012-09-21,
2012-09-22,
2012-09-23,
2012-09-24,
2012-09-25,
2012-09-26,
2012-09-27,
2012-09-28,
2012-09-29,
2012-09-30,
2012-10-01,
2012-10-02,
2012-10-03,
2012-10-04,
2012-10-05,
2012-10-06,
2012-10-07,
2012-10-08,
2012-10-09,
2012-10-10,
2012-10-11,
2012-10-12,
2012-10-13,
2012-10-14,
2012-10-15,
2012-10-16,
2012-10-17,
2012-10-18,
2012-10-19,
2012-10-20,
2012-10-21,
2012-10-22,
2012-10-23,
2012-10-24,
2012-10-25,
2012-10-26,
2012-10-27,
2012-10-28,
2012-10-29,
2012-10-30,
2012-10-31,
2012-11-01,
2012-11-02,
2012-11-03,
2012-11-04,
2012-11-05,
2012-11-06,
2012-11-07,
2012-11-08,
2012-11-09,
2012-11-10,
2012-11-11,
2012-11-12,
2012-11-13,
2012-11-14,
2012-11-15,
2012-11-16,
2012-11-17,
2012-11-18,
2012-11-19,
2012-11-20,
2012-11-21,
2012-11-22,
2012-11-23,
2012-11-24,
2012-11-25,
2012-11-26,
2012-11-27,
2012-11-28,
2012-11-29,
2012-11-30,
2012-12-01,
2012-12-02,
2012-12-03,
2012-12-04,
2012-12-05,
2012-12-06,
2012-12-07,
2012-12-08,
2012-12-09,
2012-12-10,
2012-12-11,
2012-12-12,
2012-12-13,
2012-12-14,
2012-12-15,
2012-12-16,
2012-12-17,
2012-12-18,
2012-12-19,
2012-12-20,
2012-12-21,
2012-12-22,
2012-12-23,
2012-12-24,
2012-12-25,
2012-12-26,
2012-12-27,
2012-12-28,
2012-12-29,
2012-12-30,
2012-12-31,
2013-01-01,
2013-01-02,
2013-01-03,
2013-01-04,
2013-01-05,
2013-01-06,
2013-01-07,
2013-01-08,
2013-01-09,
2013-01-10,
2013-01-11,
2013-01-12,
2013-01-13,
2013-01-14,
2013-01-15,
2013-01-16,
2013-01-17,
2013-01-18,
2013-01-19,
2013-01-20,
2013-01-21,
2013-01-22,
2013-01-23,
2013-01-24,
2013-01-25,
2013-01-26,
2013-01-27,
2013-01-28,
2013-01-29,
2013-01-30,
2013-01-31,
2013-02-01,
2013-02-02,
2013-02-03,
2013-02-04,
2013-02-05,
2013-02-06,
2013-02-07,
2013-02-08,
2013-02-09,
2013-02-10,
2013-02-11,
2013-02-12,
2013-02-13,
2013-02-14,
2013-02-15,
2013-02-16,
2013-02-17,
2013-02-18,
2013-02-19,
2013-02-20,
2013-02-21,
2013-02-22,
2013-02-23,
2013-02-24,
2013-02-25,
2013-02-26,
2013-02-27,
2013-02-28,
2013-03-01,
2013-03-02,
2013-03-03,
2013-03-04,
2013-03-05,
2013-03-06,
2013-03-07,
2013-03-08,
2013-03-09,
2013-03-10,
2013-03-11,
2013-03-12,
2013-03-13,
2013-03-14,
2013-03-15,
2013-03-16,
2013-03-17,
2013-03-18,
2013-03-19,
2013-03-20,
2013-03-21,
2013-03-22,
2013-03-23,
2013-03-24,
2013-03-25,
2013-03-26,
2013-03-27,
2013-03-28,
2013-03-29,
2013-03-30,
2013-03-31,
2013-04-01,
2013-04-02,
2013-04-03,
2013-04-04,
2013-04-05,
2013-04-06,
2013-04-07,
2013-04-08,
2013-04-09,
2013-04-10,
2013-04-11,
2013-04-12,
2013-04-13,
2013-04-14,
2013-04-15,
2013-04-16,
2013-04-17,
2013-04-18,
2013-04-19,
2013-04-20,
2013-04-21,
2013-04-22,
2013-04-23,
2013-04-24,
2013-04-25,
2013-04-26,
2013-04-27,
2013-04-28,
2013-04-29,
2013-04-30,
2013-05-01,
2013-05-02,
2013-05-03,
2013-05-04,
2013-05-05,
2013-05-06,
2013-05-07,
2013-05-08,
2013-05-09,
2013-05-10,
2013-05-11,
2013-05-12,
2013-05-13,
2013-05-14,
2013-05-15,
2013-05-16,
2013-05-17,
2013-05-18,
2013-05-19,
2013-05-20,
2013-05-21,
2013-05-22,
2013-05-23,
2013-05-24,
2013-05-25,
2013-05-26,
2013-05-27,
2013-05-28,
2013-05-29,
2013-05-30,
2013-05-31,
2013-06-01,
2013-06-02,
2013-06-03,
2013-06-04,
2013-06-05,
2013-06-06,
2013-06-07,
2013-06-08,
2013-06-09,
2013-06-10,
2013-06-11,
2013-06-12,
2013-06-13,
2013-06-14,
2013-06-15,
2013-06-16,
2013-06-17,
2013-06-18,
2013-06-19,
2013-06-20,
2013-06-21,
2013-06-22,
2013-06-23,
2013-06-24,
2013-06-25,
2013-06-26,
2013-06-27,
2013-06-28,
2013-06-29,
2013-06-30,
2013-07-01,
2013-07-02,
2013-07-03,
2013-07-04,
2013-07-05,
2013-07-06,
2013-07-07,
2013-07-08,
2013-07-09,
2013-07-10,
2013-07-11,
2013-07-12,
2013-07-13,
2013-07-14,
2013-07-15,
2013-07-16,
2013-07-17,
2013-07-18,
2013-07-19,
2013-07-20,
2013-07-21,
2013-07-22,
2013-07-23,
2013-07-24,
2013-07-25,
2013-07-26,
2013-07-27,
2013-07-28,
2013-07-29,
2013-07-30,
2013-07-31,
2013-08-01,
2013-08-02,
2013-08-03,
2013-08-04,
2013-08-05,
2013-08-06,
2013-08-07,
2013-08-08,
2013-08-09,
2013-08-10,
2013-08-11,
2013-08-12,
2013-08-13,
2013-08-14,
2013-08-15,
2013-08-16,
2013-08-17,
2013-08-18,
2013-08-19,
2013-08-20,
2013-08-21,
2013-08-22,
2013-08-23,
2013-08-24,
2013-08-25,
2013-08-26,
2013-08-27,
2013-08-28,
2013-08-29,
2013-08-30,
2013-08-31,
2013-09-01,
2013-09-02,
2013-09-03,
2013-09-04,
2013-09-05,
2013-09-06,
2013-09-07,
2013-09-08,
2013-09-09,
2013-09-10,
2013-09-11,
2013-09-12,
2013-09-13,
2013-09-14,
2013-09-15,
2013-09-16,
2013-09-17,
2013-09-18,
2013-09-19,
2013-09-20,
2013-09-21,
2013-09-22,
2013-09-23,
2013-09-24,
2013-09-25,
2013-09-26,
2013-09-27,
2013-09-28,
2013-09-29,
2013-09-30,
2013-10-01,
2013-10-02,
2013-10-03,
2013-10-04,
2013-10-05,
2013-10-06,
2013-10-07,
2013-10-08,
2013-10-09,
2013-10-10,
2013-10-11,
2013-10-12,
2013-10-13,
2013-10-14,
2013-10-15,
2013-10-16,
2013-10-17,
2013-10-18,
2013-10-19,
2013-10-20,
2013-10-21,
2013-10-22,
2013-10-23,
2013-10-24,
2013-10-25,
2013-10-26,
2013-10-27,
2013-10-28,
2013-10-29,
2013-10-30,
2013-10-31,
2013-11-01,
2013-11-02,
2013-11-03,
2013-11-04,
2013-11-05,
2013-11-06,
2013-11-07,
2013-11-08,
2013-11-09,
2013-11-10,
2013-11-11,
2013-11-12,
2013-11-13,
2013-11-14,
2013-11-15,
2013-11-16,
2013-11-17,
2013-11-18,
2013-11-19,
2013-11-20,
2013-11-21,
2013-11-22,
2013-11-23,
2013-11-24,
2013-11-25,
2013-11-26,
2013-11-27,
2013-11-28,
2013-11-29,
2013-11-30,
2013-12-01,
2013-12-02,
2013-12-03,
2013-12-04,
2013-12-05,
2013-12-06,
2013-12-07,
2013-12-08,
2013-12-09,
2013-12-10,
2013-12-11,
2013-12-12,
2013-12-13,
2013-12-14,
2013-12-15,
2013-12-16,
2013-12-17,
2013-12-18,
2013-12-19,
2013-12-20,
2013-12-21,
2013-12-22,
2013-12-23,
2013-12-24,
2013-12-25,
2013-12-26,
2013-12-27,
2013-12-28,
2013-12-29,
2013-12-30,
2013-12-31,
2014-01-01,
2014-01-02,
2014-01-03,
2014-01-04,
2014-01-05,
2014-01-06,
2014-01-07,
2014-01-08,
2014-01-09,
2014-01-10,
2014-01-11,
2014-01-12,
2014-01-13,
2014-01-14,
2014-01-15,
2014-01-16,
2014-01-17,
2014-01-18,
2014-01-19,
2014-01-20,
2014-01-21,
2014-01-22,
2014-01-23,
2014-01-24,
2014-01-25,
2014-01-26,
2014-01-27,
2014-01-28,
2014-01-29,
2014-01-30,
2014-01-31,
2014-02-01,
2014-02-02,
2014-02-03,
2014-02-04,
2014-02-05,
2014-02-06,
2014-02-07,
2014-02-08,
2014-02-09,
2014-02-10,
2014-02-11,
2014-02-12,
2014-02-13,
2014-02-14,
2014-02-15,
2014-02-16,
2014-02-17,
2014-02-18,
2014-02-19,
2014-02-20,
2014-02-21,
2014-02-22,
2014-02-23,
2014-02-24,
2014-02-25,
2014-02-26,
2014-02-27,
2014-02-28,
2014-03-01,
2014-03-02,
2014-03-03,
2014-03-04,
2014-03-05,
2014-03-06,
2014-03-07,
2014-03-08,
2014-03-09,
2014-03-10,
2014-03-11,
2014-03-12,
2014-03-13,
2014-03-14,
2014-03-15,
2014-03-16,
2014-03-17,
2014-03-18,
2014-03-19,
2014-03-20,
2014-03-21,
2014-03-22,
2014-03-23,
2014-03-24,
2014-03-25,
2014-03-26,
2014-03-27,
2014-03-28,
2014-03-29,
2014-03-30,
2014-03-31,
2014-04-01,
2014-04-02,
2014-04-03,
2014-04-04,
2014-04-05,
2014-04-06,
2014-04-07,
2014-04-08,
2014-04-09,
2014-04-10,
2014-04-11,
2014-04-12,
2014-04-13,
2014-04-14,
2014-04-15,
2014-04-16,
2014-04-17,
2014-04-18,
2014-04-19,
2014-04-20,
2014-04-21,
2014-04-22,
2014-04-23,
2014-04-24,
2014-04-25,
2014-04-26,
2014-04-27,
2014-04-28,
2014-04-29,
2014-04-30,
2014-05-01,
2014-05-02,
2014-05-03,
2014-05-04,
2014-05-05,
2014-05-06,
2014-05-07,
2014-05-08,
2014-05-09,
2014-05-10,
2014-05-11,
2014-05-12,
2014-05-13,
2014-05-14,
2014-05-15,
2014-05-16,
2014-05-17,
2014-05-18,
2014-05-19,
2014-05-20,
2014-05-21,
2014-05-22,
2014-05-23,
2014-05-24,
2014-05-25,
2014-05-26,
2014-05-27,
2014-05-28,
2014-05-29,
2014-05-30,
2014-05-31,
2014-06-01,
2014-06-02,
2014-06-03,
2014-06-04,
2014-06-05,
2014-06-06,
2014-06-07,
2014-06-08,
2014-06-09,
2014-06-10,
2014-06-11,
2014-06-12,
2014-06-13,
2014-06-14,
2014-06-15,
2014-06-16,
2014-06-17,
2014-06-18,
2014-06-19,
2014-06-20,
2014-06-21,
2014-06-22,
2014-06-23,
2014-06-24,
2014-06-25,
2014-06-26,
2014-06-27,
2014-06-28,
2014-06-29,
2014-06-30,
2014-07-01,
2014-07-02,
2014-07-03,
2014-07-04,
2014-07-05,
2014-07-06,
2014-07-07,
2014-07-08,
2014-07-09,
2014-07-10,
2014-07-11,
2014-07-12,
2014-07-13,
2014-07-14,
2014-07-15,
2014-07-16,
2014-07-17,
2014-07-18,
2014-07-19,
2014-07-20,
2014-07-21,
2014-07-22,
2014-07-23,
2014-07-24,
2014-07-25,
2014-07-26,
2014-07-27,
2014-07-28,
2014-07-29,
2014-07-30,
2014-07-31,
2014-08-01,
2014-08-02,
2014-08-03,
2014-08-04,
2014-08-05,
2014-08-06,
2014-08-07,
2014-08-08,
2014-08-09,
2014-08-10,
2014-08-11,
2014-08-12,
2014-08-13,
2014-08-14,
2014-08-15,
2014-08-16,
2014-08-17,
2014-08-18,
2014-08-19,
2014-08-20,
2014-08-21,
2014-08-22,
2014-08-23,
2014-08-24,
2014-08-25,
2014-08-26,
2014-08-27,
2014-08-28,
2014-08-29,
2014-08-30,
2014-08-31,
2014-09-01,
2014-09-02,
2014-09-03,
2014-09-04,
2014-09-05,
2014-09-06,
2014-09-07,
2014-09-08,
2014-09-09,
2014-09-10,
2014-09-11,
2014-09-12,
2014-09-13,
2014-09-14,
2014-09-15,
2014-09-16,
2014-09-17,
2014-09-18,
2014-09-19,
2014-09-20,
2014-09-21,
2014-09-22,
2014-09-23,
2014-09-24,
2014-09-25,
2014-09-26,
2014-09-27,
2014-09-28,
2014-09-29,
2014-09-30,
2014-10-01,
2014-10-02,
2014-10-03,
2014-10-04,
2014-10-05,
2014-10-06,
2014-10-07,
2014-10-08,
2014-10-09,
2014-10-10,
2014-10-11,
2014-10-12,
2014-10-13,
2014-10-14,
2014-10-15,
2014-10-16,
2014-10-17,
2014-10-18,
2014-10-19,
2014-10-20,
2014-10-21,
2014-10-22,
2014-10-23,
2014-10-24,
2014-10-25,
2014-10-26,
2014-10-27,
2014-10-28,
2014-10-29,
2014-10-30,
2014-10-31,
2014-11-01,
2014-11-02,
2014-11-03,
2014-11-04,
2014-11-05,
2014-11-06,
2014-11-07,
2014-11-08,
2014-11-09,
2014-11-10,
2014-11-11,
2014-11-12,
2014-11-13,
2014-11-14,
2014-11-15,
2014-11-16,
2014-11-17,
2014-11-18,
2014-11-19,
2014-11-20,
2014-11-21,
2014-11-22,
2014-11-23,
2014-11-24,
2014-11-25,
2014-11-26,
2014-11-27,
2014-11-28,
2014-11-29,
2014-11-30,
2014-12-01,
2014-12-02,
2014-12-03,
2014-12-04,
2014-12-05,
2014-12-06,
2014-12-07,
2014-12-08,
2014-12-09,
2014-12-10,
2014-12-11,
2014-12-12,
2014-12-13,
2014-12-14,
2014-12-15,
2014-12-16,
2014-12-17,
2014-12-18,
2014-12-19,
2014-12-20,
2014-12-21,
2014-12-22,
2014-12-23,
2014-12-24,
2014-12-25,
2014-12-26,
2014-12-27,
2014-12-28,
2014-12-29,
2014-12-30,
2014-12-31,
2015-01-01,
2015-01-02,
2015-01-03,
2015-01-04,
2015-01-05,
2015-01-06,
2015-01-07,
2015-01-08,
2015-01-09,
2015-01-10,
2015-01-11,
2015-01-12,
2015-01-13,
2015-01-14,
2015-01-15,
2015-01-16,
2015-01-17,
2015-01-18,
2015-01-19,
2015-01-20,
2015-01-21,
2015-01-22,
2015-01-23,
2015-01-24,
2015-01-25,
2015-01-26,
2015-01-27,
2015-01-28,
2015-01-29,
2015-01-30,
2015-01-31,
2015-02-01,
2015-02-02,
2015-02-03,
2015-02-04,
2015-02-05,
2015-02-06,
2015-02-07,
2015-02-08,
2015-02-09,
2015-02-10,
2015-02-11,
2015-02-12,
2015-02-13,
2015-02-14,
2015-02-15,
2015-02-16,
2015-02-17,
2015-02-18,
2015-02-19,
2015-02-20,
2015-02-21,
2015-02-22,
2015-02-23,
2015-02-24,
2015-02-25,
2015-02-26,
2015-02-27,
2015-02-28,
2015-03-01,
2015-03-02,
2015-03-03,
2015-03-04,
2015-03-05,
2015-03-06,
2015-03-07,
2015-03-08,
2015-03-09,
2015-03-10,
2015-03-11,
2015-03-12,
2015-03-13,
2015-03-14,
2015-03-15,
2015-03-16,
2015-03-17,
2015-03-18,
2015-03-19,
2015-03-20,
2015-03-21,
2015-03-22,
2015-03-23,
2015-03-24,
2015-03-25,
2015-03-26,
2015-03-27,
2015-03-28,
2015-03-29,
2015-03-30,
2015-03-31,
2015-04-01,
2015-04-02,
2015-04-03,
2015-04-04,
2015-04-05,
2015-04-06,
2015-04-07,
2015-04-08,
2015-04-09,
2015-04-10,
2015-04-11,
2015-04-12,
2015-04-13,
2015-04-14,
2015-04-15,
2015-04-16,
2015-04-17,
2015-04-18,
2015-04-19,
2015-04-20,
2015-04-21,
2015-04-22,
2015-04-23,
2015-04-24,
2015-04-25,
2015-04-26,
2015-04-27,
2015-04-28,
2015-04-29,
2015-04-30,
2015-05-01,
2015-05-02,
2015-05-03,
2015-05-04,
2015-05-05,
2015-05-06,
2015-05-07,
2015-05-08,
2015-05-09,
2015-05-10,
2015-05-11,
2015-05-12,
2015-05-13,
2015-05-14,
2015-05-15,
2015-05-16,
2015-05-17,
2015-05-18,
2015-05-19,
2015-05-20,
2015-05-21,
2015-05-22,
2015-05-23,
2015-05-24,
2015-05-25,
2015-05-26,
2015-05-27,
2015-05-28,
2015-05-29,
2015-05-30,
2015-05-31,
2015-06-01,
2015-06-02,
2015-06-03,
2015-06-04,
2015-06-05,
2015-06-06,
2015-06-07,
2015-06-08,
2015-06-09,
2015-06-10,
2015-06-11,
2015-06-12,
2015-06-13,
2015-06-14,
2015-06-15,
2015-06-16,
2015-06-17,
2015-06-18,
2015-06-19,
2015-06-20,
2015-06-21,
2015-06-22,
2015-06-23,
2015-06-24,
2015-06-25,
2015-06-26,
2015-06-27,
2015-06-28,
2015-06-29,
2015-06-30,
2015-07-01,
2015-07-02,
2015-07-03,
2015-07-04,
2015-07-05,
2015-07-06,
2015-07-07,
2015-07-08,
2015-07-09,
2015-07-10,
2015-07-11,
2015-07-12,
2015-07-13,
2015-07-14,
2015-07-15,
2015-07-16,
2015-07-17,
2015-07-18,
2015-07-19,
2015-07-20,
2015-07-21,
2015-07-22,
2015-07-23,
2015-07-24,
2015-07-25,
2015-07-26,
2015-07-27,
2015-07-28,
2015-07-29,
2015-07-30,
2015-07-31,
2015-08-01,
2015-08-02,
2015-08-03,
2015-08-04,
2015-08-05,
2015-08-06,
2015-08-07,
2015-08-08,
2015-08-09,
2015-08-10,
2015-08-11,
2015-08-12,
2015-08-13,
2015-08-14,
2015-08-15,
2015-08-16,
2015-08-17,
2015-08-18,
2015-08-19,
2015-08-20,
2015-08-21,
2015-08-22,
2015-08-23,
2015-08-24,
2015-08-25,
2015-08-26,
2015-08-27,
2015-08-28,
2015-08-29,
2015-08-30,
2015-08-31,
2015-09-01,
2015-09-02,
2015-09-03,
2015-09-04,
2015-09-05,
2015-09-06,
2015-09-07,
2015-09-08,
2015-09-09,
2015-09-10,
2015-09-11,
2015-09-12,
2015-09-13,
2015-09-14,
2015-09-15,
2015-09-16,
2015-09-17,
2015-09-18,
2015-09-19,
2015-09-20,
2015-09-21,
2015-09-22,
2015-09-23,
2015-09-24,
2015-09-25,
2015-09-26,
2015-09-27,
2015-09-28,
2015-09-29,
2015-09-30,
2015-10-01,
2015-10-02,
2015-10-03,
2015-10-04,
2015-10-05,
2015-10-06,
2015-10-07,
2015-10-08,
2015-10-09,
2015-10-10,
2015-10-11,
2015-10-12,
2015-10-13,
2015-10-14,
2015-10-15,
2015-10-16,
2015-10-17,
2015-10-18,
2015-10-19,
2015-10-20,
2015-10-21,
2015-10-22,
2015-10-23,
2015-10-24,
2015-10-25,
2015-10-26,
2015-10-27,
2015-10-28,
2015-10-29,
2015-10-30,
2015-10-31,
2015-11-01,
2015-11-02,
2015-11-03,
2015-11-04,
2015-11-05,
2015-11-06,
2015-11-07,
2015-11-08,
2015-11-09,
2015-11-10,
2015-11-11,
2015-11-12,
2015-11-13,
2015-11-14,
2015-11-15,
2015-11-16,
2015-11-17,
2015-11-18,
2015-11-19,
2015-11-20,
2015-11-21,
2015-11-22,
2015-11-23,
2015-11-24,
2015-11-25,
2015-11-26,
2015-11-27,
2015-11-28,
2015-11-29,
2015-11-30,
2015-12-01,
2015-12-02,
2015-12-03,
2015-12-04,
2015-12-05,
2015-12-06,
2015-12-07,
2015-12-08,
2015-12-09,
2015-12-10,
2015-12-11,
2015-12-12,
2015-12-13,
2015-12-14,
2015-12-15,
2015-12-16,
2015-12-17,
2015-12-18,
2015-12-19,
2015-12-20,
2015-12-21,
2015-12-22,
2015-12-23,
2015-12-24,
2015-12-25,
2015-12-26,
2015-12-27,
2015-12-28,
2015-12-29,
2015-12-30,
2015-12-31,
2016-01-01,
2016-01-02,
2016-01-03,
2016-01-04,
2016-01-05,
2016-01-06,
2016-01-07,
2016-01-08,
2016-01-09,
2016-01-10,
2016-01-11,
2016-01-12,
2016-01-13,
2016-01-14,
2016-01-15,
2016-01-16,
2016-01-17,
2016-01-18,
2016-01-19,
2016-01-20,
2016-01-21,
2016-01-22,
2016-01-23,
2016-01-24,
2016-01-25,
2016-01-26,
2016-01-27,
2016-01-28,
2016-01-29,
2016-01-30,
2016-01-31,
2016-02-01,
2016-02-02,
2016-02-03,
2016-02-04,
2016-02-05,
2016-02-06,
2016-02-07,
2016-02-08,
2016-02-09,
2016-02-10,
2016-02-11,
2016-02-12,
2016-02-13,
2016-02-14,
2016-02-15,
2016-02-16,
2016-02-17,
2016-02-18,
2016-02-19,
2016-02-20,
2016-02-21,
2016-02-22,
2016-02-23,
2016-02-24,
2016-02-25,
2016-02-26,
2016-02-27,
2016-02-28,
2016-02-29,
2016-03-01,
2016-03-02,
2016-03-03,
2016-03-04,
2016-03-05,
2016-03-06,
2016-03-07,
2016-03-08,
2016-03-09,
2016-03-10,
2016-03-11,
2016-03-12,
2016-03-13,
2016-03-14,
2016-03-15,
2016-03-16,
2016-03-17,
2016-03-18,
2016-03-19,
2016-03-20,
2016-03-21,
2016-03-22,
2016-03-23,
2016-03-24,
2016-03-25,
2016-03-26,
2016-03-27,
2016-03-28,
2016-03-29,
2016-03-30,
2016-03-31,
2016-04-01,
2016-04-02,
2016-04-03,
2016-04-04,
2016-04-05,
2016-04-06,
2016-04-07,
2016-04-08,
2016-04-09,
2016-04-10,
2016-04-11,
2016-04-12,
2016-04-13,
2016-04-14,
2016-04-15,
2016-04-16,
2016-04-17,
2016-04-18,
2016-04-19,
2016-04-20,
2016-04-21,
2016-04-22,
2016-04-23,
2016-04-24,
2016-04-25,
2016-04-26,
2016-04-27,
2016-04-28,
2016-04-29,
2016-04-30,
2016-05-01,
2016-05-02,
2016-05-03,
2016-05-04,
2016-05-05,
2016-05-06,
2016-05-07,
2016-05-08,
2016-05-09,
2016-05-10,
2016-05-11,
2016-05-12,
2016-05-13,
2016-05-14,
2016-05-15,
2016-05-16,
2016-05-17,
2016-05-18,
2016-05-19,
2016-05-20,
2016-05-21,
2016-05-22,
2016-05-23,
2016-05-24,
2016-05-25,
2016-05-26,
2016-05-27,
2016-05-28,
2016-05-29,
2016-05-30,
2016-05-31,
2016-06-01,
2016-06-02,
2016-06-03,
2016-06-04,
2016-06-05,
2016-06-06,
2016-06-07,
2016-06-08,
2016-06-09,
2016-06-10,
2016-06-11,
2016-06-12,
2016-06-13,
2016-06-14,
2016-06-15,
2016-06-16,
2016-06-17,
2016-06-18,
2016-06-19,
2016-06-20,
2016-06-21,
2016-06-22,
2016-06-23,
2016-06-24,
2016-06-25,
2016-06-26,
2016-06-27,
2016-06-28,
2016-06-29,
2016-06-30,
2016-07-01,
2016-07-02,
2016-07-03,
2016-07-04,
2016-07-05,
2016-07-06,
2016-07-07,
2016-07-08,
2016-07-09,
2016-07-10,
2016-07-11,
2016-07-12,
2016-07-13,
2016-07-14,
2016-07-15,
2016-07-16,
2016-07-17,
2016-07-18,
2016-07-19,
2016-07-20,
2016-07-21,
2016-07-22,
2016-07-23,
2016-07-24,
2016-07-25,
2016-07-26,
2016-07-27,
2016-07-28,
2016-07-29,
2016-07-30,
2016-07-31,
2016-08-01,
2016-08-02,
2016-08-03,
2016-08-04,
2016-08-05,
2016-08-06,
2016-08-07,
2016-08-08,
2016-08-09,
2016-08-10,
2016-08-11,
2016-08-12,
2016-08-13,
2016-08-14,
2016-08-15,
2016-08-16,0.9240420574190208
2016-08-17,0.9284302129703303
2016-08-18,0.9320812469991083
2016-08-19,0.9349317946475499
2016-08-20,0.936669449366226
2016-08-21,0.9345949464716579
2016-08-22,0.9392907521300006
2016-08-23,0.9510065283384443
2016-08-24,0.9406303609270409
2016-08-25,0.92836835539064
2016-08-26,0.9199267491087344
2016-08-27,0.9120860662849211
2016-08-28,0.9120057232049947
2016-08-29,0.9161635430934478
2016-08-30,0.898072523072523
2016-08-31,0.9125196175855806
2016-09-01,0.9321760397879433
2016-09-02,0.89930971264814
2016-09-03,0.8728112576307272
2016-09-04,0.854051193342781
2016-09-05,0.8522762845423144
2016-09-06,0.8621997888181213
2016-09-07,0.8632521267123655
2016-09-08,0.8534477342391298
2016-09-09,0.8295144404524568
2016-09-10,0.8223962588762015
2016-09-11,0.8145065162110616
2016-09-12,0.7887734744186108
2016-09-13,0.7519863208441271
2016-09-14,0.727741274259311
2016-09-15,0.697641163849495
2016-09-16,0.6804192018990602
2016-09-17,0.6807167972204018
2016-09-18,0.6878525378838458
2016-09-19,0.6635311330314122
2016-09-20,0.6451321104818601
2016-09-21,0.6434609455292908
2016-09-22,0.6399095993964754
2016-09-23,0.6326223093975707
2016-09-24,0.6647717796363091
2016-09-25,0.6732140137090632
2016-09-26,0.652506786643127
2016-09-27,0.6416596846483082
2016-09-28,0.6601373052985956
2016-09-29,0.6558605274248901
2016-09-30,0.6344987149744559
2016-10-01,0.6610055364357325
2016-10-02,0.6374857489553378
2016-10-03,0.6123471543183554
2016-10-04,0.604149594532962
2016-10-05,0.61934831903776
2016-10-06,0.6266774389756886
2016-10-07,0.6318145730416372
2016-10-08,0.6375751156588738
2016-10-09,0.6690671318176946
2016-10-10,0.6720235384138898
2016-10-11,0.687166351789953
2016-10-12,0.6913212906061657
2016-10-13,0.6658779813509035
2016-10-14,0.6876034804241151
2016-10-15,0.7041985920888805
2016-10-16,0.6882711075297698
2016-10-17,0.6648572979458903
2016-10-18,0.6308217137444494
2016-10-19,0.6474258822638221
2016-10-20,0.6159422855625387
2016-10-21,0.6185775821485736
2016-10-22,0.6180172916615322
2016-10-23,0.6262849679811257
2016-10-24,0.5934342933363831
2016-10-25,0.5775904203323559
2016-10-26,0.5850702362095076
2016-10-27,0.6098961756727983
2016-10-28,0.5969597413252925
2016-10-29,0.6413821991456767
2016-10-30,0.6226751892037663
2016-10-31,0.6038141993957704
2016-11-01,0.6038433491161941
2016-11-02,0.5874056556533773
2016-11-03,0.5859240495410991
2016-11-04,0.5586332563719498
2016-11-05,0.5798322789631996
2016-11-06,0.6313235002791435
2016-11-07,0.6124932790493798
2016-11-08,0.568475515833214
2016-11-09,0.5465294639717333
2016-11-10,0.5141282565130261
2016-11-11,0.5337007728888232
2016-11-12,0.5652311603639038
2016-11-13,0.5649938655862147
2016-11-14,0.5686090308370044
2016-11-15,0.5768061024432839
2016-11-16,0.5716345058450322
2016-11-17,0.5437833403068264
2016-11-18,0.5314294990804417
2016-11-19,0.5301908627124998
2016-11-20,0.5422926871559235
2016-11-21,0.5460303255309238
2016-11-22,0.5438893775547162
2016-11-23,0.547536625143657
2016-11-24,0.5558253988677303
2016-11-25,0.534746528501842
2016-11-26,0.5291960682258381
2016-11-27,0.5394055342628375
2016-11-28,0.5196063453263057
2016-11-29,0.5540884729137017
2016-11-30,0.5511060452549814
2016-12-01,0.5503233134071643
2016-12-02,0.5435560884245183
2016-12-03,0.552938416962744
2016-12-04,0.5818648953502945
2016-12-05,0.5617953592541473
2016-12-06,0.5233575626096136
2016-12-07,0.5173171007211615
2016-12-08,0.5110990292225511
2016-12-09,0.536811258022114
2016-12-10,0.5786453191839421
2016-12-11,0.5825754599804921
2016-12-12,0.5616943701048394
2016-12-13,0.5552302177433426
2016-12-14,0.5462565647518626
2016-12-15,0.5508875319151096
2016-12-16,0.5512904636920385
2016-12-17,0.5819860393850542
2016-12-18,0.5946128923062043
2016-12-19,0.5935349180747953
2016-12-20,0.5739635539874103
2016-12-21,0.5778844932896207
2016-12-22,0.5799943352721064
2016-12-23,0.5929203055628232
2016-12-24,0.5848376597602604
2016-12-25,0.5997946144442959
2016-12-26,0.5850851868819311
2016-12-27,0.5737065565197352
2016-12-28,0.5790097768765866
2016-12-29,0.5672518631394818
2016-12-30,0.5658406647116325
2016-12-31,0.5786000056555185
2017-01-01,0.5661222298306773
2017-01-02,0.5492860310077068
2017-01-03,0.5023577235772357
2017-01-04,0.5017253114877553
2017-01-05,0.47070052161585346
2017-01-06,0.47696640601957396
2017-01-07,0.5274919688106172
2017-01-08,0.5421020176960694
2017-01-09,0.5321889066910811
2017-01-10,0.5351327670205408
2017-01-11,0.6127365008503401
2017-01-12,0.5983591270010329
2017-01-13,0.6184069358921084
2017-01-14,0.67334124729724
2017-01-15,0.7470150151504898
2017-01-16,0.7519691609841257
2017-01-17,0.7530846876777109
2017-01-18,0.7531880548829701
2017-01-19,0.7612657308809294
2017-01-20,0.7414688547850464
2017-01-21,0.779426695420826
2017-01-22,0.7868170489064188
2017-01-23,0.7854823542427259
2017-01-24,0.7681754845830172
2017-01-25,0.7564154322709455
2017-01-26,0.8019855904641863
2017-01-27,0.7987164314309927
2017-01-28,0.8184043546587105
2017-01-29,0.8295515686916057
2017-01-30,0.8225534438251607
2017-01-31,0.8581695456157237
2017-02-01,0.8820975772195284
2017-02-02,0.9137235306828004
2017-02-03,0.8939209671841809
2017-02-04,0.8976622650436578
2017-02-05,0.9031746755458527
2017-02-06,0.8897503728175014
2017-02-07,0.8574316057358196
2017-02-08,0.8532500621426796
2017-02-09,0.8729087822069018
2017-02-10,0.8129418147629752
2017-02-11,0.8258297651382714
2017-02-12,0.8274679848015761
2017-02-13,0.7797037544039769
2017-02-14,0.7322146464115872
2017-02-15,0.7327087505928616
2017-02-16,0.7601262557602884
2017-02-17,0.7591146410701166
2017-02-18,0.7641412213740458
2017-02-19,0.799003762180351
2017-02-20,0.815850326743206
2017-02-21,0.7951495890146605
2017-02-22,0.7919296888430463
2017-02-23,0.7785284570624884
2017-02-24,0.7757565593576519
2017-02-25,0.7595637931961778
2017-02-26,0.7527546097551003
2017-02-27,0.7274336170375502
2017-02-28,0.7198955365622032
2017-03-01,0.7058650098517208
2017-03-02,0.7168792669174202
2017-03-03,0.6850885193878556
2017-03-04,0.7186741622130348
2017-03-05,0.6866929652096267
2017-03-06,0.6984018631545132
2017-03-07,0.6746277975178432
2017-03-08,0.6734296507521953
2017-03-09,0.6710320873167226
2017-03-10,0.6215185885318211
2017-03-11,0.6059821791237145
2017-03-12,0.652231621070148
2017-03-13,0.6130884287181464
2017-03-14,0.5955262638879758
2017-03-15,0.5991382243814444
2017-03-16,0.5673107131636821
2017-03-17,0.5288019063308438
2017-03-18,0.47457382753699684
2017-03-19,0.45093406481763687
2017-03-20,0.47324991079248707
2017-03-21,0.43517329442695224
2017-03-22,0.38125516755807043
2017-03-23,0.3695846059521095
2017-03-24,0.39277686667952927
2017-03-25,0.4314282047271254
2017-03-26,0.481865799230321
2017-03-27,0.4612601841269385
2017-03-28,0.44950956015020815
2017-03-29,0.47987061784551277
2017-03-30,0.5155462451596522
2017-03-31,0.5904790069732622
2017-04-01,0.5782810406290294
2017-04-02,0.668178381570244
2017-04-03,0.6722544762264389
2017-04-04,0.7019879974409193
2017-04-05,0.7043243471885399
2017-04-06,0.7096119890164776
2017-04-07,0.7266011081715169
2017-04-08,0.7136925956625456
2017-04-09,0.7585709847778813
2017-04-10,0.7363209276264446
2017-04-11,0.7271053347933951
2017-04-12,0.7203716951152412
2017-04-13,0.7273956568612352
2017-04-14,0.7242673982118638
2017-04-15,0.7304088912608733
2017-04-16,0.7827149733982925
2017-04-17,0.8342824549186336
2017-04-18,0.888290872793633
2017-04-19,0.8981036527874935
2017-04-20,0.9066852716425113
2017-04-21,0.9329429331201124
2017-04-22,0.9465030106530801
2017-04-23,0.94375
2017-04-24,0.9492037335921717
2017-04-25,0.9489897821882096
2017-04-26,0.9519160089646785
2017-04-27,0.952634011090573
2017-04-28,0.9489607390300231
2017-04-29,0.9265927977839334
2017-04-30,0.92455006922012
2017-05-01,0.9241236162361623
2017-05-02,0.9014565373603092
2017-05-03,0.8899821280869669
2017-05-04,0.9037309995393827
2017-05-05,0.85451197053407
2017-05-06,0.8518177634606534
2017-05-07,0.8505059797608095
2017-05-08,0.8560919540229885
2017-05-09,0.8261824521475256
2017-05-10,0.83210840606339
2017-05-11,0.8436639118457301
2017-05-12,0.8439651216154199
2017-05-13,0.8559633027522936
2017-05-14,0.8541953232462174
2017-05-15,0.865032080659945
2017-05-16,0.8788364635822263
2017-05-17,0.8887362637362637
2017-05-18,0.8814645308924485
2017-05-19,0.8472095150960659
2017-05-20,0.8390489254686786
2017-05-21,0.8112431444241316
2017-05-22,0.7724064973531591
2017-05-23,0.7667120451515925
2017-05-24,0.7686458698198055
2017-05-25,0.7363138686131387
2017-05-26,0.6996375991897783
2017-05-27,0.6953053783044667
2017-05-28,0.6872437357630979
2017-05-29,0.697484237074401
2017-05-30,0.7064751752669294
2017-05-31,0.7173413365189771
2017-06-01,0.76060014749848
2017-06-02,0.7853294412010008
2017-06-03,0.7683856401150067
2017-06-04,0.8043526118163089
2017-06-05,0.7923542063506869
2017-06-06,0.7788484876902455
2017-06-07,0.7704269163406383
2017-06-08,0.8075736970795901
2017-06-09,0.8156145314009131
2017-06-10,0.7993495227461798
2017-06-11,0.540077195577422
2017-06-12,0.5115317651937944
2017-06-13,0.510264948429604
2017-06-14,0.5116212178692777
2017-06-15,0.49161402692237255
2017-06-16,0.481453984533192
2017-06-17,0.46372151742587714
2017-06-18,0.47347353940351083
2017-06-19,0.40937896282599384
2017-06-20,0.3697460244840532
2017-06-21,0.34092263576943865
2017-06-22,0.3338222436085938
2017-06-23,0.34920345610889775
2017-06-24,0.36164890208669914
2017-06-25,0.4264891493505865
2017-06-26,0.37147329909673027
2017-06-27,0.402249751565291
2017-06-28,0.4325162705105812
2017-06-29,0.47742693868284203
2017-06-30,0.4739390214554812
2017-07-01,0.4774520538583528
2017-07-02,0.48748446852057903
2017-07-03,0.4955063895630489
2017-07-04,0.5016419415025444
2017-07-05,0.5114811495852731
2017-07-06,0.5365925104925007
2017-07-07,0.5632396376856298
2017-07-08,0.5747726499793353
2017-07-09,0.5987777625038216
2017-07-10,0.5794754640893586
2017-07-11,0.5809832732566096
2017-07-12,0.5844852133937148
2017-07-13,0.5998587329479242
2017-07-14,0.6227348153161004
2017-07-15,0.614490481675476
2017-07-16,0.587690921960884
2017-07-17,0.5752359107771947
2017-07-18,0.5842436545281836
2017-07-19,0.5692247117347939
2017-07-20,0.5911412178966612
2017-07-21,0.5934415831113594
2017-07-22,0.601384025439581
2017-07-23,0.5901815442436339
2017-07-24,0.6008874642170069
2017-07-25,0.5842322343324308
2017-07-26,0.6147279657803607
2017-07-27,0.6320171337371792
2017-07-28,0.6286299000539796
2017-07-29,0.6228637760629855
2017-07-30,0.6205364053222001
2017-07-31,0.6470123867937941
2017-08-01,0.6527535241981784
2017-08-02,0.6662076120473953
2017-08-03,0.6635484345508197
2017-08-04,0.655537779800755
2017-08-05,0.6294209056937479
2017-08-06,0.5980756879503298
2017-08-07,0.5958676212423647
2017-08-08,0.5979521441296156
2017-08-09,0.5756736188833135
2017-08-10,0.5792317105804364
2017-08-11,0.5813931222938222
2017-08-12,0.5825177133650229
2017-08-13,0.5601965846017714
2017-08-14,0.5620375811365632
2017-08-15,0.5607237602620189
2017-08-16,0.5669546659038476
2017-08-17,0.5495546381638965
2017-08-18,0.5563800463245833
2017-08-19,0.5517343742963663
2017-08-20,0.5657843533336018
2017-08-21,0.5701265637079639
2017-08-22,0.5775387025167105
2017-08-23,0.5650853803286556
2017-08-24,0.5477098405142647
2017-08-25,0.5571394921895422
2017-08-26,0.5242576218326316
2017-08-27,0.48594272401921446
2017-08-28,0.49260948564861784
2017-08-29,0.5110395473246317
2017-08-30,0.3564129136041912
2017-08-31,0.32207892602903926
2017-09-01,0.31656966561392824
2017-09-02,0.34092126041442244
2017-09-03,0.3576852131422846
2017-09-04,0.5180607301586665
2017-09-05,0.5863351474199926
2017-09-06,0.5963288283532185
2017-09-07,0.5739650592359645
2017-09-08,0.6372028545834609
2017-09-09,0.6551337076341585
2017-09-10,0.6768250490139546
2017-09-11,0.6509081464825508
2017-09-12,0.6547422087706406
2017-09-13,0.6730647078114639
2017-09-14,0.7089135789295685
2017-09-15,0.7164255018352915
2017-09-16,0.7469671404931008
2017-09-17,0.7709981276604484
2017-09-18,0.7892587643466831
2017-09-19,0.7997142807003801
2017-09-20,0.8218134246170051
2017-09-21,0.8169984823704435
2017-09-22,0.8241350454707032
2017-09-23,0.8446004040048755
2017-09-24,0.830430005658367
2017-09-25,0.8368731540682123
2017-09-26,0.8265087046546404
2017-09-27,0.8257630649071155
2017-09-28,0.8075743385991324
2017-09-29,0.8304721771897169
2017-09-30,0.8194539995404174
2017-10-01,0.8142023070711794
2017-10-02,0.8028444547649479
2017-10-03,0.7917875861173465
2017-10-04,0.657220050138537
2017-10-05,0.6602003763670913
2017-10-06,0.6442533577959201
2017-10-07,0.6333425966289795
2017-10-08,0.6173092649580375
2017-10-09,0.6003795778511742
2017-10-10,0.5479361954064401
2017-10-11,0.5391296935057256
2017-10-12,0.5277158981903778
2017-10-13,0.4739657205417842
2017-10-14,0.4144593556781149
2017-10-15,0.38228042576054255
2017-10-16,0.35626780282175274
2017-10-17,0.3190398743098483
2017-10-18,0.3124389098687965
2017-10-19,0.2990875661085676
2017-10-20,0.2952159651152094
2017-10-21,0.2773533029910389
2017-10-22,0.2752849391183077
2017-10-23,0.28175130429863043
2017-10-24,0.2913237001173517
2017-10-25,0.31141339076119495
2017-10-26,0.33088309740280736
2017-10-27,0.3199535344618737
2017-10-28,0.3394430418456463
2017-10-29,0.35807113025923715
2017-10-30,0.34954795225473645
2017-10-31,0.33868247534217616
2017-11-01,0.3416414221093413
2017-11-02,0.3445628831739666
2017-11-03,0.3553665721767447
2017-11-04,0.3491949540032158
2017-11-05,0.34342029891835696
2017-11-06,0.3415438350438114
2017-11-07,0.3594028039496145
2017-11-08,0.3806326508873678
2017-11-09,0.3964314738092918
2017-11-10,0.4415487916576552
2017-11-11,0.46430178973749264
2017-11-12,0.5030126205477954
2017-11-13,0.46356026302328895
2017-11-14,0.4874559333861659
2017-11-15,0.5009690498199392
2017-11-16,0.5141362594556717
2017-11-17,0.4957701011467707
2017-11-18,0.4981387806527948
2017-11-19,0.4884341953568941
2017-11-20,0.5030678954471678
2017-11-21,0.4926419926580328
2017-11-22,0.49985422193384116
2017-11-23,0.49568983186839194
2017-11-24,0.4927030672705616
2017-11-25,0.4869759583904299
2017-11-26,0.511749228527767
2017-11-27,0.48443868473830626
2017-11-28,0.48420783977806564
2017-11-29,0.49527776506510174
2017-11-30,0.48474712362933897
2017-12-01,0.4905482161477028
2017-12-02,0.47522941172511673
2017-12-03,0.4723508587741844
2017-12-04,0.4533157061680086
2017-12-05,0.450203017538739
2017-12-06,0.5220506428670454
2017-12-07,0.5965091544929687
2017-12-08,0.584609995684755
2017-12-09,0.5560634041271456
2017-12-10,0.5341110572555414
2017-12-11,0.49978472468037954
2017-12-12,0.4845908180807083
2017-12-13,0.5287586491230654
2017-12-14,0.5180993153351644
2017-12-15,0.5154323680637082
2017-12-16,0.5022064767602669
2017-12-17,0.49776951870981617
2017-12-18,0.4831824621872334
2017-12-19,0.48201639871721835
2017-12-20,0.48887665699148225
2017-12-21,0.48242666000860585
2017-12-22,0.47219976390849433
2017-12-23,0.4600278605425066
2017-12-24,0.4602044352044352
2017-12-25,0.4626942744149727
2017-12-26,0.46587744048800966
2017-12-27,0.4589397311170718
2017-12-28,0.4608740305686525
2017-12-29,0.4684351331649646
2017-12-30,0.4718529466896329
2017-12-31,0.4687630242869827
2018-01-01,0.47067689387547
2018-01-02,0.4795081079425108
2018-01-03,0.46888295687936504
2018-01-04,0.4722520079048402
2018-01-05,0.4656479005138068
2018-01-06,0.45628719275155766
2018-01-07,0.4533131351382908
2018-01-08,0.4602051301448014
2018-01-09,0.463934123050294
2018-01-10,0.4764015492711297
2018-01-11,0.47802999368105353
2018-01-12,0.4978637465054236
2018-01-13,0.5054806392822964
2018-01-14,0.5101124844986523
2018-01-15,0.5184602873330315
2018-01-16,0.5497973920810372
2018-01-17,0.5885754030112699
2018-01-18,0.5946998615843931
2018-01-19,0.5793975972430371
2018-01-20,0.5736459529163653
2018-01-21,0.5358273851121332
2018-01-22,0.4853853515910426
2018-01-23,0.4754806294812286
2018-01-24,0.4331344418286873
2018-01-25,0.41439621429248935
2018-01-26,0.4404569908673923
2018-01-27,0.4261470972758299
2018-01-28,0.37810286985663816
2018-01-29,0.3370023707177899
2018-01-30,0.30899989807810163
2018-01-31,0.3376602288399972
2018-02-01,0.3425776654522071
2018-02-02,0.35841811662280215
2018-02-03,0.35361438324353767
2018-02-04,0.35907027838006766
2018-02-05,0.36891568742090164
2018-02-06,0.37000061123863887
2018-02-07,0.37973111017243877
2018-02-08,0.3952263035361064
2018-02-09,0.39438896219831526
2018-02-10,0.41500136782028446
2018-02-11,0.4150430315171905
2018-02-12,0.4380321191279089
2018-02-13,0.45175981063776477
2018-02-14,0.44362445833034064
2018-02-15,0.4537858646246611
2018-02-16,0.45608655125380887
2018-02-17,0.4659891598915989
2018-02-18,0.463795997731623
2018-02-19,0.4595208596929405
2018-02-20,0.469992724829694
2018-02-21,0.4589886015463718
2018-02-22,0.44156601514775135
2018-02-23,0.43724430026133193
2018-02-24,0.4369455722145077
2018-02-25,0.4463396643721977
2018-02-26,0.45275786857063705
2018-02-27,0.462761409350883
2018-02-28,0.47632695151271665
2018-03-01,0.47899457586757216
2018-03-02,0.456233741936742
2018-03-03,0.4342135134662408
2018-03-04,0.45796205946905616
2018-03-05,0.4609152158961178
2018-03-06,0.45255596023335926
2018-03-07,0.4546537870971086
2018-03-08,0.4669350783002351
2018-03-09,0.492634959752432
2018-03-10,0.4896366788426129
2018-03-11,0.5086606882537584
2018-03-12,0.49247617248161757
2018-03-13,0.49108493181148893
2018-03-14,0.4777753158103752
2018-03-15,0.47483518262008784
2018-03-16,0.4860742691543702
2018-03-17,0.4800274638279282
2018-03-18,0.4846869527440711
2018-03-19,0.46574168174471636
2018-03-20,0.46535000198189747
2018-03-21,0.4672248890692521
2018-03-22,0.46697675545577444
2018-03-23,0.46857392261483305
2018-03-24,0.4728912549369902
2018-03-25,0.4818313878161076
2018-03-26,0.48058077077680267
2018-03-27,0.4767313904744019
2018-03-28,0.48465043477656566
2018-03-29,0.48841964995385706
2018-03-30,0.5038864995014211
2018-03-31,0.5054342800381882
2018-04-01,0.5342543590017128
2018-04-02,0.5425820700115533
2018-04-03,0.5439474481062837
2018-04-04,0.5488292872698062
2018-04-05,0.5665644859105755
2018-04-06,0.569959960826834
2018-04-07,0.5772100323898627
2018-04-08,0.557304328169285
2018-04-09,0.539045982301874
2018-04-10,0.5268470556956887
2018-04-11,0.5471821779755282
2018-04-12,0.5321874398696457
2018-04-13,0.5113488102391611
2018-04-14,0.5151709433077177
2018-04-15,0.5051923713656654
2018-04-16,0.4998267892409545
2018-04-17,0.500194260342743
2018-04-18,0.5249454421665236
2018-04-19,0.5295999182149367
2018-04-20,0.5367171674775052
2018-04-21,0.5357571206666227
2018-04-22,0.5412885174866316
2018-04-23,0.5427778237175997
2018-04-24,0.5391030884364656
2018-04-25,0.5258557223217554
2018-04-26,0.5217963123302995
2018-04-27,0.5121858681446881
2018-04-28,0.5049908564634823
2018-04-29,0.4943529148397913
2018-04-30,0.4895563023112452
2018-05-01,0.47960343895225627
2018-05-02,0.47617265525471625
2018-05-03,0.4744798968801458
2018-05-04,0.461171689949418
2018-05-05,0.4416847276520082
2018-05-06,0.4081938854230664
2018-05-07,0.384162936276304
2018-05-08,0.38477730371351765
2018-05-09,0.3816963475203736
2018-05-10,0.36254553704861253
2018-05-11,0.35887073269516323
2018-05-12,0.3580907879317537
2018-05-13,0.3650282933321571
2018-05-14,0.3581540510526428
2018-05-15,0.366483862950294
2018-05-16,0.37295014112807096
2018-05-17,0.3738459238444302
2018-05-18,0.3692956002439969
2018-05-19,0.3703664778219611
2018-05-20,0.36451976319276436
2018-05-21,0.368820455619641
2018-05-22,0.35465141772133596
2018-05-23,0.3590216245771009
2018-05-24,0.3515795636733698
2018-05-25,0.360047321996477
2018-05-26,0.3618905683273226
2018-05-27,0.3707234050426163
2018-05-28,0.38473102418414923
2018-05-29,0.3945069887179278
2018-05-30,0.4027161075165351
2018-05-31,0.3991192677712017
2018-06-01,0.41535786135315395
2018-06-02,0.4192030513804958
2018-06-03,0.4472986283153105
2018-06-04,0.46544332391164805
2018-06-05,0.4810454319209793
2018-06-06,0.48441605731381027
2018-06-07,0.484981820100407
2018-06-08,0.49265906796989034
2018-06-09,0.4973195134899309
2018-06-10,0.4841909897249672
2018-06-11,0.49025239517385355
2018-06-12,0.5024196910855742
2018-06-13,0.4984304261427936
2018-06-14,0.49105005989784417
2018-06-15,0.49045344610922165
2018-06-16,0.48635939804190936
2018-06-17,0.49260898067712233
2018-06-18,0.4908314959249464
2018-06-19,0.4918268843722906
2018-06-20,0.496299830519084
2018-06-21,0.5034199977716205
2018-06-22,0.5108863696028113
2018-06-23,0.5323817362878909
2018-06-24,0.5441272037318442
2018-06-25,0.5308602548770969
2018-06-26,0.5280713956423222
2018-06-27,0.5202196013582268
2018-06-28,0.5207543833921342
2018-06-29,0.5130165606125372
2018-06-30,0.5092733822497973
2018-07-01,0.5034878661427674
2018-07-02,0.5034777715939516
2018-07-03,0.5037782222491876
2018-07-04,0.5184758105093726
2018-07-05,0.5260836679936228
2018-07-06,0.5282949378246863
2018-07-07,0.5356860570136391
2018-07-08,0.5287061194600402
2018-07-09,0.5342143166777543
2018-07-10,0.551913455793858
2018-07-11,0.5425035595472817
2018-07-12,0.54255933305358
2018-07-13,0.5467841488475161
2018-07-14,0.5563098998715751
2018-07-15,0.5575632408846815
2018-07-16,0.5585543295524747
2018-07-17,0.5441984779392701
2018-07-18,0.5376320799535397
2018-07-19,0.5334521498068824
2018-07-20,0.5283704613968164
2018-07-21,0.5150360284839451
2018-07-22,0.510148101151648
2018-07-23,0.5019384302326034
2018-07-24,0.4825024540088298
2018-07-25,0.4762305458605179
2018-07-26,0.4743079844092033
2018-07-27,0.47304859275930333
2018-07-28,0.4714915325146929
2018-07-29,0.4778349328254478
2018-07-30,0.4829044180856204
2018-07-31,0.4792581484396769
2018-08-01,0.4732524824573017
2018-08-02,0.47791902580170137
2018-08-03,0.4572059419231366
2018-08-04,0.44795252419133674
2018-08-05,0.452063186471017
2018-08-06,0.45074180992954244
2018-08-07,0.4588133830525724
2018-08-08,0.45360949726380756
2018-08-09,0.4450491750775756
2018-08-10,0.44728885728529444
2018-08-11,0.4464908016660014
2018-08-12,0.44657234796970974
2018-08-13,0.44027771945141175
2018-08-14,0.43767058055080527
2018-08-15,0.4319340901347844
2018-08-16,0.45191541070391406
2018-08-17,0.46651927558539014
2018-08-18,0.4634849289270688
2018-08-19,0.46514425695213163
2018-08-20,0.4741604906836883
2018-08-21,0.47572991543552506
2018-08-22,0.4722556503401875
2018-08-23,0.4874763544077178
2018-08-24,0.5086369208043442
2018-08-25,0.5111536853025838
2018-08-26,0.5116375965206974
2018-08-27,0.5153151755323289
2018-08-28,0.5160587894376201
2018-08-29,0.5055813361197748
2018-08-30,0.513973643776626
2018-08-31,0.5117220521879203
2018-09-01,0.5064490318167171
2018-09-02,0.5061303850321773
2018-09-03,0.5150706752532553
2018-09-04,0.5021944791187023
2018-09-05,0.49740137564008924
2018-09-06,0.4947348647397746
2018-09-07,0.486573026928157
2018-09-08,0.48531037404357696
2018-09-09,0.48379941403197213
2018-09-10,0.48210107858966816
2018-09-11,0.48295737856945525
2018-09-12,0.48563253206260004
2018-09-13,0.48028621609905975
2018-09-14,0.4858186293321314
2018-09-15,0.47640380372156926
2018-09-16,0.4703821518711136
2018-09-17,0.47261459831662384
2018-09-18,0.4669460441832192
2018-09-19,0.4644170173771993
2018-09-20,0.4623977568843456
2018-09-21,0.4655183551604718
2018-09-22,0.4594524098896837
2018-09-23,0.4559813295582948
2018-09-24,0.45372485281473734
2018-09-25,0.45384043306159266
2018-09-26,0.4513774595698574
2018-09-27,0.456244497460065
2018-09-28,0.4676020158733161
2018-09-29,0.47675777603789493
2018-09-30,0.4918641869599781
2018-10-01,0.487625385686961
2018-10-02,0.4925846906158328
2018-10-03,0.503486789296203
2018-10-04,0.503779879471166
2018-10-05,0.5123269329088603
2018-10-06,0.5236467857944819
2018-10-07,0.5329995636857933
2018-10-08,0.5251561508890562
2018-10-09,0.5229407401896776
2018-10-10,0.5248663820303024
2018-10-11,0.5167017159076248
2018-10-12,0.5155674507992806
2018-10-13,0.5127855004220631
2018-10-14,0.5113346880514841
2018-10-15,0.5135556636632984
2018-10-16,0.5336627322512613
2018-10-17,0.5428403740416986
2018-10-18,0.5396459973646371
2018-10-19,0.5406193579059387
2018-10-20,0.5337746246849758
2018-10-21,0.5320623937318638
2018-10-22,0.5363221693919433
2018-10-23,0.5402672128104059
2018-10-24,0.5975726769847891
2018-10-25,0.6018362470619824
2018-10-26,0.6073143866135884
2018-10-27,0.6142060540148229
2018-10-28,0.6097616080174539
2018-10-29,0.6076090160879984
2018-10-30,0.6042945001705324
2018-10-31,0.6064079639334686
2018-11-01,0.6127782772370974
2018-11-02,0.6114884776184737
2018-11-03,0.5983687309050372
2018-11-04,0.5995903919063366
2018-11-05,0.5957695193723568
2018-11-06,0.5988221953973862
2018-11-07,0.5917275710799756
2018-11-08,0.589679883983851
2018-11-09,0.5857499228651288
2018-11-10,0.5841854396024827
2018-11-11,0.5814104017146466
2018-11-12,0.5864534606463359
2018-11-13,0.5787150659486909
2018-11-14,0.5806500028163164
2018-11-15,0.555362240629544
2018-11-16,0.5519484181912891
2018-11-17,0.551481371097152
2018-11-18,0.5551860590970661
2018-11-19,0.560840283028001
2018-11-20,0.5382754809503025
2018-11-21,0.5325979975383442
2018-11-22,0.5097157030958038
2018-11-23,0.4899626613075693
2018-11-24,0.4676035999121578
2018-11-25,0.45294537010827157
2018-11-26,0.43711565654918694
2018-11-27,0.442379047407501
2018-11-28,0.4478853158189365
2018-11-29,0.46243650408430825
2018-11-30,0.4764426257454415
2018-12-01,0.4735894554139618
2018-12-02,0.47070971550974405
2018-12-03,0.4785308022059129
2018-12-04,0.46991006998784635
2018-12-05,0.4695057295653525
2018-12-06,0.4625695416309442
2018-12-07,0.46253878451102853
2018-12-08,0.4630683865202591
2018-12-09,0.4637909767416808
2018-12-10,0.474065400821704
2018-12-11,0.47258114055425915
2018-12-12,0.4694458990895856
2018-12-13,0.4765313846535997
2018-12-14,0.4784326130596426
2018-12-15,0.48831367153294447
2018-12-16,0.4867274340725557
2018-12-17,0.4884882778033811
2018-12-18,0.49256816027559513
2018-12-19,0.5035403442381303
2018-12-20,0.5356033562368284
2018-12-21,0.5514246062705209
2018-12-22,0.5597987310852978
2018-12-23,0.5735738100647475
2018-12-24,0.6120510848499805
2018-12-25,0.6230916148222867
2018-12-26,0.6320774670766486
2018-12-27,0.6250344562930076
2018-12-28,0.6225615085876854
2018-12-29,0.6267170385387674
2018-12-30,0.6182945805893663
2018-12-31,0.6206714589392686
2019-01-01,0.6277409460316585
2019-01-02,0.6269234691495696
2019-01-03,0.6350882995597938
2019-01-04,0.6417497124425441
2019-01-05,0.6660819823255949
2019-01-06,0.6650392153780936
2019-01-07,0.6637008637562811
2019-01-08,0.656757434510644
2019-01-09,0.6481427556644608
2019-01-10,0.656701223194454
2019-01-11,0.6704674623472577
2019-01-12,0.6801923340090289
2019-01-13,0.6795801482205901
2019-01-14,0.6691480962295775
2019-01-15,0.6715427318056656
2019-01-16,0.6768977904537501
2019-01-17,0.6803987007305892
2019-01-18,0.6746863007986864
2019-01-19,0.665740952421036
2019-01-20,0.6641342966182623
2019-01-21,0.6714233805720549
2019-01-22,0.6719144318681378
2019-01-23,0.6791136253064469
2019-01-24,0.6795034851814901
2019-01-25,0.6840531781480228
2019-01-26,0.6933750192675594
2019-01-27,0.6913916645832929
2019-01-28,0.6811426805413023
2019-01-29,0.6859949024024394
2019-01-30,0.6856382394502301
2019-01-31,0.6840605722759685
2019-02-01,0.6860612867220417
2019-02-02,0.6901042925255103
2019-02-03,0.6886197514764634
2019-02-04,0.6819428181999354
2019-02-05,0.6784197753521439
2019-02-06,0.6855450065966104
2019-02-07,0.6893666832709587
2019-02-08,0.6792814707117103
2019-02-09,0.6789745409038901
2019-02-10,0.661539864015158
2019-02-11,0.6490368115431091
2019-02-12,0.6576915283298261
2019-02-13,0.6583436648364751
2019-02-14,0.6519126404348508
2019-02-15,0.6424302928243735
2019-02-16,0.6508732783703985
2019-02-17,0.6471834381486237
2019-02-18,0.6432851479564756
2019-02-19,0.6417944750267246
2019-02-20,0.6402808668855493
2019-02-21,0.6353376636230865
2019-02-22,0.6331381654945378
2019-02-23,0.6298015995716374
2019-02-24,0.6293013486918896
2019-02-25,0.6199482321179752
2019-02-26,0.6306169647150327
2019-02-27,0.6389996754592787
2019-02-28,0.6251630781187556
2019-03-01,0.621098714304556
2019-03-02,0.6300047948213332
2019-03-03,0.6184809273281793
2019-03-04,0.606788037069077
2019-03-05,0.6005892069165666
2019-03-06,0.6096405676976979
2019-03-07,0.6181223699086708
2019-03-08,0.6119511438648964
2019-03-09,0.6198034915326242
2019-03-10,0.6364994878628047
2019-03-11,0.6412411198124562
2019-03-12,0.6459943978559943
2019-03-13,0.6472701916520465
2019-03-14,0.6350324903947606
2019-03-15,0.6479043064609064
2019-03-16,0.6551920955181394
2019-03-17,0.6581952725970894
2019-03-18,0.6539409704712094
2019-03-19,0.6596755430447458
2019-03-20,0.6582135804692231
2019-03-21,0.6602124360409635
2019-03-22,0.6639290831934794
2019-03-23,0.6662935868549912
2019-03-24,0.6631036972715639
2019-03-25,0.6657563482635416
2019-03-26,0.6655534133165997
2019-03-27,0.6688240630219101
2019-03-28,0.6594954030061108
2019-03-29,0.6543783721367018
2019-03-30,0.6560227762619764
2019-03-31,0.6634878805047028
2019-04-01,0.6574672041777407
2019-04-02,0.6725269825720274
2019-04-03,0.6488703327473498
2019-04-04,0.6466522948321852
2019-04-05,0.6412069174519968
2019-04-06,0.6390827728849106
2019-04-07,0.6454625336382609
2019-04-08,0.6298819889422994
2019-04-09,0.6098312516230344
2019-04-10,0.6042252378918613
2019-04-11,0.6110556231782927
2019-04-12,0.6003522520046921
2019-04-13,0.6077312456018875
2019-04-14,0.600181231020754
2019-04-15,0.5982850378319815
2019-04-16,0.5895148942933557
2019-04-17,0.5804505008926766
2019-04-18,0.5670902983042271
2019-04-19,0.5640452965451292
2019-04-20,0.5554051772540002
2019-04-21,0.5474899469972284
2019-04-22,0.5385327274070958
2019-04-23,0.5347091424664111
2019-04-24,0.5375796283946438
2019-04-25,0.531805398985195
2019-04-26,0.5362381965654842
2019-04-27,0.5413288807521386
2019-04-28,0.516323012073981
2019-04-29,0.509453109096802
2019-04-30,0.5191200617557025
2019-05-01,0.5209697774801391
2019-05-02,0.5203195719588479
2019-05-03,0.5414888015328058
2019-05-04,0.5443970334642126
2019-05-05,0.5488480958871623
2019-05-06,0.5474714034547535
2019-05-07,0.547267941581488
2019-05-08,0.572470637086824
2019-05-09,0.5921724864567153
2019-05-10,0.6080430541195605
2019-05-11,0.605193123624802
2019-05-12,0.6213144750101561
2019-05-13,0.6242202498732139
2019-05-14,0.6166593257683408
2019-05-15,0.6088659022706324
2019-05-16,0.602638421130071
2019-05-17,0.5994293265474482
2019-05-18,0.6082398059562707
2019-05-19,0.6096413958387383
2019-05-20,0.6005846074450906
2019-05-21,0.5993107604222976
2019-05-22,0.6028976097832913
2019-05-23,0.6095422829626822
2019-05-24,0.6032621036829255
2019-05-25,0.6118930596811383
2019-05-26,0.6071821570532596
2019-05-27,0.5801305692263863
2019-05-28,0.5671977395946852
2019-05-29,0.5578592921584759
2019-05-30,0.544579439550862
2019-05-31,0.5317581630120142
2019-06-01,0.5290660663046406
2019-06-02,0.5203455744865879
2019-06-03,0.5186474723076058
2019-06-04,0.5089610241154777
2019-06-05,0.5034416249957437
2019-06-06,0.4992377912082111
2019-06-07,0.47806097412118476
2019-06-08,0.4745857486466746
2019-06-09,0.4696137029861959
2019-06-10,0.45349665581600945
2019-06-11,0.4280981738480929
2019-06-12,0.41024834591370796
2019-06-13,0.4113015567330526
2019-06-14,0.41429287178968405
2019-06-15,0.4248267743094465
2019-06-16,0.4140200188262171
2019-06-17,0.40783728413010667
2019-06-18,0.40611150709137456
2019-06-19,0.4066590046892511
2019-06-20,0.39108314780620046
2019-06-21,0.3979744026056206
2019-06-22,0.40537066527572285
2019-06-23,0.4021095718027491
2019-06-24,0.40605673517011714
2019-06-25,0.4028672866121457
2019-06-26,0.3999753889035647
2019-06-27,0.376367020802738
2019-06-28,0.3545353220400961
2019-06-29,0.3542773384854828
2019-06-30,0.34445487057846225
2019-07-01,0.3194128366357992
2019-07-02,0.31279034145800155
2019-07-03,0.3108121222907038
2019-07-04,0.3007408204753958
2019-07-05,0.29378751501527556
2019-07-06,0.29274518880662465
2019-07-07,0.2956231566456774
2019-07-08,0.2989338097023794
2019-07-09,0.2901451401964153
2019-07-10,0.29142080661130076
2019-07-11,0.288042896522099
2019-07-12,0.2782701641887035
2019-07-13,0.2751304661578243
2019-07-14,0.2714939358749265
2019-07-15,0.26852986699182135
2019-07-16,0.282585592067763
2019-07-17,0.28639024444555117
2019-07-18,0.29127408194293236
2019-07-19,0.29764365422043104
2019-07-20,0.3211345434973819
2019-07-21,0.30412041113868993
2019-07-22,0.2988823966804978
2019-07-23,0.30607148117356336
2019-07-24,0.31715220690490775
2019-07-25,0.319250982087658
2019-07-26,0.31748576598524364
2019-07-27,0.3474636446518984
2019-07-28,0.364770404296609
2019-07-29,0.36640360538378075
2019-07-30,0.3738998658697932
2019-07-31,0.40126393261257326
2019-08-01,0.41321747593656877
2019-08-02,0.42401939072619443
2019-08-03,0.4256883714082398
2019-08-04,0.4390002561852549
2019-08-05,0.4487874966053835
2019-08-06,0.454408450299791
2019-08-07,0.48077789531748194
2019-08-08,0.5121857268036287
2019-08-09,0.51845632104554
2019-08-10,0.5266066280669714
2019-08-11,0.5409485456014562
2019-08-12,0.5440643664690765
2019-08-13,0.5464104404618172
2019-08-14,0.5547027649064982
2019-08-15,0.5497879167694422
2019-08-16,0.556872368046617
2019-08-17,0.5589187807799327
2019-08-18,0.5623468256795321
2019-08-19,0.5514807998100103
2019-08-20,0.5578351733853103
2019-08-21,0.5619915532494095
2019-08-22,0.5674465706463243
2019-08-23,0.5641730643420777
2019-08-24,0.5646444533874742
2019-08-25,0.5681002236385412
2019-08-26,0.5622300625305512
2019-08-27,0.5582570933957509
2019-08-28,0.5603139976513977
2019-08-29,0.5743967036813566
2019-08-30,0.5806447021522074
2019-08-31,0.5959693721505523
2019-09-01,0.5927905970083578
2019-09-02,0.5946547563127353
2019-09-03,0.6086248690972079
2019-09-04,0.5875531875849798
2019-09-05,0.6013597042538197
2019-09-06,0.5749648730862604
2019-09-07,0.5680857688786551
2019-09-08,0.5779818059789744
2019-09-09,0.5776645924151362
2019-09-10,0.5579976161062948
2019-09-11,0.5622403080776945
2019-09-12,0.5713075371752251
2019-09-13,0.5625115121366486
2019-09-14,0.5665554671198293
2019-09-15,0.5634882534629655
2019-09-16,0.5536585954029831
2019-09-17,0.5479058027186068
2019-09-18,0.5534316037828051
2019-09-19,0.5549969421209126
2019-09-20,0.5574092188296627
2019-09-21,0.5462461273094513
2019-09-22,0.5422698480560326
2019-09-23,0.5528464386970424
2019-09-24,0.5391478549518185
2019-09-25,0.5335352118982442
2019-09-26,0.5311122761537359
2019-09-27,0.5322556471385375
2019-09-28,0.5271257028351929
2019-09-29,0.5244515799126183
2019-09-30,0.5224169241031995
2019-10-01,0.5272252252833062
2019-10-02,0.5415985496907955
2019-10-03,0.5386943916037107
2019-10-04,0.5545586145464694
2019-10-05,0.5589366818292958
2019-10-06,0.5724213294431948
2019-10-07,0.5751253536415489
2019-10-08,0.5784866145673416
2019-10-09,0.5767637330883553
2019-10-10,0.5912640397104569
2019-10-11,0.5862585396198035
2019-10-12,0.5940085893621823
2019-10-13,0.5989918824224469
2019-10-14,0.5868032965561228
2019-10-15,0.595074782215298
2019-10-16,0.592477761776722
2019-10-17,0.5994547734142024
2019-10-18,0.5962244211490814
2019-10-19,0.6035030735872416
2019-10-20,0.6032800058001286
2019-10-21,0.6083478264902136
2019-10-22,0.5971091366741889
2019-10-23,0.598781980024252
2019-10-24,0.6036470383520978
2019-10-25,0.6237676517353077
2019-10-26,0.6270524358365476
2019-10-27,0.6134722417288199
2019-10-28,0.6166904419324629
2019-10-29,0.6132251545608498
2019-10-30,0.6093329751256348
2019-10-31,0.614882910887024
2019-11-01,0.605862127416625
2019-11-02,0.6083655325438877
2019-11-03,0.6019917165294435
2019-11-04,0.598666761417727
2019-11-05,0.5931659116509819
2019-11-06,0.5825510382697056
2019-11-07,0.5773468358268884
2019-11-08,0.5714956272517003
2019-11-09,0.5713260883024788
2019-11-10,0.5785296381336249
2019-11-11,0.5684802631038693
2019-11-12,0.561443728648256
2019-11-13,0.5678815550574741
2019-11-14,0.5467544452220117
2019-11-15,0.5449230405992292
2019-11-16,0.5384032854252653
2019-11-17,0.5447525098026875
2019-11-18,0.5291805741826022
2019-11-19,0.5230735859050479
2019-11-20,0.520035368381498
2019-11-21,0.5427060393934929
2019-11-22,0.528471181966762
2019-11-23,0.5441910523695408
2019-11-24,0.5344443725679203
2019-11-25,0.5350115186876205
2019-11-26,0.5581262002777038
2019-11-27,0.5437245494222196
2019-11-28,0.5407376746294974
2019-11-29,0.5469433865883113
2019-11-30,0.5480603999828092
2019-12-01,0.548134158529817
2019-12-02,0.5462082631466366
2019-12-03,0.5342935009874802
2019-12-04,0.5385148242893332
2019-12-05,0.541478544391647
2019-12-06,0.546244608112105
2019-12-07,0.5525612546703581
2019-12-08,0.5551951990328412
2019-12-09,0.5494321714334979
2019-12-10,0.543843227161088
2019-12-11,0.5373041683671724
2019-12-12,0.543091086341825
2019-12-13,0.5487446331860969
2019-12-14,0.5588129432627352
2019-12-15,0.5650461026306495
2019-12-16,0.5674271845904992
2019-12-17,0.5696632594157626
2019-12-18,0.57187576038803
2019-12-19,0.573853293202679
2019-12-20,0.5737417852096562
2019-12-21,0.5707213571069453
2019-12-22,0.5738974038149299
2019-12-23,0.5690375127022114
2019-12-24,0.5662589717751437
2019-12-25,0.5726813233615491
2019-12-26,0.5729529252300701
2019-12-27,0.5697574639891476
2019-12-28,0.5658504431005005
2019-12-29,0.5559774644467543
2019-12-30,0.5477837831920579
2019-12-31,0.5450685924859717
2020-01-01,0.5447140207714789
2020-01-02,0.5552815977826681
2020-01-03,0.5397839011688546
2020-01-04,0.5360529618876534
2020-01-05,0.53158734401291
2020-01-06,0.5295527516413417
2020-01-07,0.533242295826668
2020-01-08,0.5310000756064195
2020-01-09,0.5370833903611814
2020-01-10,0.5424628641505594
2020-01-11,0.5449137037789223
2020-01-12,0.5544056339744801
2020-01-13,0.5514111331241565
2020-01-14,0.5511976774641114
2020-01-15,0.5432681323914788
2020-01-16,0.5410560357620456
2020-01-17,0.5431272651764498
2020-01-18,0.5478255805929717
2020-01-19,0.553458312442196
2020-01-20,0.5628197474231048
2020-01-21,0.563909251472103
2020-01-22,0.5778862134075936
2020-01-23,0.5877266485642765
2020-01-24,0.5929260133847409
2020-01-25,0.5838186608524538
2020-01-26,0.5905031723935141
2020-01-27,0.5805145255612139
2020-01-28,0.5756439249892175
2020-01-29,0.563665430920203
2020-01-30,0.5593637121098207
2020-01-31,0.5678798579945581
2020-02-01,0.5846671068708261
2020-02-02,0.5946252004192991
2020-02-03,0.581937445249404
2020-02-04,0.5887746616372496
2020-02-05,0.5782539604702752
2020-02-06,0.5773910680110901
2020-02-07,0.5810442949782668
2020-02-08,0.5773730308167997
2020-02-09,0.5802149843513358
2020-02-10,0.5703332367501017
2020-02-11,0.5646745632240935
2020-02-12,0.5531918343232398
2020-02-13,0.5545292596276667
2020-02-14,0.5669377956131174
2020-02-15,0.5758750295217265
2020-02-16,0.5744969652081098
2020-02-17,0.5703778552727332
2020-02-18,0.5682245291621146
2020-02-19,0.5678120862363495
2020-02-20,0.5626252975020296
2020-02-21,0.5624184470882712
2020-02-22,0.556833461293783
2020-02-23,0.5509211515945731
2020-02-24,0.5602480427751424
2020-02-25,0.5553198156802899
2020-02-26,0.5558548173776512
2020-02-27,0.5535259435342317
2020-02-28,0.5780842344632294
2020-02-29,0.5829927400745568
2020-03-01,0.5698812389225069
2020-03-02,0.5564688046711121
2020-03-03,0.5665839161158143
2020-03-04,0.5856112830907918
2020-03-05,0.5911292511595847
2020-03-06,0.6077203134114322
2020-03-07,0.623896355194048
2020-03-08,0.6266029330452807
2020-03-09,0.6182077900520093
2020-03-10,0.6156574693904211
2020-03-11,0.6082671788600212
2020-03-12,0.6179209013579032
2020-03-13,0.62856376997139
2020-03-14,0.6239221009615877
2020-03-15,0.6125907277378244
2020-03-16,0.6093579496852886
2020-03-17,0.6190458070056042
2020-03-18,0.604762613107634
2020-03-19,0.6181090847161624
2020-03-20,0.6199886390824751
2020-03-21,0.6092145941237351
2020-03-22,0.6103757085277473
2020-03-23,0.5956947646611691
2020-03-24,0.6012618948391446
2020-03-25,0.6100390300008243
2020-03-26,0.6197882029401062
2020-03-27,0.6201668355922846
2020-03-28,0.6323851789277084
2020-03-29,0.6394438553932285
2020-03-30,0.6371049248414293
2020-03-31,0.6384384492933499
2020-04-01,0.6511494741830638
2020-04-02,0.6516626410556247
2020-04-03,0.6477479118038187
2020-04-04,0.6405305375974379
2020-04-05,0.6391384526597108
2020-04-06,0.6217715599286907
2020-04-07,0.6247098463895648
2020-04-08,0.6321583304764362
2020-04-09,0.65549223987533
2020-04-10,0.6874113748581645
2020-04-11,0.6914969091459839
2020-04-12,0.6827910245867345
2020-04-13,0.6917769883476342
2020-04-14,0.6971287216678523
2020-04-15,0.7059796709332823
2020-04-16,0.6963659813315439
2020-04-17,0.7027829501445562
2020-04-18,0.6956091811419688
2020-04-19,0.7021139650033623
2020-04-20,0.6846439290868096
2020-04-21,0.6749275851783787
2020-04-22,0.6826179594404901
2020-04-23,0.6897084871579258
2020-04-24,0.6948319532310004
2020-04-25,0.6939298055532388
2020-04-26,0.701834698875513
2020-04-27,0.7035440970942567
2020-04-28,0.6702388971050994
2020-04-29,0.6763432724562353
2020-04-30,0.672035301816747
2020-05-01,0.6475717231979092
2020-05-02,0.644922794108042
2020-05-03,0.6405919448981998
2020-05-04,0.6441628166930864
2020-05-05,0.636111302976558
2020-05-06,0.6456571463632725
2020-05-07,0.6446039755452612
2020-05-08,0.6397801293779307
2020-05-09,0.6216948216162197
2020-05-10,0.6128118059266792
2020-05-11,0.5970019913809343
2020-05-12,0.5942495960559958
2020-05-13,0.6151958864748344
2020-05-14,0.6181982778361633
2020-05-15,0.6135110429892401
2020-05-16,0.621237495281
2020-05-17,0.617268709361924
2020-05-18,0.6131844182477966
2020-05-19,0.6060517566756385
2020-05-20,0.6095467888863555
2020-05-21,0.6068040058132125
2020-05-22,0.598380825812697
2020-05-23,0.5918804515254407
2020-05-24,0.5915333989343039
2020-05-25,0.5854597360280633
2020-05-26,0.5931376573513517
2020-05-27,0.5948941386806834
2020-05-28,0.6053321676800361
2020-05-29,0.5982877326219765
2020-05-30,0.5940120642086881
2020-05-31,0.59636130619407
2020-06-01,0.5977803461199164
2020-06-02,0.6006089420838128
2020-06-03,0.5953641194410325
2020-06-04,0.5942003894193053
2020-06-05,0.5885354224885013
2020-06-06,0.5972670150428624
2020-06-07,0.6004971857349227
2020-06-08,0.6096059883739191
2020-06-09,0.6089412170646422
2020-06-10,0.6085401573754639
2020-06-11,0.605832079611434
2020-06-12,0.5987474272035095
2020-06-13,0.5947142966856842
2020-06-14,0.5926522923594879
2020-06-15,0.5842563308737023
2020-06-16,0.5805235683243906
2020-06-17,0.580781958002724
2020-06-18,0.5805418060829964
2020-06-19,0.5865900672999443
2020-06-20,0.5809717883942382
2020-06-21,0.5848030527214321
2020-06-22,0.5845566068529943
2020-06-23,0.586846684715184
2020-06-24,0.5919660164183759
2020-06-25,0.5835076695087211
2020-06-26,0.5755779747326478
2020-06-27,0.5656040731420873
2020-06-28,0.562796032516864
2020-06-29,0.5622924549343392
2020-06-30,0.5630059471572129
2020-07-01,0.5678575789614346
2020-07-02,0.5647663508060322
2020-07-03,0.5669165456096714
2020-07-04,0.5690074140964594
2020-07-05,0.5712102725425062
2020-07-06,0.5543758797463471
2020-07-07,0.5441757491012722
2020-07-08,0.5415511389137824
2020-07-09,0.535267796535255
2020-07-10,0.5357044114309775
2020-07-11,0.5317262018670259
2020-07-12,0.5208730709754216
2020-07-13,0.526061542939432
2020-07-14,0.539844042105967
2020-07-15,0.5423964388678175
2020-07-16,0.5452741262907035
2020-07-17,0.5461270133795035
2020-07-18,0.5481667830849603
2020-07-19,0.5421215450087693
2020-07-20,0.5523983838089269
2020-07-21,0.5505596095987556
2020-07-22,0.5425879350921722
2020-07-23,0.5353004120306581
2020-07-24,0.5334318995224736
2020-07-25,0.5315746750875183
2020-07-26,0.5306225721251203
2020-07-27,0.525842760973707
2020-07-28,0.5112247483469449
2020-07-29,0.5068934165259311
2020-07-30,0.5049254454606288
2020-07-31,0.4920659957093364
2020-08-01,0.4984671469444393
2020-08-02,0.4918722631002426
2020-08-03,0.4785712457887795
2020-08-04,0.48281780003329305
2020-08-05,0.49686414371164445
2020-08-06,0.5077930302921693
2020-08-07,0.5101012703557191
2020-08-08,0.5178080620102643
2020-08-09,0.5139998374268109
2020-08-10,0.5211696563002881
2020-08-11,0.5271972455824792
2020-08-12,0.5235689225664358
2020-08-13,0.5148528868976863
2020-08-14,0.524251248192023
2020-08-15,0.5364581111891231
2020-08-16,0.5504569069027544
2020-08-17,0.5591750700804324
2020-08-18,0.5567598975580745
2020-08-19,0.5561308892150758
2020-08-20,0.5693711997366752
2020-08-21,0.5676927090123816
2020-08-22,0.5831522699810077
2020-08-23,0.5808405428765324
2020-08-24,0.5743542103592918
2020-08-25,0.5768562187146686
2020-08-26,0.5751656142732593
2020-08-27,0.5833221172442471
2020-08-28,0.5881568819581988
2020-08-29,0.5898962113710307
2020-08-30,0.602006515742838
2020-08-31,0.6099043012191407
2020-09-01,0.6178585080004294
2020-09-02,0.6152708741777575
2020-09-03,0.6226667627488325
2020-09-04,0.6556506707431051
2020-09-05,0.6440547021444156
2020-09-06,0.6272500585972964
2020-09-07,0.6220374668316923
2020-09-08,0.6166750501209863
2020-09-09,0.6054479392872845
2020-09-10,0.6072849896984638
2020-09-11,0.6115980756727406
2020-09-12,0.6112807102891508
2020-09-13,0.6134151540577015
2020-09-14,0.6155440966778076
2020-09-15,0.6145873232570276
2020-09-16,0.6204741211368037
2020-09-17,0.6347145979016571
2020-09-18,0.6408270695320742
2020-09-19,0.6415809710925933
2020-09-20,0.6482915181578968
2020-09-21,0.6507325090560487
2020-09-22,0.6430609014730999
2020-09-23,0.6521353513375968
2020-09-24,0.6520181232629427
2020-09-25,0.6543276400210687
2020-09-26,0.6552931905363187
2020-09-27,0.6555617468738919
2020-09-28,0.6516387564254883
2020-09-29,0.6461298071754439
2020-09-30,0.6466394667052404
2020-10-01,0.637678372031833
2020-10-02,0.6400686327421758
2020-10-03,0.6303810985656475
2020-10-04,0.5949652354206688
2020-10-05,0.5991640956971258
2020-10-06,0.6076728469305435
2020-10-07,0.6138525749228609
2020-10-08,0.6272031698254008
2020-10-09,0.6391482902276939
2020-10-10,0.6389659405097317
2020-10-11,0.6387570282098574
2020-10-12,0.6394113227653462
2020-10-13,0.6351510511006784
2020-10-14,0.627001840307607
2020-10-15,0.6237235013351554
2020-10-16,0.6232742908833037
2020-10-17,0.6245311958890045
2020-10-18,0.6120997768658609
2020-10-19,0.6035088811347191
2020-10-20,0.6001038627855948
2020-10-21,0.5974367371604141
2020-10-22,0.6054421115465836
2020-10-23,0.6037427503837395
2020-10-24,0.6142993225284559
2020-10-25,0.6214349374475767
2020-10-26,0.6252607900712028
2020-10-27,0.6649684087163925
2020-10-28,0.6678921664062151
2020-10-29,0.6590006345787163
2020-10-30,0.6605428886183355
2020-10-31,0.6589159813073603
2020-11-01,0.6658035055555607
2020-11-02,0.6586809951824741
2020-11-03,0.6577199224405794
2020-11-04,0.6588608402221332
2020-11-05,0.6660522299675012
2020-11-06,0.6686300310835308
2020-11-07,0.6515992233353578
2020-11-08,0.6405023495152589
2020-11-09,0.6460629624229846
2020-11-10,0.6451424205737647
2020-11-11,0.6391543736033971
2020-11-12,0.6510965435007714
2020-11-13,0.6635968978850015
2020-11-14,0.6683522072165691
2020-11-15,0.653690332296592
2020-11-16,0.6506057325646388
2020-11-17,0.6554282284376758
2020-11-18,0.6552140557623014
2020-11-19,0.6473656753332808
2020-11-20,0.6351045331720271
2020-11-21,0.6256342220437382
2020-11-22,0.6250918345751855
2020-11-23,0.6115353423696364
2020-11-24,0.6070934871377298
2020-11-25,0.5929515686130755
2020-11-26,0.5539056172641519
2020-11-27,0.5199027173731354
2020-11-28,0.5199494644171682
2020-11-29,0.5292101434158011
2020-11-30,0.5407019797387522
2020-12-01,0.5330185283399342
2020-12-02,0.526906603220203
2020-12-03,0.5148474168131425
2020-12-04,0.4954256644430812
2020-12-05,0.49881504115311515
2020-12-06,0.49937778952331174
2020-12-07,0.5050787852877644
2020-12-08,0.5121940699067798
2020-12-09,0.49880642970753064
2020-12-10,0.49206526287660035
2020-12-11,0.49149010054922615
2020-12-12,0.478692359215936
2020-12-13,0.45625367073790984
2020-12-14,0.4485530855895191
2020-12-15,0.4550661786763848
2020-12-16,0.4406267831604021
2020-12-17,0.4370005778301045
2020-12-18,0.4315657240398858
2020-12-19,0.4301851382672541
2020-12-20,0.431361009956204
2020-12-21,0.43154125374806385
2020-12-22,0.416118719765736
2020-12-23,0.4086522680590825
2020-12-24,0.41325191985594867
2020-12-25,0.40354355271926173
2020-12-26,0.397797606884693
2020-12-27,0.40515128127590494
2020-12-28,0.39091983280980924
2020-12-29,0.37502995408764955
2020-12-30,0.3739597689132247
2020-12-31,0.38277492849794204
2021-01-01,0.3981323281770014
2021-01-02,0.4140281027151345
2021-01-03,0.43325981651189593
2021-01-04,0.4003783025356587
2021-01-05,0.39210253367950526
2021-01-06,0.3800697101474946
2021-01-07,0.3801665381307332
2021-01-08,0.3757610767338594
2021-01-09,0.36444374387170864
2021-01-10,0.35333640593399296
2021-01-11,0.33139051988618323
2021-01-12,0.31852961721511264
2021-01-13,0.3204716480693781
2021-01-14,0.31196289930801
2021-01-15,0.31859838766896703
2021-01-16,0.2950176011083341
2021-01-17,0.3071958141279547
2021-01-18,0.31698077372079136
2021-01-19,0.31903209159003587
2021-01-20,0.3048795874824835
2021-01-21,0.3244011077482537
2021-01-22,0.3241755668598574
2021-01-23,0.30887228759671737
2021-01-24,0.317355050997877
2021-01-25,0.32015902180327777
2021-01-26,0.3241721355213679
2021-01-27,0.3404403292748349
2021-01-28,0.343893545051474
2021-01-29,0.3300294618638269
2021-01-30,0.3107640362462304
2021-01-31,0.31047076998163714
2021-02-01,0.3061767696144513
2021-02-02,0.3086000615650745
2021-02-03,0.32590923383562176
2021-02-04,0.33389653935002384
2021-02-05,0.346164071386818
2021-02-06,0.34360355963228717
2021-02-07,0.3595359813405664
2021-02-08,0.3937295450396379
2021-02-09,0.4050232016519913
2021-02-10,0.4445277493186988
2021-02-11,0.46310907404617274
2021-02-12,0.4697463302151871
2021-02-13,0.48031127634401605
2021-02-14,0.4859604362786041
2021-02-15,0.5007318939592442
2021-02-16,0.5005754516905989
2021-02-17,0.48412605841276596
2021-02-18,0.48301108778702195
2021-02-19,0.5005433536476556
2021-02-20,0.4806599269657774
2021-02-21,0.47780622709189335
2021-02-22,0.4427137314751475
2021-02-23,0.4383625733537014
2021-02-24,0.4228984305947725
2021-02-25,0.42614433828646187
2021-02-26,0.42327804938234925
2021-02-27,0.43332014184763235
2021-02-28,0.424595735761787
2021-03-01,0.43070296493866367
2021-03-02,0.4242704012099615
2021-03-03,0.409524578606146
2021-03-04,0.400151373957627
2021-03-05,0.39375072158448954
2021-03-06,0.3776014761116578
2021-03-07,0.36330008638239336
2021-03-08,0.3588466020414831
2021-03-09,0.351298834077273
2021-03-10,0.34136873120466954
2021-03-11,0.35077795513158494
2021-03-12,0.3312593197188231
2021-03-13,0.31883583248510206
2021-03-14,0.28639546818553974
2021-03-15,0.2600878398141677
2021-03-16,0.2574813679682329
2021-03-17,0.26572783730955696
2021-03-18,0.2678741843985304
2021-03-19,0.26366586456471913
2021-03-20,0.2605812534836902
2021-03-21,0.2549410597009736
2021-03-22,0.28955510621596825
2021-03-23,0.29565858652747473
2021-03-24,0.3291997857116706
2021-03-25,0.3314199982518038
2021-03-26,0.3406899023689696
2021-03-27,0.3433832016617858
2021-03-28,0.34340986715593147
2021-03-29,0.3252136714789181
2021-03-30,0.33385916050705466
2021-03-31,0.3326687090843081
2021-04-01,0.32167394028552976
2021-04-02,0.3094423266219625
2021-04-03,0.31072939430984936
2021-04-04,0.30352685418511355
2021-04-05,0.31837758635784275
2021-04-06,0.31727701801950825
2021-04-07,0.3257253647284008
2021-04-08,0.32679951053202616
2021-04-09,0.3174018331041891
2021-04-10,0.30540574660893693
2021-04-11,0.3160211796853905
2021-04-12,0.3035985959921671
2021-04-13,0.321760337787533
2021-04-14,0.33071771822169493
2021-04-15,0.3101366457091546
2021-04-16,0.3047967761250543
2021-04-17,0.31187386428159614
2021-04-18,0.3353386391450526
2021-04-19,0.3459052172831
2021-04-20,0.3500185145793018
2021-04-21,0.33039509657782146
2021-04-22,0.3298957900532976
2021-04-23,0.32077297632024265
2021-04-24,0.30489772607734733
2021-04-25,0.3056661340713809
2021-04-26,0.2845405537729647
2021-04-27,0.28413154632121057
2021-04-28,0.27454835068915545
2021-04-29,0.26327917144599067
2021-04-30,0.2718907399858924
2021-05-01,0.2703733151660776
2021-05-02,0.28045461271568817
2021-05-03,0.2722616584498234
2021-05-04,0.27988351135719436
2021-05-05,0.2710905445371813
2021-05-06,0.2730585009393724
2021-05-07,0.2711901988581715
2021-05-08,0.2592593538115429
2021-05-09,0.25285312776702107
2021-05-10,0.2534333364622128
2021-05-11,0.2546637910496146
2021-05-12,0.3006476371131953
2021-05-13,0.28311508469394187
2021-05-14,0.2916349750815563
2021-05-15,0.32696830056663206
2021-05-16,0.3260676564936915
2021-05-17,0.31170583184694844
2021-05-18,0.2889046174456109
2021-05-19,0.2652714485266556
2021-05-20,0.27050591491509746
2021-05-21,0.2808482683577485
2021-05-22,0.27567355511841113
2021-05-23,0.301329872755695
2021-05-24,0.3354461902369827
2021-05-25,0.32724780815440346
2021-05-26,0.3269739833474927
2021-05-27,0.3534794329560267
2021-05-28,0.35437798362080364
2021-05-29,0.3557509079791884
2021-05-30,0.34509506239108645
2021-05-31,0.322363604089972
2021-06-01,0.3185301354111285
2021-06-02,0.31942753510872857
2021-06-03,0.3299661418366321
2021-06-04,0.3225869276871301
2021-06-05,0.33134089381777654
2021-06-06,0.32406827008017386
2021-06-07,0.33524227980552024
2021-06-08,0.346107619286386
2021-06-09,0.35145793534428243
2021-06-10,0.34930377580455263
2021-06-11,0.3263138070410977
2021-06-12,0.33525486447506203
2021-06-13,0.3412976663694687
2021-06-14,0.33591561352765253
2021-06-15,0.33634973909952526
2021-06-16,0.3572148211749593
2021-06-17,0.38047467324971584
2021-06-18,0.38118210706890165
2021-06-19,0.386912040080289
2021-06-20,0.38700542225102463
2021-06-21,0.3822451561483729
2021-06-22,0.3888865602624335
2021-06-23,0.3843433117689291
2021-06-24,0.38741170451875884
2021-06-25,0.39301990384189
2021-06-26,0.39583810079083104
2021-06-27,0.39738457535668903
2021-06-28,0.401987738698818
2021-06-29,0.40719807019296933
2021-06-30,0.42492327076645814
2021-07-01,0.42453328394409307
2021-07-02,0.433065974546361
2021-07-03,0.4266651962178778
2021-07-04,0.4241286298995536
2021-07-05,0.42093689493296454
2021-07-06,0.41949471851899645
2021-07-07,0.4185663728880908
2021-07-08,0.3974922744927472
2021-07-09,0.4122877269143936
2021-07-10,0.4104403874403538
2021-07-11,0.4175211940293524
2021-07-12,0.4250561798476169
2021-07-13,0.42826180646557627
2021-07-14,0.4347674674949892
2021-07-15,0.443124808286594
2021-07-16,0.42012950617004274
2021-07-17,0.4339413046979751
2021-07-18,0.40767511490784514
2021-07-19,0.41583748290115463
2021-07-20,0.4161545048194568
2021-07-21,0.4277346934052002
2021-07-22,0.4266971577199
2021-07-23,0.4061619131072539
2021-07-24,0.4001556112047906
2021-07-25,0.4016782984523562
2021-07-26,0.3984253325186039
2021-07-27,0.39372400535392327
2021-07-28,0.39140579200512515
2021-07-29,0.41847868408064387
2021-07-30,0.4380309674168529
2021-07-31,0.44019642752119825
2021-08-01,0.4363080297440617
2021-08-02,0.43247268338084777
2021-08-03,0.4373612712934034
2021-08-04,0.4298727530846356
2021-08-05,0.4508100320845395
2021-08-06,0.4500198746406442
2021-08-07,0.44817200297827486
2021-08-08,0.4362293602742599
2021-08-09,0.43995789240224653
2021-08-10,0.45088191594955207
2021-08-11,0.4574140876828268
2021-08-12,0.4665590328880145
2021-08-13,0.4569609788208867
2021-08-14,0.4562737756035227
2021-08-15,0.4526190099422692
2021-08-16,0.4487282747413198
2021-08-17,0.4715322288659216
2021-08-18,0.4847855403290831
2021-08-19,0.4893893937415238
2021-08-20,0.4888620077859788
2021-08-21,0.4960556806266733
2021-08-22,0.497191802368583
2021-08-23,0.4960482438378078
2021-08-24,0.482440272693516
2021-08-25,0.48029822012190276
2021-08-26,0.5074040906272853
2021-08-27,0.492096363686183
2021-08-28,0.467058153330844
2021-08-29,0.445234313491645
2021-08-30,0.4423388671207355
2021-08-31,0.43470913633238917
2021-09-01,0.43843485440657143
2021-09-02,0.4408596488436266
2021-09-03,0.455405942558245
2021-09-04,0.45491159844518525
2021-09-05,0.46310879647704545
2021-09-06,0.4701604327252491
2021-09-07,0.47836510019306244
2021-09-08,0.48199586363321373
2021-09-09,0.4771808939457155
2021-09-10,0.4773173068119433
2021-09-11,0.4901977214039144
2021-09-12,0.4896804715995291
2021-09-13,0.4882090675483076
2021-09-14,0.48915111744991524
2021-09-15,0.49132115019366873
2021-09-16,0.4969057380020562
2021-09-17,0.4970897552268478
2021-09-18,0.4979360419528078
2021-09-19,0.49521401942956444
2021-09-20,0.4831985553990239
2021-09-21,0.4849210453294913
2021-09-22,0.4826413087210707
2021-09-23,0.4931141981254642
2021-09-24,0.4957471067482706
2021-09-25,0.48684462074724016
2021-09-26,0.49427973909707856
2021-09-27,0.48430207134000086
2021-09-28,0.4787760591855379
2021-09-29,0.47621606488366697
2021-09-30,0.48008026476103716
2021-10-01,0.47886363863688963
2021-10-02,0.4710747760762772
2021-10-03,0.46497000111511333
2021-10-04,0.4597844620939823
2021-10-05,0.45710462984353023
2021-10-06,0.45695420551902843
2021-10-07,0.45106144377654406
2021-10-08,0.4544234080540398
2021-10-09,0.4505606956438709
2021-10-10,0.44880751286030873
2021-10-11,0.42638106841897877
2021-10-12,0.4278566920821133
2021-10-13,0.4243195205123488
2021-10-14,0.4183738973514173
2021-10-15,0.4227793300083571
2021-10-16,0.41052842979414106
2021-10-17,0.3970924823006926
2021-10-18,0.39752275460941056
2021-10-19,0.4000773340429144
2021-10-20,0.41701354086706277
2021-10-21,0.37837658826170756
2021-10-22,0.3803201051621202
2021-10-23,0.37307104312661876
2021-10-24,0.3636197427645701
2021-10-25,0.36429624438793184
2021-10-26,0.37416384374219214
2021-10-27,0.3832760074567432
2021-10-28,0.3826488030559668
2021-10-29,0.37046542439724983
2021-10-30,0.36896763109829245
2021-10-31,0.3709752064152533
2021-11-01,0.3990022123979546
2021-11-02,0.39883686186747536
2021-11-03,0.4004524649129122
2021-11-04,0.40149603976082693
2021-11-05,0.399004216121032
2021-11-06,0.3991689009613004
2021-11-07,0.40260886492404946
2021-11-08,0.40464184296429784
2021-11-09,0.40340737278803607
2021-11-10,0.4032007698396882
2021-11-11,0.39813432004867033
2021-11-12,0.40337497336660866
2021-11-13,0.40120514402858953
2021-11-14,0.3944193945363639
2021-11-15,0.3953058080796483
2021-11-16,0.39345644275001923
2021-11-17,0.3945429178583496
2021-11-18,0.39387002049489694
2021-11-19,0.3838062368007237
2021-11-20,0.386978678572526
2021-11-21,0.3858558173564163
2021-11-22,0.3819218065643749
2021-11-23,0.37805924669530455
2021-11-24,0.3698594194330868
2021-11-25,0.35058283099222454
2021-11-26,0.35434009097990105
2021-11-27,0.3326434516092356
2021-11-28,0.33585750495562744
2021-11-29,0.33226295206066925
2021-11-30,0.331645884251793
2021-12-01,0.3051769505223475
2021-12-02,0.30563395677379757
2021-12-03,0.3018067186539897
2021-12-04,0.3065003776240553
2021-12-05,0.31588494032598907
2021-12-06,0.3202566618172996
2021-12-07,0.3143787503493758
2021-12-08,0.32931781941436444
2021-12-09,0.3365951714639185
2021-12-10,0.33907802006158877
2021-12-11,0.3353487766695356
2021-12-12,0.3339480232729115
2021-12-13,0.33844768325754115
2021-12-14,0.33816345648224966
2021-12-15,0.33946963085415893
2021-12-16,0.3448720622421815
2021-12-17,0.3399399876265865
2021-12-18,0.3414153034019699
2021-12-19,0.349946538893657
2021-12-20,0.3551798721221888
2021-12-21,0.3522117414942183
2021-12-22,0.35305681852205834
2021-12-23,0.3597084268411862
2021-12-24,0.3581170702321251
2021-12-25,0.3585027183494831
2021-12-26,0.3464671447450278
2021-12-27,0.3645436138844462
2021-12-28,0.3579076373836658
2021-12-29,0.35717812529934034
2021-12-30,0.35791244753608675
2021-12-31,0.37500558665342204
2022-01-01,0.3830139155752773
2022-01-02,0.39040210560920563
2022-01-03,0.3871530363596507
2022-01-04,0.3706447507344705
2022-01-05,0.367215271481542
2022-01-06,0.3730379715787697
2022-01-07,0.35854001763888665
2022-01-08,0.35880377968552846
2022-01-09,0.35905147069441623
2022-01-10,0.36798200459204444
2022-01-11,0.3677303436408279
2022-01-12,0.38191716622182764
2022-01-13,0.3872485898395768
2022-01-14,0.3878611946096941
2022-01-15,0.38978972556332725
2022-01-16,0.3989895281111446
2022-01-17,0.3998099359459214
2022-01-18,0.4137625390403571
2022-01-19,0.4183660266637874
2022-01-20,0.4249377185888367
2022-01-21,0.4196705891433111
2022-01-22,0.4034871882648664
2022-01-23,0.41016360767095017
2022-01-24,0.4117856487087366
2022-01-25,0.41959889119477045
2022-01-26,0.4251544199681996
2022-01-27,0.4381655369978408
2022-01-28,0.4502474595285476
2022-01-29,0.4467925994525228
2022-01-30,0.44586301980037757
2022-01-31,0.4341105379026492
2022-02-01,0.4373996510251619
2022-02-02,0.43571774921732204
2022-02-03,0.4451955521346418
2022-02-04,0.4486378319270974
2022-02-05,0.4492815022688832
2022-02-06,0.45330550449691065
2022-02-07,0.4572089537759694
2022-02-08,0.4656428391664268
2022-02-09,0.4718600110531729
2022-02-10,0.47348268776502245
2022-02-11,0.46892862109954647
2022-02-12,0.4675064924472281
2022-02-13,0.4692017014351415
2022-02-14,0.4699316610505597
2022-02-15,0.47140623844297064
2022-02-16,0.47371111380457553
2022-02-17,0.4705431754654035
2022-02-18,0.47204642027473753
2022-02-19,0.47538935696700435
2022-02-20,0.4857740012324513
2022-02-21,0.4928958317955489
2022-02-22,0.4916326875223481
2022-02-23,0.49749934191354384
2022-02-24,0.49740988372618233
2022-02-25,0.48998364989368426
2022-02-26,0.48810643312354235
2022-02-27,0.4850781918770509
2022-02-28,0.4904951057764524
2022-03-01,0.4845158079890561
2022-03-02,0.49315674006873733
2022-03-03,0.49360777848376314
2022-03-04,0.49061360143733385
2022-03-05,0.48496636478259525
2022-03-06,0.48178979954163875
2022-03-07,0.47727557283780203
2022-03-08,0.4706757953417317
2022-03-09,0.47098805934492866
2022-03-10,0.46777461021367395
2022-03-11,0.4886592019078547
2022-03-12,0.48198549389254974
2022-03-13,0.4817739887994062
2022-03-14,0.482955028278599
2022-03-15,0.480871943698314
2022-03-16,0.4876031779410416
2022-03-17,0.49154443708631773
2022-03-18,0.49178449353607834
2022-03-19,0.4964429414591156
2022-03-20,0.5003362650605921
2022-03-21,0.5033033601546943
2022-03-22,0.5108021246552454
2022-03-23,0.5225020456421551
2022-03-24,0.5312894232359301
2022-03-25,0.5357544939594088
2022-03-26,0.5371672676690172
2022-03-27,0.5395704901584055
2022-03-28,0.541159786857592
2022-03-29,0.5379347081389165
2022-03-30,0.5432111587024924
2022-03-31,0.546602397432759
2022-04-01,0.5511513386991034
2022-04-02,0.5538518946336195
2022-04-03,0.5588674808814
2022-04-04,0.5601739976192035
2022-04-05,0.5631301715036755
2022-04-06,0.5631375522300278
2022-04-07,0.5681172571954188
2022-04-08,0.5608443368192543
2022-04-09,0.5606615767655633
2022-04-10,0.5448354492296663
2022-04-11,0.5506266547477754
2022-04-12,0.5440534271175587
2022-04-13,0.5403424811659485
2022-04-14,0.5427306294107959
2022-04-15,0.5443611586492216
2022-04-16,0.5460459212028963
2022-04-17,0.5474125103964618
2022-04-18,0.5426707027613348
2022-04-19,0.5310077360068902
2022-04-20,0.5372436958885057
2022-04-21,0.5344389682807725
2022-04-22,0.5330141807219618
2022-04-23,0.544308285168355
2022-04-24,0.5379958174731163
2022-04-25,0.538663306882361
2022-04-26,0.5201215913097105
2022-04-27,0.5119732357974238
2022-04-28,0.5080102341737583
2022-04-29,0.48940980100581444
2022-04-30,0.47868779677471684
2022-05-01,0.46824085915496994
2022-05-02,0.4564869370521734
2022-05-03,0.4520424804328961
2022-05-04,0.44856977227485995
2022-05-05,0.43768604447661585
2022-05-06,0.4386477256222136
2022-05-07,0.4143773111358015
2022-05-08,0.423003871331825
2022-05-09,0.416218856964259
2022-05-10,0.36034264570911767
2022-05-11,0.3544338839453057
2022-05-12,0.3686054340395569
2022-05-13,0.3691379584851502
2022-05-14,0.37053196844910985
2022-05-15,0.37170899052136863
2022-05-16,0.3748471502039647
2022-05-17,0.37406629009420533
2022-05-18,0.3774469455792433
2022-05-19,0.3737119875543383
2022-05-20,0.3603591299545419
2022-05-21,0.35808690057753445
2022-05-22,0.3592458601215398
2022-05-23,0.3591151673411954
2022-05-24,0.3607402554341223
2022-05-25,0.3600495376910907
2022-05-26,0.3643968833079452
2022-05-27,0.37148927227104234
2022-05-28,0.3705590551313901
2022-05-29,0.37412385687955463
2022-05-30,0.3747991578753759
2022-05-31,0.38794676836613673
2022-06-01,0.39430634007525434
2022-06-02,0.3900670420598359
2022-06-03,0.3949509046965214
2022-06-04,0.40464749439038716
2022-06-05,0.42022101985611704
2022-06-06,0.432898072041893
2022-06-07,0.4370518635653897
2022-06-08,0.44194014841853124
2022-06-09,0.5135158283343398
2022-06-10,0.5227566401805196
2022-06-11,0.5112849548163932
2022-06-12,0.4940606916042365
2022-06-13,0.5091579069723714
2022-06-14,0.4788732029626642
2022-06-15,0.461093985958167
2022-06-16,0.4669573394652059
2022-06-17,0.4583092709186542
2022-06-18,0.4831314656246517
2022-06-19,0.49225884560674227
2022-06-20,0.4944100195523952
2022-06-21,0.5016141821938349
2022-06-22,0.4986539861011263
2022-06-23,0.5184863166229994
2022-06-24,0.5296741931318005
2022-06-25,0.5285883478927792
2022-06-26,0.5221631962902029
2022-06-27,0.5436788177687055
2022-06-28,0.5203262252741243
2022-06-29,0.5320404058959425
2022-06-30,0.5728519614620036
2022-07-01,0.5882270883135245
2022-07-02,0.5940708655926794
2022-07-03,0.5877314447850305
2022-07-04,0.5844776724890239
2022-07-05,0.5665451107476267
2022-07-06,0.5643643607596338
2022-07-07,0.5533522884681005
2022-07-08,0.561968217731021
2022-07-09,0.5705876148484902
2022-07-10,0.5695545191793763
2022-07-11,0.5728559626059994
2022-07-12,0.5809332342688053
2022-07-13,0.5677758563589452
2022-07-14,0.560315850473564
2022-07-15,0.5582968449808409
2022-07-16,0.5557725143111588
2022-07-17,0.5477466264326256
2022-07-18,0.5249352308286498
2022-07-19,0.5295722345417537
2022-07-20,0.546933216078144
2022-07-21,0.543764678331007
2022-07-22,0.5500231988814622
2022-07-23,0.5137293702002467
2022-07-24,0.5029525798625943
2022-07-25,0.5178486140936998
2022-07-26,0.5239031707639663
2022-07-27,0.5135492730771041
2022-07-28,0.5275256967874088
2022-07-29,0.5164240100053724
2022-07-30,0.4880970106529215
2022-07-31,0.472932875775084
2022-08-01,0.47125462980997823
2022-08-02,0.4656763617845088
2022-08-03,0.4663433383434595
2022-08-04,0.4688203103731196
2022-08-05,0.4637025997806101
2022-08-06,0.479121255367308
2022-08-07,0.4722401951729317
2022-08-08,0.46630276513145186
2022-08-09,0.4610071964990002
2022-08-10,0.46045439543674144
2022-08-11,0.4576590717945701
2022-08-12,0.45926396892503
2022-08-13,0.46644695785492984
2022-08-14,0.46083378964577454
2022-08-15,0.47505483469862636
2022-08-16,0.47443472957879484
2022-08-17,0.4882052824372325
2022-08-18,0.481919096441203
2022-08-19,0.46713856420335387
2022-08-20,0.45336081493077385
2022-08-21,0.44620364605651014
2022-08-22,0.45353704386402044
2022-08-23,0.45864680982691824
2022-08-24,0.4486066857418808
2022-08-25,0.44577391332258476
2022-08-26,0.4489129110607917
2022-08-27,0.4439704042350263
2022-08-28,0.45165519229045786
2022-08-29,0.43758527839832545
2022-08-30,0.4474838154446017
2022-08-31,0.4454253955018388
2022-09-01,0.43940383972933983
2022-09-02,0.4370306747038323
2022-09-03,0.41525040813101977
2022-09-04,0.4193077932596598
2022-09-05,0.3995952767643326
2022-09-06,0.40383210306026995
2022-09-07,0.41122437081995644
2022-09-08,0.4197235144333779
2022-09-09,0.4176733596189559
2022-09-10,0.4168195418302798
2022-09-11,0.41423620445894355
2022-09-12,0.4154607229721302
2022-09-13,0.41399568736084913
2022-09-14,0.3901065052048299
2022-09-15,0.4064423934755832
2022-09-16,0.3866575023230681
2022-09-17,0.39035118333147006
2022-09-18,0.39011092978155304
2022-09-19,0.3972433963065522
2022-09-20,0.4012583839008496
2022-09-21,0.4058306177821128
2022-09-22,0.4015926063244581
2022-09-23,0.39894855092890336
2022-09-24,0.3975791202855795
2022-09-25,0.39522312844565044
2022-09-26,0.3973166285524732
2022-09-27,0.4020953669493051
2022-09-28,0.4126790956062327
2022-09-29,0.41210438231606716
2022-09-30,0.4268500870377955
2022-10-01,0.454107124864983
2022-10-02,0.4689954016761103
2022-10-03,0.47908440531146884
2022-10-04,0.48545417789278167
2022-10-05,0.49332473461359305
2022-10-06,0.5192978660827531
2022-10-07,0.5315440050837226
2022-10-08,0.549574370843662
2022-10-09,0.5586257875469766
2022-10-10,0.5851523713337998
2022-10-11,0.5851220226052627
2022-10-12,0.5582416476271175
2022-10-13,0.5527942103001225
2022-10-14,0.5894904327541622
2022-10-15,0.5751858899160128
2022-10-16,0.5966311672281904
2022-10-17,0.6017354899922279
2022-10-18,0.6024952459483863
2022-10-19,0.6070366556812291
2022-10-20,0.6083112833748435
2022-10-21,0.6129812729932625
2022-10-22,0.6238986273783463
2022-10-23,0.6321917668535593
2022-10-24,0.6360941832699948
2022-10-25,0.6365760571046643
2022-10-26,0.6437279421139814
2022-10-27,0.6504349842429933
2022-10-28,0.6539963555311945
2022-10-29,0.6590765281653059
2022-10-30,0.6606662313614303
2022-10-31,0.6442000770729962
2022-11-01,0.6395918381993713
2022-11-02,0.6403658563110585
2022-11-03,0.6510080149888526
2022-11-04,0.6403364751984132
2022-11-05,0.5919017516540757
2022-11-06,0.5693506567318047
2022-11-07,0.5547523413703329
2022-11-08,0.5618586947270388
2022-11-09,0.5857664026198375
2022-11-10,0.6474786105348522
2022-11-11,0.7047390054847049
2022-11-12,0.7216231470781058
2022-11-13,0.7257394690330443
2022-11-14,0.740014491436888
2022-11-15,0.7484675274057407
2022-11-16,0.7403579858055105
2022-11-17,0.7416871786719423
2022-11-18,0.7431234424117064
2022-11-19,0.7303686856545201
2022-11-20,0.7290387007470054
2022-11-21,0.7214138884322976
2022-11-22,0.7194942317068596
2022-11-23,0.7012588231346738
2022-11-24,0.6967317907543039
2022-11-25,0.6920997614468417
2022-11-26,0.681273306773304
2022-11-27,0.6741545589363238
2022-11-28,0.6619201776147108
2022-11-29,0.6554577548520797
2022-11-30,0.6518704739740317
2022-12-01,0.652573670668504
2022-12-02,0.6507311883996737
2022-12-03,0.6451815209104079
2022-12-04,0.6451627921699243
2022-12-05,0.6507596394880901
2022-12-06,0.6491489290625307
2022-12-07,0.6469778922074522
2022-12-08,0.6374643011322152
2022-12-09,0.6245266988200535
2022-12-10,0.6040590865645972
2022-12-11,0.575954163178104
2022-12-12,0.5541333099009634
2022-12-13,0.5434484722264459
2022-12-14,0.537887483493914
2022-12-15,0.5333242244570013
2022-12-16,0.5329061502481129
2022-12-17,0.5343167151638168
2022-12-18,0.5145586148378923
2022-12-19,0.5437676024039637
2022-12-20,0.5476043289239441
2022-12-21,0.5585608907782946
2022-12-22,0.5561106082932235
2022-12-23,0.5711582893649896
2022-12-24,0.5651976899721669
2022-12-25,0.5711216433776449
2022-12-26,0.5810299974996066
2022-12-27,0.5861795654067493
2022-12-28,0.5967209801627165
2022-12-29,0.5970209879864719
2022-12-30,0.6038390316087465
2022-12-31,0.6049982825519251
2023-01-01,0.6035523998635178
2023-01-02,0.5966052876692352
2023-01-03,0.6015162966883494
2023-01-04,0.5966448417529489
2023-01-05,0.5896779391742
2023-01-06,0.5896672015065566
2023-01-07,0.5913920435948663
2023-01-08,0.5918255442290627
2023-01-09,0.5863523656514051
2023-01-10,0.5863165636258533
2023-01-11,0.5956810762287624
2023-01-12,0.5893723582820743
2023-01-13,0.5635264820054222
2023-01-14,0.5580379967497633
2023-01-15,0.5532471312491163
2023-01-16,0.5341969814674407
2023-01-17,0.5327757140530939
2023-01-18,0.5459665010693638
2023-01-19,0.545040672531985
2023-01-20,0.5290961049480676
2023-01-21,0.5556488835160456
2023-01-22,0.5549901416073437
2023-01-23,0.5534371983822812
2023-01-24,0.539960864881387
2023-01-25,0.5485252490483012
2023-01-26,0.5445535916532875
2023-01-27,0.5500601844741415
2023-01-28,0.5483849379943916
2023-01-29,0.5409220299607386
2023-01-30,0.5346412168447854
2023-01-31,0.5384471821640507
2023-02-01,0.5483207654701628
2023-02-02,0.5446690480500548
2023-02-03,0.5444119728698456
2023-02-04,0.551346082251154
2023-02-05,0.5496594980062857
2023-02-06,0.5455169839168618
2023-02-07,0.5354975290653908
2023-02-08,0.5374335738403626
2023-02-09,0.5320961373290737
2023-02-10,0.5033801230878371
2023-02-11,0.4877260371720794
2023-02-12,0.4746550777805725
2023-02-13,0.46878939467638525
2023-02-14,0.47120883534659386
2023-02-15,0.46522073193036617
2023-02-16,0.4482536370533141
2023-02-17,0.42516384012620356
2023-02-18,0.4189314860321436
2023-02-19,0.41997148143257623
2023-02-20,0.3989257705628815
2023-02-21,0.4015390678278946
2023-02-22,0.40462763930800283
2023-02-23,0.4146027754296217
2023-02-24,0.4038151336814638
2023-02-25,0.40175177544178636
2023-02-26,0.39217639312756913
2023-02-27,0.39108604057458524
2023-02-28,0.3948097069120592
2023-03-01,0.3906774721972408
2023-03-02,0.38113275753051773
2023-03-03,0.3812686732462278
2023-03-04,0.3898140751569361
2023-03-05,0.3966849157548098
2023-03-06,0.40275151840665546
2023-03-07,0.3918933525408701
2023-03-08,0.3905096071393842
2023-03-09,0.40761847057724204
2023-03-10,0.41638004920921
2023-03-11,0.43930965895767726
2023-03-12,0.5012565470290025
2023-03-13,0.5321076365464109
2023-03-14,0.5247431535500771
2023-03-15,0.5236688536629701
2023-03-16,0.5268649077286613
2023-03-17,0.5273327770458265
2023-03-18,0.5285389753983027
2023-03-19,0.5352507988430202
2023-03-20,0.5380849051362978
2023-03-21,0.5448022765292246
2023-03-22,0.5507275975912728
2023-03-23,0.5537795430266175
2023-03-24,0.5503109252949347
2023-03-25,0.5439716801266287
2023-03-26,0.5393199881618117
2023-03-27,0.5428261568298676
2023-03-28,0.5493594262644925
2023-03-29,0.5545879756586367
2023-03-30,0.5554739604899286
2023-03-31,0.566998459130715
2023-04-01,0.5756596353640493
2023-04-02,0.5736374304518117
2023-04-03,0.5678205588157236
2023-04-04,0.5672321856508782
2023-04-05,0.5645769286014617
2023-04-06,0.5730835881823928
2023-04-07,0.5744969794950604
2023-04-08,0.5654766710159105
2023-04-09,0.5660156688868871
2023-04-10,0.5539654849187887
2023-04-11,0.5036864505839644
2023-04-12,0.4812031973194652
2023-04-13,0.47875103894957116
2023-04-14,0.48074784347663957
2023-04-15,0.4812737293741119
2023-04-16,0.4873340132981855
2023-04-17,0.5021355152423744
2023-04-18,0.5003634021965422
2023-04-19,0.499540050822774
2023-04-20,0.5007801729224896
2023-04-21,0.48414733967621315
2023-04-22,0.46497931874397597
2023-04-23,0.4637454583616394
2023-04-24,0.4697948766259719
2023-04-25,0.4816979322431681
2023-04-26,0.48111696583422453
2023-04-27,0.4787652578740174
2023-04-28,0.4820394976969099
2023-04-29,0.49546087888450946
2023-04-30,0.4991970226743251
2023-05-01,0.49887338339351894
2023-05-02,0.5024551748993087
2023-05-03,0.5156609246739585
2023-05-04,0.5163343564924662
2023-05-05,0.519189090038525
2023-05-06,0.5279587068616514
2023-05-07,0.5427685737273524
2023-05-08,0.5698253510903831
2023-05-09,0.5801087138919238
2023-05-10,0.5765918205410581
2023-05-11,0.5868531827192107
2023-05-12,0.5732297057036764
2023-05-13,0.5878885639107425
2023-05-14,0.5852991180339777
2023-05-15,0.5838925342867107
2023-05-16,0.5993913670623703
2023-05-17,0.5943995325428828
2023-05-18,0.5998552017375194
2023-05-19,0.6045512706603526
2023-05-20,0.5994028917139773
2023-05-21,0.6077974075106871
2023-05-22,0.6151528676847458
2023-05-23,0.6157100018951145
2023-05-24,0.6115611738114589
2023-05-25,0.6084983304655006
2023-05-26,0.6045886498138814
2023-05-27,0.6088831846232049
2023-05-28,0.6050796349232404
2023-05-29,0.5922170539467018
2023-05-30,0.579470882064954
2023-05-31,0.5783897327651866
2023-06-01,0.5729176073063093
2023-06-02,0.5561936239840166
2023-06-03,0.5616052531992038
2023-06-04,0.5612710232075873
2023-06-05,0.5557733644930152
2023-06-06,0.5592555431414314
2023-06-07,0.5388061617560886
2023-06-08,0.5321418855765482
2023-06-09,0.532560358397608
2023-06-10,0.5347751398374393
2023-06-11,0.5430763298301582
2023-06-12,0.5479229529437781
2023-06-13,0.5394895239599811
2023-06-14,0.532357032006147
2023-06-15,0.5014457356653346
2023-06-16,0.5108937468870725
2023-06-17,0.5114176059156259
2023-06-18,0.5113766916296814
2023-06-19,0.5038024092059354
2023-06-20,0.5023335301205494
2023-06-21,0.5001541375250184
2023-06-22,0.5002912539444784
2023-06-23,0.499054449652692
2023-06-24,0.4927732755846547
2023-06-25,0.48977472700150304
2023-06-26,0.476786348772094
2023-06-27,0.47706730510546524
2023-06-28,0.4780766857280442
2023-06-29,0.4784539504309461
2023-06-30,0.4767245010921296
2023-07-01,0.47006651149594436
2023-07-02,0.47896992789849446
2023-07-03,0.4737953969506455
2023-07-04,0.47648812561458476
2023-07-05,0.47223352175135436
2023-07-06,0.45185945082299517
2023-07-07,0.4562671395296163
2023-07-08,0.45375075166942225
2023-07-09,0.45296805960333947
2023-07-10,0.45320669548857934
2023-07-11,0.45879844868637554
2023-07-12,0.45780627892220915
2023-07-13,0.4553282617900166
2023-07-14,0.46232858700023494
2023-07-15,0.476572000074914
2023-07-16,0.4805171724105428
2023-07-17,0.4783847839063263
2023-07-18,0.479693010817608
2023-07-19,0.4830705749517887
2023-07-20,0.48175339626434777
2023-07-21,0.487063053300805
2023-07-22,0.49125645923245337
2023-07-23,0.4874711095839573
2023-07-24,0.4923402524536466
2023-07-25,0.5015339436499675
2023-07-26,0.5092887041133484
2023-07-27,0.5130758440372454
2023-07-28,0.5048718827439018
2023-07-29,0.5033437545225292
2023-07-30,0.5080894258799615
2023-07-31,0.5163457181227673
2023-08-01,0.507935547111847
2023-08-02,0.5019112882371829
2023-08-03,0.5024573064940108
2023-08-04,0.4998114527926528
2023-08-05,0.505299413517261
2023-08-06,0.48840006849016016
2023-08-07,0.4745333460400377
2023-08-08,0.47121924321932235
2023-08-09,0.4811083088611414
2023-08-10,0.4746043503477706
2023-08-11,0.47428629732810074
2023-08-12,0.4797025232751038
2023-08-13,0.4660497170109593
2023-08-14,0.4560737736589652
2023-08-15,0.4635557783636057
2023-08-16,0.4599281604298361
2023-08-17,0.4540551722090946
2023-08-18,0.4589164515447204
2023-08-19,0.4612502103647837
2023-08-20,0.4642042594781005
2023-08-21,0.4617767169701734
2023-08-22,0.4695084199424523
2023-08-23,0.46405628611450944
2023-08-24,0.4620536126044109
2023-08-25,0.46474734960775627
2023-08-26,0.4707168818788052
2023-08-27,0.4713720901943591
2023-08-28,0.47709417810691923
2023-08-29,0.46903861182192275
2023-08-30,0.47657963606721665
2023-08-31,0.4729710610461826
2023-09-01,0.4776337085694938
2023-09-02,0.4621651258817237
2023-09-03,0.46339780415696585
2023-09-04,0.46379558751423317
2023-09-05,0.4656644103248966
2023-09-06,0.47205861611170996
2023-09-07,0.49019338031728443
2023-09-08,0.47692127484313185
2023-09-09,0.48208430827626536
2023-09-10,0.47200673324920694
2023-09-11,0.46979863678167477
2023-09-12,0.48227083557032424
2023-09-13,0.485920041777709
2023-09-14,0.4800348622636187
2023-09-15,0.47528944662193673
2023-09-16,0.4888848759953365
2023-09-17,0.48500710886112886
2023-09-18,0.4831256872873526
2023-09-19,0.48394085693812244
2023-09-20,0.4824060280674805
2023-09-21,0.4819029626436996
2023-09-22,0.4878275885372586
2023-09-23,0.475215277241714
2023-09-24,0.472796322669944
2023-09-25,0.4685809860173874
2023-09-26,0.4766683563540914
2023-09-27,0.46269601813361005
2023-09-28,0.46364815616921173
2023-09-29,0.44941035848710464
2023-09-30,0.44454852461758537
2023-10-01,0.4510218486125535
2023-10-02,0.4644296609396269
2023-10-03,0.456411016640473
2023-10-04,0.46108428592034373
2023-10-05,0.46453033701277846
2023-10-06,0.47057868708710066
2023-10-07,0.47379908534324955
2023-10-08,0.4868974686836893
2023-10-09,0.4905737824600626
2023-10-10,0.49942758886567973
2023-10-11,0.5084438826537445
2023-10-12,0.4904572867030566
2023-10-13,0.4816033796033681
2023-10-14,0.4732252906301253
2023-10-15,0.49205456157569144
2023-10-16,0.493426557964991
2023-10-17,0.4967589777570142
2023-10-18,0.5040766401091372
2023-10-19,0.5077643555776341
2023-10-20,0.5138886899465059
2023-10-21,0.5101693773488097
2023-10-22,0.5103952643633132
2023-10-23,0.5303477782787906
2023-10-24,0.5339798847467946
2023-10-25,0.5290657327988901
2023-10-26,0.5166500868919253
2023-10-27,0.5266780124976668
2023-10-28,0.5243183934134563
2023-10-29,0.5239013280338409
2023-10-30,0.5208128591972296
2023-10-31,0.5155981823145586
2023-11-01,0.5229494735332283
2023-11-02,0.5408193544489266
2023-11-03,0.52828958446028
2023-11-04,0.5434161543004774
2023-11-05,0.5392340069817365
2023-11-06,0.5346824767219799
2023-11-07,0.5266481541049425
2023-11-08,0.5182914402166579
2023-11-09,0.5341624087910369
2023-11-10,0.5363610455608028
2023-11-11,0.506232198772558
2023-11-12,0.5140142354120163
2023-11-13,0.5120108756830792
2023-11-14,0.49553777496463686
2023-11-15,0.4889287904765726
2023-11-16,0.47495050725148386
2023-11-17,0.47253668108290714
2023-11-18,0.4719020491371957
2023-11-19,0.44937621272633066
2023-11-20,0.4448182612871603
2023-11-21,0.441256530076402
2023-11-22,0.42855812180716457
2023-11-23,0.43450961497948537
2023-11-24,0.434884953754196
2023-11-25,0.44309652447129055
2023-11-26,0.437225383790036
2023-11-27,0.4413299681743742
2023-11-28,0.43872762176733243
2023-11-29,0.45129562678515517
2023-11-30,0.45312371437677584
2023-12-01,0.4467076288086484
2023-12-02,0.4356991177021551
2023-12-03,0.4403435353374224
2023-12-04,0.4279886909247428
2023-12-05,0.42095709966401607
2023-12-06,0.413690005558347
2023-12-07,0.3862155083703318
2023-12-08,0.37042608134722826
2023-12-09,0.3534694528032023
2023-12-10,0.34599311366498
2023-12-11,0.3780461035280734
2023-12-12,0.3750949725041064
2023-12-13,0.3687518223984635
2023-12-14,0.3710910113252919
2023-12-15,0.3797075083999371
2023-12-16,0.38160736687827923
2023-12-17,0.38587147227781027
2023-12-18,0.3699479777027871
2023-12-19,0.3905920211766527
2023-12-20,0.38402214894823505
2023-12-21,0.3880654906151444
2023-12-22,0.3873434792213373
2023-12-23,0.3700278938579
2023-12-24,0.3628372006691116
2023-12-25,0.3715999501876698
2023-12-26,0.36117639642135785
2023-12-27,0.3590291856438278
2023-12-28,0.37711113475460967
2023-12-29,0.36345145397247935
2023-12-30,0.35875976512966734
2023-12-31,0.3534794292834428
2024-01-01,0.36297817444643443
2024-01-02,0.3577569277721791
2024-01-03,0.3596435325615601
2024-01-04,0.3618471387216379
2024-01-05,0.3558201984703722
2024-01-06,0.3754000324779745
2024-01-07,0.39531542127108227
2024-01-08,0.4043651339002692
2024-01-09,0.39598077897794925
2024-01-10,0.38424047583898074
2024-01-11,0.3653093658021733
2024-01-12,0.36605427327537193
2024-01-13,0.361880993024947
2024-01-14,0.35061975184012784
2024-01-15,0.3572757245523215
2024-01-16,0.34462908863611935
2024-01-17,0.3551239834388826
2024-01-18,0.3505843764343423
2024-01-19,0.35389576830948133
2024-01-20,0.34340553874687035
2024-01-21,0.3286128190019183
2024-01-22,0.33254678755746864
2024-01-23,0.3393429599166893
2024-01-24,0.3302855037889665
2024-01-25,0.343674866767031
2024-01-26,0.33855962860994915
2024-01-27,0.32566450005026437
2024-01-28,0.33446699155162773
2024-01-29,0.3365630460742189
2024-01-30,0.33146833264528597
2024-01-31,0.32444601610623425
2024-02-01,0.34049746593940666
2024-02-02,0.34124352362528054
2024-02-03,0.35387217278482674
2024-02-04,0.35644507118328206
2024-02-05,0.3540558537221267
2024-02-06,0.3500906515878478
2024-02-07,0.33922033057228307
2024-02-08,0.3515037927379643
2024-02-09,0.3692972666939083
2024-02-10,0.39312762560141656
2024-02-11,0.4061794525750057
2024-02-12,0.40992180253643884
2024-02-13,0.4159177049175494
2024-02-14,0.427565558397216
2024-02-15,0.4361782585461237
2024-02-16,0.43097380338711155
2024-02-17,0.4422343718744557
2024-02-18,0.4536472638602863
2024-02-19,0.4510477698202947
2024-02-20,0.4610727627147846
2024-02-21,0.4629362214747957
2024-02-22,0.4566997148655909
2024-02-23,0.460914222677313
2024-02-24,0.4622762122037546
2024-02-25,0.4654079582321118
2024-02-26,0.46981752602431615
2024-02-27,0.46589467320484224
2024-02-28,0.4623945690559489
2024-02-29,0.4500387530964283
2024-03-01,0.4199100666279333
2024-03-02,0.41937350281339375
2024-03-03,0.4185532107588586
2024-03-04,0.40149361600767086
2024-03-05,0.39283900548297274
2024-03-06,0.37620729164658695
2024-03-07,0.3799444745260234
2024-03-08,0.372091817591285
2024-03-09,0.37172286315112424
2024-03-10,0.3723573653796327
2024-03-11,0.3602372722689078
2024-03-12,0.34541014544151016
2024-03-13,0.3444050693980676
2024-03-14,0.3462193911669057
2024-03-15,0.3477174548964268
2024-03-16,0.3505304337054189
2024-03-17,0.3419175348441759
2024-03-18,0.34836591553635143
2024-03-19,0.34279092187424576
2024-03-20,0.33136958470347566
2024-03-21,0.3212467086954398
2024-03-22,0.3197621937103538
2024-03-23,0.3358654610973462
2024-03-24,0.3384462327459547
2024-03-25,0.33238293455085877
2024-03-26,0.3320918994108319
2024-03-27,0.3324459277877583
2024-03-28,0.3172194490718647
2024-03-29,0.33769338722970865
2024-03-30,0.3484547188700864
2024-03-31,0.3576250603088314
2024-04-01,0.3515073972377539
2024-04-02,0.3585590348145351
2024-04-03,0.36137056885843655
2024-04-04,0.36304134917164343
2024-04-05,0.37683432942480677
2024-04-06,0.3740279316433401
2024-04-07,0.37577372676893744
2024-04-08,0.3706788889962038
2024-04-09,0.36221940230599775
2024-04-10,0.3688757790394198
2024-04-11,0.37846474876674496
2024-04-12,0.377932206828715
2024-04-13,0.36792014983776855
2024-04-14,0.3768097399442021
2024-04-15,0.37823688498042574
2024-04-16,0.3803375926125721
2024-04-17,0.377814393257914
2024-04-18,0.37353071844776853
2024-04-19,0.384291967525595
2024-04-20,0.3813355279659517
2024-04-21,0.3813517091003877
2024-04-22,0.372672120010584
2024-04-23,0.36886614645218296
2024-04-24,0.3657723235580071
2024-04-25,0.34928168286276473
2024-04-26,0.3488361059865871
2024-04-27,0.3640305228046497
2024-04-28,0.35001625269233133
2024-04-29,0.3550153304896313
2024-04-30,0.35448594960167745
2024-05-01,0.3577209372311016
2024-05-02,0.3405995450038616
2024-05-03,0.34648269003100496
2024-05-04,0.35204261928507
2024-05-05,0.35200212374379203
2024-05-06,0.3552239614976701
2024-05-07,0.3635796668371585
2024-05-08,0.36270866148646863
2024-05-09,0.3689140775512559
2024-05-10,0.37432327282255895
2024-05-11,0.370482280448044
2024-05-12,0.368785753156774
2024-05-13,0.3828847415117077
2024-05-14,0.3674820137372795
2024-05-15,0.36239604145783666
2024-05-16,0.37704231204720373
2024-05-17,0.37116796192179935
2024-05-18,0.3744865447771395
2024-05-19,0.380263562096834
2024-05-20,0.39481674984772286
2024-05-21,0.39999714090090377
2024-05-22,0.38994623810554063
2024-05-23,0.38422690661086467
2024-05-24,0.38951620508009804
2024-05-25,0.40620307795405863
2024-05-26,0.40026968183912104
2024-05-27,0.39122076460185806
2024-05-28,0.3891167667322504
2024-05-29,0.3979024198051667
2024-05-30,0.40611122234619734
2024-05-31,0.4244767257299673
2024-06-01,0.42488577194804944
2024-06-02,0.41897934377917667
2024-06-03,0.4152555026750361
2024-06-04,0.41298236202401345
2024-06-05,0.4251117684773069
2024-06-06,0.4123751684014099
2024-06-07,0.4207978365739932
2024-06-08,0.4311501819617526
2024-06-09,0.4183683691712591
2024-06-10,0.4238176481418191
2024-06-11,0.43069462856495444
2024-06-12,0.4373493981134462
2024-06-13,0.4433937356724102
2024-06-14,0.44860319670045323
2024-06-15,0.43375438576450676
2024-06-16,0.4319051657170683
2024-06-17,0.4306466707277618
2024-06-18,0.43567909593339504
2024-06-19,0.42386915482399656
2024-06-20,0.42713031306045035
2024-06-21,0.4507830555890677
2024-06-22,0.4548426666454195
2024-06-23,0.4670005421745451
2024-06-24,0.47872274967269846
2024-06-25,0.47819128061691263
2024-06-26,0.49894711751311027
2024-06-27,0.491940673373383
2024-06-28,0.47135838890248005
2024-06-29,0.4678843970724563
2024-06-30,0.4528972169180208
2024-07-01,0.46482663710121275
2024-07-02,0.4711293927640187
2024-07-03,0.47866762833392007
2024-07-04,0.47227082960568884
2024-07-05,0.461186738860205
2024-07-06,0.46375838176819517
2024-07-07,0.4685523831546833
2024-07-08,0.4590050581097812
2024-07-09,0.4644879361029502
2024-07-10,0.4608512330297748
2024-07-11,0.45684636638775045
2024-07-12,0.4550852739387569
2024-07-13,0.45457429117976766
2024-07-14,0.44750105538048524
2024-07-15,0.4394551766501973
2024-07-16,0.4410933254907105
2024-07-17,0.41132511479662975
2024-07-18,0.41242186193341857
2024-07-19,0.4118038402790145
2024-07-20,0.4126522015903178
2024-07-21,0.41240503239185344
2024-07-22,0.41037927872320823
2024-07-23,0.4046481292260289
2024-07-24,0.39845890291904157
2024-07-25,0.40255805042661086
2024-07-26,0.39739350558736075
2024-07-27,0.407395413021046
2024-07-28,0.4117667639122674
2024-07-29,0.4136131810978454
2024-07-30,0.4239558882574131
2024-07-31,0.42336598598978514
2024-08-01,0.42402222950270585
2024-08-02,0.42297443573585647
2024-08-03,0.4244266960988459
2024-08-04,0.4230514710896818
2024-08-05,0.4458260091758067
2024-08-06,0.4206274903581748
2024-08-07,0.42861665008739575
2024-08-08,0.42779344851619605
2024-08-09,0.4358145035206733
2024-08-10,0.4275048404653793
2024-08-11,0.4202013352003289
2024-08-12,0.41499361838213805
2024-08-13,0.4141497756408606
2024-08-14,0.4073722648980258
2024-08-15,0.3973849274324115
2024-08-16,0.45116625531207205
2024-08-17,0.45594597023448125
2024-08-18,0.4507168084129555
2024-08-19,0.4245710688668934
2024-08-20,0.41660590815765386
2024-08-21,0.4206883613624194
2024-08-22,0.42572233293563444
2024-08-23,0.42489372358509103
2024-08-24,0.4358922884308222
2024-08-25,0.43518122940837267
2024-08-26,0.4325749151364415
2024-08-27,0.4458952203088088
2024-08-28,0.45259385454134116
2024-08-29,0.4521644789630407
2024-08-30,0.45023898607774915
2024-08-31,0.4493862734158122
2024-09-01,0.4398540054479057
2024-09-02,0.4457225514857747
2024-09-03,0.437225910301661
2024-09-04,0.44060285992148224
2024-09-05,0.45924318882146165
2024-09-06,0.45176991922410414
2024-09-07,0.46041588516355947
2024-09-08,0.477508185992342
2024-09-09,0.49042486441205957
2024-09-10,0.5034304476752678
2024-09-11,0.523816251113587
2024-09-12,0.5506075397356855
2024-09-13,0.5702392778155099
2024-09-14,0.5863115101448033
2024-09-15,0.582101128195712
2024-09-16,0.5706540825995694
2024-09-17,0.5635252915317412
2024-09-18,0.5920636054360883
2024-09-19,0.5987610713983141
2024-09-20,0.5953672233132016
2024-09-21,0.5911914976288455
2024-09-22,0.5986437666998676
2024-09-23,0.5941178364949992
2024-09-24,0.6060701116985822
2024-09-25,0.6048577772062362
2024-09-26,0.591692336755592
2024-09-27,0.6046054377669483
2024-09-28,0.6008591843033542
2024-09-29,0.5992568868676349
2024-09-30,0.6004096263197787
2024-10-01,0.6031710099797868
2024-10-02,0.593888779740781
2024-10-03,0.6031688517339342
2024-10-04,0.5860002075110281
2024-10-05,0.577481670187547
2024-10-06,0.5806703178564965
2024-10-07,0.5644229224447266
2024-10-08,0.551316036576966
2024-10-09,0.5625332641440537
2024-10-10,0.5572359315375035
2024-10-11,0.5664587291729615
2024-10-12,0.5514306443397323
2024-10-13,0.5515902525694197
2024-10-14,0.5442378914333342
2024-10-15,0.5413868376788051
2024-10-16,0.544013874031273
2024-10-17,0.5520158957534846
2024-10-18,0.5521228764717747
2024-10-19,0.5548686866770186
2024-10-20,0.556477672897202
2024-10-21,0.5584666045786137
2024-10-22,0.5558663789672595
2024-10-23,0.5512191369149837
2024-10-24,0.5403494423810519
2024-10-25,0.5368462818974047
2024-10-26,0.5582730596623389
2024-10-27,0.5442088767547337
2024-10-28,0.5367016692624207
2024-10-29,0.5410796963748672
2024-10-30,0.5321019263974995
2024-10-31,0.5349840112839375
2024-11-01,0.528314170346913
2024-11-02,0.5387602726028096
2024-11-03,0.5375263694178458
2024-11-04,0.5441307363370524
2024-11-05,0.5387491854835782
2024-11-06,0.5274527253381185
2024-11-07,0.5350283393734878
2024-11-08,0.549395735892021
2024-11-09,0.5615311064358823
2024-11-10,0.5317461305049448
2024-11-11,0.5309376030252639
2024-11-12,0.5243455526334345
2024-11-13,0.507887351730436
2024-11-14,0.5148211776831436
2024-11-15,0.5157283600099503
2024-11-16,0.5269704082471192
2024-11-17,0.5283977378464269
2024-11-18,0.5153265653119642
2024-11-19,0.5188396716660029
2024-11-20,0.5254005734833322
2024-11-21,0.5339836931732911
2024-11-22,0.5398841254660416
2024-11-23,0.5378020309554177
2024-11-24,0.5481760571623572
2024-11-25,0.526417059727484
2024-11-26,0.5270487585577779
2024-11-27,0.5304035298941965
2024-11-28,0.5415822525502615
2024-11-29,0.5534933350614555
2024-11-30,0.5748364386862871
2024-12-01,0.5797301911498407
2024-12-02,0.5746281312358323
2024-12-03,0.5778003344485219
2024-12-04,0.5748066769403708
2024-12-05,0.5695745277663521
2024-12-06,0.5670822041065677
2024-12-07,0.5660591926305616
2024-12-08,0.5519021702943651
2024-12-09,0.5200801200246197
2024-12-10,0.5203521036188947
2024-12-11,0.5218067919212164
2024-12-12,0.5199458765130968
2024-12-13,0.5272036761033816
2024-12-14,0.5314163687731877
2024-12-15,0.5373568964108799
2024-12-16,0.5348546626853239
2024-12-17,0.523685699289953
2024-12-18,0.5252829730155678
2024-12-19,0.5242550938865234
2024-12-20,0.5146444966771813
2024-12-21,0.5093945674243505
2024-12-22,0.49734712096221495
2024-12-23,0.4921857846965603
2024-12-24,0.47982161013347063
2024-12-25,0.46442295725375454
2024-12-26,0.45877797022969274
2024-12-27,0.4564644875685901
2024-12-28,0.4414001490641078
2024-12-29,0.4293219393350427
2024-12-30,0.4109868077207407
2024-12-31,0.4213700574412726
2025-01-01,0.4276757590715633
2025-01-02,0.4237018410186284
2025-01-03,0.42661773207783305
2025-01-04,0.4370188995858071
2025-01-05,0.4443157512011747
2025-01-06,0.4432224003511563
2025-01-07,0.4506016521994019
2025-01-08,0.4720093314776133
2025-01-09,0.46909603579789777
2025-01-10,0.4661066275733959
2025-01-11,0.46915613883303575
2025-01-12,0.47429136302031727
2025-01-13,0.46307718758299043
2025-01-14,0.4572488455184228
2025-01-15,0.4496407398814557
2025-01-16,0.46067313773305185
2025-01-17,0.46164921609308157
2025-01-18,0.4705814516202417
2025-01-19,0.4743261244486764
2025-01-20,0.4738729032602329
2025-01-21,0.48089358624905654
2025-01-22,0.49779186737009273
2025-01-23,0.5017964369185122
2025-01-24,0.52189815623273
2025-01-25,0.5271147240282902
2025-01-26,0.5234169772928341
2025-01-27,0.5128817673198337
2025-01-28,0.5028157220980556
2025-01-29,0.4929213445467111
2025-01-30,0.47793935535820614
2025-01-31,0.4340661005360116
2025-02-01,0.4247832069487737
2025-02-02,0.4161594588300846
2025-02-03,0.41571364241928577
2025-02-04,0.40114477223729966
2025-02-05,0.4220468922836613
2025-02-06,0.4311058392603039
2025-02-07,0.4348104301975407
2025-02-08,0.43398989653723563
2025-02-09,0.4341245831317785
2025-02-10,0.4239273812712066
2025-02-11,0.42455371535763586
2025-02-12,0.4183185754454334
2025-02-13,0.41548827805625055
2025-02-14,0.4098726485226697
2025-02-15,0.4162612086931049
2025-02-16,0.41277511815764856
2025-02-17,0.40463682343932117
2025-02-18,0.41029927298100666
2025-02-19,0.40946459493331544
2025-02-20,0.4123102928787871
2025-02-21,0.4115860343351999
2025-02-22,0.4110352053549009
2025-02-23,0.4213256713277932
2025-02-24,0.4050874648837007
2025-02-25,0.410762330281052
2025-02-26,0.417141273027401
2025-02-27,0.41051650106409476
2025-02-28,0.4051851097959719
2025-03-01,0.39595880643345405
2025-03-02,0.39888165979931134
2025-03-03,0.4069921679794761
2025-03-04,0.40696616641132255
2025-03-05,0.40925328668638694
2025-03-06,0.4125661584111462
2025-03-07,0.384976567397631
2025-03-08,0.37250506541161243
2025-03-09,0.3745678750577959
2025-03-10,0.36852892062780074
2025-03-11,0.3870742506063864
2025-03-12,0.4127464922820449
2025-03-13,0.40899424174389015
2025-03-14,0.41859582633913167
2025-03-15,0.42735123498977445
2025-03-16,0.4401340406983385
2025-03-17,0.4280588583713233
2025-03-18,0.43282565046077565
2025-03-19,0.4367792881293987
2025-03-20,0.4555086585990068
2025-03-21,0.4676469211445604
2025-03-22,0.4867164911994175
2025-03-23,0.4787439594510035
2025-03-24,0.4928283225097635
2025-03-25,0.49513135506935335
2025-03-26,0.5182563100862305
2025-03-27,0.5258774726197573
2025-03-28,0.5418160355272856
2025-03-29,0.5591256399566445
2025-03-30,0.5794054249083022
2025-03-31,0.5863688217423995
2025-04-01,0.5939859963960403
2025-04-02,0.5967086751570946
2025-04-03,0.6089228169283505
2025-04-04,0.6101181647620002
2025-04-05,0.6162075327111183
2025-04-06,0.6227342791988965
2025-04-07,0.6208885226405513
2025-04-08,0.6183818389194958
2025-04-09,0.6157533058747325
2025-04-10,0.6203557192633675
2025-04-11,0.6179834045361707
2025-04-12,0.6227584037402468
2025-04-13,0.6344314409339117
2025-04-14,0.6326974853104439
2025-04-15,0.628032322744833
2025-04-16,0.6331805519033119
2025-04-17,0.634764135100034
2025-04-18,0.6333575842927576
2025-04-19,0.6248330696790576
2025-04-20,0.6188870059898465
2025-04-21,0.6129580617761775
2025-04-22,0.6157475811462287
2025-04-23,0.6197994199184906
2025-04-24,0.6206577931767592
2025-04-25,0.6150309649685757
2025-04-26,0.6279648965594332
2025-04-27,0.6267147870447161
2025-04-28,0.6198770671706774
2025-04-29,0.6083975928556234
2025-04-30,0.6131398092318059
2025-05-01,0.6084392709384475
2025-05-02,0.6128859715142059
2025-05-03,0.6022122026091535
2025-05-04,0.5942692824366269
2025-05-05,0.6024588972000506
2025-05-06,0.59903852281183
2025-05-07,0.599906450627001
2025-05-08,0.595595106109074
2025-05-09,0.5974689515026299
2025-05-10,0.597305101347601
2025-05-11,0.6039498506290815
2025-05-12,0.6057489473867724
2025-05-13,0.5916153402872191
2025-05-14,0.5898153540417738
2025-05-15,0.6069943939499178
2025-05-16,0.6144712622222455
2025-05-17,0.616123483243904
2025-05-18,0.6013618505730443
2025-05-19,0.5996730994724379
2025-05-20,0.6177200845356832
2025-05-21,0.6165627190924694
2025-05-22,0.6087102546914664
2025-05-23,0.6038604410587958
2025-05-24,0.5959826051154459
2025-05-25,0.5941609104693315
2025-05-26,0.5863342918608095
2025-05-27,0.5813415817866385
2025-05-28,0.5820830799105134
2025-05-29,0.5807031082071453
2025-05-30,0.5763926260119654
2025-05-31,0.5787881852071615
2025-06-01,0.5693939614830137
2025-06-02,0.5707600070026215
2025-06-03,0.5822121590555134
2025-06-04,0.5808134060946734
2025-06-05,0.5828272372860814
2025-06-06,0.5852387148792049
2025-06-07,0.5879672986228982
2025-06-08,0.5878212473101194
2025-06-09,0.5810666177308271
2025-06-10,0.5801301339842811
2025-06-11,0.574460724882402
2025-06-12,0.5717886277760851
2025-06-13,0.5660823353196862
2025-06-14,0.5660719373188564
2025-06-15,0.5607698764902788
2025-06-16,0.5631908854975907
2025-06-17,0.58555146959574
2025-06-18,0.5888501600994276
2025-06-19,0.5736756721020219
2025-06-20,0.5702235820920147
2025-06-21,0.5845700818533192
2025-06-22,0.5728662200048709
2025-06-23,0.5573014570826722
2025-06-24,0.5659093784408532
2025-06-25,0.5591553401003376
2025-06-26,0.5793461938689766
2025-06-27,0.5879550761733223
2025-06-28,0.602851650413595
2025-06-29,0.6065008245387048
2025-06-30,0.6081790137485334
2025-07-01,0.6320980403446561
2025-07-02,0.6410401092629199
2025-07-03,0.639000261831945
2025-07-04,0.6276738322352722
2025-07-05,0.6138334873187798
2025-07-06,0.6062217957469027
2025-07-07,0.600351350443758
2025-07-08,0.6114672473185193
2025-07-09,0.614557300361067
2025-07-10,0.6111095265217222
2025-07-11,0.617041858865625
2025-07-12,0.6239399150192757
2025-07-13,0.6179985596640912
2025-07-14,0.6096905590824726
2025-07-15,0.6104659060489912
2025-07-16,0.5564285380589881
2025-07-17,0.5509249654459184
2025-07-18,0.5579219953776714
2025-07-19,0.5632289125201673
2025-07-20,0.5637322050628648
2025-07-21,0.5549362575666312
2025-07-22,0.5648344660258485
2025-07-23,0.5758500738569208
2025-07-24,0.5838507330502269
2025-07-25,0.5781817893351284
2025-07-26,0.5375983178948269
2025-07-27,0.529319182217406
2025-07-28,0.5272020624843738
2025-07-29,0.5387283231310299
2025-07-30,0.5463879597823702
2025-07-31,0.5436780078769141
2025-08-01,0.544348536150971
2025-08-02,0.5467206434428383
2025-08-03,0.5436388948284577
2025-08-04,0.5457462927990524
2025-08-05,0.5376249746542309
2025-08-06,0.5375108924782411
2025-08-07,0.5282228794635346
2025-08-08,0.5322651307737419
2025-08-09,0.5315889461389764
2025-08-10,0.5271863595335243
2025-08-11,0.5235759760096863
2025-08-12,0.5241695671205732
2025-08-13,0.5358640415852376
2025-08-14,0.5494284083455849
2025-08-15,0.5925332668711082
2025-08-16,0.5859747226505603
2025-08-17,0.5798971162102202
2025-08-18,0.5854314550744969
2025-08-19,0.5881305949757631
2025-08-20,0.582974643803547
2025-08-21,0.575533984811599
2025-08-22,0.5847371188855379
2025-08-23,0.5694165200841189
2025-08-24,0.5818277074486178
2025-08-25,0.6011796140338449
2025-08-26,0.5937116589590535
2025-08-27,0.578895625244898
2025-08-28,0.5611301432120217
2025-08-29,0.5555636501441705
2025-08-30,0.5522117578693688
2025-08-31,0.5405883008009758
2025-09-01,0.5264806299204754
2025-09-02,0.5303852146680785
2025-09-03,0.5310659963001939
2025-09-04,0.5388810529102801
2025-09-05,0.5545626228060989
2025-09-06,0.5536338692669845
2025-09-07,0.5380140286475843
2025-09-08,0.5264757993742499
2025-09-09,0.5252209311215766
2025-09-10,0.533693109799496
2025-09-11,0.5411987068235826
2025-09-12,0.5428138868880577
2025-09-13,0.5326592906824145
2025-09-14,0.5267215977807438
2025-09-15,0.5323987275914673
2025-09-16,0.5350546780065264
2025-09-17,0.5293170576508823
2025-09-18,0.5268681263487028
2025-09-19,0.529442563477636
2025-09-20,0.5372304393252151
2025-09-21,0.5380670427672043
2025-09-22,0.5395557941590396
2025-09-23,0.535990223518922
2025-09-24,0.5462738416558025
2025-09-25,0.5527576438348052
2025-09-26,0.5533286510722626
2025-09-27,0.5634809915608128
2025-09-28,0.5609097641732913
2025-09-29,0.5594944573002825
2025-09-30,0.566206439073291
2025-10-01,0.5706972565249834
2025-10-02,0.5749018592124892
2025-10-03,0.5779370358321265
2025-10-04,0.5882763099935118
2025-10-05,0.5838589138696424
2025-10-06,0.581879746616755
2025-10-07,0.5858892474656923
2025-10-08,0.5917931052734385
2025-10-09,0.5894417057035793
2025-10-10,0.5792559384121637
2025-10-11,0.5651138840937057
2025-10-12,0.536106644485888
2025-10-13,0.5313523835866134
2025-10-14,0.5305125808087339
2025-10-15,0.5235032253699023
2025-10-16,0.5175751108816415
2025-10-17,0.49878896068253786
2025-10-18,0.4899824194753081
2025-10-19,0.48539052657084514
2025-10-20,0.4785760082487399
2025-10-21,0.47569743676754495
2025-10-22,0.4719148478853164
2025-10-23,0.47367903629870983
2025-10-24,0.46849177678445497
2025-10-25,0.46005600214139514
2025-10-26,0.45882697442984877
2025-10-27,0.4419110747800066
2025-10-28,0.4363221376092743
2025-10-29,0.4383669434838459
2025-10-30,0.4352659743218255
2025-10-31,0.4265021373215744
2025-11-01,0.4172899342381965
2025-11-02,0.41055542693323843
2025-11-03,0.4055518873273861
2025-11-04,0.41045694466924787
2025-11-05,0.4108637968444928
2025-11-06,0.4141740234303444
2025-11-07,0.41477036046693366
2025-11-08,0.40939083431566403
2025-11-09,0.4051384385392532
2025-11-10,0.4061746699025631
2025-11-11,0.4075752215187357
2025-11-12,0.40208968179596394
2025-11-13,0.4021433726294635
2025-11-14,0.39394488302788555
2025-11-15,0.36444228472832
2025-11-16,0.3651127028386658
2025-11-17,0.3639965167612002
2025-11-18,0.3630612314687276
2025-11-19,0.3958121846269944
2025-11-20,0.4064387865999016
2025-11-21,0.40836147675373513
2025-11-22,0.3940227704922483
2025-11-23,0.4005155817755339
2025-11-24,0.4033430176066577
2025-11-25,0.40662504917045317
2025-11-26,0.4177739518798853
2025-11-27,0.41556002596822084
2025-11-28,0.40759486333081196
2025-11-29,0.40581291639843864
2025-11-30,0.41836574972687535
2025-12-01,0.41479562786318136
2025-12-02,0.4239211768607417
2025-12-03,0.4272755556641472
2025-12-04,0.4156650689440718
2025-12-05,0.4416972286040279
2025-12-06,0.461045986741266
2025-12-07,0.4635650151664362
2025-12-08,0.4674155863212173
2025-12-09,0.48214591978345356
2025-12-10,0.48639850131265683
2025-12-11,0.5163820521648717
2025-12-12,0.5240646017999553
2025-12-13,0.5269049947698211
2025-12-14,0.5444831234947123
2025-12-15,0.5542662511957488
2025-12-16,0.5652163989132107
2025-12-17,0.5706914405241409
2025-12-18,0.5781829847972116
2025-12-19,0.5531564754133286
2025-12-20,0.5471210223623288
2025-12-21,0.556606034694674
2025-12-22,0.5799710108284857
2025-12-23,0.5804463492196371
2025-12-24,0.5939654972197663
2025-12-25,0.5964119157471519
2025-12-26,0.59852780463746
2025-12-27,0.5979135186128496
2025-12-28,0.6086298859673398
2025-12-29,0.608278969305159
2025-12-30,0.611220944583439
2025-12-31,0.6236442746698141
2026-01-01,0.6305625893091222
2026-01-02,0.6280935036396795
2026-01-03,0.6369763447987651
2026-01-04,0.6324206730092007
2026-01-05,0.6189019851806759
2026-01-06,0.6254703531051948
2026-01-07,0.6275059984368081
2026-01-08,0.6223014292954787
2026-01-09,0.6201563117652866
2026-01-10,0.5995394894937892
2026-01-11,0.5906915508002222
2026-01-12,0.5821159128405798
2026-01-13,0.5908153266543261
2026-01-14,0.6028700435325487
2026-01-15,0.6246034941471594
2026-01-16,0.6241015264730321
2026-01-17,0.6222172404581379
2026-01-18,0.630522447717486
2026-01-19,0.6302688286386259
2026-01-20,0.6300359862663847
2026-01-21,0.6130403774682265
2026-01-22,0.6055678663426731
2026-01-23,0.5900665701247545
2026-01-24,0.591732239408745
2026-01-25,0.5879833895596118
2026-01-26,0.5910462948589308
2026-01-27,0.5795506992929123
2026-01-28,0.5754859989511334
2026-01-29,0.5645481641085262
2026-01-30,0.5429819220004818
2026-01-31,0.5191256773896455
2026-02-01,0.5041470800919355
2026-02-02,0.49213354057957687
2026-02-03,0.5002181111629611
2026-02-04,0.49565121096724973
2026-02-05,0.46884796650994603
2026-02-06,0.45177803148037493
2026-02-07,0.47055428400208765
2026-02-08,0.46187326743922386
2026-02-09,0.4732274413823316
2026-02-10,0.4921018043755454
2026-02-11,0.4920234501517216
2026-02-12,0.4835775403169276
2026-02-13,0.47205538255913954
2026-02-14,0.46195520800811296
2026-02-15,0.4640293389127036
2026-02-16,0.463024915570289
2026-02-17,0.4575875255846441
2026-02-18,0.4460037555846989
2026-02-19,0.447530640859338
2026-02-20,0.4550520353006733
2026-02-21,0.45245087242204707
2026-02-22,0.46570603566670243
2026-02-23,0.46516159887353137
2026-02-24,0.4668589284872152
2026-02-25,0.46804576791827884
2026-02-26,0.47819470118688695
2026-02-27,0.493199002914924
2026-02-28,0.4897163933995167
2026-03-01,0.5024807509315048
2026-03-02,0.5144374277741278
2026-03-03,0.5352670069158534
2026-03-04,0.5408486808176297
2026-03-05,0.5729947450856596
2026-03-06,0.5765464357285822
2026-03-07,0.5786354401952039
2026-03-08,0.5833242241374779
2026-03-09,0.568819170460814
2026-03-10,0.5811154892603292
2026-03-11,0.5930528376454242
2026-03-12,0.5993740570721611
2026-03-13,0.6174530432127293
2026-03-14,0.627073928228458
2026-03-15,0.6288606355822087
2026-03-16,0.6344144587321096
2026-03-17,0.643093630157121
2026-03-18,0.6475271518191238
2026-03-19,0.654891261257633
2026-03-20,0.6645148262836016
2026-03-21,0.6681175284912211
2026-03-22,0.6691333712833694
2026-03-23,0.6773787819665351
2026-03-24,0.6840848922936992
2026-03-25,0.687057870493928
2026-03-26,0.6814857669210515
2026-03-27,0.6795897212292628
2026-03-28,0.6748313104742363
2026-03-29,0.6752152348787493
2026-03-30,0.6893758538637924
2026-03-31,0.6926394707771875
2026-04-01,0.6938581542061679
2026-04-02,0.6979793082591123
2026-04-03,0.7173056083071196
2026-04-04,0.7041697065770911
2026-04-05,0.7111674561479904
2026-04-06,0.7139459874691496
2026-04-07,0.705510338001722
2026-04-08,0.7067675138316467
2026-04-09,0.6985536146902264
2026-04-10,0.7024961303855799
2026-04-11,0.7103100029387487
2026-04-12,0.7105624839751318
2026-04-13,0.6943455545211172
2026-04-14,0.7046583519617378
2026-04-15,0.7157789386280075
2026-04-16,0.7130475354691588
2026-04-17,0.7174425791239154
2026-04-18,0.7162867267390232
2026-04-19,0.7169143248190085
2026-04-20,0.7089100173113402
2026-04-21,0.7218374712228003
2026-04-22,0.7216048980156967
2026-04-23,0.7254433859326719
2026-04-24,0.7254678082375459
2026-04-25,0.7238483034406664
2026-04-26,0.737743567965748
2026-04-27,0.7330722334079903
2026-04-28,0.7247141237838468
2026-04-29,0.7217169556586679
2026-04-30,0.7183137241843729
2026-05-01,0.7101619201111035
2026-05-02,0.7041535063726999
2026-05-03,0.688028841030174
2026-05-04,0.6922415531053521
2026-05-05,0.6899271534145379
2026-05-06,0.6875617772429015
2026-05-07,0.6772217432500998
2026-05-08,0.6897912710952738
2026-05-09,0.6884423326163763
2026-05-10,0.6730648954582421
2026-05-11,0.6434548304777729
2026-05-12,0.6227474969011126
2026-05-13,0.6162337856459124
2026-05-14,0.6031166746999037
2026-05-15,0.5766530120420987
2026-05-16,0.5619725729707923
2026-05-17,0.5576281109818108
2026-05-18,0.5512279476696607
2026-05-19,0.5503472299686629
2026-05-20,0.5567560751059879
2026-05-21,0.5460046915436794
2026-05-22,0.5435179497107839
2026-05-23,0.5312955781875471
2026-05-24,0.5336567690168189
2026-05-25,0.52913663906337
2026-05-26,0.5254678718112149
2026-05-27,0.5264390700817904
2026-05-28,0.536338559596893
2026-05-29,0.5304573149912252
2026-05-30,0.5402921666786474
2026-05-31,0.5481223611935466
2026-06-01,0.5492135613551754
2026-06-02,0.5465965294109421
2026-06-03,0.5370303018013974
2026-06-04,0.5338264237568311
2026-06-05,0.5304720992016474
2026-06-06,0.5419165865458437
2026-06-07,0.538126571943603
2026-06-08,0.5418699859629751
2026-06-09,0.5471218241312403
2026-06-10,0.5486126071781603
2026-06-11,0.5574773017622914
2026-06-12,0.5651934278116596
2026-06-13,0.5701236734416552
2026-06-14,0.5710986981502644
2026-06-15,0.5747379696683439
2026-06-16,0.5825196412003941
2026-06-17,0.586275035710084
2026-06-18,0.5810650891514296
2026-06-19,0.5787408433278289
2026-06-20,0.5780349284195173
2026-06-21,0.5769593764957458
2026-06-22,0.598767202265195
2026-06-23,0.5927972026143515
2026-06-24,0.5950745922850416
2026-06-25,0.5928360179431917
2026-06-26,0.5854235061399008
2026-06-27,0.5885918901811544
2026-06-28,0.6047912545639049
2026-06-29,0.6017503951103688
2026-06-30,0.5920105459966785
2026-07-01,0.5903988307344366
2026-07-02,0.6019551028593869
2026-07-03,0.6166792353106288
2026-07-04,0.6238537582367134
2026-07-05,0.629222039532436
2026-07-06,0.6186042337247016
2026-07-07,0.6321474463691272
2026-07-08,0.6388204011441603
2026-07-09,0.6287943405943185
2026-07-10,0.6417525778908381
2026-07-11,0.6432223686075388
2026-07-12,0.6426266371733549
2026-07-13,0.6425641023459572
2026-07-14,0.6364250311483385
2026-07-15,0.6351244099039053
2026-07-16,0.6110475111684837
2026-07-17,0.6147663007428029
2026-07-18,0.6375702817568919
2026-07-19,0.654722343558002
2026-07-20,0.6684188815999045
2026-07-21,0.6766811712878233
2026-07-22,0.6575358764202516
2026-07-23,0.6605138539644102
2026-07-24,0.6645104271358233
2026-07-25,0.6449972043901409
2026-07-26,0.6744668825414193
2026-07-27,0.680380116082243
2026-07-28,0.6728851644636997
2026-07-29,0.6820755724504115
2026-07-30,0.6837794353268696
2026-07-31,0.6819547118231395
2026-08-01,0.688803550755018
2026-08-02,0.692907492583571
2026-08-03,0.6801088438751304
2026-08-04,0.6807298149715425
2026-08-05,0.7021559463440621
2026-08-06,0.6972828739974565
2026-08-07,0.6948293997549967
2026-08-08,0.7030942815527752
2026-08-09,0.6910958538454544
2026-08-10,0.6846120277114776
2026-08-11,0.6674012484444576
2026-08-12,0.6565479589081695
2026-08-13,0.6602220140120627
2026-08-14,0.6149531639646943
2026-08-15,0.6167440895708521
2026-08-16,0.614165572414492
2026-08-17,0.6069777171374381
2026-08-18,0.6031334794455123
2026-08-19,0.6030504693510155
2026-08-20,0.6050674941721651
2026-08-21,0.612045002051214
2026-08-22,0.6094926273598633
2026-08-23,0.6112798936503682
2026-08-24,0.6114024831761241
2026-08-25,0.6067003915005008
2026-08-26,0.6031537452422542
2026-08-27,0.6014501147573942
2026-08-28,0.6009758632757706
2026-08-29,0.5968046627315187
2026-08-30,0.56020316009515
2026-08-31,0.5330853726621296
2026-09-01,0.5267082793810572
2026-09-02,0.525919278842409
2026-09-03,0.528657997235785
2026-09-04,0.5195657371380941
2026-09-05,0.51129038404501
2026-09-06,0.5020061489628775
2026-09-07,0.49529694817515757
2026-09-08,0.4936856259270318
2026-09-09,0.4913499315194064
2026-09-10,0.5072860116677833
2026-09-11,0.5043737017621659
2026-09-12,0.49145138825657064
2026-09-13,0.555563788497759
2026-09-14,0.5591654218481621
2026-09-15,0.5619413717481131
2026-09-16,0.5522281630111049
2026-09-17,0.547596765276032
2026-09-18,0.5420497137161271
2026-09-19,0.5262603082665149
2026-09-20,0.49367346310631016
2026-09-21,0.4945116137440696
