,score
1954-07-01,
1954-07-02,
1954-07-03,
1954-07-04,
1954-07-05,
1954-07-06,
1954-07-07,
1954-07-08,
1954-07-09,
1954-07-10,
1954-07-11,
1954-07-12,
1954-07-13,
1954-07-14,
1954-07-15,
1954-07-16,
1954-07-17,
1954-07-18,
1954-07-19,
1954-07-20,
1954-07-21,
1954-07-22,
1954-07-23,
1954-07-24,
1954-07-25,
1954-07-26,
1954-07-27,
1954-07-28,
1954-07-29,
1954-07-30,
1954-07-31,
1954-08-01,
1954-08-02,
1954-08-03,
1954-08-04,
1954-08-05,
1954-08-06,
1954-08-07,
1954-08-08,
1954-08-09,
1954-08-10,
1954-08-11,
1954-08-12,
1954-08-13,
1954-08-14,
1954-08-15,
1954-08-16,
1954-08-17,
1954-08-18,
1954-08-19,
1954-08-20,
1954-08-21,
1954-08-22,
1954-08-23,
1954-08-24,
1954-08-25,
1954-08-26,
1954-08-27,
1954-08-28,
1954-08-29,
1954-08-30,
1954-08-31,
1954-09-01,
1954-09-02,
1954-09-03,
1954-09-04,
1954-09-05,
1954-09-06,
1954-09-07,
1954-09-08,
1954-09-09,
1954-09-10,
1954-09-11,
1954-09-12,
1954-09-13,
1954-09-14,
1954-09-15,
1954-09-16,
1954-09-17,
1954-09-18,
1954-09-19,
1954-09-20,
1954-09-21,
1954-09-22,
1954-09-23,
1954-09-24,
1954-09-25,
1954-09-26,
1954-09-27,
1954-09-28,
1954-09-29,
1954-09-30,
1954-10-01,
1954-10-02,
1954-10-03,
1954-10-04,
1954-10-05,
1954-10-06,
1954-10-07,
1954-10-08,
1954-10-09,
1954-10-10,
1954-10-11,
1954-10-12,
1954-10-13,
1954-10-14,
1954-10-15,
1954-10-16,
1954-10-17,
1954-10-18,
1954-10-19,
1954-10-20,
1954-10-21,
1954-10-22,
1954-10-23,
1954-10-24,
1954-10-25,
1954-10-26,
1954-10-27,
1954-10-28,
1954-10-29,
1954-10-30,
1954-10-31,
1954-11-01,
1954-11-02,
1954-11-03,
1954-11-04,
1954-11-05,
1954-11-06,
1954-11-07,
1954-11-08,
1954-11-09,
1954-11-10,
1954-11-11,
1954-11-12,
1954-11-13,
1954-11-14,
1954-11-15,
1954-11-16,
1954-11-17,
1954-11-18,
1954-11-19,
1954-11-20,
1954-11-21,
1954-11-22,
1954-11-23,
1954-11-24,
1954-11-25,
1954-11-26,
1954-11-27,
1954-11-28,
1954-11-29,
1954-11-30,
1954-12-01,
1954-12-02,
1954-12-03,
1954-12-04,
1954-12-05,
1954-12-06,
1954-12-07,
1954-12-08,
1954-12-09,
1954-12-10,
1954-12-11,
1954-12-12,
1954-12-13,
1954-12-14,
1954-12-15,
1954-12-16,
1954-12-17,
1954-12-18,
1954-12-19,
1954-12-20,
1954-12-21,
1954-12-22,
1954-12-23,
1954-12-24,
1954-12-25,
1954-12-26,
1954-12-27,
1954-12-28,
1954-12-29,
1954-12-30,
1954-12-31,
1955-01-01,
1955-01-02,
1955-01-03,
1955-01-04,
1955-01-05,
1955-01-06,
1955-01-07,
1955-01-08,
1955-01-09,
1955-01-10,
1955-01-11,
1955-01-12,
1955-01-13,
1955-01-14,
1955-01-15,
1955-01-16,
1955-01-17,
1955-01-18,
1955-01-19,
1955-01-20,
1955-01-21,
1955-01-22,
1955-01-23,
1955-01-24,
1955-01-25,
1955-01-26,
1955-01-27,
1955-01-28,
1955-01-29,
1955-01-30,
1955-01-31,
1955-02-01,
1955-02-02,
1955-02-03,
1955-02-04,
1955-02-05,
1955-02-06,
1955-02-07,
1955-02-08,
1955-02-09,
1955-02-10,
1955-02-11,
1955-02-12,
1955-02-13,
1955-02-14,
1955-02-15,
1955-02-16,
1955-02-17,
1955-02-18,
1955-02-19,
1955-02-20,
1955-02-21,
1955-02-22,
1955-02-23,
1955-02-24,
1955-02-25,
1955-02-26,
1955-02-27,
1955-02-28,
1955-03-01,
1955-03-02,
1955-03-03,
1955-03-04,
1955-03-05,
1955-03-06,
1955-03-07,
1955-03-08,
1955-03-09,
1955-03-10,
1955-03-11,
1955-03-12,
1955-03-13,
1955-03-14,
1955-03-15,
1955-03-16,
1955-03-17,
1955-03-18,
1955-03-19,
1955-03-20,
1955-03-21,
1955-03-22,
1955-03-23,
1955-03-24,
1955-03-25,
1955-03-26,
1955-03-27,
1955-03-28,
1955-03-29,
1955-03-30,
1955-03-31,
1955-04-01,
1955-04-02,
1955-04-03,
1955-04-04,
1955-04-05,
1955-04-06,
1955-04-07,
1955-04-08,
1955-04-09,
1955-04-10,
1955-04-11,
1955-04-12,
1955-04-13,
1955-04-14,
1955-04-15,
1955-04-16,
1955-04-17,
1955-04-18,
1955-04-19,
1955-04-20,
1955-04-21,
1955-04-22,
1955-04-23,
1955-04-24,
1955-04-25,
1955-04-26,
1955-04-27,
1955-04-28,
1955-04-29,
1955-04-30,
1955-05-01,
1955-05-02,
1955-05-03,
1955-05-04,
1955-05-05,
1955-05-06,
1955-05-07,
1955-05-08,
1955-05-09,
1955-05-10,
1955-05-11,
1955-05-12,
1955-05-13,
1955-05-14,
1955-05-15,
1955-05-16,
1955-05-17,
1955-05-18,
1955-05-19,
1955-05-20,
1955-05-21,
1955-05-22,
1955-05-23,
1955-05-24,
1955-05-25,
1955-05-26,
1955-05-27,
1955-05-28,
1955-05-29,
1955-05-30,
1955-05-31,
1955-06-01,
1955-06-02,
1955-06-03,
1955-06-04,
1955-06-05,
1955-06-06,
1955-06-07,
1955-06-08,
1955-06-09,
1955-06-10,
1955-06-11,
1955-06-12,
1955-06-13,
1955-06-14,
1955-06-15,
1955-06-16,
1955-06-17,
1955-06-18,
1955-06-19,
1955-06-20,
1955-06-21,
1955-06-22,
1955-06-23,
1955-06-24,
1955-06-25,
1955-06-26,
1955-06-27,
1955-06-28,
1955-06-29,
1955-06-30,
1955-07-01,
1955-07-02,
1955-07-03,
1955-07-04,
1955-07-05,
1955-07-06,
1955-07-07,
1955-07-08,
1955-07-09,
1955-07-10,
1955-07-11,
1955-07-12,
1955-07-13,
1955-07-14,
1955-07-15,
1955-07-16,
1955-07-17,
1955-07-18,
1955-07-19,
1955-07-20,
1955-07-21,
1955-07-22,
1955-07-23,
1955-07-24,
1955-07-25,
1955-07-26,
1955-07-27,
1955-07-28,
1955-07-29,
1955-07-30,
1955-07-31,
1955-08-01,
1955-08-02,
1955-08-03,
1955-08-04,
1955-08-05,
1955-08-06,
1955-08-07,
1955-08-08,
1955-08-09,
1955-08-10,
1955-08-11,
1955-08-12,
1955-08-13,
1955-08-14,
1955-08-15,
1955-08-16,
1955-08-17,
1955-08-18,
1955-08-19,
1955-08-20,
1955-08-21,
1955-08-22,
1955-08-23,
1955-08-24,
1955-08-25,
1955-08-26,
1955-08-27,
1955-08-28,
1955-08-29,
1955-08-30,
1955-08-31,
1955-09-01,
1955-09-02,
1955-09-03,
1955-09-04,
1955-09-05,
1955-09-06,
1955-09-07,
1955-09-08,
1955-09-09,
1955-09-10,
1955-09-11,
1955-09-12,
1955-09-13,
1955-09-14,
1955-09-15,
1955-09-16,
1955-09-17,
1955-09-18,
1955-09-19,
1955-09-20,
1955-09-21,
1955-09-22,
1955-09-23,
1955-09-24,
1955-09-25,
1955-09-26,
1955-09-27,
1955-09-28,
1955-09-29,
1955-09-30,
1955-10-01,
1955-10-02,
1955-10-03,
1955-10-04,
1955-10-05,
1955-10-06,
1955-10-07,
1955-10-08,
1955-10-09,
1955-10-10,
1955-10-11,
1955-10-12,
1955-10-13,
1955-10-14,
1955-10-15,
1955-10-16,
1955-10-17,
1955-10-18,
1955-10-19,
1955-10-20,
1955-10-21,
1955-10-22,
1955-10-23,
1955-10-24,
1955-10-25,
1955-10-26,
1955-10-27,
1955-10-28,
1955-10-29,
1955-10-30,
1955-10-31,
1955-11-01,
1955-11-02,
1955-11-03,
1955-11-04,
1955-11-05,
1955-11-06,
1955-11-07,
1955-11-08,
1955-11-09,
1955-11-10,
1955-11-11,
1955-11-12,
1955-11-13,
1955-11-14,
1955-11-15,
1955-11-16,
1955-11-17,
1955-11-18,
1955-11-19,
1955-11-20,
1955-11-21,
1955-11-22,
1955-11-23,
1955-11-24,
1955-11-25,
1955-11-26,
1955-11-27,
1955-11-28,
1955-11-29,
1955-11-30,
1955-12-01,
1955-12-02,
1955-12-03,
1955-12-04,
1955-12-05,
1955-12-06,
1955-12-07,
1955-12-08,
1955-12-09,
1955-12-10,
1955-12-11,
1955-12-12,
1955-12-13,
1955-12-14,
1955-12-15,
1955-12-16,
1955-12-17,
1955-12-18,
1955-12-19,
1955-12-20,
1955-12-21,
1955-12-22,
1955-12-23,
1955-12-24,
1955-12-25,
1955-12-26,
1955-12-27,
1955-12-28,
1955-12-29,
1955-12-30,
1955-12-31,
1956-01-01,
1956-01-02,
1956-01-03,
1956-01-04,
1956-01-05,
1956-01-06,
1956-01-07,
1956-01-08,
1956-01-09,
1956-01-10,
1956-01-11,
1956-01-12,
1956-01-13,
1956-01-14,
1956-01-15,
1956-01-16,
1956-01-17,
1956-01-18,
1956-01-19,
1956-01-20,
1956-01-21,
1956-01-22,
1956-01-23,
1956-01-24,
1956-01-25,
1956-01-26,
1956-01-27,
1956-01-28,
1956-01-29,
1956-01-30,
1956-01-31,
1956-02-01,
1956-02-02,
1956-02-03,
1956-02-04,
1956-02-05,
1956-02-06,
1956-02-07,
1956-02-08,
1956-02-09,
1956-02-10,
1956-02-11,
1956-02-12,
1956-02-13,
1956-02-14,
1956-02-15,
1956-02-16,
1956-02-17,
1956-02-18,
1956-02-19,
1956-02-20,
1956-02-21,
1956-02-22,
1956-02-23,
1956-02-24,
1956-02-25,
1956-02-26,
1956-02-27,
1956-02-28,
1956-02-29,
1956-03-01,
1956-03-02,
1956-03-03,
1956-03-04,
1956-03-05,
1956-03-06,
1956-03-07,
1956-03-08,
1956-03-09,
1956-03-10,
1956-03-11,
1956-03-12,
1956-03-13,
1956-03-14,
1956-03-15,
1956-03-16,
1956-03-17,
1956-03-18,
1956-03-19,
1956-03-20,
1956-03-21,
1956-03-22,
1956-03-23,
1956-03-24,
1956-03-25,
1956-03-26,
1956-03-27,
1956-03-28,
1956-03-29,
1956-03-30,
1956-03-31,
1956-04-01,
1956-04-02,
1956-04-03,
1956-04-04,
1956-04-05,
1956-04-06,
1956-04-07,
1956-04-08,
1956-04-09,
1956-04-10,
1956-04-11,
1956-04-12,
1956-04-13,
1956-04-14,
1956-04-15,
1956-04-16,
1956-04-17,
1956-04-18,
1956-04-19,
1956-04-20,
1956-04-21,
1956-04-22,
1956-04-23,
1956-04-24,
1956-04-25,
1956-04-26,
1956-04-27,
1956-04-28,
1956-04-29,
1956-04-30,
1956-05-01,
1956-05-02,
1956-05-03,
1956-05-04,
1956-05-05,
1956-05-06,
1956-05-07,
1956-05-08,
1956-05-09,
1956-05-10,
1956-05-11,
1956-05-12,
1956-05-13,
1956-05-14,
1956-05-15,
1956-05-16,
1956-05-17,
1956-05-18,
1956-05-19,
1956-05-20,
1956-05-21,
1956-05-22,
1956-05-23,
1956-05-24,
1956-05-25,
1956-05-26,
1956-05-27,
1956-05-28,
1956-05-29,
1956-05-30,
1956-05-31,
1956-06-01,
1956-06-02,
1956-06-03,
1956-06-04,
1956-06-05,
1956-06-06,
1956-06-07,
1956-06-08,
1956-06-09,
1956-06-10,
1956-06-11,
1956-06-12,
1956-06-13,
1956-06-14,
1956-06-15,
1956-06-16,
1956-06-17,
1956-06-18,
1956-06-19,
1956-06-20,
1956-06-21,
1956-06-22,
1956-06-23,
1956-06-24,
1956-06-25,
1956-06-26,
1956-06-27,
1956-06-28,
1956-06-29,
1956-06-30,
1956-07-01,
1956-07-02,
1956-07-03,
1956-07-04,
1956-07-05,
1956-07-06,
1956-07-07,
1956-07-08,
1956-07-09,
1956-07-10,
1956-07-11,
1956-07-12,
1956-07-13,
1956-07-14,
1956-07-15,
1956-07-16,
1956-07-17,
1956-07-18,
1956-07-19,
1956-07-20,
1956-07-21,
1956-07-22,
1956-07-23,
1956-07-24,
1956-07-25,
1956-07-26,
1956-07-27,
1956-07-28,
1956-07-29,
1956-07-30,
1956-07-31,
1956-08-01,
1956-08-02,
1956-08-03,
1956-08-04,
1956-08-05,
1956-08-06,
1956-08-07,
1956-08-08,
1956-08-09,
1956-08-10,
1956-08-11,
1956-08-12,
1956-08-13,
1956-08-14,
1956-08-15,
1956-08-16,
1956-08-17,
1956-08-18,
1956-08-19,
1956-08-20,
1956-08-21,
1956-08-22,
1956-08-23,
1956-08-24,
1956-08-25,
1956-08-26,
1956-08-27,
1956-08-28,
1956-08-29,
1956-08-30,
1956-08-31,
1956-09-01,
1956-09-02,
1956-09-03,
1956-09-04,
1956-09-05,
1956-09-06,
1956-09-07,
1956-09-08,
1956-09-09,
1956-09-10,
1956-09-11,
1956-09-12,
1956-09-13,
1956-09-14,
1956-09-15,
1956-09-16,
1956-09-17,
1956-09-18,
1956-09-19,
1956-09-20,
1956-09-21,
1956-09-22,
1956-09-23,
1956-09-24,
1956-09-25,
1956-09-26,
1956-09-27,
1956-09-28,
1956-09-29,
1956-09-30,
1956-10-01,
1956-10-02,
1956-10-03,
1956-10-04,
1956-10-05,
1956-10-06,
1956-10-07,
1956-10-08,
1956-10-09,
1956-10-10,
1956-10-11,
1956-10-12,
1956-10-13,
1956-10-14,
1956-10-15,
1956-10-16,
1956-10-17,
1956-10-18,
1956-10-19,
1956-10-20,
1956-10-21,
1956-10-22,
1956-10-23,
1956-10-24,
1956-10-25,
1956-10-26,
1956-10-27,
1956-10-28,
1956-10-29,
1956-10-30,
1956-10-31,
1956-11-01,
1956-11-02,
1956-11-03,
1956-11-04,
1956-11-05,
1956-11-06,
1956-11-07,
1956-11-08,
1956-11-09,
1956-11-10,
1956-11-11,
1956-11-12,
1956-11-13,
1956-11-14,
1956-11-15,
1956-11-16,
1956-11-17,
1956-11-18,
1956-11-19,
1956-11-20,
1956-11-21,
1956-11-22,
1956-11-23,
1956-11-24,
1956-11-25,
1956-11-26,
1956-11-27,
1956-11-28,
1956-11-29,
1956-11-30,
1956-12-01,
1956-12-02,
1956-12-03,
1956-12-04,
1956-12-05,
1956-12-06,
1956-12-07,
1956-12-08,
1956-12-09,
1956-12-10,
1956-12-11,
1956-12-12,
1956-12-13,
1956-12-14,
1956-12-15,
1956-12-16,
1956-12-17,
1956-12-18,
1956-12-19,
1956-12-20,
1956-12-21,
1956-12-22,
1956-12-23,
1956-12-24,
1956-12-25,
1956-12-26,
1956-12-27,
1956-12-28,
1956-12-29,
1956-12-30,
1956-12-31,
1957-01-01,
1957-01-02,
1957-01-03,
1957-01-04,
1957-01-05,
1957-01-06,
1957-01-07,
1957-01-08,
1957-01-09,
1957-01-10,
1957-01-11,
1957-01-12,
1957-01-13,
1957-01-14,
1957-01-15,
1957-01-16,
1957-01-17,
1957-01-18,
1957-01-19,
1957-01-20,
1957-01-21,
1957-01-22,
1957-01-23,
1957-01-24,
1957-01-25,
1957-01-26,
1957-01-27,
1957-01-28,
1957-01-29,
1957-01-30,
1957-01-31,
1957-02-01,
1957-02-02,
1957-02-03,
1957-02-04,
1957-02-05,
1957-02-06,
1957-02-07,
1957-02-08,
1957-02-09,
1957-02-10,
1957-02-11,
1957-02-12,
1957-02-13,
1957-02-14,
1957-02-15,
1957-02-16,
1957-02-17,
1957-02-18,
1957-02-19,
1957-02-20,
1957-02-21,
1957-02-22,
1957-02-23,
1957-02-24,
1957-02-25,
1957-02-26,
1957-02-27,
1957-02-28,
1957-03-01,
1957-03-02,
1957-03-03,
1957-03-04,
1957-03-05,
1957-03-06,
1957-03-07,
1957-03-08,
1957-03-09,
1957-03-10,
1957-03-11,
1957-03-12,
1957-03-13,
1957-03-14,
1957-03-15,
1957-03-16,
1957-03-17,
1957-03-18,
1957-03-19,
1957-03-20,
1957-03-21,
1957-03-22,
1957-03-23,
1957-03-24,
1957-03-25,
1957-03-26,
1957-03-27,
1957-03-28,
1957-03-29,
1957-03-30,
1957-03-31,
1957-04-01,
1957-04-02,
1957-04-03,
1957-04-04,
1957-04-05,
1957-04-06,
1957-04-07,
1957-04-08,
1957-04-09,
1957-04-10,
1957-04-11,
1957-04-12,
1957-04-13,
1957-04-14,
1957-04-15,
1957-04-16,
1957-04-17,
1957-04-18,
1957-04-19,
1957-04-20,
1957-04-21,
1957-04-22,
1957-04-23,
1957-04-24,
1957-04-25,
1957-04-26,
1957-04-27,
1957-04-28,
1957-04-29,
1957-04-30,
1957-05-01,
1957-05-02,
1957-05-03,
1957-05-04,
1957-05-05,
1957-05-06,
1957-05-07,
1957-05-08,
1957-05-09,
1957-05-10,
1957-05-11,
1957-05-12,
1957-05-13,
1957-05-14,
1957-05-15,
1957-05-16,
1957-05-17,
1957-05-18,
1957-05-19,
1957-05-20,
1957-05-21,
1957-05-22,
1957-05-23,
1957-05-24,
1957-05-25,
1957-05-26,
1957-05-27,
1957-05-28,
1957-05-29,
1957-05-30,
1957-05-31,
1957-06-01,
1957-06-02,
1957-06-03,
1957-06-04,
1957-06-05,
1957-06-06,
1957-06-07,
1957-06-08,
1957-06-09,
1957-06-10,
1957-06-11,
1957-06-12,
1957-06-13,
1957-06-14,
1957-06-15,
1957-06-16,
1957-06-17,
1957-06-18,
1957-06-19,
1957-06-20,
1957-06-21,
1957-06-22,
1957-06-23,
1957-06-24,
1957-06-25,
1957-06-26,
1957-06-27,
1957-06-28,
1957-06-29,
1957-06-30,
1957-07-01,
1957-07-02,
1957-07-03,
1957-07-04,
1957-07-05,
1957-07-06,
1957-07-07,
1957-07-08,
1957-07-09,
1957-07-10,
1957-07-11,
1957-07-12,
1957-07-13,
1957-07-14,
1957-07-15,
1957-07-16,
1957-07-17,
1957-07-18,
1957-07-19,
1957-07-20,
1957-07-21,
1957-07-22,
1957-07-23,
1957-07-24,
1957-07-25,
1957-07-26,
1957-07-27,
1957-07-28,
1957-07-29,
1957-07-30,
1957-07-31,
1957-08-01,
1957-08-02,
1957-08-03,
1957-08-04,
1957-08-05,
1957-08-06,
1957-08-07,
1957-08-08,
1957-08-09,
1957-08-10,
1957-08-11,
1957-08-12,
1957-08-13,
1957-08-14,
1957-08-15,
1957-08-16,
1957-08-17,
1957-08-18,
1957-08-19,
1957-08-20,
1957-08-21,
1957-08-22,
1957-08-23,
1957-08-24,
1957-08-25,
1957-08-26,
1957-08-27,
1957-08-28,
1957-08-29,
1957-08-30,
1957-08-31,
1957-09-01,
1957-09-02,
1957-09-03,
1957-09-04,
1957-09-05,
1957-09-06,
1957-09-07,
1957-09-08,
1957-09-09,
1957-09-10,
1957-09-11,
1957-09-12,
1957-09-13,
1957-09-14,
1957-09-15,
1957-09-16,
1957-09-17,
1957-09-18,
1957-09-19,
1957-09-20,
1957-09-21,
1957-09-22,
1957-09-23,
1957-09-24,
1957-09-25,
1957-09-26,
1957-09-27,
1957-09-28,
1957-09-29,
1957-09-30,
1957-10-01,
1957-10-02,
1957-10-03,
1957-10-04,
1957-10-05,
1957-10-06,
1957-10-07,
1957-10-08,
1957-10-09,
1957-10-10,
1957-10-11,
1957-10-12,
1957-10-13,
1957-10-14,
1957-10-15,
1957-10-16,
1957-10-17,
1957-10-18,
1957-10-19,
1957-10-20,
1957-10-21,
1957-10-22,
1957-10-23,
1957-10-24,
1957-10-25,
1957-10-26,
1957-10-27,
1957-10-28,
1957-10-29,
1957-10-30,
1957-10-31,
1957-11-01,
1957-11-02,
1957-11-03,
1957-11-04,
1957-11-05,
1957-11-06,
1957-11-07,
1957-11-08,
1957-11-09,
1957-11-10,
1957-11-11,
1957-11-12,
1957-11-13,
1957-11-14,
1957-11-15,
1957-11-16,
1957-11-17,
1957-11-18,
1957-11-19,
1957-11-20,
1957-11-21,
1957-11-22,
1957-11-23,
1957-11-24,
1957-11-25,
1957-11-26,
1957-11-27,
1957-11-28,
1957-11-29,
1957-11-30,
1957-12-01,
1957-12-02,
1957-12-03,
1957-12-04,
1957-12-05,
1957-12-06,
1957-12-07,
1957-12-08,
1957-12-09,
1957-12-10,
1957-12-11,
1957-12-12,
1957-12-13,
1957-12-14,
1957-12-15,
1957-12-16,
1957-12-17,
1957-12-18,
1957-12-19,
1957-12-20,
1957-12-21,
1957-12-22,
1957-12-23,
1957-12-24,
1957-12-25,
1957-12-26,
1957-12-27,
1957-12-28,
1957-12-29,
1957-12-30,
1957-12-31,
1958-01-01,
1958-01-02,
1958-01-03,
1958-01-04,
1958-01-05,
1958-01-06,
1958-01-07,
1958-01-08,
1958-01-09,
1958-01-10,
1958-01-11,
1958-01-12,
1958-01-13,
1958-01-14,
1958-01-15,
1958-01-16,
1958-01-17,
1958-01-18,
1958-01-19,
1958-01-20,
1958-01-21,
1958-01-22,
1958-01-23,
1958-01-24,
1958-01-25,
1958-01-26,
1958-01-27,
1958-01-28,
1958-01-29,
1958-01-30,
1958-01-31,
1958-02-01,
1958-02-02,
1958-02-03,
1958-02-04,
1958-02-05,
1958-02-06,
1958-02-07,
1958-02-08,
1958-02-09,
1958-02-10,
1958-02-11,
1958-02-12,
1958-02-13,
1958-02-14,
1958-02-15,
1958-02-16,
1958-02-17,
1958-02-18,
1958-02-19,
1958-02-20,
1958-02-21,
1958-02-22,
1958-02-23,
1958-02-24,
1958-02-25,
1958-02-26,
1958-02-27,
1958-02-28,
1958-03-01,
1958-03-02,
1958-03-03,
1958-03-04,
1958-03-05,
1958-03-06,
1958-03-07,
1958-03-08,
1958-03-09,
1958-03-10,
1958-03-11,
1958-03-12,
1958-03-13,
1958-03-14,
1958-03-15,
1958-03-16,
1958-03-17,
1958-03-18,
1958-03-19,
1958-03-20,
1958-03-21,
1958-03-22,
1958-03-23,
1958-03-24,
1958-03-25,
1958-03-26,
1958-03-27,
1958-03-28,
1958-03-29,
1958-03-30,
1958-03-31,
1958-04-01,
1958-04-02,
1958-04-03,
1958-04-04,
1958-04-05,
1958-04-06,
1958-04-07,
1958-04-08,
1958-04-09,
1958-04-10,
1958-04-11,
1958-04-12,
1958-04-13,
1958-04-14,
1958-04-15,
1958-04-16,
1958-04-17,
1958-04-18,
1958-04-19,
1958-04-20,
1958-04-21,
1958-04-22,
1958-04-23,
1958-04-24,
1958-04-25,
1958-04-26,
1958-04-27,
1958-04-28,
1958-04-29,
1958-04-30,
1958-05-01,
1958-05-02,
1958-05-03,
1958-05-04,
1958-05-05,
1958-05-06,
1958-05-07,
1958-05-08,
1958-05-09,
1958-05-10,
1958-05-11,
1958-05-12,
1958-05-13,
1958-05-14,
1958-05-15,
1958-05-16,
1958-05-17,
1958-05-18,
1958-05-19,
1958-05-20,
1958-05-21,
1958-05-22,
1958-05-23,
1958-05-24,
1958-05-25,
1958-05-26,
1958-05-27,
1958-05-28,
1958-05-29,
1958-05-30,
1958-05-31,
1958-06-01,
1958-06-02,
1958-06-03,
1958-06-04,
1958-06-05,
1958-06-06,
1958-06-07,
1958-06-08,
1958-06-09,
1958-06-10,
1958-06-11,
1958-06-12,
1958-06-13,
1958-06-14,
1958-06-15,
1958-06-16,
1958-06-17,
1958-06-18,
1958-06-19,
1958-06-20,
1958-06-21,
1958-06-22,
1958-06-23,
1958-06-24,
1958-06-25,
1958-06-26,
1958-06-27,
1958-06-28,
1958-06-29,
1958-06-30,
1958-07-01,
1958-07-02,
1958-07-03,
1958-07-04,
1958-07-05,
1958-07-06,
1958-07-07,
1958-07-08,
1958-07-09,
1958-07-10,
1958-07-11,
1958-07-12,
1958-07-13,
1958-07-14,
1958-07-15,
1958-07-16,
1958-07-17,
1958-07-18,
1958-07-19,
1958-07-20,
1958-07-21,
1958-07-22,
1958-07-23,
1958-07-24,
1958-07-25,
1958-07-26,
1958-07-27,
1958-07-28,
1958-07-29,
1958-07-30,
1958-07-31,
1958-08-01,
1958-08-02,
1958-08-03,
1958-08-04,
1958-08-05,
1958-08-06,
1958-08-07,
1958-08-08,
1958-08-09,
1958-08-10,
1958-08-11,
1958-08-12,
1958-08-13,
1958-08-14,
1958-08-15,
1958-08-16,
1958-08-17,
1958-08-18,
1958-08-19,
1958-08-20,
1958-08-21,
1958-08-22,
1958-08-23,
1958-08-24,
1958-08-25,
1958-08-26,
1958-08-27,
1958-08-28,
1958-08-29,
1958-08-30,
1958-08-31,
1958-09-01,
1958-09-02,
1958-09-03,
1958-09-04,
1958-09-05,
1958-09-06,
1958-09-07,
1958-09-08,
1958-09-09,
1958-09-10,
1958-09-11,
1958-09-12,
1958-09-13,
1958-09-14,
1958-09-15,
1958-09-16,
1958-09-17,
1958-09-18,
1958-09-19,
1958-09-20,
1958-09-21,
1958-09-22,
1958-09-23,
1958-09-24,
1958-09-25,
1958-09-26,
1958-09-27,
1958-09-28,
1958-09-29,
1958-09-30,
1958-10-01,
1958-10-02,
1958-10-03,
1958-10-04,
1958-10-05,
1958-10-06,
1958-10-07,
1958-10-08,
1958-10-09,
1958-10-10,
1958-10-11,
1958-10-12,
1958-10-13,
1958-10-14,
1958-10-15,
1958-10-16,
1958-10-17,
1958-10-18,
1958-10-19,
1958-10-20,
1958-10-21,
1958-10-22,
1958-10-23,
1958-10-24,
1958-10-25,
1958-10-26,
1958-10-27,
1958-10-28,
1958-10-29,
1958-10-30,
1958-10-31,
1958-11-01,
1958-11-02,
1958-11-03,
1958-11-04,
1958-11-05,
1958-11-06,
1958-11-07,
1958-11-08,
1958-11-09,
1958-11-10,
1958-11-11,
1958-11-12,
1958-11-13,
1958-11-14,
1958-11-15,
1958-11-16,
1958-11-17,
1958-11-18,
1958-11-19,
1958-11-20,
1958-11-21,
1958-11-22,
1958-11-23,
1958-11-24,
1958-11-25,
1958-11-26,
1958-11-27,
1958-11-28,
1958-11-29,
1958-11-30,
1958-12-01,
1958-12-02,
1958-12-03,
1958-12-04,
1958-12-05,
1958-12-06,
1958-12-07,
1958-12-08,
1958-12-09,
1958-12-10,
1958-12-11,
1958-12-12,
1958-12-13,
1958-12-14,
1958-12-15,
1958-12-16,
1958-12-17,
1958-12-18,
1958-12-19,
1958-12-20,
1958-12-21,
1958-12-22,
1958-12-23,
1958-12-24,
1958-12-25,
1958-12-26,
1958-12-27,
1958-12-28,
1958-12-29,
1958-12-30,
1958-12-31,
1959-01-01,
1959-01-02,
1959-01-03,
1959-01-04,
1959-01-05,
1959-01-06,
1959-01-07,
1959-01-08,
1959-01-09,
1959-01-10,
1959-01-11,
1959-01-12,
1959-01-13,
1959-01-14,
1959-01-15,
1959-01-16,
1959-01-17,
1959-01-18,
1959-01-19,
1959-01-20,
1959-01-21,
1959-01-22,
1959-01-23,
1959-01-24,
1959-01-25,
1959-01-26,
1959-01-27,
1959-01-28,
1959-01-29,
1959-01-30,
1959-01-31,
1959-02-01,
1959-02-02,
1959-02-03,
1959-02-04,
1959-02-05,
1959-02-06,
1959-02-07,
1959-02-08,
1959-02-09,
1959-02-10,
1959-02-11,
1959-02-12,
1959-02-13,
1959-02-14,
1959-02-15,
1959-02-16,
1959-02-17,
1959-02-18,
1959-02-19,
1959-02-20,
1959-02-21,
1959-02-22,
1959-02-23,
1959-02-24,
1959-02-25,
1959-02-26,
1959-02-27,
1959-02-28,
1959-03-01,
1959-03-02,
1959-03-03,
1959-03-04,
1959-03-05,
1959-03-06,
1959-03-07,
1959-03-08,
1959-03-09,
1959-03-10,
1959-03-11,
1959-03-12,
1959-03-13,
1959-03-14,
1959-03-15,
1959-03-16,
1959-03-17,
1959-03-18,
1959-03-19,
1959-03-20,
1959-03-21,
1959-03-22,
1959-03-23,
1959-03-24,
1959-03-25,
1959-03-26,
1959-03-27,
1959-03-28,
1959-03-29,
1959-03-30,
1959-03-31,
1959-04-01,
1959-04-02,
1959-04-03,
1959-04-04,
1959-04-05,
1959-04-06,
1959-04-07,
1959-04-08,
1959-04-09,
1959-04-10,
1959-04-11,
1959-04-12,
1959-04-13,
1959-04-14,
1959-04-15,
1959-04-16,
1959-04-17,
1959-04-18,
1959-04-19,
1959-04-20,
1959-04-21,
1959-04-22,
1959-04-23,
1959-04-24,
1959-04-25,
1959-04-26,
1959-04-27,
1959-04-28,
1959-04-29,
1959-04-30,
1959-05-01,
1959-05-02,
1959-05-03,
1959-05-04,
1959-05-05,
1959-05-06,
1959-05-07,
1959-05-08,
1959-05-09,
1959-05-10,
1959-05-11,
1959-05-12,
1959-05-13,
1959-05-14,
1959-05-15,
1959-05-16,
1959-05-17,
1959-05-18,
1959-05-19,
1959-05-20,
1959-05-21,
1959-05-22,
1959-05-23,
1959-05-24,
1959-05-25,
1959-05-26,
1959-05-27,
1959-05-28,
1959-05-29,
1959-05-30,
1959-05-31,
1959-06-01,
1959-06-02,
1959-06-03,
1959-06-04,
1959-06-05,
1959-06-06,
1959-06-07,
1959-06-08,
1959-06-09,
1959-06-10,
1959-06-11,
1959-06-12,
1959-06-13,
1959-06-14,
1959-06-15,
1959-06-16,
1959-06-17,
1959-06-18,
1959-06-19,
1959-06-20,
1959-06-21,
1959-06-22,
1959-06-23,
1959-06-24,
1959-06-25,
1959-06-26,
1959-06-27,
1959-06-28,
1959-06-29,
1959-06-30,
1959-07-01,
1959-07-02,
1959-07-03,
1959-07-04,
1959-07-05,
1959-07-06,
1959-07-07,
1959-07-08,
1959-07-09,
1959-07-10,
1959-07-11,
1959-07-12,
1959-07-13,
1959-07-14,
1959-07-15,
1959-07-16,
1959-07-17,
1959-07-18,
1959-07-19,
1959-07-20,
1959-07-21,
1959-07-22,
1959-07-23,
1959-07-24,
1959-07-25,
1959-07-26,
1959-07-27,
1959-07-28,
1959-07-29,
1959-07-30,
1959-07-31,
1959-08-01,
1959-08-02,
1959-08-03,
1959-08-04,
1959-08-05,
1959-08-06,
1959-08-07,
1959-08-08,
1959-08-09,
1959-08-10,
1959-08-11,
1959-08-12,
1959-08-13,
1959-08-14,
1959-08-15,
1959-08-16,
1959-08-17,
1959-08-18,
1959-08-19,
1959-08-20,
1959-08-21,
1959-08-22,
1959-08-23,
1959-08-24,
1959-08-25,
1959-08-26,
1959-08-27,
1959-08-28,
1959-08-29,
1959-08-30,
1959-08-31,
1959-09-01,
1959-09-02,
1959-09-03,
1959-09-04,
1959-09-05,
1959-09-06,
1959-09-07,
1959-09-08,
1959-09-09,
1959-09-10,
1959-09-11,
1959-09-12,
1959-09-13,
1959-09-14,
1959-09-15,
1959-09-16,
1959-09-17,
1959-09-18,
1959-09-19,
1959-09-20,
1959-09-21,
1959-09-22,
1959-09-23,
1959-09-24,
1959-09-25,
1959-09-26,
1959-09-27,
1959-09-28,
1959-09-29,
1959-09-30,
1959-10-01,
1959-10-02,
1959-10-03,
1959-10-04,
1959-10-05,
1959-10-06,
1959-10-07,
1959-10-08,
1959-10-09,
1959-10-10,
1959-10-11,
1959-10-12,
1959-10-13,
1959-10-14,
1959-10-15,
1959-10-16,
1959-10-17,
1959-10-18,
1959-10-19,
1959-10-20,
1959-10-21,
1959-10-22,
1959-10-23,
1959-10-24,
1959-10-25,
1959-10-26,
1959-10-27,
1959-10-28,
1959-10-29,
1959-10-30,
1959-10-31,
1959-11-01,
1959-11-02,
1959-11-03,
1959-11-04,
1959-11-05,
1959-11-06,
1959-11-07,
1959-11-08,
1959-11-09,
1959-11-10,
1959-11-11,
1959-11-12,
1959-11-13,
1959-11-14,
1959-11-15,
1959-11-16,
1959-11-17,
1959-11-18,
1959-11-19,
1959-11-20,
1959-11-21,
1959-11-22,
1959-11-23,
1959-11-24,
1959-11-25,
1959-11-26,
1959-11-27,
1959-11-28,
1959-11-29,
1959-11-30,
1959-12-01,
1959-12-02,
1959-12-03,
1959-12-04,
1959-12-05,
1959-12-06,
1959-12-07,
1959-12-08,
1959-12-09,
1959-12-10,
1959-12-11,
1959-12-12,
1959-12-13,
1959-12-14,
1959-12-15,
1959-12-16,
1959-12-17,
1959-12-18,
1959-12-19,
1959-12-20,
1959-12-21,
1959-12-22,
1959-12-23,
1959-12-24,
1959-12-25,
1959-12-26,
1959-12-27,
1959-12-28,
1959-12-29,
1959-12-30,
1959-12-31,
1960-01-01,
1960-01-02,
1960-01-03,
1960-01-04,
1960-01-05,
1960-01-06,
1960-01-07,
1960-01-08,
1960-01-09,
1960-01-10,
1960-01-11,
1960-01-12,
1960-01-13,
1960-01-14,
1960-01-15,
1960-01-16,
1960-01-17,
1960-01-18,
1960-01-19,
1960-01-20,
1960-01-21,
1960-01-22,
1960-01-23,
1960-01-24,
1960-01-25,
1960-01-26,
1960-01-27,
1960-01-28,
1960-01-29,
1960-01-30,
1960-01-31,
1960-02-01,
1960-02-02,
1960-02-03,
1960-02-04,
1960-02-05,
1960-02-06,
1960-02-07,
1960-02-08,
1960-02-09,
1960-02-10,
1960-02-11,
1960-02-12,
1960-02-13,
1960-02-14,
1960-02-15,
1960-02-16,
1960-02-17,
1960-02-18,
1960-02-19,
1960-02-20,
1960-02-21,
1960-02-22,
1960-02-23,
1960-02-24,
1960-02-25,
1960-02-26,
1960-02-27,
1960-02-28,
1960-02-29,
1960-03-01,
1960-03-02,
1960-03-03,
1960-03-04,
1960-03-05,
1960-03-06,
1960-03-07,
1960-03-08,
1960-03-09,
1960-03-10,
1960-03-11,
1960-03-12,
1960-03-13,
1960-03-14,
1960-03-15,
1960-03-16,
1960-03-17,
1960-03-18,
1960-03-19,
1960-03-20,
1960-03-21,
1960-03-22,
1960-03-23,
1960-03-24,
1960-03-25,
1960-03-26,
1960-03-27,
1960-03-28,
1960-03-29,
1960-03-30,
1960-03-31,
1960-04-01,
1960-04-02,
1960-04-03,
1960-04-04,
1960-04-05,
1960-04-06,
1960-04-07,
1960-04-08,
1960-04-09,
1960-04-10,
1960-04-11,
1960-04-12,
1960-04-13,
1960-04-14,
1960-04-15,
1960-04-16,
1960-04-17,
1960-04-18,
1960-04-19,
1960-04-20,
1960-04-21,
1960-04-22,
1960-04-23,
1960-04-24,
1960-04-25,
1960-04-26,
1960-04-27,
1960-04-28,
1960-04-29,
1960-04-30,
1960-05-01,
1960-05-02,
1960-05-03,
1960-05-04,
1960-05-05,
1960-05-06,
1960-05-07,
1960-05-08,
1960-05-09,
1960-05-10,
1960-05-11,
1960-05-12,
1960-05-13,
1960-05-14,
1960-05-15,
1960-05-16,
1960-05-17,
1960-05-18,
1960-05-19,
1960-05-20,
1960-05-21,
1960-05-22,
1960-05-23,
1960-05-24,
1960-05-25,
1960-05-26,
1960-05-27,
1960-05-28,
1960-05-29,
1960-05-30,
1960-05-31,
1960-06-01,
1960-06-02,
1960-06-03,
1960-06-04,
1960-06-05,
1960-06-06,
1960-06-07,
1960-06-08,
1960-06-09,
1960-06-10,
1960-06-11,
1960-06-12,
1960-06-13,
1960-06-14,
1960-06-15,
1960-06-16,
1960-06-17,
1960-06-18,
1960-06-19,
1960-06-20,
1960-06-21,
1960-06-22,
1960-06-23,
1960-06-24,
1960-06-25,
1960-06-26,
1960-06-27,
1960-06-28,
1960-06-29,
1960-06-30,
1960-07-01,
1960-07-02,
1960-07-03,
1960-07-04,
1960-07-05,
1960-07-06,
1960-07-07,
1960-07-08,
1960-07-09,
1960-07-10,
1960-07-11,
1960-07-12,
1960-07-13,
1960-07-14,
1960-07-15,
1960-07-16,
1960-07-17,
1960-07-18,
1960-07-19,
1960-07-20,
1960-07-21,
1960-07-22,
1960-07-23,
1960-07-24,
1960-07-25,
1960-07-26,
1960-07-27,
1960-07-28,
1960-07-29,
1960-07-30,
1960-07-31,
1960-08-01,
1960-08-02,
1960-08-03,
1960-08-04,
1960-08-05,
1960-08-06,
1960-08-07,
1960-08-08,
1960-08-09,
1960-08-10,
1960-08-11,
1960-08-12,
1960-08-13,
1960-08-14,
1960-08-15,
1960-08-16,
1960-08-17,
1960-08-18,
1960-08-19,
1960-08-20,
1960-08-21,
1960-08-22,
1960-08-23,
1960-08-24,
1960-08-25,
1960-08-26,
1960-08-27,
1960-08-28,
1960-08-29,
1960-08-30,
1960-08-31,
1960-09-01,
1960-09-02,
1960-09-03,
1960-09-04,
1960-09-05,
1960-09-06,
1960-09-07,
1960-09-08,
1960-09-09,
1960-09-10,
1960-09-11,
1960-09-12,
1960-09-13,
1960-09-14,
1960-09-15,
1960-09-16,
1960-09-17,
1960-09-18,
1960-09-19,
1960-09-20,
1960-09-21,
1960-09-22,
1960-09-23,
1960-09-24,
1960-09-25,
1960-09-26,
1960-09-27,
1960-09-28,
1960-09-29,
1960-09-30,
1960-10-01,
1960-10-02,
1960-10-03,
1960-10-04,
1960-10-05,
1960-10-06,
1960-10-07,
1960-10-08,
1960-10-09,
1960-10-10,
1960-10-11,
1960-10-12,
1960-10-13,
1960-10-14,
1960-10-15,
1960-10-16,
1960-10-17,
1960-10-18,
1960-10-19,
1960-10-20,
1960-10-21,
1960-10-22,
1960-10-23,
1960-10-24,
1960-10-25,
1960-10-26,
1960-10-27,
1960-10-28,
1960-10-29,
1960-10-30,
1960-10-31,
1960-11-01,
1960-11-02,
1960-11-03,
1960-11-04,
1960-11-05,
1960-11-06,
1960-11-07,
1960-11-08,
1960-11-09,
1960-11-10,
1960-11-11,
1960-11-12,
1960-11-13,
1960-11-14,
1960-11-15,
1960-11-16,
1960-11-17,
1960-11-18,
1960-11-19,
1960-11-20,
1960-11-21,
1960-11-22,
1960-11-23,
1960-11-24,
1960-11-25,
1960-11-26,
1960-11-27,
1960-11-28,
1960-11-29,
1960-11-30,
1960-12-01,
1960-12-02,
1960-12-03,
1960-12-04,
1960-12-05,
1960-12-06,
1960-12-07,
1960-12-08,
1960-12-09,
1960-12-10,
1960-12-11,
1960-12-12,
1960-12-13,
1960-12-14,
1960-12-15,
1960-12-16,
1960-12-17,
1960-12-18,
1960-12-19,
1960-12-20,
1960-12-21,
1960-12-22,
1960-12-23,
1960-12-24,
1960-12-25,
1960-12-26,
1960-12-27,
1960-12-28,
1960-12-29,
1960-12-30,
1960-12-31,
1961-01-01,
1961-01-02,
1961-01-03,
1961-01-04,
1961-01-05,
1961-01-06,
1961-01-07,
1961-01-08,
1961-01-09,
1961-01-10,
1961-01-11,
1961-01-12,
1961-01-13,
1961-01-14,
1961-01-15,
1961-01-16,
1961-01-17,
1961-01-18,
1961-01-19,
1961-01-20,
1961-01-21,
1961-01-22,
1961-01-23,
1961-01-24,
1961-01-25,
1961-01-26,
1961-01-27,
1961-01-28,
1961-01-29,
1961-01-30,
1961-01-31,
1961-02-01,
1961-02-02,
1961-02-03,
1961-02-04,
1961-02-05,
1961-02-06,
1961-02-07,
1961-02-08,
1961-02-09,
1961-02-10,
1961-02-11,
1961-02-12,
1961-02-13,
1961-02-14,
1961-02-15,
1961-02-16,
1961-02-17,
1961-02-18,
1961-02-19,
1961-02-20,
1961-02-21,
1961-02-22,
1961-02-23,
1961-02-24,
1961-02-25,
1961-02-26,
1961-02-27,
1961-02-28,
1961-03-01,
1961-03-02,
1961-03-03,
1961-03-04,
1961-03-05,
1961-03-06,
1961-03-07,
1961-03-08,
1961-03-09,
1961-03-10,
1961-03-11,
1961-03-12,
1961-03-13,
1961-03-14,
1961-03-15,
1961-03-16,
1961-03-17,
1961-03-18,
1961-03-19,
1961-03-20,
1961-03-21,
1961-03-22,
1961-03-23,
1961-03-24,
1961-03-25,
1961-03-26,
1961-03-27,
1961-03-28,
1961-03-29,
1961-03-30,
1961-03-31,
1961-04-01,
1961-04-02,
1961-04-03,
1961-04-04,
1961-04-05,
1961-04-06,
1961-04-07,
1961-04-08,
1961-04-09,
1961-04-10,
1961-04-11,
1961-04-12,
1961-04-13,
1961-04-14,
1961-04-15,
1961-04-16,
1961-04-17,
1961-04-18,
1961-04-19,
1961-04-20,
1961-04-21,
1961-04-22,
1961-04-23,
1961-04-24,
1961-04-25,
1961-04-26,
1961-04-27,
1961-04-28,
1961-04-29,
1961-04-30,
1961-05-01,
1961-05-02,
1961-05-03,
1961-05-04,
1961-05-05,
1961-05-06,
1961-05-07,
1961-05-08,
1961-05-09,
1961-05-10,
1961-05-11,
1961-05-12,
1961-05-13,
1961-05-14,
1961-05-15,
1961-05-16,
1961-05-17,
1961-05-18,
1961-05-19,
1961-05-20,
1961-05-21,
1961-05-22,
1961-05-23,
1961-05-24,
1961-05-25,
1961-05-26,
1961-05-27,
1961-05-28,
1961-05-29,
1961-05-30,
1961-05-31,
1961-06-01,
1961-06-02,
1961-06-03,
1961-06-04,
1961-06-05,
1961-06-06,
1961-06-07,
1961-06-08,
1961-06-09,
1961-06-10,
1961-06-11,
1961-06-12,
1961-06-13,
1961-06-14,
1961-06-15,
1961-06-16,
1961-06-17,
1961-06-18,
1961-06-19,
1961-06-20,
1961-06-21,
1961-06-22,
1961-06-23,
1961-06-24,
1961-06-25,
1961-06-26,
1961-06-27,
1961-06-28,
1961-06-29,
1961-06-30,
1961-07-01,
1961-07-02,
1961-07-03,
1961-07-04,
1961-07-05,
1961-07-06,
1961-07-07,
1961-07-08,
1961-07-09,
1961-07-10,
1961-07-11,
1961-07-12,
1961-07-13,
1961-07-14,
1961-07-15,
1961-07-16,
1961-07-17,
1961-07-18,
1961-07-19,
1961-07-20,
1961-07-21,
1961-07-22,
1961-07-23,
1961-07-24,
1961-07-25,
1961-07-26,
1961-07-27,
1961-07-28,
1961-07-29,
1961-07-30,
1961-07-31,
1961-08-01,
1961-08-02,
1961-08-03,
1961-08-04,
1961-08-05,
1961-08-06,
1961-08-07,
1961-08-08,
1961-08-09,
1961-08-10,
1961-08-11,
1961-08-12,
1961-08-13,
1961-08-14,
1961-08-15,
1961-08-16,
1961-08-17,
1961-08-18,
1961-08-19,
1961-08-20,
1961-08-21,
1961-08-22,
1961-08-23,
1961-08-24,
1961-08-25,
1961-08-26,
1961-08-27,
1961-08-28,
1961-08-29,
1961-08-30,
1961-08-31,
1961-09-01,
1961-09-02,
1961-09-03,
1961-09-04,
1961-09-05,
1961-09-06,
1961-09-07,
1961-09-08,
1961-09-09,
1961-09-10,
1961-09-11,
1961-09-12,
1961-09-13,
1961-09-14,
1961-09-15,
1961-09-16,
1961-09-17,
1961-09-18,
1961-09-19,
1961-09-20,
1961-09-21,
1961-09-22,
1961-09-23,
1961-09-24,
1961-09-25,
1961-09-26,
1961-09-27,
1961-09-28,
1961-09-29,
1961-09-30,
1961-10-01,
1961-10-02,
1961-10-03,
1961-10-04,
1961-10-05,
1961-10-06,
1961-10-07,
1961-10-08,
1961-10-09,
1961-10-10,
1961-10-11,
1961-10-12,
1961-10-13,
1961-10-14,
1961-10-15,
1961-10-16,
1961-10-17,
1961-10-18,
1961-10-19,
1961-10-20,
1961-10-21,
1961-10-22,
1961-10-23,
1961-10-24,
1961-10-25,
1961-10-26,
1961-10-27,
1961-10-28,
1961-10-29,
1961-10-30,
1961-10-31,
1961-11-01,
1961-11-02,
1961-11-03,
1961-11-04,
1961-11-05,
1961-11-06,
1961-11-07,
1961-11-08,
1961-11-09,
1961-11-10,
1961-11-11,
1961-11-12,
1961-11-13,
1961-11-14,
1961-11-15,
1961-11-16,
1961-11-17,
1961-11-18,
1961-11-19,
1961-11-20,
1961-11-21,
1961-11-22,
1961-11-23,
1961-11-24,
1961-11-25,
1961-11-26,
1961-11-27,
1961-11-28,
1961-11-29,
1961-11-30,
1961-12-01,
1961-12-02,
1961-12-03,
1961-12-04,
1961-12-05,
1961-12-06,
1961-12-07,
1961-12-08,
1961-12-09,
1961-12-10,
1961-12-11,
1961-12-12,
1961-12-13,
1961-12-14,
1961-12-15,
1961-12-16,
1961-12-17,
1961-12-18,
1961-12-19,
1961-12-20,
1961-12-21,
1961-12-22,
1961-12-23,
1961-12-24,
1961-12-25,
1961-12-26,
1961-12-27,
1961-12-28,
1961-12-29,
1961-12-30,
1961-12-31,
1962-01-01,
1962-01-02,
1962-01-03,
1962-01-04,
1962-01-05,
1962-01-06,
1962-01-07,
1962-01-08,
1962-01-09,
1962-01-10,
1962-01-11,
1962-01-12,
1962-01-13,
1962-01-14,
1962-01-15,
1962-01-16,
1962-01-17,
1962-01-18,
1962-01-19,
1962-01-20,
1962-01-21,
1962-01-22,
1962-01-23,
1962-01-24,
1962-01-25,
1962-01-26,
1962-01-27,
1962-01-28,
1962-01-29,
1962-01-30,
1962-01-31,
1962-02-01,
1962-02-02,
1962-02-03,
1962-02-04,
1962-02-05,
1962-02-06,
1962-02-07,
1962-02-08,
1962-02-09,
1962-02-10,
1962-02-11,
1962-02-12,
1962-02-13,
1962-02-14,
1962-02-15,
1962-02-16,
1962-02-17,
1962-02-18,
1962-02-19,
1962-02-20,
1962-02-21,
1962-02-22,
1962-02-23,
1962-02-24,
1962-02-25,
1962-02-26,
1962-02-27,
1962-02-28,
1962-03-01,
1962-03-02,
1962-03-03,
1962-03-04,
1962-03-05,
1962-03-06,
1962-03-07,
1962-03-08,
1962-03-09,
1962-03-10,
1962-03-11,
1962-03-12,
1962-03-13,
1962-03-14,
1962-03-15,
1962-03-16,
1962-03-17,
1962-03-18,
1962-03-19,
1962-03-20,
1962-03-21,
1962-03-22,
1962-03-23,
1962-03-24,
1962-03-25,
1962-03-26,
1962-03-27,
1962-03-28,
1962-03-29,
1962-03-30,
1962-03-31,
1962-04-01,
1962-04-02,
1962-04-03,
1962-04-04,
1962-04-05,
1962-04-06,
1962-04-07,
1962-04-08,
1962-04-09,
1962-04-10,
1962-04-11,
1962-04-12,
1962-04-13,
1962-04-14,
1962-04-15,
1962-04-16,
1962-04-17,
1962-04-18,
1962-04-19,
1962-04-20,
1962-04-21,
1962-04-22,
1962-04-23,
1962-04-24,
1962-04-25,
1962-04-26,
1962-04-27,
1962-04-28,
1962-04-29,
1962-04-30,
1962-05-01,
1962-05-02,
1962-05-03,
1962-05-04,
1962-05-05,
1962-05-06,
1962-05-07,
1962-05-08,
1962-05-09,
1962-05-10,
1962-05-11,
1962-05-12,
1962-05-13,
1962-05-14,
1962-05-15,
1962-05-16,
1962-05-17,
1962-05-18,
1962-05-19,
1962-05-20,
1962-05-21,
1962-05-22,
1962-05-23,
1962-05-24,
1962-05-25,
1962-05-26,
1962-05-27,
1962-05-28,
1962-05-29,
1962-05-30,
1962-05-31,
1962-06-01,
1962-06-02,
1962-06-03,
1962-06-04,
1962-06-05,
1962-06-06,
1962-06-07,
1962-06-08,
1962-06-09,
1962-06-10,
1962-06-11,
1962-06-12,
1962-06-13,
1962-06-14,
1962-06-15,
1962-06-16,
1962-06-17,
1962-06-18,
1962-06-19,
1962-06-20,
1962-06-21,
1962-06-22,
1962-06-23,
1962-06-24,
1962-06-25,
1962-06-26,
1962-06-27,
1962-06-28,
1962-06-29,
1962-06-30,
1962-07-01,
1962-07-02,
1962-07-03,
1962-07-04,
1962-07-05,
1962-07-06,
1962-07-07,
1962-07-08,
1962-07-09,
1962-07-10,
1962-07-11,
1962-07-12,
1962-07-13,
1962-07-14,
1962-07-15,
1962-07-16,
1962-07-17,
1962-07-18,
1962-07-19,
1962-07-20,
1962-07-21,
1962-07-22,
1962-07-23,
1962-07-24,
1962-07-25,
1962-07-26,
1962-07-27,
1962-07-28,
1962-07-29,
1962-07-30,
1962-07-31,
1962-08-01,
1962-08-02,
1962-08-03,
1962-08-04,
1962-08-05,
1962-08-06,
1962-08-07,
1962-08-08,
1962-08-09,
1962-08-10,
1962-08-11,
1962-08-12,
1962-08-13,
1962-08-14,
1962-08-15,
1962-08-16,
1962-08-17,
1962-08-18,
1962-08-19,
1962-08-20,
1962-08-21,
1962-08-22,
1962-08-23,
1962-08-24,
1962-08-25,
1962-08-26,
1962-08-27,
1962-08-28,
1962-08-29,
1962-08-30,
1962-08-31,
1962-09-01,
1962-09-02,
1962-09-03,
1962-09-04,
1962-09-05,
1962-09-06,
1962-09-07,
1962-09-08,
1962-09-09,
1962-09-10,
1962-09-11,
1962-09-12,
1962-09-13,
1962-09-14,
1962-09-15,
1962-09-16,
1962-09-17,
1962-09-18,
1962-09-19,
1962-09-20,
1962-09-21,
1962-09-22,
1962-09-23,
1962-09-24,
1962-09-25,
1962-09-26,
1962-09-27,
1962-09-28,
1962-09-29,
1962-09-30,
1962-10-01,
1962-10-02,
1962-10-03,
1962-10-04,
1962-10-05,
1962-10-06,
1962-10-07,
1962-10-08,
1962-10-09,
1962-10-10,
1962-10-11,
1962-10-12,
1962-10-13,
1962-10-14,
1962-10-15,
1962-10-16,
1962-10-17,
1962-10-18,
1962-10-19,
1962-10-20,
1962-10-21,
1962-10-22,
1962-10-23,
1962-10-24,
1962-10-25,
1962-10-26,
1962-10-27,
1962-10-28,
1962-10-29,
1962-10-30,
1962-10-31,
1962-11-01,
1962-11-02,
1962-11-03,
1962-11-04,
1962-11-05,
1962-11-06,
1962-11-07,
1962-11-08,
1962-11-09,
1962-11-10,
1962-11-11,
1962-11-12,
1962-11-13,
1962-11-14,
1962-11-15,
1962-11-16,
1962-11-17,
1962-11-18,
1962-11-19,
1962-11-20,
1962-11-21,
1962-11-22,
1962-11-23,
1962-11-24,
1962-11-25,
1962-11-26,
1962-11-27,
1962-11-28,
1962-11-29,
1962-11-30,
1962-12-01,
1962-12-02,
1962-12-03,
1962-12-04,
1962-12-05,
1962-12-06,
1962-12-07,
1962-12-08,
1962-12-09,
1962-12-10,
1962-12-11,
1962-12-12,
1962-12-13,
1962-12-14,
1962-12-15,
1962-12-16,
1962-12-17,
1962-12-18,
1962-12-19,
1962-12-20,
1962-12-21,
1962-12-22,
1962-12-23,
1962-12-24,
1962-12-25,
1962-12-26,
1962-12-27,
1962-12-28,
1962-12-29,
1962-12-30,
1962-12-31,
1963-01-01,
1963-01-02,
1963-01-03,
1963-01-04,
1963-01-05,
1963-01-06,
1963-01-07,
1963-01-08,
1963-01-09,
1963-01-10,
1963-01-11,
1963-01-12,
1963-01-13,
1963-01-14,
1963-01-15,
1963-01-16,
1963-01-17,
1963-01-18,
1963-01-19,
1963-01-20,
1963-01-21,
1963-01-22,
1963-01-23,
1963-01-24,
1963-01-25,
1963-01-26,
1963-01-27,
1963-01-28,
1963-01-29,
1963-01-30,
1963-01-31,
1963-02-01,
1963-02-02,
1963-02-03,
1963-02-04,
1963-02-05,
1963-02-06,
1963-02-07,
1963-02-08,
1963-02-09,
1963-02-10,
1963-02-11,
1963-02-12,
1963-02-13,
1963-02-14,
1963-02-15,
1963-02-16,
1963-02-17,
1963-02-18,
1963-02-19,
1963-02-20,
1963-02-21,
1963-02-22,
1963-02-23,
1963-02-24,
1963-02-25,
1963-02-26,
1963-02-27,
1963-02-28,
1963-03-01,
1963-03-02,
1963-03-03,
1963-03-04,
1963-03-05,
1963-03-06,
1963-03-07,
1963-03-08,
1963-03-09,
1963-03-10,
1963-03-11,
1963-03-12,
1963-03-13,
1963-03-14,
1963-03-15,
1963-03-16,
1963-03-17,
1963-03-18,
1963-03-19,
1963-03-20,
1963-03-21,
1963-03-22,
1963-03-23,
1963-03-24,
1963-03-25,
1963-03-26,
1963-03-27,
1963-03-28,
1963-03-29,
1963-03-30,
1963-03-31,
1963-04-01,
1963-04-02,
1963-04-03,
1963-04-04,
1963-04-05,
1963-04-06,
1963-04-07,
1963-04-08,
1963-04-09,
1963-04-10,
1963-04-11,
1963-04-12,
1963-04-13,
1963-04-14,
1963-04-15,
1963-04-16,
1963-04-17,
1963-04-18,
1963-04-19,
1963-04-20,
1963-04-21,
1963-04-22,
1963-04-23,
1963-04-24,
1963-04-25,
1963-04-26,
1963-04-27,
1963-04-28,
1963-04-29,
1963-04-30,
1963-05-01,
1963-05-02,
1963-05-03,
1963-05-04,
1963-05-05,
1963-05-06,
1963-05-07,
1963-05-08,
1963-05-09,
1963-05-10,
1963-05-11,
1963-05-12,
1963-05-13,
1963-05-14,
1963-05-15,
1963-05-16,
1963-05-17,
1963-05-18,
1963-05-19,
1963-05-20,
1963-05-21,
1963-05-22,
1963-05-23,
1963-05-24,
1963-05-25,
1963-05-26,
1963-05-27,
1963-05-28,
1963-05-29,
1963-05-30,
1963-05-31,
1963-06-01,
1963-06-02,
1963-06-03,
1963-06-04,
1963-06-05,
1963-06-06,
1963-06-07,
1963-06-08,
1963-06-09,
1963-06-10,
1963-06-11,
1963-06-12,
1963-06-13,
1963-06-14,
1963-06-15,
1963-06-16,
1963-06-17,
1963-06-18,
1963-06-19,
1963-06-20,
1963-06-21,
1963-06-22,
1963-06-23,
1963-06-24,
1963-06-25,
1963-06-26,
1963-06-27,
1963-06-28,
1963-06-29,
1963-06-30,
1963-07-01,
1963-07-02,
1963-07-03,
1963-07-04,
1963-07-05,
1963-07-06,
1963-07-07,
1963-07-08,
1963-07-09,
1963-07-10,
1963-07-11,
1963-07-12,
1963-07-13,
1963-07-14,
1963-07-15,
1963-07-16,
1963-07-17,
1963-07-18,
1963-07-19,
1963-07-20,
1963-07-21,
1963-07-22,
1963-07-23,
1963-07-24,
1963-07-25,
1963-07-26,
1963-07-27,
1963-07-28,
1963-07-29,
1963-07-30,
1963-07-31,
1963-08-01,
1963-08-02,
1963-08-03,
1963-08-04,
1963-08-05,
1963-08-06,
1963-08-07,
1963-08-08,
1963-08-09,
1963-08-10,
1963-08-11,
1963-08-12,
1963-08-13,
1963-08-14,
1963-08-15,
1963-08-16,
1963-08-17,
1963-08-18,
1963-08-19,
1963-08-20,
1963-08-21,
1963-08-22,
1963-08-23,
1963-08-24,
1963-08-25,
1963-08-26,
1963-08-27,
1963-08-28,
1963-08-29,
1963-08-30,
1963-08-31,
1963-09-01,
1963-09-02,
1963-09-03,
1963-09-04,
1963-09-05,
1963-09-06,
1963-09-07,
1963-09-08,
1963-09-09,
1963-09-10,
1963-09-11,
1963-09-12,
1963-09-13,
1963-09-14,
1963-09-15,
1963-09-16,
1963-09-17,
1963-09-18,
1963-09-19,
1963-09-20,
1963-09-21,
1963-09-22,
1963-09-23,
1963-09-24,
1963-09-25,
1963-09-26,
1963-09-27,
1963-09-28,
1963-09-29,
1963-09-30,
1963-10-01,
1963-10-02,
1963-10-03,
1963-10-04,
1963-10-05,
1963-10-06,
1963-10-07,
1963-10-08,
1963-10-09,
1963-10-10,
1963-10-11,
1963-10-12,
1963-10-13,
1963-10-14,
1963-10-15,
1963-10-16,
1963-10-17,
1963-10-18,
1963-10-19,
1963-10-20,
1963-10-21,
1963-10-22,
1963-10-23,
1963-10-24,
1963-10-25,
1963-10-26,
1963-10-27,
1963-10-28,
1963-10-29,
1963-10-30,
1963-10-31,
1963-11-01,
1963-11-02,
1963-11-03,
1963-11-04,
1963-11-05,
1963-11-06,
1963-11-07,
1963-11-08,
1963-11-09,
1963-11-10,
1963-11-11,
1963-11-12,
1963-11-13,
1963-11-14,
1963-11-15,
1963-11-16,
1963-11-17,
1963-11-18,
1963-11-19,
1963-11-20,
1963-11-21,
1963-11-22,
1963-11-23,
1963-11-24,
1963-11-25,
1963-11-26,
1963-11-27,
1963-11-28,
1963-11-29,
1963-11-30,
1963-12-01,
1963-12-02,
1963-12-03,
1963-12-04,
1963-12-05,
1963-12-06,
1963-12-07,
1963-12-08,
1963-12-09,
1963-12-10,
1963-12-11,
1963-12-12,
1963-12-13,
1963-12-14,
1963-12-15,
1963-12-16,
1963-12-17,
1963-12-18,
1963-12-19,
1963-12-20,
1963-12-21,
1963-12-22,
1963-12-23,
1963-12-24,
1963-12-25,
1963-12-26,
1963-12-27,
1963-12-28,
1963-12-29,
1963-12-30,
1963-12-31,
1964-01-01,
1964-01-02,
1964-01-03,
1964-01-04,
1964-01-05,
1964-01-06,
1964-01-07,
1964-01-08,
1964-01-09,
1964-01-10,
1964-01-11,
1964-01-12,
1964-01-13,
1964-01-14,
1964-01-15,
1964-01-16,
1964-01-17,
1964-01-18,
1964-01-19,
1964-01-20,
1964-01-21,
1964-01-22,
1964-01-23,
1964-01-24,
1964-01-25,
1964-01-26,
1964-01-27,
1964-01-28,
1964-01-29,
1964-01-30,
1964-01-31,
1964-02-01,
1964-02-02,
1964-02-03,
1964-02-04,
1964-02-05,
1964-02-06,
1964-02-07,
1964-02-08,
1964-02-09,
1964-02-10,
1964-02-11,
1964-02-12,
1964-02-13,
1964-02-14,
1964-02-15,
1964-02-16,
1964-02-17,
1964-02-18,
1964-02-19,
1964-02-20,
1964-02-21,
1964-02-22,
1964-02-23,
1964-02-24,
1964-02-25,
1964-02-26,
1964-02-27,
1964-02-28,
1964-02-29,
1964-03-01,
1964-03-02,
1964-03-03,
1964-03-04,
1964-03-05,
1964-03-06,
1964-03-07,
1964-03-08,
1964-03-09,
1964-03-10,
1964-03-11,
1964-03-12,
1964-03-13,
1964-03-14,
1964-03-15,
1964-03-16,
1964-03-17,
1964-03-18,
1964-03-19,
1964-03-20,
1964-03-21,
1964-03-22,
1964-03-23,
1964-03-24,
1964-03-25,
1964-03-26,
1964-03-27,
1964-03-28,
1964-03-29,
1964-03-30,
1964-03-31,
1964-04-01,
1964-04-02,
1964-04-03,
1964-04-04,
1964-04-05,
1964-04-06,
1964-04-07,
1964-04-08,
1964-04-09,
1964-04-10,
1964-04-11,
1964-04-12,
1964-04-13,
1964-04-14,
1964-04-15,
1964-04-16,
1964-04-17,
1964-04-18,
1964-04-19,
1964-04-20,
1964-04-21,
1964-04-22,
1964-04-23,
1964-04-24,
1964-04-25,
1964-04-26,
1964-04-27,
1964-04-28,
1964-04-29,
1964-04-30,
1964-05-01,
1964-05-02,
1964-05-03,
1964-05-04,
1964-05-05,
1964-05-06,
1964-05-07,
1964-05-08,
1964-05-09,
1964-05-10,
1964-05-11,
1964-05-12,
1964-05-13,
1964-05-14,
1964-05-15,
1964-05-16,
1964-05-17,
1964-05-18,
1964-05-19,
1964-05-20,
1964-05-21,
1964-05-22,
1964-05-23,
1964-05-24,
1964-05-25,
1964-05-26,
1964-05-27,
1964-05-28,
1964-05-29,
1964-05-30,
1964-05-31,
1964-06-01,
1964-06-02,
1964-06-03,
1964-06-04,
1964-06-05,
1964-06-06,
1964-06-07,
1964-06-08,
1964-06-09,
1964-06-10,
1964-06-11,
1964-06-12,
1964-06-13,
1964-06-14,
1964-06-15,
1964-06-16,
1964-06-17,
1964-06-18,
1964-06-19,
1964-06-20,
1964-06-21,
1964-06-22,
1964-06-23,
1964-06-24,
1964-06-25,
1964-06-26,
1964-06-27,
1964-06-28,
1964-06-29,
1964-06-30,
1964-07-01,
1964-07-02,
1964-07-03,
1964-07-04,
1964-07-05,
1964-07-06,
1964-07-07,
1964-07-08,
1964-07-09,
1964-07-10,
1964-07-11,
1964-07-12,
1964-07-13,
1964-07-14,
1964-07-15,
1964-07-16,
1964-07-17,
1964-07-18,
1964-07-19,
1964-07-20,
1964-07-21,
1964-07-22,
1964-07-23,
1964-07-24,
1964-07-25,
1964-07-26,
1964-07-27,
1964-07-28,
1964-07-29,
1964-07-30,
1964-07-31,
1964-08-01,
1964-08-02,
1964-08-03,
1964-08-04,
1964-08-05,
1964-08-06,
1964-08-07,
1964-08-08,
1964-08-09,
1964-08-10,
1964-08-11,
1964-08-12,
1964-08-13,
1964-08-14,
1964-08-15,
1964-08-16,
1964-08-17,
1964-08-18,
1964-08-19,
1964-08-20,
1964-08-21,
1964-08-22,
1964-08-23,
1964-08-24,
1964-08-25,
1964-08-26,
1964-08-27,
1964-08-28,
1964-08-29,
1964-08-30,
1964-08-31,
1964-09-01,
1964-09-02,
1964-09-03,
1964-09-04,
1964-09-05,
1964-09-06,
1964-09-07,
1964-09-08,
1964-09-09,
1964-09-10,
1964-09-11,
1964-09-12,
1964-09-13,
1964-09-14,
1964-09-15,
1964-09-16,
1964-09-17,
1964-09-18,
1964-09-19,
1964-09-20,
1964-09-21,
1964-09-22,
1964-09-23,
1964-09-24,
1964-09-25,
1964-09-26,
1964-09-27,
1964-09-28,
1964-09-29,
1964-09-30,
1964-10-01,
1964-10-02,
1964-10-03,
1964-10-04,
1964-10-05,
1964-10-06,
1964-10-07,
1964-10-08,
1964-10-09,
1964-10-10,
1964-10-11,
1964-10-12,
1964-10-13,
1964-10-14,
1964-10-15,
1964-10-16,
1964-10-17,
1964-10-18,
1964-10-19,
1964-10-20,
1964-10-21,
1964-10-22,
1964-10-23,
1964-10-24,
1964-10-25,
1964-10-26,
1964-10-27,
1964-10-28,
1964-10-29,
1964-10-30,
1964-10-31,
1964-11-01,
1964-11-02,
1964-11-03,
1964-11-04,
1964-11-05,
1964-11-06,
1964-11-07,
1964-11-08,
1964-11-09,
1964-11-10,
1964-11-11,
1964-11-12,
1964-11-13,
1964-11-14,
1964-11-15,
1964-11-16,
1964-11-17,
1964-11-18,
1964-11-19,
1964-11-20,
1964-11-21,
1964-11-22,
1964-11-23,
1964-11-24,
1964-11-25,
1964-11-26,
1964-11-27,
1964-11-28,
1964-11-29,
1964-11-30,
1964-12-01,
1964-12-02,
1964-12-03,
1964-12-04,
1964-12-05,
1964-12-06,
1964-12-07,
1964-12-08,
1964-12-09,
1964-12-10,
1964-12-11,
1964-12-12,
1964-12-13,
1964-12-14,
1964-12-15,
1964-12-16,
1964-12-17,
1964-12-18,
1964-12-19,
1964-12-20,
1964-12-21,
1964-12-22,
1964-12-23,
1964-12-24,
1964-12-25,
1964-12-26,
1964-12-27,
1964-12-28,
1964-12-29,
1964-12-30,
1964-12-31,
1965-01-01,
1965-01-02,
1965-01-03,
1965-01-04,
1965-01-05,
1965-01-06,
1965-01-07,
1965-01-08,
1965-01-09,
1965-01-10,
1965-01-11,
1965-01-12,
1965-01-13,
1965-01-14,
1965-01-15,
1965-01-16,
1965-01-17,
1965-01-18,
1965-01-19,
1965-01-20,
1965-01-21,
1965-01-22,
1965-01-23,
1965-01-24,
1965-01-25,
1965-01-26,
1965-01-27,
1965-01-28,
1965-01-29,
1965-01-30,
1965-01-31,
1965-02-01,
1965-02-02,
1965-02-03,
1965-02-04,
1965-02-05,
1965-02-06,
1965-02-07,
1965-02-08,
1965-02-09,
1965-02-10,
1965-02-11,
1965-02-12,
1965-02-13,
1965-02-14,
1965-02-15,
1965-02-16,
1965-02-17,
1965-02-18,
1965-02-19,
1965-02-20,
1965-02-21,
1965-02-22,
1965-02-23,
1965-02-24,
1965-02-25,
1965-02-26,
1965-02-27,
1965-02-28,
1965-03-01,
1965-03-02,
1965-03-03,
1965-03-04,
1965-03-05,
1965-03-06,
1965-03-07,
1965-03-08,
1965-03-09,
1965-03-10,
1965-03-11,
1965-03-12,
1965-03-13,
1965-03-14,
1965-03-15,
1965-03-16,
1965-03-17,
1965-03-18,
1965-03-19,
1965-03-20,
1965-03-21,
1965-03-22,
1965-03-23,
1965-03-24,
1965-03-25,
1965-03-26,
1965-03-27,
1965-03-28,
1965-03-29,
1965-03-30,
1965-03-31,
1965-04-01,
1965-04-02,
1965-04-03,
1965-04-04,
1965-04-05,
1965-04-06,
1965-04-07,
1965-04-08,
1965-04-09,
1965-04-10,
1965-04-11,
1965-04-12,
1965-04-13,
1965-04-14,
1965-04-15,
1965-04-16,
1965-04-17,
1965-04-18,
1965-04-19,
1965-04-20,
1965-04-21,
1965-04-22,
1965-04-23,
1965-04-24,
1965-04-25,
1965-04-26,
1965-04-27,
1965-04-28,
1965-04-29,
1965-04-30,
1965-05-01,
1965-05-02,
1965-05-03,
1965-05-04,
1965-05-05,
1965-05-06,
1965-05-07,
1965-05-08,
1965-05-09,
1965-05-10,
1965-05-11,
1965-05-12,
1965-05-13,
1965-05-14,
1965-05-15,
1965-05-16,
1965-05-17,
1965-05-18,
1965-05-19,
1965-05-20,
1965-05-21,
1965-05-22,
1965-05-23,
1965-05-24,
1965-05-25,
1965-05-26,
1965-05-27,
1965-05-28,
1965-05-29,
1965-05-30,
1965-05-31,
1965-06-01,
1965-06-02,
1965-06-03,
1965-06-04,
1965-06-05,
1965-06-06,
1965-06-07,
1965-06-08,
1965-06-09,
1965-06-10,
1965-06-11,
1965-06-12,
1965-06-13,
1965-06-14,
1965-06-15,
1965-06-16,
1965-06-17,
1965-06-18,
1965-06-19,
1965-06-20,
1965-06-21,
1965-06-22,
1965-06-23,
1965-06-24,
1965-06-25,
1965-06-26,
1965-06-27,
1965-06-28,
1965-06-29,
1965-06-30,
1965-07-01,
1965-07-02,
1965-07-03,
1965-07-04,
1965-07-05,
1965-07-06,
1965-07-07,
1965-07-08,
1965-07-09,
1965-07-10,
1965-07-11,
1965-07-12,
1965-07-13,
1965-07-14,
1965-07-15,
1965-07-16,
1965-07-17,
1965-07-18,
1965-07-19,
1965-07-20,
1965-07-21,
1965-07-22,
1965-07-23,
1965-07-24,
1965-07-25,
1965-07-26,
1965-07-27,
1965-07-28,
1965-07-29,
1965-07-30,
1965-07-31,
1965-08-01,
1965-08-02,
1965-08-03,
1965-08-04,
1965-08-05,
1965-08-06,
1965-08-07,
1965-08-08,
1965-08-09,
1965-08-10,
1965-08-11,
1965-08-12,
1965-08-13,
1965-08-14,
1965-08-15,
1965-08-16,
1965-08-17,
1965-08-18,
1965-08-19,
1965-08-20,
1965-08-21,
1965-08-22,
1965-08-23,
1965-08-24,
1965-08-25,
1965-08-26,
1965-08-27,
1965-08-28,
1965-08-29,
1965-08-30,
1965-08-31,
1965-09-01,
1965-09-02,
1965-09-03,
1965-09-04,
1965-09-05,
1965-09-06,
1965-09-07,
1965-09-08,
1965-09-09,
1965-09-10,
1965-09-11,
1965-09-12,
1965-09-13,
1965-09-14,
1965-09-15,
1965-09-16,
1965-09-17,
1965-09-18,
1965-09-19,
1965-09-20,
1965-09-21,
1965-09-22,
1965-09-23,
1965-09-24,
1965-09-25,
1965-09-26,
1965-09-27,
1965-09-28,
1965-09-29,
1965-09-30,
1965-10-01,
1965-10-02,
1965-10-03,
1965-10-04,
1965-10-05,
1965-10-06,
1965-10-07,
1965-10-08,
1965-10-09,
1965-10-10,
1965-10-11,
1965-10-12,
1965-10-13,
1965-10-14,
1965-10-15,
1965-10-16,
1965-10-17,
1965-10-18,
1965-10-19,
1965-10-20,
1965-10-21,
1965-10-22,
1965-10-23,
1965-10-24,
1965-10-25,
1965-10-26,
1965-10-27,
1965-10-28,
1965-10-29,
1965-10-30,
1965-10-31,
1965-11-01,
1965-11-02,
1965-11-03,
1965-11-04,
1965-11-05,
1965-11-06,
1965-11-07,
1965-11-08,
1965-11-09,
1965-11-10,
1965-11-11,
1965-11-12,
1965-11-13,
1965-11-14,
1965-11-15,
1965-11-16,
1965-11-17,
1965-11-18,
1965-11-19,
1965-11-20,
1965-11-21,
1965-11-22,
1965-11-23,
1965-11-24,
1965-11-25,
1965-11-26,
1965-11-27,
1965-11-28,
1965-11-29,
1965-11-30,
1965-12-01,
1965-12-02,
1965-12-03,
1965-12-04,
1965-12-05,
1965-12-06,
1965-12-07,
1965-12-08,
1965-12-09,
1965-12-10,
1965-12-11,
1965-12-12,
1965-12-13,
1965-12-14,
1965-12-15,
1965-12-16,
1965-12-17,
1965-12-18,
1965-12-19,
1965-12-20,
1965-12-21,
1965-12-22,
1965-12-23,
1965-12-24,
1965-12-25,
1965-12-26,
1965-12-27,
1965-12-28,
1965-12-29,
1965-12-30,
1965-12-31,
1966-01-01,
1966-01-02,
1966-01-03,
1966-01-04,
1966-01-05,
1966-01-06,
1966-01-07,
1966-01-08,
1966-01-09,
1966-01-10,
1966-01-11,
1966-01-12,
1966-01-13,
1966-01-14,
1966-01-15,
1966-01-16,
1966-01-17,
1966-01-18,
1966-01-19,
1966-01-20,
1966-01-21,
1966-01-22,
1966-01-23,
1966-01-24,
1966-01-25,
1966-01-26,
1966-01-27,
1966-01-28,
1966-01-29,
1966-01-30,
1966-01-31,
1966-02-01,
1966-02-02,
1966-02-03,
1966-02-04,
1966-02-05,
1966-02-06,
1966-02-07,
1966-02-08,
1966-02-09,
1966-02-10,
1966-02-11,
1966-02-12,
1966-02-13,
1966-02-14,
1966-02-15,
1966-02-16,
1966-02-17,
1966-02-18,
1966-02-19,
1966-02-20,
1966-02-21,
1966-02-22,
1966-02-23,
1966-02-24,
1966-02-25,
1966-02-26,
1966-02-27,
1966-02-28,
1966-03-01,
1966-03-02,
1966-03-03,
1966-03-04,
1966-03-05,
1966-03-06,
1966-03-07,
1966-03-08,
1966-03-09,
1966-03-10,
1966-03-11,
1966-03-12,
1966-03-13,
1966-03-14,
1966-03-15,
1966-03-16,
1966-03-17,
1966-03-18,
1966-03-19,
1966-03-20,
1966-03-21,
1966-03-22,
1966-03-23,
1966-03-24,
1966-03-25,
1966-03-26,
1966-03-27,
1966-03-28,
1966-03-29,
1966-03-30,
1966-03-31,
1966-04-01,
1966-04-02,
1966-04-03,
1966-04-04,
1966-04-05,
1966-04-06,
1966-04-07,
1966-04-08,
1966-04-09,
1966-04-10,
1966-04-11,
1966-04-12,
1966-04-13,
1966-04-14,
1966-04-15,
1966-04-16,
1966-04-17,
1966-04-18,
1966-04-19,
1966-04-20,
1966-04-21,
1966-04-22,
1966-04-23,
1966-04-24,
1966-04-25,
1966-04-26,
1966-04-27,
1966-04-28,
1966-04-29,
1966-04-30,
1966-05-01,
1966-05-02,
1966-05-03,
1966-05-04,
1966-05-05,
1966-05-06,
1966-05-07,
1966-05-08,
1966-05-09,
1966-05-10,
1966-05-11,
1966-05-12,
1966-05-13,
1966-05-14,
1966-05-15,
1966-05-16,
1966-05-17,
1966-05-18,
1966-05-19,
1966-05-20,
1966-05-21,
1966-05-22,
1966-05-23,
1966-05-24,
1966-05-25,
1966-05-26,
1966-05-27,
1966-05-28,
1966-05-29,
1966-05-30,
1966-05-31,
1966-06-01,
1966-06-02,
1966-06-03,
1966-06-04,
1966-06-05,
1966-06-06,
1966-06-07,
1966-06-08,
1966-06-09,
1966-06-10,
1966-06-11,
1966-06-12,
1966-06-13,
1966-06-14,
1966-06-15,
1966-06-16,
1966-06-17,
1966-06-18,
1966-06-19,
1966-06-20,
1966-06-21,
1966-06-22,
1966-06-23,
1966-06-24,
1966-06-25,
1966-06-26,
1966-06-27,
1966-06-28,
1966-06-29,
1966-06-30,
1966-07-01,
1966-07-02,
1966-07-03,
1966-07-04,
1966-07-05,
1966-07-06,
1966-07-07,
1966-07-08,
1966-07-09,
1966-07-10,
1966-07-11,
1966-07-12,
1966-07-13,
1966-07-14,
1966-07-15,
1966-07-16,
1966-07-17,
1966-07-18,
1966-07-19,
1966-07-20,
1966-07-21,
1966-07-22,
1966-07-23,
1966-07-24,
1966-07-25,
1966-07-26,
1966-07-27,
1966-07-28,
1966-07-29,
1966-07-30,
1966-07-31,
1966-08-01,
1966-08-02,
1966-08-03,
1966-08-04,
1966-08-05,
1966-08-06,
1966-08-07,
1966-08-08,
1966-08-09,
1966-08-10,
1966-08-11,
1966-08-12,
1966-08-13,
1966-08-14,
1966-08-15,
1966-08-16,
1966-08-17,
1966-08-18,
1966-08-19,
1966-08-20,
1966-08-21,
1966-08-22,
1966-08-23,
1966-08-24,
1966-08-25,
1966-08-26,
1966-08-27,
1966-08-28,
1966-08-29,
1966-08-30,
1966-08-31,
1966-09-01,
1966-09-02,
1966-09-03,
1966-09-04,
1966-09-05,
1966-09-06,
1966-09-07,
1966-09-08,
1966-09-09,
1966-09-10,
1966-09-11,
1966-09-12,
1966-09-13,
1966-09-14,
1966-09-15,
1966-09-16,
1966-09-17,
1966-09-18,
1966-09-19,
1966-09-20,
1966-09-21,
1966-09-22,
1966-09-23,
1966-09-24,
1966-09-25,
1966-09-26,
1966-09-27,
1966-09-28,
1966-09-29,
1966-09-30,
1966-10-01,
1966-10-02,
1966-10-03,
1966-10-04,
1966-10-05,
1966-10-06,
1966-10-07,
1966-10-08,
1966-10-09,
1966-10-10,
1966-10-11,
1966-10-12,
1966-10-13,
1966-10-14,
1966-10-15,
1966-10-16,
1966-10-17,
1966-10-18,
1966-10-19,
1966-10-20,
1966-10-21,
1966-10-22,
1966-10-23,
1966-10-24,
1966-10-25,
1966-10-26,
1966-10-27,
1966-10-28,
1966-10-29,
1966-10-30,
1966-10-31,
1966-11-01,
1966-11-02,
1966-11-03,
1966-11-04,
1966-11-05,
1966-11-06,
1966-11-07,
1966-11-08,
1966-11-09,
1966-11-10,
1966-11-11,
1966-11-12,
1966-11-13,
1966-11-14,
1966-11-15,
1966-11-16,
1966-11-17,
1966-11-18,
1966-11-19,
1966-11-20,
1966-11-21,
1966-11-22,
1966-11-23,
1966-11-24,
1966-11-25,
1966-11-26,
1966-11-27,
1966-11-28,
1966-11-29,
1966-11-30,
1966-12-01,
1966-12-02,
1966-12-03,
1966-12-04,
1966-12-05,
1966-12-06,
1966-12-07,
1966-12-08,
1966-12-09,
1966-12-10,
1966-12-11,
1966-12-12,
1966-12-13,
1966-12-14,
1966-12-15,
1966-12-16,
1966-12-17,
1966-12-18,
1966-12-19,
1966-12-20,
1966-12-21,
1966-12-22,
1966-12-23,
1966-12-24,
1966-12-25,
1966-12-26,
1966-12-27,
1966-12-28,
1966-12-29,
1966-12-30,
1966-12-31,
1967-01-01,
1967-01-02,
1967-01-03,
1967-01-04,
1967-01-05,
1967-01-06,
1967-01-07,
1967-01-08,
1967-01-09,
1967-01-10,
1967-01-11,
1967-01-12,
1967-01-13,
1967-01-14,
1967-01-15,
1967-01-16,
1967-01-17,
1967-01-18,
1967-01-19,
1967-01-20,
1967-01-21,
1967-01-22,
1967-01-23,
1967-01-24,
1967-01-25,
1967-01-26,
1967-01-27,
1967-01-28,
1967-01-29,
1967-01-30,
1967-01-31,
1967-02-01,
1967-02-02,
1967-02-03,
1967-02-04,
1967-02-05,
1967-02-06,
1967-02-07,
1967-02-08,
1967-02-09,
1967-02-10,
1967-02-11,
1967-02-12,
1967-02-13,
1967-02-14,
1967-02-15,
1967-02-16,
1967-02-17,
1967-02-18,
1967-02-19,
1967-02-20,
1967-02-21,
1967-02-22,
1967-02-23,
1967-02-24,
1967-02-25,
1967-02-26,
1967-02-27,
1967-02-28,
1967-03-01,
1967-03-02,
1967-03-03,
1967-03-04,
1967-03-05,
1967-03-06,
1967-03-07,
1967-03-08,
1967-03-09,
1967-03-10,
1967-03-11,
1967-03-12,
1967-03-13,
1967-03-14,
1967-03-15,
1967-03-16,
1967-03-17,
1967-03-18,
1967-03-19,
1967-03-20,
1967-03-21,
1967-03-22,
1967-03-23,
1967-03-24,
1967-03-25,
1967-03-26,
1967-03-27,
1967-03-28,
1967-03-29,
1967-03-30,
1967-03-31,
1967-04-01,
1967-04-02,
1967-04-03,
1967-04-04,
1967-04-05,
1967-04-06,
1967-04-07,
1967-04-08,
1967-04-09,
1967-04-10,
1967-04-11,
1967-04-12,
1967-04-13,
1967-04-14,
1967-04-15,
1967-04-16,
1967-04-17,
1967-04-18,
1967-04-19,
1967-04-20,
1967-04-21,
1967-04-22,
1967-04-23,
1967-04-24,
1967-04-25,
1967-04-26,
1967-04-27,
1967-04-28,
1967-04-29,
1967-04-30,
1967-05-01,
1967-05-02,
1967-05-03,
1967-05-04,
1967-05-05,
1967-05-06,
1967-05-07,
1967-05-08,
1967-05-09,
1967-05-10,
1967-05-11,
1967-05-12,
1967-05-13,
1967-05-14,
1967-05-15,
1967-05-16,
1967-05-17,
1967-05-18,
1967-05-19,
1967-05-20,
1967-05-21,
1967-05-22,
1967-05-23,
1967-05-24,
1967-05-25,
1967-05-26,
1967-05-27,
1967-05-28,
1967-05-29,
1967-05-30,
1967-05-31,
1967-06-01,
1967-06-02,
1967-06-03,
1967-06-04,
1967-06-05,
1967-06-06,
1967-06-07,
1967-06-08,
1967-06-09,
1967-06-10,
1967-06-11,
1967-06-12,
1967-06-13,
1967-06-14,
1967-06-15,
1967-06-16,
1967-06-17,
1967-06-18,
1967-06-19,
1967-06-20,
1967-06-21,
1967-06-22,
1967-06-23,
1967-06-24,
1967-06-25,
1967-06-26,
1967-06-27,
1967-06-28,
1967-06-29,
1967-06-30,
1967-07-01,
1967-07-02,
1967-07-03,
1967-07-04,
1967-07-05,
1967-07-06,
1967-07-07,
1967-07-08,
1967-07-09,
1967-07-10,
1967-07-11,
1967-07-12,
1967-07-13,
1967-07-14,
1967-07-15,
1967-07-16,
1967-07-17,
1967-07-18,
1967-07-19,
1967-07-20,
1967-07-21,
1967-07-22,
1967-07-23,
1967-07-24,
1967-07-25,
1967-07-26,
1967-07-27,
1967-07-28,
1967-07-29,
1967-07-30,
1967-07-31,
1967-08-01,
1967-08-02,
1967-08-03,
1967-08-04,
1967-08-05,
1967-08-06,
1967-08-07,
1967-08-08,
1967-08-09,
1967-08-10,
1967-08-11,
1967-08-12,
1967-08-13,
1967-08-14,
1967-08-15,
1967-08-16,
1967-08-17,
1967-08-18,
1967-08-19,
1967-08-20,
1967-08-21,
1967-08-22,
1967-08-23,
1967-08-24,
1967-08-25,
1967-08-26,
1967-08-27,
1967-08-28,
1967-08-29,
1967-08-30,
1967-08-31,
1967-09-01,
1967-09-02,
1967-09-03,
1967-09-04,
1967-09-05,
1967-09-06,
1967-09-07,
1967-09-08,
1967-09-09,
1967-09-10,
1967-09-11,
1967-09-12,
1967-09-13,
1967-09-14,
1967-09-15,
1967-09-16,
1967-09-17,
1967-09-18,
1967-09-19,
1967-09-20,
1967-09-21,
1967-09-22,
1967-09-23,
1967-09-24,
1967-09-25,
1967-09-26,
1967-09-27,
1967-09-28,
1967-09-29,
1967-09-30,
1967-10-01,
1967-10-02,
1967-10-03,
1967-10-04,
1967-10-05,
1967-10-06,
1967-10-07,
1967-10-08,
1967-10-09,
1967-10-10,
1967-10-11,
1967-10-12,
1967-10-13,
1967-10-14,
1967-10-15,
1967-10-16,
1967-10-17,
1967-10-18,
1967-10-19,
1967-10-20,
1967-10-21,
1967-10-22,
1967-10-23,
1967-10-24,
1967-10-25,
1967-10-26,
1967-10-27,
1967-10-28,
1967-10-29,
1967-10-30,
1967-10-31,
1967-11-01,
1967-11-02,
1967-11-03,
1967-11-04,
1967-11-05,
1967-11-06,
1967-11-07,
1967-11-08,
1967-11-09,
1967-11-10,
1967-11-11,
1967-11-12,
1967-11-13,
1967-11-14,
1967-11-15,
1967-11-16,
1967-11-17,
1967-11-18,
1967-11-19,
1967-11-20,
1967-11-21,
1967-11-22,
1967-11-23,
1967-11-24,
1967-11-25,
1967-11-26,
1967-11-27,
1967-11-28,
1967-11-29,
1967-11-30,
1967-12-01,
1967-12-02,
1967-12-03,
1967-12-04,
1967-12-05,
1967-12-06,
1967-12-07,
1967-12-08,
1967-12-09,
1967-12-10,
1967-12-11,
1967-12-12,
1967-12-13,
1967-12-14,
1967-12-15,
1967-12-16,
1967-12-17,
1967-12-18,
1967-12-19,
1967-12-20,
1967-12-21,
1967-12-22,
1967-12-23,
1967-12-24,
1967-12-25,
1967-12-26,
1967-12-27,
1967-12-28,
1967-12-29,
1967-12-30,
1967-12-31,
1968-01-01,
1968-01-02,
1968-01-03,
1968-01-04,
1968-01-05,
1968-01-06,
1968-01-07,
1968-01-08,
1968-01-09,
1968-01-10,
1968-01-11,
1968-01-12,
1968-01-13,
1968-01-14,
1968-01-15,
1968-01-16,
1968-01-17,
1968-01-18,
1968-01-19,
1968-01-20,
1968-01-21,
1968-01-22,
1968-01-23,
1968-01-24,
1968-01-25,
1968-01-26,
1968-01-27,
1968-01-28,
1968-01-29,
1968-01-30,
1968-01-31,
1968-02-01,
1968-02-02,
1968-02-03,
1968-02-04,
1968-02-05,
1968-02-06,
1968-02-07,
1968-02-08,
1968-02-09,
1968-02-10,
1968-02-11,
1968-02-12,
1968-02-13,
1968-02-14,
1968-02-15,
1968-02-16,
1968-02-17,
1968-02-18,
1968-02-19,
1968-02-20,
1968-02-21,
1968-02-22,
1968-02-23,
1968-02-24,
1968-02-25,
1968-02-26,
1968-02-27,
1968-02-28,
1968-02-29,
1968-03-01,
1968-03-02,
1968-03-03,
1968-03-04,
1968-03-05,
1968-03-06,
1968-03-07,
1968-03-08,
1968-03-09,
1968-03-10,
1968-03-11,
1968-03-12,
1968-03-13,
1968-03-14,
1968-03-15,
1968-03-16,
1968-03-17,
1968-03-18,
1968-03-19,
1968-03-20,
1968-03-21,
1968-03-22,
1968-03-23,
1968-03-24,
1968-03-25,
1968-03-26,
1968-03-27,
1968-03-28,
1968-03-29,
1968-03-30,
1968-03-31,
1968-04-01,
1968-04-02,
1968-04-03,
1968-04-04,
1968-04-05,
1968-04-06,
1968-04-07,
1968-04-08,
1968-04-09,
1968-04-10,
1968-04-11,
1968-04-12,
1968-04-13,
1968-04-14,
1968-04-15,
1968-04-16,
1968-04-17,
1968-04-18,
1968-04-19,
1968-04-20,
1968-04-21,
1968-04-22,
1968-04-23,
1968-04-24,
1968-04-25,
1968-04-26,
1968-04-27,
1968-04-28,
1968-04-29,
1968-04-30,
1968-05-01,
1968-05-02,
1968-05-03,
1968-05-04,
1968-05-05,
1968-05-06,
1968-05-07,
1968-05-08,
1968-05-09,
1968-05-10,
1968-05-11,
1968-05-12,
1968-05-13,
1968-05-14,
1968-05-15,
1968-05-16,
1968-05-17,
1968-05-18,
1968-05-19,
1968-05-20,
1968-05-21,
1968-05-22,
1968-05-23,
1968-05-24,
1968-05-25,
1968-05-26,
1968-05-27,
1968-05-28,
1968-05-29,
1968-05-30,
1968-05-31,
1968-06-01,
1968-06-02,
1968-06-03,
1968-06-04,
1968-06-05,
1968-06-06,
1968-06-07,
1968-06-08,
1968-06-09,
1968-06-10,
1968-06-11,
1968-06-12,
1968-06-13,
1968-06-14,
1968-06-15,
1968-06-16,
1968-06-17,
1968-06-18,
1968-06-19,
1968-06-20,
1968-06-21,
1968-06-22,
1968-06-23,
1968-06-24,
1968-06-25,
1968-06-26,
1968-06-27,
1968-06-28,
1968-06-29,
1968-06-30,
1968-07-01,
1968-07-02,
1968-07-03,
1968-07-04,
1968-07-05,
1968-07-06,
1968-07-07,
1968-07-08,
1968-07-09,
1968-07-10,
1968-07-11,
1968-07-12,
1968-07-13,
1968-07-14,
1968-07-15,
1968-07-16,
1968-07-17,
1968-07-18,
1968-07-19,
1968-07-20,
1968-07-21,
1968-07-22,
1968-07-23,
1968-07-24,
1968-07-25,
1968-07-26,
1968-07-27,
1968-07-28,
1968-07-29,
1968-07-30,
1968-07-31,
1968-08-01,
1968-08-02,
1968-08-03,
1968-08-04,
1968-08-05,
1968-08-06,
1968-08-07,
1968-08-08,
1968-08-09,
1968-08-10,
1968-08-11,
1968-08-12,
1968-08-13,
1968-08-14,
1968-08-15,
1968-08-16,
1968-08-17,
1968-08-18,
1968-08-19,
1968-08-20,
1968-08-21,
1968-08-22,
1968-08-23,
1968-08-24,
1968-08-25,
1968-08-26,
1968-08-27,
1968-08-28,
1968-08-29,
1968-08-30,
1968-08-31,
1968-09-01,
1968-09-02,
1968-09-03,
1968-09-04,
1968-09-05,
1968-09-06,
1968-09-07,
1968-09-08,
1968-09-09,
1968-09-10,
1968-09-11,
1968-09-12,
1968-09-13,
1968-09-14,
1968-09-15,
1968-09-16,
1968-09-17,
1968-09-18,
1968-09-19,
1968-09-20,
1968-09-21,
1968-09-22,
1968-09-23,
1968-09-24,
1968-09-25,
1968-09-26,
1968-09-27,
1968-09-28,
1968-09-29,
1968-09-30,
1968-10-01,
1968-10-02,
1968-10-03,
1968-10-04,
1968-10-05,
1968-10-06,
1968-10-07,
1968-10-08,
1968-10-09,
1968-10-10,
1968-10-11,
1968-10-12,
1968-10-13,
1968-10-14,
1968-10-15,
1968-10-16,
1968-10-17,
1968-10-18,
1968-10-19,
1968-10-20,
1968-10-21,
1968-10-22,
1968-10-23,
1968-10-24,
1968-10-25,
1968-10-26,
1968-10-27,
1968-10-28,
1968-10-29,
1968-10-30,
1968-10-31,
1968-11-01,
1968-11-02,
1968-11-03,
1968-11-04,
1968-11-05,
1968-11-06,
1968-11-07,
1968-11-08,
1968-11-09,
1968-11-10,
1968-11-11,
1968-11-12,
1968-11-13,
1968-11-14,
1968-11-15,
1968-11-16,
1968-11-17,
1968-11-18,
1968-11-19,
1968-11-20,
1968-11-21,
1968-11-22,
1968-11-23,
1968-11-24,
1968-11-25,
1968-11-26,
1968-11-27,
1968-11-28,
1968-11-29,
1968-11-30,
1968-12-01,
1968-12-02,
1968-12-03,
1968-12-04,
1968-12-05,
1968-12-06,
1968-12-07,
1968-12-08,
1968-12-09,
1968-12-10,
1968-12-11,
1968-12-12,
1968-12-13,
1968-12-14,
1968-12-15,
1968-12-16,
1968-12-17,
1968-12-18,
1968-12-19,
1968-12-20,
1968-12-21,
1968-12-22,
1968-12-23,
1968-12-24,
1968-12-25,
1968-12-26,
1968-12-27,
1968-12-28,
1968-12-29,
1968-12-30,
1968-12-31,
1969-01-01,
1969-01-02,
1969-01-03,
1969-01-04,
1969-01-05,
1969-01-06,
1969-01-07,
1969-01-08,
1969-01-09,
1969-01-10,
1969-01-11,
1969-01-12,
1969-01-13,
1969-01-14,
1969-01-15,
1969-01-16,
1969-01-17,
1969-01-18,
1969-01-19,
1969-01-20,
1969-01-21,
1969-01-22,
1969-01-23,
1969-01-24,
1969-01-25,
1969-01-26,
1969-01-27,
1969-01-28,
1969-01-29,
1969-01-30,
1969-01-31,
1969-02-01,
1969-02-02,
1969-02-03,
1969-02-04,
1969-02-05,
1969-02-06,
1969-02-07,
1969-02-08,
1969-02-09,
1969-02-10,
1969-02-11,
1969-02-12,
1969-02-13,
1969-02-14,
1969-02-15,
1969-02-16,
1969-02-17,
1969-02-18,
1969-02-19,
1969-02-20,
1969-02-21,
1969-02-22,
1969-02-23,
1969-02-24,
1969-02-25,
1969-02-26,
1969-02-27,
1969-02-28,
1969-03-01,
1969-03-02,
1969-03-03,
1969-03-04,
1969-03-05,
1969-03-06,
1969-03-07,
1969-03-08,
1969-03-09,
1969-03-10,
1969-03-11,
1969-03-12,
1969-03-13,
1969-03-14,
1969-03-15,
1969-03-16,
1969-03-17,
1969-03-18,
1969-03-19,
1969-03-20,
1969-03-21,
1969-03-22,
1969-03-23,
1969-03-24,
1969-03-25,
1969-03-26,
1969-03-27,
1969-03-28,
1969-03-29,
1969-03-30,
1969-03-31,
1969-04-01,
1969-04-02,
1969-04-03,
1969-04-04,
1969-04-05,
1969-04-06,
1969-04-07,
1969-04-08,
1969-04-09,
1969-04-10,
1969-04-11,
1969-04-12,
1969-04-13,
1969-04-14,
1969-04-15,
1969-04-16,
1969-04-17,
1969-04-18,
1969-04-19,
1969-04-20,
1969-04-21,
1969-04-22,
1969-04-23,
1969-04-24,
1969-04-25,
1969-04-26,
1969-04-27,
1969-04-28,
1969-04-29,
1969-04-30,
1969-05-01,
1969-05-02,
1969-05-03,
1969-05-04,
1969-05-05,
1969-05-06,
1969-05-07,
1969-05-08,
1969-05-09,
1969-05-10,
1969-05-11,
1969-05-12,
1969-05-13,
1969-05-14,
1969-05-15,
1969-05-16,
1969-05-17,
1969-05-18,
1969-05-19,
1969-05-20,
1969-05-21,
1969-05-22,
1969-05-23,
1969-05-24,
1969-05-25,
1969-05-26,
1969-05-27,
1969-05-28,
1969-05-29,
1969-05-30,
1969-05-31,
1969-06-01,
1969-06-02,
1969-06-03,
1969-06-04,
1969-06-05,
1969-06-06,
1969-06-07,
1969-06-08,
1969-06-09,
1969-06-10,
1969-06-11,
1969-06-12,
1969-06-13,
1969-06-14,
1969-06-15,
1969-06-16,
1969-06-17,
1969-06-18,
1969-06-19,
1969-06-20,
1969-06-21,
1969-06-22,
1969-06-23,
1969-06-24,
1969-06-25,
1969-06-26,
1969-06-27,
1969-06-28,
1969-06-29,
1969-06-30,
1969-07-01,
1969-07-02,
1969-07-03,
1969-07-04,
1969-07-05,
1969-07-06,
1969-07-07,
1969-07-08,
1969-07-09,
1969-07-10,
1969-07-11,
1969-07-12,
1969-07-13,
1969-07-14,
1969-07-15,
1969-07-16,
1969-07-17,
1969-07-18,
1969-07-19,
1969-07-20,
1969-07-21,
1969-07-22,
1969-07-23,
1969-07-24,
1969-07-25,
1969-07-26,
1969-07-27,
1969-07-28,
1969-07-29,
1969-07-30,
1969-07-31,
1969-08-01,
1969-08-02,
1969-08-03,
1969-08-04,
1969-08-05,
1969-08-06,
1969-08-07,
1969-08-08,
1969-08-09,
1969-08-10,
1969-08-11,
1969-08-12,
1969-08-13,
1969-08-14,
1969-08-15,
1969-08-16,
1969-08-17,
1969-08-18,
1969-08-19,
1969-08-20,
1969-08-21,
1969-08-22,
1969-08-23,
1969-08-24,
1969-08-25,
1969-08-26,
1969-08-27,
1969-08-28,
1969-08-29,
1969-08-30,
1969-08-31,
1969-09-01,
1969-09-02,
1969-09-03,
1969-09-04,
1969-09-05,
1969-09-06,
1969-09-07,
1969-09-08,
1969-09-09,
1969-09-10,
1969-09-11,
1969-09-12,
1969-09-13,
1969-09-14,
1969-09-15,
1969-09-16,
1969-09-17,
1969-09-18,
1969-09-19,
1969-09-20,
1969-09-21,
1969-09-22,
1969-09-23,
1969-09-24,
1969-09-25,
1969-09-26,
1969-09-27,
1969-09-28,
1969-09-29,
1969-09-30,
1969-10-01,
1969-10-02,
1969-10-03,
1969-10-04,
1969-10-05,
1969-10-06,
1969-10-07,
1969-10-08,
1969-10-09,
1969-10-10,
1969-10-11,
1969-10-12,
1969-10-13,
1969-10-14,
1969-10-15,
1969-10-16,
1969-10-17,
1969-10-18,
1969-10-19,
1969-10-20,
1969-10-21,
1969-10-22,
1969-10-23,
1969-10-24,
1969-10-25,
1969-10-26,
1969-10-27,
1969-10-28,
1969-10-29,
1969-10-30,
1969-10-31,
1969-11-01,
1969-11-02,
1969-11-03,
1969-11-04,
1969-11-05,
1969-11-06,
1969-11-07,
1969-11-08,
1969-11-09,
1969-11-10,
1969-11-11,
1969-11-12,
1969-11-13,
1969-11-14,
1969-11-15,
1969-11-16,
1969-11-17,
1969-11-18,
1969-11-19,
1969-11-20,
1969-11-21,
1969-11-22,
1969-11-23,
1969-11-24,
1969-11-25,
1969-11-26,
1969-11-27,
1969-11-28,
1969-11-29,
1969-11-30,
1969-12-01,
1969-12-02,
1969-12-03,
1969-12-04,
1969-12-05,
1969-12-06,
1969-12-07,
1969-12-08,
1969-12-09,
1969-12-10,
1969-12-11,
1969-12-12,
1969-12-13,
1969-12-14,
1969-12-15,
1969-12-16,
1969-12-17,
1969-12-18,
1969-12-19,
1969-12-20,
1969-12-21,
1969-12-22,
1969-12-23,
1969-12-24,
1969-12-25,
1969-12-26,
1969-12-27,
1969-12-28,
1969-12-29,
1969-12-30,
1969-12-31,
1970-01-01,
1970-01-02,
1970-01-03,
1970-01-04,
1970-01-05,
1970-01-06,
1970-01-07,
1970-01-08,
1970-01-09,
1970-01-10,
1970-01-11,
1970-01-12,
1970-01-13,
1970-01-14,
1970-01-15,
1970-01-16,
1970-01-17,
1970-01-18,
1970-01-19,
1970-01-20,
1970-01-21,
1970-01-22,
1970-01-23,
1970-01-24,
1970-01-25,
1970-01-26,
1970-01-27,
1970-01-28,
1970-01-29,
1970-01-30,
1970-01-31,
1970-02-01,
1970-02-02,
1970-02-03,
1970-02-04,
1970-02-05,
1970-02-06,
1970-02-07,
1970-02-08,
1970-02-09,
1970-02-10,
1970-02-11,
1970-02-12,
1970-02-13,
1970-02-14,
1970-02-15,
1970-02-16,
1970-02-17,
1970-02-18,
1970-02-19,
1970-02-20,
1970-02-21,
1970-02-22,
1970-02-23,
1970-02-24,
1970-02-25,
1970-02-26,
1970-02-27,
1970-02-28,
1970-03-01,
1970-03-02,
1970-03-03,
1970-03-04,
1970-03-05,
1970-03-06,
1970-03-07,
1970-03-08,
1970-03-09,
1970-03-10,
1970-03-11,
1970-03-12,
1970-03-13,
1970-03-14,
1970-03-15,
1970-03-16,
1970-03-17,
1970-03-18,
1970-03-19,
1970-03-20,
1970-03-21,
1970-03-22,
1970-03-23,
1970-03-24,
1970-03-25,
1970-03-26,
1970-03-27,
1970-03-28,
1970-03-29,
1970-03-30,
1970-03-31,
1970-04-01,
1970-04-02,
1970-04-03,
1970-04-04,
1970-04-05,
1970-04-06,
1970-04-07,
1970-04-08,
1970-04-09,
1970-04-10,
1970-04-11,
1970-04-12,
1970-04-13,
1970-04-14,
1970-04-15,
1970-04-16,
1970-04-17,
1970-04-18,
1970-04-19,
1970-04-20,
1970-04-21,
1970-04-22,
1970-04-23,
1970-04-24,
1970-04-25,
1970-04-26,
1970-04-27,
1970-04-28,
1970-04-29,
1970-04-30,
1970-05-01,
1970-05-02,
1970-05-03,
1970-05-04,
1970-05-05,
1970-05-06,
1970-05-07,
1970-05-08,
1970-05-09,
1970-05-10,
1970-05-11,
1970-05-12,
1970-05-13,
1970-05-14,
1970-05-15,
1970-05-16,
1970-05-17,
1970-05-18,
1970-05-19,
1970-05-20,
1970-05-21,
1970-05-22,
1970-05-23,
1970-05-24,
1970-05-25,
1970-05-26,
1970-05-27,
1970-05-28,
1970-05-29,
1970-05-30,
1970-05-31,
1970-06-01,
1970-06-02,
1970-06-03,
1970-06-04,
1970-06-05,
1970-06-06,
1970-06-07,
1970-06-08,
1970-06-09,
1970-06-10,
1970-06-11,
1970-06-12,
1970-06-13,
1970-06-14,
1970-06-15,
1970-06-16,
1970-06-17,
1970-06-18,
1970-06-19,
1970-06-20,
1970-06-21,
1970-06-22,
1970-06-23,
1970-06-24,
1970-06-25,
1970-06-26,
1970-06-27,
1970-06-28,
1970-06-29,
1970-06-30,
1970-07-01,
1970-07-02,
1970-07-03,
1970-07-04,
1970-07-05,
1970-07-06,
1970-07-07,
1970-07-08,
1970-07-09,
1970-07-10,
1970-07-11,
1970-07-12,
1970-07-13,
1970-07-14,
1970-07-15,
1970-07-16,
1970-07-17,
1970-07-18,
1970-07-19,
1970-07-20,
1970-07-21,
1970-07-22,
1970-07-23,
1970-07-24,
1970-07-25,
1970-07-26,
1970-07-27,
1970-07-28,
1970-07-29,
1970-07-30,
1970-07-31,
1970-08-01,
1970-08-02,
1970-08-03,
1970-08-04,
1970-08-05,
1970-08-06,
1970-08-07,
1970-08-08,
1970-08-09,
1970-08-10,
1970-08-11,
1970-08-12,
1970-08-13,
1970-08-14,
1970-08-15,
1970-08-16,
1970-08-17,
1970-08-18,
1970-08-19,
1970-08-20,
1970-08-21,
1970-08-22,
1970-08-23,
1970-08-24,
1970-08-25,
1970-08-26,
1970-08-27,
1970-08-28,
1970-08-29,
1970-08-30,
1970-08-31,
1970-09-01,
1970-09-02,
1970-09-03,
1970-09-04,
1970-09-05,
1970-09-06,
1970-09-07,
1970-09-08,
1970-09-09,
1970-09-10,
1970-09-11,
1970-09-12,
1970-09-13,
1970-09-14,
1970-09-15,
1970-09-16,
1970-09-17,
1970-09-18,
1970-09-19,
1970-09-20,
1970-09-21,
1970-09-22,
1970-09-23,
1970-09-24,
1970-09-25,
1970-09-26,
1970-09-27,
1970-09-28,
1970-09-29,
1970-09-30,
1970-10-01,
1970-10-02,
1970-10-03,
1970-10-04,
1970-10-05,
1970-10-06,
1970-10-07,
1970-10-08,
1970-10-09,
1970-10-10,
1970-10-11,
1970-10-12,
1970-10-13,
1970-10-14,
1970-10-15,
1970-10-16,
1970-10-17,
1970-10-18,
1970-10-19,
1970-10-20,
1970-10-21,
1970-10-22,
1970-10-23,
1970-10-24,
1970-10-25,
1970-10-26,
1970-10-27,
1970-10-28,
1970-10-29,
1970-10-30,
1970-10-31,
1970-11-01,
1970-11-02,
1970-11-03,
1970-11-04,
1970-11-05,
1970-11-06,
1970-11-07,
1970-11-08,
1970-11-09,
1970-11-10,
1970-11-11,
1970-11-12,
1970-11-13,
1970-11-14,
1970-11-15,
1970-11-16,
1970-11-17,
1970-11-18,
1970-11-19,
1970-11-20,
1970-11-21,
1970-11-22,
1970-11-23,
1970-11-24,
1970-11-25,
1970-11-26,
1970-11-27,
1970-11-28,
1970-11-29,
1970-11-30,
1970-12-01,
1970-12-02,
1970-12-03,
1970-12-04,
1970-12-05,
1970-12-06,
1970-12-07,
1970-12-08,
1970-12-09,
1970-12-10,
1970-12-11,
1970-12-12,
1970-12-13,
1970-12-14,
1970-12-15,
1970-12-16,
1970-12-17,
1970-12-18,
1970-12-19,
1970-12-20,
1970-12-21,
1970-12-22,
1970-12-23,
1970-12-24,
1970-12-25,
1970-12-26,
1970-12-27,
1970-12-28,
1970-12-29,
1970-12-30,
1970-12-31,
1971-01-01,
1971-01-02,
1971-01-03,
1971-01-04,
1971-01-05,
1971-01-06,
1971-01-07,
1971-01-08,
1971-01-09,
1971-01-10,
1971-01-11,
1971-01-12,
1971-01-13,
1971-01-14,
1971-01-15,
1971-01-16,
1971-01-17,
1971-01-18,
1971-01-19,
1971-01-20,
1971-01-21,
1971-01-22,
1971-01-23,
1971-01-24,
1971-01-25,
1971-01-26,
1971-01-27,
1971-01-28,
1971-01-29,
1971-01-30,
1971-01-31,
1971-02-01,
1971-02-02,
1971-02-03,
1971-02-04,
1971-02-05,
1971-02-06,
1971-02-07,
1971-02-08,
1971-02-09,
1971-02-10,
1971-02-11,
1971-02-12,
1971-02-13,
1971-02-14,
1971-02-15,
1971-02-16,
1971-02-17,
1971-02-18,
1971-02-19,
1971-02-20,
1971-02-21,
1971-02-22,
1971-02-23,
1971-02-24,
1971-02-25,
1971-02-26,
1971-02-27,
1971-02-28,
1971-03-01,
1971-03-02,
1971-03-03,
1971-03-04,
1971-03-05,
1971-03-06,
1971-03-07,
1971-03-08,
1971-03-09,
1971-03-10,
1971-03-11,
1971-03-12,
1971-03-13,
1971-03-14,
1971-03-15,
1971-03-16,
1971-03-17,
1971-03-18,
1971-03-19,
1971-03-20,
1971-03-21,
1971-03-22,
1971-03-23,
1971-03-24,
1971-03-25,
1971-03-26,
1971-03-27,
1971-03-28,
1971-03-29,
1971-03-30,
1971-03-31,
1971-04-01,
1971-04-02,
1971-04-03,
1971-04-04,
1971-04-05,
1971-04-06,
1971-04-07,
1971-04-08,
1971-04-09,
1971-04-10,
1971-04-11,
1971-04-12,
1971-04-13,
1971-04-14,
1971-04-15,
1971-04-16,
1971-04-17,
1971-04-18,
1971-04-19,
1971-04-20,
1971-04-21,
1971-04-22,
1971-04-23,
1971-04-24,
1971-04-25,
1971-04-26,
1971-04-27,
1971-04-28,
1971-04-29,
1971-04-30,
1971-05-01,
1971-05-02,
1971-05-03,
1971-05-04,
1971-05-05,
1971-05-06,
1971-05-07,
1971-05-08,
1971-05-09,
1971-05-10,
1971-05-11,
1971-05-12,
1971-05-13,
1971-05-14,
1971-05-15,
1971-05-16,
1971-05-17,
1971-05-18,
1971-05-19,
1971-05-20,
1971-05-21,
1971-05-22,
1971-05-23,
1971-05-24,
1971-05-25,
1971-05-26,
1971-05-27,
1971-05-28,
1971-05-29,
1971-05-30,
1971-05-31,
1971-06-01,
1971-06-02,
1971-06-03,
1971-06-04,
1971-06-05,
1971-06-06,
1971-06-07,
1971-06-08,
1971-06-09,
1971-06-10,
1971-06-11,
1971-06-12,
1971-06-13,
1971-06-14,
1971-06-15,
1971-06-16,
1971-06-17,
1971-06-18,
1971-06-19,
1971-06-20,
1971-06-21,
1971-06-22,
1971-06-23,
1971-06-24,
1971-06-25,
1971-06-26,
1971-06-27,
1971-06-28,
1971-06-29,
1971-06-30,
1971-07-01,
1971-07-02,
1971-07-03,
1971-07-04,
1971-07-05,
1971-07-06,
1971-07-07,
1971-07-08,
1971-07-09,
1971-07-10,
1971-07-11,
1971-07-12,
1971-07-13,
1971-07-14,
1971-07-15,
1971-07-16,
1971-07-17,
1971-07-18,
1971-07-19,
1971-07-20,
1971-07-21,
1971-07-22,
1971-07-23,
1971-07-24,
1971-07-25,
1971-07-26,
1971-07-27,
1971-07-28,
1971-07-29,
1971-07-30,
1971-07-31,
1971-08-01,
1971-08-02,
1971-08-03,
1971-08-04,
1971-08-05,
1971-08-06,
1971-08-07,
1971-08-08,
1971-08-09,
1971-08-10,
1971-08-11,
1971-08-12,
1971-08-13,
1971-08-14,
1971-08-15,
1971-08-16,
1971-08-17,
1971-08-18,
1971-08-19,
1971-08-20,
1971-08-21,
1971-08-22,
1971-08-23,
1971-08-24,
1971-08-25,
1971-08-26,
1971-08-27,
1971-08-28,
1971-08-29,
1971-08-30,
1971-08-31,
1971-09-01,
1971-09-02,
1971-09-03,
1971-09-04,
1971-09-05,
1971-09-06,
1971-09-07,
1971-09-08,
1971-09-09,
1971-09-10,
1971-09-11,
1971-09-12,
1971-09-13,
1971-09-14,
1971-09-15,
1971-09-16,
1971-09-17,
1971-09-18,
1971-09-19,
1971-09-20,
1971-09-21,
1971-09-22,
1971-09-23,
1971-09-24,
1971-09-25,
1971-09-26,
1971-09-27,
1971-09-28,
1971-09-29,
1971-09-30,
1971-10-01,
1971-10-02,
1971-10-03,
1971-10-04,
1971-10-05,
1971-10-06,
1971-10-07,
1971-10-08,
1971-10-09,
1971-10-10,
1971-10-11,
1971-10-12,
1971-10-13,
1971-10-14,
1971-10-15,
1971-10-16,
1971-10-17,
1971-10-18,
1971-10-19,
1971-10-20,
1971-10-21,
1971-10-22,
1971-10-23,
1971-10-24,
1971-10-25,
1971-10-26,
1971-10-27,
1971-10-28,
1971-10-29,
1971-10-30,
1971-10-31,
1971-11-01,
1971-11-02,
1971-11-03,
1971-11-04,
1971-11-05,
1971-11-06,
1971-11-07,
1971-11-08,
1971-11-09,
1971-11-10,
1971-11-11,
1971-11-12,
1971-11-13,
1971-11-14,
1971-11-15,
1971-11-16,
1971-11-17,
1971-11-18,
1971-11-19,
1971-11-20,
1971-11-21,
1971-11-22,
1971-11-23,
1971-11-24,
1971-11-25,
1971-11-26,
1971-11-27,
1971-11-28,
1971-11-29,
1971-11-30,
1971-12-01,
1971-12-02,
1971-12-03,
1971-12-04,
1971-12-05,
1971-12-06,
1971-12-07,
1971-12-08,
1971-12-09,
1971-12-10,
1971-12-11,
1971-12-12,
1971-12-13,
1971-12-14,
1971-12-15,
1971-12-16,
1971-12-17,
1971-12-18,
1971-12-19,
1971-12-20,
1971-12-21,
1971-12-22,
1971-12-23,
1971-12-24,
1971-12-25,
1971-12-26,
1971-12-27,
1971-12-28,
1971-12-29,
1971-12-30,
1971-12-31,
1972-01-01,
1972-01-02,
1972-01-03,
1972-01-04,
1972-01-05,
1972-01-06,
1972-01-07,
1972-01-08,
1972-01-09,
1972-01-10,
1972-01-11,
1972-01-12,
1972-01-13,
1972-01-14,
1972-01-15,
1972-01-16,
1972-01-17,
1972-01-18,
1972-01-19,
1972-01-20,
1972-01-21,
1972-01-22,
1972-01-23,
1972-01-24,
1972-01-25,
1972-01-26,
1972-01-27,
1972-01-28,
1972-01-29,
1972-01-30,
1972-01-31,
1972-02-01,
1972-02-02,
1972-02-03,
1972-02-04,
1972-02-05,
1972-02-06,
1972-02-07,
1972-02-08,
1972-02-09,
1972-02-10,
1972-02-11,
1972-02-12,
1972-02-13,
1972-02-14,
1972-02-15,
1972-02-16,
1972-02-17,
1972-02-18,
1972-02-19,
1972-02-20,
1972-02-21,
1972-02-22,
1972-02-23,
1972-02-24,
1972-02-25,
1972-02-26,
1972-02-27,
1972-02-28,
1972-02-29,
1972-03-01,
1972-03-02,
1972-03-03,
1972-03-04,
1972-03-05,
1972-03-06,
1972-03-07,
1972-03-08,
1972-03-09,
1972-03-10,
1972-03-11,
1972-03-12,
1972-03-13,
1972-03-14,
1972-03-15,
1972-03-16,
1972-03-17,
1972-03-18,
1972-03-19,
1972-03-20,
1972-03-21,
1972-03-22,
1972-03-23,
1972-03-24,
1972-03-25,
1972-03-26,
1972-03-27,
1972-03-28,
1972-03-29,
1972-03-30,
1972-03-31,
1972-04-01,
1972-04-02,
1972-04-03,
1972-04-04,
1972-04-05,
1972-04-06,
1972-04-07,
1972-04-08,
1972-04-09,
1972-04-10,
1972-04-11,
1972-04-12,
1972-04-13,
1972-04-14,
1972-04-15,
1972-04-16,
1972-04-17,
1972-04-18,
1972-04-19,
1972-04-20,
1972-04-21,
1972-04-22,
1972-04-23,
1972-04-24,
1972-04-25,
1972-04-26,
1972-04-27,
1972-04-28,
1972-04-29,
1972-04-30,
1972-05-01,
1972-05-02,
1972-05-03,
1972-05-04,
1972-05-05,
1972-05-06,
1972-05-07,
1972-05-08,
1972-05-09,
1972-05-10,
1972-05-11,
1972-05-12,
1972-05-13,
1972-05-14,
1972-05-15,
1972-05-16,
1972-05-17,
1972-05-18,
1972-05-19,
1972-05-20,
1972-05-21,
1972-05-22,
1972-05-23,
1972-05-24,
1972-05-25,
1972-05-26,
1972-05-27,
1972-05-28,
1972-05-29,
1972-05-30,
1972-05-31,
1972-06-01,
1972-06-02,
1972-06-03,
1972-06-04,
1972-06-05,
1972-06-06,
1972-06-07,
1972-06-08,
1972-06-09,
1972-06-10,
1972-06-11,
1972-06-12,
1972-06-13,
1972-06-14,
1972-06-15,
1972-06-16,
1972-06-17,
1972-06-18,
1972-06-19,
1972-06-20,
1972-06-21,
1972-06-22,
1972-06-23,
1972-06-24,
1972-06-25,
1972-06-26,
1972-06-27,
1972-06-28,
1972-06-29,
1972-06-30,
1972-07-01,
1972-07-02,
1972-07-03,
1972-07-04,
1972-07-05,
1972-07-06,
1972-07-07,
1972-07-08,
1972-07-09,
1972-07-10,
1972-07-11,
1972-07-12,
1972-07-13,
1972-07-14,
1972-07-15,
1972-07-16,
1972-07-17,
1972-07-18,
1972-07-19,
1972-07-20,
1972-07-21,
1972-07-22,
1972-07-23,
1972-07-24,
1972-07-25,
1972-07-26,
1972-07-27,
1972-07-28,
1972-07-29,
1972-07-30,
1972-07-31,
1972-08-01,
1972-08-02,
1972-08-03,
1972-08-04,
1972-08-05,
1972-08-06,
1972-08-07,
1972-08-08,
1972-08-09,
1972-08-10,
1972-08-11,
1972-08-12,
1972-08-13,
1972-08-14,
1972-08-15,
1972-08-16,
1972-08-17,
1972-08-18,
1972-08-19,
1972-08-20,
1972-08-21,
1972-08-22,
1972-08-23,
1972-08-24,
1972-08-25,
1972-08-26,
1972-08-27,
1972-08-28,
1972-08-29,
1972-08-30,
1972-08-31,
1972-09-01,
1972-09-02,
1972-09-03,
1972-09-04,
1972-09-05,
1972-09-06,
1972-09-07,
1972-09-08,
1972-09-09,
1972-09-10,
1972-09-11,
1972-09-12,
1972-09-13,
1972-09-14,
1972-09-15,
1972-09-16,
1972-09-17,
1972-09-18,
1972-09-19,
1972-09-20,
1972-09-21,
1972-09-22,
1972-09-23,
1972-09-24,
1972-09-25,
1972-09-26,
1972-09-27,
1972-09-28,
1972-09-29,
1972-09-30,
1972-10-01,
1972-10-02,
1972-10-03,
1972-10-04,
1972-10-05,
1972-10-06,
1972-10-07,
1972-10-08,
1972-10-09,
1972-10-10,
1972-10-11,
1972-10-12,
1972-10-13,
1972-10-14,
1972-10-15,
1972-10-16,
1972-10-17,
1972-10-18,
1972-10-19,
1972-10-20,
1972-10-21,
1972-10-22,
1972-10-23,
1972-10-24,
1972-10-25,
1972-10-26,
1972-10-27,
1972-10-28,
1972-10-29,
1972-10-30,
1972-10-31,
1972-11-01,
1972-11-02,
1972-11-03,
1972-11-04,
1972-11-05,
1972-11-06,
1972-11-07,
1972-11-08,
1972-11-09,
1972-11-10,
1972-11-11,
1972-11-12,
1972-11-13,
1972-11-14,
1972-11-15,
1972-11-16,
1972-11-17,
1972-11-18,
1972-11-19,
1972-11-20,
1972-11-21,
1972-11-22,
1972-11-23,
1972-11-24,
1972-11-25,
1972-11-26,
1972-11-27,
1972-11-28,
1972-11-29,
1972-11-30,
1972-12-01,
1972-12-02,
1972-12-03,
1972-12-04,
1972-12-05,
1972-12-06,
1972-12-07,
1972-12-08,
1972-12-09,
1972-12-10,
1972-12-11,
1972-12-12,
1972-12-13,
1972-12-14,
1972-12-15,
1972-12-16,
1972-12-17,
1972-12-18,
1972-12-19,
1972-12-20,
1972-12-21,
1972-12-22,
1972-12-23,
1972-12-24,
1972-12-25,
1972-12-26,
1972-12-27,
1972-12-28,
1972-12-29,
1972-12-30,
1972-12-31,
1973-01-01,
1973-01-02,
1973-01-03,
1973-01-04,
1973-01-05,
1973-01-06,
1973-01-07,
1973-01-08,
1973-01-09,
1973-01-10,
1973-01-11,
1973-01-12,
1973-01-13,
1973-01-14,
1973-01-15,
1973-01-16,
1973-01-17,
1973-01-18,
1973-01-19,
1973-01-20,
1973-01-21,
1973-01-22,
1973-01-23,
1973-01-24,
1973-01-25,
1973-01-26,
1973-01-27,
1973-01-28,
1973-01-29,
1973-01-30,
1973-01-31,
1973-02-01,
1973-02-02,
1973-02-03,
1973-02-04,
1973-02-05,
1973-02-06,
1973-02-07,
1973-02-08,
1973-02-09,
1973-02-10,
1973-02-11,
1973-02-12,
1973-02-13,
1973-02-14,
1973-02-15,
1973-02-16,
1973-02-17,
1973-02-18,
1973-02-19,
1973-02-20,
1973-02-21,
1973-02-22,
1973-02-23,
1973-02-24,
1973-02-25,
1973-02-26,
1973-02-27,
1973-02-28,
1973-03-01,
1973-03-02,
1973-03-03,
1973-03-04,
1973-03-05,
1973-03-06,
1973-03-07,
1973-03-08,
1973-03-09,
1973-03-10,
1973-03-11,
1973-03-12,
1973-03-13,
1973-03-14,
1973-03-15,
1973-03-16,
1973-03-17,
1973-03-18,
1973-03-19,
1973-03-20,
1973-03-21,
1973-03-22,
1973-03-23,
1973-03-24,
1973-03-25,
1973-03-26,
1973-03-27,
1973-03-28,
1973-03-29,
1973-03-30,
1973-03-31,
1973-04-01,
1973-04-02,
1973-04-03,
1973-04-04,
1973-04-05,
1973-04-06,
1973-04-07,
1973-04-08,
1973-04-09,
1973-04-10,
1973-04-11,
1973-04-12,
1973-04-13,
1973-04-14,
1973-04-15,
1973-04-16,
1973-04-17,
1973-04-18,
1973-04-19,
1973-04-20,
1973-04-21,
1973-04-22,
1973-04-23,
1973-04-24,
1973-04-25,
1973-04-26,
1973-04-27,
1973-04-28,
1973-04-29,
1973-04-30,
1973-05-01,
1973-05-02,
1973-05-03,
1973-05-04,
1973-05-05,
1973-05-06,
1973-05-07,
1973-05-08,
1973-05-09,
1973-05-10,
1973-05-11,
1973-05-12,
1973-05-13,
1973-05-14,
1973-05-15,
1973-05-16,
1973-05-17,
1973-05-18,
1973-05-19,
1973-05-20,
1973-05-21,
1973-05-22,
1973-05-23,
1973-05-24,
1973-05-25,
1973-05-26,
1973-05-27,
1973-05-28,
1973-05-29,
1973-05-30,
1973-05-31,
1973-06-01,
1973-06-02,
1973-06-03,
1973-06-04,
1973-06-05,
1973-06-06,
1973-06-07,
1973-06-08,
1973-06-09,
1973-06-10,
1973-06-11,
1973-06-12,
1973-06-13,
1973-06-14,
1973-06-15,
1973-06-16,
1973-06-17,
1973-06-18,
1973-06-19,
1973-06-20,
1973-06-21,
1973-06-22,
1973-06-23,
1973-06-24,
1973-06-25,
1973-06-26,
1973-06-27,
1973-06-28,
1973-06-29,
1973-06-30,
1973-07-01,
1973-07-02,
1973-07-03,
1973-07-04,
1973-07-05,
1973-07-06,
1973-07-07,
1973-07-08,
1973-07-09,
1973-07-10,
1973-07-11,
1973-07-12,
1973-07-13,
1973-07-14,
1973-07-15,
1973-07-16,
1973-07-17,
1973-07-18,
1973-07-19,
1973-07-20,
1973-07-21,
1973-07-22,
1973-07-23,
1973-07-24,
1973-07-25,
1973-07-26,
1973-07-27,
1973-07-28,
1973-07-29,
1973-07-30,
1973-07-31,
1973-08-01,
1973-08-02,
1973-08-03,
1973-08-04,
1973-08-05,
1973-08-06,
1973-08-07,
1973-08-08,
1973-08-09,
1973-08-10,
1973-08-11,
1973-08-12,
1973-08-13,
1973-08-14,
1973-08-15,
1973-08-16,
1973-08-17,
1973-08-18,
1973-08-19,
1973-08-20,
1973-08-21,
1973-08-22,
1973-08-23,
1973-08-24,
1973-08-25,
1973-08-26,
1973-08-27,
1973-08-28,
1973-08-29,
1973-08-30,
1973-08-31,
1973-09-01,
1973-09-02,
1973-09-03,
1973-09-04,
1973-09-05,
1973-09-06,
1973-09-07,
1973-09-08,
1973-09-09,
1973-09-10,
1973-09-11,
1973-09-12,
1973-09-13,
1973-09-14,
1973-09-15,
1973-09-16,
1973-09-17,
1973-09-18,
1973-09-19,
1973-09-20,
1973-09-21,
1973-09-22,
1973-09-23,
1973-09-24,
1973-09-25,
1973-09-26,
1973-09-27,
1973-09-28,
1973-09-29,
1973-09-30,
1973-10-01,
1973-10-02,
1973-10-03,
1973-10-04,
1973-10-05,
1973-10-06,
1973-10-07,
1973-10-08,
1973-10-09,
1973-10-10,
1973-10-11,
1973-10-12,
1973-10-13,
1973-10-14,
1973-10-15,
1973-10-16,
1973-10-17,
1973-10-18,
1973-10-19,
1973-10-20,
1973-10-21,
1973-10-22,
1973-10-23,
1973-10-24,
1973-10-25,
1973-10-26,
1973-10-27,
1973-10-28,
1973-10-29,
1973-10-30,
1973-10-31,
1973-11-01,
1973-11-02,
1973-11-03,
1973-11-04,
1973-11-05,
1973-11-06,
1973-11-07,
1973-11-08,
1973-11-09,
1973-11-10,
1973-11-11,
1973-11-12,
1973-11-13,
1973-11-14,
1973-11-15,
1973-11-16,
1973-11-17,
1973-11-18,
1973-11-19,
1973-11-20,
1973-11-21,
1973-11-22,
1973-11-23,
1973-11-24,
1973-11-25,
1973-11-26,
1973-11-27,
1973-11-28,
1973-11-29,
1973-11-30,
1973-12-01,
1973-12-02,
1973-12-03,
1973-12-04,
1973-12-05,
1973-12-06,
1973-12-07,
1973-12-08,
1973-12-09,
1973-12-10,
1973-12-11,
1973-12-12,
1973-12-13,
1973-12-14,
1973-12-15,
1973-12-16,
1973-12-17,
1973-12-18,
1973-12-19,
1973-12-20,
1973-12-21,
1973-12-22,
1973-12-23,
1973-12-24,
1973-12-25,
1973-12-26,
1973-12-27,
1973-12-28,
1973-12-29,
1973-12-30,
1973-12-31,
1974-01-01,
1974-01-02,
1974-01-03,
1974-01-04,
1974-01-05,
1974-01-06,
1974-01-07,
1974-01-08,
1974-01-09,
1974-01-10,
1974-01-11,
1974-01-12,
1974-01-13,
1974-01-14,
1974-01-15,
1974-01-16,
1974-01-17,
1974-01-18,
1974-01-19,
1974-01-20,
1974-01-21,
1974-01-22,
1974-01-23,
1974-01-24,
1974-01-25,
1974-01-26,
1974-01-27,
1974-01-28,
1974-01-29,
1974-01-30,
1974-01-31,
1974-02-01,
1974-02-02,
1974-02-03,
1974-02-04,
1974-02-05,
1974-02-06,
1974-02-07,
1974-02-08,
1974-02-09,
1974-02-10,
1974-02-11,
1974-02-12,
1974-02-13,
1974-02-14,
1974-02-15,
1974-02-16,
1974-02-17,
1974-02-18,
1974-02-19,
1974-02-20,
1974-02-21,
1974-02-22,
1974-02-23,
1974-02-24,
1974-02-25,
1974-02-26,
1974-02-27,
1974-02-28,
1974-03-01,
1974-03-02,
1974-03-03,
1974-03-04,
1974-03-05,
1974-03-06,
1974-03-07,
1974-03-08,
1974-03-09,
1974-03-10,
1974-03-11,
1974-03-12,
1974-03-13,
1974-03-14,
1974-03-15,
1974-03-16,
1974-03-17,
1974-03-18,
1974-03-19,
1974-03-20,
1974-03-21,
1974-03-22,
1974-03-23,
1974-03-24,
1974-03-25,
1974-03-26,
1974-03-27,
1974-03-28,
1974-03-29,
1974-03-30,
1974-03-31,
1974-04-01,
1974-04-02,
1974-04-03,
1974-04-04,
1974-04-05,
1974-04-06,
1974-04-07,
1974-04-08,
1974-04-09,
1974-04-10,
1974-04-11,
1974-04-12,
1974-04-13,
1974-04-14,
1974-04-15,
1974-04-16,
1974-04-17,
1974-04-18,
1974-04-19,
1974-04-20,
1974-04-21,
1974-04-22,
1974-04-23,
1974-04-24,
1974-04-25,
1974-04-26,
1974-04-27,
1974-04-28,
1974-04-29,
1974-04-30,
1974-05-01,
1974-05-02,
1974-05-03,
1974-05-04,
1974-05-05,
1974-05-06,
1974-05-07,
1974-05-08,
1974-05-09,
1974-05-10,
1974-05-11,
1974-05-12,
1974-05-13,
1974-05-14,
1974-05-15,
1974-05-16,
1974-05-17,
1974-05-18,
1974-05-19,
1974-05-20,
1974-05-21,
1974-05-22,
1974-05-23,
1974-05-24,
1974-05-25,
1974-05-26,
1974-05-27,
1974-05-28,
1974-05-29,
1974-05-30,
1974-05-31,
1974-06-01,
1974-06-02,
1974-06-03,
1974-06-04,
1974-06-05,
1974-06-06,
1974-06-07,
1974-06-08,
1974-06-09,
1974-06-10,
1974-06-11,
1974-06-12,
1974-06-13,
1974-06-14,
1974-06-15,
1974-06-16,
1974-06-17,
1974-06-18,
1974-06-19,
1974-06-20,
1974-06-21,
1974-06-22,
1974-06-23,
1974-06-24,
1974-06-25,
1974-06-26,
1974-06-27,
1974-06-28,
1974-06-29,
1974-06-30,
1974-07-01,
1974-07-02,
1974-07-03,
1974-07-04,
1974-07-05,
1974-07-06,
1974-07-07,
1974-07-08,
1974-07-09,
1974-07-10,
1974-07-11,
1974-07-12,
1974-07-13,
1974-07-14,
1974-07-15,
1974-07-16,
1974-07-17,
1974-07-18,
1974-07-19,
1974-07-20,
1974-07-21,
1974-07-22,
1974-07-23,
1974-07-24,
1974-07-25,
1974-07-26,
1974-07-27,
1974-07-28,
1974-07-29,
1974-07-30,
1974-07-31,
1974-08-01,
1974-08-02,
1974-08-03,
1974-08-04,
1974-08-05,
1974-08-06,
1974-08-07,
1974-08-08,
1974-08-09,
1974-08-10,
1974-08-11,
1974-08-12,
1974-08-13,
1974-08-14,
1974-08-15,
1974-08-16,
1974-08-17,
1974-08-18,
1974-08-19,
1974-08-20,
1974-08-21,
1974-08-22,
1974-08-23,
1974-08-24,
1974-08-25,
1974-08-26,
1974-08-27,
1974-08-28,
1974-08-29,
1974-08-30,
1974-08-31,
1974-09-01,
1974-09-02,
1974-09-03,
1974-09-04,
1974-09-05,
1974-09-06,
1974-09-07,
1974-09-08,
1974-09-09,
1974-09-10,
1974-09-11,
1974-09-12,
1974-09-13,
1974-09-14,
1974-09-15,
1974-09-16,
1974-09-17,
1974-09-18,
1974-09-19,
1974-09-20,
1974-09-21,
1974-09-22,
1974-09-23,
1974-09-24,
1974-09-25,
1974-09-26,
1974-09-27,
1974-09-28,
1974-09-29,
1974-09-30,
1974-10-01,
1974-10-02,
1974-10-03,
1974-10-04,
1974-10-05,
1974-10-06,
1974-10-07,
1974-10-08,
1974-10-09,
1974-10-10,
1974-10-11,
1974-10-12,
1974-10-13,
1974-10-14,
1974-10-15,
1974-10-16,
1974-10-17,
1974-10-18,
1974-10-19,
1974-10-20,
1974-10-21,
1974-10-22,
1974-10-23,
1974-10-24,
1974-10-25,
1974-10-26,
1974-10-27,
1974-10-28,
1974-10-29,
1974-10-30,
1974-10-31,
1974-11-01,
1974-11-02,
1974-11-03,
1974-11-04,
1974-11-05,
1974-11-06,
1974-11-07,
1974-11-08,
1974-11-09,
1974-11-10,
1974-11-11,
1974-11-12,
1974-11-13,
1974-11-14,
1974-11-15,
1974-11-16,
1974-11-17,
1974-11-18,
1974-11-19,
1974-11-20,
1974-11-21,
1974-11-22,
1974-11-23,
1974-11-24,
1974-11-25,
1974-11-26,
1974-11-27,
1974-11-28,
1974-11-29,
1974-11-30,
1974-12-01,
1974-12-02,
1974-12-03,
1974-12-04,
1974-12-05,
1974-12-06,
1974-12-07,
1974-12-08,
1974-12-09,
1974-12-10,
1974-12-11,
1974-12-12,
1974-12-13,
1974-12-14,
1974-12-15,
1974-12-16,
1974-12-17,
1974-12-18,
1974-12-19,
1974-12-20,
1974-12-21,
1974-12-22,
1974-12-23,
1974-12-24,
1974-12-25,
1974-12-26,
1974-12-27,
1974-12-28,
1974-12-29,
1974-12-30,
1974-12-31,
1975-01-01,
1975-01-02,
1975-01-03,
1975-01-04,
1975-01-05,
1975-01-06,
1975-01-07,
1975-01-08,
1975-01-09,
1975-01-10,
1975-01-11,
1975-01-12,
1975-01-13,
1975-01-14,
1975-01-15,
1975-01-16,
1975-01-17,
1975-01-18,
1975-01-19,
1975-01-20,
1975-01-21,
1975-01-22,
1975-01-23,
1975-01-24,
1975-01-25,
1975-01-26,
1975-01-27,
1975-01-28,
1975-01-29,
1975-01-30,
1975-01-31,
1975-02-01,
1975-02-02,
1975-02-03,
1975-02-04,
1975-02-05,
1975-02-06,
1975-02-07,
1975-02-08,
1975-02-09,
1975-02-10,
1975-02-11,
1975-02-12,
1975-02-13,
1975-02-14,
1975-02-15,
1975-02-16,
1975-02-17,
1975-02-18,
1975-02-19,
1975-02-20,
1975-02-21,
1975-02-22,
1975-02-23,
1975-02-24,
1975-02-25,
1975-02-26,
1975-02-27,
1975-02-28,
1975-03-01,
1975-03-02,
1975-03-03,
1975-03-04,
1975-03-05,
1975-03-06,
1975-03-07,
1975-03-08,
1975-03-09,
1975-03-10,
1975-03-11,
1975-03-12,
1975-03-13,
1975-03-14,
1975-03-15,
1975-03-16,
1975-03-17,
1975-03-18,
1975-03-19,
1975-03-20,
1975-03-21,
1975-03-22,
1975-03-23,
1975-03-24,
1975-03-25,
1975-03-26,
1975-03-27,
1975-03-28,
1975-03-29,
1975-03-30,
1975-03-31,
1975-04-01,
1975-04-02,
1975-04-03,
1975-04-04,
1975-04-05,
1975-04-06,
1975-04-07,
1975-04-08,
1975-04-09,
1975-04-10,
1975-04-11,
1975-04-12,
1975-04-13,
1975-04-14,
1975-04-15,
1975-04-16,
1975-04-17,
1975-04-18,
1975-04-19,
1975-04-20,
1975-04-21,
1975-04-22,
1975-04-23,
1975-04-24,
1975-04-25,
1975-04-26,
1975-04-27,
1975-04-28,
1975-04-29,
1975-04-30,
1975-05-01,
1975-05-02,
1975-05-03,
1975-05-04,
1975-05-05,
1975-05-06,
1975-05-07,
1975-05-08,
1975-05-09,
1975-05-10,
1975-05-11,
1975-05-12,
1975-05-13,
1975-05-14,
1975-05-15,
1975-05-16,
1975-05-17,
1975-05-18,
1975-05-19,
1975-05-20,
1975-05-21,
1975-05-22,
1975-05-23,
1975-05-24,
1975-05-25,
1975-05-26,
1975-05-27,
1975-05-28,
1975-05-29,
1975-05-30,
1975-05-31,
1975-06-01,
1975-06-02,
1975-06-03,
1975-06-04,
1975-06-05,
1975-06-06,
1975-06-07,
1975-06-08,
1975-06-09,
1975-06-10,
1975-06-11,
1975-06-12,
1975-06-13,
1975-06-14,
1975-06-15,
1975-06-16,
1975-06-17,
1975-06-18,
1975-06-19,
1975-06-20,
1975-06-21,
1975-06-22,
1975-06-23,
1975-06-24,
1975-06-25,
1975-06-26,
1975-06-27,
1975-06-28,
1975-06-29,
1975-06-30,
1975-07-01,
1975-07-02,
1975-07-03,
1975-07-04,
1975-07-05,
1975-07-06,
1975-07-07,
1975-07-08,
1975-07-09,
1975-07-10,
1975-07-11,
1975-07-12,
1975-07-13,
1975-07-14,
1975-07-15,
1975-07-16,
1975-07-17,
1975-07-18,
1975-07-19,
1975-07-20,
1975-07-21,
1975-07-22,
1975-07-23,
1975-07-24,
1975-07-25,
1975-07-26,
1975-07-27,
1975-07-28,
1975-07-29,
1975-07-30,
1975-07-31,
1975-08-01,
1975-08-02,
1975-08-03,
1975-08-04,
1975-08-05,
1975-08-06,
1975-08-07,
1975-08-08,
1975-08-09,
1975-08-10,
1975-08-11,
1975-08-12,
1975-08-13,
1975-08-14,
1975-08-15,
1975-08-16,
1975-08-17,
1975-08-18,
1975-08-19,
1975-08-20,
1975-08-21,
1975-08-22,
1975-08-23,
1975-08-24,
1975-08-25,
1975-08-26,
1975-08-27,
1975-08-28,
1975-08-29,
1975-08-30,
1975-08-31,
1975-09-01,
1975-09-02,
1975-09-03,
1975-09-04,
1975-09-05,
1975-09-06,
1975-09-07,
1975-09-08,
1975-09-09,
1975-09-10,
1975-09-11,
1975-09-12,
1975-09-13,
1975-09-14,
1975-09-15,
1975-09-16,
1975-09-17,
1975-09-18,
1975-09-19,
1975-09-20,
1975-09-21,
1975-09-22,
1975-09-23,
1975-09-24,
1975-09-25,
1975-09-26,
1975-09-27,
1975-09-28,
1975-09-29,
1975-09-30,
1975-10-01,
1975-10-02,
1975-10-03,
1975-10-04,
1975-10-05,
1975-10-06,
1975-10-07,
1975-10-08,
1975-10-09,
1975-10-10,
1975-10-11,
1975-10-12,
1975-10-13,
1975-10-14,
1975-10-15,
1975-10-16,
1975-10-17,
1975-10-18,
1975-10-19,
1975-10-20,
1975-10-21,
1975-10-22,
1975-10-23,
1975-10-24,
1975-10-25,
1975-10-26,
1975-10-27,
1975-10-28,
1975-10-29,
1975-10-30,
1975-10-31,
1975-11-01,
1975-11-02,
1975-11-03,
1975-11-04,
1975-11-05,
1975-11-06,
1975-11-07,
1975-11-08,
1975-11-09,
1975-11-10,
1975-11-11,
1975-11-12,
1975-11-13,
1975-11-14,
1975-11-15,
1975-11-16,
1975-11-17,
1975-11-18,
1975-11-19,
1975-11-20,
1975-11-21,
1975-11-22,
1975-11-23,
1975-11-24,
1975-11-25,
1975-11-26,
1975-11-27,
1975-11-28,
1975-11-29,
1975-11-30,
1975-12-01,
1975-12-02,
1975-12-03,
1975-12-04,
1975-12-05,
1975-12-06,
1975-12-07,
1975-12-08,
1975-12-09,
1975-12-10,
1975-12-11,
1975-12-12,
1975-12-13,
1975-12-14,
1975-12-15,
1975-12-16,
1975-12-17,
1975-12-18,
1975-12-19,
1975-12-20,
1975-12-21,
1975-12-22,
1975-12-23,
1975-12-24,
1975-12-25,
1975-12-26,
1975-12-27,
1975-12-28,
1975-12-29,
1975-12-30,
1975-12-31,
1976-01-01,
1976-01-02,
1976-01-03,
1976-01-04,
1976-01-05,
1976-01-06,
1976-01-07,
1976-01-08,
1976-01-09,
1976-01-10,
1976-01-11,
1976-01-12,
1976-01-13,
1976-01-14,
1976-01-15,
1976-01-16,
1976-01-17,
1976-01-18,
1976-01-19,
1976-01-20,
1976-01-21,
1976-01-22,
1976-01-23,
1976-01-24,
1976-01-25,
1976-01-26,
1976-01-27,
1976-01-28,
1976-01-29,
1976-01-30,
1976-01-31,
1976-02-01,
1976-02-02,
1976-02-03,
1976-02-04,
1976-02-05,
1976-02-06,
1976-02-07,
1976-02-08,
1976-02-09,
1976-02-10,
1976-02-11,
1976-02-12,
1976-02-13,
1976-02-14,
1976-02-15,
1976-02-16,
1976-02-17,
1976-02-18,
1976-02-19,
1976-02-20,
1976-02-21,
1976-02-22,
1976-02-23,
1976-02-24,
1976-02-25,
1976-02-26,
1976-02-27,
1976-02-28,
1976-02-29,
1976-03-01,
1976-03-02,
1976-03-03,
1976-03-04,
1976-03-05,
1976-03-06,
1976-03-07,
1976-03-08,
1976-03-09,
1976-03-10,
1976-03-11,
1976-03-12,
1976-03-13,
1976-03-14,
1976-03-15,
1976-03-16,
1976-03-17,
1976-03-18,
1976-03-19,
1976-03-20,
1976-03-21,
1976-03-22,
1976-03-23,
1976-03-24,
1976-03-25,
1976-03-26,
1976-03-27,
1976-03-28,
1976-03-29,
1976-03-30,
1976-03-31,
1976-04-01,
1976-04-02,
1976-04-03,
1976-04-04,
1976-04-05,
1976-04-06,
1976-04-07,
1976-04-08,
1976-04-09,
1976-04-10,
1976-04-11,
1976-04-12,
1976-04-13,
1976-04-14,
1976-04-15,
1976-04-16,
1976-04-17,
1976-04-18,
1976-04-19,
1976-04-20,
1976-04-21,
1976-04-22,
1976-04-23,
1976-04-24,
1976-04-25,
1976-04-26,
1976-04-27,
1976-04-28,
1976-04-29,
1976-04-30,
1976-05-01,
1976-05-02,
1976-05-03,
1976-05-04,
1976-05-05,
1976-05-06,
1976-05-07,
1976-05-08,
1976-05-09,
1976-05-10,
1976-05-11,
1976-05-12,
1976-05-13,
1976-05-14,
1976-05-15,
1976-05-16,
1976-05-17,
1976-05-18,
1976-05-19,
1976-05-20,
1976-05-21,
1976-05-22,
1976-05-23,
1976-05-24,
1976-05-25,
1976-05-26,
1976-05-27,
1976-05-28,
1976-05-29,
1976-05-30,
1976-05-31,
1976-06-01,
1976-06-02,
1976-06-03,
1976-06-04,
1976-06-05,
1976-06-06,
1976-06-07,
1976-06-08,
1976-06-09,
1976-06-10,
1976-06-11,
1976-06-12,
1976-06-13,
1976-06-14,
1976-06-15,
1976-06-16,
1976-06-17,
1976-06-18,
1976-06-19,
1976-06-20,
1976-06-21,
1976-06-22,
1976-06-23,
1976-06-24,
1976-06-25,
1976-06-26,
1976-06-27,
1976-06-28,
1976-06-29,
1976-06-30,
1976-07-01,
1976-07-02,
1976-07-03,
1976-07-04,
1976-07-05,
1976-07-06,
1976-07-07,
1976-07-08,
1976-07-09,
1976-07-10,
1976-07-11,
1976-07-12,
1976-07-13,
1976-07-14,
1976-07-15,
1976-07-16,
1976-07-17,
1976-07-18,
1976-07-19,
1976-07-20,
1976-07-21,
1976-07-22,
1976-07-23,
1976-07-24,
1976-07-25,
1976-07-26,
1976-07-27,
1976-07-28,
1976-07-29,
1976-07-30,
1976-07-31,
1976-08-01,
1976-08-02,
1976-08-03,
1976-08-04,
1976-08-05,
1976-08-06,
1976-08-07,
1976-08-08,
1976-08-09,
1976-08-10,
1976-08-11,
1976-08-12,
1976-08-13,
1976-08-14,
1976-08-15,
1976-08-16,
1976-08-17,
1976-08-18,
1976-08-19,
1976-08-20,
1976-08-21,
1976-08-22,
1976-08-23,
1976-08-24,
1976-08-25,
1976-08-26,
1976-08-27,
1976-08-28,
1976-08-29,
1976-08-30,
1976-08-31,
1976-09-01,
1976-09-02,
1976-09-03,
1976-09-04,
1976-09-05,
1976-09-06,
1976-09-07,
1976-09-08,
1976-09-09,
1976-09-10,
1976-09-11,
1976-09-12,
1976-09-13,
1976-09-14,
1976-09-15,
1976-09-16,
1976-09-17,
1976-09-18,
1976-09-19,
1976-09-20,
1976-09-21,
1976-09-22,
1976-09-23,
1976-09-24,
1976-09-25,
1976-09-26,
1976-09-27,
1976-09-28,
1976-09-29,
1976-09-30,
1976-10-01,
1976-10-02,
1976-10-03,
1976-10-04,
1976-10-05,
1976-10-06,
1976-10-07,
1976-10-08,
1976-10-09,
1976-10-10,
1976-10-11,
1976-10-12,
1976-10-13,
1976-10-14,
1976-10-15,
1976-10-16,
1976-10-17,
1976-10-18,
1976-10-19,
1976-10-20,
1976-10-21,
1976-10-22,
1976-10-23,
1976-10-24,
1976-10-25,
1976-10-26,
1976-10-27,
1976-10-28,
1976-10-29,
1976-10-30,
1976-10-31,
1976-11-01,
1976-11-02,
1976-11-03,
1976-11-04,
1976-11-05,
1976-11-06,
1976-11-07,
1976-11-08,
1976-11-09,
1976-11-10,
1976-11-11,
1976-11-12,
1976-11-13,
1976-11-14,
1976-11-15,
1976-11-16,
1976-11-17,
1976-11-18,
1976-11-19,
1976-11-20,
1976-11-21,
1976-11-22,
1976-11-23,
1976-11-24,
1976-11-25,
1976-11-26,
1976-11-27,
1976-11-28,
1976-11-29,
1976-11-30,
1976-12-01,
1976-12-02,
1976-12-03,
1976-12-04,
1976-12-05,
1976-12-06,
1976-12-07,
1976-12-08,
1976-12-09,
1976-12-10,
1976-12-11,
1976-12-12,
1976-12-13,
1976-12-14,
1976-12-15,
1976-12-16,
1976-12-17,
1976-12-18,
1976-12-19,
1976-12-20,
1976-12-21,
1976-12-22,
1976-12-23,
1976-12-24,
1976-12-25,
1976-12-26,
1976-12-27,
1976-12-28,
1976-12-29,
1976-12-30,
1976-12-31,
1977-01-01,
1977-01-02,
1977-01-03,
1977-01-04,
1977-01-05,
1977-01-06,
1977-01-07,
1977-01-08,
1977-01-09,
1977-01-10,
1977-01-11,
1977-01-12,
1977-01-13,
1977-01-14,
1977-01-15,
1977-01-16,
1977-01-17,
1977-01-18,
1977-01-19,
1977-01-20,
1977-01-21,
1977-01-22,
1977-01-23,
1977-01-24,
1977-01-25,
1977-01-26,
1977-01-27,
1977-01-28,
1977-01-29,
1977-01-30,
1977-01-31,
1977-02-01,
1977-02-02,
1977-02-03,
1977-02-04,
1977-02-05,
1977-02-06,
1977-02-07,
1977-02-08,
1977-02-09,
1977-02-10,
1977-02-11,
1977-02-12,
1977-02-13,
1977-02-14,
1977-02-15,
1977-02-16,
1977-02-17,
1977-02-18,
1977-02-19,
1977-02-20,
1977-02-21,
1977-02-22,
1977-02-23,
1977-02-24,
1977-02-25,
1977-02-26,
1977-02-27,
1977-02-28,
1977-03-01,
1977-03-02,
1977-03-03,
1977-03-04,
1977-03-05,
1977-03-06,
1977-03-07,
1977-03-08,
1977-03-09,
1977-03-10,
1977-03-11,
1977-03-12,
1977-03-13,
1977-03-14,
1977-03-15,
1977-03-16,
1977-03-17,
1977-03-18,
1977-03-19,
1977-03-20,
1977-03-21,
1977-03-22,
1977-03-23,
1977-03-24,
1977-03-25,
1977-03-26,
1977-03-27,
1977-03-28,
1977-03-29,
1977-03-30,
1977-03-31,
1977-04-01,
1977-04-02,
1977-04-03,
1977-04-04,
1977-04-05,
1977-04-06,
1977-04-07,
1977-04-08,
1977-04-09,
1977-04-10,
1977-04-11,
1977-04-12,
1977-04-13,
1977-04-14,
1977-04-15,
1977-04-16,
1977-04-17,
1977-04-18,
1977-04-19,
1977-04-20,
1977-04-21,
1977-04-22,
1977-04-23,
1977-04-24,
1977-04-25,
1977-04-26,
1977-04-27,
1977-04-28,
1977-04-29,
1977-04-30,
1977-05-01,
1977-05-02,
1977-05-03,
1977-05-04,
1977-05-05,
1977-05-06,
1977-05-07,
1977-05-08,
1977-05-09,
1977-05-10,
1977-05-11,
1977-05-12,
1977-05-13,
1977-05-14,
1977-05-15,
1977-05-16,
1977-05-17,
1977-05-18,
1977-05-19,
1977-05-20,
1977-05-21,
1977-05-22,
1977-05-23,
1977-05-24,
1977-05-25,
1977-05-26,
1977-05-27,
1977-05-28,
1977-05-29,
1977-05-30,
1977-05-31,
1977-06-01,
1977-06-02,
1977-06-03,
1977-06-04,
1977-06-05,
1977-06-06,
1977-06-07,
1977-06-08,
1977-06-09,
1977-06-10,
1977-06-11,
1977-06-12,
1977-06-13,
1977-06-14,
1977-06-15,
1977-06-16,
1977-06-17,
1977-06-18,
1977-06-19,
1977-06-20,
1977-06-21,
1977-06-22,
1977-06-23,
1977-06-24,
1977-06-25,
1977-06-26,
1977-06-27,
1977-06-28,
1977-06-29,
1977-06-30,
1977-07-01,
1977-07-02,
1977-07-03,
1977-07-04,
1977-07-05,
1977-07-06,
1977-07-07,
1977-07-08,
1977-07-09,
1977-07-10,
1977-07-11,
1977-07-12,
1977-07-13,
1977-07-14,
1977-07-15,
1977-07-16,
1977-07-17,
1977-07-18,
1977-07-19,
1977-07-20,
1977-07-21,
1977-07-22,
1977-07-23,
1977-07-24,
1977-07-25,
1977-07-26,
1977-07-27,
1977-07-28,
1977-07-29,
1977-07-30,
1977-07-31,
1977-08-01,
1977-08-02,
1977-08-03,
1977-08-04,
1977-08-05,
1977-08-06,
1977-08-07,
1977-08-08,
1977-08-09,
1977-08-10,
1977-08-11,
1977-08-12,
1977-08-13,
1977-08-14,
1977-08-15,
1977-08-16,
1977-08-17,
1977-08-18,
1977-08-19,
1977-08-20,
1977-08-21,
1977-08-22,
1977-08-23,
1977-08-24,
1977-08-25,
1977-08-26,
1977-08-27,
1977-08-28,
1977-08-29,
1977-08-30,
1977-08-31,
1977-09-01,
1977-09-02,
1977-09-03,
1977-09-04,
1977-09-05,
1977-09-06,
1977-09-07,
1977-09-08,
1977-09-09,
1977-09-10,
1977-09-11,
1977-09-12,
1977-09-13,
1977-09-14,
1977-09-15,
1977-09-16,
1977-09-17,
1977-09-18,
1977-09-19,
1977-09-20,
1977-09-21,
1977-09-22,
1977-09-23,
1977-09-24,
1977-09-25,
1977-09-26,
1977-09-27,
1977-09-28,
1977-09-29,
1977-09-30,
1977-10-01,
1977-10-02,
1977-10-03,
1977-10-04,
1977-10-05,
1977-10-06,
1977-10-07,
1977-10-08,
1977-10-09,
1977-10-10,
1977-10-11,
1977-10-12,
1977-10-13,
1977-10-14,
1977-10-15,
1977-10-16,
1977-10-17,
1977-10-18,
1977-10-19,
1977-10-20,
1977-10-21,
1977-10-22,
1977-10-23,
1977-10-24,
1977-10-25,
1977-10-26,
1977-10-27,
1977-10-28,
1977-10-29,
1977-10-30,
1977-10-31,
1977-11-01,
1977-11-02,
1977-11-03,
1977-11-04,
1977-11-05,
1977-11-06,
1977-11-07,
1977-11-08,
1977-11-09,
1977-11-10,
1977-11-11,
1977-11-12,
1977-11-13,
1977-11-14,
1977-11-15,
1977-11-16,
1977-11-17,
1977-11-18,
1977-11-19,
1977-11-20,
1977-11-21,
1977-11-22,
1977-11-23,
1977-11-24,
1977-11-25,
1977-11-26,
1977-11-27,
1977-11-28,
1977-11-29,
1977-11-30,
1977-12-01,
1977-12-02,
1977-12-03,
1977-12-04,
1977-12-05,
1977-12-06,
1977-12-07,
1977-12-08,
1977-12-09,
1977-12-10,
1977-12-11,
1977-12-12,
1977-12-13,
1977-12-14,
1977-12-15,
1977-12-16,
1977-12-17,
1977-12-18,
1977-12-19,
1977-12-20,
1977-12-21,
1977-12-22,
1977-12-23,
1977-12-24,
1977-12-25,
1977-12-26,
1977-12-27,
1977-12-28,
1977-12-29,
1977-12-30,
1977-12-31,
1978-01-01,
1978-01-02,
1978-01-03,
1978-01-04,
1978-01-05,
1978-01-06,
1978-01-07,
1978-01-08,
1978-01-09,
1978-01-10,
1978-01-11,
1978-01-12,
1978-01-13,
1978-01-14,
1978-01-15,
1978-01-16,
1978-01-17,
1978-01-18,
1978-01-19,
1978-01-20,
1978-01-21,
1978-01-22,
1978-01-23,
1978-01-24,
1978-01-25,
1978-01-26,
1978-01-27,
1978-01-28,
1978-01-29,
1978-01-30,
1978-01-31,
1978-02-01,
1978-02-02,
1978-02-03,
1978-02-04,
1978-02-05,
1978-02-06,
1978-02-07,
1978-02-08,
1978-02-09,
1978-02-10,
1978-02-11,
1978-02-12,
1978-02-13,
1978-02-14,
1978-02-15,
1978-02-16,
1978-02-17,
1978-02-18,
1978-02-19,
1978-02-20,
1978-02-21,
1978-02-22,
1978-02-23,
1978-02-24,
1978-02-25,
1978-02-26,
1978-02-27,
1978-02-28,
1978-03-01,
1978-03-02,
1978-03-03,
1978-03-04,
1978-03-05,
1978-03-06,
1978-03-07,
1978-03-08,
1978-03-09,
1978-03-10,
1978-03-11,
1978-03-12,
1978-03-13,
1978-03-14,
1978-03-15,
1978-03-16,
1978-03-17,
1978-03-18,
1978-03-19,
1978-03-20,
1978-03-21,
1978-03-22,
1978-03-23,
1978-03-24,
1978-03-25,
1978-03-26,
1978-03-27,
1978-03-28,
1978-03-29,
1978-03-30,
1978-03-31,
1978-04-01,
1978-04-02,
1978-04-03,
1978-04-04,
1978-04-05,
1978-04-06,
1978-04-07,
1978-04-08,
1978-04-09,
1978-04-10,
1978-04-11,
1978-04-12,
1978-04-13,
1978-04-14,
1978-04-15,
1978-04-16,
1978-04-17,
1978-04-18,
1978-04-19,
1978-04-20,
1978-04-21,
1978-04-22,
1978-04-23,
1978-04-24,
1978-04-25,
1978-04-26,
1978-04-27,
1978-04-28,
1978-04-29,
1978-04-30,
1978-05-01,
1978-05-02,
1978-05-03,
1978-05-04,
1978-05-05,
1978-05-06,
1978-05-07,
1978-05-08,
1978-05-09,
1978-05-10,
1978-05-11,
1978-05-12,
1978-05-13,
1978-05-14,
1978-05-15,
1978-05-16,
1978-05-17,
1978-05-18,
1978-05-19,
1978-05-20,
1978-05-21,
1978-05-22,
1978-05-23,
1978-05-24,
1978-05-25,
1978-05-26,
1978-05-27,
1978-05-28,
1978-05-29,
1978-05-30,
1978-05-31,
1978-06-01,
1978-06-02,
1978-06-03,
1978-06-04,
1978-06-05,
1978-06-06,
1978-06-07,
1978-06-08,
1978-06-09,
1978-06-10,
1978-06-11,
1978-06-12,
1978-06-13,
1978-06-14,
1978-06-15,
1978-06-16,
1978-06-17,
1978-06-18,
1978-06-19,
1978-06-20,
1978-06-21,
1978-06-22,
1978-06-23,
1978-06-24,
1978-06-25,
1978-06-26,
1978-06-27,
1978-06-28,
1978-06-29,
1978-06-30,
1978-07-01,
1978-07-02,
1978-07-03,
1978-07-04,
1978-07-05,
1978-07-06,
1978-07-07,
1978-07-08,
1978-07-09,
1978-07-10,
1978-07-11,
1978-07-12,
1978-07-13,
1978-07-14,
1978-07-15,
1978-07-16,
1978-07-17,
1978-07-18,
1978-07-19,
1978-07-20,
1978-07-21,
1978-07-22,
1978-07-23,
1978-07-24,
1978-07-25,
1978-07-26,
1978-07-27,
1978-07-28,
1978-07-29,
1978-07-30,
1978-07-31,
1978-08-01,
1978-08-02,
1978-08-03,
1978-08-04,
1978-08-05,
1978-08-06,
1978-08-07,
1978-08-08,
1978-08-09,
1978-08-10,
1978-08-11,
1978-08-12,
1978-08-13,
1978-08-14,
1978-08-15,
1978-08-16,
1978-08-17,
1978-08-18,
1978-08-19,
1978-08-20,
1978-08-21,
1978-08-22,
1978-08-23,
1978-08-24,
1978-08-25,
1978-08-26,
1978-08-27,
1978-08-28,
1978-08-29,
1978-08-30,
1978-08-31,
1978-09-01,
1978-09-02,
1978-09-03,
1978-09-04,
1978-09-05,
1978-09-06,
1978-09-07,
1978-09-08,
1978-09-09,
1978-09-10,
1978-09-11,
1978-09-12,
1978-09-13,
1978-09-14,
1978-09-15,
1978-09-16,
1978-09-17,
1978-09-18,
1978-09-19,
1978-09-20,
1978-09-21,
1978-09-22,
1978-09-23,
1978-09-24,
1978-09-25,
1978-09-26,
1978-09-27,
1978-09-28,
1978-09-29,
1978-09-30,
1978-10-01,
1978-10-02,
1978-10-03,
1978-10-04,
1978-10-05,
1978-10-06,
1978-10-07,
1978-10-08,
1978-10-09,
1978-10-10,
1978-10-11,
1978-10-12,
1978-10-13,
1978-10-14,
1978-10-15,
1978-10-16,
1978-10-17,
1978-10-18,
1978-10-19,
1978-10-20,
1978-10-21,
1978-10-22,
1978-10-23,
1978-10-24,
1978-10-25,
1978-10-26,
1978-10-27,
1978-10-28,
1978-10-29,
1978-10-30,
1978-10-31,
1978-11-01,
1978-11-02,
1978-11-03,
1978-11-04,
1978-11-05,
1978-11-06,
1978-11-07,
1978-11-08,
1978-11-09,
1978-11-10,
1978-11-11,
1978-11-12,
1978-11-13,
1978-11-14,
1978-11-15,
1978-11-16,
1978-11-17,
1978-11-18,
1978-11-19,
1978-11-20,
1978-11-21,
1978-11-22,
1978-11-23,
1978-11-24,
1978-11-25,
1978-11-26,
1978-11-27,
1978-11-28,
1978-11-29,
1978-11-30,
1978-12-01,
1978-12-02,
1978-12-03,
1978-12-04,
1978-12-05,
1978-12-06,
1978-12-07,
1978-12-08,
1978-12-09,
1978-12-10,
1978-12-11,
1978-12-12,
1978-12-13,
1978-12-14,
1978-12-15,
1978-12-16,
1978-12-17,
1978-12-18,
1978-12-19,
1978-12-20,
1978-12-21,
1978-12-22,
1978-12-23,
1978-12-24,
1978-12-25,
1978-12-26,
1978-12-27,
1978-12-28,
1978-12-29,
1978-12-30,
1978-12-31,
1979-01-01,
1979-01-02,
1979-01-03,
1979-01-04,
1979-01-05,
1979-01-06,
1979-01-07,
1979-01-08,
1979-01-09,
1979-01-10,
1979-01-11,
1979-01-12,
1979-01-13,
1979-01-14,
1979-01-15,
1979-01-16,
1979-01-17,
1979-01-18,
1979-01-19,
1979-01-20,
1979-01-21,
1979-01-22,
1979-01-23,
1979-01-24,
1979-01-25,
1979-01-26,
1979-01-27,
1979-01-28,
1979-01-29,
1979-01-30,
1979-01-31,
1979-02-01,
1979-02-02,
1979-02-03,
1979-02-04,
1979-02-05,
1979-02-06,
1979-02-07,
1979-02-08,
1979-02-09,
1979-02-10,
1979-02-11,
1979-02-12,
1979-02-13,
1979-02-14,
1979-02-15,
1979-02-16,
1979-02-17,
1979-02-18,
1979-02-19,
1979-02-20,
1979-02-21,
1979-02-22,
1979-02-23,
1979-02-24,
1979-02-25,
1979-02-26,
1979-02-27,
1979-02-28,
1979-03-01,
1979-03-02,
1979-03-03,
1979-03-04,
1979-03-05,
1979-03-06,
1979-03-07,
1979-03-08,
1979-03-09,
1979-03-10,
1979-03-11,
1979-03-12,
1979-03-13,
1979-03-14,
1979-03-15,
1979-03-16,
1979-03-17,
1979-03-18,
1979-03-19,
1979-03-20,
1979-03-21,
1979-03-22,
1979-03-23,
1979-03-24,
1979-03-25,
1979-03-26,
1979-03-27,
1979-03-28,
1979-03-29,
1979-03-30,
1979-03-31,
1979-04-01,
1979-04-02,
1979-04-03,
1979-04-04,
1979-04-05,
1979-04-06,
1979-04-07,
1979-04-08,
1979-04-09,
1979-04-10,
1979-04-11,
1979-04-12,
1979-04-13,
1979-04-14,
1979-04-15,
1979-04-16,
1979-04-17,
1979-04-18,
1979-04-19,
1979-04-20,
1979-04-21,
1979-04-22,
1979-04-23,
1979-04-24,
1979-04-25,
1979-04-26,
1979-04-27,
1979-04-28,
1979-04-29,
1979-04-30,
1979-05-01,
1979-05-02,
1979-05-03,
1979-05-04,
1979-05-05,
1979-05-06,
1979-05-07,
1979-05-08,
1979-05-09,
1979-05-10,
1979-05-11,
1979-05-12,
1979-05-13,
1979-05-14,
1979-05-15,
1979-05-16,
1979-05-17,
1979-05-18,
1979-05-19,
1979-05-20,
1979-05-21,
1979-05-22,
1979-05-23,
1979-05-24,
1979-05-25,
1979-05-26,
1979-05-27,
1979-05-28,
1979-05-29,
1979-05-30,
1979-05-31,
1979-06-01,
1979-06-02,
1979-06-03,
1979-06-04,
1979-06-05,
1979-06-06,
1979-06-07,
1979-06-08,
1979-06-09,
1979-06-10,
1979-06-11,
1979-06-12,
1979-06-13,
1979-06-14,
1979-06-15,
1979-06-16,
1979-06-17,
1979-06-18,
1979-06-19,
1979-06-20,
1979-06-21,
1979-06-22,
1979-06-23,
1979-06-24,
1979-06-25,
1979-06-26,
1979-06-27,
1979-06-28,
1979-06-29,
1979-06-30,
1979-07-01,
1979-07-02,
1979-07-03,
1979-07-04,
1979-07-05,
1979-07-06,
1979-07-07,
1979-07-08,
1979-07-09,
1979-07-10,
1979-07-11,
1979-07-12,
1979-07-13,
1979-07-14,
1979-07-15,
1979-07-16,
1979-07-17,
1979-07-18,
1979-07-19,
1979-07-20,
1979-07-21,
1979-07-22,
1979-07-23,
1979-07-24,
1979-07-25,
1979-07-26,
1979-07-27,
1979-07-28,
1979-07-29,
1979-07-30,
1979-07-31,
1979-08-01,
1979-08-02,
1979-08-03,
1979-08-04,
1979-08-05,
1979-08-06,
1979-08-07,
1979-08-08,
1979-08-09,
1979-08-10,
1979-08-11,
1979-08-12,
1979-08-13,
1979-08-14,
1979-08-15,
1979-08-16,
1979-08-17,
1979-08-18,
1979-08-19,
1979-08-20,
1979-08-21,
1979-08-22,
1979-08-23,
1979-08-24,
1979-08-25,
1979-08-26,
1979-08-27,
1979-08-28,
1979-08-29,
1979-08-30,
1979-08-31,
1979-09-01,
1979-09-02,
1979-09-03,
1979-09-04,
1979-09-05,
1979-09-06,
1979-09-07,
1979-09-08,
1979-09-09,
1979-09-10,
1979-09-11,
1979-09-12,
1979-09-13,
1979-09-14,
1979-09-15,
1979-09-16,
1979-09-17,
1979-09-18,
1979-09-19,
1979-09-20,
1979-09-21,
1979-09-22,
1979-09-23,
1979-09-24,
1979-09-25,
1979-09-26,
1979-09-27,
1979-09-28,
1979-09-29,
1979-09-30,
1979-10-01,
1979-10-02,
1979-10-03,
1979-10-04,
1979-10-05,
1979-10-06,
1979-10-07,
1979-10-08,
1979-10-09,
1979-10-10,
1979-10-11,
1979-10-12,
1979-10-13,
1979-10-14,
1979-10-15,
1979-10-16,
1979-10-17,
1979-10-18,
1979-10-19,
1979-10-20,
1979-10-21,
1979-10-22,
1979-10-23,
1979-10-24,
1979-10-25,
1979-10-26,
1979-10-27,
1979-10-28,
1979-10-29,
1979-10-30,
1979-10-31,
1979-11-01,
1979-11-02,
1979-11-03,
1979-11-04,
1979-11-05,
1979-11-06,
1979-11-07,
1979-11-08,
1979-11-09,
1979-11-10,
1979-11-11,
1979-11-12,
1979-11-13,
1979-11-14,
1979-11-15,
1979-11-16,
1979-11-17,
1979-11-18,
1979-11-19,
1979-11-20,
1979-11-21,
1979-11-22,
1979-11-23,
1979-11-24,
1979-11-25,
1979-11-26,
1979-11-27,
1979-11-28,
1979-11-29,
1979-11-30,
1979-12-01,
1979-12-02,
1979-12-03,
1979-12-04,
1979-12-05,
1979-12-06,
1979-12-07,
1979-12-08,
1979-12-09,
1979-12-10,
1979-12-11,
1979-12-12,
1979-12-13,
1979-12-14,
1979-12-15,
1979-12-16,
1979-12-17,
1979-12-18,
1979-12-19,
1979-12-20,
1979-12-21,
1979-12-22,
1979-12-23,
1979-12-24,
1979-12-25,
1979-12-26,
1979-12-27,
1979-12-28,
1979-12-29,
1979-12-30,
1979-12-31,
1980-01-01,
1980-01-02,
1980-01-03,
1980-01-04,
1980-01-05,
1980-01-06,
1980-01-07,
1980-01-08,
1980-01-09,
1980-01-10,
1980-01-11,
1980-01-12,
1980-01-13,
1980-01-14,
1980-01-15,
1980-01-16,
1980-01-17,
1980-01-18,
1980-01-19,
1980-01-20,
1980-01-21,
1980-01-22,
1980-01-23,
1980-01-24,
1980-01-25,
1980-01-26,
1980-01-27,
1980-01-28,
1980-01-29,
1980-01-30,
1980-01-31,
1980-02-01,
1980-02-02,
1980-02-03,
1980-02-04,
1980-02-05,
1980-02-06,
1980-02-07,
1980-02-08,
1980-02-09,
1980-02-10,
1980-02-11,
1980-02-12,
1980-02-13,
1980-02-14,
1980-02-15,
1980-02-16,
1980-02-17,
1980-02-18,
1980-02-19,
1980-02-20,
1980-02-21,
1980-02-22,
1980-02-23,
1980-02-24,
1980-02-25,
1980-02-26,
1980-02-27,
1980-02-28,
1980-02-29,
1980-03-01,
1980-03-02,
1980-03-03,
1980-03-04,
1980-03-05,
1980-03-06,
1980-03-07,
1980-03-08,
1980-03-09,
1980-03-10,
1980-03-11,
1980-03-12,
1980-03-13,
1980-03-14,
1980-03-15,
1980-03-16,
1980-03-17,
1980-03-18,
1980-03-19,
1980-03-20,
1980-03-21,
1980-03-22,
1980-03-23,
1980-03-24,
1980-03-25,
1980-03-26,
1980-03-27,
1980-03-28,
1980-03-29,
1980-03-30,
1980-03-31,
1980-04-01,
1980-04-02,
1980-04-03,
1980-04-04,
1980-04-05,
1980-04-06,
1980-04-07,
1980-04-08,
1980-04-09,
1980-04-10,
1980-04-11,
1980-04-12,
1980-04-13,
1980-04-14,
1980-04-15,
1980-04-16,
1980-04-17,
1980-04-18,
1980-04-19,
1980-04-20,
1980-04-21,
1980-04-22,
1980-04-23,
1980-04-24,
1980-04-25,
1980-04-26,
1980-04-27,
1980-04-28,
1980-04-29,
1980-04-30,
1980-05-01,
1980-05-02,
1980-05-03,
1980-05-04,
1980-05-05,
1980-05-06,
1980-05-07,
1980-05-08,
1980-05-09,
1980-05-10,
1980-05-11,
1980-05-12,
1980-05-13,
1980-05-14,
1980-05-15,
1980-05-16,
1980-05-17,
1980-05-18,
1980-05-19,
1980-05-20,
1980-05-21,
1980-05-22,
1980-05-23,
1980-05-24,
1980-05-25,
1980-05-26,
1980-05-27,
1980-05-28,
1980-05-29,
1980-05-30,
1980-05-31,
1980-06-01,
1980-06-02,
1980-06-03,
1980-06-04,
1980-06-05,
1980-06-06,
1980-06-07,
1980-06-08,
1980-06-09,
1980-06-10,
1980-06-11,
1980-06-12,
1980-06-13,
1980-06-14,
1980-06-15,
1980-06-16,
1980-06-17,
1980-06-18,
1980-06-19,
1980-06-20,
1980-06-21,
1980-06-22,
1980-06-23,
1980-06-24,
1980-06-25,
1980-06-26,
1980-06-27,
1980-06-28,
1980-06-29,
1980-06-30,
1980-07-01,
1980-07-02,
1980-07-03,
1980-07-04,
1980-07-05,
1980-07-06,
1980-07-07,
1980-07-08,
1980-07-09,
1980-07-10,
1980-07-11,
1980-07-12,
1980-07-13,
1980-07-14,
1980-07-15,
1980-07-16,
1980-07-17,
1980-07-18,
1980-07-19,
1980-07-20,
1980-07-21,
1980-07-22,
1980-07-23,
1980-07-24,
1980-07-25,
1980-07-26,
1980-07-27,
1980-07-28,
1980-07-29,
1980-07-30,
1980-07-31,
1980-08-01,
1980-08-02,
1980-08-03,
1980-08-04,
1980-08-05,
1980-08-06,
1980-08-07,
1980-08-08,
1980-08-09,
1980-08-10,
1980-08-11,
1980-08-12,
1980-08-13,
1980-08-14,
1980-08-15,
1980-08-16,
1980-08-17,
1980-08-18,
1980-08-19,
1980-08-20,
1980-08-21,
1980-08-22,
1980-08-23,
1980-08-24,
1980-08-25,
1980-08-26,
1980-08-27,
1980-08-28,
1980-08-29,
1980-08-30,
1980-08-31,
1980-09-01,
1980-09-02,
1980-09-03,
1980-09-04,
1980-09-05,
1980-09-06,
1980-09-07,
1980-09-08,
1980-09-09,
1980-09-10,
1980-09-11,
1980-09-12,
1980-09-13,
1980-09-14,
1980-09-15,
1980-09-16,
1980-09-17,
1980-09-18,
1980-09-19,
1980-09-20,
1980-09-21,
1980-09-22,
1980-09-23,
1980-09-24,
1980-09-25,
1980-09-26,
1980-09-27,
1980-09-28,
1980-09-29,
1980-09-30,
1980-10-01,
1980-10-02,
1980-10-03,
1980-10-04,
1980-10-05,
1980-10-06,
1980-10-07,
1980-10-08,
1980-10-09,
1980-10-10,
1980-10-11,
1980-10-12,
1980-10-13,
1980-10-14,
1980-10-15,
1980-10-16,
1980-10-17,
1980-10-18,
1980-10-19,
1980-10-20,
1980-10-21,
1980-10-22,
1980-10-23,
1980-10-24,
1980-10-25,
1980-10-26,
1980-10-27,
1980-10-28,
1980-10-29,
1980-10-30,
1980-10-31,
1980-11-01,
1980-11-02,
1980-11-03,
1980-11-04,
1980-11-05,
1980-11-06,
1980-11-07,
1980-11-08,
1980-11-09,
1980-11-10,
1980-11-11,
1980-11-12,
1980-11-13,
1980-11-14,
1980-11-15,
1980-11-16,
1980-11-17,
1980-11-18,
1980-11-19,
1980-11-20,
1980-11-21,
1980-11-22,
1980-11-23,
1980-11-24,
1980-11-25,
1980-11-26,
1980-11-27,
1980-11-28,
1980-11-29,
1980-11-30,
1980-12-01,
1980-12-02,
1980-12-03,
1980-12-04,
1980-12-05,
1980-12-06,
1980-12-07,
1980-12-08,
1980-12-09,
1980-12-10,
1980-12-11,
1980-12-12,
1980-12-13,
1980-12-14,
1980-12-15,
1980-12-16,
1980-12-17,
1980-12-18,
1980-12-19,
1980-12-20,
1980-12-21,
1980-12-22,
1980-12-23,
1980-12-24,
1980-12-25,
1980-12-26,
1980-12-27,
1980-12-28,
1980-12-29,
1980-12-30,
1980-12-31,
1981-01-01,
1981-01-02,
1981-01-03,
1981-01-04,
1981-01-05,
1981-01-06,
1981-01-07,
1981-01-08,
1981-01-09,
1981-01-10,
1981-01-11,
1981-01-12,
1981-01-13,
1981-01-14,
1981-01-15,
1981-01-16,
1981-01-17,
1981-01-18,
1981-01-19,
1981-01-20,
1981-01-21,
1981-01-22,
1981-01-23,
1981-01-24,
1981-01-25,
1981-01-26,
1981-01-27,
1981-01-28,
1981-01-29,
1981-01-30,
1981-01-31,
1981-02-01,
1981-02-02,
1981-02-03,
1981-02-04,
1981-02-05,
1981-02-06,
1981-02-07,
1981-02-08,
1981-02-09,
1981-02-10,
1981-02-11,
1981-02-12,
1981-02-13,
1981-02-14,
1981-02-15,
1981-02-16,
1981-02-17,
1981-02-18,
1981-02-19,
1981-02-20,
1981-02-21,
1981-02-22,
1981-02-23,
1981-02-24,
1981-02-25,
1981-02-26,
1981-02-27,
1981-02-28,
1981-03-01,
1981-03-02,
1981-03-03,
1981-03-04,
1981-03-05,
1981-03-06,
1981-03-07,
1981-03-08,
1981-03-09,
1981-03-10,
1981-03-11,
1981-03-12,
1981-03-13,
1981-03-14,
1981-03-15,
1981-03-16,
1981-03-17,
1981-03-18,
1981-03-19,
1981-03-20,
1981-03-21,
1981-03-22,
1981-03-23,
1981-03-24,
1981-03-25,
1981-03-26,
1981-03-27,
1981-03-28,
1981-03-29,
1981-03-30,
1981-03-31,
1981-04-01,
1981-04-02,
1981-04-03,
1981-04-04,
1981-04-05,
1981-04-06,
1981-04-07,
1981-04-08,
1981-04-09,
1981-04-10,
1981-04-11,
1981-04-12,
1981-04-13,
1981-04-14,
1981-04-15,
1981-04-16,
1981-04-17,
1981-04-18,
1981-04-19,
1981-04-20,
1981-04-21,
1981-04-22,
1981-04-23,
1981-04-24,
1981-04-25,
1981-04-26,
1981-04-27,
1981-04-28,
1981-04-29,
1981-04-30,
1981-05-01,
1981-05-02,
1981-05-03,
1981-05-04,
1981-05-05,
1981-05-06,
1981-05-07,
1981-05-08,
1981-05-09,
1981-05-10,
1981-05-11,
1981-05-12,
1981-05-13,
1981-05-14,
1981-05-15,
1981-05-16,
1981-05-17,
1981-05-18,
1981-05-19,
1981-05-20,
1981-05-21,
1981-05-22,
1981-05-23,
1981-05-24,
1981-05-25,
1981-05-26,
1981-05-27,
1981-05-28,
1981-05-29,
1981-05-30,
1981-05-31,
1981-06-01,
1981-06-02,
1981-06-03,
1981-06-04,
1981-06-05,
1981-06-06,
1981-06-07,
1981-06-08,
1981-06-09,
1981-06-10,
1981-06-11,
1981-06-12,
1981-06-13,
1981-06-14,
1981-06-15,
1981-06-16,
1981-06-17,
1981-06-18,
1981-06-19,
1981-06-20,
1981-06-21,
1981-06-22,
1981-06-23,
1981-06-24,
1981-06-25,
1981-06-26,
1981-06-27,
1981-06-28,
1981-06-29,
1981-06-30,
1981-07-01,
1981-07-02,
1981-07-03,
1981-07-04,
1981-07-05,
1981-07-06,
1981-07-07,
1981-07-08,
1981-07-09,
1981-07-10,
1981-07-11,
1981-07-12,
1981-07-13,
1981-07-14,
1981-07-15,
1981-07-16,
1981-07-17,
1981-07-18,
1981-07-19,
1981-07-20,
1981-07-21,
1981-07-22,
1981-07-23,
1981-07-24,
1981-07-25,
1981-07-26,
1981-07-27,
1981-07-28,
1981-07-29,
1981-07-30,
1981-07-31,
1981-08-01,
1981-08-02,
1981-08-03,
1981-08-04,
1981-08-05,
1981-08-06,
1981-08-07,
1981-08-08,
1981-08-09,
1981-08-10,
1981-08-11,
1981-08-12,
1981-08-13,
1981-08-14,
1981-08-15,
1981-08-16,
1981-08-17,
1981-08-18,
1981-08-19,
1981-08-20,
1981-08-21,
1981-08-22,
1981-08-23,
1981-08-24,
1981-08-25,
1981-08-26,
1981-08-27,
1981-08-28,
1981-08-29,
1981-08-30,
1981-08-31,
1981-09-01,
1981-09-02,
1981-09-03,
1981-09-04,
1981-09-05,
1981-09-06,
1981-09-07,
1981-09-08,
1981-09-09,
1981-09-10,
1981-09-11,
1981-09-12,
1981-09-13,
1981-09-14,
1981-09-15,
1981-09-16,
1981-09-17,
1981-09-18,
1981-09-19,
1981-09-20,
1981-09-21,
1981-09-22,
1981-09-23,
1981-09-24,
1981-09-25,
1981-09-26,
1981-09-27,
1981-09-28,
1981-09-29,
1981-09-30,
1981-10-01,
1981-10-02,
1981-10-03,
1981-10-04,
1981-10-05,
1981-10-06,
1981-10-07,
1981-10-08,
1981-10-09,
1981-10-10,
1981-10-11,
1981-10-12,
1981-10-13,
1981-10-14,
1981-10-15,
1981-10-16,
1981-10-17,
1981-10-18,
1981-10-19,
1981-10-20,
1981-10-21,
1981-10-22,
1981-10-23,
1981-10-24,
1981-10-25,
1981-10-26,
1981-10-27,
1981-10-28,
1981-10-29,
1981-10-30,
1981-10-31,
1981-11-01,
1981-11-02,
1981-11-03,
1981-11-04,
1981-11-05,
1981-11-06,
1981-11-07,
1981-11-08,
1981-11-09,
1981-11-10,
1981-11-11,
1981-11-12,
1981-11-13,
1981-11-14,
1981-11-15,
1981-11-16,
1981-11-17,
1981-11-18,
1981-11-19,
1981-11-20,
1981-11-21,
1981-11-22,
1981-11-23,
1981-11-24,
1981-11-25,
1981-11-26,
1981-11-27,
1981-11-28,
1981-11-29,
1981-11-30,
1981-12-01,
1981-12-02,
1981-12-03,
1981-12-04,
1981-12-05,
1981-12-06,
1981-12-07,
1981-12-08,
1981-12-09,
1981-12-10,
1981-12-11,
1981-12-12,
1981-12-13,
1981-12-14,
1981-12-15,
1981-12-16,
1981-12-17,
1981-12-18,
1981-12-19,
1981-12-20,
1981-12-21,
1981-12-22,
1981-12-23,
1981-12-24,
1981-12-25,
1981-12-26,
1981-12-27,
1981-12-28,
1981-12-29,
1981-12-30,
1981-12-31,
1982-01-01,
1982-01-02,
1982-01-03,
1982-01-04,
1982-01-05,
1982-01-06,
1982-01-07,
1982-01-08,
1982-01-09,
1982-01-10,
1982-01-11,
1982-01-12,
1982-01-13,
1982-01-14,
1982-01-15,
1982-01-16,
1982-01-17,
1982-01-18,
1982-01-19,
1982-01-20,
1982-01-21,
1982-01-22,
1982-01-23,
1982-01-24,
1982-01-25,
1982-01-26,
1982-01-27,
1982-01-28,
1982-01-29,
1982-01-30,
1982-01-31,
1982-02-01,
1982-02-02,
1982-02-03,
1982-02-04,
1982-02-05,
1982-02-06,
1982-02-07,
1982-02-08,
1982-02-09,
1982-02-10,
1982-02-11,
1982-02-12,
1982-02-13,
1982-02-14,
1982-02-15,
1982-02-16,
1982-02-17,
1982-02-18,
1982-02-19,
1982-02-20,
1982-02-21,
1982-02-22,
1982-02-23,
1982-02-24,
1982-02-25,
1982-02-26,
1982-02-27,
1982-02-28,
1982-03-01,
1982-03-02,
1982-03-03,
1982-03-04,
1982-03-05,
1982-03-06,
1982-03-07,
1982-03-08,
1982-03-09,
1982-03-10,
1982-03-11,
1982-03-12,
1982-03-13,
1982-03-14,
1982-03-15,
1982-03-16,
1982-03-17,
1982-03-18,
1982-03-19,
1982-03-20,
1982-03-21,
1982-03-22,
1982-03-23,
1982-03-24,
1982-03-25,
1982-03-26,
1982-03-27,
1982-03-28,
1982-03-29,
1982-03-30,
1982-03-31,
1982-04-01,
1982-04-02,
1982-04-03,
1982-04-04,
1982-04-05,
1982-04-06,
1982-04-07,
1982-04-08,
1982-04-09,
1982-04-10,
1982-04-11,
1982-04-12,
1982-04-13,
1982-04-14,
1982-04-15,
1982-04-16,
1982-04-17,
1982-04-18,
1982-04-19,
1982-04-20,
1982-04-21,
1982-04-22,
1982-04-23,
1982-04-24,
1982-04-25,
1982-04-26,
1982-04-27,
1982-04-28,
1982-04-29,
1982-04-30,
1982-05-01,
1982-05-02,
1982-05-03,
1982-05-04,
1982-05-05,
1982-05-06,
1982-05-07,
1982-05-08,
1982-05-09,
1982-05-10,
1982-05-11,
1982-05-12,
1982-05-13,
1982-05-14,
1982-05-15,
1982-05-16,
1982-05-17,
1982-05-18,
1982-05-19,
1982-05-20,
1982-05-21,
1982-05-22,
1982-05-23,
1982-05-24,
1982-05-25,
1982-05-26,
1982-05-27,
1982-05-28,
1982-05-29,
1982-05-30,
1982-05-31,
1982-06-01,
1982-06-02,
1982-06-03,
1982-06-04,
1982-06-05,
1982-06-06,
1982-06-07,
1982-06-08,
1982-06-09,
1982-06-10,
1982-06-11,
1982-06-12,
1982-06-13,
1982-06-14,
1982-06-15,
1982-06-16,
1982-06-17,
1982-06-18,
1982-06-19,
1982-06-20,
1982-06-21,
1982-06-22,
1982-06-23,
1982-06-24,
1982-06-25,
1982-06-26,
1982-06-27,
1982-06-28,
1982-06-29,
1982-06-30,
1982-07-01,
1982-07-02,
1982-07-03,
1982-07-04,
1982-07-05,
1982-07-06,
1982-07-07,
1982-07-08,
1982-07-09,
1982-07-10,
1982-07-11,
1982-07-12,
1982-07-13,
1982-07-14,
1982-07-15,
1982-07-16,
1982-07-17,
1982-07-18,
1982-07-19,
1982-07-20,
1982-07-21,
1982-07-22,
1982-07-23,
1982-07-24,
1982-07-25,
1982-07-26,
1982-07-27,
1982-07-28,
1982-07-29,
1982-07-30,
1982-07-31,
1982-08-01,
1982-08-02,
1982-08-03,
1982-08-04,
1982-08-05,
1982-08-06,
1982-08-07,
1982-08-08,
1982-08-09,
1982-08-10,
1982-08-11,
1982-08-12,
1982-08-13,
1982-08-14,
1982-08-15,
1982-08-16,
1982-08-17,
1982-08-18,
1982-08-19,
1982-08-20,
1982-08-21,
1982-08-22,
1982-08-23,
1982-08-24,
1982-08-25,
1982-08-26,
1982-08-27,
1982-08-28,
1982-08-29,
1982-08-30,
1982-08-31,
1982-09-01,
1982-09-02,
1982-09-03,
1982-09-04,
1982-09-05,
1982-09-06,
1982-09-07,
1982-09-08,
1982-09-09,
1982-09-10,
1982-09-11,
1982-09-12,
1982-09-13,
1982-09-14,
1982-09-15,
1982-09-16,
1982-09-17,
1982-09-18,
1982-09-19,
1982-09-20,
1982-09-21,
1982-09-22,
1982-09-23,
1982-09-24,
1982-09-25,
1982-09-26,
1982-09-27,
1982-09-28,
1982-09-29,
1982-09-30,
1982-10-01,
1982-10-02,
1982-10-03,
1982-10-04,
1982-10-05,
1982-10-06,
1982-10-07,
1982-10-08,
1982-10-09,
1982-10-10,
1982-10-11,
1982-10-12,
1982-10-13,
1982-10-14,
1982-10-15,
1982-10-16,
1982-10-17,
1982-10-18,
1982-10-19,
1982-10-20,
1982-10-21,
1982-10-22,
1982-10-23,
1982-10-24,
1982-10-25,
1982-10-26,
1982-10-27,
1982-10-28,
1982-10-29,
1982-10-30,
1982-10-31,
1982-11-01,
1982-11-02,
1982-11-03,
1982-11-04,
1982-11-05,
1982-11-06,
1982-11-07,
1982-11-08,
1982-11-09,
1982-11-10,
1982-11-11,
1982-11-12,
1982-11-13,
1982-11-14,
1982-11-15,
1982-11-16,
1982-11-17,
1982-11-18,
1982-11-19,
1982-11-20,
1982-11-21,
1982-11-22,
1982-11-23,
1982-11-24,
1982-11-25,
1982-11-26,
1982-11-27,
1982-11-28,
1982-11-29,
1982-11-30,
1982-12-01,
1982-12-02,
1982-12-03,
1982-12-04,
1982-12-05,
1982-12-06,
1982-12-07,
1982-12-08,
1982-12-09,
1982-12-10,
1982-12-11,
1982-12-12,
1982-12-13,
1982-12-14,
1982-12-15,
1982-12-16,
1982-12-17,
1982-12-18,
1982-12-19,
1982-12-20,
1982-12-21,
1982-12-22,
1982-12-23,
1982-12-24,
1982-12-25,
1982-12-26,
1982-12-27,
1982-12-28,
1982-12-29,
1982-12-30,
1982-12-31,
1983-01-01,
1983-01-02,
1983-01-03,
1983-01-04,
1983-01-05,
1983-01-06,
1983-01-07,
1983-01-08,
1983-01-09,
1983-01-10,
1983-01-11,
1983-01-12,
1983-01-13,
1983-01-14,
1983-01-15,
1983-01-16,
1983-01-17,
1983-01-18,
1983-01-19,
1983-01-20,
1983-01-21,
1983-01-22,
1983-01-23,
1983-01-24,
1983-01-25,
1983-01-26,
1983-01-27,
1983-01-28,
1983-01-29,
1983-01-30,
1983-01-31,
1983-02-01,
1983-02-02,
1983-02-03,
1983-02-04,
1983-02-05,
1983-02-06,
1983-02-07,
1983-02-08,
1983-02-09,
1983-02-10,
1983-02-11,
1983-02-12,
1983-02-13,
1983-02-14,
1983-02-15,
1983-02-16,
1983-02-17,
1983-02-18,
1983-02-19,
1983-02-20,
1983-02-21,
1983-02-22,
1983-02-23,
1983-02-24,
1983-02-25,
1983-02-26,
1983-02-27,
1983-02-28,
1983-03-01,
1983-03-02,
1983-03-03,
1983-03-04,
1983-03-05,
1983-03-06,
1983-03-07,
1983-03-08,
1983-03-09,
1983-03-10,
1983-03-11,
1983-03-12,
1983-03-13,
1983-03-14,
1983-03-15,
1983-03-16,
1983-03-17,
1983-03-18,
1983-03-19,
1983-03-20,
1983-03-21,
1983-03-22,
1983-03-23,
1983-03-24,
1983-03-25,
1983-03-26,
1983-03-27,
1983-03-28,
1983-03-29,
1983-03-30,
1983-03-31,
1983-04-01,
1983-04-02,
1983-04-03,
1983-04-04,
1983-04-05,
1983-04-06,
1983-04-07,
1983-04-08,
1983-04-09,
1983-04-10,
1983-04-11,
1983-04-12,
1983-04-13,
1983-04-14,
1983-04-15,
1983-04-16,
1983-04-17,
1983-04-18,
1983-04-19,
1983-04-20,
1983-04-21,
1983-04-22,
1983-04-23,
1983-04-24,
1983-04-25,
1983-04-26,
1983-04-27,
1983-04-28,
1983-04-29,
1983-04-30,
1983-05-01,
1983-05-02,
1983-05-03,
1983-05-04,
1983-05-05,
1983-05-06,
1983-05-07,
1983-05-08,
1983-05-09,
1983-05-10,
1983-05-11,
1983-05-12,
1983-05-13,
1983-05-14,
1983-05-15,
1983-05-16,
1983-05-17,
1983-05-18,
1983-05-19,
1983-05-20,
1983-05-21,
1983-05-22,
1983-05-23,
1983-05-24,
1983-05-25,
1983-05-26,
1983-05-27,
1983-05-28,
1983-05-29,
1983-05-30,
1983-05-31,
1983-06-01,
1983-06-02,
1983-06-03,
1983-06-04,
1983-06-05,
1983-06-06,
1983-06-07,
1983-06-08,
1983-06-09,
1983-06-10,
1983-06-11,
1983-06-12,
1983-06-13,
1983-06-14,
1983-06-15,
1983-06-16,
1983-06-17,
1983-06-18,
1983-06-19,
1983-06-20,
1983-06-21,
1983-06-22,
1983-06-23,
1983-06-24,
1983-06-25,
1983-06-26,
1983-06-27,
1983-06-28,
1983-06-29,
1983-06-30,
1983-07-01,
1983-07-02,
1983-07-03,
1983-07-04,
1983-07-05,
1983-07-06,
1983-07-07,
1983-07-08,
1983-07-09,
1983-07-10,
1983-07-11,
1983-07-12,
1983-07-13,
1983-07-14,
1983-07-15,
1983-07-16,
1983-07-17,
1983-07-18,
1983-07-19,
1983-07-20,
1983-07-21,
1983-07-22,
1983-07-23,
1983-07-24,
1983-07-25,
1983-07-26,
1983-07-27,
1983-07-28,
1983-07-29,
1983-07-30,
1983-07-31,
1983-08-01,
1983-08-02,
1983-08-03,
1983-08-04,
1983-08-05,
1983-08-06,
1983-08-07,
1983-08-08,
1983-08-09,
1983-08-10,
1983-08-11,
1983-08-12,
1983-08-13,
1983-08-14,
1983-08-15,
1983-08-16,
1983-08-17,
1983-08-18,
1983-08-19,
1983-08-20,
1983-08-21,
1983-08-22,
1983-08-23,
1983-08-24,
1983-08-25,
1983-08-26,
1983-08-27,
1983-08-28,
1983-08-29,
1983-08-30,
1983-08-31,
1983-09-01,
1983-09-02,
1983-09-03,
1983-09-04,
1983-09-05,
1983-09-06,
1983-09-07,
1983-09-08,
1983-09-09,
1983-09-10,
1983-09-11,
1983-09-12,
1983-09-13,
1983-09-14,
1983-09-15,
1983-09-16,
1983-09-17,
1983-09-18,
1983-09-19,
1983-09-20,
1983-09-21,
1983-09-22,
1983-09-23,
1983-09-24,
1983-09-25,
1983-09-26,
1983-09-27,
1983-09-28,
1983-09-29,
1983-09-30,
1983-10-01,
1983-10-02,
1983-10-03,
1983-10-04,
1983-10-05,
1983-10-06,
1983-10-07,
1983-10-08,
1983-10-09,
1983-10-10,
1983-10-11,
1983-10-12,
1983-10-13,
1983-10-14,
1983-10-15,
1983-10-16,
1983-10-17,
1983-10-18,
1983-10-19,
1983-10-20,
1983-10-21,
1983-10-22,
1983-10-23,
1983-10-24,
1983-10-25,
1983-10-26,
1983-10-27,
1983-10-28,
1983-10-29,
1983-10-30,
1983-10-31,
1983-11-01,
1983-11-02,
1983-11-03,
1983-11-04,
1983-11-05,
1983-11-06,
1983-11-07,
1983-11-08,
1983-11-09,
1983-11-10,
1983-11-11,
1983-11-12,
1983-11-13,
1983-11-14,
1983-11-15,
1983-11-16,
1983-11-17,
1983-11-18,
1983-11-19,
1983-11-20,
1983-11-21,
1983-11-22,
1983-11-23,
1983-11-24,
1983-11-25,
1983-11-26,
1983-11-27,
1983-11-28,
1983-11-29,
1983-11-30,
1983-12-01,
1983-12-02,
1983-12-03,
1983-12-04,
1983-12-05,
1983-12-06,
1983-12-07,
1983-12-08,
1983-12-09,
1983-12-10,
1983-12-11,
1983-12-12,
1983-12-13,
1983-12-14,
1983-12-15,
1983-12-16,
1983-12-17,
1983-12-18,
1983-12-19,
1983-12-20,
1983-12-21,
1983-12-22,
1983-12-23,
1983-12-24,
1983-12-25,
1983-12-26,
1983-12-27,
1983-12-28,
1983-12-29,
1983-12-30,
1983-12-31,
1984-01-01,
1984-01-02,
1984-01-03,
1984-01-04,
1984-01-05,
1984-01-06,
1984-01-07,
1984-01-08,
1984-01-09,
1984-01-10,
1984-01-11,
1984-01-12,
1984-01-13,
1984-01-14,
1984-01-15,
1984-01-16,
1984-01-17,
1984-01-18,
1984-01-19,
1984-01-20,
1984-01-21,
1984-01-22,
1984-01-23,
1984-01-24,
1984-01-25,
1984-01-26,
1984-01-27,
1984-01-28,
1984-01-29,
1984-01-30,
1984-01-31,
1984-02-01,
1984-02-02,
1984-02-03,
1984-02-04,
1984-02-05,
1984-02-06,
1984-02-07,
1984-02-08,
1984-02-09,
1984-02-10,
1984-02-11,
1984-02-12,
1984-02-13,
1984-02-14,
1984-02-15,
1984-02-16,
1984-02-17,
1984-02-18,
1984-02-19,
1984-02-20,
1984-02-21,
1984-02-22,
1984-02-23,
1984-02-24,
1984-02-25,
1984-02-26,
1984-02-27,
1984-02-28,
1984-02-29,
1984-03-01,
1984-03-02,
1984-03-03,
1984-03-04,
1984-03-05,
1984-03-06,
1984-03-07,
1984-03-08,
1984-03-09,
1984-03-10,
1984-03-11,
1984-03-12,
1984-03-13,
1984-03-14,
1984-03-15,
1984-03-16,
1984-03-17,
1984-03-18,
1984-03-19,
1984-03-20,
1984-03-21,
1984-03-22,
1984-03-23,
1984-03-24,
1984-03-25,
1984-03-26,
1984-03-27,
1984-03-28,
1984-03-29,
1984-03-30,
1984-03-31,
1984-04-01,
1984-04-02,
1984-04-03,
1984-04-04,
1984-04-05,
1984-04-06,
1984-04-07,
1984-04-08,
1984-04-09,
1984-04-10,
1984-04-11,
1984-04-12,
1984-04-13,
1984-04-14,
1984-04-15,
1984-04-16,
1984-04-17,
1984-04-18,
1984-04-19,
1984-04-20,
1984-04-21,
1984-04-22,
1984-04-23,
1984-04-24,
1984-04-25,
1984-04-26,
1984-04-27,
1984-04-28,
1984-04-29,
1984-04-30,
1984-05-01,
1984-05-02,
1984-05-03,
1984-05-04,
1984-05-05,
1984-05-06,
1984-05-07,
1984-05-08,
1984-05-09,
1984-05-10,
1984-05-11,
1984-05-12,
1984-05-13,
1984-05-14,
1984-05-15,
1984-05-16,
1984-05-17,
1984-05-18,
1984-05-19,
1984-05-20,
1984-05-21,
1984-05-22,
1984-05-23,
1984-05-24,
1984-05-25,
1984-05-26,
1984-05-27,
1984-05-28,
1984-05-29,
1984-05-30,
1984-05-31,
1984-06-01,
1984-06-02,
1984-06-03,
1984-06-04,
1984-06-05,
1984-06-06,
1984-06-07,
1984-06-08,
1984-06-09,
1984-06-10,
1984-06-11,
1984-06-12,
1984-06-13,
1984-06-14,
1984-06-15,
1984-06-16,
1984-06-17,
1984-06-18,
1984-06-19,
1984-06-20,
1984-06-21,
1984-06-22,
1984-06-23,
1984-06-24,
1984-06-25,
1984-06-26,
1984-06-27,
1984-06-28,
1984-06-29,
1984-06-30,
1984-07-01,
1984-07-02,
1984-07-03,
1984-07-04,
1984-07-05,
1984-07-06,
1984-07-07,
1984-07-08,
1984-07-09,
1984-07-10,
1984-07-11,
1984-07-12,
1984-07-13,
1984-07-14,
1984-07-15,
1984-07-16,
1984-07-17,
1984-07-18,
1984-07-19,
1984-07-20,
1984-07-21,
1984-07-22,
1984-07-23,
1984-07-24,
1984-07-25,
1984-07-26,
1984-07-27,
1984-07-28,
1984-07-29,
1984-07-30,
1984-07-31,
1984-08-01,
1984-08-02,
1984-08-03,
1984-08-04,
1984-08-05,
1984-08-06,
1984-08-07,
1984-08-08,
1984-08-09,
1984-08-10,
1984-08-11,
1984-08-12,
1984-08-13,
1984-08-14,
1984-08-15,
1984-08-16,
1984-08-17,
1984-08-18,
1984-08-19,
1984-08-20,
1984-08-21,
1984-08-22,
1984-08-23,
1984-08-24,
1984-08-25,
1984-08-26,
1984-08-27,
1984-08-28,
1984-08-29,
1984-08-30,
1984-08-31,
1984-09-01,
1984-09-02,
1984-09-03,
1984-09-04,
1984-09-05,
1984-09-06,
1984-09-07,
1984-09-08,
1984-09-09,
1984-09-10,
1984-09-11,
1984-09-12,
1984-09-13,
1984-09-14,
1984-09-15,
1984-09-16,
1984-09-17,
1984-09-18,
1984-09-19,
1984-09-20,
1984-09-21,
1984-09-22,
1984-09-23,
1984-09-24,
1984-09-25,
1984-09-26,
1984-09-27,
1984-09-28,
1984-09-29,
1984-09-30,
1984-10-01,
1984-10-02,
1984-10-03,
1984-10-04,
1984-10-05,
1984-10-06,
1984-10-07,
1984-10-08,
1984-10-09,
1984-10-10,
1984-10-11,
1984-10-12,
1984-10-13,
1984-10-14,
1984-10-15,
1984-10-16,
1984-10-17,
1984-10-18,
1984-10-19,
1984-10-20,
1984-10-21,
1984-10-22,
1984-10-23,
1984-10-24,
1984-10-25,
1984-10-26,
1984-10-27,
1984-10-28,
1984-10-29,
1984-10-30,
1984-10-31,
1984-11-01,
1984-11-02,
1984-11-03,
1984-11-04,
1984-11-05,
1984-11-06,
1984-11-07,
1984-11-08,
1984-11-09,
1984-11-10,
1984-11-11,
1984-11-12,
1984-11-13,
1984-11-14,
1984-11-15,
1984-11-16,
1984-11-17,
1984-11-18,
1984-11-19,
1984-11-20,
1984-11-21,
1984-11-22,
1984-11-23,
1984-11-24,
1984-11-25,
1984-11-26,
1984-11-27,
1984-11-28,
1984-11-29,
1984-11-30,
1984-12-01,
1984-12-02,
1984-12-03,
1984-12-04,
1984-12-05,
1984-12-06,
1984-12-07,
1984-12-08,
1984-12-09,
1984-12-10,
1984-12-11,
1984-12-12,
1984-12-13,
1984-12-14,
1984-12-15,
1984-12-16,
1984-12-17,
1984-12-18,
1984-12-19,
1984-12-20,
1984-12-21,
1984-12-22,
1984-12-23,
1984-12-24,
1984-12-25,
1984-12-26,
1984-12-27,
1984-12-28,
1984-12-29,
1984-12-30,
1984-12-31,
1985-01-01,
1985-01-02,
1985-01-03,
1985-01-04,
1985-01-05,
1985-01-06,
1985-01-07,
1985-01-08,
1985-01-09,
1985-01-10,
1985-01-11,
1985-01-12,
1985-01-13,
1985-01-14,
1985-01-15,
1985-01-16,
1985-01-17,
1985-01-18,
1985-01-19,
1985-01-20,
1985-01-21,
1985-01-22,
1985-01-23,
1985-01-24,
1985-01-25,
1985-01-26,
1985-01-27,
1985-01-28,
1985-01-29,
1985-01-30,
1985-01-31,
1985-02-01,
1985-02-02,
1985-02-03,
1985-02-04,
1985-02-05,
1985-02-06,
1985-02-07,
1985-02-08,
1985-02-09,
1985-02-10,
1985-02-11,
1985-02-12,
1985-02-13,
1985-02-14,
1985-02-15,
1985-02-16,
1985-02-17,
1985-02-18,
1985-02-19,
1985-02-20,
1985-02-21,
1985-02-22,
1985-02-23,
1985-02-24,
1985-02-25,
1985-02-26,
1985-02-27,
1985-02-28,
1985-03-01,
1985-03-02,
1985-03-03,
1985-03-04,
1985-03-05,
1985-03-06,
1985-03-07,
1985-03-08,
1985-03-09,
1985-03-10,
1985-03-11,
1985-03-12,
1985-03-13,
1985-03-14,
1985-03-15,
1985-03-16,
1985-03-17,
1985-03-18,
1985-03-19,
1985-03-20,
1985-03-21,
1985-03-22,
1985-03-23,
1985-03-24,
1985-03-25,
1985-03-26,
1985-03-27,
1985-03-28,
1985-03-29,
1985-03-30,
1985-03-31,
1985-04-01,
1985-04-02,
1985-04-03,
1985-04-04,
1985-04-05,
1985-04-06,
1985-04-07,
1985-04-08,
1985-04-09,
1985-04-10,
1985-04-11,
1985-04-12,
1985-04-13,
1985-04-14,
1985-04-15,
1985-04-16,
1985-04-17,
1985-04-18,
1985-04-19,
1985-04-20,
1985-04-21,
1985-04-22,
1985-04-23,
1985-04-24,
1985-04-25,
1985-04-26,
1985-04-27,
1985-04-28,
1985-04-29,
1985-04-30,
1985-05-01,
1985-05-02,
1985-05-03,
1985-05-04,
1985-05-05,
1985-05-06,
1985-05-07,
1985-05-08,
1985-05-09,
1985-05-10,
1985-05-11,
1985-05-12,
1985-05-13,
1985-05-14,
1985-05-15,
1985-05-16,
1985-05-17,
1985-05-18,
1985-05-19,
1985-05-20,
1985-05-21,
1985-05-22,
1985-05-23,
1985-05-24,
1985-05-25,
1985-05-26,
1985-05-27,
1985-05-28,
1985-05-29,
1985-05-30,
1985-05-31,
1985-06-01,
1985-06-02,
1985-06-03,
1985-06-04,
1985-06-05,
1985-06-06,
1985-06-07,
1985-06-08,
1985-06-09,
1985-06-10,
1985-06-11,
1985-06-12,
1985-06-13,
1985-06-14,
1985-06-15,
1985-06-16,
1985-06-17,
1985-06-18,
1985-06-19,
1985-06-20,
1985-06-21,
1985-06-22,
1985-06-23,
1985-06-24,
1985-06-25,
1985-06-26,
1985-06-27,
1985-06-28,
1985-06-29,
1985-06-30,
1985-07-01,
1985-07-02,
1985-07-03,
1985-07-04,
1985-07-05,
1985-07-06,
1985-07-07,
1985-07-08,
1985-07-09,
1985-07-10,
1985-07-11,
1985-07-12,
1985-07-13,
1985-07-14,
1985-07-15,
1985-07-16,
1985-07-17,
1985-07-18,
1985-07-19,
1985-07-20,
1985-07-21,
1985-07-22,
1985-07-23,
1985-07-24,
1985-07-25,
1985-07-26,
1985-07-27,
1985-07-28,
1985-07-29,
1985-07-30,
1985-07-31,
1985-08-01,
1985-08-02,
1985-08-03,
1985-08-04,
1985-08-05,
1985-08-06,
1985-08-07,
1985-08-08,
1985-08-09,
1985-08-10,
1985-08-11,
1985-08-12,
1985-08-13,
1985-08-14,
1985-08-15,
1985-08-16,
1985-08-17,
1985-08-18,
1985-08-19,
1985-08-20,
1985-08-21,
1985-08-22,
1985-08-23,
1985-08-24,
1985-08-25,
1985-08-26,
1985-08-27,
1985-08-28,
1985-08-29,
1985-08-30,
1985-08-31,
1985-09-01,
1985-09-02,
1985-09-03,
1985-09-04,
1985-09-05,
1985-09-06,
1985-09-07,
1985-09-08,
1985-09-09,
1985-09-10,
1985-09-11,
1985-09-12,
1985-09-13,
1985-09-14,
1985-09-15,
1985-09-16,
1985-09-17,
1985-09-18,
1985-09-19,
1985-09-20,
1985-09-21,
1985-09-22,
1985-09-23,
1985-09-24,
1985-09-25,
1985-09-26,
1985-09-27,
1985-09-28,
1985-09-29,
1985-09-30,
1985-10-01,
1985-10-02,
1985-10-03,
1985-10-04,
1985-10-05,
1985-10-06,
1985-10-07,
1985-10-08,
1985-10-09,
1985-10-10,
1985-10-11,
1985-10-12,
1985-10-13,
1985-10-14,
1985-10-15,
1985-10-16,
1985-10-17,
1985-10-18,
1985-10-19,
1985-10-20,
1985-10-21,
1985-10-22,
1985-10-23,
1985-10-24,
1985-10-25,
1985-10-26,
1985-10-27,
1985-10-28,
1985-10-29,
1985-10-30,
1985-10-31,
1985-11-01,
1985-11-02,
1985-11-03,
1985-11-04,
1985-11-05,
1985-11-06,
1985-11-07,
1985-11-08,
1985-11-09,
1985-11-10,
1985-11-11,
1985-11-12,
1985-11-13,
1985-11-14,
1985-11-15,
1985-11-16,
1985-11-17,
1985-11-18,
1985-11-19,
1985-11-20,
1985-11-21,
1985-11-22,
1985-11-23,
1985-11-24,
1985-11-25,
1985-11-26,
1985-11-27,
1985-11-28,
1985-11-29,
1985-11-30,
1985-12-01,
1985-12-02,
1985-12-03,
1985-12-04,
1985-12-05,
1985-12-06,
1985-12-07,
1985-12-08,
1985-12-09,
1985-12-10,
1985-12-11,
1985-12-12,
1985-12-13,
1985-12-14,
1985-12-15,
1985-12-16,
1985-12-17,
1985-12-18,
1985-12-19,
1985-12-20,
1985-12-21,
1985-12-22,
1985-12-23,
1985-12-24,
1985-12-25,
1985-12-26,
1985-12-27,
1985-12-28,
1985-12-29,
1985-12-30,
1985-12-31,
1986-01-01,
1986-01-02,
1986-01-03,
1986-01-04,
1986-01-05,
1986-01-06,
1986-01-07,
1986-01-08,
1986-01-09,
1986-01-10,
1986-01-11,
1986-01-12,
1986-01-13,
1986-01-14,
1986-01-15,
1986-01-16,
1986-01-17,
1986-01-18,
1986-01-19,
1986-01-20,
1986-01-21,
1986-01-22,
1986-01-23,
1986-01-24,
1986-01-25,
1986-01-26,
1986-01-27,
1986-01-28,
1986-01-29,
1986-01-30,
1986-01-31,
1986-02-01,
1986-02-02,
1986-02-03,
1986-02-04,
1986-02-05,
1986-02-06,
1986-02-07,
1986-02-08,
1986-02-09,
1986-02-10,
1986-02-11,
1986-02-12,
1986-02-13,
1986-02-14,
1986-02-15,
1986-02-16,
1986-02-17,
1986-02-18,
1986-02-19,
1986-02-20,
1986-02-21,
1986-02-22,
1986-02-23,
1986-02-24,
1986-02-25,
1986-02-26,
1986-02-27,
1986-02-28,
1986-03-01,
1986-03-02,
1986-03-03,
1986-03-04,
1986-03-05,
1986-03-06,
1986-03-07,
1986-03-08,
1986-03-09,
1986-03-10,
1986-03-11,
1986-03-12,
1986-03-13,
1986-03-14,
1986-03-15,
1986-03-16,
1986-03-17,
1986-03-18,
1986-03-19,
1986-03-20,
1986-03-21,
1986-03-22,
1986-03-23,
1986-03-24,
1986-03-25,
1986-03-26,
1986-03-27,
1986-03-28,
1986-03-29,
1986-03-30,
1986-03-31,
1986-04-01,
1986-04-02,
1986-04-03,
1986-04-04,
1986-04-05,
1986-04-06,
1986-04-07,
1986-04-08,
1986-04-09,
1986-04-10,
1986-04-11,
1986-04-12,
1986-04-13,
1986-04-14,
1986-04-15,
1986-04-16,
1986-04-17,
1986-04-18,
1986-04-19,
1986-04-20,
1986-04-21,
1986-04-22,
1986-04-23,
1986-04-24,
1986-04-25,
1986-04-26,
1986-04-27,
1986-04-28,
1986-04-29,
1986-04-30,
1986-05-01,
1986-05-02,
1986-05-03,
1986-05-04,
1986-05-05,
1986-05-06,
1986-05-07,
1986-05-08,
1986-05-09,
1986-05-10,
1986-05-11,
1986-05-12,
1986-05-13,
1986-05-14,
1986-05-15,
1986-05-16,
1986-05-17,
1986-05-18,
1986-05-19,
1986-05-20,
1986-05-21,
1986-05-22,
1986-05-23,
1986-05-24,
1986-05-25,
1986-05-26,
1986-05-27,
1986-05-28,
1986-05-29,
1986-05-30,
1986-05-31,
1986-06-01,
1986-06-02,
1986-06-03,
1986-06-04,
1986-06-05,
1986-06-06,
1986-06-07,
1986-06-08,
1986-06-09,
1986-06-10,
1986-06-11,
1986-06-12,
1986-06-13,
1986-06-14,
1986-06-15,
1986-06-16,
1986-06-17,
1986-06-18,
1986-06-19,
1986-06-20,
1986-06-21,
1986-06-22,
1986-06-23,
1986-06-24,
1986-06-25,
1986-06-26,
1986-06-27,
1986-06-28,
1986-06-29,
1986-06-30,
1986-07-01,
1986-07-02,
1986-07-03,
1986-07-04,
1986-07-05,
1986-07-06,
1986-07-07,
1986-07-08,
1986-07-09,
1986-07-10,
1986-07-11,
1986-07-12,
1986-07-13,
1986-07-14,
1986-07-15,
1986-07-16,
1986-07-17,
1986-07-18,
1986-07-19,
1986-07-20,
1986-07-21,
1986-07-22,
1986-07-23,
1986-07-24,
1986-07-25,
1986-07-26,
1986-07-27,
1986-07-28,
1986-07-29,
1986-07-30,
1986-07-31,
1986-08-01,
1986-08-02,
1986-08-03,
1986-08-04,
1986-08-05,
1986-08-06,
1986-08-07,
1986-08-08,
1986-08-09,
1986-08-10,
1986-08-11,
1986-08-12,
1986-08-13,
1986-08-14,
1986-08-15,
1986-08-16,
1986-08-17,
1986-08-18,
1986-08-19,
1986-08-20,
1986-08-21,
1986-08-22,
1986-08-23,
1986-08-24,
1986-08-25,
1986-08-26,
1986-08-27,
1986-08-28,
1986-08-29,
1986-08-30,
1986-08-31,
1986-09-01,
1986-09-02,
1986-09-03,
1986-09-04,
1986-09-05,
1986-09-06,
1986-09-07,
1986-09-08,
1986-09-09,
1986-09-10,
1986-09-11,
1986-09-12,
1986-09-13,
1986-09-14,
1986-09-15,
1986-09-16,
1986-09-17,
1986-09-18,
1986-09-19,
1986-09-20,
1986-09-21,
1986-09-22,
1986-09-23,
1986-09-24,
1986-09-25,
1986-09-26,
1986-09-27,
1986-09-28,
1986-09-29,
1986-09-30,
1986-10-01,
1986-10-02,
1986-10-03,
1986-10-04,
1986-10-05,
1986-10-06,
1986-10-07,
1986-10-08,
1986-10-09,
1986-10-10,
1986-10-11,
1986-10-12,
1986-10-13,
1986-10-14,
1986-10-15,
1986-10-16,
1986-10-17,
1986-10-18,
1986-10-19,
1986-10-20,
1986-10-21,
1986-10-22,
1986-10-23,
1986-10-24,
1986-10-25,
1986-10-26,
1986-10-27,
1986-10-28,
1986-10-29,
1986-10-30,
1986-10-31,
1986-11-01,
1986-11-02,
1986-11-03,
1986-11-04,
1986-11-05,
1986-11-06,
1986-11-07,
1986-11-08,
1986-11-09,
1986-11-10,
1986-11-11,
1986-11-12,
1986-11-13,
1986-11-14,
1986-11-15,
1986-11-16,
1986-11-17,
1986-11-18,
1986-11-19,
1986-11-20,
1986-11-21,
1986-11-22,
1986-11-23,
1986-11-24,
1986-11-25,
1986-11-26,
1986-11-27,
1986-11-28,
1986-11-29,
1986-11-30,
1986-12-01,
1986-12-02,
1986-12-03,
1986-12-04,
1986-12-05,
1986-12-06,
1986-12-07,
1986-12-08,
1986-12-09,
1986-12-10,
1986-12-11,
1986-12-12,
1986-12-13,
1986-12-14,
1986-12-15,
1986-12-16,
1986-12-17,
1986-12-18,
1986-12-19,
1986-12-20,
1986-12-21,
1986-12-22,
1986-12-23,
1986-12-24,
1986-12-25,
1986-12-26,
1986-12-27,
1986-12-28,
1986-12-29,
1986-12-30,
1986-12-31,
1987-01-01,
1987-01-02,
1987-01-03,
1987-01-04,
1987-01-05,
1987-01-06,
1987-01-07,
1987-01-08,
1987-01-09,
1987-01-10,
1987-01-11,
1987-01-12,
1987-01-13,
1987-01-14,
1987-01-15,
1987-01-16,
1987-01-17,
1987-01-18,
1987-01-19,
1987-01-20,
1987-01-21,
1987-01-22,
1987-01-23,
1987-01-24,
1987-01-25,
1987-01-26,
1987-01-27,
1987-01-28,
1987-01-29,
1987-01-30,
1987-01-31,
1987-02-01,
1987-02-02,
1987-02-03,
1987-02-04,
1987-02-05,
1987-02-06,
1987-02-07,
1987-02-08,
1987-02-09,
1987-02-10,
1987-02-11,
1987-02-12,
1987-02-13,
1987-02-14,
1987-02-15,
1987-02-16,
1987-02-17,
1987-02-18,
1987-02-19,
1987-02-20,
1987-02-21,
1987-02-22,
1987-02-23,
1987-02-24,
1987-02-25,
1987-02-26,
1987-02-27,
1987-02-28,
1987-03-01,
1987-03-02,
1987-03-03,
1987-03-04,
1987-03-05,
1987-03-06,
1987-03-07,
1987-03-08,
1987-03-09,
1987-03-10,
1987-03-11,
1987-03-12,
1987-03-13,
1987-03-14,
1987-03-15,
1987-03-16,
1987-03-17,
1987-03-18,
1987-03-19,
1987-03-20,
1987-03-21,
1987-03-22,
1987-03-23,
1987-03-24,
1987-03-25,
1987-03-26,
1987-03-27,
1987-03-28,
1987-03-29,
1987-03-30,
1987-03-31,
1987-04-01,
1987-04-02,
1987-04-03,
1987-04-04,
1987-04-05,
1987-04-06,
1987-04-07,
1987-04-08,
1987-04-09,
1987-04-10,
1987-04-11,
1987-04-12,
1987-04-13,
1987-04-14,
1987-04-15,
1987-04-16,
1987-04-17,
1987-04-18,
1987-04-19,
1987-04-20,
1987-04-21,
1987-04-22,
1987-04-23,
1987-04-24,
1987-04-25,
1987-04-26,
1987-04-27,
1987-04-28,
1987-04-29,
1987-04-30,
1987-05-01,
1987-05-02,
1987-05-03,
1987-05-04,
1987-05-05,
1987-05-06,
1987-05-07,
1987-05-08,
1987-05-09,
1987-05-10,
1987-05-11,
1987-05-12,
1987-05-13,
1987-05-14,
1987-05-15,
1987-05-16,
1987-05-17,
1987-05-18,
1987-05-19,
1987-05-20,
1987-05-21,
1987-05-22,
1987-05-23,
1987-05-24,
1987-05-25,
1987-05-26,
1987-05-27,
1987-05-28,
1987-05-29,
1987-05-30,
1987-05-31,
1987-06-01,
1987-06-02,
1987-06-03,
1987-06-04,
1987-06-05,
1987-06-06,
1987-06-07,
1987-06-08,
1987-06-09,
1987-06-10,
1987-06-11,
1987-06-12,
1987-06-13,
1987-06-14,
1987-06-15,
1987-06-16,
1987-06-17,
1987-06-18,
1987-06-19,
1987-06-20,
1987-06-21,
1987-06-22,
1987-06-23,
1987-06-24,
1987-06-25,
1987-06-26,
1987-06-27,
1987-06-28,
1987-06-29,
1987-06-30,
1987-07-01,
1987-07-02,
1987-07-03,
1987-07-04,
1987-07-05,
1987-07-06,
1987-07-07,
1987-07-08,
1987-07-09,
1987-07-10,
1987-07-11,
1987-07-12,
1987-07-13,
1987-07-14,
1987-07-15,
1987-07-16,
1987-07-17,
1987-07-18,
1987-07-19,
1987-07-20,
1987-07-21,
1987-07-22,
1987-07-23,
1987-07-24,
1987-07-25,
1987-07-26,
1987-07-27,
1987-07-28,
1987-07-29,
1987-07-30,
1987-07-31,
1987-08-01,
1987-08-02,
1987-08-03,
1987-08-04,
1987-08-05,
1987-08-06,
1987-08-07,
1987-08-08,
1987-08-09,
1987-08-10,
1987-08-11,
1987-08-12,
1987-08-13,
1987-08-14,
1987-08-15,
1987-08-16,
1987-08-17,
1987-08-18,
1987-08-19,
1987-08-20,
1987-08-21,
1987-08-22,
1987-08-23,
1987-08-24,
1987-08-25,
1987-08-26,
1987-08-27,
1987-08-28,
1987-08-29,
1987-08-30,
1987-08-31,
1987-09-01,
1987-09-02,
1987-09-03,
1987-09-04,
1987-09-05,
1987-09-06,
1987-09-07,
1987-09-08,
1987-09-09,
1987-09-10,
1987-09-11,
1987-09-12,
1987-09-13,
1987-09-14,
1987-09-15,
1987-09-16,
1987-09-17,
1987-09-18,
1987-09-19,
1987-09-20,
1987-09-21,
1987-09-22,
1987-09-23,
1987-09-24,
1987-09-25,
1987-09-26,
1987-09-27,
1987-09-28,
1987-09-29,
1987-09-30,
1987-10-01,
1987-10-02,
1987-10-03,
1987-10-04,
1987-10-05,
1987-10-06,
1987-10-07,
1987-10-08,
1987-10-09,
1987-10-10,
1987-10-11,
1987-10-12,
1987-10-13,
1987-10-14,
1987-10-15,
1987-10-16,
1987-10-17,
1987-10-18,
1987-10-19,
1987-10-20,
1987-10-21,
1987-10-22,
1987-10-23,
1987-10-24,
1987-10-25,
1987-10-26,
1987-10-27,
1987-10-28,
1987-10-29,
1987-10-30,
1987-10-31,
1987-11-01,
1987-11-02,
1987-11-03,
1987-11-04,
1987-11-05,
1987-11-06,
1987-11-07,
1987-11-08,
1987-11-09,
1987-11-10,
1987-11-11,
1987-11-12,
1987-11-13,
1987-11-14,
1987-11-15,
1987-11-16,
1987-11-17,
1987-11-18,
1987-11-19,
1987-11-20,
1987-11-21,
1987-11-22,
1987-11-23,
1987-11-24,
1987-11-25,
1987-11-26,
1987-11-27,
1987-11-28,
1987-11-29,
1987-11-30,
1987-12-01,
1987-12-02,
1987-12-03,
1987-12-04,
1987-12-05,
1987-12-06,
1987-12-07,
1987-12-08,
1987-12-09,
1987-12-10,
1987-12-11,
1987-12-12,
1987-12-13,
1987-12-14,
1987-12-15,
1987-12-16,
1987-12-17,
1987-12-18,
1987-12-19,
1987-12-20,
1987-12-21,
1987-12-22,
1987-12-23,
1987-12-24,
1987-12-25,
1987-12-26,
1987-12-27,
1987-12-28,
1987-12-29,
1987-12-30,
1987-12-31,
1988-01-01,
1988-01-02,
1988-01-03,
1988-01-04,
1988-01-05,
1988-01-06,
1988-01-07,
1988-01-08,
1988-01-09,
1988-01-10,
1988-01-11,
1988-01-12,
1988-01-13,
1988-01-14,
1988-01-15,
1988-01-16,
1988-01-17,
1988-01-18,
1988-01-19,
1988-01-20,
1988-01-21,
1988-01-22,
1988-01-23,
1988-01-24,
1988-01-25,
1988-01-26,
1988-01-27,
1988-01-28,
1988-01-29,
1988-01-30,
1988-01-31,
1988-02-01,
1988-02-02,
1988-02-03,
1988-02-04,
1988-02-05,
1988-02-06,
1988-02-07,
1988-02-08,
1988-02-09,
1988-02-10,
1988-02-11,
1988-02-12,
1988-02-13,
1988-02-14,
1988-02-15,
1988-02-16,
1988-02-17,
1988-02-18,
1988-02-19,
1988-02-20,
1988-02-21,
1988-02-22,
1988-02-23,
1988-02-24,
1988-02-25,
1988-02-26,
1988-02-27,
1988-02-28,
1988-02-29,
1988-03-01,
1988-03-02,
1988-03-03,
1988-03-04,
1988-03-05,
1988-03-06,
1988-03-07,
1988-03-08,
1988-03-09,
1988-03-10,
1988-03-11,
1988-03-12,
1988-03-13,
1988-03-14,
1988-03-15,
1988-03-16,
1988-03-17,
1988-03-18,
1988-03-19,
1988-03-20,
1988-03-21,
1988-03-22,
1988-03-23,
1988-03-24,
1988-03-25,
1988-03-26,
1988-03-27,
1988-03-28,
1988-03-29,
1988-03-30,
1988-03-31,
1988-04-01,
1988-04-02,
1988-04-03,
1988-04-04,
1988-04-05,
1988-04-06,
1988-04-07,
1988-04-08,
1988-04-09,
1988-04-10,
1988-04-11,
1988-04-12,
1988-04-13,
1988-04-14,
1988-04-15,
1988-04-16,
1988-04-17,
1988-04-18,
1988-04-19,
1988-04-20,
1988-04-21,
1988-04-22,
1988-04-23,
1988-04-24,
1988-04-25,
1988-04-26,
1988-04-27,
1988-04-28,
1988-04-29,
1988-04-30,
1988-05-01,
1988-05-02,
1988-05-03,
1988-05-04,
1988-05-05,
1988-05-06,
1988-05-07,
1988-05-08,
1988-05-09,
1988-05-10,
1988-05-11,
1988-05-12,
1988-05-13,
1988-05-14,
1988-05-15,
1988-05-16,
1988-05-17,
1988-05-18,
1988-05-19,
1988-05-20,
1988-05-21,
1988-05-22,
1988-05-23,
1988-05-24,
1988-05-25,
1988-05-26,
1988-05-27,
1988-05-28,
1988-05-29,
1988-05-30,
1988-05-31,
1988-06-01,
1988-06-02,
1988-06-03,
1988-06-04,
1988-06-05,
1988-06-06,
1988-06-07,
1988-06-08,
1988-06-09,
1988-06-10,
1988-06-11,
1988-06-12,
1988-06-13,
1988-06-14,
1988-06-15,
1988-06-16,
1988-06-17,
1988-06-18,
1988-06-19,
1988-06-20,
1988-06-21,
1988-06-22,
1988-06-23,
1988-06-24,
1988-06-25,
1988-06-26,
1988-06-27,
1988-06-28,
1988-06-29,
1988-06-30,
1988-07-01,
1988-07-02,
1988-07-03,
1988-07-04,
1988-07-05,
1988-07-06,
1988-07-07,
1988-07-08,
1988-07-09,
1988-07-10,
1988-07-11,
1988-07-12,
1988-07-13,
1988-07-14,
1988-07-15,
1988-07-16,
1988-07-17,
1988-07-18,
1988-07-19,
1988-07-20,
1988-07-21,
1988-07-22,
1988-07-23,
1988-07-24,
1988-07-25,
1988-07-26,
1988-07-27,
1988-07-28,
1988-07-29,
1988-07-30,
1988-07-31,
1988-08-01,
1988-08-02,
1988-08-03,
1988-08-04,
1988-08-05,
1988-08-06,
1988-08-07,
1988-08-08,
1988-08-09,
1988-08-10,
1988-08-11,
1988-08-12,
1988-08-13,
1988-08-14,
1988-08-15,
1988-08-16,
1988-08-17,
1988-08-18,
1988-08-19,
1988-08-20,
1988-08-21,
1988-08-22,
1988-08-23,
1988-08-24,
1988-08-25,
1988-08-26,
1988-08-27,
1988-08-28,
1988-08-29,
1988-08-30,
1988-08-31,
1988-09-01,
1988-09-02,
1988-09-03,
1988-09-04,
1988-09-05,
1988-09-06,
1988-09-07,
1988-09-08,
1988-09-09,
1988-09-10,
1988-09-11,
1988-09-12,
1988-09-13,
1988-09-14,
1988-09-15,
1988-09-16,
1988-09-17,
1988-09-18,
1988-09-19,
1988-09-20,
1988-09-21,
1988-09-22,
1988-09-23,
1988-09-24,
1988-09-25,
1988-09-26,
1988-09-27,
1988-09-28,
1988-09-29,
1988-09-30,
1988-10-01,
1988-10-02,
1988-10-03,
1988-10-04,
1988-10-05,
1988-10-06,
1988-10-07,
1988-10-08,
1988-10-09,
1988-10-10,
1988-10-11,
1988-10-12,
1988-10-13,
1988-10-14,
1988-10-15,
1988-10-16,
1988-10-17,
1988-10-18,
1988-10-19,
1988-10-20,
1988-10-21,
1988-10-22,
1988-10-23,
1988-10-24,
1988-10-25,
1988-10-26,
1988-10-27,
1988-10-28,
1988-10-29,
1988-10-30,
1988-10-31,
1988-11-01,
1988-11-02,
1988-11-03,
1988-11-04,
1988-11-05,
1988-11-06,
1988-11-07,
1988-11-08,
1988-11-09,
1988-11-10,
1988-11-11,
1988-11-12,
1988-11-13,
1988-11-14,
1988-11-15,
1988-11-16,
1988-11-17,
1988-11-18,
1988-11-19,
1988-11-20,
1988-11-21,
1988-11-22,
1988-11-23,
1988-11-24,
1988-11-25,
1988-11-26,
1988-11-27,
1988-11-28,
1988-11-29,
1988-11-30,
1988-12-01,
1988-12-02,
1988-12-03,
1988-12-04,
1988-12-05,
1988-12-06,
1988-12-07,
1988-12-08,
1988-12-09,
1988-12-10,
1988-12-11,
1988-12-12,
1988-12-13,
1988-12-14,
1988-12-15,
1988-12-16,
1988-12-17,
1988-12-18,
1988-12-19,
1988-12-20,
1988-12-21,
1988-12-22,
1988-12-23,
1988-12-24,
1988-12-25,
1988-12-26,
1988-12-27,
1988-12-28,
1988-12-29,
1988-12-30,
1988-12-31,
1989-01-01,
1989-01-02,
1989-01-03,
1989-01-04,
1989-01-05,
1989-01-06,
1989-01-07,
1989-01-08,
1989-01-09,
1989-01-10,
1989-01-11,
1989-01-12,
1989-01-13,
1989-01-14,
1989-01-15,
1989-01-16,
1989-01-17,
1989-01-18,
1989-01-19,
1989-01-20,
1989-01-21,
1989-01-22,
1989-01-23,
1989-01-24,
1989-01-25,
1989-01-26,
1989-01-27,
1989-01-28,
1989-01-29,
1989-01-30,
1989-01-31,
1989-02-01,
1989-02-02,
1989-02-03,
1989-02-04,
1989-02-05,
1989-02-06,
1989-02-07,
1989-02-08,
1989-02-09,
1989-02-10,
1989-02-11,
1989-02-12,
1989-02-13,
1989-02-14,
1989-02-15,
1989-02-16,
1989-02-17,
1989-02-18,
1989-02-19,
1989-02-20,
1989-02-21,
1989-02-22,
1989-02-23,
1989-02-24,
1989-02-25,
1989-02-26,
1989-02-27,
1989-02-28,
1989-03-01,
1989-03-02,
1989-03-03,
1989-03-04,
1989-03-05,
1989-03-06,
1989-03-07,
1989-03-08,
1989-03-09,
1989-03-10,
1989-03-11,
1989-03-12,
1989-03-13,
1989-03-14,
1989-03-15,
1989-03-16,
1989-03-17,
1989-03-18,
1989-03-19,
1989-03-20,
1989-03-21,
1989-03-22,
1989-03-23,
1989-03-24,
1989-03-25,
1989-03-26,
1989-03-27,
1989-03-28,
1989-03-29,
1989-03-30,
1989-03-31,
1989-04-01,
1989-04-02,
1989-04-03,
1989-04-04,
1989-04-05,
1989-04-06,
1989-04-07,
1989-04-08,
1989-04-09,
1989-04-10,
1989-04-11,
1989-04-12,
1989-04-13,
1989-04-14,
1989-04-15,
1989-04-16,
1989-04-17,
1989-04-18,
1989-04-19,
1989-04-20,
1989-04-21,
1989-04-22,
1989-04-23,
1989-04-24,
1989-04-25,
1989-04-26,
1989-04-27,
1989-04-28,
1989-04-29,
1989-04-30,
1989-05-01,
1989-05-02,
1989-05-03,
1989-05-04,
1989-05-05,
1989-05-06,
1989-05-07,
1989-05-08,
1989-05-09,
1989-05-10,
1989-05-11,
1989-05-12,
1989-05-13,
1989-05-14,
1989-05-15,
1989-05-16,
1989-05-17,
1989-05-18,
1989-05-19,
1989-05-20,
1989-05-21,
1989-05-22,
1989-05-23,
1989-05-24,
1989-05-25,
1989-05-26,
1989-05-27,
1989-05-28,
1989-05-29,
1989-05-30,
1989-05-31,
1989-06-01,
1989-06-02,
1989-06-03,
1989-06-04,
1989-06-05,
1989-06-06,
1989-06-07,
1989-06-08,
1989-06-09,
1989-06-10,
1989-06-11,
1989-06-12,
1989-06-13,
1989-06-14,
1989-06-15,
1989-06-16,
1989-06-17,
1989-06-18,
1989-06-19,
1989-06-20,
1989-06-21,
1989-06-22,
1989-06-23,
1989-06-24,
1989-06-25,
1989-06-26,
1989-06-27,
1989-06-28,
1989-06-29,
1989-06-30,
1989-07-01,
1989-07-02,
1989-07-03,
1989-07-04,
1989-07-05,
1989-07-06,
1989-07-07,
1989-07-08,
1989-07-09,
1989-07-10,
1989-07-11,
1989-07-12,
1989-07-13,
1989-07-14,
1989-07-15,
1989-07-16,
1989-07-17,
1989-07-18,
1989-07-19,
1989-07-20,
1989-07-21,
1989-07-22,
1989-07-23,
1989-07-24,
1989-07-25,
1989-07-26,
1989-07-27,
1989-07-28,
1989-07-29,
1989-07-30,
1989-07-31,
1989-08-01,
1989-08-02,
1989-08-03,
1989-08-04,
1989-08-05,
1989-08-06,
1989-08-07,
1989-08-08,
1989-08-09,
1989-08-10,
1989-08-11,
1989-08-12,
1989-08-13,
1989-08-14,
1989-08-15,
1989-08-16,
1989-08-17,
1989-08-18,
1989-08-19,
1989-08-20,
1989-08-21,
1989-08-22,
1989-08-23,
1989-08-24,
1989-08-25,
1989-08-26,
1989-08-27,
1989-08-28,
1989-08-29,
1989-08-30,
1989-08-31,
1989-09-01,
1989-09-02,
1989-09-03,
1989-09-04,
1989-09-05,
1989-09-06,
1989-09-07,
1989-09-08,
1989-09-09,
1989-09-10,
1989-09-11,
1989-09-12,
1989-09-13,
1989-09-14,
1989-09-15,
1989-09-16,
1989-09-17,
1989-09-18,
1989-09-19,
1989-09-20,
1989-09-21,
1989-09-22,
1989-09-23,
1989-09-24,
1989-09-25,
1989-09-26,
1989-09-27,
1989-09-28,
1989-09-29,
1989-09-30,
1989-10-01,
1989-10-02,
1989-10-03,
1989-10-04,
1989-10-05,
1989-10-06,
1989-10-07,
1989-10-08,
1989-10-09,
1989-10-10,
1989-10-11,
1989-10-12,
1989-10-13,
1989-10-14,
1989-10-15,
1989-10-16,
1989-10-17,
1989-10-18,
1989-10-19,
1989-10-20,
1989-10-21,
1989-10-22,
1989-10-23,
1989-10-24,
1989-10-25,
1989-10-26,
1989-10-27,
1989-10-28,
1989-10-29,
1989-10-30,
1989-10-31,
1989-11-01,
1989-11-02,
1989-11-03,
1989-11-04,
1989-11-05,
1989-11-06,
1989-11-07,
1989-11-08,
1989-11-09,
1989-11-10,
1989-11-11,
1989-11-12,
1989-11-13,
1989-11-14,
1989-11-15,
1989-11-16,
1989-11-17,
1989-11-18,
1989-11-19,
1989-11-20,
1989-11-21,
1989-11-22,
1989-11-23,
1989-11-24,
1989-11-25,
1989-11-26,
1989-11-27,
1989-11-28,
1989-11-29,
1989-11-30,
1989-12-01,
1989-12-02,
1989-12-03,
1989-12-04,
1989-12-05,
1989-12-06,
1989-12-07,
1989-12-08,
1989-12-09,
1989-12-10,
1989-12-11,
1989-12-12,
1989-12-13,
1989-12-14,
1989-12-15,
1989-12-16,
1989-12-17,
1989-12-18,
1989-12-19,
1989-12-20,
1989-12-21,
1989-12-22,
1989-12-23,
1989-12-24,
1989-12-25,
1989-12-26,
1989-12-27,
1989-12-28,
1989-12-29,
1989-12-30,
1989-12-31,
1990-01-01,
1990-01-02,
1990-01-03,
1990-01-04,
1990-01-05,
1990-01-06,
1990-01-07,
1990-01-08,
1990-01-09,
1990-01-10,
1990-01-11,
1990-01-12,
1990-01-13,
1990-01-14,
1990-01-15,
1990-01-16,
1990-01-17,
1990-01-18,
1990-01-19,
1990-01-20,
1990-01-21,
1990-01-22,
1990-01-23,
1990-01-24,
1990-01-25,
1990-01-26,
1990-01-27,
1990-01-28,
1990-01-29,
1990-01-30,
1990-01-31,
1990-02-01,
1990-02-02,
1990-02-03,
1990-02-04,
1990-02-05,
1990-02-06,
1990-02-07,
1990-02-08,
1990-02-09,
1990-02-10,
1990-02-11,
1990-02-12,
1990-02-13,
1990-02-14,
1990-02-15,
1990-02-16,
1990-02-17,
1990-02-18,
1990-02-19,
1990-02-20,
1990-02-21,
1990-02-22,
1990-02-23,
1990-02-24,
1990-02-25,
1990-02-26,
1990-02-27,
1990-02-28,
1990-03-01,
1990-03-02,
1990-03-03,
1990-03-04,
1990-03-05,
1990-03-06,
1990-03-07,
1990-03-08,
1990-03-09,
1990-03-10,
1990-03-11,
1990-03-12,
1990-03-13,
1990-03-14,
1990-03-15,
1990-03-16,
1990-03-17,
1990-03-18,
1990-03-19,
1990-03-20,
1990-03-21,
1990-03-22,
1990-03-23,
1990-03-24,
1990-03-25,
1990-03-26,
1990-03-27,
1990-03-28,
1990-03-29,
1990-03-30,
1990-03-31,
1990-04-01,
1990-04-02,
1990-04-03,
1990-04-04,
1990-04-05,
1990-04-06,
1990-04-07,
1990-04-08,
1990-04-09,
1990-04-10,
1990-04-11,
1990-04-12,
1990-04-13,
1990-04-14,
1990-04-15,
1990-04-16,
1990-04-17,
1990-04-18,
1990-04-19,
1990-04-20,
1990-04-21,
1990-04-22,
1990-04-23,
1990-04-24,
1990-04-25,
1990-04-26,
1990-04-27,
1990-04-28,
1990-04-29,
1990-04-30,
1990-05-01,
1990-05-02,
1990-05-03,
1990-05-04,
1990-05-05,
1990-05-06,
1990-05-07,
1990-05-08,
1990-05-09,
1990-05-10,
1990-05-11,
1990-05-12,
1990-05-13,
1990-05-14,
1990-05-15,
1990-05-16,
1990-05-17,
1990-05-18,
1990-05-19,
1990-05-20,
1990-05-21,
1990-05-22,
1990-05-23,
1990-05-24,
1990-05-25,
1990-05-26,
1990-05-27,
1990-05-28,
1990-05-29,
1990-05-30,
1990-05-31,
1990-06-01,
1990-06-02,
1990-06-03,
1990-06-04,
1990-06-05,
1990-06-06,
1990-06-07,
1990-06-08,
1990-06-09,
1990-06-10,
1990-06-11,
1990-06-12,
1990-06-13,
1990-06-14,
1990-06-15,
1990-06-16,
1990-06-17,
1990-06-18,
1990-06-19,
1990-06-20,
1990-06-21,
1990-06-22,
1990-06-23,
1990-06-24,
1990-06-25,
1990-06-26,
1990-06-27,
1990-06-28,
1990-06-29,
1990-06-30,
1990-07-01,
1990-07-02,
1990-07-03,
1990-07-04,
1990-07-05,
1990-07-06,
1990-07-07,
1990-07-08,
1990-07-09,
1990-07-10,
1990-07-11,
1990-07-12,
1990-07-13,
1990-07-14,
1990-07-15,
1990-07-16,
1990-07-17,
1990-07-18,
1990-07-19,
1990-07-20,
1990-07-21,
1990-07-22,
1990-07-23,
1990-07-24,
1990-07-25,
1990-07-26,
1990-07-27,
1990-07-28,
1990-07-29,
1990-07-30,
1990-07-31,
1990-08-01,
1990-08-02,
1990-08-03,
1990-08-04,
1990-08-05,
1990-08-06,
1990-08-07,
1990-08-08,
1990-08-09,
1990-08-10,
1990-08-11,
1990-08-12,
1990-08-13,
1990-08-14,
1990-08-15,
1990-08-16,
1990-08-17,
1990-08-18,
1990-08-19,
1990-08-20,
1990-08-21,
1990-08-22,
1990-08-23,
1990-08-24,
1990-08-25,
1990-08-26,
1990-08-27,
1990-08-28,
1990-08-29,
1990-08-30,
1990-08-31,
1990-09-01,
1990-09-02,
1990-09-03,
1990-09-04,
1990-09-05,
1990-09-06,
1990-09-07,
1990-09-08,
1990-09-09,
1990-09-10,
1990-09-11,
1990-09-12,
1990-09-13,
1990-09-14,
1990-09-15,
1990-09-16,
1990-09-17,
1990-09-18,
1990-09-19,
1990-09-20,
1990-09-21,
1990-09-22,
1990-09-23,
1990-09-24,
1990-09-25,
1990-09-26,
1990-09-27,
1990-09-28,
1990-09-29,
1990-09-30,
1990-10-01,
1990-10-02,
1990-10-03,
1990-10-04,
1990-10-05,
1990-10-06,
1990-10-07,
1990-10-08,
1990-10-09,
1990-10-10,
1990-10-11,
1990-10-12,
1990-10-13,
1990-10-14,
1990-10-15,
1990-10-16,
1990-10-17,
1990-10-18,
1990-10-19,
1990-10-20,
1990-10-21,
1990-10-22,
1990-10-23,
1990-10-24,
1990-10-25,
1990-10-26,
1990-10-27,
1990-10-28,
1990-10-29,
1990-10-30,
1990-10-31,
1990-11-01,
1990-11-02,
1990-11-03,
1990-11-04,
1990-11-05,
1990-11-06,
1990-11-07,
1990-11-08,
1990-11-09,
1990-11-10,
1990-11-11,
1990-11-12,
1990-11-13,
1990-11-14,
1990-11-15,
1990-11-16,
1990-11-17,
1990-11-18,
1990-11-19,
1990-11-20,
1990-11-21,
1990-11-22,
1990-11-23,
1990-11-24,
1990-11-25,
1990-11-26,
1990-11-27,
1990-11-28,
1990-11-29,
1990-11-30,
1990-12-01,
1990-12-02,
1990-12-03,
1990-12-04,
1990-12-05,
1990-12-06,
1990-12-07,
1990-12-08,
1990-12-09,
1990-12-10,
1990-12-11,
1990-12-12,
1990-12-13,
1990-12-14,
1990-12-15,
1990-12-16,
1990-12-17,
1990-12-18,
1990-12-19,
1990-12-20,
1990-12-21,
1990-12-22,
1990-12-23,
1990-12-24,
1990-12-25,
1990-12-26,
1990-12-27,
1990-12-28,
1990-12-29,
1990-12-30,
1990-12-31,
1991-01-01,
1991-01-02,
1991-01-03,
1991-01-04,
1991-01-05,
1991-01-06,
1991-01-07,
1991-01-08,
1991-01-09,
1991-01-10,
1991-01-11,
1991-01-12,
1991-01-13,
1991-01-14,
1991-01-15,
1991-01-16,
1991-01-17,
1991-01-18,
1991-01-19,
1991-01-20,
1991-01-21,
1991-01-22,
1991-01-23,
1991-01-24,
1991-01-25,
1991-01-26,
1991-01-27,
1991-01-28,
1991-01-29,
1991-01-30,
1991-01-31,
1991-02-01,
1991-02-02,
1991-02-03,
1991-02-04,
1991-02-05,
1991-02-06,
1991-02-07,
1991-02-08,
1991-02-09,
1991-02-10,
1991-02-11,
1991-02-12,
1991-02-13,
1991-02-14,
1991-02-15,
1991-02-16,
1991-02-17,
1991-02-18,
1991-02-19,
1991-02-20,
1991-02-21,
1991-02-22,
1991-02-23,
1991-02-24,
1991-02-25,
1991-02-26,
1991-02-27,
1991-02-28,
1991-03-01,
1991-03-02,
1991-03-03,
1991-03-04,
1991-03-05,
1991-03-06,
1991-03-07,
1991-03-08,
1991-03-09,
1991-03-10,
1991-03-11,
1991-03-12,
1991-03-13,
1991-03-14,
1991-03-15,
1991-03-16,
1991-03-17,
1991-03-18,
1991-03-19,
1991-03-20,
1991-03-21,
1991-03-22,
1991-03-23,
1991-03-24,
1991-03-25,
1991-03-26,
1991-03-27,
1991-03-28,
1991-03-29,
1991-03-30,
1991-03-31,
1991-04-01,
1991-04-02,
1991-04-03,
1991-04-04,
1991-04-05,
1991-04-06,
1991-04-07,
1991-04-08,
1991-04-09,
1991-04-10,
1991-04-11,
1991-04-12,
1991-04-13,
1991-04-14,
1991-04-15,
1991-04-16,
1991-04-17,
1991-04-18,
1991-04-19,
1991-04-20,
1991-04-21,
1991-04-22,
1991-04-23,
1991-04-24,
1991-04-25,
1991-04-26,
1991-04-27,
1991-04-28,
1991-04-29,
1991-04-30,
1991-05-01,
1991-05-02,
1991-05-03,
1991-05-04,
1991-05-05,
1991-05-06,
1991-05-07,
1991-05-08,
1991-05-09,
1991-05-10,
1991-05-11,
1991-05-12,
1991-05-13,
1991-05-14,
1991-05-15,
1991-05-16,
1991-05-17,
1991-05-18,
1991-05-19,
1991-05-20,
1991-05-21,
1991-05-22,
1991-05-23,
1991-05-24,
1991-05-25,
1991-05-26,
1991-05-27,
1991-05-28,
1991-05-29,
1991-05-30,
1991-05-31,
1991-06-01,
1991-06-02,
1991-06-03,
1991-06-04,
1991-06-05,
1991-06-06,
1991-06-07,
1991-06-08,
1991-06-09,
1991-06-10,
1991-06-11,
1991-06-12,
1991-06-13,
1991-06-14,
1991-06-15,
1991-06-16,
1991-06-17,
1991-06-18,
1991-06-19,
1991-06-20,
1991-06-21,
1991-06-22,
1991-06-23,
1991-06-24,
1991-06-25,
1991-06-26,
1991-06-27,
1991-06-28,
1991-06-29,
1991-06-30,
1991-07-01,
1991-07-02,
1991-07-03,
1991-07-04,
1991-07-05,
1991-07-06,
1991-07-07,
1991-07-08,
1991-07-09,
1991-07-10,
1991-07-11,
1991-07-12,
1991-07-13,
1991-07-14,
1991-07-15,
1991-07-16,
1991-07-17,
1991-07-18,
1991-07-19,
1991-07-20,
1991-07-21,
1991-07-22,
1991-07-23,
1991-07-24,
1991-07-25,
1991-07-26,
1991-07-27,
1991-07-28,
1991-07-29,
1991-07-30,
1991-07-31,
1991-08-01,
1991-08-02,
1991-08-03,
1991-08-04,
1991-08-05,
1991-08-06,
1991-08-07,
1991-08-08,
1991-08-09,
1991-08-10,
1991-08-11,
1991-08-12,
1991-08-13,
1991-08-14,
1991-08-15,
1991-08-16,
1991-08-17,
1991-08-18,
1991-08-19,
1991-08-20,
1991-08-21,
1991-08-22,
1991-08-23,
1991-08-24,
1991-08-25,
1991-08-26,
1991-08-27,
1991-08-28,
1991-08-29,
1991-08-30,
1991-08-31,
1991-09-01,
1991-09-02,
1991-09-03,
1991-09-04,
1991-09-05,
1991-09-06,
1991-09-07,
1991-09-08,
1991-09-09,
1991-09-10,
1991-09-11,
1991-09-12,
1991-09-13,
1991-09-14,
1991-09-15,
1991-09-16,
1991-09-17,
1991-09-18,
1991-09-19,
1991-09-20,
1991-09-21,
1991-09-22,
1991-09-23,
1991-09-24,
1991-09-25,
1991-09-26,
1991-09-27,
1991-09-28,
1991-09-29,
1991-09-30,
1991-10-01,
1991-10-02,
1991-10-03,
1991-10-04,
1991-10-05,
1991-10-06,
1991-10-07,
1991-10-08,
1991-10-09,
1991-10-10,
1991-10-11,
1991-10-12,
1991-10-13,
1991-10-14,
1991-10-15,
1991-10-16,
1991-10-17,
1991-10-18,
1991-10-19,
1991-10-20,
1991-10-21,
1991-10-22,
1991-10-23,
1991-10-24,
1991-10-25,
1991-10-26,
1991-10-27,
1991-10-28,
1991-10-29,
1991-10-30,
1991-10-31,
1991-11-01,
1991-11-02,
1991-11-03,
1991-11-04,
1991-11-05,
1991-11-06,
1991-11-07,
1991-11-08,
1991-11-09,
1991-11-10,
1991-11-11,
1991-11-12,
1991-11-13,
1991-11-14,
1991-11-15,
1991-11-16,
1991-11-17,
1991-11-18,
1991-11-19,
1991-11-20,
1991-11-21,
1991-11-22,
1991-11-23,
1991-11-24,
1991-11-25,
1991-11-26,
1991-11-27,
1991-11-28,
1991-11-29,
1991-11-30,
1991-12-01,
1991-12-02,
1991-12-03,
1991-12-04,
1991-12-05,
1991-12-06,
1991-12-07,
1991-12-08,
1991-12-09,
1991-12-10,
1991-12-11,
1991-12-12,
1991-12-13,
1991-12-14,
1991-12-15,
1991-12-16,
1991-12-17,
1991-12-18,
1991-12-19,
1991-12-20,
1991-12-21,
1991-12-22,
1991-12-23,
1991-12-24,
1991-12-25,
1991-12-26,
1991-12-27,
1991-12-28,
1991-12-29,
1991-12-30,
1991-12-31,
1992-01-01,
1992-01-02,
1992-01-03,
1992-01-04,
1992-01-05,
1992-01-06,
1992-01-07,
1992-01-08,
1992-01-09,
1992-01-10,
1992-01-11,
1992-01-12,
1992-01-13,
1992-01-14,
1992-01-15,
1992-01-16,
1992-01-17,
1992-01-18,
1992-01-19,
1992-01-20,
1992-01-21,
1992-01-22,
1992-01-23,
1992-01-24,
1992-01-25,
1992-01-26,
1992-01-27,
1992-01-28,
1992-01-29,
1992-01-30,
1992-01-31,
1992-02-01,
1992-02-02,
1992-02-03,
1992-02-04,
1992-02-05,
1992-02-06,
1992-02-07,
1992-02-08,
1992-02-09,
1992-02-10,
1992-02-11,
1992-02-12,
1992-02-13,
1992-02-14,
1992-02-15,
1992-02-16,
1992-02-17,
1992-02-18,
1992-02-19,
1992-02-20,
1992-02-21,
1992-02-22,
1992-02-23,
1992-02-24,
1992-02-25,
1992-02-26,
1992-02-27,
1992-02-28,
1992-02-29,
1992-03-01,
1992-03-02,
1992-03-03,
1992-03-04,
1992-03-05,
1992-03-06,
1992-03-07,
1992-03-08,
1992-03-09,
1992-03-10,
1992-03-11,
1992-03-12,
1992-03-13,
1992-03-14,
1992-03-15,
1992-03-16,
1992-03-17,
1992-03-18,
1992-03-19,
1992-03-20,
1992-03-21,
1992-03-22,
1992-03-23,
1992-03-24,
1992-03-25,
1992-03-26,
1992-03-27,
1992-03-28,
1992-03-29,
1992-03-30,
1992-03-31,
1992-04-01,
1992-04-02,
1992-04-03,
1992-04-04,
1992-04-05,
1992-04-06,
1992-04-07,
1992-04-08,
1992-04-09,
1992-04-10,
1992-04-11,
1992-04-12,
1992-04-13,
1992-04-14,
1992-04-15,
1992-04-16,
1992-04-17,
1992-04-18,
1992-04-19,
1992-04-20,
1992-04-21,
1992-04-22,
1992-04-23,
1992-04-24,
1992-04-25,
1992-04-26,
1992-04-27,
1992-04-28,
1992-04-29,
1992-04-30,
1992-05-01,
1992-05-02,
1992-05-03,
1992-05-04,
1992-05-05,
1992-05-06,
1992-05-07,
1992-05-08,
1992-05-09,
1992-05-10,
1992-05-11,
1992-05-12,
1992-05-13,
1992-05-14,
1992-05-15,
1992-05-16,
1992-05-17,
1992-05-18,
1992-05-19,
1992-05-20,
1992-05-21,
1992-05-22,
1992-05-23,
1992-05-24,
1992-05-25,
1992-05-26,
1992-05-27,
1992-05-28,
1992-05-29,
1992-05-30,
1992-05-31,
1992-06-01,
1992-06-02,
1992-06-03,
1992-06-04,
1992-06-05,
1992-06-06,
1992-06-07,
1992-06-08,
1992-06-09,
1992-06-10,
1992-06-11,
1992-06-12,
1992-06-13,
1992-06-14,
1992-06-15,
1992-06-16,
1992-06-17,
1992-06-18,
1992-06-19,
1992-06-20,
1992-06-21,
1992-06-22,
1992-06-23,
1992-06-24,
1992-06-25,
1992-06-26,
1992-06-27,
1992-06-28,
1992-06-29,
1992-06-30,
1992-07-01,
1992-07-02,
1992-07-03,
1992-07-04,
1992-07-05,
1992-07-06,
1992-07-07,
1992-07-08,
1992-07-09,
1992-07-10,
1992-07-11,
1992-07-12,
1992-07-13,
1992-07-14,
1992-07-15,
1992-07-16,
1992-07-17,
1992-07-18,
1992-07-19,
1992-07-20,
1992-07-21,
1992-07-22,
1992-07-23,
1992-07-24,
1992-07-25,
1992-07-26,
1992-07-27,
1992-07-28,
1992-07-29,
1992-07-30,
1992-07-31,
1992-08-01,
1992-08-02,
1992-08-03,
1992-08-04,
1992-08-05,
1992-08-06,
1992-08-07,
1992-08-08,
1992-08-09,
1992-08-10,
1992-08-11,
1992-08-12,
1992-08-13,
1992-08-14,
1992-08-15,
1992-08-16,
1992-08-17,
1992-08-18,
1992-08-19,
1992-08-20,
1992-08-21,
1992-08-22,
1992-08-23,
1992-08-24,
1992-08-25,
1992-08-26,
1992-08-27,
1992-08-28,
1992-08-29,
1992-08-30,
1992-08-31,
1992-09-01,
1992-09-02,
1992-09-03,
1992-09-04,
1992-09-05,
1992-09-06,
1992-09-07,
1992-09-08,
1992-09-09,
1992-09-10,
1992-09-11,
1992-09-12,
1992-09-13,
1992-09-14,
1992-09-15,
1992-09-16,
1992-09-17,
1992-09-18,
1992-09-19,
1992-09-20,
1992-09-21,
1992-09-22,
1992-09-23,
1992-09-24,
1992-09-25,
1992-09-26,
1992-09-27,
1992-09-28,
1992-09-29,
1992-09-30,
1992-10-01,
1992-10-02,
1992-10-03,
1992-10-04,
1992-10-05,
1992-10-06,
1992-10-07,
1992-10-08,
1992-10-09,
1992-10-10,
1992-10-11,
1992-10-12,
1992-10-13,
1992-10-14,
1992-10-15,
1992-10-16,
1992-10-17,
1992-10-18,
1992-10-19,
1992-10-20,
1992-10-21,
1992-10-22,
1992-10-23,
1992-10-24,
1992-10-25,
1992-10-26,
1992-10-27,
1992-10-28,
1992-10-29,
1992-10-30,
1992-10-31,
1992-11-01,
1992-11-02,
1992-11-03,
1992-11-04,
1992-11-05,
1992-11-06,
1992-11-07,
1992-11-08,
1992-11-09,
1992-11-10,
1992-11-11,
1992-11-12,
1992-11-13,
1992-11-14,
1992-11-15,
1992-11-16,
1992-11-17,
1992-11-18,
1992-11-19,
1992-11-20,
1992-11-21,
1992-11-22,
1992-11-23,
1992-11-24,
1992-11-25,
1992-11-26,
1992-11-27,
1992-11-28,
1992-11-29,
1992-11-30,
1992-12-01,
1992-12-02,
1992-12-03,
1992-12-04,
1992-12-05,
1992-12-06,
1992-12-07,
1992-12-08,
1992-12-09,
1992-12-10,
1992-12-11,
1992-12-12,
1992-12-13,
1992-12-14,
1992-12-15,
1992-12-16,
1992-12-17,
1992-12-18,
1992-12-19,
1992-12-20,
1992-12-21,
1992-12-22,
1992-12-23,
1992-12-24,
1992-12-25,
1992-12-26,
1992-12-27,
1992-12-28,
1992-12-29,
1992-12-30,
1992-12-31,
1993-01-01,
1993-01-02,
1993-01-03,
1993-01-04,
1993-01-05,
1993-01-06,
1993-01-07,
1993-01-08,
1993-01-09,
1993-01-10,
1993-01-11,
1993-01-12,
1993-01-13,
1993-01-14,
1993-01-15,
1993-01-16,
1993-01-17,
1993-01-18,
1993-01-19,
1993-01-20,
1993-01-21,
1993-01-22,
1993-01-23,
1993-01-24,
1993-01-25,
1993-01-26,
1993-01-27,
1993-01-28,
1993-01-29,
1993-01-30,
1993-01-31,
1993-02-01,
1993-02-02,
1993-02-03,
1993-02-04,
1993-02-05,
1993-02-06,
1993-02-07,
1993-02-08,
1993-02-09,
1993-02-10,
1993-02-11,
1993-02-12,
1993-02-13,
1993-02-14,
1993-02-15,
1993-02-16,
1993-02-17,
1993-02-18,
1993-02-19,
1993-02-20,
1993-02-21,
1993-02-22,
1993-02-23,
1993-02-24,
1993-02-25,
1993-02-26,
1993-02-27,
1993-02-28,
1993-03-01,
1993-03-02,
1993-03-03,
1993-03-04,
1993-03-05,
1993-03-06,
1993-03-07,
1993-03-08,
1993-03-09,
1993-03-10,
1993-03-11,
1993-03-12,
1993-03-13,
1993-03-14,
1993-03-15,
1993-03-16,
1993-03-17,
1993-03-18,
1993-03-19,
1993-03-20,
1993-03-21,
1993-03-22,
1993-03-23,
1993-03-24,
1993-03-25,
1993-03-26,
1993-03-27,
1993-03-28,
1993-03-29,
1993-03-30,
1993-03-31,
1993-04-01,
1993-04-02,
1993-04-03,
1993-04-04,
1993-04-05,
1993-04-06,
1993-04-07,
1993-04-08,
1993-04-09,
1993-04-10,
1993-04-11,
1993-04-12,
1993-04-13,
1993-04-14,
1993-04-15,
1993-04-16,
1993-04-17,
1993-04-18,
1993-04-19,
1993-04-20,
1993-04-21,
1993-04-22,
1993-04-23,
1993-04-24,
1993-04-25,
1993-04-26,
1993-04-27,
1993-04-28,
1993-04-29,
1993-04-30,
1993-05-01,
1993-05-02,
1993-05-03,
1993-05-04,
1993-05-05,
1993-05-06,
1993-05-07,
1993-05-08,
1993-05-09,
1993-05-10,
1993-05-11,
1993-05-12,
1993-05-13,
1993-05-14,
1993-05-15,
1993-05-16,
1993-05-17,
1993-05-18,
1993-05-19,
1993-05-20,
1993-05-21,
1993-05-22,
1993-05-23,
1993-05-24,
1993-05-25,
1993-05-26,
1993-05-27,
1993-05-28,
1993-05-29,
1993-05-30,
1993-05-31,
1993-06-01,
1993-06-02,
1993-06-03,
1993-06-04,
1993-06-05,
1993-06-06,
1993-06-07,
1993-06-08,
1993-06-09,
1993-06-10,
1993-06-11,
1993-06-12,
1993-06-13,
1993-06-14,
1993-06-15,
1993-06-16,
1993-06-17,
1993-06-18,
1993-06-19,
1993-06-20,
1993-06-21,
1993-06-22,
1993-06-23,
1993-06-24,
1993-06-25,
1993-06-26,
1993-06-27,
1993-06-28,
1993-06-29,
1993-06-30,
1993-07-01,
1993-07-02,
1993-07-03,
1993-07-04,
1993-07-05,
1993-07-06,
1993-07-07,
1993-07-08,
1993-07-09,
1993-07-10,
1993-07-11,
1993-07-12,
1993-07-13,
1993-07-14,
1993-07-15,
1993-07-16,
1993-07-17,
1993-07-18,
1993-07-19,
1993-07-20,
1993-07-21,
1993-07-22,
1993-07-23,
1993-07-24,
1993-07-25,
1993-07-26,
1993-07-27,
1993-07-28,
1993-07-29,
1993-07-30,
1993-07-31,
1993-08-01,
1993-08-02,
1993-08-03,
1993-08-04,
1993-08-05,
1993-08-06,
1993-08-07,
1993-08-08,
1993-08-09,
1993-08-10,
1993-08-11,
1993-08-12,
1993-08-13,
1993-08-14,
1993-08-15,
1993-08-16,
1993-08-17,
1993-08-18,
1993-08-19,
1993-08-20,
1993-08-21,
1993-08-22,
1993-08-23,
1993-08-24,
1993-08-25,
1993-08-26,
1993-08-27,
1993-08-28,
1993-08-29,
1993-08-30,
1993-08-31,
1993-09-01,
1993-09-02,
1993-09-03,
1993-09-04,
1993-09-05,
1993-09-06,
1993-09-07,
1993-09-08,
1993-09-09,
1993-09-10,
1993-09-11,
1993-09-12,
1993-09-13,
1993-09-14,
1993-09-15,
1993-09-16,
1993-09-17,
1993-09-18,
1993-09-19,
1993-09-20,
1993-09-21,
1993-09-22,
1993-09-23,
1993-09-24,
1993-09-25,
1993-09-26,
1993-09-27,
1993-09-28,
1993-09-29,
1993-09-30,
1993-10-01,
1993-10-02,
1993-10-03,
1993-10-04,
1993-10-05,
1993-10-06,
1993-10-07,
1993-10-08,
1993-10-09,
1993-10-10,
1993-10-11,
1993-10-12,
1993-10-13,
1993-10-14,
1993-10-15,
1993-10-16,
1993-10-17,
1993-10-18,
1993-10-19,
1993-10-20,
1993-10-21,
1993-10-22,
1993-10-23,
1993-10-24,
1993-10-25,
1993-10-26,
1993-10-27,
1993-10-28,
1993-10-29,
1993-10-30,
1993-10-31,
1993-11-01,
1993-11-02,
1993-11-03,
1993-11-04,
1993-11-05,
1993-11-06,
1993-11-07,
1993-11-08,
1993-11-09,
1993-11-10,
1993-11-11,
1993-11-12,
1993-11-13,
1993-11-14,
1993-11-15,
1993-11-16,
1993-11-17,
1993-11-18,
1993-11-19,
1993-11-20,
1993-11-21,
1993-11-22,
1993-11-23,
1993-11-24,
1993-11-25,
1993-11-26,
1993-11-27,
1993-11-28,
1993-11-29,
1993-11-30,
1993-12-01,
1993-12-02,
1993-12-03,
1993-12-04,
1993-12-05,
1993-12-06,
1993-12-07,
1993-12-08,
1993-12-09,
1993-12-10,
1993-12-11,
1993-12-12,
1993-12-13,
1993-12-14,
1993-12-15,
1993-12-16,
1993-12-17,
1993-12-18,
1993-12-19,
1993-12-20,
1993-12-21,
1993-12-22,
1993-12-23,
1993-12-24,
1993-12-25,
1993-12-26,
1993-12-27,
1993-12-28,
1993-12-29,
1993-12-30,
1993-12-31,
1994-01-01,
1994-01-02,
1994-01-03,
1994-01-04,
1994-01-05,
1994-01-06,
1994-01-07,
1994-01-08,
1994-01-09,
1994-01-10,
1994-01-11,
1994-01-12,
1994-01-13,
1994-01-14,
1994-01-15,
1994-01-16,
1994-01-17,
1994-01-18,
1994-01-19,
1994-01-20,
1994-01-21,
1994-01-22,
1994-01-23,
1994-01-24,
1994-01-25,
1994-01-26,
1994-01-27,
1994-01-28,
1994-01-29,
1994-01-30,
1994-01-31,
1994-02-01,
1994-02-02,
1994-02-03,
1994-02-04,
1994-02-05,
1994-02-06,
1994-02-07,
1994-02-08,
1994-02-09,
1994-02-10,
1994-02-11,
1994-02-12,
1994-02-13,
1994-02-14,
1994-02-15,
1994-02-16,
1994-02-17,
1994-02-18,
1994-02-19,
1994-02-20,
1994-02-21,
1994-02-22,
1994-02-23,
1994-02-24,
1994-02-25,
1994-02-26,
1994-02-27,
1994-02-28,
1994-03-01,
1994-03-02,
1994-03-03,
1994-03-04,
1994-03-05,
1994-03-06,
1994-03-07,
1994-03-08,
1994-03-09,
1994-03-10,
1994-03-11,
1994-03-12,
1994-03-13,
1994-03-14,
1994-03-15,
1994-03-16,
1994-03-17,
1994-03-18,
1994-03-19,
1994-03-20,
1994-03-21,
1994-03-22,
1994-03-23,
1994-03-24,
1994-03-25,
1994-03-26,
1994-03-27,
1994-03-28,
1994-03-29,
1994-03-30,
1994-03-31,
1994-04-01,
1994-04-02,
1994-04-03,
1994-04-04,
1994-04-05,
1994-04-06,
1994-04-07,
1994-04-08,
1994-04-09,
1994-04-10,
1994-04-11,
1994-04-12,
1994-04-13,
1994-04-14,
1994-04-15,
1994-04-16,
1994-04-17,
1994-04-18,
1994-04-19,
1994-04-20,
1994-04-21,
1994-04-22,
1994-04-23,
1994-04-24,
1994-04-25,
1994-04-26,
1994-04-27,
1994-04-28,
1994-04-29,
1994-04-30,
1994-05-01,
1994-05-02,
1994-05-03,
1994-05-04,
1994-05-05,
1994-05-06,
1994-05-07,
1994-05-08,
1994-05-09,
1994-05-10,
1994-05-11,
1994-05-12,
1994-05-13,
1994-05-14,
1994-05-15,
1994-05-16,
1994-05-17,
1994-05-18,
1994-05-19,
1994-05-20,
1994-05-21,
1994-05-22,
1994-05-23,
1994-05-24,
1994-05-25,
1994-05-26,
1994-05-27,
1994-05-28,
1994-05-29,
1994-05-30,
1994-05-31,
1994-06-01,
1994-06-02,
1994-06-03,
1994-06-04,
1994-06-05,
1994-06-06,
1994-06-07,
1994-06-08,
1994-06-09,
1994-06-10,
1994-06-11,
1994-06-12,
1994-06-13,
1994-06-14,
1994-06-15,
1994-06-16,
1994-06-17,
1994-06-18,
1994-06-19,
1994-06-20,
1994-06-21,
1994-06-22,
1994-06-23,
1994-06-24,
1994-06-25,
1994-06-26,
1994-06-27,
1994-06-28,
1994-06-29,
1994-06-30,
1994-07-01,
1994-07-02,
1994-07-03,
1994-07-04,
1994-07-05,
1994-07-06,
1994-07-07,
1994-07-08,
1994-07-09,
1994-07-10,
1994-07-11,
1994-07-12,
1994-07-13,
1994-07-14,
1994-07-15,
1994-07-16,
1994-07-17,
1994-07-18,
1994-07-19,
1994-07-20,
1994-07-21,
1994-07-22,
1994-07-23,
1994-07-24,
1994-07-25,
1994-07-26,
1994-07-27,
1994-07-28,
1994-07-29,
1994-07-30,
1994-07-31,
1994-08-01,
1994-08-02,
1994-08-03,
1994-08-04,
1994-08-05,
1994-08-06,
1994-08-07,
1994-08-08,
1994-08-09,
1994-08-10,
1994-08-11,
1994-08-12,
1994-08-13,
1994-08-14,
1994-08-15,
1994-08-16,
1994-08-17,
1994-08-18,
1994-08-19,
1994-08-20,
1994-08-21,
1994-08-22,
1994-08-23,
1994-08-24,
1994-08-25,
1994-08-26,
1994-08-27,
1994-08-28,
1994-08-29,
1994-08-30,
1994-08-31,
1994-09-01,
1994-09-02,
1994-09-03,
1994-09-04,
1994-09-05,
1994-09-06,
1994-09-07,
1994-09-08,
1994-09-09,
1994-09-10,
1994-09-11,
1994-09-12,
1994-09-13,
1994-09-14,
1994-09-15,
1994-09-16,
1994-09-17,
1994-09-18,
1994-09-19,
1994-09-20,
1994-09-21,
1994-09-22,
1994-09-23,
1994-09-24,
1994-09-25,
1994-09-26,
1994-09-27,
1994-09-28,
1994-09-29,
1994-09-30,
1994-10-01,
1994-10-02,
1994-10-03,
1994-10-04,
1994-10-05,
1994-10-06,
1994-10-07,
1994-10-08,
1994-10-09,
1994-10-10,
1994-10-11,
1994-10-12,
1994-10-13,
1994-10-14,
1994-10-15,
1994-10-16,
1994-10-17,
1994-10-18,
1994-10-19,
1994-10-20,
1994-10-21,
1994-10-22,
1994-10-23,
1994-10-24,
1994-10-25,
1994-10-26,
1994-10-27,
1994-10-28,
1994-10-29,
1994-10-30,
1994-10-31,
1994-11-01,
1994-11-02,
1994-11-03,
1994-11-04,
1994-11-05,
1994-11-06,
1994-11-07,
1994-11-08,
1994-11-09,
1994-11-10,
1994-11-11,
1994-11-12,
1994-11-13,
1994-11-14,
1994-11-15,
1994-11-16,
1994-11-17,
1994-11-18,
1994-11-19,
1994-11-20,
1994-11-21,
1994-11-22,
1994-11-23,
1994-11-24,
1994-11-25,
1994-11-26,
1994-11-27,
1994-11-28,
1994-11-29,
1994-11-30,
1994-12-01,
1994-12-02,
1994-12-03,
1994-12-04,
1994-12-05,
1994-12-06,
1994-12-07,
1994-12-08,
1994-12-09,
1994-12-10,
1994-12-11,
1994-12-12,
1994-12-13,
1994-12-14,
1994-12-15,
1994-12-16,
1994-12-17,
1994-12-18,
1994-12-19,
1994-12-20,
1994-12-21,
1994-12-22,
1994-12-23,
1994-12-24,
1994-12-25,
1994-12-26,
1994-12-27,
1994-12-28,
1994-12-29,
1994-12-30,
1994-12-31,
1995-01-01,
1995-01-02,
1995-01-03,
1995-01-04,
1995-01-05,
1995-01-06,
1995-01-07,
1995-01-08,
1995-01-09,
1995-01-10,
1995-01-11,
1995-01-12,
1995-01-13,
1995-01-14,
1995-01-15,
1995-01-16,
1995-01-17,
1995-01-18,
1995-01-19,
1995-01-20,
1995-01-21,
1995-01-22,
1995-01-23,
1995-01-24,
1995-01-25,
1995-01-26,
1995-01-27,
1995-01-28,
1995-01-29,
1995-01-30,
1995-01-31,
1995-02-01,
1995-02-02,
1995-02-03,
1995-02-04,
1995-02-05,
1995-02-06,
1995-02-07,
1995-02-08,
1995-02-09,
1995-02-10,
1995-02-11,
1995-02-12,
1995-02-13,
1995-02-14,
1995-02-15,
1995-02-16,
1995-02-17,
1995-02-18,
1995-02-19,
1995-02-20,
1995-02-21,
1995-02-22,
1995-02-23,
1995-02-24,
1995-02-25,
1995-02-26,
1995-02-27,
1995-02-28,
1995-03-01,
1995-03-02,
1995-03-03,
1995-03-04,
1995-03-05,
1995-03-06,
1995-03-07,
1995-03-08,
1995-03-09,
1995-03-10,
1995-03-11,
1995-03-12,
1995-03-13,
1995-03-14,
1995-03-15,
1995-03-16,
1995-03-17,
1995-03-18,
1995-03-19,
1995-03-20,
1995-03-21,
1995-03-22,
1995-03-23,
1995-03-24,
1995-03-25,
1995-03-26,
1995-03-27,
1995-03-28,
1995-03-29,
1995-03-30,
1995-03-31,
1995-04-01,
1995-04-02,
1995-04-03,
1995-04-04,
1995-04-05,
1995-04-06,
1995-04-07,
1995-04-08,
1995-04-09,
1995-04-10,
1995-04-11,
1995-04-12,
1995-04-13,
1995-04-14,
1995-04-15,
1995-04-16,
1995-04-17,
1995-04-18,
1995-04-19,
1995-04-20,
1995-04-21,
1995-04-22,
1995-04-23,
1995-04-24,
1995-04-25,
1995-04-26,
1995-04-27,
1995-04-28,
1995-04-29,
1995-04-30,
1995-05-01,
1995-05-02,
1995-05-03,
1995-05-04,
1995-05-05,
1995-05-06,
1995-05-07,
1995-05-08,
1995-05-09,
1995-05-10,
1995-05-11,
1995-05-12,
1995-05-13,
1995-05-14,
1995-05-15,
1995-05-16,
1995-05-17,
1995-05-18,
1995-05-19,
1995-05-20,
1995-05-21,
1995-05-22,
1995-05-23,
1995-05-24,
1995-05-25,
1995-05-26,
1995-05-27,
1995-05-28,
1995-05-29,
1995-05-30,
1995-05-31,
1995-06-01,
1995-06-02,
1995-06-03,
1995-06-04,
1995-06-05,
1995-06-06,
1995-06-07,
1995-06-08,
1995-06-09,
1995-06-10,
1995-06-11,
1995-06-12,
1995-06-13,
1995-06-14,
1995-06-15,
1995-06-16,
1995-06-17,
1995-06-18,
1995-06-19,
1995-06-20,
1995-06-21,
1995-06-22,
1995-06-23,
1995-06-24,
1995-06-25,
1995-06-26,
1995-06-27,
1995-06-28,
1995-06-29,
1995-06-30,
1995-07-01,
1995-07-02,
1995-07-03,
1995-07-04,
1995-07-05,
1995-07-06,
1995-07-07,
1995-07-08,
1995-07-09,
1995-07-10,
1995-07-11,
1995-07-12,
1995-07-13,
1995-07-14,
1995-07-15,
1995-07-16,
1995-07-17,
1995-07-18,
1995-07-19,
1995-07-20,
1995-07-21,
1995-07-22,
1995-07-23,
1995-07-24,
1995-07-25,
1995-07-26,
1995-07-27,
1995-07-28,
1995-07-29,
1995-07-30,
1995-07-31,
1995-08-01,
1995-08-02,
1995-08-03,
1995-08-04,
1995-08-05,
1995-08-06,
1995-08-07,
1995-08-08,
1995-08-09,
1995-08-10,
1995-08-11,
1995-08-12,
1995-08-13,
1995-08-14,
1995-08-15,
1995-08-16,
1995-08-17,
1995-08-18,
1995-08-19,
1995-08-20,
1995-08-21,
1995-08-22,
1995-08-23,
1995-08-24,
1995-08-25,
1995-08-26,
1995-08-27,
1995-08-28,
1995-08-29,
1995-08-30,
1995-08-31,
1995-09-01,
1995-09-02,
1995-09-03,
1995-09-04,
1995-09-05,
1995-09-06,
1995-09-07,
1995-09-08,
1995-09-09,
1995-09-10,
1995-09-11,
1995-09-12,
1995-09-13,
1995-09-14,
1995-09-15,
1995-09-16,
1995-09-17,
1995-09-18,
1995-09-19,
1995-09-20,
1995-09-21,
1995-09-22,
1995-09-23,
1995-09-24,
1995-09-25,
1995-09-26,
1995-09-27,
1995-09-28,
1995-09-29,
1995-09-30,
1995-10-01,
1995-10-02,
1995-10-03,
1995-10-04,
1995-10-05,
1995-10-06,
1995-10-07,
1995-10-08,
1995-10-09,
1995-10-10,
1995-10-11,
1995-10-12,
1995-10-13,
1995-10-14,
1995-10-15,
1995-10-16,
1995-10-17,
1995-10-18,
1995-10-19,
1995-10-20,
1995-10-21,
1995-10-22,
1995-10-23,
1995-10-24,
1995-10-25,
1995-10-26,
1995-10-27,
1995-10-28,
1995-10-29,
1995-10-30,
1995-10-31,
1995-11-01,
1995-11-02,
1995-11-03,
1995-11-04,
1995-11-05,
1995-11-06,
1995-11-07,
1995-11-08,
1995-11-09,
1995-11-10,
1995-11-11,
1995-11-12,
1995-11-13,
1995-11-14,
1995-11-15,
1995-11-16,
1995-11-17,
1995-11-18,
1995-11-19,
1995-11-20,
1995-11-21,
1995-11-22,
1995-11-23,
1995-11-24,
1995-11-25,
1995-11-26,
1995-11-27,
1995-11-28,
1995-11-29,
1995-11-30,
1995-12-01,
1995-12-02,
1995-12-03,
1995-12-04,
1995-12-05,
1995-12-06,
1995-12-07,
1995-12-08,
1995-12-09,
1995-12-10,
1995-12-11,
1995-12-12,
1995-12-13,
1995-12-14,
1995-12-15,
1995-12-16,
1995-12-17,
1995-12-18,
1995-12-19,
1995-12-20,
1995-12-21,
1995-12-22,
1995-12-23,
1995-12-24,
1995-12-25,
1995-12-26,
1995-12-27,
1995-12-28,
1995-12-29,
1995-12-30,
1995-12-31,
1996-01-01,
1996-01-02,
1996-01-03,
1996-01-04,
1996-01-05,
1996-01-06,
1996-01-07,
1996-01-08,
1996-01-09,
1996-01-10,
1996-01-11,
1996-01-12,
1996-01-13,
1996-01-14,
1996-01-15,
1996-01-16,
1996-01-17,
1996-01-18,
1996-01-19,
1996-01-20,
1996-01-21,
1996-01-22,
1996-01-23,
1996-01-24,
1996-01-25,
1996-01-26,
1996-01-27,
1996-01-28,
1996-01-29,
1996-01-30,
1996-01-31,
1996-02-01,
1996-02-02,
1996-02-03,
1996-02-04,
1996-02-05,
1996-02-06,
1996-02-07,
1996-02-08,
1996-02-09,
1996-02-10,
1996-02-11,
1996-02-12,
1996-02-13,
1996-02-14,
1996-02-15,
1996-02-16,
1996-02-17,
1996-02-18,
1996-02-19,
1996-02-20,
1996-02-21,
1996-02-22,
1996-02-23,
1996-02-24,
1996-02-25,
1996-02-26,
1996-02-27,
1996-02-28,
1996-02-29,
1996-03-01,
1996-03-02,
1996-03-03,
1996-03-04,
1996-03-05,
1996-03-06,
1996-03-07,
1996-03-08,
1996-03-09,
1996-03-10,
1996-03-11,
1996-03-12,
1996-03-13,
1996-03-14,
1996-03-15,
1996-03-16,
1996-03-17,
1996-03-18,
1996-03-19,
1996-03-20,
1996-03-21,
1996-03-22,
1996-03-23,
1996-03-24,
1996-03-25,
1996-03-26,
1996-03-27,
1996-03-28,
1996-03-29,
1996-03-30,
1996-03-31,
1996-04-01,
1996-04-02,
1996-04-03,
1996-04-04,
1996-04-05,
1996-04-06,
1996-04-07,
1996-04-08,
1996-04-09,
1996-04-10,
1996-04-11,
1996-04-12,
1996-04-13,
1996-04-14,
1996-04-15,
1996-04-16,
1996-04-17,
1996-04-18,
1996-04-19,
1996-04-20,
1996-04-21,
1996-04-22,
1996-04-23,
1996-04-24,
1996-04-25,
1996-04-26,
1996-04-27,
1996-04-28,
1996-04-29,
1996-04-30,
1996-05-01,
1996-05-02,
1996-05-03,
1996-05-04,
1996-05-05,
1996-05-06,
1996-05-07,
1996-05-08,
1996-05-09,
1996-05-10,
1996-05-11,
1996-05-12,
1996-05-13,
1996-05-14,
1996-05-15,
1996-05-16,
1996-05-17,
1996-05-18,
1996-05-19,
1996-05-20,
1996-05-21,
1996-05-22,
1996-05-23,
1996-05-24,
1996-05-25,
1996-05-26,
1996-05-27,
1996-05-28,
1996-05-29,
1996-05-30,
1996-05-31,
1996-06-01,
1996-06-02,
1996-06-03,
1996-06-04,
1996-06-05,
1996-06-06,
1996-06-07,
1996-06-08,
1996-06-09,
1996-06-10,
1996-06-11,
1996-06-12,
1996-06-13,
1996-06-14,
1996-06-15,
1996-06-16,
1996-06-17,
1996-06-18,
1996-06-19,
1996-06-20,
1996-06-21,
1996-06-22,
1996-06-23,
1996-06-24,
1996-06-25,
1996-06-26,
1996-06-27,
1996-06-28,
1996-06-29,
1996-06-30,
1996-07-01,
1996-07-02,
1996-07-03,
1996-07-04,
1996-07-05,
1996-07-06,
1996-07-07,
1996-07-08,
1996-07-09,
1996-07-10,
1996-07-11,
1996-07-12,
1996-07-13,
1996-07-14,
1996-07-15,
1996-07-16,
1996-07-17,
1996-07-18,
1996-07-19,
1996-07-20,
1996-07-21,
1996-07-22,
1996-07-23,
1996-07-24,
1996-07-25,
1996-07-26,
1996-07-27,
1996-07-28,
1996-07-29,
1996-07-30,
1996-07-31,
1996-08-01,
1996-08-02,
1996-08-03,
1996-08-04,
1996-08-05,
1996-08-06,
1996-08-07,
1996-08-08,
1996-08-09,
1996-08-10,
1996-08-11,
1996-08-12,
1996-08-13,
1996-08-14,
1996-08-15,
1996-08-16,
1996-08-17,
1996-08-18,
1996-08-19,
1996-08-20,
1996-08-21,
1996-08-22,
1996-08-23,
1996-08-24,
1996-08-25,
1996-08-26,
1996-08-27,
1996-08-28,
1996-08-29,
1996-08-30,
1996-08-31,
1996-09-01,
1996-09-02,
1996-09-03,
1996-09-04,
1996-09-05,
1996-09-06,
1996-09-07,
1996-09-08,
1996-09-09,
1996-09-10,
1996-09-11,
1996-09-12,
1996-09-13,
1996-09-14,
1996-09-15,
1996-09-16,
1996-09-17,
1996-09-18,
1996-09-19,
1996-09-20,
1996-09-21,
1996-09-22,
1996-09-23,
1996-09-24,
1996-09-25,
1996-09-26,
1996-09-27,
1996-09-28,
1996-09-29,
1996-09-30,
1996-10-01,
1996-10-02,
1996-10-03,
1996-10-04,
1996-10-05,
1996-10-06,
1996-10-07,
1996-10-08,
1996-10-09,
1996-10-10,
1996-10-11,
1996-10-12,
1996-10-13,
1996-10-14,
1996-10-15,
1996-10-16,
1996-10-17,
1996-10-18,
1996-10-19,
1996-10-20,
1996-10-21,
1996-10-22,
1996-10-23,
1996-10-24,
1996-10-25,
1996-10-26,
1996-10-27,
1996-10-28,
1996-10-29,
1996-10-30,
1996-10-31,
1996-11-01,
1996-11-02,
1996-11-03,
1996-11-04,
1996-11-05,
1996-11-06,
1996-11-07,
1996-11-08,
1996-11-09,
1996-11-10,
1996-11-11,
1996-11-12,
1996-11-13,
1996-11-14,
1996-11-15,
1996-11-16,
1996-11-17,
1996-11-18,
1996-11-19,
1996-11-20,
1996-11-21,
1996-11-22,
1996-11-23,
1996-11-24,
1996-11-25,
1996-11-26,
1996-11-27,
1996-11-28,
1996-11-29,
1996-11-30,
1996-12-01,
1996-12-02,
1996-12-03,
1996-12-04,
1996-12-05,
1996-12-06,
1996-12-07,
1996-12-08,
1996-12-09,
1996-12-10,
1996-12-11,
1996-12-12,
1996-12-13,
1996-12-14,
1996-12-15,
1996-12-16,
1996-12-17,
1996-12-18,
1996-12-19,
1996-12-20,
1996-12-21,
1996-12-22,
1996-12-23,
1996-12-24,
1996-12-25,
1996-12-26,
1996-12-27,
1996-12-28,
1996-12-29,
1996-12-30,
1996-12-31,
1997-01-01,
1997-01-02,
1997-01-03,
1997-01-04,
1997-01-05,
1997-01-06,
1997-01-07,
1997-01-08,
1997-01-09,
1997-01-10,
1997-01-11,
1997-01-12,
1997-01-13,
1997-01-14,
1997-01-15,
1997-01-16,
1997-01-17,
1997-01-18,
1997-01-19,
1997-01-20,
1997-01-21,
1997-01-22,
1997-01-23,
1997-01-24,
1997-01-25,
1997-01-26,
1997-01-27,
1997-01-28,
1997-01-29,
1997-01-30,
1997-01-31,
1997-02-01,
1997-02-02,
1997-02-03,
1997-02-04,
1997-02-05,
1997-02-06,
1997-02-07,
1997-02-08,
1997-02-09,
1997-02-10,
1997-02-11,
1997-02-12,
1997-02-13,
1997-02-14,
1997-02-15,
1997-02-16,
1997-02-17,
1997-02-18,
1997-02-19,
1997-02-20,
1997-02-21,
1997-02-22,
1997-02-23,
1997-02-24,
1997-02-25,
1997-02-26,
1997-02-27,
1997-02-28,
1997-03-01,
1997-03-02,
1997-03-03,
1997-03-04,
1997-03-05,
1997-03-06,
1997-03-07,
1997-03-08,
1997-03-09,
1997-03-10,
1997-03-11,
1997-03-12,
1997-03-13,
1997-03-14,
1997-03-15,
1997-03-16,
1997-03-17,
1997-03-18,
1997-03-19,
1997-03-20,
1997-03-21,
1997-03-22,
1997-03-23,
1997-03-24,
1997-03-25,
1997-03-26,
1997-03-27,
1997-03-28,
1997-03-29,
1997-03-30,
1997-03-31,
1997-04-01,
1997-04-02,
1997-04-03,
1997-04-04,
1997-04-05,
1997-04-06,
1997-04-07,
1997-04-08,
1997-04-09,
1997-04-10,
1997-04-11,
1997-04-12,
1997-04-13,
1997-04-14,
1997-04-15,
1997-04-16,
1997-04-17,
1997-04-18,
1997-04-19,
1997-04-20,
1997-04-21,
1997-04-22,
1997-04-23,
1997-04-24,
1997-04-25,
1997-04-26,
1997-04-27,
1997-04-28,
1997-04-29,
1997-04-30,
1997-05-01,
1997-05-02,
1997-05-03,
1997-05-04,
1997-05-05,
1997-05-06,
1997-05-07,
1997-05-08,
1997-05-09,
1997-05-10,
1997-05-11,
1997-05-12,
1997-05-13,
1997-05-14,
1997-05-15,
1997-05-16,
1997-05-17,
1997-05-18,
1997-05-19,
1997-05-20,
1997-05-21,
1997-05-22,
1997-05-23,
1997-05-24,
1997-05-25,
1997-05-26,
1997-05-27,
1997-05-28,
1997-05-29,
1997-05-30,
1997-05-31,
1997-06-01,
1997-06-02,
1997-06-03,
1997-06-04,
1997-06-05,
1997-06-06,
1997-06-07,
1997-06-08,
1997-06-09,
1997-06-10,
1997-06-11,
1997-06-12,
1997-06-13,
1997-06-14,
1997-06-15,
1997-06-16,
1997-06-17,
1997-06-18,
1997-06-19,
1997-06-20,
1997-06-21,
1997-06-22,
1997-06-23,
1997-06-24,
1997-06-25,
1997-06-26,
1997-06-27,
1997-06-28,
1997-06-29,
1997-06-30,
1997-07-01,
1997-07-02,
1997-07-03,
1997-07-04,
1997-07-05,
1997-07-06,
1997-07-07,
1997-07-08,
1997-07-09,
1997-07-10,
1997-07-11,
1997-07-12,
1997-07-13,
1997-07-14,
1997-07-15,
1997-07-16,
1997-07-17,
1997-07-18,
1997-07-19,
1997-07-20,
1997-07-21,
1997-07-22,
1997-07-23,
1997-07-24,
1997-07-25,
1997-07-26,
1997-07-27,
1997-07-28,
1997-07-29,
1997-07-30,
1997-07-31,
1997-08-01,
1997-08-02,
1997-08-03,
1997-08-04,
1997-08-05,
1997-08-06,
1997-08-07,
1997-08-08,
1997-08-09,
1997-08-10,
1997-08-11,
1997-08-12,
1997-08-13,
1997-08-14,
1997-08-15,
1997-08-16,
1997-08-17,
1997-08-18,
1997-08-19,
1997-08-20,
1997-08-21,
1997-08-22,
1997-08-23,
1997-08-24,
1997-08-25,
1997-08-26,
1997-08-27,
1997-08-28,
1997-08-29,
1997-08-30,
1997-08-31,
1997-09-01,
1997-09-02,
1997-09-03,
1997-09-04,
1997-09-05,
1997-09-06,
1997-09-07,
1997-09-08,
1997-09-09,
1997-09-10,
1997-09-11,
1997-09-12,
1997-09-13,
1997-09-14,
1997-09-15,
1997-09-16,
1997-09-17,
1997-09-18,
1997-09-19,
1997-09-20,
1997-09-21,
1997-09-22,
1997-09-23,
1997-09-24,
1997-09-25,
1997-09-26,
1997-09-27,
1997-09-28,
1997-09-29,
1997-09-30,
1997-10-01,
1997-10-02,
1997-10-03,
1997-10-04,
1997-10-05,
1997-10-06,
1997-10-07,
1997-10-08,
1997-10-09,
1997-10-10,
1997-10-11,
1997-10-12,
1997-10-13,
1997-10-14,
1997-10-15,
1997-10-16,
1997-10-17,
1997-10-18,
1997-10-19,
1997-10-20,
1997-10-21,
1997-10-22,
1997-10-23,
1997-10-24,
1997-10-25,
1997-10-26,
1997-10-27,
1997-10-28,
1997-10-29,
1997-10-30,
1997-10-31,
1997-11-01,
1997-11-02,
1997-11-03,
1997-11-04,
1997-11-05,
1997-11-06,
1997-11-07,
1997-11-08,
1997-11-09,
1997-11-10,
1997-11-11,
1997-11-12,
1997-11-13,
1997-11-14,
1997-11-15,
1997-11-16,
1997-11-17,
1997-11-18,
1997-11-19,
1997-11-20,
1997-11-21,
1997-11-22,
1997-11-23,
1997-11-24,
1997-11-25,
1997-11-26,
1997-11-27,
1997-11-28,
1997-11-29,
1997-11-30,
1997-12-01,
1997-12-02,
1997-12-03,
1997-12-04,
1997-12-05,
1997-12-06,
1997-12-07,
1997-12-08,
1997-12-09,
1997-12-10,
1997-12-11,
1997-12-12,
1997-12-13,
1997-12-14,
1997-12-15,
1997-12-16,
1997-12-17,
1997-12-18,
1997-12-19,
1997-12-20,
1997-12-21,
1997-12-22,
1997-12-23,
1997-12-24,
1997-12-25,
1997-12-26,
1997-12-27,
1997-12-28,
1997-12-29,
1997-12-30,
1997-12-31,
1998-01-01,
1998-01-02,
1998-01-03,
1998-01-04,
1998-01-05,
1998-01-06,
1998-01-07,
1998-01-08,
1998-01-09,
1998-01-10,
1998-01-11,
1998-01-12,
1998-01-13,
1998-01-14,
1998-01-15,
1998-01-16,
1998-01-17,
1998-01-18,
1998-01-19,
1998-01-20,
1998-01-21,
1998-01-22,
1998-01-23,
1998-01-24,
1998-01-25,
1998-01-26,
1998-01-27,
1998-01-28,
1998-01-29,
1998-01-30,
1998-01-31,
1998-02-01,
1998-02-02,
1998-02-03,
1998-02-04,
1998-02-05,
1998-02-06,
1998-02-07,
1998-02-08,
1998-02-09,
1998-02-10,
1998-02-11,
1998-02-12,
1998-02-13,
1998-02-14,
1998-02-15,
1998-02-16,
1998-02-17,
1998-02-18,
1998-02-19,
1998-02-20,
1998-02-21,
1998-02-22,
1998-02-23,
1998-02-24,
1998-02-25,
1998-02-26,
1998-02-27,
1998-02-28,
1998-03-01,
1998-03-02,
1998-03-03,
1998-03-04,
1998-03-05,
1998-03-06,
1998-03-07,
1998-03-08,
1998-03-09,
1998-03-10,
1998-03-11,
1998-03-12,
1998-03-13,
1998-03-14,
1998-03-15,
1998-03-16,
1998-03-17,
1998-03-18,
1998-03-19,
1998-03-20,
1998-03-21,
1998-03-22,
1998-03-23,
1998-03-24,
1998-03-25,
1998-03-26,
1998-03-27,
1998-03-28,
1998-03-29,
1998-03-30,
1998-03-31,
1998-04-01,
1998-04-02,
1998-04-03,
1998-04-04,
1998-04-05,
1998-04-06,
1998-04-07,
1998-04-08,
1998-04-09,
1998-04-10,
1998-04-11,
1998-04-12,
1998-04-13,
1998-04-14,
1998-04-15,
1998-04-16,
1998-04-17,
1998-04-18,
1998-04-19,
1998-04-20,
1998-04-21,
1998-04-22,
1998-04-23,
1998-04-24,
1998-04-25,
1998-04-26,
1998-04-27,
1998-04-28,
1998-04-29,
1998-04-30,
1998-05-01,
1998-05-02,
1998-05-03,
1998-05-04,
1998-05-05,
1998-05-06,
1998-05-07,
1998-05-08,
1998-05-09,
1998-05-10,
1998-05-11,
1998-05-12,
1998-05-13,
1998-05-14,
1998-05-15,
1998-05-16,
1998-05-17,
1998-05-18,
1998-05-19,
1998-05-20,
1998-05-21,
1998-05-22,
1998-05-23,
1998-05-24,
1998-05-25,
1998-05-26,
1998-05-27,
1998-05-28,
1998-05-29,
1998-05-30,
1998-05-31,
1998-06-01,
1998-06-02,
1998-06-03,
1998-06-04,
1998-06-05,
1998-06-06,
1998-06-07,
1998-06-08,
1998-06-09,
1998-06-10,
1998-06-11,
1998-06-12,
1998-06-13,
1998-06-14,
1998-06-15,
1998-06-16,
1998-06-17,
1998-06-18,
1998-06-19,
1998-06-20,
1998-06-21,
1998-06-22,
1998-06-23,
1998-06-24,
1998-06-25,
1998-06-26,
1998-06-27,
1998-06-28,
1998-06-29,
1998-06-30,
1998-07-01,
1998-07-02,
1998-07-03,
1998-07-04,
1998-07-05,
1998-07-06,
1998-07-07,
1998-07-08,
1998-07-09,
1998-07-10,
1998-07-11,
1998-07-12,
1998-07-13,
1998-07-14,
1998-07-15,
1998-07-16,
1998-07-17,
1998-07-18,
1998-07-19,
1998-07-20,
1998-07-21,
1998-07-22,
1998-07-23,
1998-07-24,
1998-07-25,
1998-07-26,
1998-07-27,
1998-07-28,
1998-07-29,
1998-07-30,
1998-07-31,
1998-08-01,
1998-08-02,
1998-08-03,
1998-08-04,
1998-08-05,
1998-08-06,
1998-08-07,
1998-08-08,
1998-08-09,
1998-08-10,
1998-08-11,
1998-08-12,
1998-08-13,
1998-08-14,
1998-08-15,
1998-08-16,
1998-08-17,
1998-08-18,
1998-08-19,
1998-08-20,
1998-08-21,
1998-08-22,
1998-08-23,
1998-08-24,
1998-08-25,
1998-08-26,
1998-08-27,
1998-08-28,
1998-08-29,
1998-08-30,
1998-08-31,
1998-09-01,
1998-09-02,
1998-09-03,
1998-09-04,
1998-09-05,
1998-09-06,
1998-09-07,
1998-09-08,
1998-09-09,
1998-09-10,
1998-09-11,
1998-09-12,
1998-09-13,
1998-09-14,
1998-09-15,
1998-09-16,
1998-09-17,
1998-09-18,
1998-09-19,
1998-09-20,
1998-09-21,
1998-09-22,
1998-09-23,
1998-09-24,
1998-09-25,
1998-09-26,
1998-09-27,
1998-09-28,
1998-09-29,
1998-09-30,
1998-10-01,
1998-10-02,
1998-10-03,
1998-10-04,
1998-10-05,
1998-10-06,
1998-10-07,
1998-10-08,
1998-10-09,
1998-10-10,
1998-10-11,
1998-10-12,
1998-10-13,
1998-10-14,
1998-10-15,
1998-10-16,
1998-10-17,
1998-10-18,
1998-10-19,
1998-10-20,
1998-10-21,
1998-10-22,
1998-10-23,
1998-10-24,
1998-10-25,
1998-10-26,
1998-10-27,
1998-10-28,
1998-10-29,
1998-10-30,
1998-10-31,
1998-11-01,
1998-11-02,
1998-11-03,
1998-11-04,
1998-11-05,
1998-11-06,
1998-11-07,
1998-11-08,
1998-11-09,
1998-11-10,
1998-11-11,
1998-11-12,
1998-11-13,
1998-11-14,
1998-11-15,
1998-11-16,
1998-11-17,
1998-11-18,
1998-11-19,
1998-11-20,
1998-11-21,
1998-11-22,
1998-11-23,
1998-11-24,
1998-11-25,
1998-11-26,
1998-11-27,
1998-11-28,
1998-11-29,
1998-11-30,
1998-12-01,
1998-12-02,
1998-12-03,
1998-12-04,
1998-12-05,
1998-12-06,
1998-12-07,
1998-12-08,
1998-12-09,
1998-12-10,
1998-12-11,
1998-12-12,
1998-12-13,
1998-12-14,
1998-12-15,
1998-12-16,
1998-12-17,
1998-12-18,
1998-12-19,
1998-12-20,
1998-12-21,
1998-12-22,
1998-12-23,
1998-12-24,
1998-12-25,
1998-12-26,
1998-12-27,
1998-12-28,
1998-12-29,
1998-12-30,
1998-12-31,
1999-01-01,
1999-01-02,
1999-01-03,
1999-01-04,
1999-01-05,
1999-01-06,
1999-01-07,
1999-01-08,
1999-01-09,
1999-01-10,
1999-01-11,
1999-01-12,
1999-01-13,
1999-01-14,
1999-01-15,
1999-01-16,
1999-01-17,
1999-01-18,
1999-01-19,
1999-01-20,
1999-01-21,
1999-01-22,
1999-01-23,
1999-01-24,
1999-01-25,
1999-01-26,
1999-01-27,
1999-01-28,
1999-01-29,
1999-01-30,
1999-01-31,
1999-02-01,
1999-02-02,
1999-02-03,
1999-02-04,
1999-02-05,
1999-02-06,
1999-02-07,
1999-02-08,
1999-02-09,
1999-02-10,
1999-02-11,
1999-02-12,
1999-02-13,
1999-02-14,
1999-02-15,
1999-02-16,
1999-02-17,
1999-02-18,
1999-02-19,
1999-02-20,
1999-02-21,
1999-02-22,
1999-02-23,
1999-02-24,
1999-02-25,
1999-02-26,
1999-02-27,
1999-02-28,
1999-03-01,
1999-03-02,
1999-03-03,
1999-03-04,
1999-03-05,
1999-03-06,
1999-03-07,
1999-03-08,
1999-03-09,
1999-03-10,
1999-03-11,
1999-03-12,
1999-03-13,
1999-03-14,
1999-03-15,
1999-03-16,
1999-03-17,
1999-03-18,
1999-03-19,
1999-03-20,
1999-03-21,
1999-03-22,
1999-03-23,
1999-03-24,
1999-03-25,
1999-03-26,
1999-03-27,
1999-03-28,
1999-03-29,
1999-03-30,
1999-03-31,
1999-04-01,
1999-04-02,
1999-04-03,
1999-04-04,
1999-04-05,
1999-04-06,
1999-04-07,
1999-04-08,
1999-04-09,
1999-04-10,
1999-04-11,
1999-04-12,
1999-04-13,
1999-04-14,
1999-04-15,
1999-04-16,
1999-04-17,
1999-04-18,
1999-04-19,
1999-04-20,
1999-04-21,
1999-04-22,
1999-04-23,
1999-04-24,
1999-04-25,
1999-04-26,
1999-04-27,
1999-04-28,
1999-04-29,
1999-04-30,
1999-05-01,
1999-05-02,
1999-05-03,
1999-05-04,
1999-05-05,
1999-05-06,
1999-05-07,
1999-05-08,
1999-05-09,
1999-05-10,
1999-05-11,
1999-05-12,
1999-05-13,
1999-05-14,
1999-05-15,
1999-05-16,
1999-05-17,
1999-05-18,
1999-05-19,
1999-05-20,
1999-05-21,
1999-05-22,
1999-05-23,
1999-05-24,
1999-05-25,
1999-05-26,
1999-05-27,
1999-05-28,
1999-05-29,
1999-05-30,
1999-05-31,
1999-06-01,
1999-06-02,
1999-06-03,
1999-06-04,
1999-06-05,
1999-06-06,
1999-06-07,
1999-06-08,
1999-06-09,
1999-06-10,
1999-06-11,
1999-06-12,
1999-06-13,
1999-06-14,
1999-06-15,
1999-06-16,
1999-06-17,
1999-06-18,
1999-06-19,
1999-06-20,
1999-06-21,
1999-06-22,
1999-06-23,
1999-06-24,
1999-06-25,
1999-06-26,
1999-06-27,
1999-06-28,
1999-06-29,
1999-06-30,
1999-07-01,
1999-07-02,
1999-07-03,
1999-07-04,
1999-07-05,
1999-07-06,
1999-07-07,
1999-07-08,
1999-07-09,
1999-07-10,
1999-07-11,
1999-07-12,
1999-07-13,
1999-07-14,
1999-07-15,
1999-07-16,
1999-07-17,
1999-07-18,
1999-07-19,
1999-07-20,
1999-07-21,
1999-07-22,
1999-07-23,
1999-07-24,
1999-07-25,
1999-07-26,
1999-07-27,
1999-07-28,
1999-07-29,
1999-07-30,
1999-07-31,
1999-08-01,
1999-08-02,
1999-08-03,
1999-08-04,
1999-08-05,
1999-08-06,
1999-08-07,
1999-08-08,
1999-08-09,
1999-08-10,
1999-08-11,
1999-08-12,
1999-08-13,
1999-08-14,
1999-08-15,
1999-08-16,
1999-08-17,
1999-08-18,
1999-08-19,
1999-08-20,
1999-08-21,
1999-08-22,
1999-08-23,
1999-08-24,
1999-08-25,
1999-08-26,
1999-08-27,
1999-08-28,
1999-08-29,
1999-08-30,
1999-08-31,
1999-09-01,
1999-09-02,
1999-09-03,
1999-09-04,
1999-09-05,
1999-09-06,
1999-09-07,
1999-09-08,
1999-09-09,
1999-09-10,
1999-09-11,
1999-09-12,
1999-09-13,
1999-09-14,
1999-09-15,
1999-09-16,
1999-09-17,
1999-09-18,
1999-09-19,
1999-09-20,
1999-09-21,
1999-09-22,
1999-09-23,
1999-09-24,
1999-09-25,
1999-09-26,
1999-09-27,
1999-09-28,
1999-09-29,
1999-09-30,
1999-10-01,
1999-10-02,
1999-10-03,
1999-10-04,
1999-10-05,
1999-10-06,
1999-10-07,
1999-10-08,
1999-10-09,
1999-10-10,
1999-10-11,
1999-10-12,
1999-10-13,
1999-10-14,
1999-10-15,
1999-10-16,
1999-10-17,
1999-10-18,
1999-10-19,
1999-10-20,
1999-10-21,
1999-10-22,
1999-10-23,
1999-10-24,
1999-10-25,
1999-10-26,
1999-10-27,
1999-10-28,
1999-10-29,
1999-10-30,
1999-10-31,
1999-11-01,
1999-11-02,
1999-11-03,
1999-11-04,
1999-11-05,
1999-11-06,
1999-11-07,
1999-11-08,
1999-11-09,
1999-11-10,
1999-11-11,
1999-11-12,
1999-11-13,
1999-11-14,
1999-11-15,
1999-11-16,
1999-11-17,
1999-11-18,
1999-11-19,
1999-11-20,
1999-11-21,
1999-11-22,
1999-11-23,
1999-11-24,
1999-11-25,
1999-11-26,
1999-11-27,
1999-11-28,
1999-11-29,
1999-11-30,
1999-12-01,
1999-12-02,
1999-12-03,
1999-12-04,
1999-12-05,
1999-12-06,
1999-12-07,
1999-12-08,
1999-12-09,
1999-12-10,
1999-12-11,
1999-12-12,
1999-12-13,
1999-12-14,
1999-12-15,
1999-12-16,
1999-12-17,
1999-12-18,
1999-12-19,
1999-12-20,
1999-12-21,
1999-12-22,
1999-12-23,
1999-12-24,
1999-12-25,
1999-12-26,
1999-12-27,
1999-12-28,
1999-12-29,
1999-12-30,
1999-12-31,
2000-01-01,
2000-01-02,
2000-01-03,
2000-01-04,
2000-01-05,
2000-01-06,
2000-01-07,
2000-01-08,
2000-01-09,
2000-01-10,
2000-01-11,
2000-01-12,
2000-01-13,
2000-01-14,
2000-01-15,
2000-01-16,
2000-01-17,
2000-01-18,
2000-01-19,
2000-01-20,
2000-01-21,
2000-01-22,
2000-01-23,
2000-01-24,
2000-01-25,
2000-01-26,
2000-01-27,
2000-01-28,
2000-01-29,
2000-01-30,
2000-01-31,
2000-02-01,
2000-02-02,
2000-02-03,
2000-02-04,
2000-02-05,
2000-02-06,
2000-02-07,
2000-02-08,
2000-02-09,
2000-02-10,
2000-02-11,
2000-02-12,
2000-02-13,
2000-02-14,
2000-02-15,
2000-02-16,
2000-02-17,
2000-02-18,
2000-02-19,
2000-02-20,
2000-02-21,
2000-02-22,
2000-02-23,
2000-02-24,
2000-02-25,
2000-02-26,
2000-02-27,
2000-02-28,
2000-02-29,
2000-03-01,
2000-03-02,
2000-03-03,
2000-03-04,
2000-03-05,
2000-03-06,
2000-03-07,
2000-03-08,
2000-03-09,
2000-03-10,
2000-03-11,
2000-03-12,
2000-03-13,
2000-03-14,
2000-03-15,
2000-03-16,
2000-03-17,
2000-03-18,
2000-03-19,
2000-03-20,
2000-03-21,
2000-03-22,
2000-03-23,
2000-03-24,
2000-03-25,
2000-03-26,
2000-03-27,
2000-03-28,
2000-03-29,
2000-03-30,
2000-03-31,
2000-04-01,
2000-04-02,
2000-04-03,
2000-04-04,
2000-04-05,
2000-04-06,
2000-04-07,
2000-04-08,
2000-04-09,
2000-04-10,
2000-04-11,
2000-04-12,
2000-04-13,
2000-04-14,
2000-04-15,
2000-04-16,
2000-04-17,
2000-04-18,
2000-04-19,
2000-04-20,
2000-04-21,
2000-04-22,
2000-04-23,
2000-04-24,
2000-04-25,
2000-04-26,
2000-04-27,
2000-04-28,
2000-04-29,
2000-04-30,
2000-05-01,
2000-05-02,
2000-05-03,
2000-05-04,
2000-05-05,
2000-05-06,
2000-05-07,
2000-05-08,
2000-05-09,
2000-05-10,
2000-05-11,
2000-05-12,
2000-05-13,
2000-05-14,
2000-05-15,
2000-05-16,
2000-05-17,
2000-05-18,
2000-05-19,
2000-05-20,
2000-05-21,
2000-05-22,
2000-05-23,
2000-05-24,
2000-05-25,
2000-05-26,
2000-05-27,
2000-05-28,
2000-05-29,
2000-05-30,
2000-05-31,
2000-06-01,
2000-06-02,
2000-06-03,
2000-06-04,
2000-06-05,
2000-06-06,
2000-06-07,
2000-06-08,
2000-06-09,
2000-06-10,
2000-06-11,
2000-06-12,
2000-06-13,
2000-06-14,
2000-06-15,
2000-06-16,
2000-06-17,
2000-06-18,
2000-06-19,
2000-06-20,
2000-06-21,
2000-06-22,
2000-06-23,
2000-06-24,
2000-06-25,
2000-06-26,
2000-06-27,
2000-06-28,
2000-06-29,
2000-06-30,
2000-07-01,
2000-07-02,
2000-07-03,
2000-07-04,
2000-07-05,
2000-07-06,
2000-07-07,
2000-07-08,
2000-07-09,
2000-07-10,
2000-07-11,
2000-07-12,
2000-07-13,
2000-07-14,
2000-07-15,
2000-07-16,
2000-07-17,
2000-07-18,
2000-07-19,
2000-07-20,
2000-07-21,
2000-07-22,
2000-07-23,
2000-07-24,
2000-07-25,
2000-07-26,
2000-07-27,
2000-07-28,
2000-07-29,
2000-07-30,
2000-07-31,
2000-08-01,
2000-08-02,
2000-08-03,
2000-08-04,
2000-08-05,
2000-08-06,
2000-08-07,
2000-08-08,
2000-08-09,
2000-08-10,
2000-08-11,
2000-08-12,
2000-08-13,
2000-08-14,
2000-08-15,
2000-08-16,
2000-08-17,
2000-08-18,
2000-08-19,
2000-08-20,
2000-08-21,
2000-08-22,
2000-08-23,
2000-08-24,
2000-08-25,
2000-08-26,
2000-08-27,
2000-08-28,
2000-08-29,
2000-08-30,
2000-08-31,
2000-09-01,
2000-09-02,
2000-09-03,
2000-09-04,
2000-09-05,
2000-09-06,
2000-09-07,
2000-09-08,
2000-09-09,
2000-09-10,
2000-09-11,
2000-09-12,
2000-09-13,
2000-09-14,
2000-09-15,
2000-09-16,
2000-09-17,
2000-09-18,
2000-09-19,
2000-09-20,
2000-09-21,
2000-09-22,
2000-09-23,
2000-09-24,
2000-09-25,
2000-09-26,
2000-09-27,
2000-09-28,
2000-09-29,
2000-09-30,
2000-10-01,
2000-10-02,
2000-10-03,
2000-10-04,
2000-10-05,
2000-10-06,
2000-10-07,
2000-10-08,
2000-10-09,
2000-10-10,
2000-10-11,
2000-10-12,
2000-10-13,
2000-10-14,
2000-10-15,
2000-10-16,
2000-10-17,
2000-10-18,
2000-10-19,
2000-10-20,
2000-10-21,
2000-10-22,
2000-10-23,
2000-10-24,
2000-10-25,
2000-10-26,
2000-10-27,
2000-10-28,
2000-10-29,
2000-10-30,
2000-10-31,
2000-11-01,
2000-11-02,
2000-11-03,
2000-11-04,
2000-11-05,
2000-11-06,
2000-11-07,
2000-11-08,
2000-11-09,
2000-11-10,
2000-11-11,
2000-11-12,
2000-11-13,
2000-11-14,
2000-11-15,
2000-11-16,
2000-11-17,
2000-11-18,
2000-11-19,
2000-11-20,
2000-11-21,
2000-11-22,
2000-11-23,
2000-11-24,
2000-11-25,
2000-11-26,
2000-11-27,
2000-11-28,
2000-11-29,
2000-11-30,
2000-12-01,
2000-12-02,
2000-12-03,
2000-12-04,
2000-12-05,
2000-12-06,
2000-12-07,
2000-12-08,
2000-12-09,
2000-12-10,
2000-12-11,
2000-12-12,
2000-12-13,
2000-12-14,
2000-12-15,
2000-12-16,
2000-12-17,
2000-12-18,
2000-12-19,
2000-12-20,
2000-12-21,
2000-12-22,
2000-12-23,
2000-12-24,
2000-12-25,
2000-12-26,
2000-12-27,
2000-12-28,
2000-12-29,
2000-12-30,
2000-12-31,
2001-01-01,
2001-01-02,
2001-01-03,
2001-01-04,
2001-01-05,
2001-01-06,
2001-01-07,
2001-01-08,
2001-01-09,
2001-01-10,
2001-01-11,
2001-01-12,
2001-01-13,
2001-01-14,
2001-01-15,
2001-01-16,
2001-01-17,
2001-01-18,
2001-01-19,
2001-01-20,
2001-01-21,
2001-01-22,
2001-01-23,
2001-01-24,
2001-01-25,
2001-01-26,
2001-01-27,
2001-01-28,
2001-01-29,
2001-01-30,
2001-01-31,
2001-02-01,
2001-02-02,
2001-02-03,
2001-02-04,
2001-02-05,
2001-02-06,
2001-02-07,
2001-02-08,
2001-02-09,
2001-02-10,
2001-02-11,
2001-02-12,
2001-02-13,
2001-02-14,
2001-02-15,
2001-02-16,
2001-02-17,
2001-02-18,
2001-02-19,
2001-02-20,
2001-02-21,
2001-02-22,
2001-02-23,
2001-02-24,
2001-02-25,
2001-02-26,
2001-02-27,
2001-02-28,
2001-03-01,
2001-03-02,
2001-03-03,
2001-03-04,
2001-03-05,
2001-03-06,
2001-03-07,
2001-03-08,
2001-03-09,
2001-03-10,
2001-03-11,
2001-03-12,
2001-03-13,
2001-03-14,
2001-03-15,
2001-03-16,
2001-03-17,
2001-03-18,
2001-03-19,
2001-03-20,
2001-03-21,
2001-03-22,
2001-03-23,
2001-03-24,
2001-03-25,
2001-03-26,
2001-03-27,
2001-03-28,
2001-03-29,
2001-03-30,
2001-03-31,
2001-04-01,
2001-04-02,
2001-04-03,
2001-04-04,
2001-04-05,
2001-04-06,
2001-04-07,
2001-04-08,
2001-04-09,
2001-04-10,
2001-04-11,
2001-04-12,
2001-04-13,
2001-04-14,
2001-04-15,
2001-04-16,
2001-04-17,
2001-04-18,
2001-04-19,
2001-04-20,
2001-04-21,
2001-04-22,
2001-04-23,
2001-04-24,
2001-04-25,
2001-04-26,
2001-04-27,
2001-04-28,
2001-04-29,
2001-04-30,
2001-05-01,
2001-05-02,
2001-05-03,
2001-05-04,
2001-05-05,
2001-05-06,
2001-05-07,
2001-05-08,
2001-05-09,
2001-05-10,
2001-05-11,
2001-05-12,
2001-05-13,
2001-05-14,
2001-05-15,
2001-05-16,
2001-05-17,
2001-05-18,
2001-05-19,
2001-05-20,
2001-05-21,
2001-05-22,
2001-05-23,
2001-05-24,
2001-05-25,
2001-05-26,
2001-05-27,
2001-05-28,
2001-05-29,
2001-05-30,
2001-05-31,
2001-06-01,
2001-06-02,
2001-06-03,
2001-06-04,
2001-06-05,
2001-06-06,
2001-06-07,
2001-06-08,
2001-06-09,
2001-06-10,
2001-06-11,
2001-06-12,
2001-06-13,
2001-06-14,
2001-06-15,
2001-06-16,
2001-06-17,
2001-06-18,
2001-06-19,
2001-06-20,
2001-06-21,
2001-06-22,
2001-06-23,
2001-06-24,
2001-06-25,
2001-06-26,
2001-06-27,
2001-06-28,
2001-06-29,
2001-06-30,
2001-07-01,
2001-07-02,
2001-07-03,
2001-07-04,
2001-07-05,
2001-07-06,
2001-07-07,
2001-07-08,
2001-07-09,
2001-07-10,
2001-07-11,
2001-07-12,
2001-07-13,
2001-07-14,
2001-07-15,
2001-07-16,
2001-07-17,
2001-07-18,
2001-07-19,
2001-07-20,
2001-07-21,
2001-07-22,
2001-07-23,
2001-07-24,
2001-07-25,
2001-07-26,
2001-07-27,
2001-07-28,
2001-07-29,
2001-07-30,
2001-07-31,
2001-08-01,
2001-08-02,
2001-08-03,
2001-08-04,
2001-08-05,
2001-08-06,
2001-08-07,
2001-08-08,
2001-08-09,
2001-08-10,
2001-08-11,
2001-08-12,
2001-08-13,
2001-08-14,
2001-08-15,
2001-08-16,
2001-08-17,
2001-08-18,
2001-08-19,
2001-08-20,
2001-08-21,
2001-08-22,
2001-08-23,
2001-08-24,
2001-08-25,
2001-08-26,
2001-08-27,
2001-08-28,
2001-08-29,
2001-08-30,
2001-08-31,
2001-09-01,
2001-09-02,
2001-09-03,
2001-09-04,
2001-09-05,
2001-09-06,
2001-09-07,
2001-09-08,
2001-09-09,
2001-09-10,
2001-09-11,
2001-09-12,
2001-09-13,
2001-09-14,
2001-09-15,
2001-09-16,
2001-09-17,
2001-09-18,
2001-09-19,
2001-09-20,
2001-09-21,
2001-09-22,
2001-09-23,
2001-09-24,
2001-09-25,
2001-09-26,
2001-09-27,
2001-09-28,
2001-09-29,
2001-09-30,
2001-10-01,
2001-10-02,
2001-10-03,
2001-10-04,
2001-10-05,
2001-10-06,
2001-10-07,
2001-10-08,
2001-10-09,
2001-10-10,
2001-10-11,
2001-10-12,
2001-10-13,
2001-10-14,
2001-10-15,
2001-10-16,
2001-10-17,
2001-10-18,
2001-10-19,
2001-10-20,
2001-10-21,
2001-10-22,
2001-10-23,
2001-10-24,
2001-10-25,
2001-10-26,
2001-10-27,
2001-10-28,
2001-10-29,
2001-10-30,
2001-10-31,
2001-11-01,
2001-11-02,
2001-11-03,
2001-11-04,
2001-11-05,
2001-11-06,
2001-11-07,
2001-11-08,
2001-11-09,
2001-11-10,
2001-11-11,
2001-11-12,
2001-11-13,
2001-11-14,
2001-11-15,
2001-11-16,
2001-11-17,
2001-11-18,
2001-11-19,
2001-11-20,
2001-11-21,
2001-11-22,
2001-11-23,
2001-11-24,
2001-11-25,
2001-11-26,
2001-11-27,
2001-11-28,
2001-11-29,
2001-11-30,
2001-12-01,
2001-12-02,
2001-12-03,
2001-12-04,
2001-12-05,
2001-12-06,
2001-12-07,
2001-12-08,
2001-12-09,
2001-12-10,
2001-12-11,
2001-12-12,
2001-12-13,
2001-12-14,
2001-12-15,
2001-12-16,
2001-12-17,
2001-12-18,
2001-12-19,
2001-12-20,
2001-12-21,
2001-12-22,
2001-12-23,
2001-12-24,
2001-12-25,
2001-12-26,
2001-12-27,
2001-12-28,
2001-12-29,
2001-12-30,
2001-12-31,
2002-01-01,
2002-01-02,
2002-01-03,
2002-01-04,
2002-01-05,
2002-01-06,
2002-01-07,
2002-01-08,
2002-01-09,
2002-01-10,
2002-01-11,
2002-01-12,
2002-01-13,
2002-01-14,
2002-01-15,
2002-01-16,
2002-01-17,
2002-01-18,
2002-01-19,
2002-01-20,
2002-01-21,
2002-01-22,
2002-01-23,
2002-01-24,
2002-01-25,
2002-01-26,
2002-01-27,
2002-01-28,
2002-01-29,
2002-01-30,
2002-01-31,
2002-02-01,
2002-02-02,
2002-02-03,
2002-02-04,
2002-02-05,
2002-02-06,
2002-02-07,
2002-02-08,
2002-02-09,
2002-02-10,
2002-02-11,
2002-02-12,
2002-02-13,
2002-02-14,
2002-02-15,
2002-02-16,
2002-02-17,
2002-02-18,
2002-02-19,
2002-02-20,
2002-02-21,
2002-02-22,
2002-02-23,
2002-02-24,
2002-02-25,
2002-02-26,
2002-02-27,
2002-02-28,
2002-03-01,
2002-03-02,
2002-03-03,
2002-03-04,
2002-03-05,
2002-03-06,
2002-03-07,
2002-03-08,
2002-03-09,
2002-03-10,
2002-03-11,
2002-03-12,
2002-03-13,
2002-03-14,
2002-03-15,
2002-03-16,
2002-03-17,
2002-03-18,
2002-03-19,
2002-03-20,
2002-03-21,
2002-03-22,
2002-03-23,
2002-03-24,
2002-03-25,
2002-03-26,
2002-03-27,
2002-03-28,
2002-03-29,
2002-03-30,
2002-03-31,
2002-04-01,
2002-04-02,
2002-04-03,
2002-04-04,
2002-04-05,
2002-04-06,
2002-04-07,
2002-04-08,
2002-04-09,
2002-04-10,
2002-04-11,
2002-04-12,
2002-04-13,
2002-04-14,
2002-04-15,
2002-04-16,
2002-04-17,
2002-04-18,
2002-04-19,
2002-04-20,
2002-04-21,
2002-04-22,
2002-04-23,
2002-04-24,
2002-04-25,
2002-04-26,
2002-04-27,
2002-04-28,
2002-04-29,
2002-04-30,
2002-05-01,
2002-05-02,
2002-05-03,
2002-05-04,
2002-05-05,
2002-05-06,
2002-05-07,
2002-05-08,
2002-05-09,
2002-05-10,
2002-05-11,
2002-05-12,
2002-05-13,
2002-05-14,
2002-05-15,
2002-05-16,
2002-05-17,
2002-05-18,
2002-05-19,
2002-05-20,
2002-05-21,
2002-05-22,
2002-05-23,
2002-05-24,
2002-05-25,
2002-05-26,
2002-05-27,
2002-05-28,
2002-05-29,
2002-05-30,
2002-05-31,
2002-06-01,
2002-06-02,
2002-06-03,
2002-06-04,
2002-06-05,
2002-06-06,
2002-06-07,
2002-06-08,
2002-06-09,
2002-06-10,
2002-06-11,
2002-06-12,
2002-06-13,
2002-06-14,
2002-06-15,
2002-06-16,
2002-06-17,
2002-06-18,
2002-06-19,
2002-06-20,
2002-06-21,
2002-06-22,
2002-06-23,
2002-06-24,
2002-06-25,
2002-06-26,
2002-06-27,
2002-06-28,
2002-06-29,
2002-06-30,
2002-07-01,
2002-07-02,
2002-07-03,
2002-07-04,
2002-07-05,
2002-07-06,
2002-07-07,
2002-07-08,
2002-07-09,
2002-07-10,
2002-07-11,
2002-07-12,
2002-07-13,
2002-07-14,
2002-07-15,
2002-07-16,
2002-07-17,
2002-07-18,
2002-07-19,
2002-07-20,
2002-07-21,
2002-07-22,
2002-07-23,
2002-07-24,
2002-07-25,
2002-07-26,
2002-07-27,
2002-07-28,
2002-07-29,
2002-07-30,
2002-07-31,
2002-08-01,
2002-08-02,
2002-08-03,
2002-08-04,
2002-08-05,
2002-08-06,
2002-08-07,
2002-08-08,
2002-08-09,
2002-08-10,
2002-08-11,
2002-08-12,
2002-08-13,
2002-08-14,
2002-08-15,
2002-08-16,
2002-08-17,
2002-08-18,
2002-08-19,
2002-08-20,
2002-08-21,
2002-08-22,
2002-08-23,
2002-08-24,
2002-08-25,
2002-08-26,
2002-08-27,
2002-08-28,
2002-08-29,
2002-08-30,
2002-08-31,
2002-09-01,
2002-09-02,
2002-09-03,
2002-09-04,
2002-09-05,
2002-09-06,
2002-09-07,
2002-09-08,
2002-09-09,
2002-09-10,
2002-09-11,
2002-09-12,
2002-09-13,
2002-09-14,
2002-09-15,
2002-09-16,
2002-09-17,
2002-09-18,
2002-09-19,
2002-09-20,
2002-09-21,
2002-09-22,
2002-09-23,
2002-09-24,
2002-09-25,
2002-09-26,
2002-09-27,
2002-09-28,
2002-09-29,
2002-09-30,
2002-10-01,
2002-10-02,
2002-10-03,
2002-10-04,
2002-10-05,
2002-10-06,
2002-10-07,
2002-10-08,
2002-10-09,
2002-10-10,
2002-10-11,
2002-10-12,
2002-10-13,
2002-10-14,
2002-10-15,
2002-10-16,
2002-10-17,
2002-10-18,
2002-10-19,
2002-10-20,
2002-10-21,
2002-10-22,
2002-10-23,
2002-10-24,
2002-10-25,
2002-10-26,
2002-10-27,
2002-10-28,
2002-10-29,
2002-10-30,
2002-10-31,
2002-11-01,
2002-11-02,
2002-11-03,
2002-11-04,
2002-11-05,
2002-11-06,
2002-11-07,
2002-11-08,
2002-11-09,
2002-11-10,
2002-11-11,
2002-11-12,
2002-11-13,
2002-11-14,
2002-11-15,
2002-11-16,
2002-11-17,
2002-11-18,
2002-11-19,
2002-11-20,
2002-11-21,
2002-11-22,
2002-11-23,
2002-11-24,
2002-11-25,
2002-11-26,
2002-11-27,
2002-11-28,
2002-11-29,
2002-11-30,
2002-12-01,
2002-12-02,
2002-12-03,
2002-12-04,
2002-12-05,
2002-12-06,
2002-12-07,
2002-12-08,
2002-12-09,
2002-12-10,
2002-12-11,
2002-12-12,
2002-12-13,
2002-12-14,
2002-12-15,
2002-12-16,
2002-12-17,
2002-12-18,
2002-12-19,
2002-12-20,
2002-12-21,
2002-12-22,
2002-12-23,
2002-12-24,
2002-12-25,
2002-12-26,
2002-12-27,
2002-12-28,
2002-12-29,
2002-12-30,
2002-12-31,
2003-01-01,
2003-01-02,
2003-01-03,
2003-01-04,
2003-01-05,
2003-01-06,
2003-01-07,
2003-01-08,
2003-01-09,
2003-01-10,
2003-01-11,
2003-01-12,
2003-01-13,
2003-01-14,
2003-01-15,
2003-01-16,
2003-01-17,
2003-01-18,
2003-01-19,
2003-01-20,
2003-01-21,
2003-01-22,
2003-01-23,
2003-01-24,
2003-01-25,
2003-01-26,
2003-01-27,
2003-01-28,
2003-01-29,
2003-01-30,
2003-01-31,
2003-02-01,
2003-02-02,
2003-02-03,
2003-02-04,
2003-02-05,
2003-02-06,
2003-02-07,
2003-02-08,
2003-02-09,
2003-02-10,
2003-02-11,
2003-02-12,
2003-02-13,
2003-02-14,
2003-02-15,
2003-02-16,
2003-02-17,
2003-02-18,
2003-02-19,
2003-02-20,
2003-02-21,
2003-02-22,
2003-02-23,
2003-02-24,
2003-02-25,
2003-02-26,
2003-02-27,
2003-02-28,
2003-03-01,
2003-03-02,
2003-03-03,
2003-03-04,
2003-03-05,
2003-03-06,
2003-03-07,
2003-03-08,
2003-03-09,
2003-03-10,
2003-03-11,
2003-03-12,
2003-03-13,
2003-03-14,
2003-03-15,
2003-03-16,
2003-03-17,
2003-03-18,
2003-03-19,
2003-03-20,
2003-03-21,
2003-03-22,
2003-03-23,
2003-03-24,
2003-03-25,
2003-03-26,
2003-03-27,
2003-03-28,
2003-03-29,
2003-03-30,
2003-03-31,
2003-04-01,
2003-04-02,
2003-04-03,
2003-04-04,
2003-04-05,
2003-04-06,
2003-04-07,
2003-04-08,
2003-04-09,
2003-04-10,
2003-04-11,
2003-04-12,
2003-04-13,
2003-04-14,
2003-04-15,
2003-04-16,
2003-04-17,
2003-04-18,
2003-04-19,
2003-04-20,
2003-04-21,
2003-04-22,
2003-04-23,
2003-04-24,
2003-04-25,
2003-04-26,
2003-04-27,
2003-04-28,
2003-04-29,
2003-04-30,
2003-05-01,
2003-05-02,
2003-05-03,
2003-05-04,
2003-05-05,
2003-05-06,
2003-05-07,
2003-05-08,
2003-05-09,
2003-05-10,
2003-05-11,
2003-05-12,
2003-05-13,
2003-05-14,
2003-05-15,
2003-05-16,
2003-05-17,
2003-05-18,
2003-05-19,
2003-05-20,
2003-05-21,
2003-05-22,
2003-05-23,
2003-05-24,
2003-05-25,
2003-05-26,
2003-05-27,
2003-05-28,
2003-05-29,
2003-05-30,
2003-05-31,
2003-06-01,
2003-06-02,
2003-06-03,
2003-06-04,
2003-06-05,
2003-06-06,
2003-06-07,
2003-06-08,
2003-06-09,
2003-06-10,
2003-06-11,
2003-06-12,
2003-06-13,
2003-06-14,
2003-06-15,
2003-06-16,
2003-06-17,
2003-06-18,
2003-06-19,
2003-06-20,
2003-06-21,
2003-06-22,
2003-06-23,
2003-06-24,
2003-06-25,
2003-06-26,
2003-06-27,
2003-06-28,
2003-06-29,
2003-06-30,
2003-07-01,
2003-07-02,
2003-07-03,
2003-07-04,
2003-07-05,
2003-07-06,
2003-07-07,
2003-07-08,
2003-07-09,
2003-07-10,
2003-07-11,
2003-07-12,
2003-07-13,
2003-07-14,
2003-07-15,
2003-07-16,
2003-07-17,
2003-07-18,
2003-07-19,
2003-07-20,
2003-07-21,
2003-07-22,
2003-07-23,
2003-07-24,
2003-07-25,
2003-07-26,
2003-07-27,
2003-07-28,
2003-07-29,
2003-07-30,
2003-07-31,
2003-08-01,
2003-08-02,
2003-08-03,
2003-08-04,
2003-08-05,
2003-08-06,
2003-08-07,
2003-08-08,
2003-08-09,
2003-08-10,
2003-08-11,
2003-08-12,
2003-08-13,
2003-08-14,
2003-08-15,
2003-08-16,
2003-08-17,
2003-08-18,
2003-08-19,
2003-08-20,
2003-08-21,
2003-08-22,
2003-08-23,
2003-08-24,
2003-08-25,
2003-08-26,
2003-08-27,
2003-08-28,
2003-08-29,
2003-08-30,
2003-08-31,
2003-09-01,
2003-09-02,
2003-09-03,
2003-09-04,
2003-09-05,
2003-09-06,
2003-09-07,
2003-09-08,
2003-09-09,
2003-09-10,
2003-09-11,
2003-09-12,
2003-09-13,
2003-09-14,
2003-09-15,
2003-09-16,
2003-09-17,
2003-09-18,
2003-09-19,
2003-09-20,
2003-09-21,
2003-09-22,
2003-09-23,
2003-09-24,
2003-09-25,
2003-09-26,
2003-09-27,
2003-09-28,
2003-09-29,
2003-09-30,
2003-10-01,
2003-10-02,
2003-10-03,
2003-10-04,
2003-10-05,
2003-10-06,
2003-10-07,
2003-10-08,
2003-10-09,
2003-10-10,
2003-10-11,
2003-10-12,
2003-10-13,
2003-10-14,
2003-10-15,
2003-10-16,
2003-10-17,
2003-10-18,
2003-10-19,
2003-10-20,
2003-10-21,
2003-10-22,
2003-10-23,
2003-10-24,
2003-10-25,
2003-10-26,
2003-10-27,
2003-10-28,
2003-10-29,
2003-10-30,
2003-10-31,
2003-11-01,
2003-11-02,
2003-11-03,
2003-11-04,
2003-11-05,
2003-11-06,
2003-11-07,
2003-11-08,
2003-11-09,
2003-11-10,
2003-11-11,
2003-11-12,
2003-11-13,
2003-11-14,
2003-11-15,
2003-11-16,
2003-11-17,
2003-11-18,
2003-11-19,
2003-11-20,
2003-11-21,
2003-11-22,
2003-11-23,
2003-11-24,
2003-11-25,
2003-11-26,
2003-11-27,
2003-11-28,
2003-11-29,
2003-11-30,
2003-12-01,
2003-12-02,
2003-12-03,
2003-12-04,
2003-12-05,
2003-12-06,
2003-12-07,
2003-12-08,
2003-12-09,
2003-12-10,
2003-12-11,
2003-12-12,
2003-12-13,
2003-12-14,
2003-12-15,
2003-12-16,
2003-12-17,
2003-12-18,
2003-12-19,
2003-12-20,
2003-12-21,
2003-12-22,
2003-12-23,
2003-12-24,
2003-12-25,
2003-12-26,
2003-12-27,
2003-12-28,
2003-12-29,
2003-12-30,
2003-12-31,
2004-01-01,
2004-01-02,
2004-01-03,
2004-01-04,
2004-01-05,
2004-01-06,
2004-01-07,
2004-01-08,
2004-01-09,
2004-01-10,
2004-01-11,
2004-01-12,
2004-01-13,
2004-01-14,
2004-01-15,
2004-01-16,
2004-01-17,
2004-01-18,
2004-01-19,
2004-01-20,
2004-01-21,
2004-01-22,
2004-01-23,
2004-01-24,
2004-01-25,
2004-01-26,
2004-01-27,
2004-01-28,
2004-01-29,
2004-01-30,
2004-01-31,
2004-02-01,
2004-02-02,
2004-02-03,
2004-02-04,
2004-02-05,
2004-02-06,
2004-02-07,
2004-02-08,
2004-02-09,
2004-02-10,
2004-02-11,
2004-02-12,
2004-02-13,
2004-02-14,
2004-02-15,
2004-02-16,
2004-02-17,
2004-02-18,
2004-02-19,
2004-02-20,
2004-02-21,
2004-02-22,
2004-02-23,
2004-02-24,
2004-02-25,
2004-02-26,
2004-02-27,
2004-02-28,
2004-02-29,
2004-03-01,
2004-03-02,
2004-03-03,
2004-03-04,
2004-03-05,
2004-03-06,
2004-03-07,
2004-03-08,
2004-03-09,
2004-03-10,
2004-03-11,
2004-03-12,
2004-03-13,
2004-03-14,
2004-03-15,
2004-03-16,
2004-03-17,
2004-03-18,
2004-03-19,
2004-03-20,
2004-03-21,
2004-03-22,
2004-03-23,
2004-03-24,
2004-03-25,
2004-03-26,
2004-03-27,
2004-03-28,
2004-03-29,
2004-03-30,
2004-03-31,
2004-04-01,
2004-04-02,
2004-04-03,
2004-04-04,
2004-04-05,
2004-04-06,
2004-04-07,
2004-04-08,
2004-04-09,
2004-04-10,
2004-04-11,
2004-04-12,
2004-04-13,
2004-04-14,
2004-04-15,
2004-04-16,
2004-04-17,
2004-04-18,
2004-04-19,
2004-04-20,
2004-04-21,
2004-04-22,
2004-04-23,
2004-04-24,
2004-04-25,
2004-04-26,
2004-04-27,
2004-04-28,
2004-04-29,
2004-04-30,
2004-05-01,
2004-05-02,
2004-05-03,
2004-05-04,
2004-05-05,
2004-05-06,
2004-05-07,
2004-05-08,
2004-05-09,
2004-05-10,
2004-05-11,
2004-05-12,
2004-05-13,
2004-05-14,
2004-05-15,
2004-05-16,
2004-05-17,
2004-05-18,
2004-05-19,
2004-05-20,
2004-05-21,
2004-05-22,
2004-05-23,
2004-05-24,
2004-05-25,
2004-05-26,
2004-05-27,
2004-05-28,
2004-05-29,
2004-05-30,
2004-05-31,
2004-06-01,
2004-06-02,
2004-06-03,
2004-06-04,
2004-06-05,
2004-06-06,
2004-06-07,
2004-06-08,
2004-06-09,
2004-06-10,
2004-06-11,
2004-06-12,
2004-06-13,
2004-06-14,
2004-06-15,
2004-06-16,
2004-06-17,
2004-06-18,
2004-06-19,
2004-06-20,
2004-06-21,
2004-06-22,
2004-06-23,
2004-06-24,
2004-06-25,
2004-06-26,
2004-06-27,
2004-06-28,
2004-06-29,
2004-06-30,
2004-07-01,
2004-07-02,
2004-07-03,
2004-07-04,
2004-07-05,
2004-07-06,
2004-07-07,
2004-07-08,
2004-07-09,
2004-07-10,
2004-07-11,
2004-07-12,
2004-07-13,
2004-07-14,
2004-07-15,
2004-07-16,
2004-07-17,
2004-07-18,
2004-07-19,
2004-07-20,
2004-07-21,
2004-07-22,
2004-07-23,
2004-07-24,
2004-07-25,
2004-07-26,
2004-07-27,
2004-07-28,
2004-07-29,
2004-07-30,
2004-07-31,
2004-08-01,
2004-08-02,
2004-08-03,
2004-08-04,
2004-08-05,
2004-08-06,
2004-08-07,
2004-08-08,
2004-08-09,
2004-08-10,
2004-08-11,
2004-08-12,
2004-08-13,
2004-08-14,
2004-08-15,
2004-08-16,
2004-08-17,
2004-08-18,
2004-08-19,
2004-08-20,
2004-08-21,
2004-08-22,
2004-08-23,
2004-08-24,
2004-08-25,
2004-08-26,
2004-08-27,
2004-08-28,
2004-08-29,
2004-08-30,
2004-08-31,
2004-09-01,
2004-09-02,
2004-09-03,
2004-09-04,
2004-09-05,
2004-09-06,
2004-09-07,
2004-09-08,
2004-09-09,
2004-09-10,
2004-09-11,
2004-09-12,
2004-09-13,
2004-09-14,
2004-09-15,
2004-09-16,
2004-09-17,
2004-09-18,
2004-09-19,
2004-09-20,
2004-09-21,
2004-09-22,
2004-09-23,
2004-09-24,
2004-09-25,
2004-09-26,
2004-09-27,
2004-09-28,
2004-09-29,
2004-09-30,
2004-10-01,
2004-10-02,
2004-10-03,
2004-10-04,
2004-10-05,
2004-10-06,
2004-10-07,
2004-10-08,
2004-10-09,
2004-10-10,
2004-10-11,
2004-10-12,
2004-10-13,
2004-10-14,
2004-10-15,
2004-10-16,
2004-10-17,
2004-10-18,
2004-10-19,
2004-10-20,
2004-10-21,
2004-10-22,
2004-10-23,
2004-10-24,
2004-10-25,
2004-10-26,
2004-10-27,
2004-10-28,
2004-10-29,
2004-10-30,
2004-10-31,
2004-11-01,
2004-11-02,
2004-11-03,
2004-11-04,
2004-11-05,
2004-11-06,
2004-11-07,
2004-11-08,
2004-11-09,
2004-11-10,
2004-11-11,
2004-11-12,
2004-11-13,
2004-11-14,
2004-11-15,
2004-11-16,
2004-11-17,
2004-11-18,
2004-11-19,
2004-11-20,
2004-11-21,
2004-11-22,
2004-11-23,
2004-11-24,
2004-11-25,
2004-11-26,
2004-11-27,
2004-11-28,
2004-11-29,
2004-11-30,
2004-12-01,
2004-12-02,
2004-12-03,
2004-12-04,
2004-12-05,
2004-12-06,
2004-12-07,
2004-12-08,
2004-12-09,
2004-12-10,
2004-12-11,
2004-12-12,
2004-12-13,
2004-12-14,
2004-12-15,
2004-12-16,
2004-12-17,
2004-12-18,
2004-12-19,
2004-12-20,
2004-12-21,
2004-12-22,
2004-12-23,
2004-12-24,
2004-12-25,
2004-12-26,
2004-12-27,
2004-12-28,
2004-12-29,
2004-12-30,
2004-12-31,
2005-01-01,
2005-01-02,
2005-01-03,
2005-01-04,
2005-01-05,
2005-01-06,
2005-01-07,
2005-01-08,
2005-01-09,
2005-01-10,
2005-01-11,
2005-01-12,
2005-01-13,
2005-01-14,
2005-01-15,
2005-01-16,
2005-01-17,
2005-01-18,
2005-01-19,
2005-01-20,
2005-01-21,
2005-01-22,
2005-01-23,
2005-01-24,
2005-01-25,
2005-01-26,
2005-01-27,
2005-01-28,
2005-01-29,
2005-01-30,
2005-01-31,
2005-02-01,
2005-02-02,
2005-02-03,
2005-02-04,
2005-02-05,
2005-02-06,
2005-02-07,
2005-02-08,
2005-02-09,
2005-02-10,
2005-02-11,
2005-02-12,
2005-02-13,
2005-02-14,
2005-02-15,
2005-02-16,
2005-02-17,
2005-02-18,
2005-02-19,
2005-02-20,
2005-02-21,
2005-02-22,
2005-02-23,
2005-02-24,
2005-02-25,
2005-02-26,
2005-02-27,
2005-02-28,
2005-03-01,
2005-03-02,
2005-03-03,
2005-03-04,
2005-03-05,
2005-03-06,
2005-03-07,
2005-03-08,
2005-03-09,
2005-03-10,
2005-03-11,
2005-03-12,
2005-03-13,
2005-03-14,
2005-03-15,
2005-03-16,
2005-03-17,
2005-03-18,
2005-03-19,
2005-03-20,
2005-03-21,
2005-03-22,
2005-03-23,
2005-03-24,
2005-03-25,
2005-03-26,
2005-03-27,
2005-03-28,
2005-03-29,
2005-03-30,
2005-03-31,
2005-04-01,
2005-04-02,
2005-04-03,
2005-04-04,
2005-04-05,
2005-04-06,
2005-04-07,
2005-04-08,
2005-04-09,
2005-04-10,
2005-04-11,
2005-04-12,
2005-04-13,
2005-04-14,
2005-04-15,
2005-04-16,
2005-04-17,
2005-04-18,
2005-04-19,
2005-04-20,
2005-04-21,
2005-04-22,
2005-04-23,
2005-04-24,
2005-04-25,
2005-04-26,
2005-04-27,
2005-04-28,
2005-04-29,
2005-04-30,
2005-05-01,
2005-05-02,
2005-05-03,
2005-05-04,
2005-05-05,
2005-05-06,
2005-05-07,
2005-05-08,
2005-05-09,
2005-05-10,
2005-05-11,
2005-05-12,
2005-05-13,
2005-05-14,
2005-05-15,
2005-05-16,
2005-05-17,
2005-05-18,
2005-05-19,
2005-05-20,
2005-05-21,
2005-05-22,
2005-05-23,
2005-05-24,
2005-05-25,
2005-05-26,
2005-05-27,
2005-05-28,
2005-05-29,
2005-05-30,
2005-05-31,
2005-06-01,
2005-06-02,
2005-06-03,
2005-06-04,
2005-06-05,
2005-06-06,
2005-06-07,
2005-06-08,
2005-06-09,
2005-06-10,
2005-06-11,
2005-06-12,
2005-06-13,
2005-06-14,
2005-06-15,
2005-06-16,
2005-06-17,
2005-06-18,
2005-06-19,
2005-06-20,
2005-06-21,
2005-06-22,
2005-06-23,
2005-06-24,
2005-06-25,
2005-06-26,
2005-06-27,
2005-06-28,
2005-06-29,
2005-06-30,
2005-07-01,
2005-07-02,
2005-07-03,
2005-07-04,
2005-07-05,
2005-07-06,
2005-07-07,
2005-07-08,
2005-07-09,
2005-07-10,
2005-07-11,
2005-07-12,
2005-07-13,
2005-07-14,
2005-07-15,
2005-07-16,
2005-07-17,
2005-07-18,
2005-07-19,
2005-07-20,
2005-07-21,
2005-07-22,
2005-07-23,
2005-07-24,
2005-07-25,
2005-07-26,
2005-07-27,
2005-07-28,
2005-07-29,
2005-07-30,
2005-07-31,
2005-08-01,
2005-08-02,
2005-08-03,
2005-08-04,
2005-08-05,
2005-08-06,
2005-08-07,
2005-08-08,
2005-08-09,
2005-08-10,
2005-08-11,
2005-08-12,
2005-08-13,
2005-08-14,
2005-08-15,
2005-08-16,
2005-08-17,
2005-08-18,
2005-08-19,
2005-08-20,
2005-08-21,
2005-08-22,
2005-08-23,
2005-08-24,
2005-08-25,
2005-08-26,
2005-08-27,
2005-08-28,
2005-08-29,
2005-08-30,
2005-08-31,
2005-09-01,
2005-09-02,
2005-09-03,
2005-09-04,
2005-09-05,
2005-09-06,
2005-09-07,
2005-09-08,
2005-09-09,
2005-09-10,
2005-09-11,
2005-09-12,
2005-09-13,
2005-09-14,
2005-09-15,
2005-09-16,
2005-09-17,
2005-09-18,
2005-09-19,
2005-09-20,
2005-09-21,
2005-09-22,
2005-09-23,
2005-09-24,
2005-09-25,
2005-09-26,
2005-09-27,
2005-09-28,
2005-09-29,
2005-09-30,
2005-10-01,
2005-10-02,
2005-10-03,
2005-10-04,
2005-10-05,
2005-10-06,
2005-10-07,
2005-10-08,
2005-10-09,
2005-10-10,
2005-10-11,
2005-10-12,
2005-10-13,
2005-10-14,
2005-10-15,
2005-10-16,
2005-10-17,
2005-10-18,
2005-10-19,
2005-10-20,
2005-10-21,
2005-10-22,
2005-10-23,
2005-10-24,
2005-10-25,
2005-10-26,
2005-10-27,
2005-10-28,
2005-10-29,
2005-10-30,
2005-10-31,
2005-11-01,
2005-11-02,
2005-11-03,
2005-11-04,
2005-11-05,
2005-11-06,
2005-11-07,
2005-11-08,
2005-11-09,
2005-11-10,
2005-11-11,
2005-11-12,
2005-11-13,
2005-11-14,
2005-11-15,
2005-11-16,
2005-11-17,
2005-11-18,
2005-11-19,
2005-11-20,
2005-11-21,
2005-11-22,
2005-11-23,
2005-11-24,
2005-11-25,
2005-11-26,
2005-11-27,
2005-11-28,
2005-11-29,
2005-11-30,
2005-12-01,
2005-12-02,
2005-12-03,
2005-12-04,
2005-12-05,
2005-12-06,
2005-12-07,
2005-12-08,
2005-12-09,
2005-12-10,
2005-12-11,
2005-12-12,
2005-12-13,
2005-12-14,
2005-12-15,
2005-12-16,
2005-12-17,
2005-12-18,
2005-12-19,
2005-12-20,
2005-12-21,
2005-12-22,
2005-12-23,
2005-12-24,
2005-12-25,
2005-12-26,
2005-12-27,
2005-12-28,
2005-12-29,
2005-12-30,
2005-12-31,
2006-01-01,
2006-01-02,
2006-01-03,
2006-01-04,
2006-01-05,
2006-01-06,
2006-01-07,
2006-01-08,
2006-01-09,
2006-01-10,
2006-01-11,
2006-01-12,
2006-01-13,
2006-01-14,
2006-01-15,
2006-01-16,
2006-01-17,
2006-01-18,
2006-01-19,
2006-01-20,
2006-01-21,
2006-01-22,
2006-01-23,
2006-01-24,
2006-01-25,
2006-01-26,
2006-01-27,
2006-01-28,
2006-01-29,
2006-01-30,
2006-01-31,
2006-02-01,
2006-02-02,
2006-02-03,
2006-02-04,
2006-02-05,
2006-02-06,
2006-02-07,
2006-02-08,
2006-02-09,
2006-02-10,
2006-02-11,
2006-02-12,
2006-02-13,
2006-02-14,
2006-02-15,
2006-02-16,
2006-02-17,
2006-02-18,
2006-02-19,
2006-02-20,
2006-02-21,
2006-02-22,
2006-02-23,
2006-02-24,
2006-02-25,
2006-02-26,
2006-02-27,
2006-02-28,
2006-03-01,
2006-03-02,
2006-03-03,
2006-03-04,
2006-03-05,
2006-03-06,
2006-03-07,
2006-03-08,
2006-03-09,
2006-03-10,
2006-03-11,
2006-03-12,
2006-03-13,
2006-03-14,
2006-03-15,
2006-03-16,
2006-03-17,
2006-03-18,
2006-03-19,
2006-03-20,
2006-03-21,
2006-03-22,
2006-03-23,
2006-03-24,
2006-03-25,
2006-03-26,
2006-03-27,
2006-03-28,
2006-03-29,
2006-03-30,
2006-03-31,
2006-04-01,
2006-04-02,
2006-04-03,
2006-04-04,
2006-04-05,
2006-04-06,
2006-04-07,
2006-04-08,
2006-04-09,
2006-04-10,
2006-04-11,
2006-04-12,
2006-04-13,
2006-04-14,
2006-04-15,
2006-04-16,
2006-04-17,
2006-04-18,
2006-04-19,
2006-04-20,
2006-04-21,
2006-04-22,
2006-04-23,
2006-04-24,
2006-04-25,
2006-04-26,
2006-04-27,
2006-04-28,
2006-04-29,
2006-04-30,
2006-05-01,
2006-05-02,
2006-05-03,
2006-05-04,
2006-05-05,
2006-05-06,
2006-05-07,
2006-05-08,
2006-05-09,
2006-05-10,
2006-05-11,
2006-05-12,
2006-05-13,
2006-05-14,
2006-05-15,
2006-05-16,
2006-05-17,
2006-05-18,
2006-05-19,
2006-05-20,
2006-05-21,
2006-05-22,
2006-05-23,
2006-05-24,
2006-05-25,
2006-05-26,
2006-05-27,
2006-05-28,
2006-05-29,
2006-05-30,
2006-05-31,
2006-06-01,
2006-06-02,
2006-06-03,
2006-06-04,
2006-06-05,
2006-06-06,
2006-06-07,
2006-06-08,
2006-06-09,
2006-06-10,
2006-06-11,
2006-06-12,
2006-06-13,
2006-06-14,
2006-06-15,
2006-06-16,
2006-06-17,
2006-06-18,
2006-06-19,
2006-06-20,
2006-06-21,
2006-06-22,
2006-06-23,
2006-06-24,
2006-06-25,
2006-06-26,
2006-06-27,
2006-06-28,
2006-06-29,
2006-06-30,
2006-07-01,
2006-07-02,
2006-07-03,
2006-07-04,
2006-07-05,
2006-07-06,
2006-07-07,
2006-07-08,
2006-07-09,
2006-07-10,
2006-07-11,
2006-07-12,
2006-07-13,
2006-07-14,
2006-07-15,
2006-07-16,
2006-07-17,
2006-07-18,
2006-07-19,
2006-07-20,
2006-07-21,
2006-07-22,
2006-07-23,
2006-07-24,
2006-07-25,
2006-07-26,
2006-07-27,
2006-07-28,
2006-07-29,
2006-07-30,
2006-07-31,
2006-08-01,
2006-08-02,
2006-08-03,
2006-08-04,
2006-08-05,
2006-08-06,
2006-08-07,
2006-08-08,
2006-08-09,
2006-08-10,
2006-08-11,
2006-08-12,
2006-08-13,
2006-08-14,
2006-08-15,
2006-08-16,
2006-08-17,
2006-08-18,
2006-08-19,
2006-08-20,
2006-08-21,
2006-08-22,
2006-08-23,
2006-08-24,
2006-08-25,
2006-08-26,
2006-08-27,
2006-08-28,
2006-08-29,
2006-08-30,
2006-08-31,
2006-09-01,
2006-09-02,
2006-09-03,
2006-09-04,
2006-09-05,
2006-09-06,
2006-09-07,
2006-09-08,
2006-09-09,
2006-09-10,
2006-09-11,
2006-09-12,
2006-09-13,
2006-09-14,
2006-09-15,
2006-09-16,
2006-09-17,
2006-09-18,
2006-09-19,
2006-09-20,
2006-09-21,
2006-09-22,
2006-09-23,
2006-09-24,
2006-09-25,
2006-09-26,
2006-09-27,
2006-09-28,
2006-09-29,
2006-09-30,
2006-10-01,
2006-10-02,
2006-10-03,
2006-10-04,
2006-10-05,
2006-10-06,
2006-10-07,
2006-10-08,
2006-10-09,
2006-10-10,
2006-10-11,
2006-10-12,
2006-10-13,
2006-10-14,
2006-10-15,
2006-10-16,
2006-10-17,
2006-10-18,
2006-10-19,
2006-10-20,
2006-10-21,
2006-10-22,
2006-10-23,
2006-10-24,
2006-10-25,
2006-10-26,
2006-10-27,
2006-10-28,
2006-10-29,
2006-10-30,
2006-10-31,
2006-11-01,
2006-11-02,
2006-11-03,
2006-11-04,
2006-11-05,
2006-11-06,
2006-11-07,
2006-11-08,
2006-11-09,
2006-11-10,
2006-11-11,
2006-11-12,
2006-11-13,
2006-11-14,
2006-11-15,
2006-11-16,
2006-11-17,
2006-11-18,
2006-11-19,
2006-11-20,
2006-11-21,
2006-11-22,
2006-11-23,
2006-11-24,
2006-11-25,
2006-11-26,
2006-11-27,
2006-11-28,
2006-11-29,
2006-11-30,
2006-12-01,
2006-12-02,
2006-12-03,
2006-12-04,
2006-12-05,
2006-12-06,
2006-12-07,
2006-12-08,
2006-12-09,
2006-12-10,
2006-12-11,
2006-12-12,
2006-12-13,
2006-12-14,
2006-12-15,
2006-12-16,
2006-12-17,
2006-12-18,
2006-12-19,
2006-12-20,
2006-12-21,
2006-12-22,
2006-12-23,
2006-12-24,
2006-12-25,
2006-12-26,
2006-12-27,
2006-12-28,
2006-12-29,
2006-12-30,
2006-12-31,
2007-01-01,
2007-01-02,
2007-01-03,
2007-01-04,
2007-01-05,
2007-01-06,
2007-01-07,
2007-01-08,
2007-01-09,
2007-01-10,
2007-01-11,
2007-01-12,
2007-01-13,
2007-01-14,
2007-01-15,
2007-01-16,
2007-01-17,
2007-01-18,
2007-01-19,
2007-01-20,
2007-01-21,
2007-01-22,
2007-01-23,
2007-01-24,
2007-01-25,
2007-01-26,
2007-01-27,
2007-01-28,
2007-01-29,
2007-01-30,
2007-01-31,
2007-02-01,
2007-02-02,
2007-02-03,
2007-02-04,
2007-02-05,
2007-02-06,
2007-02-07,
2007-02-08,
2007-02-09,
2007-02-10,
2007-02-11,
2007-02-12,
2007-02-13,
2007-02-14,
2007-02-15,
2007-02-16,
2007-02-17,
2007-02-18,
2007-02-19,
2007-02-20,
2007-02-21,
2007-02-22,
2007-02-23,
2007-02-24,
2007-02-25,
2007-02-26,
2007-02-27,
2007-02-28,
2007-03-01,
2007-03-02,
2007-03-03,
2007-03-04,
2007-03-05,
2007-03-06,
2007-03-07,
2007-03-08,
2007-03-09,
2007-03-10,
2007-03-11,
2007-03-12,
2007-03-13,
2007-03-14,
2007-03-15,
2007-03-16,
2007-03-17,
2007-03-18,
2007-03-19,
2007-03-20,
2007-03-21,
2007-03-22,
2007-03-23,
2007-03-24,
2007-03-25,
2007-03-26,
2007-03-27,
2007-03-28,
2007-03-29,
2007-03-30,
2007-03-31,
2007-04-01,
2007-04-02,
2007-04-03,
2007-04-04,
2007-04-05,
2007-04-06,
2007-04-07,
2007-04-08,
2007-04-09,
2007-04-10,
2007-04-11,
2007-04-12,
2007-04-13,
2007-04-14,
2007-04-15,
2007-04-16,
2007-04-17,
2007-04-18,
2007-04-19,
2007-04-20,
2007-04-21,
2007-04-22,
2007-04-23,
2007-04-24,
2007-04-25,
2007-04-26,
2007-04-27,
2007-04-28,
2007-04-29,
2007-04-30,
2007-05-01,
2007-05-02,
2007-05-03,
2007-05-04,
2007-05-05,
2007-05-06,
2007-05-07,
2007-05-08,
2007-05-09,
2007-05-10,
2007-05-11,
2007-05-12,
2007-05-13,
2007-05-14,
2007-05-15,
2007-05-16,
2007-05-17,
2007-05-18,
2007-05-19,
2007-05-20,
2007-05-21,
2007-05-22,
2007-05-23,
2007-05-24,
2007-05-25,
2007-05-26,
2007-05-27,
2007-05-28,
2007-05-29,
2007-05-30,
2007-05-31,
2007-06-01,
2007-06-02,
2007-06-03,
2007-06-04,
2007-06-05,
2007-06-06,
2007-06-07,
2007-06-08,
2007-06-09,
2007-06-10,
2007-06-11,
2007-06-12,
2007-06-13,
2007-06-14,
2007-06-15,
2007-06-16,
2007-06-17,
2007-06-18,
2007-06-19,
2007-06-20,
2007-06-21,
2007-06-22,
2007-06-23,
2007-06-24,
2007-06-25,
2007-06-26,
2007-06-27,
2007-06-28,
2007-06-29,
2007-06-30,
2007-07-01,
2007-07-02,
2007-07-03,
2007-07-04,
2007-07-05,
2007-07-06,
2007-07-07,
2007-07-08,
2007-07-09,
2007-07-10,
2007-07-11,
2007-07-12,
2007-07-13,
2007-07-14,
2007-07-15,
2007-07-16,
2007-07-17,
2007-07-18,
2007-07-19,
2007-07-20,
2007-07-21,
2007-07-22,
2007-07-23,
2007-07-24,
2007-07-25,
2007-07-26,
2007-07-27,
2007-07-28,
2007-07-29,
2007-07-30,
2007-07-31,
2007-08-01,
2007-08-02,
2007-08-03,
2007-08-04,
2007-08-05,
2007-08-06,
2007-08-07,
2007-08-08,
2007-08-09,
2007-08-10,
2007-08-11,
2007-08-12,
2007-08-13,
2007-08-14,
2007-08-15,
2007-08-16,
2007-08-17,
2007-08-18,
2007-08-19,
2007-08-20,
2007-08-21,
2007-08-22,
2007-08-23,
2007-08-24,
2007-08-25,
2007-08-26,
2007-08-27,
2007-08-28,
2007-08-29,
2007-08-30,
2007-08-31,
2007-09-01,
2007-09-02,
2007-09-03,
2007-09-04,
2007-09-05,
2007-09-06,
2007-09-07,
2007-09-08,
2007-09-09,
2007-09-10,
2007-09-11,
2007-09-12,
2007-09-13,
2007-09-14,
2007-09-15,
2007-09-16,
2007-09-17,
2007-09-18,
2007-09-19,
2007-09-20,
2007-09-21,
2007-09-22,
2007-09-23,
2007-09-24,
2007-09-25,
2007-09-26,
2007-09-27,
2007-09-28,
2007-09-29,
2007-09-30,
2007-10-01,
2007-10-02,
2007-10-03,
2007-10-04,
2007-10-05,
2007-10-06,
2007-10-07,
2007-10-08,
2007-10-09,
2007-10-10,
2007-10-11,
2007-10-12,
2007-10-13,
2007-10-14,
2007-10-15,
2007-10-16,
2007-10-17,
2007-10-18,
2007-10-19,
2007-10-20,
2007-10-21,
2007-10-22,
2007-10-23,
2007-10-24,
2007-10-25,
2007-10-26,
2007-10-27,
2007-10-28,
2007-10-29,
2007-10-30,
2007-10-31,
2007-11-01,
2007-11-02,
2007-11-03,
2007-11-04,
2007-11-05,
2007-11-06,
2007-11-07,
2007-11-08,
2007-11-09,
2007-11-10,
2007-11-11,
2007-11-12,
2007-11-13,
2007-11-14,
2007-11-15,
2007-11-16,
2007-11-17,
2007-11-18,
2007-11-19,
2007-11-20,
2007-11-21,
2007-11-22,
2007-11-23,
2007-11-24,
2007-11-25,
2007-11-26,
2007-11-27,
2007-11-28,
2007-11-29,
2007-11-30,
2007-12-01,
2007-12-02,
2007-12-03,
2007-12-04,
2007-12-05,
2007-12-06,
2007-12-07,
2007-12-08,
2007-12-09,
2007-12-10,
2007-12-11,
2007-12-12,
2007-12-13,
2007-12-14,
2007-12-15,
2007-12-16,
2007-12-17,
2007-12-18,
2007-12-19,
2007-12-20,
2007-12-21,
2007-12-22,
2007-12-23,
2007-12-24,
2007-12-25,
2007-12-26,
2007-12-27,
2007-12-28,
2007-12-29,
2007-12-30,
2007-12-31,
2008-01-01,
2008-01-02,
2008-01-03,
2008-01-04,
2008-01-05,
2008-01-06,
2008-01-07,
2008-01-08,
2008-01-09,
2008-01-10,
2008-01-11,
2008-01-12,
2008-01-13,
2008-01-14,
2008-01-15,
2008-01-16,
2008-01-17,
2008-01-18,
2008-01-19,
2008-01-20,
2008-01-21,
2008-01-22,
2008-01-23,
2008-01-24,
2008-01-25,
2008-01-26,
2008-01-27,
2008-01-28,
2008-01-29,
2008-01-30,
2008-01-31,
2008-02-01,
2008-02-02,
2008-02-03,
2008-02-04,
2008-02-05,
2008-02-06,
2008-02-07,
2008-02-08,
2008-02-09,
2008-02-10,
2008-02-11,
2008-02-12,
2008-02-13,
2008-02-14,
2008-02-15,
2008-02-16,
2008-02-17,
2008-02-18,
2008-02-19,
2008-02-20,
2008-02-21,
2008-02-22,
2008-02-23,
2008-02-24,
2008-02-25,
2008-02-26,
2008-02-27,
2008-02-28,
2008-02-29,
2008-03-01,
2008-03-02,
2008-03-03,
2008-03-04,
2008-03-05,
2008-03-06,
2008-03-07,
2008-03-08,
2008-03-09,
2008-03-10,
2008-03-11,
2008-03-12,
2008-03-13,
2008-03-14,
2008-03-15,
2008-03-16,
2008-03-17,
2008-03-18,
2008-03-19,
2008-03-20,
2008-03-21,
2008-03-22,
2008-03-23,
2008-03-24,
2008-03-25,
2008-03-26,
2008-03-27,
2008-03-28,
2008-03-29,
2008-03-30,
2008-03-31,
2008-04-01,
2008-04-02,
2008-04-03,
2008-04-04,
2008-04-05,
2008-04-06,
2008-04-07,
2008-04-08,
2008-04-09,
2008-04-10,
2008-04-11,
2008-04-12,
2008-04-13,
2008-04-14,
2008-04-15,
2008-04-16,
2008-04-17,
2008-04-18,
2008-04-19,
2008-04-20,
2008-04-21,
2008-04-22,
2008-04-23,
2008-04-24,
2008-04-25,
2008-04-26,
2008-04-27,
2008-04-28,
2008-04-29,
2008-04-30,
2008-05-01,
2008-05-02,
2008-05-03,
2008-05-04,
2008-05-05,
2008-05-06,
2008-05-07,
2008-05-08,
2008-05-09,
2008-05-10,
2008-05-11,
2008-05-12,
2008-05-13,
2008-05-14,
2008-05-15,
2008-05-16,
2008-05-17,
2008-05-18,
2008-05-19,
2008-05-20,
2008-05-21,
2008-05-22,
2008-05-23,
2008-05-24,
2008-05-25,
2008-05-26,
2008-05-27,
2008-05-28,
2008-05-29,
2008-05-30,
2008-05-31,
2008-06-01,
2008-06-02,
2008-06-03,
2008-06-04,
2008-06-05,
2008-06-06,
2008-06-07,
2008-06-08,
2008-06-09,
2008-06-10,
2008-06-11,
2008-06-12,
2008-06-13,
2008-06-14,
2008-06-15,
2008-06-16,
2008-06-17,
2008-06-18,
2008-06-19,
2008-06-20,
2008-06-21,
2008-06-22,
2008-06-23,
2008-06-24,
2008-06-25,
2008-06-26,
2008-06-27,
2008-06-28,
2008-06-29,
2008-06-30,
2008-07-01,
2008-07-02,
2008-07-03,
2008-07-04,
2008-07-05,
2008-07-06,
2008-07-07,
2008-07-08,
2008-07-09,
2008-07-10,
2008-07-11,
2008-07-12,
2008-07-13,
2008-07-14,
2008-07-15,
2008-07-16,
2008-07-17,
2008-07-18,
2008-07-19,
2008-07-20,
2008-07-21,
2008-07-22,
2008-07-23,
2008-07-24,
2008-07-25,
2008-07-26,
2008-07-27,
2008-07-28,
2008-07-29,
2008-07-30,
2008-07-31,
2008-08-01,
2008-08-02,
2008-08-03,
2008-08-04,
2008-08-05,
2008-08-06,
2008-08-07,
2008-08-08,
2008-08-09,
2008-08-10,
2008-08-11,
2008-08-12,
2008-08-13,
2008-08-14,
2008-08-15,
2008-08-16,
2008-08-17,
2008-08-18,
2008-08-19,
2008-08-20,
2008-08-21,
2008-08-22,
2008-08-23,
2008-08-24,
2008-08-25,
2008-08-26,
2008-08-27,
2008-08-28,
2008-08-29,
2008-08-30,
2008-08-31,
2008-09-01,
2008-09-02,
2008-09-03,
2008-09-04,
2008-09-05,
2008-09-06,
2008-09-07,
2008-09-08,
2008-09-09,
2008-09-10,
2008-09-11,
2008-09-12,
2008-09-13,
2008-09-14,
2008-09-15,
2008-09-16,
2008-09-17,
2008-09-18,
2008-09-19,
2008-09-20,
2008-09-21,
2008-09-22,
2008-09-23,
2008-09-24,
2008-09-25,
2008-09-26,
2008-09-27,
2008-09-28,
2008-09-29,
2008-09-30,
2008-10-01,
2008-10-02,
2008-10-03,
2008-10-04,
2008-10-05,
2008-10-06,
2008-10-07,
2008-10-08,
2008-10-09,
2008-10-10,
2008-10-11,
2008-10-12,
2008-10-13,
2008-10-14,
2008-10-15,
2008-10-16,
2008-10-17,
2008-10-18,
2008-10-19,
2008-10-20,
2008-10-21,
2008-10-22,
2008-10-23,
2008-10-24,
2008-10-25,
2008-10-26,
2008-10-27,
2008-10-28,
2008-10-29,
2008-10-30,
2008-10-31,
2008-11-01,
2008-11-02,
2008-11-03,
2008-11-04,
2008-11-05,
2008-11-06,
2008-11-07,
2008-11-08,
2008-11-09,
2008-11-10,
2008-11-11,
2008-11-12,
2008-11-13,
2008-11-14,
2008-11-15,
2008-11-16,
2008-11-17,
2008-11-18,
2008-11-19,
2008-11-20,
2008-11-21,
2008-11-22,
2008-11-23,
2008-11-24,
2008-11-25,
2008-11-26,
2008-11-27,
2008-11-28,
2008-11-29,
2008-11-30,
2008-12-01,
2008-12-02,
2008-12-03,
2008-12-04,
2008-12-05,
2008-12-06,
2008-12-07,
2008-12-08,
2008-12-09,
2008-12-10,
2008-12-11,
2008-12-12,
2008-12-13,
2008-12-14,
2008-12-15,
2008-12-16,
2008-12-17,
2008-12-18,
2008-12-19,
2008-12-20,
2008-12-21,
2008-12-22,
2008-12-23,
2008-12-24,
2008-12-25,
2008-12-26,
2008-12-27,
2008-12-28,
2008-12-29,
2008-12-30,
2008-12-31,
2009-01-01,
2009-01-02,
2009-01-03,
2009-01-04,
2009-01-05,
2009-01-06,
2009-01-07,
2009-01-08,
2009-01-09,
2009-01-10,
2009-01-11,
2009-01-12,
2009-01-13,
2009-01-14,
2009-01-15,
2009-01-16,
2009-01-17,
2009-01-18,
2009-01-19,
2009-01-20,
2009-01-21,
2009-01-22,
2009-01-23,
2009-01-24,
2009-01-25,
2009-01-26,
2009-01-27,
2009-01-28,
2009-01-29,
2009-01-30,
2009-01-31,
2009-02-01,
2009-02-02,
2009-02-03,
2009-02-04,
2009-02-05,
2009-02-06,
2009-02-07,
2009-02-08,
2009-02-09,
2009-02-10,
2009-02-11,
2009-02-12,
2009-02-13,
2009-02-14,
2009-02-15,
2009-02-16,
2009-02-17,
2009-02-18,
2009-02-19,
2009-02-20,
2009-02-21,
2009-02-22,
2009-02-23,
2009-02-24,
2009-02-25,
2009-02-26,
2009-02-27,
2009-02-28,
2009-03-01,
2009-03-02,
2009-03-03,
2009-03-04,
2009-03-05,
2009-03-06,
2009-03-07,
2009-03-08,
2009-03-09,
2009-03-10,
2009-03-11,
2009-03-12,
2009-03-13,
2009-03-14,
2009-03-15,
2009-03-16,
2009-03-17,
2009-03-18,
2009-03-19,
2009-03-20,
2009-03-21,
2009-03-22,
2009-03-23,
2009-03-24,
2009-03-25,
2009-03-26,
2009-03-27,
2009-03-28,
2009-03-29,
2009-03-30,
2009-03-31,
2009-04-01,
2009-04-02,
2009-04-03,
2009-04-04,
2009-04-05,
2009-04-06,
2009-04-07,
2009-04-08,
2009-04-09,
2009-04-10,
2009-04-11,
2009-04-12,
2009-04-13,
2009-04-14,
2009-04-15,
2009-04-16,
2009-04-17,
2009-04-18,
2009-04-19,
2009-04-20,
2009-04-21,
2009-04-22,
2009-04-23,
2009-04-24,
2009-04-25,
2009-04-26,
2009-04-27,
2009-04-28,
2009-04-29,
2009-04-30,
2009-05-01,
2009-05-02,
2009-05-03,
2009-05-04,
2009-05-05,
2009-05-06,
2009-05-07,
2009-05-08,
2009-05-09,
2009-05-10,
2009-05-11,
2009-05-12,
2009-05-13,
2009-05-14,
2009-05-15,
2009-05-16,
2009-05-17,
2009-05-18,
2009-05-19,
2009-05-20,
2009-05-21,
2009-05-22,
2009-05-23,
2009-05-24,
2009-05-25,
2009-05-26,
2009-05-27,
2009-05-28,
2009-05-29,
2009-05-30,
2009-05-31,
2009-06-01,
2009-06-02,
2009-06-03,
2009-06-04,
2009-06-05,
2009-06-06,
2009-06-07,
2009-06-08,
2009-06-09,
2009-06-10,
2009-06-11,
2009-06-12,
2009-06-13,
2009-06-14,
2009-06-15,
2009-06-16,
2009-06-17,
2009-06-18,
2009-06-19,
2009-06-20,
2009-06-21,
2009-06-22,
2009-06-23,
2009-06-24,
2009-06-25,
2009-06-26,
2009-06-27,
2009-06-28,
2009-06-29,
2009-06-30,
2009-07-01,
2009-07-02,
2009-07-03,
2009-07-04,
2009-07-05,
2009-07-06,
2009-07-07,
2009-07-08,
2009-07-09,
2009-07-10,
2009-07-11,
2009-07-12,
2009-07-13,
2009-07-14,
2009-07-15,
2009-07-16,
2009-07-17,
2009-07-18,
2009-07-19,
2009-07-20,
2009-07-21,
2009-07-22,
2009-07-23,
2009-07-24,
2009-07-25,
2009-07-26,
2009-07-27,
2009-07-28,
2009-07-29,
2009-07-30,
2009-07-31,
2009-08-01,
2009-08-02,
2009-08-03,
2009-08-04,
2009-08-05,
2009-08-06,
2009-08-07,
2009-08-08,
2009-08-09,
2009-08-10,
2009-08-11,
2009-08-12,
2009-08-13,
2009-08-14,
2009-08-15,
2009-08-16,
2009-08-17,
2009-08-18,
2009-08-19,
2009-08-20,
2009-08-21,
2009-08-22,
2009-08-23,
2009-08-24,
2009-08-25,
2009-08-26,
2009-08-27,
2009-08-28,
2009-08-29,
2009-08-30,
2009-08-31,
2009-09-01,
2009-09-02,
2009-09-03,
2009-09-04,
2009-09-05,
2009-09-06,
2009-09-07,
2009-09-08,
2009-09-09,
2009-09-10,
2009-09-11,
2009-09-12,
2009-09-13,
2009-09-14,
2009-09-15,
2009-09-16,
2009-09-17,
2009-09-18,
2009-09-19,
2009-09-20,
2009-09-21,
2009-09-22,
2009-09-23,
2009-09-24,
2009-09-25,
2009-09-26,
2009-09-27,
2009-09-28,
2009-09-29,
2009-09-30,
2009-10-01,
2009-10-02,
2009-10-03,
2009-10-04,
2009-10-05,
2009-10-06,
2009-10-07,
2009-10-08,
2009-10-09,
2009-10-10,
2009-10-11,
2009-10-12,
2009-10-13,
2009-10-14,
2009-10-15,
2009-10-16,
2009-10-17,
2009-10-18,
2009-10-19,
2009-10-20,
2009-10-21,
2009-10-22,
2009-10-23,
2009-10-24,
2009-10-25,
2009-10-26,
2009-10-27,
2009-10-28,
2009-10-29,
2009-10-30,
2009-10-31,
2009-11-01,
2009-11-02,
2009-11-03,
2009-11-04,
2009-11-05,
2009-11-06,
2009-11-07,
2009-11-08,
2009-11-09,
2009-11-10,
2009-11-11,
2009-11-12,
2009-11-13,
2009-11-14,
2009-11-15,
2009-11-16,
2009-11-17,
2009-11-18,
2009-11-19,
2009-11-20,
2009-11-21,
2009-11-22,
2009-11-23,
2009-11-24,
2009-11-25,
2009-11-26,
2009-11-27,
2009-11-28,
2009-11-29,
2009-11-30,
2009-12-01,
2009-12-02,
2009-12-03,
2009-12-04,
2009-12-05,
2009-12-06,
2009-12-07,
2009-12-08,
2009-12-09,
2009-12-10,
2009-12-11,
2009-12-12,
2009-12-13,
2009-12-14,
2009-12-15,
2009-12-16,
2009-12-17,
2009-12-18,
2009-12-19,
2009-12-20,
2009-12-21,
2009-12-22,
2009-12-23,
2009-12-24,
2009-12-25,
2009-12-26,
2009-12-27,
2009-12-28,
2009-12-29,
2009-12-30,
2009-12-31,
2010-01-01,
2010-01-02,
2010-01-03,
2010-01-04,
2010-01-05,
2010-01-06,
2010-01-07,
2010-01-08,
2010-01-09,
2010-01-10,
2010-01-11,
2010-01-12,
2010-01-13,
2010-01-14,
2010-01-15,
2010-01-16,
2010-01-17,
2010-01-18,
2010-01-19,
2010-01-20,
2010-01-21,
2010-01-22,
2010-01-23,
2010-01-24,
2010-01-25,
2010-01-26,
2010-01-27,
2010-01-28,
2010-01-29,
2010-01-30,
2010-01-31,
2010-02-01,
2010-02-02,
2010-02-03,
2010-02-04,
2010-02-05,
2010-02-06,
2010-02-07,
2010-02-08,
2010-02-09,
2010-02-10,
2010-02-11,
2010-02-12,
2010-02-13,
2010-02-14,
2010-02-15,
2010-02-16,
2010-02-17,
2010-02-18,
2010-02-19,
2010-02-20,
2010-02-21,
2010-02-22,
2010-02-23,
2010-02-24,
2010-02-25,
2010-02-26,
2010-02-27,
2010-02-28,
2010-03-01,
2010-03-02,
2010-03-03,
2010-03-04,
2010-03-05,
2010-03-06,
2010-03-07,
2010-03-08,
2010-03-09,
2010-03-10,
2010-03-11,
2010-03-12,
2010-03-13,
2010-03-14,
2010-03-15,
2010-03-16,
2010-03-17,
2010-03-18,
2010-03-19,
2010-03-20,
2010-03-21,
2010-03-22,
2010-03-23,
2010-03-24,
2010-03-25,
2010-03-26,
2010-03-27,
2010-03-28,
2010-03-29,
2010-03-30,
2010-03-31,
2010-04-01,
2010-04-02,
2010-04-03,
2010-04-04,
2010-04-05,
2010-04-06,
2010-04-07,
2010-04-08,
2010-04-09,
2010-04-10,
2010-04-11,
2010-04-12,
2010-04-13,
2010-04-14,
2010-04-15,
2010-04-16,
2010-04-17,
2010-04-18,
2010-04-19,
2010-04-20,
2010-04-21,
2010-04-22,
2010-04-23,
2010-04-24,
2010-04-25,
2010-04-26,
2010-04-27,
2010-04-28,
2010-04-29,
2010-04-30,
2010-05-01,
2010-05-02,
2010-05-03,
2010-05-04,
2010-05-05,
2010-05-06,
2010-05-07,
2010-05-08,
2010-05-09,
2010-05-10,
2010-05-11,
2010-05-12,
2010-05-13,
2010-05-14,
2010-05-15,
2010-05-16,
2010-05-17,
2010-05-18,
2010-05-19,
2010-05-20,
2010-05-21,
2010-05-22,
2010-05-23,
2010-05-24,
2010-05-25,
2010-05-26,
2010-05-27,
2010-05-28,
2010-05-29,
2010-05-30,
2010-05-31,
2010-06-01,
2010-06-02,
2010-06-03,
2010-06-04,
2010-06-05,
2010-06-06,
2010-06-07,
2010-06-08,
2010-06-09,
2010-06-10,
2010-06-11,
2010-06-12,
2010-06-13,
2010-06-14,
2010-06-15,
2010-06-16,
2010-06-17,
2010-06-18,
2010-06-19,
2010-06-20,
2010-06-21,
2010-06-22,
2010-06-23,
2010-06-24,
2010-06-25,
2010-06-26,
2010-06-27,
2010-06-28,
2010-06-29,
2010-06-30,
2010-07-01,
2010-07-02,
2010-07-03,
2010-07-04,
2010-07-05,
2010-07-06,
2010-07-07,
2010-07-08,
2010-07-09,
2010-07-10,
2010-07-11,
2010-07-12,
2010-07-13,
2010-07-14,
2010-07-15,
2010-07-16,
2010-07-17,
2010-07-18,
2010-07-19,
2010-07-20,
2010-07-21,
2010-07-22,
2010-07-23,
2010-07-24,
2010-07-25,
2010-07-26,
2010-07-27,
2010-07-28,
2010-07-29,
2010-07-30,
2010-07-31,
2010-08-01,
2010-08-02,
2010-08-03,
2010-08-04,
2010-08-05,
2010-08-06,
2010-08-07,
2010-08-08,
2010-08-09,
2010-08-10,
2010-08-11,
2010-08-12,
2010-08-13,
2010-08-14,
2010-08-15,
2010-08-16,
2010-08-17,
2010-08-18,
2010-08-19,
2010-08-20,
2010-08-21,
2010-08-22,
2010-08-23,
2010-08-24,
2010-08-25,
2010-08-26,
2010-08-27,
2010-08-28,
2010-08-29,
2010-08-30,
2010-08-31,
2010-09-01,
2010-09-02,
2010-09-03,
2010-09-04,
2010-09-05,
2010-09-06,
2010-09-07,
2010-09-08,
2010-09-09,
2010-09-10,
2010-09-11,
2010-09-12,
2010-09-13,
2010-09-14,
2010-09-15,
2010-09-16,
2010-09-17,
2010-09-18,
2010-09-19,
2010-09-20,
2010-09-21,
2010-09-22,
2010-09-23,
2010-09-24,
2010-09-25,
2010-09-26,
2010-09-27,
2010-09-28,
2010-09-29,
2010-09-30,
2010-10-01,
2010-10-02,
2010-10-03,
2010-10-04,
2010-10-05,
2010-10-06,
2010-10-07,
2010-10-08,
2010-10-09,
2010-10-10,
2010-10-11,
2010-10-12,
2010-10-13,
2010-10-14,
2010-10-15,
2010-10-16,
2010-10-17,
2010-10-18,
2010-10-19,
2010-10-20,
2010-10-21,
2010-10-22,
2010-10-23,
2010-10-24,
2010-10-25,
2010-10-26,
2010-10-27,
2010-10-28,
2010-10-29,
2010-10-30,
2010-10-31,
2010-11-01,
2010-11-02,
2010-11-03,
2010-11-04,
2010-11-05,
2010-11-06,
2010-11-07,
2010-11-08,
2010-11-09,
2010-11-10,
2010-11-11,
2010-11-12,
2010-11-13,
2010-11-14,
2010-11-15,
2010-11-16,
2010-11-17,
2010-11-18,
2010-11-19,
2010-11-20,
2010-11-21,
2010-11-22,
2010-11-23,
2010-11-24,
2010-11-25,
2010-11-26,
2010-11-27,
2010-11-28,
2010-11-29,
2010-11-30,
2010-12-01,
2010-12-02,
2010-12-03,
2010-12-04,
2010-12-05,
2010-12-06,
2010-12-07,
2010-12-08,
2010-12-09,
2010-12-10,
2010-12-11,
2010-12-12,
2010-12-13,
2010-12-14,
2010-12-15,
2010-12-16,
2010-12-17,
2010-12-18,
2010-12-19,
2010-12-20,
2010-12-21,
2010-12-22,
2010-12-23,
2010-12-24,
2010-12-25,
2010-12-26,
2010-12-27,
2010-12-28,
2010-12-29,
2010-12-30,
2010-12-31,
2011-01-01,
2011-01-02,
2011-01-03,
2011-01-04,
2011-01-05,
2011-01-06,
2011-01-07,
2011-01-08,
2011-01-09,
2011-01-10,
2011-01-11,
2011-01-12,
2011-01-13,
2011-01-14,
2011-01-15,
2011-01-16,
2011-01-17,
2011-01-18,
2011-01-19,
2011-01-20,
2011-01-21,
2011-01-22,
2011-01-23,
2011-01-24,
2011-01-25,
2011-01-26,
2011-01-27,
2011-01-28,
2011-01-29,
2011-01-30,
2011-01-31,
2011-02-01,
2011-02-02,
2011-02-03,
2011-02-04,
2011-02-05,
2011-02-06,
2011-02-07,
2011-02-08,
2011-02-09,
2011-02-10,
2011-02-11,
2011-02-12,
2011-02-13,
2011-02-14,
2011-02-15,
2011-02-16,
2011-02-17,
2011-02-18,
2011-02-19,
2011-02-20,
2011-02-21,
2011-02-22,
2011-02-23,
2011-02-24,
2011-02-25,
2011-02-26,
2011-02-27,
2011-02-28,
2011-03-01,
2011-03-02,
2011-03-03,
2011-03-04,
2011-03-05,
2011-03-06,
2011-03-07,
2011-03-08,
2011-03-09,
2011-03-10,
2011-03-11,
2011-03-12,
2011-03-13,
2011-03-14,
2011-03-15,
2011-03-16,
2011-03-17,
2011-03-18,
2011-03-19,
2011-03-20,
2011-03-21,
2011-03-22,
2011-03-23,
2011-03-24,
2011-03-25,
2011-03-26,
2011-03-27,
2011-03-28,
2011-03-29,
2011-03-30,
2011-03-31,
2011-04-01,
2011-04-02,
2011-04-03,
2011-04-04,
2011-04-05,
2011-04-06,
2011-04-07,
2011-04-08,
2011-04-09,
2011-04-10,
2011-04-11,
2011-04-12,
2011-04-13,
2011-04-14,
2011-04-15,
2011-04-16,
2011-04-17,
2011-04-18,
2011-04-19,
2011-04-20,
2011-04-21,
2011-04-22,
2011-04-23,
2011-04-24,
2011-04-25,
2011-04-26,
2011-04-27,
2011-04-28,
2011-04-29,
2011-04-30,
2011-05-01,
2011-05-02,
2011-05-03,
2011-05-04,
2011-05-05,
2011-05-06,
2011-05-07,
2011-05-08,
2011-05-09,
2011-05-10,
2011-05-11,
2011-05-12,
2011-05-13,
2011-05-14,
2011-05-15,
2011-05-16,
2011-05-17,
2011-05-18,
2011-05-19,
2011-05-20,
2011-05-21,
2011-05-22,
2011-05-23,
2011-05-24,
2011-05-25,
2011-05-26,
2011-05-27,
2011-05-28,
2011-05-29,
2011-05-30,
2011-05-31,
2011-06-01,
2011-06-02,
2011-06-03,
2011-06-04,
2011-06-05,
2011-06-06,
2011-06-07,
2011-06-08,
2011-06-09,
2011-06-10,
2011-06-11,
2011-06-12,
2011-06-13,
2011-06-14,
2011-06-15,
2011-06-16,
2011-06-17,
2011-06-18,
2011-06-19,
2011-06-20,
2011-06-21,
2011-06-22,
2011-06-23,
2011-06-24,
2011-06-25,
2011-06-26,
2011-06-27,
2011-06-28,
2011-06-29,
2011-06-30,
2011-07-01,
2011-07-02,
2011-07-03,
2011-07-04,
2011-07-05,
2011-07-06,
2011-07-07,
2011-07-08,
2011-07-09,
2011-07-10,
2011-07-11,
2011-07-12,
2011-07-13,
2011-07-14,
2011-07-15,
2011-07-16,
2011-07-17,
2011-07-18,
2011-07-19,
2011-07-20,
2011-07-21,
2011-07-22,
2011-07-23,
2011-07-24,
2011-07-25,
2011-07-26,
2011-07-27,
2011-07-28,
2011-07-29,
2011-07-30,
2011-07-31,
2011-08-01,
2011-08-02,
2011-08-03,
2011-08-04,
2011-08-05,
2011-08-06,
2011-08-07,
2011-08-08,
2011-08-09,
2011-08-10,
2011-08-11,
2011-08-12,
2011-08-13,
2011-08-14,
2011-08-15,
2011-08-16,
2011-08-17,
2011-08-18,
2011-08-19,
2011-08-20,
2011-08-21,
2011-08-22,
2011-08-23,
2011-08-24,
2011-08-25,
2011-08-26,
2011-08-27,
2011-08-28,
2011-08-29,
2011-08-30,
2011-08-31,
2011-09-01,
2011-09-02,
2011-09-03,
2011-09-04,
2011-09-05,
2011-09-06,
2011-09-07,
2011-09-08,
2011-09-09,
2011-09-10,
2011-09-11,
2011-09-12,
2011-09-13,
2011-09-14,
2011-09-15,
2011-09-16,
2011-09-17,
2011-09-18,
2011-09-19,
2011-09-20,
2011-09-21,
2011-09-22,
2011-09-23,
2011-09-24,
2011-09-25,
2011-09-26,
2011-09-27,
2011-09-28,
2011-09-29,
2011-09-30,
2011-10-01,
2011-10-02,
2011-10-03,
2011-10-04,
2011-10-05,
2011-10-06,
2011-10-07,
2011-10-08,
2011-10-09,
2011-10-10,
2011-10-11,
2011-10-12,
2011-10-13,
2011-10-14,
2011-10-15,
2011-10-16,
2011-10-17,
2011-10-18,
2011-10-19,
2011-10-20,
2011-10-21,
2011-10-22,
2011-10-23,
2011-10-24,
2011-10-25,
2011-10-26,
2011-10-27,
2011-10-28,
2011-10-29,
2011-10-30,
2011-10-31,
2011-11-01,
2011-11-02,
2011-11-03,
2011-11-04,
2011-11-05,
2011-11-06,
2011-11-07,
2011-11-08,
2011-11-09,
2011-11-10,
2011-11-11,
2011-11-12,
2011-11-13,
2011-11-14,
2011-11-15,
2011-11-16,
2011-11-17,
2011-11-18,
2011-11-19,
2011-11-20,
2011-11-21,
2011-11-22,
2011-11-23,
2011-11-24,
2011-11-25,
2011-11-26,
2011-11-27,
2011-11-28,
2011-11-29,
2011-11-30,
2011-12-01,
2011-12-02,
2011-12-03,
2011-12-04,
2011-12-05,
2011-12-06,
2011-12-07,
2011-12-08,
2011-12-09,
2011-12-10,
2011-12-11,
2011-12-12,
2011-12-13,
2011-12-14,
2011-12-15,
2011-12-16,
2011-12-17,
2011-12-18,
2011-12-19,
2011-12-20,
2011-12-21,
2011-12-22,
2011-12-23,
2011-12-24,
2011-12-25,
2011-12-26,
2011-12-27,
2011-12-28,
2011-12-29,
2011-12-30,
2011-12-31,
2012-01-01,
2012-01-02,
2012-01-03,
2012-01-04,
2012-01-05,
2012-01-06,
2012-01-07,
2012-01-08,
2012-01-09,
2012-01-10,
2012-01-11,
2012-01-12,
2012-01-13,
2012-01-14,
2012-01-15,
2012-01-16,
2012-01-17,
2012-01-18,
2012-01-19,
2012-01-20,
2012-01-21,
2012-01-22,
2012-01-23,
2012-01-24,
2012-01-25,
2012-01-26,
2012-01-27,
2012-01-28,
2012-01-29,
2012-01-30,
2012-01-31,
2012-02-01,
2012-02-02,
2012-02-03,
2012-02-04,
2012-02-05,
2012-02-06,
2012-02-07,
2012-02-08,
2012-02-09,
2012-02-10,
2012-02-11,
2012-02-12,
2012-02-13,
2012-02-14,
2012-02-15,
2012-02-16,
2012-02-17,
2012-02-18,
2012-02-19,
2012-02-20,
2012-02-21,
2012-02-22,
2012-02-23,
2012-02-24,
2012-02-25,
2012-02-26,
2012-02-27,
2012-02-28,
2012-02-29,
2012-03-01,
2012-03-02,
2012-03-03,
2012-03-04,
2012-03-05,
2012-03-06,
2012-03-07,
2012-03-08,
2012-03-09,
2012-03-10,
2012-03-11,
2012-03-12,
2012-03-13,
2012-03-14,
2012-03-15,
2012-03-16,
2012-03-17,
2012-03-18,
2012-03-19,
2012-03-20,
2012-03-21,
2012-03-22,
2012-03-23,
2012-03-24,
2012-03-25,
2012-03-26,
2012-03-27,
2012-03-28,
2012-03-29,
2012-03-30,
2012-03-31,
2012-04-01,
2012-04-02,
2012-04-03,
2012-04-04,
2012-04-05,
2012-04-06,
2012-04-07,
2012-04-08,
2012-04-09,
2012-04-10,
2012-04-11,
2012-04-12,
2012-04-13,
2012-04-14,
2012-04-15,
2012-04-16,
2012-04-17,
2012-04-18,
2012-04-19,
2012-04-20,
2012-04-21,
2012-04-22,
2012-04-23,
2012-04-24,
2012-04-25,
2012-04-26,
2012-04-27,
2012-04-28,
2012-04-29,
2012-04-30,
2012-05-01,
2012-05-02,
2012-05-03,
2012-05-04,
2012-05-05,
2012-05-06,
2012-05-07,
2012-05-08,
2012-05-09,
2012-05-10,
2012-05-11,
2012-05-12,
2012-05-13,
2012-05-14,
2012-05-15,
2012-05-16,
2012-05-17,
2012-05-18,
2012-05-19,
2012-05-20,
2012-05-21,
2012-05-22,
2012-05-23,
2012-05-24,
2012-05-25,
2012-05-26,
2012-05-27,
2012-05-28,
2012-05-29,
2012-05-30,
2012-05-31,
2012-06-01,
2012-06-02,
2012-06-03,
2012-06-04,
2012-06-05,
2012-06-06,
2012-06-07,
2012-06-08,
2012-06-09,
2012-06-10,
2012-06-11,
2012-06-12,
2012-06-13,
2012-06-14,
2012-06-15,
2012-06-16,
2012-06-17,
2012-06-18,
2012-06-19,
2012-06-20,
2012-06-21,
2012-06-22,
2012-06-23,
2012-06-24,
2012-06-25,
2012-06-26,
2012-06-27,
2012-06-28,
2012-06-29,
2012-06-30,
2012-07-01,
2012-07-02,
2012-07-03,
2012-07-04,
2012-07-05,
2012-07-06,
2012-07-07,
2012-07-08,
2012-07-09,
2012-07-10,
2012-07-11,
2012-07-12,
2012-07-13,
2012-07-14,
2012-07-15,
2012-07-16,
2012-07-17,
2012-07-18,
2012-07-19,
2012-07-20,
2012-07-21,
2012-07-22,
2012-07-23,
2012-07-24,
2012-07-25,
2012-07-26,
2012-07-27,
2012-07-28,
2012-07-29,
2012-07-30,
2012-07-31,
2012-08-01,
2012-08-02,
2012-08-03,
2012-08-04,
2012-08-05,
2012-08-06,
2012-08-07,
2012-08-08,
2012-08-09,
2012-08-10,
2012-08-11,
2012-08-12,
2012-08-13,
2012-08-14,
2012-08-15,
2012-08-16,
2012-08-17,
2012-08-18,
2012-08-19,
2012-08-20,
2012-08-21,
2012-08-22,
2012-08-23,
2012-08-24,
2012-08-25,
2012-08-26,
2012-08-27,
2012-08-28,
2012-08-29,
2012-08-30,
2012-08-31,
2012-09-01,
2012-09-02,
2012-09-03,
2012-09-04,
2012-09-05,
2012-09-06,
2012-09-07,
2012-09-08,
2012-09-09,
2012-09-10,
2012-09-11,
2012-09-12,
2012-09-13,
2012-09-14,
2012-09-15,
2012-09-16,
2012-09-17,
2012-09-18,
2012-09-19,
2012-09-20,
2012-09-21,
2012-09-22,
2012-09-23,
2012-09-24,
2012-09-25,
2012-09-26,
2012-09-27,
2012-09-28,
2012-09-29,
2012-09-30,
2012-10-01,
2012-10-02,
2012-10-03,
2012-10-04,
2012-10-05,
2012-10-06,
2012-10-07,
2012-10-08,
2012-10-09,
2012-10-10,
2012-10-11,
2012-10-12,
2012-10-13,
2012-10-14,
2012-10-15,
2012-10-16,
2012-10-17,
2012-10-18,
2012-10-19,
2012-10-20,
2012-10-21,
2012-10-22,
2012-10-23,
2012-10-24,
2012-10-25,
2012-10-26,
2012-10-27,
2012-10-28,
2012-10-29,
2012-10-30,
2012-10-31,
2012-11-01,
2012-11-02,
2012-11-03,
2012-11-04,
2012-11-05,
2012-11-06,
2012-11-07,
2012-11-08,
2012-11-09,
2012-11-10,
2012-11-11,
2012-11-12,
2012-11-13,
2012-11-14,
2012-11-15,
2012-11-16,
2012-11-17,
2012-11-18,
2012-11-19,
2012-11-20,
2012-11-21,
2012-11-22,
2012-11-23,
2012-11-24,
2012-11-25,
2012-11-26,
2012-11-27,
2012-11-28,
2012-11-29,
2012-11-30,
2012-12-01,
2012-12-02,
2012-12-03,
2012-12-04,
2012-12-05,
2012-12-06,
2012-12-07,
2012-12-08,
2012-12-09,
2012-12-10,
2012-12-11,
2012-12-12,
2012-12-13,
2012-12-14,
2012-12-15,
2012-12-16,
2012-12-17,
2012-12-18,
2012-12-19,
2012-12-20,
2012-12-21,
2012-12-22,
2012-12-23,
2012-12-24,
2012-12-25,
2012-12-26,
2012-12-27,
2012-12-28,
2012-12-29,
2012-12-30,
2012-12-31,
2013-01-01,
2013-01-02,
2013-01-03,
2013-01-04,
2013-01-05,
2013-01-06,
2013-01-07,
2013-01-08,
2013-01-09,
2013-01-10,
2013-01-11,
2013-01-12,
2013-01-13,
2013-01-14,
2013-01-15,
2013-01-16,
2013-01-17,
2013-01-18,
2013-01-19,
2013-01-20,
2013-01-21,
2013-01-22,
2013-01-23,
2013-01-24,
2013-01-25,
2013-01-26,
2013-01-27,
2013-01-28,
2013-01-29,
2013-01-30,
2013-01-31,
2013-02-01,
2013-02-02,
2013-02-03,
2013-02-04,
2013-02-05,
2013-02-06,
2013-02-07,
2013-02-08,
2013-02-09,
2013-02-10,
2013-02-11,
2013-02-12,
2013-02-13,
2013-02-14,
2013-02-15,
2013-02-16,
2013-02-17,
2013-02-18,
2013-02-19,
2013-02-20,
2013-02-21,
2013-02-22,
2013-02-23,
2013-02-24,
2013-02-25,
2013-02-26,
2013-02-27,
2013-02-28,
2013-03-01,
2013-03-02,
2013-03-03,
2013-03-04,
2013-03-05,
2013-03-06,
2013-03-07,
2013-03-08,
2013-03-09,
2013-03-10,
2013-03-11,
2013-03-12,
2013-03-13,
2013-03-14,
2013-03-15,
2013-03-16,
2013-03-17,
2013-03-18,
2013-03-19,
2013-03-20,
2013-03-21,
2013-03-22,
2013-03-23,
2013-03-24,
2013-03-25,
2013-03-26,
2013-03-27,
2013-03-28,
2013-03-29,
2013-03-30,
2013-03-31,
2013-04-01,
2013-04-02,
2013-04-03,
2013-04-04,
2013-04-05,
2013-04-06,
2013-04-07,
2013-04-08,
2013-04-09,
2013-04-10,
2013-04-11,
2013-04-12,
2013-04-13,
2013-04-14,
2013-04-15,
2013-04-16,
2013-04-17,
2013-04-18,
2013-04-19,
2013-04-20,
2013-04-21,
2013-04-22,
2013-04-23,
2013-04-24,
2013-04-25,
2013-04-26,
2013-04-27,
2013-04-28,
2013-04-29,
2013-04-30,
2013-05-01,
2013-05-02,
2013-05-03,
2013-05-04,
2013-05-05,
2013-05-06,
2013-05-07,
2013-05-08,
2013-05-09,
2013-05-10,
2013-05-11,
2013-05-12,
2013-05-13,
2013-05-14,
2013-05-15,
2013-05-16,
2013-05-17,
2013-05-18,
2013-05-19,
2013-05-20,
2013-05-21,
2013-05-22,
2013-05-23,
2013-05-24,
2013-05-25,
2013-05-26,
2013-05-27,
2013-05-28,
2013-05-29,
2013-05-30,
2013-05-31,
2013-06-01,
2013-06-02,
2013-06-03,
2013-06-04,
2013-06-05,
2013-06-06,
2013-06-07,
2013-06-08,
2013-06-09,
2013-06-10,
2013-06-11,
2013-06-12,
2013-06-13,
2013-06-14,
2013-06-15,
2013-06-16,
2013-06-17,
2013-06-18,
2013-06-19,
2013-06-20,
2013-06-21,
2013-06-22,
2013-06-23,
2013-06-24,
2013-06-25,
2013-06-26,
2013-06-27,
2013-06-28,
2013-06-29,
2013-06-30,
2013-07-01,
2013-07-02,
2013-07-03,
2013-07-04,
2013-07-05,
2013-07-06,
2013-07-07,
2013-07-08,
2013-07-09,
2013-07-10,
2013-07-11,
2013-07-12,
2013-07-13,
2013-07-14,
2013-07-15,
2013-07-16,
2013-07-17,
2013-07-18,
2013-07-19,
2013-07-20,
2013-07-21,
2013-07-22,
2013-07-23,
2013-07-24,
2013-07-25,
2013-07-26,
2013-07-27,
2013-07-28,
2013-07-29,
2013-07-30,
2013-07-31,
2013-08-01,
2013-08-02,
2013-08-03,
2013-08-04,
2013-08-05,
2013-08-06,
2013-08-07,
2013-08-08,
2013-08-09,
2013-08-10,
2013-08-11,
2013-08-12,
2013-08-13,
2013-08-14,
2013-08-15,
2013-08-16,
2013-08-17,
2013-08-18,
2013-08-19,
2013-08-20,
2013-08-21,
2013-08-22,
2013-08-23,
2013-08-24,
2013-08-25,
2013-08-26,
2013-08-27,
2013-08-28,
2013-08-29,
2013-08-30,
2013-08-31,
2013-09-01,
2013-09-02,
2013-09-03,
2013-09-04,
2013-09-05,
2013-09-06,
2013-09-07,
2013-09-08,
2013-09-09,
2013-09-10,
2013-09-11,
2013-09-12,
2013-09-13,
2013-09-14,
2013-09-15,
2013-09-16,
2013-09-17,
2013-09-18,
2013-09-19,
2013-09-20,
2013-09-21,
2013-09-22,
2013-09-23,
2013-09-24,
2013-09-25,
2013-09-26,
2013-09-27,
2013-09-28,
2013-09-29,
2013-09-30,
2013-10-01,
2013-10-02,
2013-10-03,
2013-10-04,
2013-10-05,
2013-10-06,
2013-10-07,
2013-10-08,
2013-10-09,
2013-10-10,
2013-10-11,
2013-10-12,
2013-10-13,
2013-10-14,
2013-10-15,
2013-10-16,
2013-10-17,
2013-10-18,
2013-10-19,
2013-10-20,
2013-10-21,
2013-10-22,
2013-10-23,
2013-10-24,
2013-10-25,
2013-10-26,
2013-10-27,
2013-10-28,
2013-10-29,
2013-10-30,
2013-10-31,
2013-11-01,
2013-11-02,
2013-11-03,
2013-11-04,
2013-11-05,
2013-11-06,
2013-11-07,
2013-11-08,
2013-11-09,
2013-11-10,
2013-11-11,
2013-11-12,
2013-11-13,
2013-11-14,
2013-11-15,
2013-11-16,
2013-11-17,
2013-11-18,
2013-11-19,
2013-11-20,
2013-11-21,
2013-11-22,
2013-11-23,
2013-11-24,
2013-11-25,
2013-11-26,
2013-11-27,
2013-11-28,
2013-11-29,
2013-11-30,
2013-12-01,
2013-12-02,
2013-12-03,
2013-12-04,
2013-12-05,
2013-12-06,
2013-12-07,
2013-12-08,
2013-12-09,
2013-12-10,
2013-12-11,
2013-12-12,
2013-12-13,
2013-12-14,
2013-12-15,
2013-12-16,
2013-12-17,
2013-12-18,
2013-12-19,
2013-12-20,
2013-12-21,
2013-12-22,
2013-12-23,
2013-12-24,
2013-12-25,
2013-12-26,
2013-12-27,
2013-12-28,
2013-12-29,
2013-12-30,
2013-12-31,
2014-01-01,
2014-01-02,
2014-01-03,
2014-01-04,
2014-01-05,
2014-01-06,
2014-01-07,
2014-01-08,
2014-01-09,
2014-01-10,
2014-01-11,
2014-01-12,
2014-01-13,
2014-01-14,
2014-01-15,
2014-01-16,
2014-01-17,
2014-01-18,
2014-01-19,
2014-01-20,
2014-01-21,
2014-01-22,
2014-01-23,
2014-01-24,
2014-01-25,
2014-01-26,
2014-01-27,
2014-01-28,
2014-01-29,
2014-01-30,
2014-01-31,
2014-02-01,
2014-02-02,
2014-02-03,
2014-02-04,
2014-02-05,
2014-02-06,
2014-02-07,
2014-02-08,
2014-02-09,
2014-02-10,
2014-02-11,
2014-02-12,
2014-02-13,
2014-02-14,
2014-02-15,
2014-02-16,
2014-02-17,
2014-02-18,
2014-02-19,
2014-02-20,
2014-02-21,
2014-02-22,
2014-02-23,
2014-02-24,
2014-02-25,
2014-02-26,
2014-02-27,
2014-02-28,
2014-03-01,
2014-03-02,
2014-03-03,
2014-03-04,
2014-03-05,
2014-03-06,
2014-03-07,
2014-03-08,
2014-03-09,
2014-03-10,
2014-03-11,
2014-03-12,
2014-03-13,
2014-03-14,
2014-03-15,
2014-03-16,
2014-03-17,
2014-03-18,
2014-03-19,
2014-03-20,
2014-03-21,
2014-03-22,
2014-03-23,
2014-03-24,
2014-03-25,
2014-03-26,
2014-03-27,
2014-03-28,
2014-03-29,
2014-03-30,
2014-03-31,
2014-04-01,
2014-04-02,
2014-04-03,
2014-04-04,
2014-04-05,
2014-04-06,
2014-04-07,
2014-04-08,
2014-04-09,
2014-04-10,
2014-04-11,
2014-04-12,
2014-04-13,
2014-04-14,
2014-04-15,
2014-04-16,
2014-04-17,
2014-04-18,
2014-04-19,
2014-04-20,
2014-04-21,
2014-04-22,
2014-04-23,
2014-04-24,
2014-04-25,
2014-04-26,
2014-04-27,
2014-04-28,
2014-04-29,
2014-04-30,
2014-05-01,
2014-05-02,
2014-05-03,
2014-05-04,
2014-05-05,
2014-05-06,
2014-05-07,
2014-05-08,
2014-05-09,
2014-05-10,
2014-05-11,
2014-05-12,
2014-05-13,
2014-05-14,
2014-05-15,
2014-05-16,
2014-05-17,
2014-05-18,
2014-05-19,
2014-05-20,
2014-05-21,
2014-05-22,
2014-05-23,
2014-05-24,
2014-05-25,
2014-05-26,
2014-05-27,
2014-05-28,
2014-05-29,
2014-05-30,
2014-05-31,
2014-06-01,
2014-06-02,
2014-06-03,
2014-06-04,
2014-06-05,
2014-06-06,
2014-06-07,
2014-06-08,
2014-06-09,
2014-06-10,
2014-06-11,
2014-06-12,
2014-06-13,
2014-06-14,
2014-06-15,
2014-06-16,
2014-06-17,
2014-06-18,
2014-06-19,
2014-06-20,
2014-06-21,
2014-06-22,
2014-06-23,
2014-06-24,
2014-06-25,
2014-06-26,
2014-06-27,
2014-06-28,
2014-06-29,
2014-06-30,
2014-07-01,
2014-07-02,
2014-07-03,
2014-07-04,
2014-07-05,
2014-07-06,
2014-07-07,
2014-07-08,
2014-07-09,
2014-07-10,
2014-07-11,
2014-07-12,
2014-07-13,
2014-07-14,
2014-07-15,
2014-07-16,
2014-07-17,
2014-07-18,
2014-07-19,
2014-07-20,
2014-07-21,
2014-07-22,
2014-07-23,
2014-07-24,
2014-07-25,
2014-07-26,
2014-07-27,
2014-07-28,
2014-07-29,
2014-07-30,
2014-07-31,
2014-08-01,
2014-08-02,
2014-08-03,
2014-08-04,
2014-08-05,
2014-08-06,
2014-08-07,
2014-08-08,
2014-08-09,
2014-08-10,
2014-08-11,
2014-08-12,
2014-08-13,
2014-08-14,
2014-08-15,
2014-08-16,
2014-08-17,
2014-08-18,
2014-08-19,
2014-08-20,
2014-08-21,
2014-08-22,
2014-08-23,
2014-08-24,
2014-08-25,
2014-08-26,
2014-08-27,
2014-08-28,
2014-08-29,
2014-08-30,
2014-08-31,
2014-09-01,
2014-09-02,
2014-09-03,
2014-09-04,
2014-09-05,
2014-09-06,
2014-09-07,
2014-09-08,
2014-09-09,
2014-09-10,
2014-09-11,
2014-09-12,
2014-09-13,
2014-09-14,
2014-09-15,
2014-09-16,
2014-09-17,
2014-09-18,
2014-09-19,
2014-09-20,
2014-09-21,
2014-09-22,
2014-09-23,
2014-09-24,
2014-09-25,
2014-09-26,
2014-09-27,
2014-09-28,
2014-09-29,
2014-09-30,
2014-10-01,
2014-10-02,
2014-10-03,
2014-10-04,
2014-10-05,
2014-10-06,
2014-10-07,
2014-10-08,
2014-10-09,
2014-10-10,
2014-10-11,
2014-10-12,
2014-10-13,
2014-10-14,
2014-10-15,
2014-10-16,
2014-10-17,
2014-10-18,
2014-10-19,
2014-10-20,
2014-10-21,
2014-10-22,
2014-10-23,
2014-10-24,
2014-10-25,
2014-10-26,
2014-10-27,
2014-10-28,
2014-10-29,
2014-10-30,
2014-10-31,
2014-11-01,
2014-11-02,
2014-11-03,
2014-11-04,
2014-11-05,
2014-11-06,
2014-11-07,
2014-11-08,
2014-11-09,
2014-11-10,
2014-11-11,
2014-11-12,
2014-11-13,
2014-11-14,
2014-11-15,
2014-11-16,
2014-11-17,
2014-11-18,
2014-11-19,
2014-11-20,
2014-11-21,
2014-11-22,
2014-11-23,
2014-11-24,
2014-11-25,
2014-11-26,
2014-11-27,
2014-11-28,
2014-11-29,
2014-11-30,
2014-12-01,
2014-12-02,
2014-12-03,
2014-12-04,
2014-12-05,
2014-12-06,
2014-12-07,
2014-12-08,
2014-12-09,
2014-12-10,
2014-12-11,
2014-12-12,
2014-12-13,
2014-12-14,
2014-12-15,
2014-12-16,
2014-12-17,
2014-12-18,
2014-12-19,
2014-12-20,
2014-12-21,
2014-12-22,
2014-12-23,
2014-12-24,
2014-12-25,
2014-12-26,
2014-12-27,
2014-12-28,
2014-12-29,
2014-12-30,
2014-12-31,
2015-01-01,
2015-01-02,
2015-01-03,
2015-01-04,
2015-01-05,
2015-01-06,
2015-01-07,
2015-01-08,
2015-01-09,
2015-01-10,
2015-01-11,
2015-01-12,
2015-01-13,
2015-01-14,
2015-01-15,
2015-01-16,
2015-01-17,
2015-01-18,
2015-01-19,
2015-01-20,
2015-01-21,
2015-01-22,
2015-01-23,
2015-01-24,
2015-01-25,
2015-01-26,
2015-01-27,
2015-01-28,
2015-01-29,
2015-01-30,
2015-01-31,
2015-02-01,
2015-02-02,
2015-02-03,
2015-02-04,
2015-02-05,
2015-02-06,
2015-02-07,
2015-02-08,
2015-02-09,
2015-02-10,
2015-02-11,
2015-02-12,
2015-02-13,
2015-02-14,
2015-02-15,
2015-02-16,
2015-02-17,
2015-02-18,
2015-02-19,
2015-02-20,
2015-02-21,
2015-02-22,
2015-02-23,
2015-02-24,
2015-02-25,
2015-02-26,
2015-02-27,
2015-02-28,
2015-03-01,
2015-03-02,
2015-03-03,
2015-03-04,
2015-03-05,
2015-03-06,
2015-03-07,
2015-03-08,
2015-03-09,
2015-03-10,
2015-03-11,
2015-03-12,
2015-03-13,
2015-03-14,
2015-03-15,
2015-03-16,
2015-03-17,
2015-03-18,
2015-03-19,
2015-03-20,
2015-03-21,
2015-03-22,
2015-03-23,
2015-03-24,
2015-03-25,
2015-03-26,
2015-03-27,
2015-03-28,
2015-03-29,
2015-03-30,
2015-03-31,
2015-04-01,
2015-04-02,
2015-04-03,
2015-04-04,
2015-04-05,
2015-04-06,
2015-04-07,
2015-04-08,
2015-04-09,
2015-04-10,
2015-04-11,
2015-04-12,
2015-04-13,
2015-04-14,
2015-04-15,
2015-04-16,
2015-04-17,
2015-04-18,
2015-04-19,
2015-04-20,
2015-04-21,
2015-04-22,
2015-04-23,
2015-04-24,
2015-04-25,
2015-04-26,
2015-04-27,
2015-04-28,
2015-04-29,
2015-04-30,
2015-05-01,
2015-05-02,
2015-05-03,
2015-05-04,
2015-05-05,
2015-05-06,
2015-05-07,
2015-05-08,
2015-05-09,
2015-05-10,
2015-05-11,
2015-05-12,
2015-05-13,
2015-05-14,
2015-05-15,
2015-05-16,
2015-05-17,
2015-05-18,
2015-05-19,
2015-05-20,
2015-05-21,
2015-05-22,
2015-05-23,
2015-05-24,
2015-05-25,
2015-05-26,
2015-05-27,
2015-05-28,
2015-05-29,
2015-05-30,
2015-05-31,
2015-06-01,
2015-06-02,
2015-06-03,
2015-06-04,
2015-06-05,
2015-06-06,
2015-06-07,
2015-06-08,
2015-06-09,
2015-06-10,
2015-06-11,
2015-06-12,
2015-06-13,
2015-06-14,
2015-06-15,
2015-06-16,
2015-06-17,
2015-06-18,
2015-06-19,
2015-06-20,
2015-06-21,
2015-06-22,
2015-06-23,
2015-06-24,
2015-06-25,
2015-06-26,
2015-06-27,
2015-06-28,
2015-06-29,
2015-06-30,
2015-07-01,
2015-07-02,
2015-07-03,
2015-07-04,
2015-07-05,
2015-07-06,
2015-07-07,
2015-07-08,
2015-07-09,
2015-07-10,
2015-07-11,
2015-07-12,
2015-07-13,
2015-07-14,
2015-07-15,
2015-07-16,
2015-07-17,
2015-07-18,
2015-07-19,
2015-07-20,
2015-07-21,
2015-07-22,
2015-07-23,
2015-07-24,
2015-07-25,
2015-07-26,
2015-07-27,
2015-07-28,
2015-07-29,
2015-07-30,
2015-07-31,
2015-08-01,
2015-08-02,
2015-08-03,
2015-08-04,
2015-08-05,
2015-08-06,
2015-08-07,
2015-08-08,
2015-08-09,
2015-08-10,
2015-08-11,
2015-08-12,
2015-08-13,
2015-08-14,
2015-08-15,
2015-08-16,
2015-08-17,
2015-08-18,
2015-08-19,
2015-08-20,
2015-08-21,
2015-08-22,
2015-08-23,
2015-08-24,
2015-08-25,
2015-08-26,
2015-08-27,
2015-08-28,
2015-08-29,
2015-08-30,
2015-08-31,
2015-09-01,
2015-09-02,
2015-09-03,
2015-09-04,
2015-09-05,
2015-09-06,
2015-09-07,
2015-09-08,
2015-09-09,
2015-09-10,
2015-09-11,
2015-09-12,
2015-09-13,
2015-09-14,
2015-09-15,
2015-09-16,
2015-09-17,
2015-09-18,
2015-09-19,
2015-09-20,
2015-09-21,
2015-09-22,
2015-09-23,
2015-09-24,
2015-09-25,
2015-09-26,
2015-09-27,
2015-09-28,
2015-09-29,
2015-09-30,
2015-10-01,
2015-10-02,
2015-10-03,
2015-10-04,
2015-10-05,
2015-10-06,
2015-10-07,
2015-10-08,
2015-10-09,
2015-10-10,
2015-10-11,
2015-10-12,
2015-10-13,
2015-10-14,
2015-10-15,
2015-10-16,
2015-10-17,
2015-10-18,
2015-10-19,
2015-10-20,
2015-10-21,
2015-10-22,
2015-10-23,
2015-10-24,
2015-10-25,
2015-10-26,
2015-10-27,
2015-10-28,
2015-10-29,
2015-10-30,
2015-10-31,
2015-11-01,
2015-11-02,
2015-11-03,
2015-11-04,
2015-11-05,
2015-11-06,
2015-11-07,
2015-11-08,
2015-11-09,
2015-11-10,
2015-11-11,
2015-11-12,
2015-11-13,
2015-11-14,
2015-11-15,
2015-11-16,
2015-11-17,
2015-11-18,
2015-11-19,
2015-11-20,
2015-11-21,
2015-11-22,
2015-11-23,
2015-11-24,
2015-11-25,
2015-11-26,
2015-11-27,
2015-11-28,
2015-11-29,
2015-11-30,
2015-12-01,
2015-12-02,
2015-12-03,
2015-12-04,
2015-12-05,
2015-12-06,
2015-12-07,
2015-12-08,
2015-12-09,
2015-12-10,
2015-12-11,
2015-12-12,
2015-12-13,
2015-12-14,
2015-12-15,
2015-12-16,
2015-12-17,
2015-12-18,
2015-12-19,
2015-12-20,
2015-12-21,
2015-12-22,
2015-12-23,
2015-12-24,
2015-12-25,
2015-12-26,
2015-12-27,
2015-12-28,
2015-12-29,
2015-12-30,
2015-12-31,
2016-01-01,
2016-01-02,
2016-01-03,
2016-01-04,
2016-01-05,
2016-01-06,
2016-01-07,
2016-01-08,
2016-01-09,
2016-01-10,
2016-01-11,
2016-01-12,
2016-01-13,
2016-01-14,
2016-01-15,
2016-01-16,
2016-01-17,
2016-01-18,
2016-01-19,
2016-01-20,
2016-01-21,
2016-01-22,
2016-01-23,
2016-01-24,
2016-01-25,
2016-01-26,
2016-01-27,
2016-01-28,
2016-01-29,
2016-01-30,
2016-01-31,
2016-02-01,
2016-02-02,
2016-02-03,
2016-02-04,
2016-02-05,
2016-02-06,
2016-02-07,
2016-02-08,
2016-02-09,
2016-02-10,
2016-02-11,
2016-02-12,
2016-02-13,
2016-02-14,
2016-02-15,
2016-02-16,
2016-02-17,
2016-02-18,
2016-02-19,
2016-02-20,
2016-02-21,
2016-02-22,
2016-02-23,
2016-02-24,
2016-02-25,
2016-02-26,
2016-02-27,
2016-02-28,
2016-02-29,
2016-03-01,
2016-03-02,
2016-03-03,
2016-03-04,
2016-03-05,
2016-03-06,
2016-03-07,
2016-03-08,
2016-03-09,
2016-03-10,
2016-03-11,
2016-03-12,
2016-03-13,
2016-03-14,
2016-03-15,
2016-03-16,
2016-03-17,
2016-03-18,
2016-03-19,
2016-03-20,
2016-03-21,
2016-03-22,
2016-03-23,
2016-03-24,
2016-03-25,
2016-03-26,
2016-03-27,
2016-03-28,
2016-03-29,
2016-03-30,
2016-03-31,
2016-04-01,
2016-04-02,
2016-04-03,
2016-04-04,
2016-04-05,
2016-04-06,
2016-04-07,
2016-04-08,
2016-04-09,
2016-04-10,
2016-04-11,
2016-04-12,
2016-04-13,
2016-04-14,
2016-04-15,
2016-04-16,
2016-04-17,
2016-04-18,
2016-04-19,
2016-04-20,
2016-04-21,
2016-04-22,
2016-04-23,
2016-04-24,
2016-04-25,
2016-04-26,
2016-04-27,
2016-04-28,
2016-04-29,
2016-04-30,
2016-05-01,
2016-05-02,
2016-05-03,
2016-05-04,
2016-05-05,
2016-05-06,
2016-05-07,
2016-05-08,
2016-05-09,
2016-05-10,
2016-05-11,
2016-05-12,
2016-05-13,
2016-05-14,
2016-05-15,
2016-05-16,
2016-05-17,
2016-05-18,
2016-05-19,
2016-05-20,
2016-05-21,
2016-05-22,
2016-05-23,
2016-05-24,
2016-05-25,
2016-05-26,
2016-05-27,
2016-05-28,
2016-05-29,
2016-05-30,
2016-05-31,
2016-06-01,
2016-06-02,
2016-06-03,
2016-06-04,
2016-06-05,
2016-06-06,
2016-06-07,
2016-06-08,
2016-06-09,
2016-06-10,
2016-06-11,
2016-06-12,
2016-06-13,
2016-06-14,
2016-06-15,
2016-06-16,
2016-06-17,
2016-06-18,
2016-06-19,
2016-06-20,
2016-06-21,
2016-06-22,
2016-06-23,
2016-06-24,
2016-06-25,
2016-06-26,
2016-06-27,
2016-06-28,
2016-06-29,
2016-06-30,
2016-07-01,
2016-07-02,
2016-07-03,
2016-07-04,
2016-07-05,
2016-07-06,
2016-07-07,
2016-07-08,
2016-07-09,
2016-07-10,
2016-07-11,
2016-07-12,
2016-07-13,
2016-07-14,
2016-07-15,
2016-07-16,
2016-07-17,
2016-07-18,
2016-07-19,
2016-07-20,
2016-07-21,
2016-07-22,
2016-07-23,
2016-07-24,
2016-07-25,
2016-07-26,
2016-07-27,
2016-07-28,
2016-07-29,
2016-07-30,
2016-07-31,
2016-08-01,
2016-08-02,
2016-08-03,
2016-08-04,
2016-08-05,
2016-08-06,
2016-08-07,
2016-08-08,
2016-08-09,
2016-08-10,
2016-08-11,
2016-08-12,
2016-08-13,
2016-08-14,
2016-08-15,
2016-08-16,
2016-08-17,
2016-08-18,
2016-08-19,
2016-08-20,
2016-08-21,
2016-08-22,
2016-08-23,
2016-08-24,
2016-08-25,
2016-08-26,
2016-08-27,
2016-08-28,
2016-08-29,
2016-08-30,
2016-08-31,
2016-09-01,
2016-09-02,
2016-09-03,
2016-09-04,
2016-09-05,
2016-09-06,
2016-09-07,
2016-09-08,
2016-09-09,
2016-09-10,
2016-09-11,
2016-09-12,
2016-09-13,
2016-09-14,
2016-09-15,
2016-09-16,
2016-09-17,
2016-09-18,
2016-09-19,
2016-09-20,
2016-09-21,
2016-09-22,
2016-09-23,
2016-09-24,
2016-09-25,
2016-09-26,
2016-09-27,
2016-09-28,
2016-09-29,
2016-09-30,
2016-10-01,
2016-10-02,
2016-10-03,
2016-10-04,
2016-10-05,
2016-10-06,
2016-10-07,
2016-10-08,
2016-10-09,
2016-10-10,
2016-10-11,
2016-10-12,
2016-10-13,
2016-10-14,
2016-10-15,
2016-10-16,
2016-10-17,
2016-10-18,
2016-10-19,
2016-10-20,
2016-10-21,
2016-10-22,
2016-10-23,
2016-10-24,
2016-10-25,
2016-10-26,
2016-10-27,
2016-10-28,
2016-10-29,
2016-10-30,
2016-10-31,
2016-11-01,
2016-11-02,
2016-11-03,
2016-11-04,
2016-11-05,
2016-11-06,
2016-11-07,
2016-11-08,
2016-11-09,
2016-11-10,
2016-11-11,
2016-11-12,
2016-11-13,
2016-11-14,
2016-11-15,
2016-11-16,
2016-11-17,
2016-11-18,
2016-11-19,
2016-11-20,
2016-11-21,
2016-11-22,
2016-11-23,
2016-11-24,
2016-11-25,
2016-11-26,
2016-11-27,
2016-11-28,
2016-11-29,
2016-11-30,
2016-12-01,
2016-12-02,
2016-12-03,
2016-12-04,
2016-12-05,
2016-12-06,
2016-12-07,
2016-12-08,
2016-12-09,
2016-12-10,
2016-12-11,
2016-12-12,
2016-12-13,
2016-12-14,
2016-12-15,
2016-12-16,
2016-12-17,
2016-12-18,
2016-12-19,
2016-12-20,
2016-12-21,
2016-12-22,
2016-12-23,
2016-12-24,
2016-12-25,
2016-12-26,
2016-12-27,
2016-12-28,
2016-12-29,
2016-12-30,
2016-12-31,
2017-01-01,
2017-01-02,
2017-01-03,
2017-01-04,
2017-01-05,
2017-01-06,
2017-01-07,
2017-01-08,
2017-01-09,
2017-01-10,
2017-01-11,
2017-01-12,
2017-01-13,
2017-01-14,
2017-01-15,
2017-01-16,
2017-01-17,
2017-01-18,
2017-01-19,
2017-01-20,
2017-01-21,
2017-01-22,
2017-01-23,
2017-01-24,
2017-01-25,
2017-01-26,
2017-01-27,
2017-01-28,
2017-01-29,
2017-01-30,
2017-01-31,
2017-02-01,
2017-02-02,
2017-02-03,
2017-02-04,
2017-02-05,
2017-02-06,
2017-02-07,
2017-02-08,
2017-02-09,
2017-02-10,
2017-02-11,
2017-02-12,
2017-02-13,
2017-02-14,
2017-02-15,
2017-02-16,
2017-02-17,
2017-02-18,
2017-02-19,
2017-02-20,
2017-02-21,
2017-02-22,
2017-02-23,
2017-02-24,
2017-02-25,
2017-02-26,
2017-02-27,
2017-02-28,
2017-03-01,
2017-03-02,
2017-03-03,
2017-03-04,
2017-03-05,
2017-03-06,
2017-03-07,
2017-03-08,
2017-03-09,
2017-03-10,
2017-03-11,
2017-03-12,
2017-03-13,
2017-03-14,
2017-03-15,
2017-03-16,
2017-03-17,
2017-03-18,
2017-03-19,
2017-03-20,
2017-03-21,
2017-03-22,
2017-03-23,
2017-03-24,
2017-03-25,
2017-03-26,
2017-03-27,
2017-03-28,
2017-03-29,
2017-03-30,
2017-03-31,
2017-04-01,
2017-04-02,
2017-04-03,
2017-04-04,
2017-04-05,
2017-04-06,
2017-04-07,
2017-04-08,
2017-04-09,
2017-04-10,
2017-04-11,
2017-04-12,
2017-04-13,
2017-04-14,
2017-04-15,
2017-04-16,
2017-04-17,
2017-04-18,
2017-04-19,
2017-04-20,
2017-04-21,
2017-04-22,
2017-04-23,
2017-04-24,
2017-04-25,
2017-04-26,
2017-04-27,
2017-04-28,
2017-04-29,
2017-04-30,
2017-05-01,
2017-05-02,
2017-05-03,
2017-05-04,
2017-05-05,
2017-05-06,
2017-05-07,
2017-05-08,
2017-05-09,
2017-05-10,
2017-05-11,
2017-05-12,
2017-05-13,
2017-05-14,
2017-05-15,
2017-05-16,
2017-05-17,
2017-05-18,
2017-05-19,0.4949956340511063
2017-05-20,0.500719793290132
2017-05-21,0.5023217917616212
2017-05-22,0.5016836796941722
2017-05-23,0.4904871055530357
2017-05-24,0.4466644889663182
2017-05-25,0.5014276535078912
2017-05-26,0.49566093723755666
2017-05-27,0.5344504181600955
2017-05-28,0.552231229278043
2017-05-29,0.6088219496204552
2017-05-30,0.4504660766961652
2017-05-31,0.12851737536427163
2017-06-01,0.2565942424715244
2017-06-02,0.3135736428687971
2017-06-03,0.16786341584196718
2017-06-04,0.14798104338444942
2017-06-05,0.1287470645116729
2017-06-06,0.07581495777123858
2017-06-07,0.059332871529812946
2017-06-08,0.04714792576419216
2017-06-09,0.042271972213832686
2017-06-10,0.17508666912323181
2017-06-11,0.46197618245141
2017-06-12,0.4552475121965775
2017-06-13,0.3673937916994814
2017-06-14,0.08814518814518814
2017-06-15,0.21492404755411748
2017-06-16,0.36911246512993684
2017-06-17,0.47414889883302624
2017-06-18,0.5448641385488205
2017-06-19,0.5690526277610533
2017-06-20,0.5083289981358651
2017-06-21,0.48896545519971213
2017-06-22,0.438612463171779
2017-06-23,0.40222886275517855
2017-06-24,0.2984281650071124
2017-06-25,0.5874465115620041
2017-06-26,0.4544458558272468
2017-06-27,0.4323961928595027
2017-06-28,0.5007072135785007
2017-06-29,0.528081188533166
2017-06-30,0.5010734608516818
2017-07-01,0.5241391839983389
2017-07-02,0.6626489203276247
2017-07-03,0.6910369907420125
2017-07-04,0.635405192761605
2017-07-05,0.6363297143674989
2017-07-06,0.7294707719465001
2017-07-07,0.6652153475726054
2017-07-08,0.6204141653022861
2017-07-09,0.6224871631372286
2017-07-10,0.6999705787953354
2017-07-11,0.6638489208633094
2017-07-12,0.5747781855344452
2017-07-13,0.5293718059751816
2017-07-14,0.5383965619442798
2017-07-15,0.5251702733559928
2017-07-16,0.47782317372119626
2017-07-17,0.44734579840962824
2017-07-18,0.5140276660351406
2017-07-19,0.5315756302521009
2017-07-20,0.4464006259780908
2017-07-21,0.3403965224086491
2017-07-22,0.21296201593004077
2017-07-23,0.2222429210134128
2017-07-24,0.33453789777594467
2017-07-25,0.34529988557122715
2017-07-26,0.3231150793650794
2017-07-27,0.30302521588512904
2017-07-28,0.47256438794715155
2017-07-29,0.6980796187272218
2017-07-30,0.6203864632344726
2017-07-31,0.5781619147751871
2017-08-01,0.5160926552418982
2017-08-02,0.5648511994302169
2017-08-03,0.5328857212773768
2017-08-04,0.5273891814790432
2017-08-05,0.49553433144037173
2017-08-06,0.4487197332348901
2017-08-07,0.3412931003292449
2017-08-08,0.3430751667367662
2017-08-09,0.300307734677627
2017-08-10,0.4326487695749441
2017-08-11,0.4529555830321476
2017-08-12,0.5757638132019145
2017-08-13,0.5375564409030544
2017-08-14,0.5239506078446364
2017-08-15,0.38076832913321224
2017-08-16,0.29984407302288096
2017-08-17,0.187851710030901
2017-08-18,0.15013917480935948
2017-08-19,0.4790063102420082
2017-08-20,0.40424680409996544
2017-08-21,0.46427936121742824
2017-08-22,0.29642924536393733
2017-08-23,0.50389765798621
2017-08-24,0.5030408513248004
2017-08-25,0.48009082420847127
2017-08-26,0.3113971769986861
2017-08-27,0.37648080294924247
2017-08-28,0.41389028897849456
2017-08-29,0.4169661842758836
2017-08-30,0.36565115826357797
2017-08-31,0.3992483953573448
2017-09-01,0.45238049206226455
2017-09-02,0.5990779224353857
2017-09-03,0.6783151467272338
2017-09-04,0.797159650082012
2017-09-05,0.8776903838190101
2017-09-06,0.939535376244237
2017-09-07,0.7961182519280205
2017-09-08,0.8073240849613272
2017-09-09,0.8735002418964684
2017-09-10,0.9138415506351154
2017-09-11,0.8098820539380316
2017-09-12,0.6057790549169859
2017-09-13,0.5003712503712504
2017-09-14,0.5869506039062293
2017-09-15,0.8490390846016469
2017-09-16,0.937479653879677
2017-09-17,0.9436129572452772
2017-09-18,0.9205119779686741
2017-09-19,0.8882151118966548
2017-09-20,0.5865461337588859
2017-09-21,0.586761015058561
2017-09-22,0.5338343155673366
2017-09-23,0.5518193990570829
2017-09-24,0.5730710231630618
2017-09-25,0.5801459121163628
2017-09-26,0.4930305447045855
2017-09-27,0.4535923141186299
2017-09-28,0.44689682667850944
2017-09-29,0.3479401408450704
2017-09-30,0.29156325677240796
2017-10-01,0.32047761358127724
2017-10-02,0.3392727272727273
2017-10-03,0.2856935382965412
2017-10-04,0.26708940634975625
2017-10-05,0.37372908948295336
2017-10-06,0.45748510060777714
2017-10-07,0.5316831683168317
2017-10-08,0.4268322771977311
2017-10-09,0.44557308788078015
2017-10-10,0.3224802664155267
2017-10-11,0.15296098793151838
2017-10-12,0.08999348817017583
2017-10-13,0.035654182914456885
2017-10-14,0.05513923504601227
2017-10-15,0.09307992202729044
2017-10-16,0.2358050474117608
2017-10-17,0.1601834927718565
2017-10-18,0.09116690802737312
2017-10-19,0.08515355946596215
2017-10-20,0.1477268986404187
2017-10-21,0.21960043880005062
2017-10-22,0.3961702028226937
2017-10-23,0.4940881053985055
2017-10-24,0.5665029606408917
2017-10-25,0.48486914291269867
2017-10-26,0.4213230475276222
2017-10-27,0.44518633540372665
2017-10-28,0.6276894604796653
2017-10-29,0.6330890926133377
2017-10-30,0.5672245924953506
2017-10-31,0.486397139014105
2017-11-01,0.5943803936669008
2017-11-02,0.6473770136433226
2017-11-03,0.6765544099770384
2017-11-04,0.593327244001185
2017-11-05,0.587686091310593
2017-11-06,0.587831508040952
2017-11-07,0.5476202124063828
2017-11-08,0.5577480712955574
2017-11-09,0.5307940184503313
2017-11-10,0.5180207474913956
2017-11-11,0.4664162383023593
2017-11-12,0.516750838801237
2017-11-13,0.5919354134369745
2017-11-14,0.6106474406697753
2017-11-15,0.5625434057920689
2017-11-16,0.5271161502509953
2017-11-17,0.6166919064445566
2017-11-18,0.5843477793311109
2017-11-19,0.5980458799008466
2017-11-20,0.43004887246979145
2017-11-21,0.35167963337951613
2017-11-22,0.35819268351772593
2017-11-23,0.3943649885583524
2017-11-24,0.5160720623278294
2017-11-25,0.565560114411367
2017-11-26,0.6985824985824985
2017-11-27,0.7101573688662575
2017-11-28,0.7103930942340613
2017-11-29,0.6030341063779301
2017-11-30,0.47147914945896924
2017-12-01,0.3535362522761132
2017-12-02,0.2075039611804318
2017-12-03,0.37374262028675453
2017-12-04,0.38869016609305973
2017-12-05,0.3509840732287909
2017-12-06,0.584221687533135
2017-12-07,0.6967291106710528
2017-12-08,0.6190476190476191
2017-12-09,0.5765845070422535
2017-12-10,0.5591805598103868
2017-12-11,0.5342466992222825
2017-12-12,0.523070649669174
2017-12-13,0.5151968031968033
2017-12-14,0.5035561452580746
2017-12-15,0.49469505242372835
2017-12-16,0.4938585718530256
2017-12-17,0.4918260570724308
2017-12-18,0.4887505908303135
2017-12-19,0.48113872643936384
2017-12-20,0.38799302104261396
2017-12-21,0.43969031905338385
2017-12-22,0.4788718545805718
2017-12-23,0.5457423262857476
2017-12-24,0.7472654480406089
2017-12-25,0.8991849546725147
2017-12-26,0.9279770154770155
2017-12-27,0.8671379814724525
2017-12-28,0.5343586700610609
2017-12-29,0.8202690166975881
2017-12-30,0.8996256100253527
2017-12-31,0.8828249852904891
2018-01-01,0.7242303455637698
2018-01-02,0.4754869394534199
2018-01-03,0.43394193417248855
2018-01-04,0.36073387160343684
2018-01-05,0.24087795474537252
2018-01-06,0.17975976289837328
2018-01-07,0.15159408151870463
2018-01-08,0.10698536371701452
2018-01-09,0.2850778644377733
2018-01-10,0.2244795127353267
2018-01-11,0.3453444112320174
2018-01-12,0.3256566509425304
2018-01-13,0.3152779150604593
2018-01-14,0.2785582336061684
2018-01-15,0.27324789747697237
2018-01-16,0.6424642464246424
2018-01-17,0.7399125586110759
2018-01-18,0.8143514573343348
2018-01-19,0.4952305332296258
2018-01-20,0.4960452839674645
2018-01-21,0.45720238372363703
2018-01-22,0.47552769741776496
2018-01-23,0.4864409767981934
2018-01-24,0.4452061850177075
2018-01-25,0.4388038684308412
2018-01-26,0.42134572446052315
2018-01-27,0.39387023465576776
2018-01-28,0.30367477309383006
2018-01-29,0.15294243391657528
2018-01-30,0.09413902771467515
2018-01-31,0.16337808729113076
2018-02-01,0.25271834535500126
2018-02-02,0.1734873409164185
2018-02-03,0.2816700896191187
2018-02-04,0.3660741379310345
2018-02-05,0.6053814435116945
2018-02-06,0.5069995369655811
2018-02-07,0.514264505668174
2018-02-08,0.4810201832734022
2018-02-09,0.4996478334098913
2018-02-10,0.4943870746614089
2018-02-11,0.5290530020984228
2018-02-12,0.5063545590796775
2018-02-13,0.50411660140929
2018-02-14,0.4490270805701526
2018-02-15,0.46311561878353125
2018-02-16,0.41931928254116707
2018-02-17,0.4576319462720577
2018-02-18,0.3547566360655084
2018-02-19,0.3698435843054083
2018-02-20,0.3379369496813771
2018-02-21,0.37169559412550063
2018-02-22,0.3954565182367273
2018-02-23,0.35549987866226784
2018-02-24,0.3752796585222255
2018-02-25,0.4293887651006273
2018-02-26,0.44284796225494183
2018-02-27,0.4551008684815204
2018-02-28,0.40831401898201497
2018-03-01,0.42719186375010093
2018-03-02,0.35748823773778127
2018-03-03,0.30017264638807695
2018-03-04,0.25328624885465856
2018-03-05,0.17523223375801675
2018-03-06,0.15751087666735727
2018-03-07,0.1713651478928762
2018-03-08,0.2929057267884323
2018-03-09,0.4711578301478007
2018-03-10,0.5399293013101815
2018-03-11,0.5711106391012933
2018-03-12,0.5385088605846793
2018-03-13,0.5586087065416464
2018-03-14,0.5929779938731345
2018-03-15,0.5822729906181084
2018-03-16,0.6220717081961101
2018-03-17,0.5716188324547458
2018-03-18,0.5649608185597923
2018-03-19,0.5146470704317421
2018-03-20,0.5004613482441086
2018-03-21,0.4777162491754997
2018-03-22,0.4856798367082138
2018-03-23,0.4729304029304029
2018-03-24,0.41475196696952715
2018-03-25,0.3780793563533982
2018-03-26,0.35664394455805504
2018-03-27,0.4048706263485866
2018-03-28,0.4478295601844874
2018-03-29,0.4372006170333685
2018-03-30,0.4905935708736641
2018-03-31,0.5014735802764646
2018-04-01,0.5559368396547402
2018-04-02,0.5421364455096238
2018-04-03,0.5565961528752461
2018-04-04,0.5147509731776249
2018-04-05,0.5977296905936937
2018-04-06,0.5448504983388704
2018-04-07,0.5158727008071986
2018-04-08,0.42557435524370496
2018-04-09,0.4094768306100473
2018-04-10,0.43889399711020627
2018-04-11,0.4845789643796207
2018-04-12,0.46652845150608535
2018-04-13,0.4639706010187938
2018-04-14,0.45381389124144766
2018-04-15,0.4793370914490852
2018-04-16,0.4872652825239032
2018-04-17,0.44222453371592535
2018-04-18,0.3527883291493607
2018-04-19,0.352790127898709
2018-04-20,0.36993946731234867
2018-04-21,0.39687327721922583
2018-04-22,0.3978356082833695
2018-04-23,0.35180665650478354
2018-04-24,0.3572245700550691
2018-04-25,0.2959029888551165
2018-04-26,0.2911789643912998
2018-04-27,0.27503536067892503
2018-04-28,0.24169516672534327
2018-04-29,0.19532813571416627
2018-04-30,0.1918412746965505
2018-05-01,0.2238117827212277
2018-05-02,0.21113425029058502
2018-05-03,0.21210215789996797
2018-05-04,0.12914693901159283
2018-05-05,0.10788258892384628
2018-05-06,0.07879548357739265
2018-05-07,0.07445647715153007
2018-05-08,0.11387874141632949
2018-05-09,0.13733196519410248
2018-05-10,0.13442693059628544
2018-05-11,0.12637070908460474
2018-05-12,0.1605114519289237
2018-05-13,0.25664264395428404
2018-05-14,0.3146380596814194
2018-05-15,0.3355487723064538
2018-05-16,0.39235316322514835
2018-05-17,0.3906798787409356
2018-05-18,0.36031245669945966
2018-05-19,0.3776856636998756
2018-05-20,0.38922542402100546
2018-05-21,0.4130380999505195
2018-05-22,0.40082759166864657
2018-05-23,0.38960123151801185
2018-05-24,0.3803907992821464
2018-05-25,0.3566926192442295
2018-05-26,0.3537179091517764
2018-05-27,0.3739614862749191
2018-05-28,0.40506509531954105
2018-05-29,0.37773330666798266
2018-05-30,0.3983649037340313
2018-05-31,0.385582933904168
2018-06-01,0.40691458491855714
2018-06-02,0.37983705148627467
2018-06-03,0.4051302492528577
2018-06-04,0.3843665146780061
2018-06-05,0.39422710765007907
2018-06-06,0.3681774717919296
2018-06-07,0.34924276344912153
2018-06-08,0.36838154294445824
2018-06-09,0.3834757834757835
2018-06-10,0.34179727472794025
2018-06-11,0.38896654734294644
2018-06-12,0.3637061602076542
2018-06-13,0.37904998632333636
2018-06-14,0.3892700209066213
2018-06-15,0.4383571653401682
2018-06-16,0.4657336556915331
2018-06-17,0.4957748825596403
2018-06-18,0.4798165888807009
2018-06-19,0.4822374610090608
2018-06-20,0.5301177961329078
2018-06-21,0.5242172193264574
2018-06-22,0.5400291138711366
2018-06-23,0.568356624484168
2018-06-24,0.5645626790041859
2018-06-25,0.4892398400691699
2018-06-26,0.5106910039113429
2018-06-27,0.4976930876517274
2018-06-28,0.5325722250257167
2018-06-29,0.49931494414253036
2018-06-30,0.45139990870160646
2018-07-01,0.3852566574286059
2018-07-02,0.38721884513097715
2018-07-03,0.372001252402237
2018-07-04,0.387969357831109
2018-07-05,0.38863781852230495
2018-07-06,0.41553875303875304
2018-07-07,0.3773088090861313
2018-07-08,0.36022650964908326
2018-07-09,0.3393529369983664
2018-07-10,0.3801517592640715
2018-07-11,0.431422442749891
2018-07-12,0.4723509945456983
2018-07-13,0.4727912669207517
2018-07-14,0.4575156893967778
2018-07-15,0.4512105790731745
2018-07-16,0.4864349579753564
2018-07-17,0.48675713149115746
2018-07-18,0.4964832379281049
2018-07-19,0.4622088781312611
2018-07-20,0.45324456811894326
2018-07-21,0.431825100318251
2018-07-22,0.4239467604311448
2018-07-23,0.38148924591684674
2018-07-24,0.3296594150599718
2018-07-25,0.29365263533317176
2018-07-26,0.28248488650621645
2018-07-27,0.31098693600486227
2018-07-28,0.328339757728013
2018-07-29,0.2858199229374433
2018-07-30,0.2933069396949466
2018-07-31,0.29314496564019815
2018-08-01,0.30408515535097813
2018-08-02,0.29086950073480833
2018-08-03,0.29113505392739425
2018-08-04,0.2754924182249003
2018-08-05,0.30418634247630527
2018-08-06,0.353454095409541
2018-08-07,0.42688815573005134
2018-08-08,0.45401650527436693
2018-08-09,0.491335474744702
2018-08-10,0.5327939649649871
2018-08-11,0.5344601833115106
2018-08-12,0.5376194131789477
2018-08-13,0.5095135924141488
2018-08-14,0.5629846107343742
2018-08-15,0.5239557833537332
2018-08-16,0.511873785412518
2018-08-17,0.5245620392679216
2018-08-18,0.5240378559172947
2018-08-19,0.5689967750464887
2018-08-20,0.5389570154095702
2018-08-21,0.521872821566465
2018-08-22,0.4898153013843781
2018-08-23,0.5061041263700838
2018-08-24,0.5116910119950159
2018-08-25,0.507565462113835
2018-08-26,0.5213178667076718
2018-08-27,0.5539162301210109
2018-08-28,0.4903146566849924
2018-08-29,0.42940710178977326
2018-08-30,0.3728090054218909
2018-08-31,0.39234884094482864
2018-09-01,0.41390159640097945
2018-09-02,0.43079044020921253
2018-09-03,0.41641234441359204
2018-09-04,0.38307237628120483
2018-09-05,0.40604063345179353
2018-09-06,0.45323220663411745
2018-09-07,0.45639763779527565
2018-09-08,0.47518823328870885
2018-09-09,0.4815193602257051
2018-09-10,0.5152099519914541
2018-09-11,0.4834319489953185
2018-09-12,0.5148243407624271
2018-09-13,0.5281867056768451
2018-09-14,0.5241984497715724
2018-09-15,0.5086425052866252
2018-09-16,0.49283010649784065
2018-09-17,0.44995051272894243
2018-09-18,0.46885761882747795
2018-09-19,0.4687458081824279
2018-09-20,0.48340986625668825
2018-09-21,0.4628951358091163
2018-09-22,0.43356664545647366
2018-09-23,0.3937762573278608
2018-09-24,0.38852402124492014
2018-09-25,0.43709154755666385
2018-09-26,0.4323238405142272
2018-09-27,0.41631306364854326
2018-09-28,0.3983754804411078
2018-09-29,0.43597731595351663
2018-09-30,0.46380401447740044
2018-10-01,0.4352848590878796
2018-10-02,0.4238558080608124
2018-10-03,0.42318250335357
2018-10-04,0.4085410936622009
2018-10-05,0.4512065783311755
2018-10-06,0.4414365497983246
2018-10-07,0.41614045918217357
2018-10-08,0.37725831594223874
2018-10-09,0.329025961350771
2018-10-10,0.40059348481660706
2018-10-11,0.3983768802894533
2018-10-12,0.4114591317002183
2018-10-13,0.37218823707111903
2018-10-14,0.37601704578397077
2018-10-15,0.37852028800734483
2018-10-16,0.3856741913688259
2018-10-17,0.4330044955044955
2018-10-18,0.4335411425898089
2018-10-19,0.45559574040586703
2018-10-20,0.40863824651129926
2018-10-21,0.41950123319368576
2018-10-22,0.4151672088112766
2018-10-23,0.414014280642534
2018-10-24,0.42169999905260863
2018-10-25,0.4243566614473415
2018-10-26,0.40351877156295063
2018-10-27,0.38535511457283594
2018-10-28,0.3629102301631615
2018-10-29,0.3525648723192675
2018-10-30,0.32387306325302334
2018-10-31,0.33619843792927506
2018-11-01,0.35895207095624926
2018-11-02,0.3674890906112237
2018-11-03,0.34476727982162764
2018-11-04,0.33373404494027803
2018-11-05,0.34559753025639506
2018-11-06,0.3678234968135218
2018-11-07,0.376049037429803
2018-11-08,0.35627328849674766
2018-11-09,0.3890665719023928
2018-11-10,0.3659007009260142
2018-11-11,0.36485721342065786
2018-11-12,0.3705747183102449
2018-11-13,0.36332428221272567
2018-11-14,0.39958102489295994
2018-11-15,0.44018151815181517
2018-11-16,0.5304068561282081
2018-11-17,0.4737195217884288
2018-11-18,0.5243962529781243
2018-11-19,0.4827451252377933
2018-11-20,0.4859026662758982
2018-11-21,0.5666370561791704
2018-11-22,0.45866260554323646
2018-11-23,0.4419360173051826
2018-11-24,0.3939782028017322
2018-11-25,0.44458949010612475
2018-11-26,0.47583943616907814
2018-11-27,0.6420477528687913
2018-11-28,0.6837062286953828
2018-11-29,0.6629880929446677
2018-11-30,0.6716823315234073
2018-12-01,0.6622629632890219
2018-12-02,0.6718187361935374
2018-12-03,0.6185597389954482
2018-12-04,0.5749189403064512
2018-12-05,0.5367706163588832
2018-12-06,0.4907751877142035
2018-12-07,0.49875267005206925
2018-12-08,0.5405922573022189
2018-12-09,0.6036925462283687
2018-12-10,0.6244462755267198
2018-12-11,0.5266416421172669
2018-12-12,0.5149068210508888
2018-12-13,0.5097363755293145
2018-12-14,0.5493502041994471
2018-12-15,0.5549729129045701
2018-12-16,0.5417315691275397
2018-12-17,0.5410894717598778
2018-12-18,0.5119663366843169
2018-12-19,0.48391672014284526
2018-12-20,0.5307364794150028
2018-12-21,0.49977487789987796
2018-12-22,0.513315091819756
2018-12-23,0.509971277719113
2018-12-24,0.5084236408341681
2018-12-25,0.5133804879526793
2018-12-26,0.4709921451673877
2018-12-27,0.43897760604551245
2018-12-28,0.4784923331882554
2018-12-29,0.5234083116674798
2018-12-30,0.4754969654213136
2018-12-31,0.4205124896994315
2019-01-01,0.3999567133376094
2019-01-02,0.5202517788724685
2019-01-03,0.5419262473531462
2019-01-04,0.5255627312523445
2019-01-05,0.537465360253365
2019-01-06,0.5328421574309462
2019-01-07,0.5158899854552028
2019-01-08,0.43911576678330455
2019-01-09,0.4685267908314147
2019-01-10,0.43277202072538856
2019-01-11,0.5311648042915388
2019-01-12,0.5599337182128346
2019-01-13,0.5561309667015625
2019-01-14,0.513469439414296
2019-01-15,0.540221572549623
2019-01-16,0.6010255009078019
2019-01-17,0.615239651416122
2019-01-18,0.5423467316607976
2019-01-19,0.49379923428080763
2019-01-20,0.43728662573732996
2019-01-21,0.48010300375549547
2019-01-22,0.46965159608495394
2019-01-23,0.48490922065296
2019-01-24,0.45933918051308364
2019-01-25,0.48410970779582296
2019-01-26,0.48566096963807676
2019-01-27,0.4907145744014835
2019-01-28,0.4391549814972733
2019-01-29,0.518436001667709
2019-01-30,0.5254536210864836
2019-01-31,0.5025964747740673
2019-02-01,0.43845456044862274
2019-02-02,0.48944773376568396
2019-02-03,0.4957946858164265
2019-02-04,0.46194075324005723
2019-02-05,0.36415919473094016
2019-02-06,0.3949024629468178
2019-02-07,0.39927058856439523
2019-02-08,0.42947042315574246
2019-02-09,0.4041536650897012
2019-02-10,0.37452581689343983
2019-02-11,0.4050810122675719
2019-02-12,0.4079758286750288
2019-02-13,0.43523016103661266
2019-02-14,0.4241673062164236
2019-02-15,0.4046168555371009
2019-02-16,0.41153325532842366
2019-02-17,0.39378533618134876
2019-02-18,0.3820746089856336
2019-02-19,0.34896275503217855
2019-02-20,0.38033943018740124
2019-02-21,0.3886189801162852
2019-02-22,0.42510374668555445
2019-02-23,0.3585606825158935
2019-02-24,0.4396801218583397
2019-02-25,0.373912081261376
2019-02-26,0.49827093884789375
2019-02-27,0.48102779369713483
2019-02-28,0.5174515776846248
2019-03-01,0.46951307025871414
2019-03-02,0.4509485830950433
2019-03-03,0.427821355144364
2019-03-04,0.45452743872966395
2019-03-05,0.46264172849000607
2019-03-06,0.49428215730736735
2019-03-07,0.4574246710321911
2019-03-08,0.42908577336336445
2019-03-09,0.4353268489890881
2019-03-10,0.4822897778117935
2019-03-11,0.5129345430502498
2019-03-12,0.5106629440418201
2019-03-13,0.5262535598977971
2019-03-14,0.5138507222269322
2019-03-15,0.5340989677724371
2019-03-16,0.4971252521868331
2019-03-17,0.5176438211544083
2019-03-18,0.5075973347269401
2019-03-19,0.5347521317481204
2019-03-20,0.5102867501218844
2019-03-21,0.4992168713849353
2019-03-22,0.4926741128197439
2019-03-23,0.4946062839131249
2019-03-24,0.5172020276473859
2019-03-25,0.4634604378565312
2019-03-26,0.4624262557993012
2019-03-27,0.48739943563880883
2019-03-28,0.4836081598869775
2019-03-29,0.5028196894601953
2019-03-30,0.4840962035685943
2019-03-31,0.4903571479278179
2019-04-01,0.48918290866260256
2019-04-02,0.5210506208213944
2019-04-03,0.4855213977771625
2019-04-04,0.45978488952566826
2019-04-05,0.42522964840038013
2019-04-06,0.5160738805414271
2019-04-07,0.5216965049878636
2019-04-08,0.47521934800695864
2019-04-09,0.3176543301372181
2019-04-10,0.2715611890918482
2019-04-11,0.29276519332396816
2019-04-12,0.34970226501196505
2019-04-13,0.4470727211866066
2019-04-14,0.45487389399857736
2019-04-15,0.4609324603053752
2019-04-16,0.4502236726819439
2019-04-17,0.36203100101405183
2019-04-18,0.3317543100895418
2019-04-19,0.33814201285950796
2019-04-20,0.40233197430195206
2019-04-21,0.42405715131489685
2019-04-22,0.42838608828901553
2019-04-23,0.4403023299650055
2019-04-24,0.4563837896511004
2019-04-25,0.49273403625324175
2019-04-26,0.5402492874879209
2019-04-27,0.5744776119402984
2019-04-28,0.5135527969830296
2019-04-29,0.48823549697139357
2019-04-30,0.4994265366051237
2019-05-01,0.5947365689808088
2019-05-02,0.648036009850228
2019-05-03,0.6295812907481471
2019-05-04,0.6377598784316829
2019-05-05,0.6365750783321282
2019-05-06,0.6425195039917011
2019-05-07,0.5755633704131272
2019-05-08,0.5827477385649131
2019-05-09,0.5383516416274473
2019-05-10,0.5958678070093892
2019-05-11,0.5516886825849512
2019-05-12,0.6208417994215483
2019-05-13,0.6640783582484036
2019-05-14,0.6579480146290491
2019-05-15,0.5924046839703103
2019-05-16,0.439669422574422
2019-05-17,0.3955088817992044
2019-05-18,0.4153508783427752
2019-05-19,0.4238430745433869
2019-05-20,0.2868853744096263
2019-05-21,0.25936017906429515
2019-05-22,0.2624990233103269
2019-05-23,0.32469586517046767
2019-05-24,0.3775887559563291
2019-05-25,0.3325451953605909
2019-05-26,0.29903758820652554
2019-05-27,0.2510366141147444
2019-05-28,0.20536645821753421
2019-05-29,0.19849993047186426
2019-05-30,0.1931654283216783
2019-05-31,0.2588246958008258
2019-06-01,0.28751946030098596
2019-06-02,0.29036266109244796
2019-06-03,0.30850279837640526
2019-06-04,0.3640184770758019
2019-06-05,0.3975826154043976
2019-06-06,0.39874005389328115
2019-06-07,0.3438447012959325
2019-06-08,0.3195244587079944
2019-06-09,0.36535890251538516
2019-06-10,0.38433756166314303
2019-06-11,0.388749732053917
2019-06-12,0.3768749866240988
2019-06-13,0.4165224375289872
2019-06-14,0.4178464762574039
2019-06-15,0.4317827306077038
2019-06-16,0.355888920161366
2019-06-17,0.32462510881117623
2019-06-18,0.28796288907121675
2019-06-19,0.2638954248366013
2019-06-20,0.2266915839990454
2019-06-21,0.3074965407263544
2019-06-22,0.30900779844477155
2019-06-23,0.29928689303333644
2019-06-24,0.23478252814505127
2019-06-25,0.223589484626853
2019-06-26,0.25157994853547727
2019-06-27,0.25591891273936873
2019-06-28,0.2540603034687934
2019-06-29,0.26363892582085985
2019-06-30,0.2645845975785218
2019-07-01,0.24883282028730577
2019-07-02,0.2269452598944543
2019-07-03,0.27586642539931494
2019-07-04,0.25313491629281104
2019-07-05,0.32753167630085867
2019-07-06,0.27303401426502405
2019-07-07,0.3695950091300828
2019-07-08,0.3720196959225985
2019-07-09,0.38894364158363287
2019-07-10,0.33911182653499977
2019-07-11,0.2951092805820281
2019-07-12,0.24085005655117098
2019-07-13,0.2156105920347553
2019-07-14,0.20500493731111044
2019-07-15,0.2497227457255637
2019-07-16,0.38304964919816725
2019-07-17,0.4847739532800244
2019-07-18,0.47492057110298813
2019-07-19,0.42524985302763074
2019-07-20,0.5062160412284094
2019-07-21,0.4454372432246836
2019-07-22,0.38941228415486595
2019-07-23,0.32362206676117083
2019-07-24,0.3718336790251491
2019-07-25,0.39872177743889525
2019-07-26,0.4208705127677947
2019-07-27,0.35343715211753013
2019-07-28,0.370925832226509
2019-07-29,0.3872592415010935
2019-07-30,0.3652535475878271
2019-07-31,0.36836909571026355
2019-08-01,0.3521221934570649
2019-08-02,0.4045644154238107
2019-08-03,0.39041725416470835
2019-08-04,0.319901347234791
2019-08-05,0.3923465609995951
2019-08-06,0.34051473187366144
2019-08-07,0.3956835590352469
2019-08-08,0.2573224311173812
2019-08-09,0.24558185343102756
2019-08-10,0.2581523111896944
2019-08-11,0.3360340200548201
2019-08-12,0.3666920776201612
2019-08-13,0.31933323428231825
2019-08-14,0.28099758987198475
2019-08-15,0.26853133705925586
2019-08-16,0.3396382580045485
2019-08-17,0.3972829272614915
2019-08-18,0.3915518238736899
2019-08-19,0.35347409955185694
2019-08-20,0.32194410362823206
2019-08-21,0.32313917173072104
2019-08-22,0.3337006789222926
2019-08-23,0.3811816488149178
2019-08-24,0.39458842928388616
2019-08-25,0.44722817669637044
2019-08-26,0.3888065856533881
2019-08-27,0.42640725336770696
2019-08-28,0.4305056672494986
2019-08-29,0.46772290780252607
2019-08-30,0.4837694235588973
2019-08-31,0.5197372591894774
2019-09-01,0.4717110574835443
2019-09-02,0.433188622754491
2019-09-03,0.44929646393962475
2019-09-04,0.41770968651361795
2019-09-05,0.42407758823393044
2019-09-06,0.30551556744053776
2019-09-07,0.3315479269621493
2019-09-08,0.3106683283384271
2019-09-09,0.33906571489709586
2019-09-10,0.3217694961014371
2019-09-11,0.3736107828849764
2019-09-12,0.37903158849202234
2019-09-13,0.3874182281093499
2019-09-14,0.37557755775577556
2019-09-15,0.3410790534382362
2019-09-16,0.30407197288500776
2019-09-17,0.24628165715122236
2019-09-18,0.25333170195072935
2019-09-19,0.29976133070968297
2019-09-20,0.36586313774642687
2019-09-21,0.27721123818127136
2019-09-22,0.293245643305383
2019-09-23,0.3926609143144576
2019-09-24,0.4194126800998095
2019-09-25,0.46425249343888275
2019-09-26,0.42690155630031973
2019-09-27,0.524880061972433
2019-09-28,0.5063095008199283
2019-09-29,0.5095162759480321
2019-09-30,0.5234733530914839
2019-10-01,0.547874527041238
2019-10-02,0.5528765532273718
2019-10-03,0.5284896264153861
2019-10-04,0.5494143682050848
2019-10-05,0.5114874797242498
2019-10-06,0.547626140295193
2019-10-07,0.5295370190004369
2019-10-08,0.5166598850596466
2019-10-09,0.4770050079265924
2019-10-10,0.48090533495338506
2019-10-11,0.4661904133809429
2019-10-12,0.46632633328455253
2019-10-13,0.42689123346123176
2019-10-14,0.34090567984616105
2019-10-15,0.3570652835698801
2019-10-16,0.33231443702883084
2019-10-17,0.4303345163600137
2019-10-18,0.3691971830839966
2019-10-19,0.43319424683757146
2019-10-20,0.41335149779298713
2019-10-21,0.38920775795894447
2019-10-22,0.33394333547971666
2019-10-23,0.3802949918057832
2019-10-24,0.42150462796503085
2019-10-25,0.48123603608409227
2019-10-26,0.49184190551698914
2019-10-27,0.46605030455840313
2019-10-28,0.4957438420022634
2019-10-29,0.45104568263876144
2019-10-30,0.5205895592996622
2019-10-31,0.4671415742632559
2019-11-01,0.45114401486762334
2019-11-02,0.45183637189661924
2019-11-03,0.3847437760439082
2019-11-04,0.3800482643344466
2019-11-05,0.3663469461116541
2019-11-06,0.3401533637170283
2019-11-07,0.313178315647664
2019-11-08,0.27110482156053467
2019-11-09,0.2655688072657613
2019-11-10,0.32079039816168287
2019-11-11,0.36725450640983925
2019-11-12,0.38151582011782736
2019-11-13,0.352596585804133
2019-11-14,0.2977269011607737
2019-11-15,0.29080114558871695
2019-11-16,0.27030492805487216
2019-11-17,0.29526693415339655
2019-11-18,0.31138472289682106
2019-11-19,0.36151496794386395
2019-11-20,0.3090134418778893
2019-11-21,0.3710841262634239
2019-11-22,0.33276189884796437
2019-11-23,0.5003125046137492
2019-11-24,0.47851303150422786
2019-11-25,0.5496049973794086
2019-11-26,0.5298130923560949
2019-11-27,0.49637868041071637
2019-11-28,0.405824573749102
2019-11-29,0.43410283387533133
2019-11-30,0.5190459668396287
2019-12-01,0.47497262733762535
2019-12-02,0.37604538514394126
2019-12-03,0.3520031639119928
2019-12-04,0.4201483988393257
2019-12-05,0.5156693529889408
2019-12-06,0.4555539984826593
2019-12-07,0.4327408044379589
2019-12-08,0.3571460582112567
2019-12-09,0.34900254944665743
2019-12-10,0.3657033788595664
2019-12-11,0.34145208503287106
2019-12-12,0.32558136748827393
2019-12-13,0.2777746672983332
2019-12-14,0.336554019892785
2019-12-15,0.3461456969317518
2019-12-16,0.36033910905243893
2019-12-17,0.3751685817810802
2019-12-18,0.4194887062971957
2019-12-19,0.4806676006127598
2019-12-20,0.39758344122670497
2019-12-21,0.3778095909665267
2019-12-22,0.38717854925012546
2019-12-23,0.3797756361851544
2019-12-24,0.44537795125666413
2019-12-25,0.34773440301816033
2019-12-26,0.438983488980904
2019-12-27,0.3908605259353686
2019-12-28,0.47570657217582046
2019-12-29,0.4181767844087325
2019-12-30,0.3966889593338001
2019-12-31,0.3068356858791239
2020-01-01,0.28482699887754837
2020-01-02,0.2708453392296055
2020-01-03,0.273356985270533
2020-01-04,0.31133445798524517
2020-01-05,0.351722219646748
2020-01-06,0.41937771000169444
2020-01-07,0.3728397002325463
2020-01-08,0.3925757444246637
2020-01-09,0.4466012703049617
2020-01-10,0.42366187974529096
2020-01-11,0.4479217915317534
2020-01-12,0.3791856076259746
2020-01-13,0.3933573552312284
2020-01-14,0.36636248155702233
2020-01-15,0.3542357767076868
2020-01-16,0.39641225480704245
2020-01-17,0.41214472700074795
2020-01-18,0.4120129364409211
2020-01-19,0.38497128676935444
2020-01-20,0.3583070647977398
2020-01-21,0.3905796687296222
2020-01-22,0.42357729469693195
2020-01-23,0.445313397672464
2020-01-24,0.463063253534565
2020-01-25,0.42571980907351936
2020-01-26,0.4077880060588749
2020-01-27,0.3687939528919485
2020-01-28,0.3314556684466028
2020-01-29,0.26504410046362026
2020-01-30,0.2663251999731129
2020-01-31,0.3718064096907034
2020-02-01,0.39411613543323976
2020-02-02,0.32182709919984576
2020-02-03,0.21220902504838257
2020-02-04,0.2299295821667505
2020-02-05,0.24682544127766484
2020-02-06,0.3633799753176301
2020-02-07,0.35404129563343056
2020-02-08,0.40314536330865497
2020-02-09,0.29363990484949243
2020-02-10,0.2658994287995252
2020-02-11,0.23762749533674646
2020-02-12,0.28518758934241345
2020-02-13,0.33739205238131265
2020-02-14,0.37128165599388624
2020-02-15,0.3983395427952843
2020-02-16,0.41049021196816315
2020-02-17,0.40813030856614907
2020-02-18,0.3764676919904516
2020-02-19,0.3631016007783562
2020-02-20,0.33178696448972445
2020-02-21,0.3149070971672251
2020-02-22,0.28217567926965154
2020-02-23,0.3047107930828861
2020-02-24,0.385531260158197
2020-02-25,0.387386898001302
2020-02-26,0.37420894283639383
2020-02-27,0.28264134538757685
2020-02-28,0.3312656985752829
2020-02-29,0.3101249063525278
2020-03-01,0.28622908285331466
2020-03-02,0.23903687512614497
2020-03-03,0.2660174513603158
2020-03-04,0.42424944577883916
2020-03-05,0.46823553817988944
2020-03-06,0.4791802829103007
2020-03-07,0.48319539425689945
2020-03-08,0.4876773885138648
2020-03-09,0.46334420905901996
2020-03-10,0.4850397531944911
2020-03-11,0.48143848504936015
2020-03-12,0.6248874732987488
2020-03-13,0.7846152511208333
2020-03-14,0.8127901461689926
2020-03-15,0.7759780640095242
2020-03-16,0.6628979460360132
2020-03-17,0.7829942313360563
2020-03-18,0.8026501704374857
2020-03-19,0.8021154526189178
2020-03-20,0.7415118278667896
2020-03-21,0.7433843783615325
2020-03-22,0.7346630912688619
2020-03-23,0.7318397020619858
2020-03-24,0.5684349010359555
2020-03-25,0.4779721969880071
2020-03-26,0.47458543049223967
2020-03-27,0.45813164752677715
2020-03-28,0.4647507687556453
2020-03-29,0.5593257297878127
2020-03-30,0.587093689061122
2020-03-31,0.636585603860979
2020-04-01,0.6824600054509865
2020-04-02,0.6914199565473451
2020-04-03,0.6720193027706132
2020-04-04,0.48777072526604603
2020-04-05,0.4814381390441822
2020-04-06,0.4025473486402652
2020-04-07,0.40870369262466716
2020-04-08,0.3848541324434688
2020-04-09,0.4668999779290952
2020-04-10,0.449630460232737
2020-04-11,0.4964073870237877
2020-04-12,0.5107786822838503
2020-04-13,0.5569844928205696
2020-04-14,0.46886756822612086
2020-04-15,0.5370099377259634
2020-04-16,0.5875718492654058
2020-04-17,0.6751331381772814
2020-04-18,0.6451472468190259
2020-04-19,0.6491556337488247
2020-04-20,0.4853382467797823
2020-04-21,0.49313227504709156
2020-04-22,0.4369137126520689
2020-04-23,0.4923616681480839
2020-04-24,0.5947426454373043
2020-04-25,0.5942526121213966
2020-04-26,0.5985458210352026
2020-04-27,0.5607683145347542
2020-04-28,0.39630188715374326
2020-04-29,0.3717919296232549
2020-04-30,0.3367490959387276
2020-05-01,0.4013386771794984
2020-05-02,0.3854762772288545
2020-05-03,0.34672973217244607
2020-05-04,0.3684834076314602
2020-05-05,0.3125336588305351
2020-05-06,0.3445171290354428
2020-05-07,0.37804699603383707
2020-05-08,0.4970953042721953
2020-05-09,0.41333182524539214
2020-05-10,0.39932964094278545
2020-05-11,0.33419156600974775
2020-05-12,0.3884306995031879
2020-05-13,0.4568532707448845
2020-05-14,0.467603180746631
2020-05-15,0.5515002514540605
2020-05-16,0.4566087695763399
2020-05-17,0.4941058321240036
2020-05-18,0.48788859161383524
2020-05-19,0.4659808934024351
2020-05-20,0.3125992354505115
2020-05-21,0.273373430009727
2020-05-22,0.2797262640798434
2020-05-23,0.32980496256505887
2020-05-24,0.3148365712785508
2020-05-25,0.3435427635409589
2020-05-26,0.38686642866220694
2020-05-27,0.41173877656521896
2020-05-28,0.47256929131317355
2020-05-29,0.46165268137711934
2020-05-30,0.42054063644592143
2020-05-31,0.39840056644213107
2020-06-01,0.3876006862259408
2020-06-02,0.3233549599930974
2020-06-03,0.3091365274255972
2020-06-04,0.23873830643871363
2020-06-05,0.22122811955603905
2020-06-06,0.23686499883372752
2020-06-07,0.2614629504419903
2020-06-08,0.3115653089994088
2020-06-09,0.38950643123813444
2020-06-10,0.38651776500073715
2020-06-11,0.4372838039777426
2020-06-12,0.43885817305879393
2020-06-13,0.45597925564368513
2020-06-14,0.3819960774194325
2020-06-15,0.3459781796049937
2020-06-16,0.3162260676140559
2020-06-17,0.3227741907919985
2020-06-18,0.3471621555864155
2020-06-19,0.33780217537106694
2020-06-20,0.37407790481453546
2020-06-21,0.3815049294629578
2020-06-22,0.4639537560369469
2020-06-23,0.4554149724145372
2020-06-24,0.4301243932309393
2020-06-25,0.40064239590291695
2020-06-26,0.3682481695008485
2020-06-27,0.30703302756776807
2020-06-28,0.28268996117581807
2020-06-29,0.27840604415976933
2020-06-30,0.32942152845144607
2020-07-01,0.4414620371659781
2020-07-02,0.4687494480683866
2020-07-03,0.4549216476053274
2020-07-04,0.40058835966251083
2020-07-05,0.38475328760443894
2020-07-06,0.34266060487999217
2020-07-07,0.3245625584242887
2020-07-08,0.31668213016368174
2020-07-09,0.36504735212630346
2020-07-10,0.45682692728147273
2020-07-11,0.436283487309689
2020-07-12,0.38274290442023773
2020-07-13,0.34317931793179324
2020-07-14,0.42685915018980247
2020-07-15,0.45165577665577666
2020-07-16,0.3893850401442981
2020-07-17,0.3186754819487372
2020-07-18,0.3143601856396339
2020-07-19,0.3424529179210353
2020-07-20,0.3507887962846291
2020-07-21,0.39416479263918924
2020-07-22,0.3548441143132971
2020-07-23,0.3322513182910643
2020-07-24,0.3356536634547379
2020-07-25,0.36332356382921616
2020-07-26,0.3475125528635684
2020-07-27,0.3110427299288001
2020-07-28,0.2434084272006675
2020-07-29,0.25217176534107544
2020-07-30,0.2563890410569077
2020-07-31,0.25031443323143565
2020-08-01,0.20211018049239912
2020-08-02,0.16912927590887986
2020-08-03,0.18108092033713974
2020-08-04,0.27055528839353904
2020-08-05,0.3202770445473675
2020-08-06,0.3779501685810618
2020-08-07,0.39852601278265953
2020-08-08,0.3986016348513023
2020-08-09,0.4253118640135818
2020-08-10,0.4129924118217456
2020-08-11,0.3961179520914745
2020-08-12,0.3648205354516034
2020-08-13,0.3500523341521622
2020-08-14,0.36841244605950485
2020-08-15,0.40112981041046325
2020-08-16,0.4058537034274185
2020-08-17,0.43875946590533227
2020-08-18,0.31620741603183244
2020-08-19,0.2896591130130325
2020-08-20,0.28576868047383264
2020-08-21,0.32651887983067307
2020-08-22,0.3619931537905088
2020-08-23,0.37305054546007677
2020-08-24,0.3438477634822964
2020-08-25,0.31469684814781346
2020-08-26,0.2802296908770598
2020-08-27,0.3098982204054668
2020-08-28,0.32424518095311416
2020-08-29,0.39031934723132855
2020-08-30,0.4450686391287264
2020-08-31,0.45744537306317695
2020-09-01,0.4192103768873443
2020-09-02,0.32737710866343184
2020-09-03,0.4410851826952281
2020-09-04,0.5910031536665976
2020-09-05,0.6036426925528264
2020-09-06,0.6006104175664233
2020-09-07,0.40290191688060073
2020-09-08,0.41552213740458016
2020-09-09,0.38702376321100884
2020-09-10,0.4049515332734452
2020-09-11,0.3793488513616309
2020-09-12,0.472242802495117
2020-09-13,0.47907351691199285
2020-09-14,0.5304258312563296
2020-09-15,0.5103897528601686
2020-09-16,0.5578732429398281
2020-09-17,0.5470324353287648
2020-09-18,0.5795236194992069
2020-09-19,0.5639722220919646
2020-09-20,0.5214766905943377
2020-09-21,0.5019021012671764
2020-09-22,0.4614655298445837
2020-09-23,0.5063056980826357
2020-09-24,0.43295565498510113
2020-09-25,0.4653245023596422
2020-09-26,0.4469335884938552
2020-09-27,0.45810548644467264
2020-09-28,0.48939585791755613
2020-09-29,0.5006525781305872
2020-09-30,0.49983117370159186
2020-10-01,0.39875021058299287
2020-10-02,0.34794925702882806
2020-10-03,0.37123554032231487
2020-10-04,0.4253042829049199
2020-10-05,0.4824865896074636
2020-10-06,0.47095950472937465
2020-10-07,0.486953893050037
2020-10-08,0.5623452967255498
2020-10-09,0.6209967342188276
2020-10-10,0.5865622388705739
2020-10-11,0.5169933776131977
2020-10-12,0.459122971935389
2020-10-13,0.46003349221501477
2020-10-14,0.4000581863055211
2020-10-15,0.3472182493349386
2020-10-16,0.4105955330153608
2020-10-17,0.45998756589201595
2020-10-18,0.4480485782220811
2020-10-19,0.3711339689138485
2020-10-20,0.3801250986574825
2020-10-21,0.4710916944572682
2020-10-22,0.5262343668577384
2020-10-23,0.473507073283859
2020-10-24,0.43951392101739345
2020-10-25,0.431917031042016
2020-10-26,0.4722174072148071
2020-10-27,0.5625363119965218
2020-10-28,0.5596590708921165
2020-10-29,0.5757994982561812
2020-10-30,0.44896943486519025
2020-10-31,0.33852154484519625
2020-11-01,0.4681722361547099
2020-11-02,0.4194861008053858
2020-11-03,0.47209517671713425
2020-11-04,0.4172695781811804
2020-11-05,0.42573132452496043
2020-11-06,0.47007279461975415
2020-11-07,0.4224354955160359
2020-11-08,0.33040169692246185
2020-11-09,0.34725714347098846
2020-11-10,0.376020393671713
2020-11-11,0.39672385508624286
2020-11-12,0.3968072410557406
2020-11-13,0.4118312564989536
2020-11-14,0.40550679906426074
2020-11-15,0.31579434618329716
2020-11-16,0.30742837851054383
2020-11-17,0.3234925744201848
2020-11-18,0.3570519986063145
2020-11-19,0.32248377627568525
2020-11-20,0.26752541769908195
2020-11-21,0.264615090643736
2020-11-22,0.2809326981458129
2020-11-23,0.3230576614929859
2020-11-24,0.3847429266619611
2020-11-25,0.3089238002141228
2020-11-26,0.3567181454495182
2020-11-27,0.29304864908380446
2020-11-28,0.3358775084527481
2020-11-29,0.33460266343062667
2020-11-30,0.41385068307570766
2020-12-01,0.43760403488914046
2020-12-02,0.41606311504686366
2020-12-03,0.36148410285242566
2020-12-04,0.23600120185882584
2020-12-05,0.23313513861866209
2020-12-06,0.21980967468619372
2020-12-07,0.28259753263335813
2020-12-08,0.34719210340062484
2020-12-09,0.314761014674827
2020-12-10,0.31132626528967994
2020-12-11,0.32440081161972156
2020-12-12,0.40714374891519156
2020-12-13,0.4142758852278907
2020-12-14,0.39371710234474977
2020-12-15,0.41356562091225557
2020-12-16,0.36449835291464083
2020-12-17,0.38735358246017804
2020-12-18,0.3263782847850234
2020-12-19,0.38358868928157686
2020-12-20,0.3429447806468165
2020-12-21,0.32289426809663757
2020-12-22,0.24101705787752298
2020-12-23,0.17374954800040193
2020-12-24,0.1816628092378758
2020-12-25,0.19954794323175565
2020-12-26,0.2851288895338796
2020-12-27,0.3060300649640436
2020-12-28,0.3134023727590459
2020-12-29,0.25829725161291867
2020-12-30,0.30806306682826934
2020-12-31,0.28464204369584317
2021-01-01,0.3398958336436182
2021-01-02,0.3180608651252913
2021-01-03,0.2767459714524171
2021-01-04,0.27320280745924347
2021-01-05,0.22132378804064473
2021-01-06,0.29481327432055315
2021-01-07,0.230570858196014
2021-01-08,0.23181141251428503
2021-01-09,0.24716840734539852
2021-01-10,0.2545873467394074
2021-01-11,0.25310592221567474
2021-01-12,0.21720588469016378
2021-01-13,0.23236930814917864
2021-01-14,0.21815159613520893
2021-01-15,0.20596813427818084
2021-01-16,0.23494260822678908
2021-01-17,0.2752867352142047
2021-01-18,0.3136671298343123
2021-01-19,0.28328869273638585
2021-01-20,0.3009134743595205
2021-01-21,0.4030340389441195
2021-01-22,0.4105301404337036
2021-01-23,0.3871618155316201
2021-01-24,0.25734349535039786
2021-01-25,0.2867332239490138
2021-01-26,0.36439452355001045
2021-01-27,0.35076263795068524
2021-01-28,0.37797160541465225
2021-01-29,0.3395225766931437
2021-01-30,0.3418983814600456
2021-01-31,0.31948165404775775
2021-02-01,0.2948591592700395
2021-02-02,0.2891414337574637
2021-02-03,0.2437457609582821
2021-02-04,0.19595361185816684
2021-02-05,0.20005635135716435
2021-02-06,0.19189093725847212
2021-02-07,0.2359207828880874
2021-02-08,0.3289199039533488
2021-02-09,0.3508369659634032
2021-02-10,0.3093126838020315
2021-02-11,0.2791151218611521
2021-02-12,0.2739739927498941
2021-02-13,0.29596840001251035
2021-02-14,0.2993878757824096
2021-02-15,0.2501014293739467
2021-02-16,0.23307654940443057
2021-02-17,0.1727594009101518
2021-02-18,0.21662745020404817
2021-02-19,0.22440746457895913
2021-02-20,0.2089695722848725
2021-02-21,0.1541167854156647
2021-02-22,0.11311312354303166
2021-02-23,0.1587270241531217
2021-02-24,0.152127210557848
2021-02-25,0.1792514295178237
2021-02-26,0.19952327113228782
2021-02-27,0.4014587805829072
2021-02-28,0.44399358099032954
2021-03-01,0.5051420607487687
2021-03-02,0.36405880464070806
2021-03-03,0.35417993901506994
2021-03-04,0.33253379541860173
2021-03-05,0.41227917333518893
2021-03-06,0.4638684696517833
2021-03-07,0.46469686364696866
2021-03-08,0.3573172782178855
2021-03-09,0.2885474911432387
2021-03-10,0.3384337129235089
2021-03-11,0.4180720565637166
2021-03-12,0.35714354786125957
2021-03-13,0.2925370897523155
2021-03-14,0.14685717735972237
2021-03-15,0.18212196492310406
2021-03-16,0.20015838978909978
2021-03-17,0.3223367678705411
2021-03-18,0.33504051496310905
2021-03-19,0.24581329871087285
2021-03-20,0.19540427175741504
2021-03-21,0.20765525935081147
2021-03-22,0.3226015600009843
2021-03-23,0.33153085269319255
2021-03-24,0.34274048335665064
2021-03-25,0.2887557539633872
2021-03-26,0.30747206548011546
2021-03-27,0.3673489896380103
2021-03-28,0.3626409631955244
2021-03-29,0.3891986317096193
2021-03-30,0.36374317125079647
2021-03-31,0.39254108004108007
2021-04-01,0.34687770551058394
2021-04-02,0.23282062411588267
2021-04-03,0.24880652116511398
2021-04-04,0.2549879441384779
2021-04-05,0.293767869632644
2021-04-06,0.23277176238806935
2021-04-07,0.28370142751210026
2021-04-08,0.28105977425918727
2021-04-09,0.2685224089635855
2021-04-10,0.21850296197701713
2021-04-11,0.2424303114197969
2021-04-12,0.27079582037431116
2021-04-13,0.2899840965663332
2021-04-14,0.2424769182724004
2021-04-15,0.20633092236092912
2021-04-16,0.1472347266024548
2021-04-17,0.23796036218031957
2021-04-18,0.2622004998381188
2021-04-19,0.31041660581373426
2021-04-20,0.2819253998351108
2021-04-21,0.32466650767151606
2021-04-22,0.3828828530722433
2021-04-23,0.44099970434996927
2021-04-24,0.38394793152639084
2021-04-25,0.3168337773902542
2021-04-26,0.2822639664031256
2021-04-27,0.2918466057678481
2021-04-28,0.2929170740126092
2021-04-29,0.2998383680163156
2021-04-30,0.39844031826895965
2021-05-01,0.42813007341119447
2021-05-02,0.46300247754073687
2021-05-03,0.381194171189507
2021-05-04,0.3732249452873948
2021-05-05,0.3813488421174709
2021-05-06,0.383790490504595
2021-05-07,0.3706352566060911
2021-05-08,0.3006080612712025
2021-05-09,0.30595447131630493
2021-05-10,0.27897335934787626
2021-05-11,0.3055962554905972
2021-05-12,0.49685682853999685
2021-05-13,0.5096064216908235
2021-05-14,0.5192822721320131
2021-05-15,0.4986593167595876
2021-05-16,0.5331855104281009
2021-05-17,0.5354140080057838
2021-05-18,0.3433622070868285
2021-05-19,0.2910168400453188
2021-05-20,0.3915868435525268
2021-05-21,0.42219138586307114
2021-05-22,0.45832541815258143
2021-05-23,0.6641762586717846
2021-05-24,0.7231667857938868
2021-05-25,0.7141236755103326
2021-05-26,0.5277313029872268
2021-05-27,0.5481228967064492
2021-05-28,0.6075893702328349
2021-05-29,0.6312140761566363
2021-05-30,0.44184488506326636
2021-05-31,0.3674230129375913
2021-06-01,0.36376392002557456
2021-06-02,0.3745211515818943
2021-06-03,0.5263225567570857
2021-06-04,0.46469930865768927
2021-06-05,0.5432484453657092
2021-06-06,0.4597253202086027
2021-06-07,0.5178524339566788
2021-06-08,0.4872522747573845
2021-06-09,0.5175436230512618
2021-06-10,0.5033186436836605
2021-06-11,0.5193710868397061
2021-06-12,0.5485881296229651
2021-06-13,0.5898134595347786
2021-06-14,0.6107603508756089
2021-06-15,0.5262172204877902
2021-06-16,0.51195474019466
2021-06-17,0.49246076220568846
2021-06-18,0.5336591233272296
2021-06-19,0.4810674991215601
2021-06-20,0.47364925507090294
2021-06-21,0.44501533944785954
2021-06-22,0.46312498787059375
2021-06-23,0.5744079310396254
2021-06-24,0.66466908554918
2021-06-25,0.6619054234067518
2021-06-26,0.581323424673218
2021-06-27,0.6037592516304854
2021-06-28,0.6278139004580394
2021-06-29,0.5861058854748065
2021-06-30,0.6186431076741563
2021-07-01,0.45008060801473976
2021-07-02,0.4515499321585981
2021-07-03,0.40600503013404665
2021-07-04,0.4550677139135707
2021-07-05,0.4589942528735632
2021-07-06,0.4441458143588455
2021-07-07,0.4505544282934668
2021-07-08,0.43139320477502296
2021-07-09,0.44501460931101394
2021-07-10,0.43417932187318237
2021-07-11,0.5052515699777193
2021-07-12,0.45390158191092733
2021-07-13,0.4795944971296576
2021-07-14,0.45716418084839133
2021-07-15,0.5588166345262963
2021-07-16,0.5505497981409238
2021-07-17,0.5993344429591185
2021-07-18,0.5650466251897255
2021-07-19,0.6204754854965079
2021-07-20,0.6333431336251643
2021-07-21,0.5803633073281297
2021-07-22,0.48176993774947546
2021-07-23,0.37269341845265236
2021-07-24,0.3621348208445031
2021-07-25,0.3920079509937538
2021-07-26,0.3940895995889371
2021-07-27,0.42033054578120593
2021-07-28,0.4119983146107879
2021-07-29,0.4939230864432049
2021-07-30,0.5251810274596252
2021-07-31,0.5372492099337929
2021-08-01,0.5868964448519443
2021-08-02,0.5404213154311107
2021-08-03,0.5478133344662424
2021-08-04,0.41663125818150604
2021-08-05,0.43404149291403704
2021-08-06,0.42660956543922507
2021-08-07,0.5469481056715737
2021-08-08,0.47622943343956353
2021-08-09,0.3998140928752607
2021-08-10,0.32840052169114403
2021-08-11,0.42109577550709165
2021-08-12,0.39901510115145394
2021-08-13,0.36356410398222244
2021-08-14,0.3222668757142722
2021-08-15,0.3517870555065946
2021-08-16,0.35673861002823726
2021-08-17,0.3581390804408271
2021-08-18,0.3543022821504543
2021-08-19,0.37722264518039167
2021-08-20,0.39213881242608356
2021-08-21,0.38725188308304515
2021-08-22,0.34384980881691407
2021-08-23,0.3008905733299877
2021-08-24,0.2743061417764735
2021-08-25,0.27522871804360044
2021-08-26,0.29059165206448545
2021-08-27,0.31426729464431435
2021-08-28,0.36531091852094105
2021-08-29,0.36381954803232797
2021-08-30,0.3944131262426279
2021-08-31,0.3064404644447789
2021-09-01,0.2878399606468215
2021-09-02,0.2853766029170204
2021-09-03,0.3582871316019842
2021-09-04,0.38113207940052585
2021-09-05,0.3207523510537038
2021-09-06,0.2972255128125195
2021-09-07,0.3681279044659105
2021-09-08,0.3839179696142784
2021-09-09,0.43609940277104287
2021-09-10,0.36730977231980394
2021-09-11,0.447083250984736
2021-09-12,0.4023213542828963
2021-09-13,0.3790051814422254
2021-09-14,0.44376850662400225
2021-09-15,0.45206537385924717
2021-09-16,0.5204461663723938
2021-09-17,0.45037865407350164
2021-09-18,0.44272556069166236
2021-09-19,0.49996704635950073
2021-09-20,0.4464599963364188
2021-09-21,0.7021069343439517
2021-09-22,0.7040209170825418
2021-09-23,0.72278304587256
2021-09-24,0.5012024599361593
2021-09-25,0.5058380863538842
2021-09-26,0.4733823925842529
2021-09-27,0.44699015797749697
2021-09-28,0.43326101898788555
2021-09-29,0.43091306196151924
2021-09-30,0.4231689962534341
2021-10-01,0.4412569778242716
2021-10-02,0.40971391335998975
2021-10-03,0.39247929197804643
2021-10-04,0.40307819551373847
2021-10-05,0.43814521555623637
2021-10-06,0.40495913943751094
2021-10-07,0.4048271922820159
2021-10-08,0.428978923157204
2021-10-09,0.41094063805565395
2021-10-10,0.33234802734640445
2021-10-11,0.3267206513898535
2021-10-12,0.3723295167795837
2021-10-13,0.4050679847535832
2021-10-14,0.3525784603571769
2021-10-15,0.39864383227010425
2021-10-16,0.41809515342127784
2021-10-17,0.4161119258215745
2021-10-18,0.3492891941538216
2021-10-19,0.4429766448912611
2021-10-20,0.48925505715357437
2021-10-21,0.44647261046735426
2021-10-22,0.33061092197239805
2021-10-23,0.22657594499290107
2021-10-24,0.20121260371954264
2021-10-25,0.21334416036644707
2021-10-26,0.24077764175371225
2021-10-27,0.30444434765507966
2021-10-28,0.37308685495018934
2021-10-29,0.2929489859277885
2021-10-30,0.2517570459516872
2021-10-31,0.24253868557791136
2021-11-01,0.2990616667768691
2021-11-02,0.38377792214610074
2021-11-03,0.40571879627476654
2021-11-04,0.3306842600068381
2021-11-05,0.2746333850291525
2021-11-06,0.2754020437569354
2021-11-07,0.3096512159543663
2021-11-08,0.34713527086408447
2021-11-09,0.3419113987923588
2021-11-10,0.2904755753365176
2021-11-11,0.2666791604197901
2021-11-12,0.25183644988417225
2021-11-13,0.23982532272709756
2021-11-14,0.25469931398581247
2021-11-15,0.3171851566923246
2021-11-16,0.3021190866551493
2021-11-17,0.3083487016222442
2021-11-18,0.2925901327618992
2021-11-19,0.32016242652010585
2021-11-20,0.35221557581741103
2021-11-21,0.3760641020626829
2021-11-22,0.3646868250539957
2021-11-23,0.3462786576372748
2021-11-24,0.32521357832248066
2021-11-25,0.34062049726276394
2021-11-26,0.3144013480769626
2021-11-27,0.3028995990973279
2021-11-28,0.29038983060256063
2021-11-29,0.3197824798778529
2021-11-30,0.37519371502367627
2021-12-01,0.3673042349648825
2021-12-02,0.330174212692639
2021-12-03,0.2584673290691017
2021-12-04,0.31461259471643244
2021-12-05,0.38933435153366425
2021-12-06,0.5341278281439611
2021-12-07,0.5235711669288637
2021-12-08,0.4332653659576737
2021-12-09,0.4320164222546658
2021-12-10,0.4875623681637842
2021-12-11,0.5498529223766833
2021-12-12,0.5004315323138141
2021-12-13,0.42327821678604394
2021-12-14,0.3595888508954954
2021-12-15,0.4388850589449391
2021-12-16,0.37649941077702676
2021-12-17,0.35455106176755663
2021-12-18,0.3389156852774642
2021-12-19,0.3301749530609142
2021-12-20,0.3867465039793126
2021-12-21,0.39400251332328895
2021-12-22,0.41934169226624673
2021-12-23,0.3788486792278043
2021-12-24,0.4467318690554707
2021-12-25,0.44519051744604987
2021-12-26,0.5070411193881716
2021-12-27,0.4727009947094346
2021-12-28,0.5184403536726393
2021-12-29,0.4502927635182916
2021-12-30,0.39821473365604887
2021-12-31,0.3903091183321479
2022-01-01,0.3500474913398145
2022-01-02,0.3402185050325955
2022-01-03,0.3595989530037317
2022-01-04,0.4074874785634244
2022-01-05,0.534648123009321
2022-01-06,0.4372922554650099
2022-01-07,0.5363903593748263
2022-01-08,0.5284993414015583
2022-01-09,0.5543627690651591
2022-01-10,0.42557516064598283
2022-01-11,0.4848771590217015
2022-01-12,0.4712597145946637
2022-01-13,0.5780904589265187
2022-01-14,0.49452485930240164
2022-01-15,0.5256853100531755
2022-01-16,0.4925826581666085
2022-01-17,0.4334072370283413
2022-01-18,0.4239474838151236
2022-01-19,0.4010312269065636
2022-01-20,0.3545219883682758
2022-01-21,0.34482280024385287
2022-01-22,0.344847412864779
2022-01-23,0.3641766016254292
2022-01-24,0.3845939181452471
2022-01-25,0.4266216071745305
2022-01-26,0.49759601963077
2022-01-27,0.547391140723865
2022-01-28,0.502292627607489
2022-01-29,0.4688199062267988
2022-01-30,0.42549763117241646
2022-01-31,0.4253342516569095
2022-02-01,0.4078363183541051
2022-02-02,0.47533655589658314
2022-02-03,0.5078636588216864
2022-02-04,0.6528393760632686
2022-02-05,0.5917939906935342
2022-02-06,0.543300547551402
2022-02-07,0.4432672895610228
2022-02-08,0.48911318298786133
2022-02-09,0.4633019660581391
2022-02-10,0.4776747685785795
2022-02-11,0.43236886688835585
2022-02-12,0.47028102224246404
2022-02-13,0.4530881940200764
2022-02-14,0.5121491262262584
2022-02-15,0.4860881616595136
2022-02-16,0.4751857047170924
2022-02-17,0.39427382850324433
2022-02-18,0.39698709945900956
2022-02-19,0.39632878250670583
2022-02-20,0.48630974163800045
2022-02-21,0.3869721203410873
2022-02-22,0.3758736598419376
2022-02-23,0.37556265338815187
2022-02-24,0.3869437259848219
2022-02-25,0.41395900249514067
2022-02-26,0.4219557814161375
2022-02-27,0.5436334802988377
2022-02-28,0.5654133514552886
2022-03-01,0.5739723121519542
2022-03-02,0.47184265010351967
2022-03-03,0.4062270813287658
2022-03-04,0.3813272354565129
2022-03-05,0.37768919862262346
2022-03-06,0.34713117092082135
2022-03-07,0.31626922161018434
2022-03-08,0.33176098421156713
2022-03-09,0.379060086691563
2022-03-10,0.41373132091045717
2022-03-11,0.46384370579915135
2022-03-12,0.4669018723825995
2022-03-13,0.5113839745976912
2022-03-14,0.544172317548111
2022-03-15,0.5573427657718771
2022-03-16,0.5023665515503904
2022-03-17,0.4463180623030176
2022-03-18,0.41643901763870805
2022-03-19,0.4301428155360807
2022-03-20,0.5883372987617443
2022-03-21,0.5660703000315799
2022-03-22,0.5388263712047956
2022-03-23,0.2714981250918978
2022-03-24,0.2734378708687251
2022-03-25,0.29115101618766276
2022-03-26,0.3492550331696869
2022-03-27,0.3448078064997205
2022-03-28,0.28598777356000094
2022-03-29,0.2646490682956321
2022-03-30,0.3005513938571787
2022-03-31,0.3304035516994137
2022-04-01,0.3224788483900718
2022-04-02,0.31414353424862074
2022-04-03,0.3269819117191593
2022-04-04,0.34578540288803117
2022-04-05,0.33833545060506104
2022-04-06,0.25781239398069083
2022-04-07,0.24149504228827237
2022-04-08,0.19488984415649066
2022-04-09,0.2291085533837276
2022-04-10,0.3079002962391094
2022-04-11,0.4016812690516583
2022-04-12,0.3971812489903323
2022-04-13,0.33624415750692443
2022-04-14,0.30387894358656536
2022-04-15,0.3056075067450326
2022-04-16,0.293282157446268
2022-04-17,0.30344129728827796
2022-04-18,0.305792578975586
2022-04-19,0.31154168989093906
2022-04-20,0.3393911795714037
2022-04-21,0.38922699843936764
2022-04-22,0.35580355874168496
2022-04-23,0.4392538947204798
2022-04-24,0.4335633828890704
2022-04-25,0.45606393047780686
2022-04-26,0.32036244137197745
2022-04-27,0.307591232156331
2022-04-28,0.2975516807142719
2022-04-29,0.31567583312324676
2022-04-30,0.34191154562823295
2022-05-01,0.3293888493995427
2022-05-02,0.30316299046807826
2022-05-03,0.28636591352586177
2022-05-04,0.2461015093744492
2022-05-05,0.2693524952290865
2022-05-06,0.26100138893852326
2022-05-07,0.29076469865434657
2022-05-08,0.31881464595058867
2022-05-09,0.48137560925277995
2022-05-10,0.48958698132043504
2022-05-11,0.6017845310247457
2022-05-12,0.7700909735460182
2022-05-13,0.7294160461000317
2022-05-14,0.7581588067009624
2022-05-15,0.6372549411267299
2022-05-16,0.7134292878903551
2022-05-17,0.6026145981976339
2022-05-18,0.6602366087290711
2022-05-19,0.5465013361830963
2022-05-20,0.492154569105449
2022-05-21,0.42991370539967505
2022-05-22,0.4185940068357537
2022-05-23,0.44900562126640553
2022-05-24,0.47302373937749803
2022-05-25,0.4546882505278979
2022-05-26,0.38792186172875215
2022-05-27,0.4752370989150163
2022-05-28,0.44406334128737496
2022-05-29,0.49811778070491747
2022-05-30,0.3873635020892549
2022-05-31,0.4175839400901092
2022-06-01,0.4393212555759704
2022-06-02,0.4826156292528128
2022-06-03,0.4163533726753703
2022-06-04,0.3842904586098341
2022-06-05,0.45563404303927674
2022-06-06,0.4119723259748816
2022-06-07,0.4382529055261551
2022-06-08,0.3806755623707474
2022-06-09,0.37612304311309636
2022-06-10,0.38697214876840275
2022-06-11,0.41167927583094643
2022-06-12,0.5393110702767602
2022-06-13,0.6066211704600536
2022-06-14,0.6992024532926697
2022-06-15,0.6824416620128732
2022-06-16,0.7662078317129536
2022-06-17,0.7149271958482014
2022-06-18,0.6484314977978155
2022-06-19,0.6947836705753568
2022-06-20,0.6143798353345268
2022-06-21,0.5793605929470931
2022-06-22,0.5892530966247063
2022-06-23,0.5844586183077283
2022-06-24,0.6454959933632964
2022-06-25,0.5521479887506752
2022-06-26,0.5419110757229696
2022-06-27,0.5852081555130744
2022-06-28,0.5736014632882801
2022-06-29,0.636504394854217
2022-06-30,0.7330013560739915
2022-07-01,0.72627470882937
2022-07-02,0.7192393846505469
2022-07-03,0.6224434579547052
2022-07-04,0.5059520463668079
2022-07-05,0.4497330712602501
2022-07-06,0.3925835575502183
2022-07-07,0.3251185138158657
2022-07-08,0.311664547718778
2022-07-09,0.2891274974467033
2022-07-10,0.36434387852258915
2022-07-11,0.3767611263297947
2022-07-12,0.3995721037422621
2022-07-13,0.33208492922610194
2022-07-14,0.35090647991634655
2022-07-15,0.3575960012389059
2022-07-16,0.3970726449105426
2022-07-17,0.35575784659275794
2022-07-18,0.3649481990351555
2022-07-19,0.3570517333307897
2022-07-20,0.4609020601016069
2022-07-21,0.4273803614950971
2022-07-22,0.49231393581173205
2022-07-23,0.31378688419405215
2022-07-24,0.3406023367196689
2022-07-25,0.3248592342342342
2022-07-26,0.40644792912957656
2022-07-27,0.4126455505314775
2022-07-28,0.3791616165186958
2022-07-29,0.3587638521056677
2022-07-30,0.4237702706689575
2022-07-31,0.36928754657502466
2022-08-01,0.33777929361315806
2022-08-02,0.2921329803010469
2022-08-03,0.27689166859380326
2022-08-04,0.2987357944028547
2022-08-05,0.3211906733459758
2022-08-06,0.3757915214440537
2022-08-07,0.32107063941620867
2022-08-08,0.3326262464188962
2022-08-09,0.2982325751267499
2022-08-10,0.296513132479773
2022-08-11,0.2751592060186173
2022-08-12,0.3069488542062495
2022-08-13,0.31869721130049206
2022-08-14,0.3641889451213273
2022-08-15,0.2868066907612737
2022-08-16,0.2773073990436941
2022-08-17,0.32268838465842004
2022-08-18,0.332977632711435
2022-08-19,0.4049471162234142
2022-08-20,0.3778657311153879
2022-08-21,0.44196344136194377
2022-08-22,0.42829713071493575
2022-08-23,0.4793182156091564
2022-08-24,0.4261122262871278
2022-08-25,0.4292778058178466
2022-08-26,0.3551473390222116
2022-08-27,0.3512307120483951
2022-08-28,0.3943347197603486
2022-08-29,0.36382203684982106
2022-08-30,0.39813959750727484
2022-08-31,0.3788438369431327
2022-09-01,0.4515325803867185
2022-09-02,0.4277496464853456
2022-09-03,0.47837399141273756
2022-09-04,0.4243367330074319
2022-09-05,0.45138128761467783
2022-09-06,0.5158691855959167
2022-09-07,0.543646111816812
2022-09-08,0.5367610616306578
2022-09-09,0.5041772620044219
2022-09-10,0.38652446107482413
2022-09-11,0.38197356691649215
2022-09-12,0.39271327040350174
2022-09-13,0.4693910533256261
2022-09-14,0.4348919275587677
2022-09-15,0.47958671263377467
2022-09-16,0.4395623914866887
2022-09-17,0.45675427113091943
2022-09-18,0.44479990052573753
2022-09-19,0.42575143537465915
2022-09-20,0.47796906705703507
2022-09-21,0.4709660545132531
2022-09-22,0.43036593884900043
2022-09-23,0.3911203857436109
2022-09-24,0.40421167044158685
2022-09-25,0.4356361660422927
2022-09-26,0.4824363142234489
2022-09-27,0.4749566208401861
2022-09-28,0.4916914281145466
2022-09-29,0.47131711830975664
2022-09-30,0.4366124457588907
2022-10-01,0.44391840070438865
2022-10-02,0.49596434410223117
2022-10-03,0.4341401877321411
2022-10-04,0.4348517719334077
2022-10-05,0.41439389935194454
2022-10-06,0.47049366830903744
2022-10-07,0.45678346354827193
2022-10-08,0.4484676642805088
2022-10-09,0.39455905417276593
2022-10-10,0.40418403401306097
2022-10-11,0.40706667716305006
2022-10-12,0.40318664998505443
2022-10-13,0.39096379504970336
2022-10-14,0.3612271751950189
2022-10-15,0.3841427655760657
2022-10-16,0.3801761939245017
2022-10-17,0.3792977140409383
2022-10-18,0.34238885120893464
2022-10-19,0.31060581471993026
2022-10-20,0.2929983061194427
2022-10-21,0.3212970127841109
2022-10-22,0.3438423574317589
2022-10-23,0.35304255954386937
2022-10-24,0.3320336767318819
2022-10-25,0.3212299511938908
2022-10-26,0.3396015654311917
2022-10-27,0.31930019166226564
2022-10-28,0.3024216277848239
2022-10-29,0.3277243224421535
2022-10-30,0.33299875729817446
2022-10-31,0.29679038994512214
2022-11-01,0.2859127073052536
2022-11-02,0.2588346991283692
2022-11-03,0.2917223272482014
2022-11-04,0.2681451488884476
2022-11-05,0.2616366003749865
2022-11-06,0.26909461876107366
2022-11-07,0.33389155326213626
2022-11-08,0.43831533419360974
2022-11-09,0.7231216320414412
2022-11-10,0.7715009696508216
2022-11-11,0.8433961144047298
2022-11-12,0.7829117744635399
2022-11-13,0.7279847643816334
2022-11-14,0.6831147470080242
2022-11-15,0.6725223480835515
2022-11-16,0.7297882098346054
2022-11-17,0.4913593624636933
2022-11-18,0.40505180987865974
2022-11-19,0.3722412714791952
2022-11-20,0.42320340446449817
2022-11-21,0.3689596414740512
2022-11-22,0.3993684684486696
2022-11-23,0.34105732361391833
2022-11-24,0.34100391851519585
2022-11-25,0.3012878004281021
2022-11-26,0.37356971132983174
2022-11-27,0.3947089233146577
2022-11-28,0.35990358649770365
2022-11-29,0.38479090278079414
2022-11-30,0.3808424258306333
2022-12-01,0.3862967966384558
2022-12-02,0.3714456566038267
2022-12-03,0.3981524171327935
2022-12-04,0.32719021742172677
2022-12-05,0.3283378652395765
2022-12-06,0.3508574050108318
2022-12-07,0.4167490231870161
2022-12-08,0.3992430403845653
2022-12-09,0.41585150244291985
2022-12-10,0.40091830837123865
2022-12-11,0.4045547461155037
2022-12-12,0.4010962659446034
2022-12-13,0.39844693180268953
2022-12-14,0.4247834643111605
2022-12-15,0.3889985530936552
2022-12-16,0.4012464298787863
2022-12-17,0.40440967615305934
2022-12-18,0.39715811648069704
2022-12-19,0.3521985795834892
2022-12-20,0.31735627777683456
2022-12-21,0.3716336460058551
2022-12-22,0.3689530810026535
2022-12-23,0.35163562950336047
2022-12-24,0.3116306720986076
2022-12-25,0.3356646832660239
2022-12-26,0.34441674055476695
2022-12-27,0.35075833661553785
2022-12-28,0.34029021145882915
2022-12-29,0.327167565738367
2022-12-30,0.3230429145776108
2022-12-31,0.3221107475235588
2023-01-01,0.3010575113371787
2023-01-02,0.28552785939444475
2023-01-03,0.26308486338127385
2023-01-04,0.26616406106941276
2023-01-05,0.30463528559757047
2023-01-06,0.30087541067230306
2023-01-07,0.31584179371751936
2023-01-08,0.34661573875793006
2023-01-09,0.34494479314219023
2023-01-10,0.3428150541297977
2023-01-11,0.35554075184299
2023-01-12,0.3355926251419165
2023-01-13,0.3612202715786667
2023-01-14,0.35062748025315504
2023-01-15,0.3239744187137808
2023-01-16,0.2768568217911154
2023-01-17,0.2897336962881704
2023-01-18,0.3532405508303666
2023-01-19,0.32316194878490234
2023-01-20,0.3018413992294522
2023-01-21,0.34835377034136084
2023-01-22,0.32128312318906
2023-01-23,0.37305784800012454
2023-01-24,0.3170955459219774
2023-01-25,0.3477708476242763
2023-01-26,0.33472926404502656
2023-01-27,0.31707679407003747
2023-01-28,0.27218388274542377
2023-01-29,0.2793577918711097
2023-01-30,0.2874644764494337
2023-01-31,0.3260536734999017
2023-02-01,0.34529294938072636
2023-02-02,0.3064891589380964
2023-02-03,0.28862040268565375
2023-02-04,0.278082061647406
2023-02-05,0.3247879424471681
2023-02-06,0.3344222817862497
2023-02-07,0.3001008637536153
2023-02-08,0.3039689282901876
2023-02-09,0.32509917913479114
2023-02-10,0.3220228853022921
2023-02-11,0.29576207582150554
2023-02-12,0.3128836033236209
2023-02-13,0.374464543521476
2023-02-14,0.3720176501582249
2023-02-15,0.36337818910493175
2023-02-16,0.3464302070665859
2023-02-17,0.34687007871678244
2023-02-18,0.3242263558802034
2023-02-19,0.2653584564833394
2023-02-20,0.2447655616955211
2023-02-21,0.2601526141436625
2023-02-22,0.2805306376266279
2023-02-23,0.2877904470904658
2023-02-24,0.26192550105785983
2023-02-25,0.28191736447740534
2023-02-26,0.2402737156257452
2023-02-27,0.2339587920751903
2023-02-28,0.28523019049539644
2023-03-01,0.3114867023090208
2023-03-02,0.3291648804629685
2023-03-03,0.30002941322831594
2023-03-04,0.32422851658606544
2023-03-05,0.3452817433998548
2023-03-06,0.40035755013317537
2023-03-07,0.38857397267923327
2023-03-08,0.33525271037439214
2023-03-09,0.3400217609754123
2023-03-10,0.4185634057410946
2023-03-11,0.5030236818200361
2023-03-12,0.5732072810302554
2023-03-13,0.60399830256098
2023-03-14,0.6165917887585777
2023-03-15,0.5971613064209745
2023-03-16,0.5751843563271529
2023-03-17,0.5186333534759276
2023-03-18,0.46538954651950365
2023-03-19,0.45695164856148146
2023-03-20,0.42962969873134343
2023-03-21,0.4898119953072861
2023-03-22,0.4947655354924077
2023-03-23,0.4920731994250647
2023-03-24,0.44819939611369075
2023-03-25,0.3698875441741382
2023-03-26,0.3308968693391244
2023-03-27,0.32962073605312164
2023-03-28,0.33895600459855024
2023-03-29,0.4151022588783162
2023-03-30,0.37727366244842164
2023-03-31,0.33446213407863046
2023-04-01,0.31328845092543006
2023-04-02,0.33399204115997677
2023-04-03,0.3496561359664714
2023-04-04,0.34348310588535763
2023-04-05,0.29070141290486107
2023-04-06,0.32703269354023734
2023-04-07,0.3327129223938096
2023-04-08,0.33832681556145
2023-04-09,0.3543724278677593
2023-04-10,0.3986637201271295
2023-04-11,0.33304502945412845
2023-04-12,0.3449742766693283
2023-04-13,0.2956985435612567
2023-04-14,0.31775323414851864
2023-04-15,0.24885641363157238
2023-04-16,0.245424061914342
2023-04-17,0.26785359762858496
2023-04-18,0.3014149795838871
2023-04-19,0.2601562854698168
2023-04-20,0.3166019875589659
2023-04-21,0.315140633121292
2023-04-22,0.38146061381133656
2023-04-23,0.3535376739544742
2023-04-24,0.36212049121268114
2023-04-25,0.3681464037988736
2023-04-26,0.3829443304017078
2023-04-27,0.3617873652022012
2023-04-28,0.36903835050624156
2023-04-29,0.41184236945457325
2023-04-30,0.4555967691666119
2023-05-01,0.4395759822313639
2023-05-02,0.4410599587699502
2023-05-03,0.4282294527088548
2023-05-04,0.43498727209787136
2023-05-05,0.3870225710587749
2023-05-06,0.3199079075428487
2023-05-07,0.34942501562830725
2023-05-08,0.433619793409228
2023-05-09,0.46945290288532804
2023-05-10,0.47584347387960896
2023-05-11,0.44374234831211207
2023-05-12,0.44071290707957167
2023-05-13,0.4120748191419692
2023-05-14,0.413921449565001
2023-05-15,0.4392660018107571
2023-05-16,0.3929500397483569
2023-05-17,0.41130569932634237
2023-05-18,0.3892465757531318
2023-05-19,0.36786937555551164
2023-05-20,0.3518642931578162
2023-05-21,0.347794404344057
2023-05-22,0.34028448886139223
2023-05-23,0.3269070599233286
2023-05-24,0.3138641461971064
2023-05-25,0.31038552423219073
2023-05-26,0.3135195886805191
2023-05-27,0.3101383931616634
2023-05-28,0.2759316251650534
2023-05-29,0.2656493362875232
2023-05-30,0.2547408021777576
2023-05-31,0.26752350692180454
2023-06-01,0.30472001880015925
2023-06-02,0.32101162059018806
2023-06-03,0.30357661541350817
2023-06-04,0.29686942192142385
2023-06-05,0.3193898885557773
2023-06-06,0.3610895751702566
2023-06-07,0.36813830644360634
2023-06-08,0.3383337586536557
2023-06-09,0.29442936066104336
2023-06-10,0.30745710205964333
2023-06-11,0.29929055772330015
2023-06-12,0.30976768403067656
2023-06-13,0.2751849784768295
2023-06-14,0.2771441987868601
2023-06-15,0.27558339893708816
2023-06-16,0.2655440826172533
2023-06-17,0.26235529687058406
2023-06-18,0.2510307975766877
2023-06-19,0.24325387319210165
2023-06-20,0.2954865654673269
2023-06-21,0.27722667134405427
2023-06-22,0.25348739611262006
2023-06-23,0.22319139756605888
2023-06-24,0.24693005590626682
2023-06-25,0.27182611478216795
2023-06-26,0.2955851967279572
2023-06-27,0.3074431593524671
2023-06-28,0.2790155648334818
2023-06-29,0.2880163871228761
2023-06-30,0.27913120986248846
2023-07-01,0.27488275041610066
2023-07-02,0.2564132604793323
2023-07-03,0.2861924081404987
2023-07-04,0.29412963620851323
2023-07-05,0.2918016747830607
2023-07-06,0.23211929597156913
2023-07-07,0.25791850865079025
2023-07-08,0.2706241125905597
2023-07-09,0.3457129751610246
2023-07-10,0.3317696056603562
2023-07-11,0.3552716713652351
2023-07-12,0.33870128689503937
2023-07-13,0.35825413405730105
2023-07-14,0.29921359047075474
2023-07-15,0.3145651841167808
2023-07-16,0.27854741735050564
2023-07-17,0.25462256830383784
2023-07-18,0.24899220937066635
2023-07-19,0.2580142064657038
2023-07-20,0.30510905056469984
2023-07-21,0.34198122932843117
2023-07-22,0.35897076906301173
2023-07-23,0.3466326668142008
2023-07-24,0.33911001203405866
2023-07-25,0.31783814795256443
2023-07-26,0.3439522801041352
2023-07-27,0.32525042810002747
2023-07-28,0.30895225084569344
2023-07-29,0.29473172781469126
2023-07-30,0.32362310795229127
2023-07-31,0.3209259471241506
2023-08-01,0.3526219092661251
2023-08-02,0.3251724782995277
2023-08-03,0.3126089451745457
2023-08-04,0.29580681741687936
2023-08-05,0.2739048298115203
2023-08-06,0.26289282472861414
2023-08-07,0.2512843832351132
2023-08-08,0.2719795102976657
2023-08-09,0.2700133205079651
2023-08-10,0.27719682327210843
2023-08-11,0.2618242185859805
2023-08-12,0.2776005467519229
2023-08-13,0.24365285263234418
2023-08-14,0.22785747456932434
2023-08-15,0.21224294454860848
2023-08-16,0.24818130389272505
2023-08-17,0.2670609555831593
2023-08-18,0.31608557840867535
2023-08-19,0.3258102755923465
2023-08-20,0.38458657460638873
2023-08-21,0.4025663344676962
2023-08-22,0.4076402250854107
2023-08-23,0.41119500191803865
2023-08-24,0.37587396616048024
2023-08-25,0.33431857002711607
2023-08-26,0.35173141017952547
2023-08-27,0.3485142624992244
2023-08-28,0.3351427746830045
2023-08-29,0.29916880561404463
2023-08-30,0.319615777219529
2023-08-31,0.32879844801625385
2023-09-01,0.371139077629457
2023-09-02,0.32857730599493384
2023-09-03,0.34020872938437113
2023-09-04,0.3258816210446947
2023-09-05,0.33518154065289885
2023-09-06,0.33115340998164283
2023-09-07,0.4126672170815128
2023-09-08,0.37942095470052023
2023-09-09,0.37511920281159733
2023-09-10,0.2497528982836892
2023-09-11,0.2651274701615874
2023-09-12,0.25939519698857266
2023-09-13,0.2950722530575615
2023-09-14,0.32785249794975585
2023-09-15,0.3224102128424592
2023-09-16,0.3240700581702037
2023-09-17,0.3130511647065241
2023-09-18,0.31856403084560053
2023-09-19,0.3404434922950906
2023-09-20,0.3510092590073033
2023-09-21,0.38081392166714295
2023-09-22,0.34858151595491255
2023-09-23,0.3438983104137127
2023-09-24,0.3247459229084066
2023-09-25,0.3444123824534566
2023-09-26,0.34773425465746116
2023-09-27,0.28806259240753335
2023-09-28,0.29911747015829665
2023-09-29,0.2558506729599476
2023-09-30,0.25457275943478136
2023-10-01,0.2702526918225359
2023-10-02,0.26041450205745975
2023-10-03,0.2519102322971177
2023-10-04,0.24533654750711087
2023-10-05,0.25349440507074755
2023-10-06,0.2783825707666326
2023-10-07,0.3472216326796758
2023-10-08,0.3834547645532072
2023-10-09,0.4079069826391293
2023-10-10,0.3880870318492135
2023-10-11,0.3597913494655349
2023-10-12,0.30269455120828154
2023-10-13,0.2811707437511445
2023-10-14,0.2811498945818039
2023-10-15,0.35894854253785224
2023-10-16,0.39077965969446976
2023-10-17,0.4030390110970636
2023-10-18,0.3509383148676779
2023-10-19,0.3680937554256249
2023-10-20,0.381057929139428
2023-10-21,0.39004581833159974
2023-10-22,0.38499624255752796
2023-10-23,0.4576005691866704
2023-10-24,0.45487654872495176
2023-10-25,0.46155094082816683
2023-10-26,0.3697353385027163
2023-10-27,0.306163757147032
2023-10-28,0.24669519441658105
2023-10-29,0.2765664176882447
2023-10-30,0.2615603196342113
2023-10-31,0.2707297476407534
2023-11-01,0.30143642352199973
2023-11-02,0.3487300982393215
2023-11-03,0.35971390827767896
2023-11-04,0.39092874683366813
2023-11-05,0.31371894874567835
2023-11-06,0.34891615035453266
2023-11-07,0.3456095760353117
2023-11-08,0.37929945467381215
2023-11-09,0.3805053245545875
2023-11-10,0.3615805669789373
2023-11-11,0.3381007511764582
2023-11-12,0.2877222236920927
2023-11-13,0.23237527589720294
2023-11-14,0.23815871088166338
2023-11-15,0.2817551852177249
2023-11-16,0.2837886465498404
2023-11-17,0.3536372434727621
2023-11-18,0.3377375545922158
2023-11-19,0.25533164083272525
2023-11-20,0.2571453032467958
2023-11-21,0.23938173601610188
2023-11-22,0.3116823009023337
2023-11-23,0.32768661352964096
2023-11-24,0.34837392397953804
2023-11-25,0.3316920169814839
2023-11-26,0.3348720811349902
2023-11-27,0.3378824886938265
2023-11-28,0.3487682752724996
2023-11-29,0.35181339565371506
2023-11-30,0.3779396178686875
2023-12-01,0.3762556140769277
2023-12-02,0.38516240302204424
2023-12-03,0.33498938291016733
2023-12-04,0.3334285916491259
2023-12-05,0.34362670912213816
2023-12-06,0.33428216983133674
2023-12-07,0.2966304370120269
2023-12-08,0.27453392881054733
2023-12-09,0.3149933982038355
2023-12-10,0.36845206125523905
2023-12-11,0.3591871580417481
2023-12-12,0.37956266208010997
2023-12-13,0.35837876321799894
2023-12-14,0.3688773575084938
2023-12-15,0.34924155868727974
2023-12-16,0.3265383187577522
2023-12-17,0.3543685943465175
2023-12-18,0.33513748705875596
2023-12-19,0.38926429705368965
2023-12-20,0.40367947171151036
2023-12-21,0.40939174284657315
2023-12-22,0.4080897114379594
2023-12-23,0.37395709333081145
2023-12-24,0.35193795332761263
2023-12-25,0.31351088895971646
2023-12-26,0.34802684955980084
2023-12-27,0.40444348010516534
2023-12-28,0.3851167842622339
2023-12-29,0.3281801491245908
2023-12-30,0.3057623109603784
2023-12-31,0.4059695413353423
2024-01-01,0.46204877675707506
2024-01-02,0.44702761119204154
2024-01-03,0.4240612514847209
2024-01-04,0.38561202207946255
2024-01-05,0.39530927829333623
2024-01-06,0.40445688513726247
2024-01-07,0.4133390263041128
2024-01-08,0.4152709624913538
2024-01-09,0.4851259122943017
2024-01-10,0.419883318725603
2024-01-11,0.34990987311071
2024-01-12,0.3406320500286338
2024-01-13,0.345407912953617
2024-01-14,0.3456190385161551
2024-01-15,0.30872613763095735
2024-01-16,0.31104364749616603
2024-01-17,0.3464506783693965
2024-01-18,0.37926754545228447
2024-01-19,0.37805110505323425
2024-01-20,0.33513903008442325
2024-01-21,0.2751827853922138
2024-01-22,0.2795591496918199
2024-01-23,0.33766624624581904
2024-01-24,0.3529295911648853
2024-01-25,0.3890833628096472
2024-01-26,0.36170725769267653
2024-01-27,0.3584850697332518
2024-01-28,0.34159464301105286
2024-01-29,0.35270714085797433
2024-01-30,0.3436682448716497
2024-01-31,0.2951714312592471
2024-02-01,0.32681681431354576
2024-02-02,0.32235718170257016
2024-02-03,0.3838210418005807
2024-02-04,0.379600957873153
2024-02-05,0.3853548447883009
2024-02-06,0.35443222660999235
2024-02-07,0.33745106186018825
2024-02-08,0.3473988720448489
2024-02-09,0.34649604254890826
2024-02-10,0.3506180192037913
2024-02-11,0.33505503864401537
2024-02-12,0.3600240979919793
2024-02-13,0.3648345606096042
2024-02-14,0.39813161348980497
2024-02-15,0.3704932999100578
2024-02-16,0.35321615835425924
2024-02-17,0.32593389180884663
2024-02-18,0.39672580614991776
2024-02-19,0.38033231595113515
2024-02-20,0.37238567926078786
2024-02-21,0.3291309213227714
2024-02-22,0.3565338587104403
2024-02-23,0.3471426063673209
2024-02-24,0.36080137253012906
2024-02-25,0.3743707736543194
2024-02-26,0.3966334467425851
2024-02-27,0.38832720809456706
2024-02-28,0.4309351211372734
2024-02-29,0.4197220623427917
2024-03-01,0.38887610962371905
2024-03-02,0.385282745868126
2024-03-03,0.3952815053056476
2024-03-04,0.4187872442227034
2024-03-05,0.41082283093068545
2024-03-06,0.40134392678423986
2024-03-07,0.3723462200220786
2024-03-08,0.3898384603756854
2024-03-09,0.43151945099651096
2024-03-10,0.46693455611681073
2024-03-11,0.471872462277011
2024-03-12,0.415758425285252
2024-03-13,0.4247222577837553
2024-03-14,0.40670110190514935
2024-03-15,0.39457494254481024
2024-03-16,0.37745470975304785
2024-03-17,0.3788392684274666
2024-03-18,0.3922811294698265
2024-03-19,0.4334626311911796
2024-03-20,0.4466050204057213
2024-03-21,0.43844851481949704
2024-03-22,0.4317763382254509
2024-03-23,0.4567122169597794
2024-03-24,0.47734964757574344
2024-03-25,0.46485541978573736
2024-03-26,0.4454706213906688
2024-03-27,0.42611774655922235
2024-03-28,0.4321605668738102
2024-03-29,0.4166042257334504
2024-03-30,0.42100530531257957
2024-03-31,0.43561472157139064
2024-04-01,0.378908800905761
2024-04-02,0.3443496953034855
2024-04-03,0.3290133754131291
2024-04-04,0.3434859621804403
2024-04-05,0.35403500312611197
2024-04-06,0.3677475821982758
2024-04-07,0.4282389694394832
2024-04-08,0.48022454411243826
2024-04-09,0.41625229448286816
2024-04-10,0.4332586637703817
2024-04-11,0.40646933891035325
2024-04-12,0.43721165315332433
2024-04-13,0.39758660167813153
2024-04-14,0.45525591957709644
2024-04-15,0.5013357549854565
2024-04-16,0.5323714156820636
2024-04-17,0.5003838830808416
2024-04-18,0.4839441241784468
2024-04-19,0.5880073146054521
2024-04-20,0.5777017661552238
2024-04-21,0.5851013056165332
2024-04-22,0.4970042138339447
2024-04-23,0.5227739976659341
2024-04-24,0.49005958629026497
2024-04-25,0.4262493027963223
2024-04-26,0.3890561629452267
2024-04-27,0.34686854060026495
2024-04-28,0.39845891234998426
2024-04-29,0.437018100662048
2024-04-30,0.4448927074002052
2024-05-01,0.46073825388778894
2024-05-02,0.3543571144687058
2024-05-03,0.4026824486362737
2024-05-04,0.39303728199462595
2024-05-05,0.47867995858216555
2024-05-06,0.4506314193246614
2024-05-07,0.4188179834697379
2024-05-08,0.40592002430620616
2024-05-09,0.38055473478295215
2024-05-10,0.3614393137203904
2024-05-11,0.392463890281189
2024-05-12,0.3884248494969047
2024-05-13,0.4026035113974529
2024-05-14,0.3910106600647531
2024-05-15,0.42073466324129144
2024-05-16,0.4180695425923973
2024-05-17,0.3913831028241011
2024-05-18,0.3880689744593386
2024-05-19,0.35119558997556616
2024-05-20,0.46296838867636936
2024-05-21,0.4604764282807697
2024-05-22,0.4534220230844177
2024-05-23,0.34987751021169683
2024-05-24,0.3230749370669253
2024-05-25,0.3584328298291471
2024-05-26,0.34408649241818745
2024-05-27,0.28607673267326733
2024-05-28,0.2613773823962713
2024-05-29,0.2768170038124252
2024-05-30,0.3304621212976509
2024-05-31,0.32370487399243014
2024-06-01,0.296994459286747
2024-06-02,0.26130333490111163
2024-06-03,0.2629598617385533
2024-06-04,0.256831116937277
2024-06-05,0.29802562046072123
2024-06-06,0.28144778455192615
2024-06-07,0.3106466569966731
2024-06-08,0.3033732721426634
2024-06-09,0.3095445753546644
2024-06-10,0.3021592148749443
2024-06-11,0.3595189078623395
2024-06-12,0.36221987048239274
2024-06-13,0.3796286840619348
2024-06-14,0.3843465047924799
2024-06-15,0.4201179505003252
2024-06-16,0.4331930011111756
2024-06-17,0.44543077854680085
2024-06-18,0.456972370600595
2024-06-19,0.44984965580347774
2024-06-20,0.427954119729433
2024-06-21,0.451542078873348
2024-06-22,0.4445843908596599
2024-06-23,0.48756528555093426
2024-06-24,0.5051614879546314
2024-06-25,0.4883525134815998
2024-06-26,0.4606915076447478
2024-06-27,0.4206455080323586
2024-06-28,0.38758252668402
2024-06-29,0.3551963705476166
2024-06-30,0.34217846653622774
2024-07-01,0.32127145545395425
2024-07-02,0.2921356418372993
2024-07-03,0.3352364628448688
2024-07-04,0.34466091450605313
2024-07-05,0.3557886669635222
2024-07-06,0.3354750629272563
2024-07-07,0.42768681945302506
2024-07-08,0.39339902909517055
2024-07-09,0.4278664777080492
2024-07-10,0.32614120596074464
2024-07-11,0.33248122033429256
2024-07-12,0.33660489175712116
2024-07-13,0.41143409374390066
2024-07-14,0.38691142379810567
2024-07-15,0.3459240820843504
2024-07-16,0.3772148136895652
2024-07-17,0.3997727279468171
2024-07-18,0.4532458587647871
2024-07-19,0.46301525227376583
2024-07-20,0.4806613472715144
2024-07-21,0.487820768395612
2024-07-22,0.48431289914699205
2024-07-23,0.4504657043888449
2024-07-24,0.36068288486854044
2024-07-25,0.3680935163876433
2024-07-26,0.3840271016679085
2024-07-27,0.3969877783263225
2024-07-28,0.34871350095356024
2024-07-29,0.31669953182084926
2024-07-30,0.296103043287734
2024-07-31,0.3207065511064592
2024-08-01,0.3335457668617479
2024-08-02,0.3387257279933051
2024-08-03,0.3445410873315325
2024-08-04,0.3538745332337568
2024-08-05,0.47689175874924755
2024-08-06,0.46273430016562583
2024-08-07,0.5293052354402668
2024-08-08,0.48659767870049464
2024-08-09,0.489218008640482
2024-08-10,0.43325286654330225
2024-08-11,0.41240465983336705
2024-08-12,0.36783564954517467
2024-08-13,0.35287869825680684
2024-08-14,0.31748601667656046
2024-08-15,0.30834843658728245
2024-08-16,0.33185824124173585
2024-08-17,0.3863715321955929
2024-08-18,0.44956792097588627
2024-08-19,0.3292496416645407
2024-08-20,0.3227417090496872
2024-08-21,0.33374542516572375
2024-08-22,0.4332076590742946
2024-08-23,0.4254630547636096
2024-08-24,0.41917069170140486
2024-08-25,0.3842137457218737
2024-08-26,0.32355629331144226
2024-08-27,0.3512409598314567
2024-08-28,0.4113196093028085
2024-08-29,0.447164447182983
2024-08-30,0.4483457763768741
2024-08-31,0.42437897097956084
2024-09-01,0.4332019774611135
2024-09-02,0.44175277708770394
2024-09-03,0.3994946657610714
2024-09-04,0.4738574649257377
2024-09-05,0.451547843126898
2024-09-06,0.49859969670671594
2024-09-07,0.5098066547274415
2024-09-08,0.5584694979245541
2024-09-09,0.5619841437255749
2024-09-10,0.5049365556948199
2024-09-11,0.45758522611662805
2024-09-12,0.4712263337718386
2024-09-13,0.5008163151758014
2024-09-14,0.4569351793908643
2024-09-15,0.43543845952250093
2024-09-16,0.426714590824413
2024-09-17,0.4033565836868002
2024-09-18,0.4413913240486295
2024-09-19,0.4526591357285635
2024-09-20,0.41490949004853345
2024-09-21,0.3955809884485147
2024-09-22,0.4008082012106937
2024-09-23,0.4185326373766347
2024-09-24,0.46225100408522374
2024-09-25,0.40478890393671874
2024-09-26,0.40553551665745485
2024-09-27,0.4081761079814104
2024-09-28,0.41369553646159235
2024-09-29,0.39187424488595557
2024-09-30,0.3639430605437759
2024-10-01,0.3658160084811972
2024-10-02,0.376708387768357
2024-10-03,0.3813361195904115
2024-10-04,0.4214617426235497
2024-10-05,0.3970612504798483
2024-10-06,0.4050848625988433
2024-10-07,0.34494821542226944
2024-10-08,0.3430527766894736
2024-10-09,0.3327290643870278
2024-10-10,0.3551545995240222
2024-10-11,0.5216624348788375
2024-10-12,0.5132006575644308
2024-10-13,0.512752293983108
2024-10-14,0.39503696157582047
2024-10-15,0.39582482834339805
2024-10-16,0.3666212277372216
2024-10-17,0.3823201629756355
2024-10-18,0.3703174823578738
2024-10-19,0.3997256506525165
2024-10-20,0.4116492410727735
2024-10-21,0.4037103268395712
2024-10-22,0.3911680359210341
2024-10-23,0.3875618635376085
2024-10-24,0.3869153222607449
2024-10-25,0.36296249424346155
2024-10-26,0.3602296907370381
2024-10-27,0.38909635009532534
2024-10-28,0.4338151368574515
2024-10-29,0.40563450484162566
2024-10-30,0.36189312543842006
2024-10-31,0.28684671935623723
2024-11-01,0.28088282585491736
2024-11-02,0.32390670577960073
2024-11-03,0.41531316466089585
2024-11-04,0.4498547259286136
2024-11-05,0.37142365837551344
2024-11-06,0.34909627244142466
2024-11-07,0.34332967082740445
2024-11-08,0.3369351801299884
2024-11-09,0.3107571256451394
2024-11-10,0.3333895523350668
2024-11-11,0.3862766017821595
2024-11-12,0.37084310730789755
2024-11-13,0.3124169963429562
2024-11-14,0.3295794645264592
2024-11-15,0.277145813704848
2024-11-16,0.3780649264685823
2024-11-17,0.40560513532094733
2024-11-18,0.4227781659377339
2024-11-19,0.41137512233703194
2024-11-20,0.42180026784414465
2024-11-21,0.40613516584009385
2024-11-22,0.39775914107317645
2024-11-23,0.3714194837882112
2024-11-24,0.4395018545646499
2024-11-25,0.35304242572149014
2024-11-26,0.3622975727303423
2024-11-27,0.29087448077484573
2024-11-28,0.32336717159634415
2024-11-29,0.2680675651383715
2024-11-30,0.3378073716974053
2024-12-01,0.30627392008630683
2024-12-02,0.34265110574880436
2024-12-03,0.3042018940177365
2024-12-04,0.3040644443466371
2024-12-05,0.2909200574464305
2024-12-06,0.2683761453429605
2024-12-07,0.29445399424387003
2024-12-08,0.2769032591491136
2024-12-09,0.2211778725493908
2024-12-10,0.21956133830114763
2024-12-11,0.23528768832895
2024-12-12,0.3369284567265236
2024-12-13,0.310880100620527
2024-12-14,0.33076551770568635
2024-12-15,0.44353804387953694
2024-12-16,0.4534123969876617
2024-12-17,0.38741307855986284
2024-12-18,0.3574743102777395
2024-12-19,0.31605776886634246
2024-12-20,0.38794470592338864
2024-12-21,0.41748827184603005
2024-12-22,0.4343697410897405
2024-12-23,0.46018167201652965
2024-12-24,0.43377011809027666
2024-12-25,0.4107594266093056
2024-12-26,0.3700626126142212
2024-12-27,0.3680749199428967
2024-12-28,0.3948313074472762
2024-12-29,0.4450881010215353
2024-12-30,0.43481800590158404
2024-12-31,0.39292543053851725
2025-01-01,0.3808264072523924
2025-01-02,0.37441806017564505
2025-01-03,0.41764200547405156
2025-01-04,0.4278584735070757
2025-01-05,0.4507055219396648
2025-01-06,0.4318535317687538
2025-01-07,0.4228071742645197
2025-01-08,0.3410358772190451
2025-01-09,0.3618753215993959
2025-01-10,0.3670151096272803
2025-01-11,0.429204723194665
2025-01-12,0.46122025887431356
2025-01-13,0.4851814448878922
2025-01-14,0.508507464879619
2025-01-15,0.4955294254141431
2025-01-16,0.5141866195422559
2025-01-17,0.4582621635368669
2025-01-18,0.4633769229033858
2025-01-19,0.4056532627614217
2025-01-20,0.40056853809677584
2025-01-21,0.39619619002113327
2025-01-22,0.46776900988308884
2025-01-23,0.449460258222729
2025-01-24,0.40879345624785773
2025-01-25,0.34291560643694047
2025-01-26,0.3329364690041072
2025-01-27,0.3302144215761374
2025-01-28,0.32308386597705974
2025-01-29,0.33722536179399243
2025-01-30,0.37164625922455974
2025-01-31,0.36636870514503156
2025-02-01,0.3478279921573167
2025-02-02,0.3843643475364502
2025-02-03,0.4058280331391925
2025-02-04,0.4134915978861942
2025-02-05,0.44835468101698633
2025-02-06,0.42770788796741543
2025-02-07,0.432892490512945
2025-02-08,0.3914821913667075
2025-02-09,0.4261584890966103
2025-02-10,0.3423894706265249
2025-02-11,0.38025826273378033
2025-02-12,0.3282141490666916
2025-02-13,0.3704465131499039
2025-02-14,0.3033418639926595
2025-02-15,0.33779089384905353
2025-02-16,0.30746027966616557
2025-02-17,0.3527614266246382
2025-02-18,0.3275130628175027
2025-02-19,0.3154251304108339
2025-02-20,0.3166390796189041
2025-02-21,0.35981518544980257
2025-02-22,0.3799251130848278
2025-02-23,0.37468515106751904
2025-02-24,0.2575326588401551
2025-02-25,0.2680435969197001
2025-02-26,0.35536384286415057
2025-02-27,0.3980182738529863
2025-02-28,0.34361662548758026
2025-03-01,0.2731562789275121
2025-03-02,0.3560227983797595
2025-03-03,0.4385618198779024
2025-03-04,0.507535473215832
2025-03-05,0.481338519112583
2025-03-06,0.5272989780560077
2025-03-07,0.4443771635139461
2025-03-08,0.4664299301325486
2025-03-09,0.4932560826025769
2025-03-10,0.46965950759598235
2025-03-11,0.559970001651302
2025-03-12,0.5791956676182759
2025-03-13,0.5699969075578545
2025-03-14,0.5233730412165915
2025-03-15,0.4828565426032034
2025-03-16,0.5243725891163357
2025-03-17,0.3975223227244724
2025-03-18,0.3584485694221587
2025-03-19,0.3736588626704906
2025-03-20,0.4373708881294176
2025-03-21,0.44707364936018656
2025-03-22,0.4775907141982669
2025-03-23,0.4442926338143491
2025-03-24,0.43918435384688975
2025-03-25,0.402786087442633
2025-03-26,0.4133793642522147
2025-03-27,0.40906105992485425
2025-03-28,0.44405700973787293
2025-03-29,0.4599771291818359
2025-03-30,0.5334339566766443
2025-03-31,0.5084214786881827
2025-04-01,0.4801380418752645
2025-04-02,0.43311657471997583
2025-04-03,0.5042923310325341
2025-04-04,0.5385122938079371
2025-04-05,0.5444932837546698
2025-04-06,0.5149987518628752
2025-04-07,0.44340795468965116
2025-04-08,0.5151499000309828
2025-04-09,0.44165223876645254
2025-04-10,0.45510002999820803
2025-04-11,0.4739411297621266
2025-04-12,0.4775596926566456
2025-04-13,0.4979773865441946
2025-04-14,0.4678998649212594
2025-04-15,0.3544941882979493
2025-04-16,0.3132464365224014
2025-04-17,0.2968627267974158
2025-04-18,0.35725620792827323
2025-04-19,0.4210904326705398
2025-04-20,0.3461413764045253
2025-04-21,0.38533179753694485
2025-04-22,0.3921766567192766
2025-04-23,0.42160892307398884
2025-04-24,0.41008036809283105
2025-04-25,0.38857805693568176
2025-04-26,0.3939189926770865
2025-04-27,0.39656987530955856
2025-04-28,0.43503676661089763
2025-04-29,0.408478206272015
2025-04-30,0.38487694807017775
2025-05-01,0.3551370391946449
2025-05-02,0.36235629295268024
2025-05-03,0.28767698202986824
2025-05-04,0.29952954492780254
2025-05-05,0.3059009915152398
2025-05-06,0.38816988734855706
2025-05-07,0.4417260625563835
2025-05-08,0.42588180925764446
2025-05-09,0.3757968388523145
2025-05-10,0.3693181221605162
2025-05-11,0.36562343677394354
2025-05-12,0.3343007945211294
2025-05-13,0.31232428166457643
2025-05-14,0.31619767926720677
2025-05-15,0.301817235693081
2025-05-16,0.2934554754212182
2025-05-17,0.2914656599770262
2025-05-18,0.2409799341087754
2025-05-19,0.23837843068795359
2025-05-20,0.2827336607080386
2025-05-21,0.38932600998673883
2025-05-22,0.36529237686099103
2025-05-23,0.3127371699179128
2025-05-24,0.274637374738772
2025-05-25,0.28833671330016586
2025-05-26,0.27863021954825967
2025-05-27,0.28094928327745294
2025-05-28,0.3316582509033857
2025-05-29,0.3315913611184136
2025-05-30,0.34240554063727435
2025-05-31,0.33646032757678457
2025-06-01,0.32700687527509253
2025-06-02,0.3139429785921361
2025-06-03,0.3041101760101795
2025-06-04,0.32534248844949404
2025-06-05,0.34755472037425567
2025-06-06,0.3657637383581718
2025-06-07,0.36256115867798505
2025-06-08,0.34290177716343323
2025-06-09,0.33106820403200055
2025-06-10,0.3457122528350127
2025-06-11,0.3297622341066226
2025-06-12,0.3131085155082371
2025-06-13,0.2860686722748101
2025-06-14,0.3016568278723395
2025-06-15,0.30513480963184425
2025-06-16,0.3426854134389119
2025-06-17,0.355664796556639
2025-06-18,0.3913568311179318
2025-06-19,0.36065807148160595
2025-06-20,0.36295685406837047
2025-06-21,0.4283541551036354
2025-06-22,0.42097533550083494
2025-06-23,0.3490720176669791
2025-06-24,0.3337589063646382
2025-06-25,0.324644760589045
2025-06-26,0.4255014769814866
2025-06-27,0.42668016715616996
2025-06-28,0.4418863688931108
2025-06-29,0.41263675227301105
2025-06-30,0.3517936129234777
2025-07-01,0.37789934183160573
2025-07-02,0.3941559656845175
2025-07-03,0.348399111017715
2025-07-04,0.3176538507097029
2025-07-05,0.30082364587694915
2025-07-06,0.32872159809034834
2025-07-07,0.30339876078290545
2025-07-08,0.2821496403389922
2025-07-09,0.2878504818169401
2025-07-10,0.31774417637885977
2025-07-11,0.30052741219579177
2025-07-12,0.322884559652266
2025-07-13,0.30487871160729535
2025-07-14,0.25088558560501206
2025-07-15,0.24534902403262207
2025-07-16,0.1893631817722635
2025-07-17,0.21060685227272272
2025-07-18,0.1895306334794662
2025-07-19,0.2428881130397127
2025-07-20,0.20573750459560292
2025-07-21,0.1982128006852825
2025-07-22,0.23092841211427007
2025-07-23,0.2605518837696717
2025-07-24,0.3254701678770524
2025-07-25,0.291283627628093
2025-07-26,0.2941974557072279
2025-07-27,0.22252683335331738
2025-07-28,0.27656339728707213
2025-07-29,0.26386838769098325
2025-07-30,0.2763746500545114
2025-07-31,0.26954741433267765
2025-08-01,0.2798561302921768
2025-08-02,0.33722238357055895
2025-08-03,0.35631519174422915
2025-08-04,0.3621615587356472
2025-08-05,0.30212856259930027
2025-08-06,0.3139273081281216
2025-08-07,0.31538655845909175
2025-08-08,0.3608735977814492
2025-08-09,0.3327570531478723
2025-08-10,0.29168225518003116
2025-08-11,0.24586557645554383
2025-08-12,0.2518995816864796
2025-08-13,0.27102420336889516
2025-08-14,0.27228660719114584
2025-08-15,0.2397324706591817
2025-08-16,0.22728961217499508
2025-08-17,0.2716289399465716
2025-08-18,0.3436979738847445
2025-08-19,0.36235213440820996
2025-08-20,0.3748707657970578
2025-08-21,0.37465431012275885
2025-08-22,0.40467068509646137
2025-08-23,0.3777060801523775
2025-08-24,0.33310752688800976
2025-08-25,0.27837992417736007
2025-08-26,0.2682323265337104
2025-08-27,0.2396131966403381
2025-08-28,0.22676782038846852
2025-08-29,0.26419979517210607
2025-08-30,0.3004607302263902
2025-08-31,0.27864565752246945
2025-09-01,0.2439307791396257
2025-09-02,0.25411262044397437
2025-09-03,0.28819799293937226
2025-09-04,0.2460667995046284
2025-09-05,0.23174335579923908
2025-09-06,0.22241661268545396
2025-09-07,0.24133293407947518
2025-09-08,0.20365395715943976
2025-09-09,0.24630599972402165
2025-09-10,0.26298517519894044
2025-09-11,0.3188266258985702
2025-09-12,0.2873196394306443
2025-09-13,0.279245663200444
2025-09-14,0.23034232505611751
2025-09-15,0.2358937351961278
2025-09-16,0.2577640212734322
2025-09-17,0.3171255831738412
2025-09-18,0.30163556808653813
2025-09-19,0.28311680264328587
2025-09-20,0.2514126294730539
2025-09-21,0.25089928359740843
2025-09-22,0.25934980463155144
2025-09-23,0.2604557483115989
2025-09-24,0.28595967858255406
2025-09-25,0.3317801504491959
2025-09-26,0.34291152229038024
2025-09-27,0.36759060507964775
2025-09-28,0.3516317492005044
2025-09-29,0.35054668287988616
2025-09-30,0.3634056258150733
2025-10-01,0.36527874670741234
2025-10-02,0.41237706008746183
2025-10-03,0.4269983306556166
2025-10-04,0.4329811820366724
2025-10-05,0.39458351815706866
2025-10-06,0.3596049600193692
2025-10-07,0.31128923526440283
2025-10-08,0.29889407862012746
2025-10-09,0.32335966233816543
2025-10-10,0.31433664351792057
2025-10-11,0.35745356668059136
2025-10-12,0.2940907016715361
2025-10-13,0.3366603951932347
2025-10-14,0.33087542988533086
2025-10-15,0.3748132790888463
2025-10-16,0.3670694519658662
2025-10-17,0.37430133096779367
2025-10-18,0.34642202919511317
2025-10-19,0.34746946997101724
2025-10-20,0.341602346019096
2025-10-21,0.3746179020478681
2025-10-22,0.3807480380670305
2025-10-23,0.3642990561508725
2025-10-24,0.38633034134879224
2025-10-25,0.3974170724769306
2025-10-26,0.3760158473039675
2025-10-27,0.32484694672110126
2025-10-28,0.28013221940147925
2025-10-29,0.2975628826487068
2025-10-30,0.3282799518574853
2025-10-31,0.347003178801125
2025-11-01,0.3596421465773134
2025-11-02,0.3668201331482777
2025-11-03,0.3857627473590992
2025-11-04,0.3887223805117274
2025-11-05,0.36344200874767524
2025-11-06,0.3644803624980793
2025-11-07,0.3625562954428503
2025-11-08,0.3602827329444393
2025-11-09,0.33508757418169804
2025-11-10,0.33201633583223766
2025-11-11,0.33423567802581816
2025-11-12,0.3602784703479667
2025-11-13,0.3349279279326855
2025-11-14,0.35588155029327967
2025-11-15,0.3509214286285016
2025-11-16,0.3644390724305831
2025-11-17,0.37350444264535776
2025-11-18,0.3666282015080839
2025-11-19,0.36253176627054
2025-11-20,0.41631897975471066
2025-11-21,0.46017731836419856
2025-11-22,0.5144232188289656
2025-11-23,0.503745410247391
2025-11-24,0.4672995600368246
2025-11-25,0.462801915577963
2025-11-26,0.4163442912076792
2025-11-27,0.4311808212664561
2025-11-28,0.42623359644328174
2025-11-29,0.4414544668775932
2025-11-30,0.42336891509984326
2025-12-01,0.4459129646722042
2025-12-02,0.43956330666192844
2025-12-03,0.4155519436914153
2025-12-04,0.4128542086851874
2025-12-05,0.3961083890395927
2025-12-06,0.4703817282981604
2025-12-07,0.49257102359854804
2025-12-08,0.49886616365453657
2025-12-09,0.4309364209712289
2025-12-10,0.4309009200907576
2025-12-11,0.4516729358191653
2025-12-12,0.463224275908539
2025-12-13,0.453138497556742
2025-12-14,0.45930801255958525
2025-12-15,0.4711679454653066
2025-12-16,0.48680984738519956
2025-12-17,0.46542989978444566
2025-12-18,0.4365886168606636
2025-12-19,0.3798171936454466
2025-12-20,0.3763030745327096
2025-12-21,0.37775824937953156
2025-12-22,0.4031201492559166
2025-12-23,0.40041421675950956
2025-12-24,0.40024095713477514
2025-12-25,0.3717839290725274
2025-12-26,0.35158675767707875
2025-12-27,0.3402259114646205
2025-12-28,0.3715732107178686
2025-12-29,0.3444533065056312
2025-12-30,0.3764692993519687
2025-12-31,0.3624830179105209
2026-01-01,0.3861419962410473
2026-01-02,0.400250522402457
2026-01-03,0.4046805088594175
2026-01-04,0.36079243422937163
2026-01-05,0.3336313921818281
2026-01-06,0.3359631274695098
2026-01-07,0.36220144720838915
2026-01-08,0.36008286309260584
2026-01-09,0.3433373268365436
2026-01-10,0.3365701966650725
2026-01-11,0.3498043632062748
2026-01-12,0.3153487204241839
2026-01-13,0.35040050631575426
2026-01-14,0.37989827113062197
2026-01-15,0.42790395758897953
2026-01-16,0.3470637892860832
2026-01-17,0.3263898198790407
2026-01-18,0.3284499970039623
2026-01-19,0.38188587339159596
2026-01-20,0.3919812037856891
2026-01-21,0.36065729981984207
2026-01-22,0.3358700597093403
2026-01-23,0.3051021136821062
2026-01-24,0.3135764895482098
2026-01-25,0.3021714135255568
2026-01-26,0.329580546921003
2026-01-27,0.30745908737285355
2026-01-28,0.30518362754249534
2026-01-29,0.28042294554584984
2026-01-30,0.29061368930867854
2026-01-31,0.35453571494133423
2026-02-01,0.44636643383384067
2026-02-02,0.45301666671553836
2026-02-03,0.48294583176561917
2026-02-04,0.4697344734668501
2026-02-05,0.6074602274351076
2026-02-06,0.4941622876537537
2026-02-07,0.5391854903877485
2026-02-08,0.5143758727098016
2026-02-09,0.5297703836059764
2026-02-10,0.5252171255436732
2026-02-11,0.4655139652468305
2026-02-12,0.4584410722603495
2026-02-13,0.43192739640440364
2026-02-14,0.47389719008693615
2026-02-15,0.4808754973345213
2026-02-16,0.45593405054624103
2026-02-17,0.462789626102943
2026-02-18,0.45514650287898634
2026-02-19,0.4613166136595676
2026-02-20,0.42487488691653486
2026-02-21,0.3839574691078584
2026-02-22,0.41207891092928833
2026-02-23,0.48468503392474144
2026-02-24,0.5663858727040418
2026-02-25,0.5209645494751646
2026-02-26,0.5392592937792128
2026-02-27,0.49277467577776735
2026-02-28,0.48676258002463374
2026-03-01,0.48357738333643646
2026-03-02,0.5138204505255698
2026-03-03,0.590419118017341
2026-03-04,0.5740462645592358
2026-03-05,0.505512853758588
2026-03-06,0.4927079419062805
2026-03-07,0.5044468049493243
2026-03-08,0.5079420611938738
2026-03-09,0.4454254567939106
2026-03-10,0.46949353429047386
2026-03-11,0.508929943172585
2026-03-12,0.5906752780192845
2026-03-13,0.5798886225104538
2026-03-14,0.5868091308953173
2026-03-15,0.5769094910248233
2026-03-16,0.6049264046205272
2026-03-17,0.5637463912500098
2026-03-18,0.5473328416590302
2026-03-19,0.4927280707664929
2026-03-20,0.44501763922378196
2026-03-21,0.5187274471036648
2026-03-22,0.5054953808251138
2026-03-23,0.4587153759665477
2026-03-24,0.4898315633557988
2026-03-25,0.5113755773735045
2026-03-26,0.5159264177940025
2026-03-27,0.4597294721043272
2026-03-28,0.4618812143225426
2026-03-29,0.5101816305947785
2026-03-30,0.5748383976251363
2026-03-31,0.560918255369911
2026-04-01,0.5772658386286199
2026-04-02,0.5739044458445476
2026-04-03,0.5705685467371289
2026-04-04,0.5486226266131587
2026-04-05,0.5479988453995245
2026-04-06,0.5042240923745642
2026-04-07,0.4136428656459185
2026-04-08,0.3485898687674098
2026-04-09,0.3438596680059351
2026-04-10,0.38751467597657757
2026-04-11,0.5229742307962103
2026-04-12,0.5615603439339227
2026-04-13,0.5269698872699835
2026-04-14,0.4898935635608883
2026-04-15,0.5206745327884591
2026-04-16,0.4729203965553697
2026-04-17,0.46077319745726003
2026-04-18,0.4129862749343873
2026-04-19,0.4401848218506923
2026-04-20,0.4483267955968191
2026-04-21,0.45444240573896955
2026-04-22,0.46474502367825465
2026-04-23,0.511960472411452
2026-04-24,0.48114015558019463
2026-04-25,0.5090059249271998
2026-04-26,0.5086382961854524
2026-04-27,0.50044587161461
2026-04-28,0.4532801495043443
2026-04-29,0.42709886080966664
2026-04-30,0.4218401369118363
2026-05-01,0.4414286742324564
2026-05-02,0.40978735989243215
2026-05-03,0.400491013306811
2026-05-04,0.42403064486196734
2026-05-05,0.43207804688882945
2026-05-06,0.4269312076564644
2026-05-07,0.3740253357948579
2026-05-08,0.353475669367477
2026-05-09,0.3491522630418839
2026-05-10,0.3936181598720954
2026-05-11,0.3918700602170104
2026-05-12,0.3928781976384064
2026-05-13,0.3852970161139715
2026-05-14,0.40989938536095116
2026-05-15,0.42540882555471815
2026-05-16,0.3910474724438544
2026-05-17,0.36165282826975415
2026-05-18,0.3662639287231307
2026-05-19,0.4166604903944709
2026-05-20,0.4181626386729656
2026-05-21,0.4127243508197105
2026-05-22,0.3579623164078473
2026-05-23,0.3357423006935523
2026-05-24,0.37458805537035217
2026-05-25,0.37776139915162243
2026-05-26,0.4251301656445425
2026-05-27,0.39619786185232536
2026-05-28,0.38781508345817706
2026-05-29,0.3480870104517795
2026-05-30,0.3949557023324018
2026-05-31,0.42932490660805417
2026-06-01,0.4522007311864904
2026-06-02,0.4242219881922893
2026-06-03,0.39983951631245923
2026-06-04,0.37064112693160794
2026-06-05,0.39948739969607533
2026-06-06,0.3887382976614587
2026-06-07,0.3915309803966327
2026-06-08,0.3809830696841854
2026-06-09,0.4223078525257436
2026-06-10,0.4436647323175022
2026-06-11,0.43491865851204126
2026-06-12,0.4452604249383989
2026-06-13,0.43683588309246923
2026-06-14,0.40316486007472174
2026-06-15,0.34525865950551493
2026-06-16,0.3889180265421182
2026-06-17,0.4413546368717258
2026-06-18,0.4334185638102213
2026-06-19,0.3695571129106991
2026-06-20,0.3417083462986044
2026-06-21,0.35517836197471997
2026-06-22,0.37709436292587983
2026-06-23,0.41717102693658487
2026-06-24,0.4329137895250977
2026-06-25,0.48456070494103337
2026-06-26,0.4471960285854381
2026-06-27,0.43603446409491814
2026-06-28,0.4360356471288241
2026-06-29,0.4443696328708325
2026-06-30,0.4648069771952794
2026-07-01,0.44782963549547694
2026-07-02,0.43879015240733366
2026-07-03,0.41655263828425176
2026-07-04,0.42807818346227416
2026-07-05,0.36745625331114584
2026-07-06,0.3703038362134006
2026-07-07,0.4285116952941304
2026-07-08,0.45602912405950363
2026-07-09,0.3965682835563696
2026-07-10,0.40717825298681953
2026-07-11,0.36069052188316447
2026-07-12,0.4026913330185972
2026-07-13,0.38770934732869416
2026-07-14,0.43886620948738236
2026-07-15,0.4281376370368027
2026-07-16,0.3609306436705113
2026-07-17,0.31102458977316466
2026-07-18,0.32751881856018067
2026-07-19,0.3965881050153535
2026-07-20,0.3846513604291328
2026-07-21,0.36751119849480984
2026-07-22,0.38997526789597026
2026-07-23,0.3982326287209948
2026-07-24,0.39660739317940896
2026-07-25,0.3498790102128162
2026-07-26,0.35594862719321646
2026-07-27,0.3656887660163755
2026-07-28,0.40063447809069613
2026-07-29,0.3937525049417568
2026-07-30,0.41408823686465257
2026-07-31,0.47483624768597815
2026-08-01,0.49385795540247784
2026-08-02,0.47856007255951843
2026-08-03,0.47529227357162235
2026-08-04,0.4358473103629028
2026-08-05,0.45151961338750213
2026-08-06,0.4684823213362707
2026-08-07,0.487674255924893
2026-08-08,0.4342861884514022
2026-08-09,0.3607009113632686
2026-08-10,0.29074372494491857
2026-08-11,0.25668872960413786
2026-08-12,0.29429078245358725
2026-08-13,0.3032266781391389
2026-08-14,0.3232842341954872
2026-08-15,0.2724327691911984
2026-08-16,0.2639887995653365
2026-08-17,0.2692207384882617
2026-08-18,0.2986906966788707
2026-08-19,0.31675580872608583
2026-08-20,0.35395310964793986
2026-08-21,0.413602255386992
2026-08-22,0.3601655820722815
2026-08-23,0.3908576141601677
2026-08-24,0.371587423806838
2026-08-25,0.35744903285213475
2026-08-26,0.29850769576375685
2026-08-27,0.30076545978242764
2026-08-28,0.2976221358335764
2026-08-29,0.2751811291947545
2026-08-30,0.19041625874772172
2026-08-31,0.18200431640903358
2026-09-01,0.1861135090863422
2026-09-02,0.26868517189246005
2026-09-03,0.3168967997541885
2026-09-04,0.2914347939381261
2026-09-05,0.3057711735335722
2026-09-06,0.3182683129371228
2026-09-07,0.32184835246682025
2026-09-08,0.32598055996285075
2026-09-09,0.33435969275118055
2026-09-10,0.35361614557279447
2026-09-11,0.31708502806671135
2026-09-12,0.26853267422243615
2026-09-13,0.2385096329624059
2026-09-14,0.220857300526492
2026-09-15,0.25625627320556926
2026-09-16,0.28649415869847433
2026-09-17,0.2849894674845344
2026-09-18,0.2591273418672115
2026-09-19,0.24232473350186792
2026-09-20,0.2808535054036498
2026-09-21,0.3303098276727509
