date,event_count,sum_rates,completeness
2016-05-14,1,0.0006900000000000001,NOT_PROVEN_FROM_EVENT_COUNT_ALONE
2016-05-15,1,0.000516,NOT_PROVEN_FROM_EVENT_COUNT_ALONE
2016-05-16,1,0.000451,NOT_PROVEN_FROM_EVENT_COUNT_ALONE
2016-05-17,1,0.000454,NOT_PROVEN_FROM_EVENT_COUNT_ALONE
2016-05-18,1,0.00044300000000000003,NOT_PROVEN_FROM_EVENT_COUNT_ALONE
2016-05-19,1,0.000427,NOT_PROVEN_FROM_EVENT_COUNT_ALONE
2016-05-20,1,0.000424,NOT_PROVEN_FROM_EVENT_COUNT_ALONE
2016-05-21,1,0.00042,NOT_PROVEN_FROM_EVENT_COUNT_ALONE
2016-05-22,1,0.0004,NOT_PROVEN_FROM_EVENT_COUNT_ALONE
2016-05-23,1,0.000354,NOT_PROVEN_FROM_EVENT_COUNT_ALONE
2016-05-24,1,0.000373,NOT_PROVEN_FROM_EVENT_COUNT_ALONE
2016-05-25,1,0.00031800000000000003,NOT_PROVEN_FROM_EVENT_COUNT_ALONE
2016-05-26,1,0.00032500000000000004,NOT_PROVEN_FROM_EVENT_COUNT_ALONE
2016-05-27,1,0.000342,NOT_PROVEN_FROM_EVENT_COUNT_ALONE
2016-05-28,1,0.00035,NOT_PROVEN_FROM_EVENT_COUNT_ALONE
2016-05-29,1,0.002588,NOT_PROVEN_FROM_EVENT_COUNT_ALONE
2016-05-30,1,0.007045999999999999,NOT_PROVEN_FROM_EVENT_COUNT_ALONE
2016-05-31,1,0.0029600000000000004,NOT_PROVEN_FROM_EVENT_COUNT_ALONE
2016-06-01,1,0.001285,NOT_PROVEN_FROM_EVENT_COUNT_ALONE
2016-06-02,1,0.0009739999999999999,NOT_PROVEN_FROM_EVENT_COUNT_ALONE
2016-06-03,1,0.0009339999999999999,NOT_PROVEN_FROM_EVENT_COUNT_ALONE
2016-06-04,2,0.0010376666666666668,NOT_PROVEN_FROM_EVENT_COUNT_ALONE
2016-06-05,3,0.000714,NOT_PROVEN_FROM_EVENT_COUNT_ALONE
2016-06-06,3,0.000716,NOT_PROVEN_FROM_EVENT_COUNT_ALONE
2016-06-07,3,0.0006186666666666667,NOT_PROVEN_FROM_EVENT_COUNT_ALONE
2016-06-08,3,0.00053,NOT_PROVEN_FROM_EVENT_COUNT_ALONE
2016-06-09,3,0.0005153333333333334,NOT_PROVEN_FROM_EVENT_COUNT_ALONE
2016-06-10,3,0.000456,NOT_PROVEN_FROM_EVENT_COUNT_ALONE
2016-06-11,3,0.0007843333333333333,NOT_PROVEN_FROM_EVENT_COUNT_ALONE
2016-06-12,3,0.005012,NOT_PROVEN_FROM_EVENT_COUNT_ALONE
2016-06-13,3,0.027083999999999997,NOT_PROVEN_FROM_EVENT_COUNT_ALONE
2016-06-14,3,0.023598,NOT_PROVEN_FROM_EVENT_COUNT_ALONE
2016-06-15,3,0.002964,NOT_PROVEN_FROM_EVENT_COUNT_ALONE
2016-06-16,3,0.013361999999999999,NOT_PROVEN_FROM_EVENT_COUNT_ALONE
2016-06-17,3,0.028284,NOT_PROVEN_FROM_EVENT_COUNT_ALONE
2016-06-18,3,0.01603,NOT_PROVEN_FROM_EVENT_COUNT_ALONE
2016-06-19,3,0.004537,NOT_PROVEN_FROM_EVENT_COUNT_ALONE
2016-06-20,3,0.005674,NOT_PROVEN_FROM_EVENT_COUNT_ALONE
2016-06-21,3,-0.001823,NOT_PROVEN_FROM_EVENT_COUNT_ALONE
2016-06-22,3,0.004901,NOT_PROVEN_FROM_EVENT_COUNT_ALONE
2016-06-23,3,0.005901,NOT_PROVEN_FROM_EVENT_COUNT_ALONE
2016-06-24,3,-0.0016290000000000002,NOT_PROVEN_FROM_EVENT_COUNT_ALONE
2016-06-25,3,0.003953,NOT_PROVEN_FROM_EVENT_COUNT_ALONE
2016-06-26,3,0.001251,NOT_PROVEN_FROM_EVENT_COUNT_ALONE
2016-06-27,3,0.00141,NOT_PROVEN_FROM_EVENT_COUNT_ALONE
2016-06-28,3,0.000879,NOT_PROVEN_FROM_EVENT_COUNT_ALONE
2016-06-29,3,0.00028800000000000006,NOT_PROVEN_FROM_EVENT_COUNT_ALONE
2016-06-30,3,0.006008,NOT_PROVEN_FROM_EVENT_COUNT_ALONE
2016-07-01,3,0.006418,NOT_PROVEN_FROM_EVENT_COUNT_ALONE
2016-07-02,3,0.002675,NOT_PROVEN_FROM_EVENT_COUNT_ALONE
2016-07-03,3,0.0022240000000000003,NOT_PROVEN_FROM_EVENT_COUNT_ALONE
2016-07-04,3,-2.699999999999998e-05,NOT_PROVEN_FROM_EVENT_COUNT_ALONE
2016-07-05,3,-0.001834,NOT_PROVEN_FROM_EVENT_COUNT_ALONE
2016-07-06,3,-0.001668,NOT_PROVEN_FROM_EVENT_COUNT_ALONE
2016-07-07,3,0.00276,NOT_PROVEN_FROM_EVENT_COUNT_ALONE
2016-07-08,3,-0.005348,NOT_PROVEN_FROM_EVENT_COUNT_ALONE
2016-07-09,3,-0.003532,NOT_PROVEN_FROM_EVENT_COUNT_ALONE
2016-07-10,3,-0.0016289999999999998,NOT_PROVEN_FROM_EVENT_COUNT_ALONE
2016-07-11,3,-0.00034499999999999993,NOT_PROVEN_FROM_EVENT_COUNT_ALONE
2016-07-12,3,-0.000907,NOT_PROVEN_FROM_EVENT_COUNT_ALONE
2016-07-13,3,0.001047,NOT_PROVEN_FROM_EVENT_COUNT_ALONE
2016-07-14,3,-0.001124,NOT_PROVEN_FROM_EVENT_COUNT_ALONE
2016-07-15,3,0.000261,NOT_PROVEN_FROM_EVENT_COUNT_ALONE
2016-07-16,3,-0.001254,NOT_PROVEN_FROM_EVENT_COUNT_ALONE
2016-07-17,3,-0.002821,NOT_PROVEN_FROM_EVENT_COUNT_ALONE
2016-07-18,3,0.0032840000000000005,NOT_PROVEN_FROM_EVENT_COUNT_ALONE
2016-07-19,3,0.0019619999999999998,NOT_PROVEN_FROM_EVENT_COUNT_ALONE
2016-07-20,3,0.001156,NOT_PROVEN_FROM_EVENT_COUNT_ALONE
2016-07-21,3,-0.0002910000000000001,NOT_PROVEN_FROM_EVENT_COUNT_ALONE
2016-07-22,3,0.000523,NOT_PROVEN_FROM_EVENT_COUNT_ALONE
2016-07-23,3,1.2000000000000075e-05,NOT_PROVEN_FROM_EVENT_COUNT_ALONE
2016-07-24,3,0.000775,NOT_PROVEN_FROM_EVENT_COUNT_ALONE
2016-07-25,3,-0.0002490000000000001,NOT_PROVEN_FROM_EVENT_COUNT_ALONE
2016-07-26,3,-0.00031599999999999993,NOT_PROVEN_FROM_EVENT_COUNT_ALONE
2016-07-27,3,-0.0004540000000000001,NOT_PROVEN_FROM_EVENT_COUNT_ALONE
2016-07-28,3,0.002138,NOT_PROVEN_FROM_EVENT_COUNT_ALONE
2016-07-29,3,-0.00046399999999999995,NOT_PROVEN_FROM_EVENT_COUNT_ALONE
2016-07-30,3,0.000216,NOT_PROVEN_FROM_EVENT_COUNT_ALONE
2016-07-31,3,-0.001774,NOT_PROVEN_FROM_EVENT_COUNT_ALONE
2016-08-01,3,-0.0024019999999999996,NOT_PROVEN_FROM_EVENT_COUNT_ALONE
2016-08-02,3,-0.002925,NOT_PROVEN_FROM_EVENT_COUNT_ALONE
2016-08-03,3,-0.016364999999999998,NOT_PROVEN_FROM_EVENT_COUNT_ALONE
2016-08-04,3,-0.010325,NOT_PROVEN_FROM_EVENT_COUNT_ALONE
2016-08-05,3,-0.0074129999999999995,NOT_PROVEN_FROM_EVENT_COUNT_ALONE
2016-08-06,3,-0.008345,NOT_PROVEN_FROM_EVENT_COUNT_ALONE
2016-08-07,3,-0.000818,NOT_PROVEN_FROM_EVENT_COUNT_ALONE
2016-08-08,3,-0.001454,NOT_PROVEN_FROM_EVENT_COUNT_ALONE
2016-08-09,3,-0.0002709999999999999,NOT_PROVEN_FROM_EVENT_COUNT_ALONE
2016-08-10,3,0.001847,NOT_PROVEN_FROM_EVENT_COUNT_ALONE
2016-08-11,3,-0.000234,NOT_PROVEN_FROM_EVENT_COUNT_ALONE
2016-08-12,3,-0.00023399999999999994,NOT_PROVEN_FROM_EVENT_COUNT_ALONE
2016-08-13,3,-0.00018000000000000004,NOT_PROVEN_FROM_EVENT_COUNT_ALONE
2016-08-14,3,-0.0006149999999999999,NOT_PROVEN_FROM_EVENT_COUNT_ALONE
2016-08-15,3,-0.005287,NOT_PROVEN_FROM_EVENT_COUNT_ALONE
2016-08-16,3,-0.001116,NOT_PROVEN_FROM_EVENT_COUNT_ALONE
2016-08-17,3,-0.001503,NOT_PROVEN_FROM_EVENT_COUNT_ALONE
2016-08-18,3,0.0021680000000000002,NOT_PROVEN_FROM_EVENT_COUNT_ALONE
2016-08-19,3,0.0021780000000000002,NOT_PROVEN_FROM_EVENT_COUNT_ALONE
2016-08-20,3,0.000361,NOT_PROVEN_FROM_EVENT_COUNT_ALONE
2016-08-21,3,0.0015229999999999998,NOT_PROVEN_FROM_EVENT_COUNT_ALONE
2016-08-22,3,-0.000312,NOT_PROVEN_FROM_EVENT_COUNT_ALONE
2016-08-23,3,0.0016990000000000002,NOT_PROVEN_FROM_EVENT_COUNT_ALONE
2016-08-24,3,0.002454,NOT_PROVEN_FROM_EVENT_COUNT_ALONE
2016-08-25,3,-0.0014399999999999999,NOT_PROVEN_FROM_EVENT_COUNT_ALONE
2016-08-26,3,0.003131,NOT_PROVEN_FROM_EVENT_COUNT_ALONE
2016-08-27,3,-4.800000000000003e-05,NOT_PROVEN_FROM_EVENT_COUNT_ALONE
2016-08-28,3,-0.00032399999999999996,NOT_PROVEN_FROM_EVENT_COUNT_ALONE
2016-08-29,3,0.00042399999999999995,NOT_PROVEN_FROM_EVENT_COUNT_ALONE
2016-08-30,3,-0.000708,NOT_PROVEN_FROM_EVENT_COUNT_ALONE
2016-08-31,3,0.001962,NOT_PROVEN_FROM_EVENT_COUNT_ALONE
2016-09-01,3,0.0072770000000000005,NOT_PROVEN_FROM_EVENT_COUNT_ALONE
2016-09-02,3,-0.001558,NOT_PROVEN_FROM_EVENT_COUNT_ALONE
2016-09-03,3,0.0008139999999999998,NOT_PROVEN_FROM_EVENT_COUNT_ALONE
2016-09-04,3,0.001087,NOT_PROVEN_FROM_EVENT_COUNT_ALONE
2016-09-05,3,0.007033,NOT_PROVEN_FROM_EVENT_COUNT_ALONE
2016-09-06,3,0.002474,NOT_PROVEN_FROM_EVENT_COUNT_ALONE
2016-09-07,3,0.004408,NOT_PROVEN_FROM_EVENT_COUNT_ALONE
2016-09-08,3,-0.0015040000000000001,NOT_PROVEN_FROM_EVENT_COUNT_ALONE
2016-09-09,3,0.007824999999999999,NOT_PROVEN_FROM_EVENT_COUNT_ALONE
2016-09-10,3,0.002086,NOT_PROVEN_FROM_EVENT_COUNT_ALONE
2016-09-11,3,0.004486,NOT_PROVEN_FROM_EVENT_COUNT_ALONE
2016-09-12,3,0.0005549999999999999,NOT_PROVEN_FROM_EVENT_COUNT_ALONE
2016-09-13,3,-8.3e-05,NOT_PROVEN_FROM_EVENT_COUNT_ALONE
2016-09-14,3,-0.001134,NOT_PROVEN_FROM_EVENT_COUNT_ALONE
2016-09-15,3,-0.0011229999999999999,NOT_PROVEN_FROM_EVENT_COUNT_ALONE
2016-09-16,3,-0.00015499999999999995,NOT_PROVEN_FROM_EVENT_COUNT_ALONE
2016-09-17,3,-2.4e-05,NOT_PROVEN_FROM_EVENT_COUNT_ALONE
2016-09-18,3,-0.00014599999999999997,NOT_PROVEN_FROM_EVENT_COUNT_ALONE
2016-09-19,3,0.0008519999999999999,NOT_PROVEN_FROM_EVENT_COUNT_ALONE
2016-09-20,3,-0.00014099999999999996,NOT_PROVEN_FROM_EVENT_COUNT_ALONE
2016-09-21,3,-0.0013219999999999998,NOT_PROVEN_FROM_EVENT_COUNT_ALONE
2016-09-22,3,-0.002771,NOT_PROVEN_FROM_EVENT_COUNT_ALONE
2016-09-23,3,-0.0006500000000000001,NOT_PROVEN_FROM_EVENT_COUNT_ALONE
2016-09-24,3,0.0016979999999999999,NOT_PROVEN_FROM_EVENT_COUNT_ALONE
2016-09-25,3,0.000276,NOT_PROVEN_FROM_EVENT_COUNT_ALONE
2016-09-26,3,0.0009420000000000001,NOT_PROVEN_FROM_EVENT_COUNT_ALONE
2016-09-27,3,0.003469,NOT_PROVEN_FROM_EVENT_COUNT_ALONE
2016-09-28,3,0.001648,NOT_PROVEN_FROM_EVENT_COUNT_ALONE
2016-09-29,3,0.0006020000000000001,NOT_PROVEN_FROM_EVENT_COUNT_ALONE
2016-09-30,3,0.0013800000000000002,NOT_PROVEN_FROM_EVENT_COUNT_ALONE
2016-10-01,3,0.0041530000000000004,NOT_PROVEN_FROM_EVENT_COUNT_ALONE
2016-10-02,3,0.0032,NOT_PROVEN_FROM_EVENT_COUNT_ALONE
2016-10-03,3,-0.00032800000000000006,NOT_PROVEN_FROM_EVENT_COUNT_ALONE
2016-10-04,3,0.00038999999999999994,NOT_PROVEN_FROM_EVENT_COUNT_ALONE
2016-10-05,3,0.000693,NOT_PROVEN_FROM_EVENT_COUNT_ALONE
2016-10-06,3,0.000509,NOT_PROVEN_FROM_EVENT_COUNT_ALONE
2016-10-07,3,0.000919,NOT_PROVEN_FROM_EVENT_COUNT_ALONE
2016-10-08,3,0.000793,NOT_PROVEN_FROM_EVENT_COUNT_ALONE
2016-10-09,3,0.0009310000000000001,NOT_PROVEN_FROM_EVENT_COUNT_ALONE
2016-10-10,3,0.003189,NOT_PROVEN_FROM_EVENT_COUNT_ALONE
2016-10-11,3,0.002216,NOT_PROVEN_FROM_EVENT_COUNT_ALONE
2016-10-12,3,0.003851,NOT_PROVEN_FROM_EVENT_COUNT_ALONE
2016-10-13,3,-0.00138,NOT_PROVEN_FROM_EVENT_COUNT_ALONE
2016-10-14,3,0.0006609999999999999,NOT_PROVEN_FROM_EVENT_COUNT_ALONE
2016-10-15,3,0.0031850000000000003,NOT_PROVEN_FROM_EVENT_COUNT_ALONE
2016-10-16,3,1.8000000000000004e-05,NOT_PROVEN_FROM_EVENT_COUNT_ALONE
2016-10-17,3,0.000647,NOT_PROVEN_FROM_EVENT_COUNT_ALONE
2016-10-18,3,-0.0008669999999999999,NOT_PROVEN_FROM_EVENT_COUNT_ALONE
2016-10-19,3,0.000216,NOT_PROVEN_FROM_EVENT_COUNT_ALONE
2016-10-20,3,-0.0028079999999999997,NOT_PROVEN_FROM_EVENT_COUNT_ALONE
2016-10-21,3,0.00013099999999999999,NOT_PROVEN_FROM_EVENT_COUNT_ALONE
2016-10-22,3,0.00018100000000000004,NOT_PROVEN_FROM_EVENT_COUNT_ALONE
2016-10-23,3,0.009459,NOT_PROVEN_FROM_EVENT_COUNT_ALONE
2016-10-24,3,0.01125,NOT_PROVEN_FROM_EVENT_COUNT_ALONE
2016-10-25,3,0.004512,NOT_PROVEN_FROM_EVENT_COUNT_ALONE
2016-10-26,3,0.004043,NOT_PROVEN_FROM_EVENT_COUNT_ALONE
2016-10-27,3,0.002152,NOT_PROVEN_FROM_EVENT_COUNT_ALONE
2016-10-28,3,0.00183,NOT_PROVEN_FROM_EVENT_COUNT_ALONE
2016-10-29,3,0.005488,NOT_PROVEN_FROM_EVENT_COUNT_ALONE
2016-10-30,3,0.00219,NOT_PROVEN_FROM_EVENT_COUNT_ALONE
2016-10-31,3,0.0005740000000000001,NOT_PROVEN_FROM_EVENT_COUNT_ALONE
2016-11-01,3,0.004338,NOT_PROVEN_FROM_EVENT_COUNT_ALONE
2016-11-02,3,0.01125,NOT_PROVEN_FROM_EVENT_COUNT_ALONE
2016-11-03,3,0.007389,NOT_PROVEN_FROM_EVENT_COUNT_ALONE
2016-11-04,3,0.0009660000000000001,NOT_PROVEN_FROM_EVENT_COUNT_ALONE
2016-11-05,3,0.00012700000000000005,NOT_PROVEN_FROM_EVENT_COUNT_ALONE
2016-11-06,3,0.0031639999999999997,NOT_PROVEN_FROM_EVENT_COUNT_ALONE
2016-11-07,3,-0.00043499999999999995,NOT_PROVEN_FROM_EVENT_COUNT_ALONE
2016-11-08,3,-0.00119,NOT_PROVEN_FROM_EVENT_COUNT_ALONE
2016-11-09,3,0.0023599999999999997,NOT_PROVEN_FROM_EVENT_COUNT_ALONE
2016-11-10,3,0.003981999999999999,NOT_PROVEN_FROM_EVENT_COUNT_ALONE
2016-11-11,3,0.0040809999999999996,NOT_PROVEN_FROM_EVENT_COUNT_ALONE
2016-11-12,3,0.00047599999999999997,NOT_PROVEN_FROM_EVENT_COUNT_ALONE
2016-11-13,3,0.000333,NOT_PROVEN_FROM_EVENT_COUNT_ALONE
2016-11-14,3,0.000332,NOT_PROVEN_FROM_EVENT_COUNT_ALONE
2016-11-15,3,0.000817,NOT_PROVEN_FROM_EVENT_COUNT_ALONE
2016-11-16,3,0.0006640000000000001,NOT_PROVEN_FROM_EVENT_COUNT_ALONE
2016-11-17,3,0.01064,NOT_PROVEN_FROM_EVENT_COUNT_ALONE
2016-11-18,3,0.004155,NOT_PROVEN_FROM_EVENT_COUNT_ALONE
2016-11-19,3,0.003417,NOT_PROVEN_FROM_EVENT_COUNT_ALONE
2016-11-20,3,0.00047000000000000004,NOT_PROVEN_FROM_EVENT_COUNT_ALONE
2016-11-21,3,1.1000000000000047e-05,NOT_PROVEN_FROM_EVENT_COUNT_ALONE
2016-11-22,3,-5.799999999999989e-05,NOT_PROVEN_FROM_EVENT_COUNT_ALONE
2016-11-23,3,0.002676,NOT_PROVEN_FROM_EVENT_COUNT_ALONE
2016-11-24,3,0.000918,NOT_PROVEN_FROM_EVENT_COUNT_ALONE
2016-11-25,3,-0.0005009999999999999,NOT_PROVEN_FROM_EVENT_COUNT_ALONE
2016-11-26,3,-0.0013150000000000002,NOT_PROVEN_FROM_EVENT_COUNT_ALONE
2016-11-27,3,0.0007660000000000001,NOT_PROVEN_FROM_EVENT_COUNT_ALONE
2016-11-28,3,0.0008290000000000001,NOT_PROVEN_FROM_EVENT_COUNT_ALONE
2016-11-29,3,-0.0004180000000000001,NOT_PROVEN_FROM_EVENT_COUNT_ALONE
2016-11-30,3,-0.0004559999999999999,NOT_PROVEN_FROM_EVENT_COUNT_ALONE
2016-12-01,3,0.000996,NOT_PROVEN_FROM_EVENT_COUNT_ALONE
2016-12-02,3,0.003548,NOT_PROVEN_FROM_EVENT_COUNT_ALONE
2016-12-03,3,0.0018020000000000002,NOT_PROVEN_FROM_EVENT_COUNT_ALONE
2016-12-04,3,0.0014689999999999998,NOT_PROVEN_FROM_EVENT_COUNT_ALONE
2016-12-05,3,0.004524,NOT_PROVEN_FROM_EVENT_COUNT_ALONE
2016-12-06,3,0.0012000000000000001,NOT_PROVEN_FROM_EVENT_COUNT_ALONE
2016-12-07,3,-0.0008649999999999999,NOT_PROVEN_FROM_EVENT_COUNT_ALONE
2016-12-08,3,-0.001203,NOT_PROVEN_FROM_EVENT_COUNT_ALONE
2016-12-09,3,0.000285,NOT_PROVEN_FROM_EVENT_COUNT_ALONE
2016-12-10,3,0.000465,NOT_PROVEN_FROM_EVENT_COUNT_ALONE
2016-12-11,3,0.001477,NOT_PROVEN_FROM_EVENT_COUNT_ALONE
2016-12-12,3,5.5e-05,NOT_PROVEN_FROM_EVENT_COUNT_ALONE
2016-12-13,3,0.0019450000000000001,NOT_PROVEN_FROM_EVENT_COUNT_ALONE
2016-12-14,3,-0.00039799999999999997,NOT_PROVEN_FROM_EVENT_COUNT_ALONE
2016-12-15,3,-0.000379,NOT_PROVEN_FROM_EVENT_COUNT_ALONE
2016-12-16,3,0.002423,NOT_PROVEN_FROM_EVENT_COUNT_ALONE
2016-12-17,3,0.000396,NOT_PROVEN_FROM_EVENT_COUNT_ALONE
2016-12-18,3,0.000455,NOT_PROVEN_FROM_EVENT_COUNT_ALONE
2016-12-19,3,-0.0005059999999999999,NOT_PROVEN_FROM_EVENT_COUNT_ALONE
2016-12-20,3,-0.000145,NOT_PROVEN_FROM_EVENT_COUNT_ALONE
2016-12-21,3,0.000827,NOT_PROVEN_FROM_EVENT_COUNT_ALONE
2016-12-22,3,0.0039239999999999995,NOT_PROVEN_FROM_EVENT_COUNT_ALONE
2016-12-23,3,0.003913,NOT_PROVEN_FROM_EVENT_COUNT_ALONE
2016-12-24,3,0.007162,NOT_PROVEN_FROM_EVENT_COUNT_ALONE
2016-12-25,3,-0.0008520000000000001,NOT_PROVEN_FROM_EVENT_COUNT_ALONE
2016-12-26,3,0.004613,NOT_PROVEN_FROM_EVENT_COUNT_ALONE
2016-12-27,3,0.005294999999999999,NOT_PROVEN_FROM_EVENT_COUNT_ALONE
2016-12-28,3,0.007292,NOT_PROVEN_FROM_EVENT_COUNT_ALONE
2016-12-29,3,-0.0001209999999999999,NOT_PROVEN_FROM_EVENT_COUNT_ALONE
2016-12-30,3,-0.0002900000000000001,NOT_PROVEN_FROM_EVENT_COUNT_ALONE
2016-12-31,3,-0.001263,NOT_PROVEN_FROM_EVENT_COUNT_ALONE
2017-01-01,3,0.003347,NOT_PROVEN_FROM_EVENT_COUNT_ALONE
2017-01-02,3,0.005675,NOT_PROVEN_FROM_EVENT_COUNT_ALONE
2017-01-03,3,0.004056,NOT_PROVEN_FROM_EVENT_COUNT_ALONE
2017-01-04,3,0.004241,NOT_PROVEN_FROM_EVENT_COUNT_ALONE
2017-01-05,3,0.01125,NOT_PROVEN_FROM_EVENT_COUNT_ALONE
2017-01-06,3,-0.001056,NOT_PROVEN_FROM_EVENT_COUNT_ALONE
2017-01-07,3,-0.001241,NOT_PROVEN_FROM_EVENT_COUNT_ALONE
2017-01-08,3,-0.000326,NOT_PROVEN_FROM_EVENT_COUNT_ALONE
2017-01-09,3,-0.0020440000000000002,NOT_PROVEN_FROM_EVENT_COUNT_ALONE
2017-01-10,3,0.0006709999999999999,NOT_PROVEN_FROM_EVENT_COUNT_ALONE
2017-01-11,3,-0.002775,NOT_PROVEN_FROM_EVENT_COUNT_ALONE
2017-01-12,3,-0.004814,NOT_PROVEN_FROM_EVENT_COUNT_ALONE
2017-01-13,3,-0.004599,NOT_PROVEN_FROM_EVENT_COUNT_ALONE
2017-01-14,3,0.001233,NOT_PROVEN_FROM_EVENT_COUNT_ALONE
2017-01-15,3,-0.004088,NOT_PROVEN_FROM_EVENT_COUNT_ALONE
2017-01-16,3,0.000735,NOT_PROVEN_FROM_EVENT_COUNT_ALONE
2017-01-17,3,0.000694,NOT_PROVEN_FROM_EVENT_COUNT_ALONE
2017-01-18,3,-0.0005540000000000001,NOT_PROVEN_FROM_EVENT_COUNT_ALONE
2017-01-19,3,-0.003897,NOT_PROVEN_FROM_EVENT_COUNT_ALONE
2017-01-20,3,-0.00010499999999999998,NOT_PROVEN_FROM_EVENT_COUNT_ALONE
2017-01-21,3,0.002739,NOT_PROVEN_FROM_EVENT_COUNT_ALONE
2017-01-22,3,0.002661,NOT_PROVEN_FROM_EVENT_COUNT_ALONE
2017-01-23,3,-0.003567,NOT_PROVEN_FROM_EVENT_COUNT_ALONE
2017-01-24,3,-0.005854000000000001,NOT_PROVEN_FROM_EVENT_COUNT_ALONE
2017-01-25,3,-0.006876,NOT_PROVEN_FROM_EVENT_COUNT_ALONE
2017-01-26,3,-0.001888,NOT_PROVEN_FROM_EVENT_COUNT_ALONE
2017-01-27,3,-0.0006270000000000001,NOT_PROVEN_FROM_EVENT_COUNT_ALONE
2017-01-28,3,-0.001299,NOT_PROVEN_FROM_EVENT_COUNT_ALONE
2017-01-29,3,0.00023700000000000001,NOT_PROVEN_FROM_EVENT_COUNT_ALONE
2017-01-30,3,-0.00030900000000000003,NOT_PROVEN_FROM_EVENT_COUNT_ALONE
2017-01-31,3,-0.0018349999999999998,NOT_PROVEN_FROM_EVENT_COUNT_ALONE
2017-02-01,3,0.002444,NOT_PROVEN_FROM_EVENT_COUNT_ALONE
2017-02-02,3,-0.00038799999999999994,NOT_PROVEN_FROM_EVENT_COUNT_ALONE
2017-02-03,3,-0.00048,NOT_PROVEN_FROM_EVENT_COUNT_ALONE
2017-02-04,3,-0.0025700000000000002,NOT_PROVEN_FROM_EVENT_COUNT_ALONE
2017-02-05,3,0.00503,NOT_PROVEN_FROM_EVENT_COUNT_ALONE
2017-02-06,3,0.0026040000000000004,NOT_PROVEN_FROM_EVENT_COUNT_ALONE
2017-02-07,3,0.000198,NOT_PROVEN_FROM_EVENT_COUNT_ALONE
2017-02-08,3,-3.0000000000000187e-05,NOT_PROVEN_FROM_EVENT_COUNT_ALONE
2017-02-09,3,-0.00023899999999999995,NOT_PROVEN_FROM_EVENT_COUNT_ALONE
2017-02-10,3,-0.007602000000000001,NOT_PROVEN_FROM_EVENT_COUNT_ALONE
2017-02-11,3,0.0005329999999999999,NOT_PROVEN_FROM_EVENT_COUNT_ALONE
2017-02-12,3,-0.000832,NOT_PROVEN_FROM_EVENT_COUNT_ALONE
2017-02-13,3,0.002249,NOT_PROVEN_FROM_EVENT_COUNT_ALONE
2017-02-14,3,-0.001348,NOT_PROVEN_FROM_EVENT_COUNT_ALONE
2017-02-15,3,0.003606,NOT_PROVEN_FROM_EVENT_COUNT_ALONE
2017-02-16,3,0.003204,NOT_PROVEN_FROM_EVENT_COUNT_ALONE
2017-02-17,3,0.00261,NOT_PROVEN_FROM_EVENT_COUNT_ALONE
2017-02-18,3,0.002522,NOT_PROVEN_FROM_EVENT_COUNT_ALONE
2017-02-19,3,0.000266,NOT_PROVEN_FROM_EVENT_COUNT_ALONE
2017-02-20,3,0.00116,NOT_PROVEN_FROM_EVENT_COUNT_ALONE
2017-02-21,3,0.004385,NOT_PROVEN_FROM_EVENT_COUNT_ALONE
2017-02-22,3,0.008628,NOT_PROVEN_FROM_EVENT_COUNT_ALONE
2017-02-23,3,0.002126,NOT_PROVEN_FROM_EVENT_COUNT_ALONE
2017-02-24,3,0.010617999999999999,NOT_PROVEN_FROM_EVENT_COUNT_ALONE
2017-02-25,3,0.002022,NOT_PROVEN_FROM_EVENT_COUNT_ALONE
2017-02-26,3,0.0016350000000000002,NOT_PROVEN_FROM_EVENT_COUNT_ALONE
2017-02-27,3,0.0016879999999999998,NOT_PROVEN_FROM_EVENT_COUNT_ALONE
2017-02-28,3,0.0023150000000000002,NOT_PROVEN_FROM_EVENT_COUNT_ALONE
2017-03-01,3,0.000399,NOT_PROVEN_FROM_EVENT_COUNT_ALONE
2017-03-02,3,0.001854,NOT_PROVEN_FROM_EVENT_COUNT_ALONE
2017-03-03,3,0.00033700000000000006,NOT_PROVEN_FROM_EVENT_COUNT_ALONE
2017-03-04,3,0.0010829999999999998,NOT_PROVEN_FROM_EVENT_COUNT_ALONE
2017-03-05,3,0.005212,NOT_PROVEN_FROM_EVENT_COUNT_ALONE
2017-03-06,3,0.006781,NOT_PROVEN_FROM_EVENT_COUNT_ALONE
2017-03-07,3,0.001432,NOT_PROVEN_FROM_EVENT_COUNT_ALONE
2017-03-08,3,0.0008950000000000001,NOT_PROVEN_FROM_EVENT_COUNT_ALONE
2017-03-09,3,0.000274,NOT_PROVEN_FROM_EVENT_COUNT_ALONE
2017-03-10,3,0.000292,NOT_PROVEN_FROM_EVENT_COUNT_ALONE
2017-03-11,3,-0.003883,NOT_PROVEN_FROM_EVENT_COUNT_ALONE
2017-03-12,3,-0.003966000000000001,NOT_PROVEN_FROM_EVENT_COUNT_ALONE
2017-03-13,3,-0.000651,NOT_PROVEN_FROM_EVENT_COUNT_ALONE
2017-03-14,3,2.0999999999999995e-05,NOT_PROVEN_FROM_EVENT_COUNT_ALONE
2017-03-15,3,0.000157,NOT_PROVEN_FROM_EVENT_COUNT_ALONE
2017-03-16,3,-0.001203,NOT_PROVEN_FROM_EVENT_COUNT_ALONE
2017-03-17,3,-0.00025799999999999993,NOT_PROVEN_FROM_EVENT_COUNT_ALONE
2017-03-18,3,-0.003452,NOT_PROVEN_FROM_EVENT_COUNT_ALONE
2017-03-19,3,-0.011241,NOT_PROVEN_FROM_EVENT_COUNT_ALONE
2017-03-20,3,-0.002486,NOT_PROVEN_FROM_EVENT_COUNT_ALONE
2017-03-21,3,-0.0005799999999999999,NOT_PROVEN_FROM_EVENT_COUNT_ALONE
2017-03-22,3,-0.003288,NOT_PROVEN_FROM_EVENT_COUNT_ALONE
2017-03-23,3,-0.001539,NOT_PROVEN_FROM_EVENT_COUNT_ALONE
2017-03-24,3,-0.00238,NOT_PROVEN_FROM_EVENT_COUNT_ALONE
2017-03-25,3,-0.003477,NOT_PROVEN_FROM_EVENT_COUNT_ALONE
2017-03-26,3,0.00012699999999999997,NOT_PROVEN_FROM_EVENT_COUNT_ALONE
2017-03-27,3,-0.001397,NOT_PROVEN_FROM_EVENT_COUNT_ALONE
2017-03-28,3,-0.000562,NOT_PROVEN_FROM_EVENT_COUNT_ALONE
2017-03-29,3,-0.001202,NOT_PROVEN_FROM_EVENT_COUNT_ALONE
2017-03-30,3,-0.00027499999999999996,NOT_PROVEN_FROM_EVENT_COUNT_ALONE
2017-03-31,3,3.7999999999999955e-05,NOT_PROVEN_FROM_EVENT_COUNT_ALONE
2017-04-01,3,0.000337,NOT_PROVEN_FROM_EVENT_COUNT_ALONE
2017-04-02,3,-0.0001,NOT_PROVEN_FROM_EVENT_COUNT_ALONE
2017-04-03,3,-0.000156,NOT_PROVEN_FROM_EVENT_COUNT_ALONE
2017-04-04,3,-0.0047550000000000005,NOT_PROVEN_FROM_EVENT_COUNT_ALONE
2017-04-05,3,-0.004494,NOT_PROVEN_FROM_EVENT_COUNT_ALONE
2017-04-06,3,-0.002117,NOT_PROVEN_FROM_EVENT_COUNT_ALONE
2017-04-07,3,-0.00142,NOT_PROVEN_FROM_EVENT_COUNT_ALONE
2017-04-08,3,-0.0029500000000000004,NOT_PROVEN_FROM_EVENT_COUNT_ALONE
2017-04-09,3,-0.003498,NOT_PROVEN_FROM_EVENT_COUNT_ALONE
2017-04-10,3,0.003397,NOT_PROVEN_FROM_EVENT_COUNT_ALONE
2017-04-11,3,0.000581,NOT_PROVEN_FROM_EVENT_COUNT_ALONE
2017-04-12,3,-0.00024999999999999995,NOT_PROVEN_FROM_EVENT_COUNT_ALONE
2017-04-13,3,-0.001107,NOT_PROVEN_FROM_EVENT_COUNT_ALONE
2017-04-14,3,-0.003807,NOT_PROVEN_FROM_EVENT_COUNT_ALONE
2017-04-15,3,0.001221,NOT_PROVEN_FROM_EVENT_COUNT_ALONE
2017-04-16,3,-4.800000000000008e-05,NOT_PROVEN_FROM_EVENT_COUNT_ALONE
2017-04-17,3,0.0007000000000000001,NOT_PROVEN_FROM_EVENT_COUNT_ALONE
2017-04-18,3,0.0012890000000000002,NOT_PROVEN_FROM_EVENT_COUNT_ALONE
2017-04-19,3,-9.5e-05,NOT_PROVEN_FROM_EVENT_COUNT_ALONE
2017-04-20,3,-0.0013109999999999999,NOT_PROVEN_FROM_EVENT_COUNT_ALONE
2017-04-21,3,0.005595,NOT_PROVEN_FROM_EVENT_COUNT_ALONE
2017-04-22,3,0.002905,NOT_PROVEN_FROM_EVENT_COUNT_ALONE
2017-04-23,3,0.0011229999999999999,NOT_PROVEN_FROM_EVENT_COUNT_ALONE
2017-04-24,3,0.00026,NOT_PROVEN_FROM_EVENT_COUNT_ALONE
2017-04-25,3,-0.00025,NOT_PROVEN_FROM_EVENT_COUNT_ALONE
2017-04-26,3,0.003579,NOT_PROVEN_FROM_EVENT_COUNT_ALONE
2017-04-27,3,0.002796,NOT_PROVEN_FROM_EVENT_COUNT_ALONE
2017-04-28,3,0.003626,NOT_PROVEN_FROM_EVENT_COUNT_ALONE
2017-04-29,3,-0.000741,NOT_PROVEN_FROM_EVENT_COUNT_ALONE
2017-04-30,3,0.000842,NOT_PROVEN_FROM_EVENT_COUNT_ALONE
2017-05-01,3,0.002589,NOT_PROVEN_FROM_EVENT_COUNT_ALONE
2017-05-02,3,0.01082,NOT_PROVEN_FROM_EVENT_COUNT_ALONE
2017-05-03,3,0.0021609999999999997,NOT_PROVEN_FROM_EVENT_COUNT_ALONE
2017-05-04,3,-0.0031940000000000002,NOT_PROVEN_FROM_EVENT_COUNT_ALONE
2017-05-05,3,-0.00016299999999999998,NOT_PROVEN_FROM_EVENT_COUNT_ALONE
2017-05-06,3,-0.00434,NOT_PROVEN_FROM_EVENT_COUNT_ALONE
2017-05-07,3,-0.00028900000000000003,NOT_PROVEN_FROM_EVENT_COUNT_ALONE
2017-05-08,3,0.0076,NOT_PROVEN_FROM_EVENT_COUNT_ALONE
2017-05-09,3,0.009588,NOT_PROVEN_FROM_EVENT_COUNT_ALONE
2017-05-10,3,0.003529,NOT_PROVEN_FROM_EVENT_COUNT_ALONE
2017-05-11,3,-0.001429,NOT_PROVEN_FROM_EVENT_COUNT_ALONE
2017-05-12,3,0.007924,NOT_PROVEN_FROM_EVENT_COUNT_ALONE
2017-05-13,3,0.0074199999999999995,NOT_PROVEN_FROM_EVENT_COUNT_ALONE
2017-05-14,3,0.005097,NOT_PROVEN_FROM_EVENT_COUNT_ALONE
2017-05-15,3,0.003174,NOT_PROVEN_FROM_EVENT_COUNT_ALONE
2017-05-16,3,0.005045,NOT_PROVEN_FROM_EVENT_COUNT_ALONE
2017-05-17,3,0.009145,NOT_PROVEN_FROM_EVENT_COUNT_ALONE
2017-05-18,3,0.01125,NOT_PROVEN_FROM_EVENT_COUNT_ALONE
2017-05-19,3,0.01104,NOT_PROVEN_FROM_EVENT_COUNT_ALONE
2017-05-20,3,2.0000000000000215e-06,NOT_PROVEN_FROM_EVENT_COUNT_ALONE
2017-05-21,3,0.011044,NOT_PROVEN_FROM_EVENT_COUNT_ALONE
2017-05-22,3,0.005618,NOT_PROVEN_FROM_EVENT_COUNT_ALONE
2017-05-23,3,0.005436,NOT_PROVEN_FROM_EVENT_COUNT_ALONE
2017-05-24,3,0.0025830000000000002,NOT_PROVEN_FROM_EVENT_COUNT_ALONE
2017-05-25,3,0.007756,NOT_PROVEN_FROM_EVENT_COUNT_ALONE
2017-05-26,3,0.003708,NOT_PROVEN_FROM_EVENT_COUNT_ALONE
2017-05-27,3,-0.006231,NOT_PROVEN_FROM_EVENT_COUNT_ALONE
2017-05-28,3,0.005379,NOT_PROVEN_FROM_EVENT_COUNT_ALONE
2017-05-29,3,-0.001835,NOT_PROVEN_FROM_EVENT_COUNT_ALONE
2017-05-30,3,0.007587,NOT_PROVEN_FROM_EVENT_COUNT_ALONE
2017-05-31,3,0.0011350000000000002,NOT_PROVEN_FROM_EVENT_COUNT_ALONE
2017-06-01,3,0.000788,NOT_PROVEN_FROM_EVENT_COUNT_ALONE
2017-06-02,3,0.001271,NOT_PROVEN_FROM_EVENT_COUNT_ALONE
2017-06-03,3,0.006793,NOT_PROVEN_FROM_EVENT_COUNT_ALONE
2017-06-04,3,0.00072,NOT_PROVEN_FROM_EVENT_COUNT_ALONE
2017-06-05,3,0.003846,NOT_PROVEN_FROM_EVENT_COUNT_ALONE
2017-06-06,3,0.01125,NOT_PROVEN_FROM_EVENT_COUNT_ALONE
2017-06-07,3,0.01125,NOT_PROVEN_FROM_EVENT_COUNT_ALONE
2017-06-08,3,0.002889,NOT_PROVEN_FROM_EVENT_COUNT_ALONE
2017-06-09,3,0.006254,NOT_PROVEN_FROM_EVENT_COUNT_ALONE
2017-06-10,3,0.0008529999999999999,NOT_PROVEN_FROM_EVENT_COUNT_ALONE
2017-06-11,3,0.009407,NOT_PROVEN_FROM_EVENT_COUNT_ALONE
2017-06-12,3,0.009212,NOT_PROVEN_FROM_EVENT_COUNT_ALONE
2017-06-13,3,-0.003339,NOT_PROVEN_FROM_EVENT_COUNT_ALONE
2017-06-14,3,-0.0021910000000000002,NOT_PROVEN_FROM_EVENT_COUNT_ALONE
2017-06-15,3,-0.009292,NOT_PROVEN_FROM_EVENT_COUNT_ALONE
2017-06-16,3,-0.005919,NOT_PROVEN_FROM_EVENT_COUNT_ALONE
2017-06-17,3,-0.009925,NOT_PROVEN_FROM_EVENT_COUNT_ALONE
2017-06-18,3,-0.00049,NOT_PROVEN_FROM_EVENT_COUNT_ALONE
2017-06-19,3,-0.000181,NOT_PROVEN_FROM_EVENT_COUNT_ALONE
2017-06-20,3,0.000868,NOT_PROVEN_FROM_EVENT_COUNT_ALONE
2017-06-21,3,0.003918,NOT_PROVEN_FROM_EVENT_COUNT_ALONE
2017-06-22,3,0.0017399999999999998,NOT_PROVEN_FROM_EVENT_COUNT_ALONE
2017-06-23,3,0.00011500000000000002,NOT_PROVEN_FROM_EVENT_COUNT_ALONE
2017-06-24,3,0.000425,NOT_PROVEN_FROM_EVENT_COUNT_ALONE
2017-06-25,3,-0.003748,NOT_PROVEN_FROM_EVENT_COUNT_ALONE
2017-06-26,3,-0.001755,NOT_PROVEN_FROM_EVENT_COUNT_ALONE
2017-06-27,3,-0.002311,NOT_PROVEN_FROM_EVENT_COUNT_ALONE
2017-06-28,3,-0.010927,NOT_PROVEN_FROM_EVENT_COUNT_ALONE
2017-06-29,3,-0.009502,NOT_PROVEN_FROM_EVENT_COUNT_ALONE
2017-06-30,3,-0.004756,NOT_PROVEN_FROM_EVENT_COUNT_ALONE
2017-07-01,3,-0.005644,NOT_PROVEN_FROM_EVENT_COUNT_ALONE
2017-07-02,3,-0.005748,NOT_PROVEN_FROM_EVENT_COUNT_ALONE
2017-07-03,3,-0.003156,NOT_PROVEN_FROM_EVENT_COUNT_ALONE
2017-07-04,3,0.002711,NOT_PROVEN_FROM_EVENT_COUNT_ALONE
2017-07-05,3,-0.00101,NOT_PROVEN_FROM_EVENT_COUNT_ALONE
2017-07-06,3,-3.9e-05,NOT_PROVEN_FROM_EVENT_COUNT_ALONE
2017-07-07,3,-0.002642,NOT_PROVEN_FROM_EVENT_COUNT_ALONE
2017-07-08,3,-0.001851,NOT_PROVEN_FROM_EVENT_COUNT_ALONE
2017-07-09,3,-0.002344,NOT_PROVEN_FROM_EVENT_COUNT_ALONE
2017-07-10,3,-0.0027270000000000003,NOT_PROVEN_FROM_EVENT_COUNT_ALONE
2017-07-11,3,-0.001219,NOT_PROVEN_FROM_EVENT_COUNT_ALONE
2017-07-12,3,-0.0021449999999999998,NOT_PROVEN_FROM_EVENT_COUNT_ALONE
2017-07-13,3,-0.003078,NOT_PROVEN_FROM_EVENT_COUNT_ALONE
2017-07-14,3,-0.004942,NOT_PROVEN_FROM_EVENT_COUNT_ALONE
2017-07-15,3,-0.0039900000000000005,NOT_PROVEN_FROM_EVENT_COUNT_ALONE
2017-07-16,3,0.003506,NOT_PROVEN_FROM_EVENT_COUNT_ALONE
2017-07-17,3,0.004674,NOT_PROVEN_FROM_EVENT_COUNT_ALONE
2017-07-18,3,0.000694,NOT_PROVEN_FROM_EVENT_COUNT_ALONE
2017-07-19,3,-0.003233,NOT_PROVEN_FROM_EVENT_COUNT_ALONE
2017-07-20,3,-0.002487,NOT_PROVEN_FROM_EVENT_COUNT_ALONE
2017-07-21,3,0.001685,NOT_PROVEN_FROM_EVENT_COUNT_ALONE
2017-07-22,3,0.005537,NOT_PROVEN_FROM_EVENT_COUNT_ALONE
2017-07-23,3,0.003589,NOT_PROVEN_FROM_EVENT_COUNT_ALONE
2017-07-24,3,-0.000128,NOT_PROVEN_FROM_EVENT_COUNT_ALONE
2017-07-25,3,0.002884,NOT_PROVEN_FROM_EVENT_COUNT_ALONE
2017-07-26,3,-0.003476,NOT_PROVEN_FROM_EVENT_COUNT_ALONE
2017-07-27,3,-0.002523,NOT_PROVEN_FROM_EVENT_COUNT_ALONE
2017-07-28,3,-0.0061779999999999995,NOT_PROVEN_FROM_EVENT_COUNT_ALONE
2017-07-29,3,-0.0021939999999999998,NOT_PROVEN_FROM_EVENT_COUNT_ALONE
2017-07-30,3,-0.0076230000000000004,NOT_PROVEN_FROM_EVENT_COUNT_ALONE
2017-07-31,3,-0.009767,NOT_PROVEN_FROM_EVENT_COUNT_ALONE
2017-08-01,3,-0.00918,NOT_PROVEN_FROM_EVENT_COUNT_ALONE
2017-08-02,3,-0.00556,NOT_PROVEN_FROM_EVENT_COUNT_ALONE
2017-08-03,3,-0.001201,NOT_PROVEN_FROM_EVENT_COUNT_ALONE
2017-08-04,3,0.000223,NOT_PROVEN_FROM_EVENT_COUNT_ALONE
2017-08-05,3,0.004787,NOT_PROVEN_FROM_EVENT_COUNT_ALONE
2017-08-06,3,0.009347999999999999,NOT_PROVEN_FROM_EVENT_COUNT_ALONE
2017-08-07,3,0.004016,NOT_PROVEN_FROM_EVENT_COUNT_ALONE
2017-08-08,3,0.001215,NOT_PROVEN_FROM_EVENT_COUNT_ALONE
2017-08-09,3,9.200000000000001e-05,NOT_PROVEN_FROM_EVENT_COUNT_ALONE
2017-08-10,3,9.999999999999999e-06,NOT_PROVEN_FROM_EVENT_COUNT_ALONE
2017-08-11,3,-0.002018,NOT_PROVEN_FROM_EVENT_COUNT_ALONE
2017-08-12,3,-0.0006580000000000001,NOT_PROVEN_FROM_EVENT_COUNT_ALONE
2017-08-13,3,0.002717,NOT_PROVEN_FROM_EVENT_COUNT_ALONE
2017-08-14,3,0.005697,NOT_PROVEN_FROM_EVENT_COUNT_ALONE
2017-08-15,3,0.004843,NOT_PROVEN_FROM_EVENT_COUNT_ALONE
2017-08-16,3,0.000764,NOT_PROVEN_FROM_EVENT_COUNT_ALONE
2017-08-17,3,0.006313999999999999,NOT_PROVEN_FROM_EVENT_COUNT_ALONE
2017-08-18,3,0.00118,NOT_PROVEN_FROM_EVENT_COUNT_ALONE
2017-08-19,3,-0.002503,NOT_PROVEN_FROM_EVENT_COUNT_ALONE
2017-08-20,3,0.008426,NOT_PROVEN_FROM_EVENT_COUNT_ALONE
2017-08-21,3,0.002662,NOT_PROVEN_FROM_EVENT_COUNT_ALONE
2017-08-22,3,-0.003453,NOT_PROVEN_FROM_EVENT_COUNT_ALONE
2017-08-23,3,0.00204,NOT_PROVEN_FROM_EVENT_COUNT_ALONE
2017-08-24,3,0.004513,NOT_PROVEN_FROM_EVENT_COUNT_ALONE
2017-08-25,3,0.002548,NOT_PROVEN_FROM_EVENT_COUNT_ALONE
2017-08-26,3,0.001027,NOT_PROVEN_FROM_EVENT_COUNT_ALONE
2017-08-27,3,-0.000172,NOT_PROVEN_FROM_EVENT_COUNT_ALONE
2017-08-28,3,-0.000359,NOT_PROVEN_FROM_EVENT_COUNT_ALONE
2017-08-29,3,-0.000383,NOT_PROVEN_FROM_EVENT_COUNT_ALONE
2017-08-30,3,0.008519,NOT_PROVEN_FROM_EVENT_COUNT_ALONE
2017-08-31,3,0.002825,NOT_PROVEN_FROM_EVENT_COUNT_ALONE
2017-09-01,3,0.00038,NOT_PROVEN_FROM_EVENT_COUNT_ALONE
2017-09-02,3,0.0008160000000000001,NOT_PROVEN_FROM_EVENT_COUNT_ALONE
2017-09-03,3,-0.004271,NOT_PROVEN_FROM_EVENT_COUNT_ALONE
2017-09-04,3,-0.005164,NOT_PROVEN_FROM_EVENT_COUNT_ALONE
2017-09-05,3,-0.008251,NOT_PROVEN_FROM_EVENT_COUNT_ALONE
2017-09-06,3,-0.00014999999999999996,NOT_PROVEN_FROM_EVENT_COUNT_ALONE
2017-09-07,3,-9.699999999999999e-05,NOT_PROVEN_FROM_EVENT_COUNT_ALONE
2017-09-08,3,0.00030000000000000003,NOT_PROVEN_FROM_EVENT_COUNT_ALONE
2017-09-09,3,-0.009301,NOT_PROVEN_FROM_EVENT_COUNT_ALONE
2017-09-10,3,-0.00345,NOT_PROVEN_FROM_EVENT_COUNT_ALONE
2017-09-11,3,-0.0007970000000000001,NOT_PROVEN_FROM_EVENT_COUNT_ALONE
2017-09-12,3,-0.00025199999999999995,NOT_PROVEN_FROM_EVENT_COUNT_ALONE
2017-09-13,3,-0.006138,NOT_PROVEN_FROM_EVENT_COUNT_ALONE
2017-09-14,3,-0.0016669999999999999,NOT_PROVEN_FROM_EVENT_COUNT_ALONE
2017-09-15,3,-0.001776,NOT_PROVEN_FROM_EVENT_COUNT_ALONE
2017-09-16,3,-0.007563,NOT_PROVEN_FROM_EVENT_COUNT_ALONE
2017-09-17,3,-0.0025299999999999997,NOT_PROVEN_FROM_EVENT_COUNT_ALONE
2017-09-18,3,0.001897,NOT_PROVEN_FROM_EVENT_COUNT_ALONE
2017-09-19,3,0.000273,NOT_PROVEN_FROM_EVENT_COUNT_ALONE
2017-09-20,3,-0.0013030000000000001,NOT_PROVEN_FROM_EVENT_COUNT_ALONE
2017-09-21,3,-0.000596,NOT_PROVEN_FROM_EVENT_COUNT_ALONE
2017-09-22,3,-0.0043230000000000005,NOT_PROVEN_FROM_EVENT_COUNT_ALONE
2017-09-23,3,-0.002095,NOT_PROVEN_FROM_EVENT_COUNT_ALONE
2017-09-24,3,-0.002202,NOT_PROVEN_FROM_EVENT_COUNT_ALONE
2017-09-25,3,-0.002886,NOT_PROVEN_FROM_EVENT_COUNT_ALONE
2017-09-26,3,0.004055,NOT_PROVEN_FROM_EVENT_COUNT_ALONE
2017-09-27,3,0.002004,NOT_PROVEN_FROM_EVENT_COUNT_ALONE
2017-09-28,3,0.000918,NOT_PROVEN_FROM_EVENT_COUNT_ALONE
2017-09-29,3,0.003315,NOT_PROVEN_FROM_EVENT_COUNT_ALONE
2017-09-30,3,0.0063,NOT_PROVEN_FROM_EVENT_COUNT_ALONE
2017-10-01,3,-0.000446,NOT_PROVEN_FROM_EVENT_COUNT_ALONE
2017-10-02,3,0.001206,NOT_PROVEN_FROM_EVENT_COUNT_ALONE
2017-10-03,3,-0.001101,NOT_PROVEN_FROM_EVENT_COUNT_ALONE
2017-10-04,3,-0.002351,NOT_PROVEN_FROM_EVENT_COUNT_ALONE
2017-10-05,3,-0.00294,NOT_PROVEN_FROM_EVENT_COUNT_ALONE
2017-10-06,3,0.000657,NOT_PROVEN_FROM_EVENT_COUNT_ALONE
2017-10-07,3,0.000932,NOT_PROVEN_FROM_EVENT_COUNT_ALONE
2017-10-08,3,0.0038989999999999997,NOT_PROVEN_FROM_EVENT_COUNT_ALONE
2017-10-09,3,0.000984,NOT_PROVEN_FROM_EVENT_COUNT_ALONE
2017-10-10,3,0.008457,NOT_PROVEN_FROM_EVENT_COUNT_ALONE
2017-10-11,3,0.00852,NOT_PROVEN_FROM_EVENT_COUNT_ALONE
2017-10-12,3,0.005313,NOT_PROVEN_FROM_EVENT_COUNT_ALONE
2017-10-13,3,0.011113999999999999,NOT_PROVEN_FROM_EVENT_COUNT_ALONE
2017-10-14,3,0.01125,NOT_PROVEN_FROM_EVENT_COUNT_ALONE
2017-10-15,3,0.01125,NOT_PROVEN_FROM_EVENT_COUNT_ALONE
2017-10-16,3,0.002361,NOT_PROVEN_FROM_EVENT_COUNT_ALONE
2017-10-17,3,0.004238,NOT_PROVEN_FROM_EVENT_COUNT_ALONE
2017-10-18,3,0.0006010000000000001,NOT_PROVEN_FROM_EVENT_COUNT_ALONE
2017-10-19,3,0.002432,NOT_PROVEN_FROM_EVENT_COUNT_ALONE
2017-10-20,3,0.0006580000000000001,NOT_PROVEN_FROM_EVENT_COUNT_ALONE
2017-10-21,3,0.009452,NOT_PROVEN_FROM_EVENT_COUNT_ALONE
2017-10-22,3,-0.001073,NOT_PROVEN_FROM_EVENT_COUNT_ALONE
2017-10-23,3,-0.000609,NOT_PROVEN_FROM_EVENT_COUNT_ALONE
2017-10-24,3,-0.003533,NOT_PROVEN_FROM_EVENT_COUNT_ALONE
2017-10-25,3,-0.0014609999999999998,NOT_PROVEN_FROM_EVENT_COUNT_ALONE
2017-10-26,3,-0.002213,NOT_PROVEN_FROM_EVENT_COUNT_ALONE
2017-10-27,3,1.600000000000001e-05,NOT_PROVEN_FROM_EVENT_COUNT_ALONE
2017-10-28,3,-0.005091,NOT_PROVEN_FROM_EVENT_COUNT_ALONE
2017-10-29,3,-0.001996,NOT_PROVEN_FROM_EVENT_COUNT_ALONE
2017-10-30,3,0.006635,NOT_PROVEN_FROM_EVENT_COUNT_ALONE
2017-10-31,3,0.001224,NOT_PROVEN_FROM_EVENT_COUNT_ALONE
2017-11-01,3,0.000475,NOT_PROVEN_FROM_EVENT_COUNT_ALONE
2017-11-02,3,-0.006105,NOT_PROVEN_FROM_EVENT_COUNT_ALONE
2017-11-03,3,0.001133,NOT_PROVEN_FROM_EVENT_COUNT_ALONE
2017-11-04,3,-0.003682,NOT_PROVEN_FROM_EVENT_COUNT_ALONE
2017-11-05,3,0.001498,NOT_PROVEN_FROM_EVENT_COUNT_ALONE
2017-11-06,3,-0.000552,NOT_PROVEN_FROM_EVENT_COUNT_ALONE
2017-11-07,3,-0.005307,NOT_PROVEN_FROM_EVENT_COUNT_ALONE
2017-11-08,3,-0.001635,NOT_PROVEN_FROM_EVENT_COUNT_ALONE
2017-11-09,3,0.000834,NOT_PROVEN_FROM_EVENT_COUNT_ALONE
2017-11-10,3,-0.000779,NOT_PROVEN_FROM_EVENT_COUNT_ALONE
2017-11-11,3,-0.00532,NOT_PROVEN_FROM_EVENT_COUNT_ALONE
2017-11-12,3,-0.001914,NOT_PROVEN_FROM_EVENT_COUNT_ALONE
2017-11-13,3,-0.002475,NOT_PROVEN_FROM_EVENT_COUNT_ALONE
2017-11-14,3,-0.005654,NOT_PROVEN_FROM_EVENT_COUNT_ALONE
2017-11-15,3,-0.00523,NOT_PROVEN_FROM_EVENT_COUNT_ALONE
2017-11-16,3,-0.001609,NOT_PROVEN_FROM_EVENT_COUNT_ALONE
2017-11-17,3,0.005457,NOT_PROVEN_FROM_EVENT_COUNT_ALONE
2017-11-18,3,0.001013,NOT_PROVEN_FROM_EVENT_COUNT_ALONE
2017-11-19,3,0.005151,NOT_PROVEN_FROM_EVENT_COUNT_ALONE
2017-11-20,3,0.009047,NOT_PROVEN_FROM_EVENT_COUNT_ALONE
2017-11-21,3,0.003217,NOT_PROVEN_FROM_EVENT_COUNT_ALONE
2017-11-22,3,0.00041600000000000003,NOT_PROVEN_FROM_EVENT_COUNT_ALONE
2017-11-23,3,-0.002147,NOT_PROVEN_FROM_EVENT_COUNT_ALONE
2017-11-24,3,-0.0062,NOT_PROVEN_FROM_EVENT_COUNT_ALONE
2017-11-25,3,0.002505,NOT_PROVEN_FROM_EVENT_COUNT_ALONE
2017-11-26,3,-0.00019599999999999997,NOT_PROVEN_FROM_EVENT_COUNT_ALONE
2017-11-27,3,0.008885,NOT_PROVEN_FROM_EVENT_COUNT_ALONE
2017-11-28,3,0.0031780000000000003,NOT_PROVEN_FROM_EVENT_COUNT_ALONE
2017-11-29,3,0.007715,NOT_PROVEN_FROM_EVENT_COUNT_ALONE
2017-11-30,3,0.0039499999999999995,NOT_PROVEN_FROM_EVENT_COUNT_ALONE
2017-12-01,3,-0.00345,NOT_PROVEN_FROM_EVENT_COUNT_ALONE
2017-12-02,3,0.006479,NOT_PROVEN_FROM_EVENT_COUNT_ALONE
2017-12-03,3,0.002693,NOT_PROVEN_FROM_EVENT_COUNT_ALONE
2017-12-04,3,0.004155,NOT_PROVEN_FROM_EVENT_COUNT_ALONE
2017-12-05,3,0.003323,NOT_PROVEN_FROM_EVENT_COUNT_ALONE
2017-12-06,3,0.001752,NOT_PROVEN_FROM_EVENT_COUNT_ALONE
2017-12-07,3,-0.004605,NOT_PROVEN_FROM_EVENT_COUNT_ALONE
2017-12-08,3,0.0035259999999999996,NOT_PROVEN_FROM_EVENT_COUNT_ALONE
2017-12-09,3,0.01125,NOT_PROVEN_FROM_EVENT_COUNT_ALONE
2017-12-10,3,0.006614,NOT_PROVEN_FROM_EVENT_COUNT_ALONE
2017-12-11,3,0.01125,NOT_PROVEN_FROM_EVENT_COUNT_ALONE
2017-12-12,3,0.01125,NOT_PROVEN_FROM_EVENT_COUNT_ALONE
2017-12-13,3,0.008577999999999999,NOT_PROVEN_FROM_EVENT_COUNT_ALONE
2017-12-14,3,0.008319,NOT_PROVEN_FROM_EVENT_COUNT_ALONE
2017-12-15,3,0.009275,NOT_PROVEN_FROM_EVENT_COUNT_ALONE
2017-12-16,3,0.01125,NOT_PROVEN_FROM_EVENT_COUNT_ALONE
2017-12-17,3,0.01125,NOT_PROVEN_FROM_EVENT_COUNT_ALONE
2017-12-18,3,0.008697,NOT_PROVEN_FROM_EVENT_COUNT_ALONE
2017-12-19,3,0.007879,NOT_PROVEN_FROM_EVENT_COUNT_ALONE
2017-12-20,3,-0.001401,NOT_PROVEN_FROM_EVENT_COUNT_ALONE
2017-12-21,3,0.005235,NOT_PROVEN_FROM_EVENT_COUNT_ALONE
2017-12-22,3,0.0032800000000000004,NOT_PROVEN_FROM_EVENT_COUNT_ALONE
2017-12-23,3,-0.0073,NOT_PROVEN_FROM_EVENT_COUNT_ALONE
2017-12-24,3,-0.01125,NOT_PROVEN_FROM_EVENT_COUNT_ALONE
2017-12-25,3,-0.007719999999999999,NOT_PROVEN_FROM_EVENT_COUNT_ALONE
2017-12-26,3,-0.0075,NOT_PROVEN_FROM_EVENT_COUNT_ALONE
2017-12-27,3,0.01125,NOT_PROVEN_FROM_EVENT_COUNT_ALONE
2017-12-28,3,0.002328,NOT_PROVEN_FROM_EVENT_COUNT_ALONE
2017-12-29,3,0.0031980000000000003,NOT_PROVEN_FROM_EVENT_COUNT_ALONE
2017-12-30,3,-0.004426,NOT_PROVEN_FROM_EVENT_COUNT_ALONE
2017-12-31,3,-0.009054,NOT_PROVEN_FROM_EVENT_COUNT_ALONE
2018-01-01,3,0.003277,NOT_PROVEN_FROM_EVENT_COUNT_ALONE
2018-01-02,3,0.002113,NOT_PROVEN_FROM_EVENT_COUNT_ALONE
2018-01-03,3,0.009798,NOT_PROVEN_FROM_EVENT_COUNT_ALONE
2018-01-04,3,0.003889,NOT_PROVEN_FROM_EVENT_COUNT_ALONE
2018-01-05,3,0.005274,NOT_PROVEN_FROM_EVENT_COUNT_ALONE
2018-01-06,3,0.002284,NOT_PROVEN_FROM_EVENT_COUNT_ALONE
2018-01-07,3,0.007993,NOT_PROVEN_FROM_EVENT_COUNT_ALONE
2018-01-08,3,0.0055439999999999994,NOT_PROVEN_FROM_EVENT_COUNT_ALONE
2018-01-09,3,0.001007,NOT_PROVEN_FROM_EVENT_COUNT_ALONE
2018-01-10,3,0.00030500000000000004,NOT_PROVEN_FROM_EVENT_COUNT_ALONE
2018-01-11,3,0.001526,NOT_PROVEN_FROM_EVENT_COUNT_ALONE
2018-01-12,3,0.000514,NOT_PROVEN_FROM_EVENT_COUNT_ALONE
2018-01-13,3,0.004328,NOT_PROVEN_FROM_EVENT_COUNT_ALONE
2018-01-14,3,0.001212,NOT_PROVEN_FROM_EVENT_COUNT_ALONE
2018-01-15,3,0.000628,NOT_PROVEN_FROM_EVENT_COUNT_ALONE
2018-01-16,3,-0.002844,NOT_PROVEN_FROM_EVENT_COUNT_ALONE
2018-01-17,3,-0.008660000000000001,NOT_PROVEN_FROM_EVENT_COUNT_ALONE
2018-01-18,3,-0.0006119999999999999,NOT_PROVEN_FROM_EVENT_COUNT_ALONE
2018-01-19,3,-0.002784,NOT_PROVEN_FROM_EVENT_COUNT_ALONE
2018-01-20,3,0.00011300000000000004,NOT_PROVEN_FROM_EVENT_COUNT_ALONE
2018-01-21,3,-0.001679,NOT_PROVEN_FROM_EVENT_COUNT_ALONE
2018-01-22,3,-0.002699,NOT_PROVEN_FROM_EVENT_COUNT_ALONE
2018-01-23,3,-0.006719,NOT_PROVEN_FROM_EVENT_COUNT_ALONE
2018-01-24,3,0.000344,NOT_PROVEN_FROM_EVENT_COUNT_ALONE
2018-01-25,3,0.00030000000000000003,NOT_PROVEN_FROM_EVENT_COUNT_ALONE
2018-01-26,3,-0.00016,NOT_PROVEN_FROM_EVENT_COUNT_ALONE
2018-01-27,3,0.002783,NOT_PROVEN_FROM_EVENT_COUNT_ALONE
2018-01-28,3,0.00833,NOT_PROVEN_FROM_EVENT_COUNT_ALONE
2018-01-29,3,0.009174,NOT_PROVEN_FROM_EVENT_COUNT_ALONE
2018-01-30,3,0.0012640000000000001,NOT_PROVEN_FROM_EVENT_COUNT_ALONE
2018-01-31,3,-0.005915,NOT_PROVEN_FROM_EVENT_COUNT_ALONE
2018-02-01,3,-0.003885,NOT_PROVEN_FROM_EVENT_COUNT_ALONE
2018-02-02,3,0.001553,NOT_PROVEN_FROM_EVENT_COUNT_ALONE
2018-02-03,3,-0.003075,NOT_PROVEN_FROM_EVENT_COUNT_ALONE
2018-02-04,3,-0.001315,NOT_PROVEN_FROM_EVENT_COUNT_ALONE
2018-02-05,3,-0.006548999999999999,NOT_PROVEN_FROM_EVENT_COUNT_ALONE
2018-02-06,3,-0.003481,NOT_PROVEN_FROM_EVENT_COUNT_ALONE
2018-02-07,3,-0.005889,NOT_PROVEN_FROM_EVENT_COUNT_ALONE
2018-02-08,3,-0.0035580000000000004,NOT_PROVEN_FROM_EVENT_COUNT_ALONE
2018-02-09,3,-0.003925,NOT_PROVEN_FROM_EVENT_COUNT_ALONE
2018-02-10,3,-0.0011229999999999999,NOT_PROVEN_FROM_EVENT_COUNT_ALONE
2018-02-11,3,-0.00465,NOT_PROVEN_FROM_EVENT_COUNT_ALONE
2018-02-12,3,0.001134,NOT_PROVEN_FROM_EVENT_COUNT_ALONE
2018-02-13,3,-0.00038300000000000004,NOT_PROVEN_FROM_EVENT_COUNT_ALONE
2018-02-14,3,-0.00013699999999999997,NOT_PROVEN_FROM_EVENT_COUNT_ALONE
2018-02-15,3,-0.000126,NOT_PROVEN_FROM_EVENT_COUNT_ALONE
2018-02-16,3,-0.001631,NOT_PROVEN_FROM_EVENT_COUNT_ALONE
2018-02-17,3,0.000116,NOT_PROVEN_FROM_EVENT_COUNT_ALONE
2018-02-18,3,2.500000000000001e-05,NOT_PROVEN_FROM_EVENT_COUNT_ALONE
2018-02-19,3,5.400000000000001e-05,NOT_PROVEN_FROM_EVENT_COUNT_ALONE
2018-02-20,3,0.001978,NOT_PROVEN_FROM_EVENT_COUNT_ALONE
2018-02-21,3,-0.001176,NOT_PROVEN_FROM_EVENT_COUNT_ALONE
2018-02-22,3,-2.899999999999999e-05,NOT_PROVEN_FROM_EVENT_COUNT_ALONE
2018-02-23,3,0.000114,NOT_PROVEN_FROM_EVENT_COUNT_ALONE
2018-02-24,3,-0.002843,NOT_PROVEN_FROM_EVENT_COUNT_ALONE
2018-02-25,3,-0.003255,NOT_PROVEN_FROM_EVENT_COUNT_ALONE
2018-02-26,3,-0.001997,NOT_PROVEN_FROM_EVENT_COUNT_ALONE
2018-02-27,3,0.000597,NOT_PROVEN_FROM_EVENT_COUNT_ALONE
2018-02-28,3,0.002231,NOT_PROVEN_FROM_EVENT_COUNT_ALONE
2018-03-01,3,0.00030000000000000003,NOT_PROVEN_FROM_EVENT_COUNT_ALONE
2018-03-02,3,0.003913,NOT_PROVEN_FROM_EVENT_COUNT_ALONE
2018-03-03,3,0.002505,NOT_PROVEN_FROM_EVENT_COUNT_ALONE
2018-03-04,3,0.001955,NOT_PROVEN_FROM_EVENT_COUNT_ALONE
2018-03-05,3,0.0037210000000000003,NOT_PROVEN_FROM_EVENT_COUNT_ALONE
2018-03-06,3,0.001728,NOT_PROVEN_FROM_EVENT_COUNT_ALONE
2018-03-07,3,0.001477,NOT_PROVEN_FROM_EVENT_COUNT_ALONE
2018-03-08,3,-0.0036750000000000003,NOT_PROVEN_FROM_EVENT_COUNT_ALONE
2018-03-09,3,-0.002709,NOT_PROVEN_FROM_EVENT_COUNT_ALONE
2018-03-10,3,-0.005147,NOT_PROVEN_FROM_EVENT_COUNT_ALONE
2018-03-11,3,-0.007520000000000001,NOT_PROVEN_FROM_EVENT_COUNT_ALONE
2018-03-12,3,0.000315,NOT_PROVEN_FROM_EVENT_COUNT_ALONE
2018-03-13,3,-0.002248,NOT_PROVEN_FROM_EVENT_COUNT_ALONE
2018-03-14,3,-0.000984,NOT_PROVEN_FROM_EVENT_COUNT_ALONE
2018-03-15,3,-0.00408,NOT_PROVEN_FROM_EVENT_COUNT_ALONE
2018-03-16,3,-0.003995,NOT_PROVEN_FROM_EVENT_COUNT_ALONE
2018-03-17,3,-0.001878,NOT_PROVEN_FROM_EVENT_COUNT_ALONE
2018-03-18,3,-0.001964,NOT_PROVEN_FROM_EVENT_COUNT_ALONE
2018-03-19,3,-0.000308,NOT_PROVEN_FROM_EVENT_COUNT_ALONE
2018-03-20,3,-8.299999999999998e-05,NOT_PROVEN_FROM_EVENT_COUNT_ALONE
2018-03-21,3,-0.00015700000000000002,NOT_PROVEN_FROM_EVENT_COUNT_ALONE
2018-03-22,3,0.00034,NOT_PROVEN_FROM_EVENT_COUNT_ALONE
2018-03-23,3,0.000343,NOT_PROVEN_FROM_EVENT_COUNT_ALONE
2018-03-24,3,0.00030000000000000003,NOT_PROVEN_FROM_EVENT_COUNT_ALONE
2018-03-25,3,-0.00016800000000000002,NOT_PROVEN_FROM_EVENT_COUNT_ALONE
2018-03-26,3,-0.000241,NOT_PROVEN_FROM_EVENT_COUNT_ALONE
2018-03-27,3,-0.00172,NOT_PROVEN_FROM_EVENT_COUNT_ALONE
2018-03-28,3,-0.001327,NOT_PROVEN_FROM_EVENT_COUNT_ALONE
2018-03-29,3,0.00030000000000000003,NOT_PROVEN_FROM_EVENT_COUNT_ALONE
2018-03-30,3,-0.0073,NOT_PROVEN_FROM_EVENT_COUNT_ALONE
2018-03-31,3,-0.004235,NOT_PROVEN_FROM_EVENT_COUNT_ALONE
2018-04-01,3,-0.004816,NOT_PROVEN_FROM_EVENT_COUNT_ALONE
2018-04-02,3,-0.00047299999999999995,NOT_PROVEN_FROM_EVENT_COUNT_ALONE
2018-04-03,3,-0.00036899999999999997,NOT_PROVEN_FROM_EVENT_COUNT_ALONE
2018-04-04,3,0.000463,NOT_PROVEN_FROM_EVENT_COUNT_ALONE
2018-04-05,3,-0.002905,NOT_PROVEN_FROM_EVENT_COUNT_ALONE
2018-04-06,3,-0.002283,NOT_PROVEN_FROM_EVENT_COUNT_ALONE
2018-04-07,3,-0.0019529999999999999,NOT_PROVEN_FROM_EVENT_COUNT_ALONE
2018-04-08,3,0.00023600000000000002,NOT_PROVEN_FROM_EVENT_COUNT_ALONE
2018-04-09,3,-0.000128,NOT_PROVEN_FROM_EVENT_COUNT_ALONE
2018-04-10,3,-0.0043549999999999995,NOT_PROVEN_FROM_EVENT_COUNT_ALONE
2018-04-11,3,-0.003376,NOT_PROVEN_FROM_EVENT_COUNT_ALONE
2018-04-12,3,-0.000588,NOT_PROVEN_FROM_EVENT_COUNT_ALONE
2018-04-13,3,0.000595,NOT_PROVEN_FROM_EVENT_COUNT_ALONE
2018-04-14,3,-0.00039000000000000005,NOT_PROVEN_FROM_EVENT_COUNT_ALONE
2018-04-15,3,-0.00029099999999999997,NOT_PROVEN_FROM_EVENT_COUNT_ALONE
2018-04-16,3,0.00030000000000000003,NOT_PROVEN_FROM_EVENT_COUNT_ALONE
2018-04-17,3,0.000302,NOT_PROVEN_FROM_EVENT_COUNT_ALONE
2018-04-18,3,0.00030000000000000003,NOT_PROVEN_FROM_EVENT_COUNT_ALONE
2018-04-19,3,-5.799999999999997e-05,NOT_PROVEN_FROM_EVENT_COUNT_ALONE
2018-04-20,3,-0.000841,NOT_PROVEN_FROM_EVENT_COUNT_ALONE
2018-04-21,3,0.001023,NOT_PROVEN_FROM_EVENT_COUNT_ALONE
2018-04-22,3,0.00030000000000000003,NOT_PROVEN_FROM_EVENT_COUNT_ALONE
2018-04-23,3,0.00030000000000000003,NOT_PROVEN_FROM_EVENT_COUNT_ALONE
2018-04-24,3,0.000272,NOT_PROVEN_FROM_EVENT_COUNT_ALONE
2018-04-25,3,0.004961,NOT_PROVEN_FROM_EVENT_COUNT_ALONE
2018-04-26,3,0.003024,NOT_PROVEN_FROM_EVENT_COUNT_ALONE
2018-04-27,3,0.001212,NOT_PROVEN_FROM_EVENT_COUNT_ALONE
2018-04-28,3,0.00091,NOT_PROVEN_FROM_EVENT_COUNT_ALONE
2018-04-29,3,0.003832,NOT_PROVEN_FROM_EVENT_COUNT_ALONE
2018-04-30,3,0.001095,NOT_PROVEN_FROM_EVENT_COUNT_ALONE
2018-05-01,3,0.0017590000000000001,NOT_PROVEN_FROM_EVENT_COUNT_ALONE
2018-05-02,3,0.00030000000000000003,NOT_PROVEN_FROM_EVENT_COUNT_ALONE
2018-05-03,3,0.002493,NOT_PROVEN_FROM_EVENT_COUNT_ALONE
2018-05-04,3,0.00828,NOT_PROVEN_FROM_EVENT_COUNT_ALONE
2018-05-05,3,0.004553,NOT_PROVEN_FROM_EVENT_COUNT_ALONE
2018-05-06,3,0.008523,NOT_PROVEN_FROM_EVENT_COUNT_ALONE
2018-05-07,3,0.004529,NOT_PROVEN_FROM_EVENT_COUNT_ALONE
2018-05-08,3,0.000633,NOT_PROVEN_FROM_EVENT_COUNT_ALONE
2018-05-09,3,0.0024330000000000003,NOT_PROVEN_FROM_EVENT_COUNT_ALONE
2018-05-10,3,0.000938,NOT_PROVEN_FROM_EVENT_COUNT_ALONE
2018-05-11,3,0.000614,NOT_PROVEN_FROM_EVENT_COUNT_ALONE
2018-05-12,3,0.00030000000000000003,NOT_PROVEN_FROM_EVENT_COUNT_ALONE
2018-05-13,3,-0.000236,NOT_PROVEN_FROM_EVENT_COUNT_ALONE
2018-05-14,3,-0.00039,NOT_PROVEN_FROM_EVENT_COUNT_ALONE
2018-05-15,3,0.00030000000000000003,NOT_PROVEN_FROM_EVENT_COUNT_ALONE
2018-05-16,3,-0.000727,NOT_PROVEN_FROM_EVENT_COUNT_ALONE
2018-05-17,3,0.00030000000000000003,NOT_PROVEN_FROM_EVENT_COUNT_ALONE
2018-05-18,3,0.000564,NOT_PROVEN_FROM_EVENT_COUNT_ALONE
2018-05-19,3,0.000213,NOT_PROVEN_FROM_EVENT_COUNT_ALONE
2018-05-20,3,0.00030000000000000003,NOT_PROVEN_FROM_EVENT_COUNT_ALONE
2018-05-21,3,0.000326,NOT_PROVEN_FROM_EVENT_COUNT_ALONE
2018-05-22,3,0.001121,NOT_PROVEN_FROM_EVENT_COUNT_ALONE
2018-05-23,3,0.001013,NOT_PROVEN_FROM_EVENT_COUNT_ALONE
2018-05-24,3,-0.000389,NOT_PROVEN_FROM_EVENT_COUNT_ALONE
2018-05-25,3,-0.000766,NOT_PROVEN_FROM_EVENT_COUNT_ALONE
2018-05-26,3,0.00030000000000000003,NOT_PROVEN_FROM_EVENT_COUNT_ALONE
2018-05-27,3,-0.0006169999999999999,NOT_PROVEN_FROM_EVENT_COUNT_ALONE
2018-05-28,3,-0.000493,NOT_PROVEN_FROM_EVENT_COUNT_ALONE
2018-05-29,3,0.000733,NOT_PROVEN_FROM_EVENT_COUNT_ALONE
2018-05-30,3,0.000362,NOT_PROVEN_FROM_EVENT_COUNT_ALONE
2018-05-31,3,0.000231,NOT_PROVEN_FROM_EVENT_COUNT_ALONE
2018-06-01,3,0.00030000000000000003,NOT_PROVEN_FROM_EVENT_COUNT_ALONE
2018-06-02,3,0.00030000000000000003,NOT_PROVEN_FROM_EVENT_COUNT_ALONE
2018-06-03,3,-0.000351,NOT_PROVEN_FROM_EVENT_COUNT_ALONE
2018-06-04,3,-6.699999999999998e-05,NOT_PROVEN_FROM_EVENT_COUNT_ALONE
2018-06-05,3,0.00030000000000000003,NOT_PROVEN_FROM_EVENT_COUNT_ALONE
2018-06-06,3,0.000813,NOT_PROVEN_FROM_EVENT_COUNT_ALONE
2018-06-07,3,0.000571,NOT_PROVEN_FROM_EVENT_COUNT_ALONE
2018-06-08,3,0.00051,NOT_PROVEN_FROM_EVENT_COUNT_ALONE
2018-06-09,3,0.000767,NOT_PROVEN_FROM_EVENT_COUNT_ALONE
2018-06-10,3,0.000993,NOT_PROVEN_FROM_EVENT_COUNT_ALONE
2018-06-11,3,-0.003385,NOT_PROVEN_FROM_EVENT_COUNT_ALONE
2018-06-12,3,-0.00126,NOT_PROVEN_FROM_EVENT_COUNT_ALONE
2018-06-13,3,0.000181,NOT_PROVEN_FROM_EVENT_COUNT_ALONE
2018-06-14,3,-0.0012259999999999999,NOT_PROVEN_FROM_EVENT_COUNT_ALONE
2018-06-15,3,-0.001816,NOT_PROVEN_FROM_EVENT_COUNT_ALONE
2018-06-16,3,-0.001951,NOT_PROVEN_FROM_EVENT_COUNT_ALONE
2018-06-17,3,-0.002608,NOT_PROVEN_FROM_EVENT_COUNT_ALONE
2018-06-18,3,-0.00023199999999999997,NOT_PROVEN_FROM_EVENT_COUNT_ALONE
2018-06-19,3,-0.000179,NOT_PROVEN_FROM_EVENT_COUNT_ALONE
2018-06-20,3,-0.001434,NOT_PROVEN_FROM_EVENT_COUNT_ALONE
2018-06-21,3,-0.001043,NOT_PROVEN_FROM_EVENT_COUNT_ALONE
2018-06-22,3,-0.000123,NOT_PROVEN_FROM_EVENT_COUNT_ALONE
2018-06-23,3,-0.005934999999999999,NOT_PROVEN_FROM_EVENT_COUNT_ALONE
2018-06-24,3,-0.003359,NOT_PROVEN_FROM_EVENT_COUNT_ALONE
2018-06-25,3,0.00022,NOT_PROVEN_FROM_EVENT_COUNT_ALONE
2018-06-26,3,-0.00014499999999999997,NOT_PROVEN_FROM_EVENT_COUNT_ALONE
2018-06-27,3,0.00030000000000000003,NOT_PROVEN_FROM_EVENT_COUNT_ALONE
2018-06-28,3,0.000267,NOT_PROVEN_FROM_EVENT_COUNT_ALONE
2018-06-29,3,-9.4e-05,NOT_PROVEN_FROM_EVENT_COUNT_ALONE
2018-06-30,3,0.00030000000000000003,NOT_PROVEN_FROM_EVENT_COUNT_ALONE
2018-07-01,3,0.00030000000000000003,NOT_PROVEN_FROM_EVENT_COUNT_ALONE
2018-07-02,3,0.000317,NOT_PROVEN_FROM_EVENT_COUNT_ALONE
2018-07-03,3,-6.7e-05,NOT_PROVEN_FROM_EVENT_COUNT_ALONE
2018-07-04,3,0.000275,NOT_PROVEN_FROM_EVENT_COUNT_ALONE
2018-07-05,3,0.00030000000000000003,NOT_PROVEN_FROM_EVENT_COUNT_ALONE
2018-07-06,3,0.00030000000000000003,NOT_PROVEN_FROM_EVENT_COUNT_ALONE
2018-07-07,3,0.00030000000000000003,NOT_PROVEN_FROM_EVENT_COUNT_ALONE
2018-07-08,3,0.00030000000000000003,NOT_PROVEN_FROM_EVENT_COUNT_ALONE
2018-07-09,3,0.00010800000000000001,NOT_PROVEN_FROM_EVENT_COUNT_ALONE
2018-07-10,3,0.00030000000000000003,NOT_PROVEN_FROM_EVENT_COUNT_ALONE
2018-07-11,3,0.00030000000000000003,NOT_PROVEN_FROM_EVENT_COUNT_ALONE
2018-07-12,3,-0.000124,NOT_PROVEN_FROM_EVENT_COUNT_ALONE
2018-07-13,3,-0.000135,NOT_PROVEN_FROM_EVENT_COUNT_ALONE
2018-07-14,3,6.000000000000002e-05,NOT_PROVEN_FROM_EVENT_COUNT_ALONE
2018-07-15,3,-0.0009029999999999999,NOT_PROVEN_FROM_EVENT_COUNT_ALONE
2018-07-16,3,-0.001086,NOT_PROVEN_FROM_EVENT_COUNT_ALONE
2018-07-17,3,0.000176,NOT_PROVEN_FROM_EVENT_COUNT_ALONE
2018-07-18,3,0.000422,NOT_PROVEN_FROM_EVENT_COUNT_ALONE
2018-07-19,3,0.00030000000000000003,NOT_PROVEN_FROM_EVENT_COUNT_ALONE
2018-07-20,3,0.00030000000000000003,NOT_PROVEN_FROM_EVENT_COUNT_ALONE
2018-07-21,3,0.00030000000000000003,NOT_PROVEN_FROM_EVENT_COUNT_ALONE
2018-07-22,3,0.00030000000000000003,NOT_PROVEN_FROM_EVENT_COUNT_ALONE
2018-07-23,3,0.00030000000000000003,NOT_PROVEN_FROM_EVENT_COUNT_ALONE
2018-07-24,3,3.3000000000000016e-05,NOT_PROVEN_FROM_EVENT_COUNT_ALONE
2018-07-25,3,0.000703,NOT_PROVEN_FROM_EVENT_COUNT_ALONE
2018-07-26,3,0.001889,NOT_PROVEN_FROM_EVENT_COUNT_ALONE
2018-07-27,3,0.001858,NOT_PROVEN_FROM_EVENT_COUNT_ALONE
2018-07-28,3,0.001811,NOT_PROVEN_FROM_EVENT_COUNT_ALONE
2018-07-29,3,0.002045,NOT_PROVEN_FROM_EVENT_COUNT_ALONE
2018-07-30,3,0.00233,NOT_PROVEN_FROM_EVENT_COUNT_ALONE
2018-07-31,3,0.00265,NOT_PROVEN_FROM_EVENT_COUNT_ALONE
2018-08-01,3,0.00030000000000000003,NOT_PROVEN_FROM_EVENT_COUNT_ALONE
2018-08-02,3,0.00030000000000000003,NOT_PROVEN_FROM_EVENT_COUNT_ALONE
2018-08-03,3,0.00030000000000000003,NOT_PROVEN_FROM_EVENT_COUNT_ALONE
2018-08-04,3,0.00030000000000000003,NOT_PROVEN_FROM_EVENT_COUNT_ALONE
2018-08-05,3,-0.0007509999999999999,NOT_PROVEN_FROM_EVENT_COUNT_ALONE
2018-08-06,3,-0.000452,NOT_PROVEN_FROM_EVENT_COUNT_ALONE
2018-08-07,3,0.00030000000000000003,NOT_PROVEN_FROM_EVENT_COUNT_ALONE
2018-08-08,3,-0.001408,NOT_PROVEN_FROM_EVENT_COUNT_ALONE
2018-08-09,3,-0.003101,NOT_PROVEN_FROM_EVENT_COUNT_ALONE
2018-08-10,3,-0.0013340000000000001,NOT_PROVEN_FROM_EVENT_COUNT_ALONE
2018-08-11,3,-0.001727,NOT_PROVEN_FROM_EVENT_COUNT_ALONE
2018-08-12,3,0.000109,NOT_PROVEN_FROM_EVENT_COUNT_ALONE
2018-08-13,3,-6.8e-05,NOT_PROVEN_FROM_EVENT_COUNT_ALONE
2018-08-14,3,-0.002444,NOT_PROVEN_FROM_EVENT_COUNT_ALONE
2018-08-15,3,-0.001392,NOT_PROVEN_FROM_EVENT_COUNT_ALONE
2018-08-16,3,-0.001147,NOT_PROVEN_FROM_EVENT_COUNT_ALONE
2018-08-17,3,-0.0010119999999999999,NOT_PROVEN_FROM_EVENT_COUNT_ALONE
2018-08-18,3,-0.001441,NOT_PROVEN_FROM_EVENT_COUNT_ALONE
2018-08-19,3,-0.002005,NOT_PROVEN_FROM_EVENT_COUNT_ALONE
2018-08-20,3,-0.000388,NOT_PROVEN_FROM_EVENT_COUNT_ALONE
2018-08-21,3,-0.001122,NOT_PROVEN_FROM_EVENT_COUNT_ALONE
2018-08-22,3,1.000000000000004e-06,NOT_PROVEN_FROM_EVENT_COUNT_ALONE
2018-08-23,3,-0.001105,NOT_PROVEN_FROM_EVENT_COUNT_ALONE
2018-08-24,3,-0.00076,NOT_PROVEN_FROM_EVENT_COUNT_ALONE
2018-08-25,3,-0.000415,NOT_PROVEN_FROM_EVENT_COUNT_ALONE
2018-08-26,3,0.00013,NOT_PROVEN_FROM_EVENT_COUNT_ALONE
2018-08-27,3,-0.00044300000000000003,NOT_PROVEN_FROM_EVENT_COUNT_ALONE
2018-08-28,3,0.00030000000000000003,NOT_PROVEN_FROM_EVENT_COUNT_ALONE
2018-08-29,3,0.00030000000000000003,NOT_PROVEN_FROM_EVENT_COUNT_ALONE
2018-08-30,3,0.000316,NOT_PROVEN_FROM_EVENT_COUNT_ALONE
2018-08-31,3,0.00030000000000000003,NOT_PROVEN_FROM_EVENT_COUNT_ALONE
2018-09-01,3,0.000322,NOT_PROVEN_FROM_EVENT_COUNT_ALONE
2018-09-02,3,0.000513,NOT_PROVEN_FROM_EVENT_COUNT_ALONE
2018-09-03,3,0.00030000000000000003,NOT_PROVEN_FROM_EVENT_COUNT_ALONE
2018-09-04,3,0.00030000000000000003,NOT_PROVEN_FROM_EVENT_COUNT_ALONE
2018-09-05,3,0.00030000000000000003,NOT_PROVEN_FROM_EVENT_COUNT_ALONE
2018-09-06,3,-0.000977,NOT_PROVEN_FROM_EVENT_COUNT_ALONE
2018-09-07,3,-0.00115,NOT_PROVEN_FROM_EVENT_COUNT_ALONE
2018-09-08,3,-0.000492,NOT_PROVEN_FROM_EVENT_COUNT_ALONE
2018-09-09,3,-0.000879,NOT_PROVEN_FROM_EVENT_COUNT_ALONE
2018-09-10,3,-0.001781,NOT_PROVEN_FROM_EVENT_COUNT_ALONE
2018-09-11,3,-0.000687,NOT_PROVEN_FROM_EVENT_COUNT_ALONE
2018-09-12,3,-0.000267,NOT_PROVEN_FROM_EVENT_COUNT_ALONE
2018-09-13,3,-0.000974,NOT_PROVEN_FROM_EVENT_COUNT_ALONE
2018-09-14,3,-0.001686,NOT_PROVEN_FROM_EVENT_COUNT_ALONE
2018-09-15,3,-0.0014629999999999999,NOT_PROVEN_FROM_EVENT_COUNT_ALONE
2018-09-16,3,-0.000592,NOT_PROVEN_FROM_EVENT_COUNT_ALONE
2018-09-17,3,-0.000139,NOT_PROVEN_FROM_EVENT_COUNT_ALONE
2018-09-18,3,-0.000291,NOT_PROVEN_FROM_EVENT_COUNT_ALONE
2018-09-19,3,-4.8e-05,NOT_PROVEN_FROM_EVENT_COUNT_ALONE
2018-09-20,3,-0.000159,NOT_PROVEN_FROM_EVENT_COUNT_ALONE
2018-09-21,3,-0.000822,NOT_PROVEN_FROM_EVENT_COUNT_ALONE
2018-09-22,3,0.00022,NOT_PROVEN_FROM_EVENT_COUNT_ALONE
2018-09-23,3,0.00030000000000000003,NOT_PROVEN_FROM_EVENT_COUNT_ALONE
2018-09-24,3,0.000311,NOT_PROVEN_FROM_EVENT_COUNT_ALONE
2018-09-25,3,0.00030000000000000003,NOT_PROVEN_FROM_EVENT_COUNT_ALONE
2018-09-26,3,-4.599999999999999e-05,NOT_PROVEN_FROM_EVENT_COUNT_ALONE
2018-09-27,3,0.000119,NOT_PROVEN_FROM_EVENT_COUNT_ALONE
2018-09-28,3,0.00030000000000000003,NOT_PROVEN_FROM_EVENT_COUNT_ALONE
2018-09-29,3,0.00030000000000000003,NOT_PROVEN_FROM_EVENT_COUNT_ALONE
2018-09-30,3,0.000359,NOT_PROVEN_FROM_EVENT_COUNT_ALONE
2018-10-01,3,0.000527,NOT_PROVEN_FROM_EVENT_COUNT_ALONE
2018-10-02,3,0.00030000000000000003,NOT_PROVEN_FROM_EVENT_COUNT_ALONE
2018-10-03,3,0.00030000000000000003,NOT_PROVEN_FROM_EVENT_COUNT_ALONE
2018-10-04,3,0.0005020000000000001,NOT_PROVEN_FROM_EVENT_COUNT_ALONE
2018-10-05,3,0.000633,NOT_PROVEN_FROM_EVENT_COUNT_ALONE
2018-10-06,3,0.000744,NOT_PROVEN_FROM_EVENT_COUNT_ALONE
2018-10-07,3,0.00030000000000000003,NOT_PROVEN_FROM_EVENT_COUNT_ALONE
2018-10-08,3,0.000513,NOT_PROVEN_FROM_EVENT_COUNT_ALONE
2018-10-09,3,0.000677,NOT_PROVEN_FROM_EVENT_COUNT_ALONE
2018-10-10,3,0.001029,NOT_PROVEN_FROM_EVENT_COUNT_ALONE
2018-10-11,3,0.00030000000000000003,NOT_PROVEN_FROM_EVENT_COUNT_ALONE
2018-10-12,3,0.00030000000000000003,NOT_PROVEN_FROM_EVENT_COUNT_ALONE
2018-10-13,3,-0.000541,NOT_PROVEN_FROM_EVENT_COUNT_ALONE
2018-10-14,3,-0.000312,NOT_PROVEN_FROM_EVENT_COUNT_ALONE
2018-10-15,3,-0.000294,NOT_PROVEN_FROM_EVENT_COUNT_ALONE
2018-10-16,3,0.00017900000000000001,NOT_PROVEN_FROM_EVENT_COUNT_ALONE
2018-10-17,3,0.000151,NOT_PROVEN_FROM_EVENT_COUNT_ALONE
2018-10-18,3,0.00030000000000000003,NOT_PROVEN_FROM_EVENT_COUNT_ALONE
2018-10-19,3,0.00030000000000000003,NOT_PROVEN_FROM_EVENT_COUNT_ALONE
2018-10-20,3,0.00030000000000000003,NOT_PROVEN_FROM_EVENT_COUNT_ALONE
2018-10-21,3,0.00030000000000000003,NOT_PROVEN_FROM_EVENT_COUNT_ALONE
2018-10-22,3,0.00030000000000000003,NOT_PROVEN_FROM_EVENT_COUNT_ALONE
2018-10-23,3,0.00030000000000000003,NOT_PROVEN_FROM_EVENT_COUNT_ALONE
2018-10-24,3,0.00030000000000000003,NOT_PROVEN_FROM_EVENT_COUNT_ALONE
2018-10-25,3,0.00030000000000000003,NOT_PROVEN_FROM_EVENT_COUNT_ALONE
2018-10-26,3,0.00030000000000000003,NOT_PROVEN_FROM_EVENT_COUNT_ALONE
2018-10-27,3,0.000388,NOT_PROVEN_FROM_EVENT_COUNT_ALONE
2018-10-28,3,0.00030000000000000003,NOT_PROVEN_FROM_EVENT_COUNT_ALONE
2018-10-29,3,0.000962,NOT_PROVEN_FROM_EVENT_COUNT_ALONE
2018-10-30,3,0.000919,NOT_PROVEN_FROM_EVENT_COUNT_ALONE
2018-10-31,3,0.00069,NOT_PROVEN_FROM_EVENT_COUNT_ALONE
2018-11-01,3,0.00030000000000000003,NOT_PROVEN_FROM_EVENT_COUNT_ALONE
2018-11-02,3,0.00030000000000000003,NOT_PROVEN_FROM_EVENT_COUNT_ALONE
2018-11-03,3,0.00030000000000000003,NOT_PROVEN_FROM_EVENT_COUNT_ALONE
2018-11-04,3,0.00030000000000000003,NOT_PROVEN_FROM_EVENT_COUNT_ALONE
2018-11-05,3,0.000863,NOT_PROVEN_FROM_EVENT_COUNT_ALONE
2018-11-06,3,0.001095,NOT_PROVEN_FROM_EVENT_COUNT_ALONE
2018-11-07,3,0.000442,NOT_PROVEN_FROM_EVENT_COUNT_ALONE
2018-11-08,3,0.00182,NOT_PROVEN_FROM_EVENT_COUNT_ALONE
2018-11-09,3,0.0017989999999999998,NOT_PROVEN_FROM_EVENT_COUNT_ALONE
2018-11-10,3,0.000837,NOT_PROVEN_FROM_EVENT_COUNT_ALONE
2018-11-11,3,0.00030000000000000003,NOT_PROVEN_FROM_EVENT_COUNT_ALONE
2018-11-12,3,0.00030000000000000003,NOT_PROVEN_FROM_EVENT_COUNT_ALONE
2018-11-13,3,0.001816,NOT_PROVEN_FROM_EVENT_COUNT_ALONE
2018-11-14,3,0.000798,NOT_PROVEN_FROM_EVENT_COUNT_ALONE
2018-11-15,3,-0.005316,NOT_PROVEN_FROM_EVENT_COUNT_ALONE
2018-11-16,3,-0.00221,NOT_PROVEN_FROM_EVENT_COUNT_ALONE
2018-11-17,3,-6.5e-05,NOT_PROVEN_FROM_EVENT_COUNT_ALONE
2018-11-18,3,3.2000000000000005e-05,NOT_PROVEN_FROM_EVENT_COUNT_ALONE
2018-11-19,3,-0.000169,NOT_PROVEN_FROM_EVENT_COUNT_ALONE
2018-11-20,3,-0.00104,NOT_PROVEN_FROM_EVENT_COUNT_ALONE
2018-11-21,3,-0.0019529999999999999,NOT_PROVEN_FROM_EVENT_COUNT_ALONE
2018-11-22,3,-0.001673,NOT_PROVEN_FROM_EVENT_COUNT_ALONE
2018-11-23,3,-0.001613,NOT_PROVEN_FROM_EVENT_COUNT_ALONE
2018-11-24,3,0.000279,NOT_PROVEN_FROM_EVENT_COUNT_ALONE
2018-11-25,3,-0.0038910000000000004,NOT_PROVEN_FROM_EVENT_COUNT_ALONE
2018-11-26,3,-0.001571,NOT_PROVEN_FROM_EVENT_COUNT_ALONE
2018-11-27,3,-0.004498,NOT_PROVEN_FROM_EVENT_COUNT_ALONE
2018-11-28,3,-0.002707,NOT_PROVEN_FROM_EVENT_COUNT_ALONE
2018-11-29,3,-0.004464,NOT_PROVEN_FROM_EVENT_COUNT_ALONE
2018-11-30,3,-0.002653,NOT_PROVEN_FROM_EVENT_COUNT_ALONE
2018-12-01,3,-0.003319,NOT_PROVEN_FROM_EVENT_COUNT_ALONE
2018-12-02,3,-0.000614,NOT_PROVEN_FROM_EVENT_COUNT_ALONE
2018-12-03,3,-0.002438,NOT_PROVEN_FROM_EVENT_COUNT_ALONE
2018-12-04,3,-0.002626,NOT_PROVEN_FROM_EVENT_COUNT_ALONE
2018-12-05,3,-0.000538,NOT_PROVEN_FROM_EVENT_COUNT_ALONE
2018-12-06,3,-0.001009,NOT_PROVEN_FROM_EVENT_COUNT_ALONE
2018-12-07,3,-0.003116,NOT_PROVEN_FROM_EVENT_COUNT_ALONE
2018-12-08,3,-0.003691,NOT_PROVEN_FROM_EVENT_COUNT_ALONE
2018-12-09,3,-0.000406,NOT_PROVEN_FROM_EVENT_COUNT_ALONE
2018-12-10,3,-0.001163,NOT_PROVEN_FROM_EVENT_COUNT_ALONE
2018-12-11,3,-5.000000000000001e-05,NOT_PROVEN_FROM_EVENT_COUNT_ALONE
2018-12-12,3,-0.001222,NOT_PROVEN_FROM_EVENT_COUNT_ALONE
2018-12-13,3,-8.8e-05,NOT_PROVEN_FROM_EVENT_COUNT_ALONE
2018-12-14,3,-0.001645,NOT_PROVEN_FROM_EVENT_COUNT_ALONE
2018-12-15,3,-0.000709,NOT_PROVEN_FROM_EVENT_COUNT_ALONE
2018-12-16,3,-0.00018199999999999998,NOT_PROVEN_FROM_EVENT_COUNT_ALONE
2018-12-17,3,-0.000853,NOT_PROVEN_FROM_EVENT_COUNT_ALONE
2018-12-18,3,-0.000743,NOT_PROVEN_FROM_EVENT_COUNT_ALONE
2018-12-19,3,-0.0025570000000000002,NOT_PROVEN_FROM_EVENT_COUNT_ALONE
2018-12-20,3,-0.002721,NOT_PROVEN_FROM_EVENT_COUNT_ALONE
2018-12-21,3,-0.001498,NOT_PROVEN_FROM_EVENT_COUNT_ALONE
2018-12-22,3,-0.00029299999999999997,NOT_PROVEN_FROM_EVENT_COUNT_ALONE
2018-12-23,3,-0.0005960000000000001,NOT_PROVEN_FROM_EVENT_COUNT_ALONE
2018-12-24,3,-0.000492,NOT_PROVEN_FROM_EVENT_COUNT_ALONE
2018-12-25,3,-0.0006580000000000001,NOT_PROVEN_FROM_EVENT_COUNT_ALONE
2018-12-26,3,-0.000262,NOT_PROVEN_FROM_EVENT_COUNT_ALONE
2018-12-27,3,0.00030000000000000003,NOT_PROVEN_FROM_EVENT_COUNT_ALONE
2018-12-28,3,-0.001704,NOT_PROVEN_FROM_EVENT_COUNT_ALONE
2018-12-29,3,-0.00025299999999999997,NOT_PROVEN_FROM_EVENT_COUNT_ALONE
2018-12-30,3,-0.0012980000000000001,NOT_PROVEN_FROM_EVENT_COUNT_ALONE
2018-12-31,3,0.00017,NOT_PROVEN_FROM_EVENT_COUNT_ALONE
2019-01-01,3,0.00030000000000000003,NOT_PROVEN_FROM_EVENT_COUNT_ALONE
2019-01-02,3,0.000144,NOT_PROVEN_FROM_EVENT_COUNT_ALONE
2019-01-03,3,-0.0009660000000000001,NOT_PROVEN_FROM_EVENT_COUNT_ALONE
2019-01-04,3,2.3e-05,NOT_PROVEN_FROM_EVENT_COUNT_ALONE
2019-01-05,3,-0.000276,NOT_PROVEN_FROM_EVENT_COUNT_ALONE
2019-01-06,3,-0.000956,NOT_PROVEN_FROM_EVENT_COUNT_ALONE
2019-01-07,3,0.00024400000000000002,NOT_PROVEN_FROM_EVENT_COUNT_ALONE
2019-01-08,3,0.00011200000000000001,NOT_PROVEN_FROM_EVENT_COUNT_ALONE
2019-01-09,3,-0.000359,NOT_PROVEN_FROM_EVENT_COUNT_ALONE
2019-01-10,3,-0.000403,NOT_PROVEN_FROM_EVENT_COUNT_ALONE
2019-01-11,3,-0.003201,NOT_PROVEN_FROM_EVENT_COUNT_ALONE
2019-01-12,3,-0.002487,NOT_PROVEN_FROM_EVENT_COUNT_ALONE
2019-01-13,3,-0.000876,NOT_PROVEN_FROM_EVENT_COUNT_ALONE
2019-01-14,3,-5.199999999999999e-05,NOT_PROVEN_FROM_EVENT_COUNT_ALONE
2019-01-15,3,-0.000407,NOT_PROVEN_FROM_EVENT_COUNT_ALONE
2019-01-16,3,-0.000511,NOT_PROVEN_FROM_EVENT_COUNT_ALONE
2019-01-17,3,-0.000333,NOT_PROVEN_FROM_EVENT_COUNT_ALONE
2019-01-18,3,-0.000487,NOT_PROVEN_FROM_EVENT_COUNT_ALONE
2019-01-19,3,-0.000352,NOT_PROVEN_FROM_EVENT_COUNT_ALONE
2019-01-20,3,0.00030000000000000003,NOT_PROVEN_FROM_EVENT_COUNT_ALONE
2019-01-21,3,-0.0018269999999999998,NOT_PROVEN_FROM_EVENT_COUNT_ALONE
2019-01-22,3,-0.000695,NOT_PROVEN_FROM_EVENT_COUNT_ALONE
2019-01-23,3,-0.000659,NOT_PROVEN_FROM_EVENT_COUNT_ALONE
2019-01-24,3,-0.00059,NOT_PROVEN_FROM_EVENT_COUNT_ALONE
2019-01-25,3,-0.000248,NOT_PROVEN_FROM_EVENT_COUNT_ALONE
2019-01-26,3,-0.000748,NOT_PROVEN_FROM_EVENT_COUNT_ALONE
2019-01-27,3,-0.000505,NOT_PROVEN_FROM_EVENT_COUNT_ALONE
2019-01-28,3,3.0000000000000008e-05,NOT_PROVEN_FROM_EVENT_COUNT_ALONE
2019-01-29,3,0.00030000000000000003,NOT_PROVEN_FROM_EVENT_COUNT_ALONE
2019-01-30,3,6.400000000000001e-05,NOT_PROVEN_FROM_EVENT_COUNT_ALONE
2019-01-31,3,-0.000364,NOT_PROVEN_FROM_EVENT_COUNT_ALONE
2019-02-01,3,0.00030000000000000003,NOT_PROVEN_FROM_EVENT_COUNT_ALONE
2019-02-02,3,0.00030000000000000003,NOT_PROVEN_FROM_EVENT_COUNT_ALONE
2019-02-03,3,-0.000272,NOT_PROVEN_FROM_EVENT_COUNT_ALONE
2019-02-04,3,-2.2999999999999997e-05,NOT_PROVEN_FROM_EVENT_COUNT_ALONE
2019-02-05,3,-0.000239,NOT_PROVEN_FROM_EVENT_COUNT_ALONE
2019-02-06,3,-0.000101,NOT_PROVEN_FROM_EVENT_COUNT_ALONE
2019-02-07,3,0.000245,NOT_PROVEN_FROM_EVENT_COUNT_ALONE
2019-02-08,3,0.000285,NOT_PROVEN_FROM_EVENT_COUNT_ALONE
2019-02-09,3,0.00030000000000000003,NOT_PROVEN_FROM_EVENT_COUNT_ALONE
2019-02-10,3,0.00030000000000000003,NOT_PROVEN_FROM_EVENT_COUNT_ALONE
2019-02-11,3,0.00030000000000000003,NOT_PROVEN_FROM_EVENT_COUNT_ALONE
2019-02-12,3,0.00030000000000000003,NOT_PROVEN_FROM_EVENT_COUNT_ALONE
2019-02-13,3,0.00030000000000000003,NOT_PROVEN_FROM_EVENT_COUNT_ALONE
2019-02-14,3,0.000317,NOT_PROVEN_FROM_EVENT_COUNT_ALONE
2019-02-15,3,0.00030000000000000003,NOT_PROVEN_FROM_EVENT_COUNT_ALONE
2019-02-16,3,0.00030000000000000003,NOT_PROVEN_FROM_EVENT_COUNT_ALONE
2019-02-17,3,0.000291,NOT_PROVEN_FROM_EVENT_COUNT_ALONE
2019-02-18,3,-0.0007579999999999999,NOT_PROVEN_FROM_EVENT_COUNT_ALONE
2019-02-19,3,0.00030000000000000003,NOT_PROVEN_FROM_EVENT_COUNT_ALONE
2019-02-20,3,0.00030000000000000003,NOT_PROVEN_FROM_EVENT_COUNT_ALONE
2019-02-21,3,-1.299999999999999e-05,NOT_PROVEN_FROM_EVENT_COUNT_ALONE
2019-02-22,3,0.000265,NOT_PROVEN_FROM_EVENT_COUNT_ALONE
2019-02-23,3,0.00011700000000000001,NOT_PROVEN_FROM_EVENT_COUNT_ALONE
2019-02-24,3,0.00020800000000000001,NOT_PROVEN_FROM_EVENT_COUNT_ALONE
2019-02-25,3,-0.000407,NOT_PROVEN_FROM_EVENT_COUNT_ALONE
2019-02-26,3,-0.0007959999999999999,NOT_PROVEN_FROM_EVENT_COUNT_ALONE
2019-02-27,3,-0.000318,NOT_PROVEN_FROM_EVENT_COUNT_ALONE
2019-02-28,3,-0.0006230000000000001,NOT_PROVEN_FROM_EVENT_COUNT_ALONE
2019-03-01,3,-0.000469,NOT_PROVEN_FROM_EVENT_COUNT_ALONE
2019-03-02,3,-0.001003,NOT_PROVEN_FROM_EVENT_COUNT_ALONE
2019-03-03,3,-0.000593,NOT_PROVEN_FROM_EVENT_COUNT_ALONE
2019-03-04,3,3.9e-05,NOT_PROVEN_FROM_EVENT_COUNT_ALONE
2019-03-05,3,-3.2999999999999996e-05,NOT_PROVEN_FROM_EVENT_COUNT_ALONE
2019-03-06,3,0.00030000000000000003,NOT_PROVEN_FROM_EVENT_COUNT_ALONE
2019-03-07,3,4.000000000000001e-06,NOT_PROVEN_FROM_EVENT_COUNT_ALONE
2019-03-08,3,-0.000434,NOT_PROVEN_FROM_EVENT_COUNT_ALONE
2019-03-09,3,-0.001039,NOT_PROVEN_FROM_EVENT_COUNT_ALONE
2019-03-10,3,-0.001186,NOT_PROVEN_FROM_EVENT_COUNT_ALONE
2019-03-11,3,-0.00033200000000000005,NOT_PROVEN_FROM_EVENT_COUNT_ALONE
2019-03-12,3,-0.000227,NOT_PROVEN_FROM_EVENT_COUNT_ALONE
2019-03-13,3,-0.0011719999999999999,NOT_PROVEN_FROM_EVENT_COUNT_ALONE
2019-03-14,3,-0.000494,NOT_PROVEN_FROM_EVENT_COUNT_ALONE
2019-03-15,3,-0.000667,NOT_PROVEN_FROM_EVENT_COUNT_ALONE
2019-03-16,3,-0.001015,NOT_PROVEN_FROM_EVENT_COUNT_ALONE
2019-03-17,3,-7.9e-05,NOT_PROVEN_FROM_EVENT_COUNT_ALONE
2019-03-18,3,-0.000297,NOT_PROVEN_FROM_EVENT_COUNT_ALONE
2019-03-19,3,8e-05,NOT_PROVEN_FROM_EVENT_COUNT_ALONE
2019-03-20,3,-0.000417,NOT_PROVEN_FROM_EVENT_COUNT_ALONE
2019-03-21,3,-0.001866,NOT_PROVEN_FROM_EVENT_COUNT_ALONE
2019-03-22,3,-0.001251,NOT_PROVEN_FROM_EVENT_COUNT_ALONE
2019-03-23,3,-0.0005939999999999999,NOT_PROVEN_FROM_EVENT_COUNT_ALONE
2019-03-24,3,-0.000587,NOT_PROVEN_FROM_EVENT_COUNT_ALONE
2019-03-25,3,-0.001054,NOT_PROVEN_FROM_EVENT_COUNT_ALONE
2019-03-26,3,-0.001594,NOT_PROVEN_FROM_EVENT_COUNT_ALONE
2019-03-27,3,-0.001166,NOT_PROVEN_FROM_EVENT_COUNT_ALONE
2019-03-28,3,0.000229,NOT_PROVEN_FROM_EVENT_COUNT_ALONE
2019-03-29,3,-0.00047200000000000003,NOT_PROVEN_FROM_EVENT_COUNT_ALONE
2019-03-30,3,-0.001033,NOT_PROVEN_FROM_EVENT_COUNT_ALONE
2019-03-31,3,-0.00113,NOT_PROVEN_FROM_EVENT_COUNT_ALONE
2019-04-01,3,-0.001281,NOT_PROVEN_FROM_EVENT_COUNT_ALONE
2019-04-02,3,-0.000979,NOT_PROVEN_FROM_EVENT_COUNT_ALONE
2019-04-03,3,0.00032,NOT_PROVEN_FROM_EVENT_COUNT_ALONE
2019-04-04,3,0.00021500000000000002,NOT_PROVEN_FROM_EVENT_COUNT_ALONE
2019-04-05,3,0.000531,NOT_PROVEN_FROM_EVENT_COUNT_ALONE
2019-04-06,3,0.00030000000000000003,NOT_PROVEN_FROM_EVENT_COUNT_ALONE
2019-04-07,3,0.00030000000000000003,NOT_PROVEN_FROM_EVENT_COUNT_ALONE
2019-04-08,3,0.00030000000000000003,NOT_PROVEN_FROM_EVENT_COUNT_ALONE
2019-04-09,3,6.400000000000001e-05,NOT_PROVEN_FROM_EVENT_COUNT_ALONE
2019-04-10,3,0.00030000000000000003,NOT_PROVEN_FROM_EVENT_COUNT_ALONE
2019-04-11,3,-6.299999999999999e-05,NOT_PROVEN_FROM_EVENT_COUNT_ALONE
2019-04-12,3,0.00030000000000000003,NOT_PROVEN_FROM_EVENT_COUNT_ALONE
2019-04-13,3,-0.000181,NOT_PROVEN_FROM_EVENT_COUNT_ALONE
2019-04-14,3,7.500000000000001e-05,NOT_PROVEN_FROM_EVENT_COUNT_ALONE
2019-04-15,3,0.000273,NOT_PROVEN_FROM_EVENT_COUNT_ALONE
2019-04-16,3,-0.000231,NOT_PROVEN_FROM_EVENT_COUNT_ALONE
2019-04-17,3,0.00030000000000000003,NOT_PROVEN_FROM_EVENT_COUNT_ALONE
2019-04-18,3,0.00030000000000000003,NOT_PROVEN_FROM_EVENT_COUNT_ALONE
2019-04-19,3,9.800000000000001e-05,NOT_PROVEN_FROM_EVENT_COUNT_ALONE
2019-04-20,3,0.000133,NOT_PROVEN_FROM_EVENT_COUNT_ALONE
2019-04-21,3,0.000124,NOT_PROVEN_FROM_EVENT_COUNT_ALONE
2019-04-22,3,0.00024400000000000002,NOT_PROVEN_FROM_EVENT_COUNT_ALONE
2019-04-23,3,-0.0005830000000000001,NOT_PROVEN_FROM_EVENT_COUNT_ALONE
2019-04-24,3,-0.001186,NOT_PROVEN_FROM_EVENT_COUNT_ALONE
2019-04-25,3,-0.0006789999999999999,NOT_PROVEN_FROM_EVENT_COUNT_ALONE
2019-04-26,3,-0.001288,NOT_PROVEN_FROM_EVENT_COUNT_ALONE
2019-04-27,3,-0.001501,NOT_PROVEN_FROM_EVENT_COUNT_ALONE
2019-04-28,3,-0.001718,NOT_PROVEN_FROM_EVENT_COUNT_ALONE
2019-04-29,3,-0.001702,NOT_PROVEN_FROM_EVENT_COUNT_ALONE
2019-04-30,3,-0.001614,NOT_PROVEN_FROM_EVENT_COUNT_ALONE
2019-05-01,3,-0.0016840000000000002,NOT_PROVEN_FROM_EVENT_COUNT_ALONE
2019-05-02,3,-0.001273,NOT_PROVEN_FROM_EVENT_COUNT_ALONE
2019-05-03,3,-0.001506,NOT_PROVEN_FROM_EVENT_COUNT_ALONE
2019-05-04,3,-0.00020800000000000001,NOT_PROVEN_FROM_EVENT_COUNT_ALONE
2019-05-05,3,-0.001082,NOT_PROVEN_FROM_EVENT_COUNT_ALONE
2019-05-06,3,-0.0008290000000000001,NOT_PROVEN_FROM_EVENT_COUNT_ALONE
2019-05-07,3,-0.000548,NOT_PROVEN_FROM_EVENT_COUNT_ALONE
2019-05-08,3,-0.00173,NOT_PROVEN_FROM_EVENT_COUNT_ALONE
2019-05-09,3,-0.002258,NOT_PROVEN_FROM_EVENT_COUNT_ALONE
2019-05-10,3,-0.003583,NOT_PROVEN_FROM_EVENT_COUNT_ALONE
2019-05-11,3,-0.001722,NOT_PROVEN_FROM_EVENT_COUNT_ALONE
2019-05-12,3,0.00030000000000000003,NOT_PROVEN_FROM_EVENT_COUNT_ALONE
2019-05-13,3,0.00030000000000000003,NOT_PROVEN_FROM_EVENT_COUNT_ALONE
2019-05-14,3,0.00061,NOT_PROVEN_FROM_EVENT_COUNT_ALONE
2019-05-15,3,0.000547,NOT_PROVEN_FROM_EVENT_COUNT_ALONE
2019-05-16,3,0.000999,NOT_PROVEN_FROM_EVENT_COUNT_ALONE
2019-05-17,3,0.00107,NOT_PROVEN_FROM_EVENT_COUNT_ALONE
2019-05-18,3,-0.000158,NOT_PROVEN_FROM_EVENT_COUNT_ALONE
2019-05-19,3,2.6000000000000036e-05,NOT_PROVEN_FROM_EVENT_COUNT_ALONE
2019-05-20,3,0.000781,NOT_PROVEN_FROM_EVENT_COUNT_ALONE
2019-05-21,3,0.000579,NOT_PROVEN_FROM_EVENT_COUNT_ALONE
2019-05-22,3,0.0008820000000000001,NOT_PROVEN_FROM_EVENT_COUNT_ALONE
2019-05-23,3,0.00030000000000000003,NOT_PROVEN_FROM_EVENT_COUNT_ALONE
2019-05-24,3,0.000359,NOT_PROVEN_FROM_EVENT_COUNT_ALONE
2019-05-25,3,0.001788,NOT_PROVEN_FROM_EVENT_COUNT_ALONE
2019-05-26,3,0.00151,NOT_PROVEN_FROM_EVENT_COUNT_ALONE
2019-05-27,3,0.005322,NOT_PROVEN_FROM_EVENT_COUNT_ALONE
2019-05-28,3,0.004235,NOT_PROVEN_FROM_EVENT_COUNT_ALONE
2019-05-29,3,0.002703,NOT_PROVEN_FROM_EVENT_COUNT_ALONE
2019-05-30,3,0.0024660000000000003,NOT_PROVEN_FROM_EVENT_COUNT_ALONE
2019-05-31,3,0.000539,NOT_PROVEN_FROM_EVENT_COUNT_ALONE
2019-06-01,3,0.000357,NOT_PROVEN_FROM_EVENT_COUNT_ALONE
2019-06-02,3,0.001073,NOT_PROVEN_FROM_EVENT_COUNT_ALONE
2019-06-03,3,0.000714,NOT_PROVEN_FROM_EVENT_COUNT_ALONE
2019-06-04,3,0.000182,NOT_PROVEN_FROM_EVENT_COUNT_ALONE
2019-06-05,3,0.000126,NOT_PROVEN_FROM_EVENT_COUNT_ALONE
2019-06-06,3,-0.00027800000000000004,NOT_PROVEN_FROM_EVENT_COUNT_ALONE
2019-06-07,3,7.500000000000001e-05,NOT_PROVEN_FROM_EVENT_COUNT_ALONE
2019-06-08,3,-0.000242,NOT_PROVEN_FROM_EVENT_COUNT_ALONE
2019-06-09,3,2.2000000000000006e-05,NOT_PROVEN_FROM_EVENT_COUNT_ALONE
2019-06-10,3,-0.001061,NOT_PROVEN_FROM_EVENT_COUNT_ALONE
2019-06-11,3,0.00030000000000000003,NOT_PROVEN_FROM_EVENT_COUNT_ALONE
2019-06-12,3,0.000201,NOT_PROVEN_FROM_EVENT_COUNT_ALONE
2019-06-13,3,0.00030000000000000003,NOT_PROVEN_FROM_EVENT_COUNT_ALONE
2019-06-14,3,0.00030000000000000003,NOT_PROVEN_FROM_EVENT_COUNT_ALONE
2019-06-15,3,0.00019500000000000002,NOT_PROVEN_FROM_EVENT_COUNT_ALONE
2019-06-16,3,0.0030350000000000004,NOT_PROVEN_FROM_EVENT_COUNT_ALONE
2019-06-17,3,0.001581,NOT_PROVEN_FROM_EVENT_COUNT_ALONE
2019-06-18,3,0.0018349999999999998,NOT_PROVEN_FROM_EVENT_COUNT_ALONE
2019-06-19,3,0.001996,NOT_PROVEN_FROM_EVENT_COUNT_ALONE
2019-06-20,3,0.001554,NOT_PROVEN_FROM_EVENT_COUNT_ALONE
2019-06-21,3,0.001305,NOT_PROVEN_FROM_EVENT_COUNT_ALONE
2019-06-22,3,0.004247,NOT_PROVEN_FROM_EVENT_COUNT_ALONE
2019-06-23,3,0.007932999999999999,NOT_PROVEN_FROM_EVENT_COUNT_ALONE
2019-06-24,3,0.003823,NOT_PROVEN_FROM_EVENT_COUNT_ALONE
2019-06-25,3,0.002698,NOT_PROVEN_FROM_EVENT_COUNT_ALONE
2019-06-26,3,0.001819,NOT_PROVEN_FROM_EVENT_COUNT_ALONE
2019-06-27,3,0.004889,NOT_PROVEN_FROM_EVENT_COUNT_ALONE
2019-06-28,3,0.004568,NOT_PROVEN_FROM_EVENT_COUNT_ALONE
2019-06-29,3,0.001036,NOT_PROVEN_FROM_EVENT_COUNT_ALONE
2019-06-30,3,0.001835,NOT_PROVEN_FROM_EVENT_COUNT_ALONE
2019-07-01,3,0.001655,NOT_PROVEN_FROM_EVENT_COUNT_ALONE
2019-07-02,3,0.000836,NOT_PROVEN_FROM_EVENT_COUNT_ALONE
2019-07-03,3,0.000469,NOT_PROVEN_FROM_EVENT_COUNT_ALONE
2019-07-04,3,0.00030000000000000003,NOT_PROVEN_FROM_EVENT_COUNT_ALONE
2019-07-05,3,0.000182,NOT_PROVEN_FROM_EVENT_COUNT_ALONE
2019-07-06,3,0.00030000000000000003,NOT_PROVEN_FROM_EVENT_COUNT_ALONE
2019-07-07,3,0.00046600000000000005,NOT_PROVEN_FROM_EVENT_COUNT_ALONE
2019-07-08,3,0.001356,NOT_PROVEN_FROM_EVENT_COUNT_ALONE
2019-07-09,3,0.002303,NOT_PROVEN_FROM_EVENT_COUNT_ALONE
2019-07-10,3,0.002869,NOT_PROVEN_FROM_EVENT_COUNT_ALONE
2019-07-11,3,0.000688,NOT_PROVEN_FROM_EVENT_COUNT_ALONE
2019-07-12,3,0.00030000000000000003,NOT_PROVEN_FROM_EVENT_COUNT_ALONE
2019-07-13,3,0.00030000000000000003,NOT_PROVEN_FROM_EVENT_COUNT_ALONE
2019-07-14,3,-6.599999999999999e-05,NOT_PROVEN_FROM_EVENT_COUNT_ALONE
2019-07-15,3,-0.000329,NOT_PROVEN_FROM_EVENT_COUNT_ALONE
2019-07-16,3,-0.000119,NOT_PROVEN_FROM_EVENT_COUNT_ALONE
2019-07-17,3,-0.000599,NOT_PROVEN_FROM_EVENT_COUNT_ALONE
2019-07-18,3,-0.00015599999999999997,NOT_PROVEN_FROM_EVENT_COUNT_ALONE
2019-07-19,3,0.00030000000000000003,NOT_PROVEN_FROM_EVENT_COUNT_ALONE
2019-07-20,3,0.00030000000000000003,NOT_PROVEN_FROM_EVENT_COUNT_ALONE
2019-07-21,3,8.1e-05,NOT_PROVEN_FROM_EVENT_COUNT_ALONE
2019-07-22,3,-1.6999999999999993e-05,NOT_PROVEN_FROM_EVENT_COUNT_ALONE
2019-07-23,3,0.00030000000000000003,NOT_PROVEN_FROM_EVENT_COUNT_ALONE
2019-07-24,3,-2.9e-05,NOT_PROVEN_FROM_EVENT_COUNT_ALONE
2019-07-25,3,0.00010400000000000001,NOT_PROVEN_FROM_EVENT_COUNT_ALONE
2019-07-26,3,0.00019,NOT_PROVEN_FROM_EVENT_COUNT_ALONE
2019-07-27,3,0.00030000000000000003,NOT_PROVEN_FROM_EVENT_COUNT_ALONE
2019-07-28,3,-0.000568,NOT_PROVEN_FROM_EVENT_COUNT_ALONE
2019-07-29,3,0.000281,NOT_PROVEN_FROM_EVENT_COUNT_ALONE
2019-07-30,3,0.00030000000000000003,NOT_PROVEN_FROM_EVENT_COUNT_ALONE
2019-07-31,3,0.00030000000000000003,NOT_PROVEN_FROM_EVENT_COUNT_ALONE
2019-08-01,3,0.00030000000000000003,NOT_PROVEN_FROM_EVENT_COUNT_ALONE
2019-08-02,3,0.00030000000000000003,NOT_PROVEN_FROM_EVENT_COUNT_ALONE
2019-08-03,3,0.00030000000000000003,NOT_PROVEN_FROM_EVENT_COUNT_ALONE
2019-08-04,3,0.00030000000000000003,NOT_PROVEN_FROM_EVENT_COUNT_ALONE
2019-08-05,3,0.000783,NOT_PROVEN_FROM_EVENT_COUNT_ALONE
2019-08-06,3,0.002698,NOT_PROVEN_FROM_EVENT_COUNT_ALONE
2019-08-07,3,0.001766,NOT_PROVEN_FROM_EVENT_COUNT_ALONE
2019-08-08,3,0.002476,NOT_PROVEN_FROM_EVENT_COUNT_ALONE
2019-08-09,3,0.002582,NOT_PROVEN_FROM_EVENT_COUNT_ALONE
2019-08-10,3,0.001676,NOT_PROVEN_FROM_EVENT_COUNT_ALONE
2019-08-11,3,0.00030000000000000003,NOT_PROVEN_FROM_EVENT_COUNT_ALONE
2019-08-12,3,0.000322,NOT_PROVEN_FROM_EVENT_COUNT_ALONE
2019-08-13,3,0.000674,NOT_PROVEN_FROM_EVENT_COUNT_ALONE
2019-08-14,3,0.000438,NOT_PROVEN_FROM_EVENT_COUNT_ALONE
2019-08-15,3,0.000115,NOT_PROVEN_FROM_EVENT_COUNT_ALONE
2019-08-16,3,-0.000168,NOT_PROVEN_FROM_EVENT_COUNT_ALONE
2019-08-17,3,0.00010200000000000001,NOT_PROVEN_FROM_EVENT_COUNT_ALONE
2019-08-18,3,8.000000000000005e-06,NOT_PROVEN_FROM_EVENT_COUNT_ALONE
2019-08-19,3,0.00030000000000000003,NOT_PROVEN_FROM_EVENT_COUNT_ALONE
2019-08-20,3,0.00030000000000000003,NOT_PROVEN_FROM_EVENT_COUNT_ALONE
2019-08-21,3,0.00030000000000000003,NOT_PROVEN_FROM_EVENT_COUNT_ALONE
2019-08-22,3,-2.799999999999999e-05,NOT_PROVEN_FROM_EVENT_COUNT_ALONE
2019-08-23,3,0.00030000000000000003,NOT_PROVEN_FROM_EVENT_COUNT_ALONE
2019-08-24,3,0.000298,NOT_PROVEN_FROM_EVENT_COUNT_ALONE
2019-08-25,3,-0.00017999999999999998,NOT_PROVEN_FROM_EVENT_COUNT_ALONE
2019-08-26,3,0.000357,NOT_PROVEN_FROM_EVENT_COUNT_ALONE
2019-08-27,3,0.00043599999999999997,NOT_PROVEN_FROM_EVENT_COUNT_ALONE
2019-08-28,3,0.00030000000000000003,NOT_PROVEN_FROM_EVENT_COUNT_ALONE
2019-08-29,3,-0.00025299999999999997,NOT_PROVEN_FROM_EVENT_COUNT_ALONE
2019-08-30,3,-0.000469,NOT_PROVEN_FROM_EVENT_COUNT_ALONE
2019-08-31,3,-0.00011399999999999999,NOT_PROVEN_FROM_EVENT_COUNT_ALONE
2019-09-01,3,0.00030000000000000003,NOT_PROVEN_FROM_EVENT_COUNT_ALONE
2019-09-02,3,0.000129,NOT_PROVEN_FROM_EVENT_COUNT_ALONE
2019-09-03,3,0.0006940000000000001,NOT_PROVEN_FROM_EVENT_COUNT_ALONE
2019-09-04,3,0.0005420000000000001,NOT_PROVEN_FROM_EVENT_COUNT_ALONE
2019-09-05,3,0.000406,NOT_PROVEN_FROM_EVENT_COUNT_ALONE
2019-09-06,3,0.0007289999999999999,NOT_PROVEN_FROM_EVENT_COUNT_ALONE
2019-09-07,3,0.000342,NOT_PROVEN_FROM_EVENT_COUNT_ALONE
2019-09-08,3,0.000325,NOT_PROVEN_FROM_EVENT_COUNT_ALONE
2019-09-09,3,0.000706,NOT_PROVEN_FROM_EVENT_COUNT_ALONE
2019-09-10,3,0.00044,NOT_PROVEN_FROM_EVENT_COUNT_ALONE
2019-09-11,3,0.00030000000000000003,NOT_PROVEN_FROM_EVENT_COUNT_ALONE
2019-09-12,3,0.00037,NOT_PROVEN_FROM_EVENT_COUNT_ALONE
2019-09-13,3,0.000417,NOT_PROVEN_FROM_EVENT_COUNT_ALONE
2019-09-14,3,0.000615,NOT_PROVEN_FROM_EVENT_COUNT_ALONE
2019-09-15,3,0.000501,NOT_PROVEN_FROM_EVENT_COUNT_ALONE
2019-09-16,3,0.000737,NOT_PROVEN_FROM_EVENT_COUNT_ALONE
2019-09-17,3,0.0005510000000000001,NOT_PROVEN_FROM_EVENT_COUNT_ALONE
2019-09-18,3,0.000589,NOT_PROVEN_FROM_EVENT_COUNT_ALONE
2019-09-19,3,0.000353,NOT_PROVEN_FROM_EVENT_COUNT_ALONE
2019-09-20,3,0.000688,NOT_PROVEN_FROM_EVENT_COUNT_ALONE
2019-09-21,3,0.00030000000000000003,NOT_PROVEN_FROM_EVENT_COUNT_ALONE
2019-09-22,3,0.00030000000000000003,NOT_PROVEN_FROM_EVENT_COUNT_ALONE
2019-09-23,3,0.00030000000000000003,NOT_PROVEN_FROM_EVENT_COUNT_ALONE
2019-09-24,3,0.00030000000000000003,NOT_PROVEN_FROM_EVENT_COUNT_ALONE
2019-09-25,3,-0.000886,NOT_PROVEN_FROM_EVENT_COUNT_ALONE
2019-09-26,3,0.00030000000000000003,NOT_PROVEN_FROM_EVENT_COUNT_ALONE
2019-09-27,3,0.00030000000000000003,NOT_PROVEN_FROM_EVENT_COUNT_ALONE
2019-09-28,3,-0.00013099999999999999,NOT_PROVEN_FROM_EVENT_COUNT_ALONE
2019-09-29,3,9.6e-05,NOT_PROVEN_FROM_EVENT_COUNT_ALONE
2019-09-30,3,-0.000267,NOT_PROVEN_FROM_EVENT_COUNT_ALONE
2019-10-01,3,-5.2000000000000004e-05,NOT_PROVEN_FROM_EVENT_COUNT_ALONE
2019-10-02,3,-0.000413,NOT_PROVEN_FROM_EVENT_COUNT_ALONE
2019-10-03,3,5.8e-05,NOT_PROVEN_FROM_EVENT_COUNT_ALONE
2019-10-04,3,-0.000116,NOT_PROVEN_FROM_EVENT_COUNT_ALONE
2019-10-05,3,-0.000189,NOT_PROVEN_FROM_EVENT_COUNT_ALONE
2019-10-06,3,0.000218,NOT_PROVEN_FROM_EVENT_COUNT_ALONE
2019-10-07,3,0.00025100000000000003,NOT_PROVEN_FROM_EVENT_COUNT_ALONE
2019-10-08,3,0.000258,NOT_PROVEN_FROM_EVENT_COUNT_ALONE
2019-10-09,3,0.00030000000000000003,NOT_PROVEN_FROM_EVENT_COUNT_ALONE
2019-10-10,3,0.00030000000000000003,NOT_PROVEN_FROM_EVENT_COUNT_ALONE
2019-10-11,3,0.00030000000000000003,NOT_PROVEN_FROM_EVENT_COUNT_ALONE
2019-10-12,3,0.000286,NOT_PROVEN_FROM_EVENT_COUNT_ALONE
2019-10-13,3,0.000292,NOT_PROVEN_FROM_EVENT_COUNT_ALONE
2019-10-14,3,0.000299,NOT_PROVEN_FROM_EVENT_COUNT_ALONE
2019-10-15,3,0.00030000000000000003,NOT_PROVEN_FROM_EVENT_COUNT_ALONE
2019-10-16,3,0.00030000000000000003,NOT_PROVEN_FROM_EVENT_COUNT_ALONE
2019-10-17,3,0.00030000000000000003,NOT_PROVEN_FROM_EVENT_COUNT_ALONE
2019-10-18,3,-9.799999999999998e-05,NOT_PROVEN_FROM_EVENT_COUNT_ALONE
2019-10-19,3,0.000283,NOT_PROVEN_FROM_EVENT_COUNT_ALONE
2019-10-20,3,0.000167,NOT_PROVEN_FROM_EVENT_COUNT_ALONE
2019-10-21,3,0.00030000000000000003,NOT_PROVEN_FROM_EVENT_COUNT_ALONE
2019-10-22,3,0.00030000000000000003,NOT_PROVEN_FROM_EVENT_COUNT_ALONE
2019-10-23,3,9.900000000000001e-05,NOT_PROVEN_FROM_EVENT_COUNT_ALONE
2019-10-24,3,-0.001207,NOT_PROVEN_FROM_EVENT_COUNT_ALONE
2019-10-25,3,-0.00031999999999999997,NOT_PROVEN_FROM_EVENT_COUNT_ALONE
2019-10-26,3,0.000509,NOT_PROVEN_FROM_EVENT_COUNT_ALONE
2019-10-27,3,0.00030000000000000003,NOT_PROVEN_FROM_EVENT_COUNT_ALONE
2019-10-28,3,0.000553,NOT_PROVEN_FROM_EVENT_COUNT_ALONE
2019-10-29,3,0.000875,NOT_PROVEN_FROM_EVENT_COUNT_ALONE
2019-10-30,3,0.00030000000000000003,NOT_PROVEN_FROM_EVENT_COUNT_ALONE
2019-10-31,3,0.00030000000000000003,NOT_PROVEN_FROM_EVENT_COUNT_ALONE
2019-11-01,3,0.00030000000000000003,NOT_PROVEN_FROM_EVENT_COUNT_ALONE
2019-11-02,3,0.00030000000000000003,NOT_PROVEN_FROM_EVENT_COUNT_ALONE
2019-11-03,3,0.00030000000000000003,NOT_PROVEN_FROM_EVENT_COUNT_ALONE
2019-11-04,3,0.000393,NOT_PROVEN_FROM_EVENT_COUNT_ALONE
2019-11-05,3,0.000697,NOT_PROVEN_FROM_EVENT_COUNT_ALONE
2019-11-06,3,0.000672,NOT_PROVEN_FROM_EVENT_COUNT_ALONE
2019-11-07,3,0.000542,NOT_PROVEN_FROM_EVENT_COUNT_ALONE
2019-11-08,3,0.000469,NOT_PROVEN_FROM_EVENT_COUNT_ALONE
2019-11-09,3,0.00030000000000000003,NOT_PROVEN_FROM_EVENT_COUNT_ALONE
2019-11-10,3,0.00030000000000000003,NOT_PROVEN_FROM_EVENT_COUNT_ALONE
2019-11-11,3,0.00030000000000000003,NOT_PROVEN_FROM_EVENT_COUNT_ALONE
2019-11-12,3,0.00030000000000000003,NOT_PROVEN_FROM_EVENT_COUNT_ALONE
2019-11-13,3,0.000312,NOT_PROVEN_FROM_EVENT_COUNT_ALONE
2019-11-14,3,0.00030000000000000003,NOT_PROVEN_FROM_EVENT_COUNT_ALONE
2019-11-15,3,0.00030000000000000003,NOT_PROVEN_FROM_EVENT_COUNT_ALONE
2019-11-16,3,0.00030000000000000003,NOT_PROVEN_FROM_EVENT_COUNT_ALONE
2019-11-17,3,0.00030000000000000003,NOT_PROVEN_FROM_EVENT_COUNT_ALONE
2019-11-18,3,0.000396,NOT_PROVEN_FROM_EVENT_COUNT_ALONE
2019-11-19,3,0.00030000000000000003,NOT_PROVEN_FROM_EVENT_COUNT_ALONE
2019-11-20,3,0.00030000000000000003,NOT_PROVEN_FROM_EVENT_COUNT_ALONE
2019-11-21,3,0.00030000000000000003,NOT_PROVEN_FROM_EVENT_COUNT_ALONE
2019-11-22,3,0.000171,NOT_PROVEN_FROM_EVENT_COUNT_ALONE
2019-11-23,3,-0.0006169999999999999,NOT_PROVEN_FROM_EVENT_COUNT_ALONE
2019-11-24,3,-6.6e-05,NOT_PROVEN_FROM_EVENT_COUNT_ALONE
2019-11-25,3,-6.699999999999998e-05,NOT_PROVEN_FROM_EVENT_COUNT_ALONE
2019-11-26,3,-0.000294,NOT_PROVEN_FROM_EVENT_COUNT_ALONE
2019-11-27,3,-0.00010900000000000002,NOT_PROVEN_FROM_EVENT_COUNT_ALONE
2019-11-28,3,0.000132,NOT_PROVEN_FROM_EVENT_COUNT_ALONE
2019-11-29,3,-0.000252,NOT_PROVEN_FROM_EVENT_COUNT_ALONE
2019-11-30,3,5.6000000000000006e-05,NOT_PROVEN_FROM_EVENT_COUNT_ALONE
2019-12-01,3,-4.0999999999999994e-05,NOT_PROVEN_FROM_EVENT_COUNT_ALONE
2019-12-02,3,0.000254,NOT_PROVEN_FROM_EVENT_COUNT_ALONE
2019-12-03,3,0.000142,NOT_PROVEN_FROM_EVENT_COUNT_ALONE
2019-12-04,3,-3.0000000000000004e-05,NOT_PROVEN_FROM_EVENT_COUNT_ALONE
2019-12-05,3,-0.000463,NOT_PROVEN_FROM_EVENT_COUNT_ALONE
2019-12-06,3,0.000258,NOT_PROVEN_FROM_EVENT_COUNT_ALONE
2019-12-07,3,0.000295,NOT_PROVEN_FROM_EVENT_COUNT_ALONE
2019-12-08,3,0.000184,NOT_PROVEN_FROM_EVENT_COUNT_ALONE
2019-12-09,3,0.000297,NOT_PROVEN_FROM_EVENT_COUNT_ALONE
2019-12-10,3,0.00030000000000000003,NOT_PROVEN_FROM_EVENT_COUNT_ALONE
2019-12-11,3,0.000193,NOT_PROVEN_FROM_EVENT_COUNT_ALONE
2019-12-12,3,5.3e-05,NOT_PROVEN_FROM_EVENT_COUNT_ALONE
2019-12-13,3,0.000293,NOT_PROVEN_FROM_EVENT_COUNT_ALONE
2019-12-14,3,-0.00010300000000000001,NOT_PROVEN_FROM_EVENT_COUNT_ALONE
2019-12-15,3,-0.000266,NOT_PROVEN_FROM_EVENT_COUNT_ALONE
2019-12-16,3,0.00029,NOT_PROVEN_FROM_EVENT_COUNT_ALONE
2019-12-17,3,2.9000000000000004e-05,NOT_PROVEN_FROM_EVENT_COUNT_ALONE
2019-12-18,3,-0.000477,NOT_PROVEN_FROM_EVENT_COUNT_ALONE
2019-12-19,3,-0.00019400000000000003,NOT_PROVEN_FROM_EVENT_COUNT_ALONE
2019-12-20,3,4.100000000000002e-05,NOT_PROVEN_FROM_EVENT_COUNT_ALONE
2019-12-21,3,-1.3000000000000001e-05,NOT_PROVEN_FROM_EVENT_COUNT_ALONE
2019-12-22,3,0.000295,NOT_PROVEN_FROM_EVENT_COUNT_ALONE
2019-12-23,3,0.00030000000000000003,NOT_PROVEN_FROM_EVENT_COUNT_ALONE
2019-12-24,3,0.00030000000000000003,NOT_PROVEN_FROM_EVENT_COUNT_ALONE
2019-12-25,3,0.00030000000000000003,NOT_PROVEN_FROM_EVENT_COUNT_ALONE
2019-12-26,3,0.00030000000000000003,NOT_PROVEN_FROM_EVENT_COUNT_ALONE
2019-12-27,3,0.00030000000000000003,NOT_PROVEN_FROM_EVENT_COUNT_ALONE
2019-12-28,3,0.00030000000000000003,NOT_PROVEN_FROM_EVENT_COUNT_ALONE
2019-12-29,3,0.00030000000000000003,NOT_PROVEN_FROM_EVENT_COUNT_ALONE
2019-12-30,3,0.00030000000000000003,NOT_PROVEN_FROM_EVENT_COUNT_ALONE
2019-12-31,3,0.00030000000000000003,NOT_PROVEN_FROM_EVENT_COUNT_ALONE
2020-01-01,3,0.00030000000000000003,NOT_PROVEN_FROM_EVENT_COUNT_ALONE
2020-01-02,3,0.00030000000000000003,NOT_PROVEN_FROM_EVENT_COUNT_ALONE
2020-01-03,3,0.0001,NOT_PROVEN_FROM_EVENT_COUNT_ALONE
2020-01-04,3,0.00030000000000000003,NOT_PROVEN_FROM_EVENT_COUNT_ALONE
2020-01-05,3,0.00030000000000000003,NOT_PROVEN_FROM_EVENT_COUNT_ALONE
2020-01-06,3,0.00030000000000000003,NOT_PROVEN_FROM_EVENT_COUNT_ALONE
2020-01-07,3,0.00030000000000000003,NOT_PROVEN_FROM_EVENT_COUNT_ALONE
2020-01-08,3,0.00030000000000000003,NOT_PROVEN_FROM_EVENT_COUNT_ALONE
2020-01-09,3,0.00030000000000000003,NOT_PROVEN_FROM_EVENT_COUNT_ALONE
2020-01-10,3,0.00030000000000000003,NOT_PROVEN_FROM_EVENT_COUNT_ALONE
2020-01-11,3,0.00030000000000000003,NOT_PROVEN_FROM_EVENT_COUNT_ALONE
2020-01-12,3,0.00030000000000000003,NOT_PROVEN_FROM_EVENT_COUNT_ALONE
2020-01-13,3,0.00030000000000000003,NOT_PROVEN_FROM_EVENT_COUNT_ALONE
2020-01-14,3,0.00048300000000000003,NOT_PROVEN_FROM_EVENT_COUNT_ALONE
2020-01-15,3,0.000768,NOT_PROVEN_FROM_EVENT_COUNT_ALONE
2020-01-16,3,0.000522,NOT_PROVEN_FROM_EVENT_COUNT_ALONE
2020-01-17,3,0.001029,NOT_PROVEN_FROM_EVENT_COUNT_ALONE
2020-01-18,3,0.000519,NOT_PROVEN_FROM_EVENT_COUNT_ALONE
2020-01-19,3,0.000395,NOT_PROVEN_FROM_EVENT_COUNT_ALONE
2020-01-20,3,0.00030000000000000003,NOT_PROVEN_FROM_EVENT_COUNT_ALONE
2020-01-21,3,0.000415,NOT_PROVEN_FROM_EVENT_COUNT_ALONE
2020-01-22,3,0.000522,NOT_PROVEN_FROM_EVENT_COUNT_ALONE
2020-01-23,3,0.00030000000000000003,NOT_PROVEN_FROM_EVENT_COUNT_ALONE
2020-01-24,3,0.000541,NOT_PROVEN_FROM_EVENT_COUNT_ALONE
2020-01-25,3,0.00030000000000000003,NOT_PROVEN_FROM_EVENT_COUNT_ALONE
2020-01-26,3,0.00030000000000000003,NOT_PROVEN_FROM_EVENT_COUNT_ALONE
2020-01-27,3,0.00030000000000000003,NOT_PROVEN_FROM_EVENT_COUNT_ALONE
2020-01-28,3,0.001134,NOT_PROVEN_FROM_EVENT_COUNT_ALONE
2020-01-29,3,0.001511,NOT_PROVEN_FROM_EVENT_COUNT_ALONE
2020-01-30,3,0.001486,NOT_PROVEN_FROM_EVENT_COUNT_ALONE
2020-01-31,3,0.001055,NOT_PROVEN_FROM_EVENT_COUNT_ALONE
2020-02-01,3,0.00048300000000000003,NOT_PROVEN_FROM_EVENT_COUNT_ALONE
2020-02-02,3,0.0005639999999999999,NOT_PROVEN_FROM_EVENT_COUNT_ALONE
2020-02-03,3,0.000755,NOT_PROVEN_FROM_EVENT_COUNT_ALONE
2020-02-04,3,0.000312,NOT_PROVEN_FROM_EVENT_COUNT_ALONE
2020-02-05,3,0.0006929999999999999,NOT_PROVEN_FROM_EVENT_COUNT_ALONE
2020-02-06,3,0.002443,NOT_PROVEN_FROM_EVENT_COUNT_ALONE
2020-02-07,3,0.001548,NOT_PROVEN_FROM_EVENT_COUNT_ALONE
2020-02-08,3,0.000824,NOT_PROVEN_FROM_EVENT_COUNT_ALONE
2020-02-09,3,0.001367,NOT_PROVEN_FROM_EVENT_COUNT_ALONE
2020-02-10,3,0.001898,NOT_PROVEN_FROM_EVENT_COUNT_ALONE
2020-02-11,3,0.001047,NOT_PROVEN_FROM_EVENT_COUNT_ALONE
2020-02-12,3,0.002271,NOT_PROVEN_FROM_EVENT_COUNT_ALONE
2020-02-13,3,0.001859,NOT_PROVEN_FROM_EVENT_COUNT_ALONE
2020-02-14,3,0.001631,NOT_PROVEN_FROM_EVENT_COUNT_ALONE
2020-02-15,3,0.000612,NOT_PROVEN_FROM_EVENT_COUNT_ALONE
2020-02-16,3,0.00030000000000000003,NOT_PROVEN_FROM_EVENT_COUNT_ALONE
2020-02-17,3,0.001125,NOT_PROVEN_FROM_EVENT_COUNT_ALONE
2020-02-18,3,0.000612,NOT_PROVEN_FROM_EVENT_COUNT_ALONE
2020-02-19,3,0.00138,NOT_PROVEN_FROM_EVENT_COUNT_ALONE
2020-02-20,3,0.000426,NOT_PROVEN_FROM_EVENT_COUNT_ALONE
2020-02-21,3,0.00030000000000000003,NOT_PROVEN_FROM_EVENT_COUNT_ALONE
2020-02-22,3,0.00030000000000000003,NOT_PROVEN_FROM_EVENT_COUNT_ALONE
2020-02-23,3,0.00030000000000000003,NOT_PROVEN_FROM_EVENT_COUNT_ALONE
2020-02-24,3,0.00030000000000000003,NOT_PROVEN_FROM_EVENT_COUNT_ALONE
2020-02-25,3,0.000371,NOT_PROVEN_FROM_EVENT_COUNT_ALONE
2020-02-26,3,0.00151,NOT_PROVEN_FROM_EVENT_COUNT_ALONE
2020-02-27,3,0.00032,NOT_PROVEN_FROM_EVENT_COUNT_ALONE
2020-02-28,3,0.00030000000000000003,NOT_PROVEN_FROM_EVENT_COUNT_ALONE
2020-02-29,3,0.000438,NOT_PROVEN_FROM_EVENT_COUNT_ALONE
2020-03-01,3,0.00030000000000000003,NOT_PROVEN_FROM_EVENT_COUNT_ALONE
2020-03-02,3,0.0006090000000000001,NOT_PROVEN_FROM_EVENT_COUNT_ALONE
2020-03-03,3,0.00030000000000000003,NOT_PROVEN_FROM_EVENT_COUNT_ALONE
2020-03-04,3,0.00030000000000000003,NOT_PROVEN_FROM_EVENT_COUNT_ALONE
2020-03-05,3,0.00030000000000000003,NOT_PROVEN_FROM_EVENT_COUNT_ALONE
2020-03-06,3,0.00030000000000000003,NOT_PROVEN_FROM_EVENT_COUNT_ALONE
2020-03-07,3,0.00030000000000000003,NOT_PROVEN_FROM_EVENT_COUNT_ALONE
2020-03-08,3,0.00030000000000000003,NOT_PROVEN_FROM_EVENT_COUNT_ALONE
2020-03-09,3,0.00030000000000000003,NOT_PROVEN_FROM_EVENT_COUNT_ALONE
2020-03-10,3,0.000156,NOT_PROVEN_FROM_EVENT_COUNT_ALONE
2020-03-11,3,0.000253,NOT_PROVEN_FROM_EVENT_COUNT_ALONE
2020-03-12,3,-0.001491,NOT_PROVEN_FROM_EVENT_COUNT_ALONE
2020-03-13,3,-0.01125,NOT_PROVEN_FROM_EVENT_COUNT_ALONE
2020-03-14,3,-0.01125,NOT_PROVEN_FROM_EVENT_COUNT_ALONE
2020-03-15,3,-0.0038380000000000003,NOT_PROVEN_FROM_EVENT_COUNT_ALONE
2020-03-16,3,-0.002952,NOT_PROVEN_FROM_EVENT_COUNT_ALONE
2020-03-17,3,-0.004439,NOT_PROVEN_FROM_EVENT_COUNT_ALONE
2020-03-18,3,-0.0021910000000000002,NOT_PROVEN_FROM_EVENT_COUNT_ALONE
2020-03-19,3,-0.001181,NOT_PROVEN_FROM_EVENT_COUNT_ALONE
2020-03-20,3,-0.0013080000000000001,NOT_PROVEN_FROM_EVENT_COUNT_ALONE
2020-03-21,3,-0.000606,NOT_PROVEN_FROM_EVENT_COUNT_ALONE
2020-03-22,3,-0.001175,NOT_PROVEN_FROM_EVENT_COUNT_ALONE
2020-03-23,3,-0.001628,NOT_PROVEN_FROM_EVENT_COUNT_ALONE
2020-03-24,3,-0.00010800000000000001,NOT_PROVEN_FROM_EVENT_COUNT_ALONE
2020-03-25,3,-0.000842,NOT_PROVEN_FROM_EVENT_COUNT_ALONE
2020-03-26,3,-0.0005430000000000001,NOT_PROVEN_FROM_EVENT_COUNT_ALONE
2020-03-27,3,-0.000901,NOT_PROVEN_FROM_EVENT_COUNT_ALONE
2020-03-28,3,-0.001463,NOT_PROVEN_FROM_EVENT_COUNT_ALONE
2020-03-29,3,-0.000784,NOT_PROVEN_FROM_EVENT_COUNT_ALONE
2020-03-30,3,-0.001269,NOT_PROVEN_FROM_EVENT_COUNT_ALONE
2020-03-31,3,-7.000000000000001e-05,NOT_PROVEN_FROM_EVENT_COUNT_ALONE
2020-04-01,3,-0.001204,NOT_PROVEN_FROM_EVENT_COUNT_ALONE
2020-04-02,3,-0.00033200000000000005,NOT_PROVEN_FROM_EVENT_COUNT_ALONE
2020-04-03,3,-0.000496,NOT_PROVEN_FROM_EVENT_COUNT_ALONE
2020-04-04,3,-0.001002,NOT_PROVEN_FROM_EVENT_COUNT_ALONE
2020-04-05,3,4.9e-05,NOT_PROVEN_FROM_EVENT_COUNT_ALONE
2020-04-06,3,0.00020700000000000002,NOT_PROVEN_FROM_EVENT_COUNT_ALONE
2020-04-07,3,0.000142,NOT_PROVEN_FROM_EVENT_COUNT_ALONE
2020-04-08,3,-1.4000000000000001e-05,NOT_PROVEN_FROM_EVENT_COUNT_ALONE
2020-04-09,3,-0.000398,NOT_PROVEN_FROM_EVENT_COUNT_ALONE
2020-04-10,3,-0.001163,NOT_PROVEN_FROM_EVENT_COUNT_ALONE
2020-04-11,3,-0.001069,NOT_PROVEN_FROM_EVENT_COUNT_ALONE
2020-04-12,3,-0.000662,NOT_PROVEN_FROM_EVENT_COUNT_ALONE
2020-04-13,3,-0.0016599999999999998,NOT_PROVEN_FROM_EVENT_COUNT_ALONE
2020-04-14,3,-0.000456,NOT_PROVEN_FROM_EVENT_COUNT_ALONE
2020-04-15,3,-0.000707,NOT_PROVEN_FROM_EVENT_COUNT_ALONE
2020-04-16,3,-0.0008190000000000001,NOT_PROVEN_FROM_EVENT_COUNT_ALONE
2020-04-17,3,0.000283,NOT_PROVEN_FROM_EVENT_COUNT_ALONE
2020-04-18,3,-0.00011,NOT_PROVEN_FROM_EVENT_COUNT_ALONE
2020-04-19,3,-5.4e-05,NOT_PROVEN_FROM_EVENT_COUNT_ALONE
2020-04-20,3,0.00017,NOT_PROVEN_FROM_EVENT_COUNT_ALONE
2020-04-21,3,-0.001451,NOT_PROVEN_FROM_EVENT_COUNT_ALONE
2020-04-22,3,-0.000537,NOT_PROVEN_FROM_EVENT_COUNT_ALONE
2020-04-23,3,8.400000000000001e-05,NOT_PROVEN_FROM_EVENT_COUNT_ALONE
2020-04-24,3,0.00030000000000000003,NOT_PROVEN_FROM_EVENT_COUNT_ALONE
2020-04-25,3,0.00027100000000000003,NOT_PROVEN_FROM_EVENT_COUNT_ALONE
2020-04-26,3,-0.000199,NOT_PROVEN_FROM_EVENT_COUNT_ALONE
2020-04-27,3,-0.00011599999999999999,NOT_PROVEN_FROM_EVENT_COUNT_ALONE
2020-04-28,3,3.500000000000001e-05,NOT_PROVEN_FROM_EVENT_COUNT_ALONE
2020-04-29,3,-0.000112,NOT_PROVEN_FROM_EVENT_COUNT_ALONE
2020-04-30,3,0.00030000000000000003,NOT_PROVEN_FROM_EVENT_COUNT_ALONE
2020-05-01,3,0.00030000000000000003,NOT_PROVEN_FROM_EVENT_COUNT_ALONE
2020-05-02,3,0.00030000000000000003,NOT_PROVEN_FROM_EVENT_COUNT_ALONE
2020-05-03,3,0.00030000000000000003,NOT_PROVEN_FROM_EVENT_COUNT_ALONE
2020-05-04,3,-3.7e-05,NOT_PROVEN_FROM_EVENT_COUNT_ALONE
2020-05-05,3,0.00030000000000000003,NOT_PROVEN_FROM_EVENT_COUNT_ALONE
2020-05-06,3,0.000239,NOT_PROVEN_FROM_EVENT_COUNT_ALONE
2020-05-07,3,0.00030000000000000003,NOT_PROVEN_FROM_EVENT_COUNT_ALONE
2020-05-08,3,0.00030000000000000003,NOT_PROVEN_FROM_EVENT_COUNT_ALONE
2020-05-09,3,0.00030000000000000003,NOT_PROVEN_FROM_EVENT_COUNT_ALONE
2020-05-10,3,-0.000683,NOT_PROVEN_FROM_EVENT_COUNT_ALONE
2020-05-11,3,0.000274,NOT_PROVEN_FROM_EVENT_COUNT_ALONE
2020-05-12,3,-0.000446,NOT_PROVEN_FROM_EVENT_COUNT_ALONE
2020-05-13,3,0.000132,NOT_PROVEN_FROM_EVENT_COUNT_ALONE
2020-05-14,3,0.000285,NOT_PROVEN_FROM_EVENT_COUNT_ALONE
2020-05-15,3,0.00030000000000000003,NOT_PROVEN_FROM_EVENT_COUNT_ALONE
2020-05-16,3,0.00030000000000000003,NOT_PROVEN_FROM_EVENT_COUNT_ALONE
2020-05-17,3,0.00030000000000000003,NOT_PROVEN_FROM_EVENT_COUNT_ALONE
2020-05-18,3,0.000505,NOT_PROVEN_FROM_EVENT_COUNT_ALONE
2020-05-19,3,0.00030000000000000003,NOT_PROVEN_FROM_EVENT_COUNT_ALONE
2020-05-20,3,0.00030000000000000003,NOT_PROVEN_FROM_EVENT_COUNT_ALONE
2020-05-21,3,0.00022600000000000002,NOT_PROVEN_FROM_EVENT_COUNT_ALONE
2020-05-22,3,0.00023300000000000003,NOT_PROVEN_FROM_EVENT_COUNT_ALONE
2020-05-23,3,-4.500000000000001e-05,NOT_PROVEN_FROM_EVENT_COUNT_ALONE
2020-05-24,3,0.00021600000000000002,NOT_PROVEN_FROM_EVENT_COUNT_ALONE
2020-05-25,3,-0.000339,NOT_PROVEN_FROM_EVENT_COUNT_ALONE
2020-05-26,3,0.00012000000000000002,NOT_PROVEN_FROM_EVENT_COUNT_ALONE
2020-05-27,3,3.9e-05,NOT_PROVEN_FROM_EVENT_COUNT_ALONE
2020-05-28,3,0.00030000000000000003,NOT_PROVEN_FROM_EVENT_COUNT_ALONE
2020-05-29,3,0.00030000000000000003,NOT_PROVEN_FROM_EVENT_COUNT_ALONE
2020-05-30,3,0.00030000000000000003,NOT_PROVEN_FROM_EVENT_COUNT_ALONE
2020-05-31,3,0.00030000000000000003,NOT_PROVEN_FROM_EVENT_COUNT_ALONE
2020-06-01,3,0.00030000000000000003,NOT_PROVEN_FROM_EVENT_COUNT_ALONE
2020-06-02,3,0.002612,NOT_PROVEN_FROM_EVENT_COUNT_ALONE
2020-06-03,3,0.00030000000000000003,NOT_PROVEN_FROM_EVENT_COUNT_ALONE
2020-06-04,3,0.00030000000000000003,NOT_PROVEN_FROM_EVENT_COUNT_ALONE
2020-06-05,3,0.00030000000000000003,NOT_PROVEN_FROM_EVENT_COUNT_ALONE
2020-06-06,3,0.00030000000000000003,NOT_PROVEN_FROM_EVENT_COUNT_ALONE
2020-06-07,3,0.00030000000000000003,NOT_PROVEN_FROM_EVENT_COUNT_ALONE
2020-06-08,3,2.000000000000008e-06,NOT_PROVEN_FROM_EVENT_COUNT_ALONE
2020-06-09,3,0.00030000000000000003,NOT_PROVEN_FROM_EVENT_COUNT_ALONE
2020-06-10,3,0.00030000000000000003,NOT_PROVEN_FROM_EVENT_COUNT_ALONE
2020-06-11,3,0.00030000000000000003,NOT_PROVEN_FROM_EVENT_COUNT_ALONE
2020-06-12,3,-0.000127,NOT_PROVEN_FROM_EVENT_COUNT_ALONE
2020-06-13,3,0.00030000000000000003,NOT_PROVEN_FROM_EVENT_COUNT_ALONE
2020-06-14,3,9.600000000000002e-05,NOT_PROVEN_FROM_EVENT_COUNT_ALONE
2020-06-15,3,0.000174,NOT_PROVEN_FROM_EVENT_COUNT_ALONE
2020-06-16,3,0.000265,NOT_PROVEN_FROM_EVENT_COUNT_ALONE
2020-06-17,3,0.000298,NOT_PROVEN_FROM_EVENT_COUNT_ALONE
2020-06-18,3,0.00030000000000000003,NOT_PROVEN_FROM_EVENT_COUNT_ALONE
2020-06-19,3,0.00030000000000000003,NOT_PROVEN_FROM_EVENT_COUNT_ALONE
2020-06-20,3,0.00030000000000000003,NOT_PROVEN_FROM_EVENT_COUNT_ALONE
2020-06-21,3,0.00030000000000000003,NOT_PROVEN_FROM_EVENT_COUNT_ALONE
2020-06-22,3,0.00030000000000000003,NOT_PROVEN_FROM_EVENT_COUNT_ALONE
2020-06-23,3,0.00037,NOT_PROVEN_FROM_EVENT_COUNT_ALONE
2020-06-24,3,0.00030000000000000003,NOT_PROVEN_FROM_EVENT_COUNT_ALONE
2020-06-25,3,0.000277,NOT_PROVEN_FROM_EVENT_COUNT_ALONE
2020-06-26,3,0.00030000000000000003,NOT_PROVEN_FROM_EVENT_COUNT_ALONE
2020-06-27,3,0.00030000000000000003,NOT_PROVEN_FROM_EVENT_COUNT_ALONE
2020-06-28,3,1.000000000000001e-05,NOT_PROVEN_FROM_EVENT_COUNT_ALONE
2020-06-29,3,0.000297,NOT_PROVEN_FROM_EVENT_COUNT_ALONE
2020-06-30,3,0.00030000000000000003,NOT_PROVEN_FROM_EVENT_COUNT_ALONE
2020-07-01,3,9.5e-05,NOT_PROVEN_FROM_EVENT_COUNT_ALONE
2020-07-02,3,0.00030000000000000003,NOT_PROVEN_FROM_EVENT_COUNT_ALONE
2020-07-03,3,8.900000000000001e-05,NOT_PROVEN_FROM_EVENT_COUNT_ALONE
2020-07-04,3,0.000137,NOT_PROVEN_FROM_EVENT_COUNT_ALONE
2020-07-05,3,0.000124,NOT_PROVEN_FROM_EVENT_COUNT_ALONE
2020-07-06,3,0.00025,NOT_PROVEN_FROM_EVENT_COUNT_ALONE
2020-07-07,3,0.00030000000000000003,NOT_PROVEN_FROM_EVENT_COUNT_ALONE
2020-07-08,3,0.00030000000000000003,NOT_PROVEN_FROM_EVENT_COUNT_ALONE
2020-07-09,3,0.00030000000000000003,NOT_PROVEN_FROM_EVENT_COUNT_ALONE
2020-07-10,3,0.00030000000000000003,NOT_PROVEN_FROM_EVENT_COUNT_ALONE
2020-07-11,3,0.00030000000000000003,NOT_PROVEN_FROM_EVENT_COUNT_ALONE
2020-07-12,3,0.00030000000000000003,NOT_PROVEN_FROM_EVENT_COUNT_ALONE
2020-07-13,3,0.00030000000000000003,NOT_PROVEN_FROM_EVENT_COUNT_ALONE
2020-07-14,3,0.00030000000000000003,NOT_PROVEN_FROM_EVENT_COUNT_ALONE
2020-07-15,3,0.00030000000000000003,NOT_PROVEN_FROM_EVENT_COUNT_ALONE
2020-07-16,3,0.00030000000000000003,NOT_PROVEN_FROM_EVENT_COUNT_ALONE
2020-07-17,3,0.00030000000000000003,NOT_PROVEN_FROM_EVENT_COUNT_ALONE
2020-07-18,3,0.000221,NOT_PROVEN_FROM_EVENT_COUNT_ALONE
2020-07-19,3,0.00030000000000000003,NOT_PROVEN_FROM_EVENT_COUNT_ALONE
2020-07-20,3,0.00030000000000000003,NOT_PROVEN_FROM_EVENT_COUNT_ALONE
2020-07-21,3,0.00030000000000000003,NOT_PROVEN_FROM_EVENT_COUNT_ALONE
2020-07-22,3,0.00030000000000000003,NOT_PROVEN_FROM_EVENT_COUNT_ALONE
2020-07-23,3,0.00030000000000000003,NOT_PROVEN_FROM_EVENT_COUNT_ALONE
2020-07-24,3,0.00030000000000000003,NOT_PROVEN_FROM_EVENT_COUNT_ALONE
2020-07-25,3,0.00030000000000000003,NOT_PROVEN_FROM_EVENT_COUNT_ALONE
2020-07-26,3,0.000745,NOT_PROVEN_FROM_EVENT_COUNT_ALONE
2020-07-27,3,0.0013650000000000001,NOT_PROVEN_FROM_EVENT_COUNT_ALONE
2020-07-28,3,0.001893,NOT_PROVEN_FROM_EVENT_COUNT_ALONE
2020-07-29,3,0.001745,NOT_PROVEN_FROM_EVENT_COUNT_ALONE
2020-07-30,3,0.000904,NOT_PROVEN_FROM_EVENT_COUNT_ALONE
2020-07-31,3,0.001115,NOT_PROVEN_FROM_EVENT_COUNT_ALONE
2020-08-01,3,0.00112,NOT_PROVEN_FROM_EVENT_COUNT_ALONE
2020-08-02,3,0.0009509999999999999,NOT_PROVEN_FROM_EVENT_COUNT_ALONE
2020-08-03,3,0.000445,NOT_PROVEN_FROM_EVENT_COUNT_ALONE
2020-08-04,3,0.000434,NOT_PROVEN_FROM_EVENT_COUNT_ALONE
2020-08-05,3,0.00030000000000000003,NOT_PROVEN_FROM_EVENT_COUNT_ALONE
2020-08-06,3,0.00030000000000000003,NOT_PROVEN_FROM_EVENT_COUNT_ALONE
2020-08-07,3,0.00030000000000000003,NOT_PROVEN_FROM_EVENT_COUNT_ALONE
2020-08-08,3,0.00016900000000000002,NOT_PROVEN_FROM_EVENT_COUNT_ALONE
2020-08-09,3,0.00030000000000000003,NOT_PROVEN_FROM_EVENT_COUNT_ALONE
2020-08-10,3,0.000657,NOT_PROVEN_FROM_EVENT_COUNT_ALONE
2020-08-11,3,0.00030000000000000003,NOT_PROVEN_FROM_EVENT_COUNT_ALONE
2020-08-12,3,0.00030000000000000003,NOT_PROVEN_FROM_EVENT_COUNT_ALONE
2020-08-13,3,0.00030000000000000003,NOT_PROVEN_FROM_EVENT_COUNT_ALONE
2020-08-14,3,0.0005780000000000001,NOT_PROVEN_FROM_EVENT_COUNT_ALONE
2020-08-15,3,0.000669,NOT_PROVEN_FROM_EVENT_COUNT_ALONE
2020-08-16,3,0.000719,NOT_PROVEN_FROM_EVENT_COUNT_ALONE
2020-08-17,3,0.000784,NOT_PROVEN_FROM_EVENT_COUNT_ALONE
2020-08-18,3,0.001728,NOT_PROVEN_FROM_EVENT_COUNT_ALONE
2020-08-19,3,0.00030000000000000003,NOT_PROVEN_FROM_EVENT_COUNT_ALONE
2020-08-20,3,0.00030000000000000003,NOT_PROVEN_FROM_EVENT_COUNT_ALONE
2020-08-21,3,0.00030000000000000003,NOT_PROVEN_FROM_EVENT_COUNT_ALONE
2020-08-22,3,0.000304,NOT_PROVEN_FROM_EVENT_COUNT_ALONE
2020-08-23,3,0.00030000000000000003,NOT_PROVEN_FROM_EVENT_COUNT_ALONE
2020-08-24,3,0.00030000000000000003,NOT_PROVEN_FROM_EVENT_COUNT_ALONE
2020-08-25,3,0.00030000000000000003,NOT_PROVEN_FROM_EVENT_COUNT_ALONE
2020-08-26,3,0.000191,NOT_PROVEN_FROM_EVENT_COUNT_ALONE
2020-08-27,3,0.00030000000000000003,NOT_PROVEN_FROM_EVENT_COUNT_ALONE
2020-08-28,3,0.00030000000000000003,NOT_PROVEN_FROM_EVENT_COUNT_ALONE
2020-08-29,3,0.00030000000000000003,NOT_PROVEN_FROM_EVENT_COUNT_ALONE
2020-08-30,3,0.00030000000000000003,NOT_PROVEN_FROM_EVENT_COUNT_ALONE
2020-08-31,3,0.00030000000000000003,NOT_PROVEN_FROM_EVENT_COUNT_ALONE
2020-09-01,3,0.00045300000000000006,NOT_PROVEN_FROM_EVENT_COUNT_ALONE
2020-09-02,3,0.000527,NOT_PROVEN_FROM_EVENT_COUNT_ALONE
2020-09-03,3,0.00030000000000000003,NOT_PROVEN_FROM_EVENT_COUNT_ALONE
2020-09-04,3,-0.0005690000000000001,NOT_PROVEN_FROM_EVENT_COUNT_ALONE
2020-09-05,3,0.000106,NOT_PROVEN_FROM_EVENT_COUNT_ALONE
2020-09-06,3,9.700000000000001e-05,NOT_PROVEN_FROM_EVENT_COUNT_ALONE
2020-09-07,3,-2.9999999999999997e-05,NOT_PROVEN_FROM_EVENT_COUNT_ALONE
2020-09-08,3,0.00030000000000000003,NOT_PROVEN_FROM_EVENT_COUNT_ALONE
2020-09-09,3,5.9e-05,NOT_PROVEN_FROM_EVENT_COUNT_ALONE
2020-09-10,3,0.00030000000000000003,NOT_PROVEN_FROM_EVENT_COUNT_ALONE
2020-09-11,3,3e-05,NOT_PROVEN_FROM_EVENT_COUNT_ALONE
2020-09-12,3,0.000288,NOT_PROVEN_FROM_EVENT_COUNT_ALONE
2020-09-13,3,0.00021,NOT_PROVEN_FROM_EVENT_COUNT_ALONE
2020-09-14,3,-0.000508,NOT_PROVEN_FROM_EVENT_COUNT_ALONE
2020-09-15,3,4.600000000000001e-05,NOT_PROVEN_FROM_EVENT_COUNT_ALONE
2020-09-16,3,-1.8e-05,NOT_PROVEN_FROM_EVENT_COUNT_ALONE
2020-09-17,3,0.000283,NOT_PROVEN_FROM_EVENT_COUNT_ALONE
2020-09-18,3,0.000181,NOT_PROVEN_FROM_EVENT_COUNT_ALONE
2020-09-19,3,-4.7000000000000004e-05,NOT_PROVEN_FROM_EVENT_COUNT_ALONE
2020-09-20,3,-2.6999999999999992e-05,NOT_PROVEN_FROM_EVENT_COUNT_ALONE
2020-09-21,3,-8.999999999999997e-06,NOT_PROVEN_FROM_EVENT_COUNT_ALONE
2020-09-22,3,-0.000169,NOT_PROVEN_FROM_EVENT_COUNT_ALONE
2020-09-23,3,-0.000369,NOT_PROVEN_FROM_EVENT_COUNT_ALONE
2020-09-24,3,-6.3e-05,NOT_PROVEN_FROM_EVENT_COUNT_ALONE
2020-09-25,3,0.00030000000000000003,NOT_PROVEN_FROM_EVENT_COUNT_ALONE
2020-09-26,3,0.00021500000000000002,NOT_PROVEN_FROM_EVENT_COUNT_ALONE
2020-09-27,3,0.000213,NOT_PROVEN_FROM_EVENT_COUNT_ALONE
2020-09-28,3,0.00030000000000000003,NOT_PROVEN_FROM_EVENT_COUNT_ALONE
2020-09-29,3,0.00026000000000000003,NOT_PROVEN_FROM_EVENT_COUNT_ALONE
2020-09-30,3,0.00030000000000000003,NOT_PROVEN_FROM_EVENT_COUNT_ALONE
2020-10-01,3,7.200000000000002e-05,NOT_PROVEN_FROM_EVENT_COUNT_ALONE
2020-10-02,3,-0.000249,NOT_PROVEN_FROM_EVENT_COUNT_ALONE
2020-10-03,3,-0.000698,NOT_PROVEN_FROM_EVENT_COUNT_ALONE
2020-10-04,3,-0.000363,NOT_PROVEN_FROM_EVENT_COUNT_ALONE
2020-10-05,3,-0.000108,NOT_PROVEN_FROM_EVENT_COUNT_ALONE
2020-10-06,3,-2.499999999999999e-05,NOT_PROVEN_FROM_EVENT_COUNT_ALONE
2020-10-07,3,-0.000715,NOT_PROVEN_FROM_EVENT_COUNT_ALONE
2020-10-08,3,-0.000481,NOT_PROVEN_FROM_EVENT_COUNT_ALONE
2020-10-09,3,0.00030000000000000003,NOT_PROVEN_FROM_EVENT_COUNT_ALONE
2020-10-10,3,0.00030000000000000003,NOT_PROVEN_FROM_EVENT_COUNT_ALONE
2020-10-11,3,0.00030000000000000003,NOT_PROVEN_FROM_EVENT_COUNT_ALONE
2020-10-12,3,0.000299,NOT_PROVEN_FROM_EVENT_COUNT_ALONE
2020-10-13,3,0.00030000000000000003,NOT_PROVEN_FROM_EVENT_COUNT_ALONE
2020-10-14,3,0.00030000000000000003,NOT_PROVEN_FROM_EVENT_COUNT_ALONE
2020-10-15,3,0.00024400000000000002,NOT_PROVEN_FROM_EVENT_COUNT_ALONE
2020-10-16,3,0.000267,NOT_PROVEN_FROM_EVENT_COUNT_ALONE
2020-10-17,3,-0.000113,NOT_PROVEN_FROM_EVENT_COUNT_ALONE
2020-10-18,3,-0.000195,NOT_PROVEN_FROM_EVENT_COUNT_ALONE
2020-10-19,3,0.000147,NOT_PROVEN_FROM_EVENT_COUNT_ALONE
2020-10-20,3,0.000134,NOT_PROVEN_FROM_EVENT_COUNT_ALONE
2020-10-21,3,0.000218,NOT_PROVEN_FROM_EVENT_COUNT_ALONE
2020-10-22,3,0.00030000000000000003,NOT_PROVEN_FROM_EVENT_COUNT_ALONE
2020-10-23,3,0.000194,NOT_PROVEN_FROM_EVENT_COUNT_ALONE
2020-10-24,3,0.00030000000000000003,NOT_PROVEN_FROM_EVENT_COUNT_ALONE
2020-10-25,3,0.00030000000000000003,NOT_PROVEN_FROM_EVENT_COUNT_ALONE
2020-10-26,3,0.00030000000000000003,NOT_PROVEN_FROM_EVENT_COUNT_ALONE
2020-10-27,3,0.00030000000000000003,NOT_PROVEN_FROM_EVENT_COUNT_ALONE
2020-10-28,3,0.00030000000000000003,NOT_PROVEN_FROM_EVENT_COUNT_ALONE
2020-10-29,3,-0.000165,NOT_PROVEN_FROM_EVENT_COUNT_ALONE
2020-10-30,3,0.00022,NOT_PROVEN_FROM_EVENT_COUNT_ALONE
2020-10-31,3,0.000196,NOT_PROVEN_FROM_EVENT_COUNT_ALONE
2020-11-01,3,0.000125,NOT_PROVEN_FROM_EVENT_COUNT_ALONE
2020-11-02,3,-0.00015999999999999999,NOT_PROVEN_FROM_EVENT_COUNT_ALONE
2020-11-03,3,-1.9999999999999985e-05,NOT_PROVEN_FROM_EVENT_COUNT_ALONE
2020-11-04,3,0.0001,NOT_PROVEN_FROM_EVENT_COUNT_ALONE
2020-11-05,3,0.00030000000000000003,NOT_PROVEN_FROM_EVENT_COUNT_ALONE
2020-11-06,3,0.00030000000000000003,NOT_PROVEN_FROM_EVENT_COUNT_ALONE
2020-11-07,3,0.000432,NOT_PROVEN_FROM_EVENT_COUNT_ALONE
2020-11-08,3,0.0007779999999999999,NOT_PROVEN_FROM_EVENT_COUNT_ALONE
2020-11-09,3,0.00030000000000000003,NOT_PROVEN_FROM_EVENT_COUNT_ALONE
2020-11-10,3,0.00030000000000000003,NOT_PROVEN_FROM_EVENT_COUNT_ALONE
2020-11-11,3,0.00030000000000000003,NOT_PROVEN_FROM_EVENT_COUNT_ALONE
2020-11-12,3,0.00030000000000000003,NOT_PROVEN_FROM_EVENT_COUNT_ALONE
2020-11-13,3,0.00030000000000000003,NOT_PROVEN_FROM_EVENT_COUNT_ALONE
2020-11-14,3,0.000259,NOT_PROVEN_FROM_EVENT_COUNT_ALONE
2020-11-15,3,0.00030000000000000003,NOT_PROVEN_FROM_EVENT_COUNT_ALONE
2020-11-16,3,0.00030000000000000003,NOT_PROVEN_FROM_EVENT_COUNT_ALONE
2020-11-17,3,0.00030000000000000003,NOT_PROVEN_FROM_EVENT_COUNT_ALONE
2020-11-18,3,0.00032300000000000004,NOT_PROVEN_FROM_EVENT_COUNT_ALONE
2020-11-19,3,0.00030000000000000003,NOT_PROVEN_FROM_EVENT_COUNT_ALONE
2020-11-20,3,0.000435,NOT_PROVEN_FROM_EVENT_COUNT_ALONE
2020-11-21,3,0.00030000000000000003,NOT_PROVEN_FROM_EVENT_COUNT_ALONE
2020-11-22,3,0.000495,NOT_PROVEN_FROM_EVENT_COUNT_ALONE
2020-11-23,3,0.0012490000000000001,NOT_PROVEN_FROM_EVENT_COUNT_ALONE
2020-11-24,3,0.000951,NOT_PROVEN_FROM_EVENT_COUNT_ALONE
2020-11-25,3,0.001062,NOT_PROVEN_FROM_EVENT_COUNT_ALONE
2020-11-26,3,0.000496,NOT_PROVEN_FROM_EVENT_COUNT_ALONE
2020-11-27,3,0.000504,NOT_PROVEN_FROM_EVENT_COUNT_ALONE
2020-11-28,3,0.00030000000000000003,NOT_PROVEN_FROM_EVENT_COUNT_ALONE
2020-11-29,3,0.00030000000000000003,NOT_PROVEN_FROM_EVENT_COUNT_ALONE
2020-11-30,3,0.00030000000000000003,NOT_PROVEN_FROM_EVENT_COUNT_ALONE
2020-12-01,3,0.001996,NOT_PROVEN_FROM_EVENT_COUNT_ALONE
2020-12-02,3,0.00030000000000000003,NOT_PROVEN_FROM_EVENT_COUNT_ALONE
2020-12-03,3,0.00030000000000000003,NOT_PROVEN_FROM_EVENT_COUNT_ALONE
2020-12-04,3,0.00030000000000000003,NOT_PROVEN_FROM_EVENT_COUNT_ALONE
2020-12-05,3,0.000238,NOT_PROVEN_FROM_EVENT_COUNT_ALONE
2020-12-06,3,0.00030000000000000003,NOT_PROVEN_FROM_EVENT_COUNT_ALONE
2020-12-07,3,0.000647,NOT_PROVEN_FROM_EVENT_COUNT_ALONE
2020-12-08,3,0.00030000000000000003,NOT_PROVEN_FROM_EVENT_COUNT_ALONE
2020-12-09,3,0.00030000000000000003,NOT_PROVEN_FROM_EVENT_COUNT_ALONE
2020-12-10,3,0.00030000000000000003,NOT_PROVEN_FROM_EVENT_COUNT_ALONE
2020-12-11,3,0.00030000000000000003,NOT_PROVEN_FROM_EVENT_COUNT_ALONE
2020-12-12,3,0.00030000000000000003,NOT_PROVEN_FROM_EVENT_COUNT_ALONE
2020-12-13,3,0.00030000000000000003,NOT_PROVEN_FROM_EVENT_COUNT_ALONE
2020-12-14,3,0.00057,NOT_PROVEN_FROM_EVENT_COUNT_ALONE
2020-12-15,3,0.00030000000000000003,NOT_PROVEN_FROM_EVENT_COUNT_ALONE
2020-12-16,3,0.00030000000000000003,NOT_PROVEN_FROM_EVENT_COUNT_ALONE
2020-12-17,3,0.001705,NOT_PROVEN_FROM_EVENT_COUNT_ALONE
2020-12-18,3,0.001065,NOT_PROVEN_FROM_EVENT_COUNT_ALONE
2020-12-19,3,0.00048499999999999997,NOT_PROVEN_FROM_EVENT_COUNT_ALONE
2020-12-20,3,0.001322,NOT_PROVEN_FROM_EVENT_COUNT_ALONE
2020-12-21,3,0.00091,NOT_PROVEN_FROM_EVENT_COUNT_ALONE
2020-12-22,3,0.000343,NOT_PROVEN_FROM_EVENT_COUNT_ALONE
2020-12-23,3,0.000622,NOT_PROVEN_FROM_EVENT_COUNT_ALONE
2020-12-24,3,0.00040300000000000004,NOT_PROVEN_FROM_EVENT_COUNT_ALONE
2020-12-25,3,0.0007869999999999999,NOT_PROVEN_FROM_EVENT_COUNT_ALONE
2020-12-26,3,0.001103,NOT_PROVEN_FROM_EVENT_COUNT_ALONE
2020-12-27,3,0.002159,NOT_PROVEN_FROM_EVENT_COUNT_ALONE
2020-12-28,3,0.001567,NOT_PROVEN_FROM_EVENT_COUNT_ALONE
2020-12-29,3,0.000978,NOT_PROVEN_FROM_EVENT_COUNT_ALONE
2020-12-30,3,0.00188,NOT_PROVEN_FROM_EVENT_COUNT_ALONE
2020-12-31,3,0.000911,NOT_PROVEN_FROM_EVENT_COUNT_ALONE
2021-01-01,3,0.00030000000000000003,NOT_PROVEN_FROM_EVENT_COUNT_ALONE
2021-01-02,3,0.00030000000000000003,NOT_PROVEN_FROM_EVENT_COUNT_ALONE
2021-01-03,3,0.001993,NOT_PROVEN_FROM_EVENT_COUNT_ALONE
2021-01-04,3,0.003147,NOT_PROVEN_FROM_EVENT_COUNT_ALONE
2021-01-05,3,0.00046699999999999997,NOT_PROVEN_FROM_EVENT_COUNT_ALONE
2021-01-06,3,0.002755,NOT_PROVEN_FROM_EVENT_COUNT_ALONE
2021-01-07,3,0.001869,NOT_PROVEN_FROM_EVENT_COUNT_ALONE
2021-01-08,3,0.002663,NOT_PROVEN_FROM_EVENT_COUNT_ALONE
2021-01-09,3,0.001325,NOT_PROVEN_FROM_EVENT_COUNT_ALONE
2021-01-10,3,0.001944,NOT_PROVEN_FROM_EVENT_COUNT_ALONE
2021-01-11,3,0.00248,NOT_PROVEN_FROM_EVENT_COUNT_ALONE
2021-01-12,3,0.001328,NOT_PROVEN_FROM_EVENT_COUNT_ALONE
2021-01-13,3,0.001042,NOT_PROVEN_FROM_EVENT_COUNT_ALONE
2021-01-14,3,0.0016970000000000002,NOT_PROVEN_FROM_EVENT_COUNT_ALONE
2021-01-15,3,0.001832,NOT_PROVEN_FROM_EVENT_COUNT_ALONE
2021-01-16,3,0.00041600000000000003,NOT_PROVEN_FROM_EVENT_COUNT_ALONE
2021-01-17,3,0.00036700000000000003,NOT_PROVEN_FROM_EVENT_COUNT_ALONE
2021-01-18,3,0.000982,NOT_PROVEN_FROM_EVENT_COUNT_ALONE
2021-01-19,3,0.002387,NOT_PROVEN_FROM_EVENT_COUNT_ALONE
2021-01-20,3,0.0007790000000000001,NOT_PROVEN_FROM_EVENT_COUNT_ALONE
2021-01-21,3,0.00030000000000000003,NOT_PROVEN_FROM_EVENT_COUNT_ALONE
2021-01-22,3,1.0999999999999996e-05,NOT_PROVEN_FROM_EVENT_COUNT_ALONE
2021-01-23,3,0.00011600000000000001,NOT_PROVEN_FROM_EVENT_COUNT_ALONE
2021-01-24,3,0.00030000000000000003,NOT_PROVEN_FROM_EVENT_COUNT_ALONE
2021-01-25,3,0.00074,NOT_PROVEN_FROM_EVENT_COUNT_ALONE
2021-01-26,3,0.000624,NOT_PROVEN_FROM_EVENT_COUNT_ALONE
2021-01-27,3,-0.000163,NOT_PROVEN_FROM_EVENT_COUNT_ALONE
2021-01-28,3,3.0000000000000085e-06,NOT_PROVEN_FROM_EVENT_COUNT_ALONE
2021-01-29,3,0.0010400000000000001,NOT_PROVEN_FROM_EVENT_COUNT_ALONE
2021-01-30,3,0.0013980000000000002,NOT_PROVEN_FROM_EVENT_COUNT_ALONE
2021-01-31,3,0.00030000000000000003,NOT_PROVEN_FROM_EVENT_COUNT_ALONE
2021-02-01,3,0.00027100000000000003,NOT_PROVEN_FROM_EVENT_COUNT_ALONE
2021-02-02,3,0.000565,NOT_PROVEN_FROM_EVENT_COUNT_ALONE
2021-02-03,3,0.000987,NOT_PROVEN_FROM_EVENT_COUNT_ALONE
2021-02-04,3,0.0010559999999999999,NOT_PROVEN_FROM_EVENT_COUNT_ALONE
2021-02-05,3,0.000915,NOT_PROVEN_FROM_EVENT_COUNT_ALONE
2021-02-06,3,0.001967,NOT_PROVEN_FROM_EVENT_COUNT_ALONE
2021-02-07,3,0.0019820000000000003,NOT_PROVEN_FROM_EVENT_COUNT_ALONE
2021-02-08,3,0.000622,NOT_PROVEN_FROM_EVENT_COUNT_ALONE
2021-02-09,3,0.004602,NOT_PROVEN_FROM_EVENT_COUNT_ALONE
2021-02-10,3,0.001691,NOT_PROVEN_FROM_EVENT_COUNT_ALONE
2021-02-11,3,0.000517,NOT_PROVEN_FROM_EVENT_COUNT_ALONE
2021-02-12,3,0.002745,NOT_PROVEN_FROM_EVENT_COUNT_ALONE
2021-02-13,3,0.002007,NOT_PROVEN_FROM_EVENT_COUNT_ALONE
2021-02-14,3,0.001933,NOT_PROVEN_FROM_EVENT_COUNT_ALONE
2021-02-15,3,0.001617,NOT_PROVEN_FROM_EVENT_COUNT_ALONE
2021-02-16,3,0.003324,NOT_PROVEN_FROM_EVENT_COUNT_ALONE
2021-02-17,3,0.0034260000000000002,NOT_PROVEN_FROM_EVENT_COUNT_ALONE
2021-02-18,3,0.005028,NOT_PROVEN_FROM_EVENT_COUNT_ALONE
2021-02-19,3,0.00265,NOT_PROVEN_FROM_EVENT_COUNT_ALONE
2021-02-20,3,0.00234,NOT_PROVEN_FROM_EVENT_COUNT_ALONE
2021-02-21,3,0.001709,NOT_PROVEN_FROM_EVENT_COUNT_ALONE
2021-02-22,3,0.002996,NOT_PROVEN_FROM_EVENT_COUNT_ALONE
2021-02-23,3,0.00044899999999999996,NOT_PROVEN_FROM_EVENT_COUNT_ALONE
2021-02-24,3,0.000395,NOT_PROVEN_FROM_EVENT_COUNT_ALONE
2021-02-25,3,0.00030000000000000003,NOT_PROVEN_FROM_EVENT_COUNT_ALONE
2021-02-26,3,0.00030000000000000003,NOT_PROVEN_FROM_EVENT_COUNT_ALONE
2021-02-27,3,0.00030000000000000003,NOT_PROVEN_FROM_EVENT_COUNT_ALONE
2021-02-28,3,0.00030000000000000003,NOT_PROVEN_FROM_EVENT_COUNT_ALONE
2021-03-01,3,0.00030000000000000003,NOT_PROVEN_FROM_EVENT_COUNT_ALONE
2021-03-02,3,0.00030000000000000003,NOT_PROVEN_FROM_EVENT_COUNT_ALONE
2021-03-03,3,0.00030000000000000003,NOT_PROVEN_FROM_EVENT_COUNT_ALONE
2021-03-04,3,0.000491,NOT_PROVEN_FROM_EVENT_COUNT_ALONE
2021-03-05,3,0.00030000000000000003,NOT_PROVEN_FROM_EVENT_COUNT_ALONE
2021-03-06,3,0.00030000000000000003,NOT_PROVEN_FROM_EVENT_COUNT_ALONE
2021-03-07,3,0.000398,NOT_PROVEN_FROM_EVENT_COUNT_ALONE
2021-03-08,3,0.000894,NOT_PROVEN_FROM_EVENT_COUNT_ALONE
2021-03-09,3,0.001424,NOT_PROVEN_FROM_EVENT_COUNT_ALONE
2021-03-10,3,0.000424,NOT_PROVEN_FROM_EVENT_COUNT_ALONE
2021-03-11,3,0.0016330000000000001,NOT_PROVEN_FROM_EVENT_COUNT_ALONE
2021-03-12,3,0.001686,NOT_PROVEN_FROM_EVENT_COUNT_ALONE
2021-03-13,3,0.001369,NOT_PROVEN_FROM_EVENT_COUNT_ALONE
2021-03-14,3,0.003257,NOT_PROVEN_FROM_EVENT_COUNT_ALONE
2021-03-15,3,0.000945,NOT_PROVEN_FROM_EVENT_COUNT_ALONE
2021-03-16,3,0.00030000000000000003,NOT_PROVEN_FROM_EVENT_COUNT_ALONE
2021-03-17,3,0.00030000000000000003,NOT_PROVEN_FROM_EVENT_COUNT_ALONE
2021-03-18,3,0.001575,NOT_PROVEN_FROM_EVENT_COUNT_ALONE
2021-03-19,3,0.000628,NOT_PROVEN_FROM_EVENT_COUNT_ALONE
2021-03-20,3,0.00030000000000000003,NOT_PROVEN_FROM_EVENT_COUNT_ALONE
2021-03-21,3,0.000838,NOT_PROVEN_FROM_EVENT_COUNT_ALONE
2021-03-22,3,0.000265,NOT_PROVEN_FROM_EVENT_COUNT_ALONE
2021-03-23,3,0.000265,NOT_PROVEN_FROM_EVENT_COUNT_ALONE
2021-03-24,3,0.00030000000000000003,NOT_PROVEN_FROM_EVENT_COUNT_ALONE
2021-03-25,3,0.000652,NOT_PROVEN_FROM_EVENT_COUNT_ALONE
2021-03-26,3,0.00030000000000000003,NOT_PROVEN_FROM_EVENT_COUNT_ALONE
2021-03-27,3,0.00030000000000000003,NOT_PROVEN_FROM_EVENT_COUNT_ALONE
2021-03-28,3,0.00030000000000000003,NOT_PROVEN_FROM_EVENT_COUNT_ALONE
2021-03-29,3,0.000666,NOT_PROVEN_FROM_EVENT_COUNT_ALONE
2021-03-30,3,0.0020340000000000002,NOT_PROVEN_FROM_EVENT_COUNT_ALONE
2021-03-31,3,0.002176,NOT_PROVEN_FROM_EVENT_COUNT_ALONE
2021-04-01,3,0.002754,NOT_PROVEN_FROM_EVENT_COUNT_ALONE
2021-04-02,3,0.002806,NOT_PROVEN_FROM_EVENT_COUNT_ALONE
2021-04-03,3,0.001382,NOT_PROVEN_FROM_EVENT_COUNT_ALONE
2021-04-04,3,0.000731,NOT_PROVEN_FROM_EVENT_COUNT_ALONE
2021-04-05,3,0.000598,NOT_PROVEN_FROM_EVENT_COUNT_ALONE
2021-04-06,3,0.003325,NOT_PROVEN_FROM_EVENT_COUNT_ALONE
2021-04-07,3,0.000504,NOT_PROVEN_FROM_EVENT_COUNT_ALONE
2021-04-08,3,0.00030000000000000003,NOT_PROVEN_FROM_EVENT_COUNT_ALONE
2021-04-09,3,0.000648,NOT_PROVEN_FROM_EVENT_COUNT_ALONE
2021-04-10,3,0.003643,NOT_PROVEN_FROM_EVENT_COUNT_ALONE
2021-04-11,3,0.00273,NOT_PROVEN_FROM_EVENT_COUNT_ALONE
2021-04-12,3,0.003286,NOT_PROVEN_FROM_EVENT_COUNT_ALONE
2021-04-13,3,0.003173,NOT_PROVEN_FROM_EVENT_COUNT_ALONE
2021-04-14,3,0.002789,NOT_PROVEN_FROM_EVENT_COUNT_ALONE
2021-04-15,3,0.001322,NOT_PROVEN_FROM_EVENT_COUNT_ALONE
2021-04-16,3,0.00105,NOT_PROVEN_FROM_EVENT_COUNT_ALONE
2021-04-17,3,0.00030000000000000003,NOT_PROVEN_FROM_EVENT_COUNT_ALONE
2021-04-18,3,6.8e-05,NOT_PROVEN_FROM_EVENT_COUNT_ALONE
2021-04-19,3,0.00030000000000000003,NOT_PROVEN_FROM_EVENT_COUNT_ALONE
2021-04-20,3,0.00030000000000000003,NOT_PROVEN_FROM_EVENT_COUNT_ALONE
2021-04-21,3,0.00030000000000000003,NOT_PROVEN_FROM_EVENT_COUNT_ALONE
2021-04-22,3,0.00030000000000000003,NOT_PROVEN_FROM_EVENT_COUNT_ALONE
2021-04-23,3,0.000536,NOT_PROVEN_FROM_EVENT_COUNT_ALONE
2021-04-24,3,0.00030000000000000003,NOT_PROVEN_FROM_EVENT_COUNT_ALONE
2021-04-25,3,0.00030000000000000003,NOT_PROVEN_FROM_EVENT_COUNT_ALONE
2021-04-26,3,0.00030000000000000003,NOT_PROVEN_FROM_EVENT_COUNT_ALONE
2021-04-27,3,0.00030000000000000003,NOT_PROVEN_FROM_EVENT_COUNT_ALONE
2021-04-28,3,0.00030000000000000003,NOT_PROVEN_FROM_EVENT_COUNT_ALONE
2021-04-29,3,0.000286,NOT_PROVEN_FROM_EVENT_COUNT_ALONE
2021-04-30,3,0.00030000000000000003,NOT_PROVEN_FROM_EVENT_COUNT_ALONE
2021-05-01,3,0.00030000000000000003,NOT_PROVEN_FROM_EVENT_COUNT_ALONE
2021-05-02,3,0.00030000000000000003,NOT_PROVEN_FROM_EVENT_COUNT_ALONE
2021-05-03,3,0.000494,NOT_PROVEN_FROM_EVENT_COUNT_ALONE
2021-05-04,3,0.000347,NOT_PROVEN_FROM_EVENT_COUNT_ALONE
2021-05-05,3,0.00030000000000000003,NOT_PROVEN_FROM_EVENT_COUNT_ALONE
2021-05-06,3,0.00030000000000000003,NOT_PROVEN_FROM_EVENT_COUNT_ALONE
2021-05-07,3,0.00030000000000000003,NOT_PROVEN_FROM_EVENT_COUNT_ALONE
2021-05-08,3,0.000539,NOT_PROVEN_FROM_EVENT_COUNT_ALONE
2021-05-09,3,0.0009889999999999999,NOT_PROVEN_FROM_EVENT_COUNT_ALONE
2021-05-10,3,0.000679,NOT_PROVEN_FROM_EVENT_COUNT_ALONE
2021-05-11,3,0.00030000000000000003,NOT_PROVEN_FROM_EVENT_COUNT_ALONE
2021-05-12,3,0.00030000000000000003,NOT_PROVEN_FROM_EVENT_COUNT_ALONE
2021-05-13,3,0.000133,NOT_PROVEN_FROM_EVENT_COUNT_ALONE
2021-05-14,3,0.00030000000000000003,NOT_PROVEN_FROM_EVENT_COUNT_ALONE
2021-05-15,3,0.00030000000000000003,NOT_PROVEN_FROM_EVENT_COUNT_ALONE
2021-05-16,3,0.00030000000000000003,NOT_PROVEN_FROM_EVENT_COUNT_ALONE
2021-05-17,3,0.00030000000000000003,NOT_PROVEN_FROM_EVENT_COUNT_ALONE
2021-05-18,3,0.00030000000000000003,NOT_PROVEN_FROM_EVENT_COUNT_ALONE
2021-05-19,3,0.00023300000000000003,NOT_PROVEN_FROM_EVENT_COUNT_ALONE
2021-05-20,3,-0.002908,NOT_PROVEN_FROM_EVENT_COUNT_ALONE
2021-05-21,3,-0.0008799999999999999,NOT_PROVEN_FROM_EVENT_COUNT_ALONE
2021-05-22,3,-0.000517,NOT_PROVEN_FROM_EVENT_COUNT_ALONE
2021-05-23,3,-0.000806,NOT_PROVEN_FROM_EVENT_COUNT_ALONE
2021-05-24,3,-0.0010119999999999999,NOT_PROVEN_FROM_EVENT_COUNT_ALONE
2021-05-25,3,9.400000000000001e-05,NOT_PROVEN_FROM_EVENT_COUNT_ALONE
2021-05-26,3,0.000262,NOT_PROVEN_FROM_EVENT_COUNT_ALONE
2021-05-27,3,-0.00026,NOT_PROVEN_FROM_EVENT_COUNT_ALONE
2021-05-28,3,-4.6e-05,NOT_PROVEN_FROM_EVENT_COUNT_ALONE
2021-05-29,3,-0.000195,NOT_PROVEN_FROM_EVENT_COUNT_ALONE
2021-05-30,3,0.00022,NOT_PROVEN_FROM_EVENT_COUNT_ALONE
2021-05-31,3,7.400000000000001e-05,NOT_PROVEN_FROM_EVENT_COUNT_ALONE
2021-06-01,3,0.000116,NOT_PROVEN_FROM_EVENT_COUNT_ALONE
2021-06-02,3,-0.000146,NOT_PROVEN_FROM_EVENT_COUNT_ALONE
2021-06-03,3,-0.000376,NOT_PROVEN_FROM_EVENT_COUNT_ALONE
2021-06-04,3,-0.0005639999999999999,NOT_PROVEN_FROM_EVENT_COUNT_ALONE
2021-06-05,3,-0.001302,NOT_PROVEN_FROM_EVENT_COUNT_ALONE
2021-06-06,3,-0.0007379999999999999,NOT_PROVEN_FROM_EVENT_COUNT_ALONE
2021-06-07,3,-0.000282,NOT_PROVEN_FROM_EVENT_COUNT_ALONE
2021-06-08,3,-0.001137,NOT_PROVEN_FROM_EVENT_COUNT_ALONE
2021-06-09,3,-0.0006079999999999999,NOT_PROVEN_FROM_EVENT_COUNT_ALONE
2021-06-10,3,-0.000361,NOT_PROVEN_FROM_EVENT_COUNT_ALONE
2021-06-11,3,-0.00030900000000000003,NOT_PROVEN_FROM_EVENT_COUNT_ALONE
2021-06-12,3,-0.000298,NOT_PROVEN_FROM_EVENT_COUNT_ALONE
2021-06-13,3,-0.000274,NOT_PROVEN_FROM_EVENT_COUNT_ALONE
2021-06-14,3,0.00018800000000000002,NOT_PROVEN_FROM_EVENT_COUNT_ALONE
2021-06-15,3,-0.00026,NOT_PROVEN_FROM_EVENT_COUNT_ALONE
2021-06-16,3,-0.00057,NOT_PROVEN_FROM_EVENT_COUNT_ALONE
2021-06-17,3,-0.001016,NOT_PROVEN_FROM_EVENT_COUNT_ALONE
2021-06-18,3,-0.000919,NOT_PROVEN_FROM_EVENT_COUNT_ALONE
2021-06-19,3,-0.000748,NOT_PROVEN_FROM_EVENT_COUNT_ALONE
2021-06-20,3,3.200000000000001e-05,NOT_PROVEN_FROM_EVENT_COUNT_ALONE
2021-06-21,3,-0.0009249999999999999,NOT_PROVEN_FROM_EVENT_COUNT_ALONE
2021-06-22,3,-0.000317,NOT_PROVEN_FROM_EVENT_COUNT_ALONE
2021-06-23,3,-0.000898,NOT_PROVEN_FROM_EVENT_COUNT_ALONE
2021-06-24,3,-0.000296,NOT_PROVEN_FROM_EVENT_COUNT_ALONE
2021-06-25,3,-9.3e-05,NOT_PROVEN_FROM_EVENT_COUNT_ALONE
2021-06-26,3,-0.0013839999999999998,NOT_PROVEN_FROM_EVENT_COUNT_ALONE
2021-06-27,3,-0.000824,NOT_PROVEN_FROM_EVENT_COUNT_ALONE
2021-06-28,3,-7e-05,NOT_PROVEN_FROM_EVENT_COUNT_ALONE
2021-06-29,3,0.000258,NOT_PROVEN_FROM_EVENT_COUNT_ALONE
2021-06-30,3,-2.999999999999999e-05,NOT_PROVEN_FROM_EVENT_COUNT_ALONE
2021-07-01,3,-0.00040899999999999997,NOT_PROVEN_FROM_EVENT_COUNT_ALONE
2021-07-02,3,-0.000567,NOT_PROVEN_FROM_EVENT_COUNT_ALONE
2021-07-03,3,-0.000335,NOT_PROVEN_FROM_EVENT_COUNT_ALONE
2021-07-04,3,8.200000000000001e-05,NOT_PROVEN_FROM_EVENT_COUNT_ALONE
2021-07-05,3,-0.000348,NOT_PROVEN_FROM_EVENT_COUNT_ALONE
2021-07-06,3,-0.00046800000000000005,NOT_PROVEN_FROM_EVENT_COUNT_ALONE
2021-07-07,3,-0.000381,NOT_PROVEN_FROM_EVENT_COUNT_ALONE
2021-07-08,3,-0.000853,NOT_PROVEN_FROM_EVENT_COUNT_ALONE
2021-07-09,3,0.00016900000000000002,NOT_PROVEN_FROM_EVENT_COUNT_ALONE
2021-07-10,3,0.00030000000000000003,NOT_PROVEN_FROM_EVENT_COUNT_ALONE
2021-07-11,3,8.5e-05,NOT_PROVEN_FROM_EVENT_COUNT_ALONE
2021-07-12,3,0.00030000000000000003,NOT_PROVEN_FROM_EVENT_COUNT_ALONE
2021-07-13,3,-0.00034899999999999997,NOT_PROVEN_FROM_EVENT_COUNT_ALONE
2021-07-14,3,-0.00056,NOT_PROVEN_FROM_EVENT_COUNT_ALONE
2021-07-15,3,4.2000000000000004e-05,NOT_PROVEN_FROM_EVENT_COUNT_ALONE
2021-07-16,3,-0.000272,NOT_PROVEN_FROM_EVENT_COUNT_ALONE
2021-07-17,3,-0.000256,NOT_PROVEN_FROM_EVENT_COUNT_ALONE
2021-07-18,3,0.000266,NOT_PROVEN_FROM_EVENT_COUNT_ALONE
2021-07-19,3,-0.000381,NOT_PROVEN_FROM_EVENT_COUNT_ALONE
2021-07-20,3,-0.000185,NOT_PROVEN_FROM_EVENT_COUNT_ALONE
2021-07-21,3,-3.4e-05,NOT_PROVEN_FROM_EVENT_COUNT_ALONE
2021-07-22,3,0.000181,NOT_PROVEN_FROM_EVENT_COUNT_ALONE
2021-07-23,3,0.000267,NOT_PROVEN_FROM_EVENT_COUNT_ALONE
2021-07-24,3,-0.000159,NOT_PROVEN_FROM_EVENT_COUNT_ALONE
2021-07-25,3,-0.000659,NOT_PROVEN_FROM_EVENT_COUNT_ALONE
2021-07-26,3,-3.900000000000002e-05,NOT_PROVEN_FROM_EVENT_COUNT_ALONE
2021-07-27,3,-0.000419,NOT_PROVEN_FROM_EVENT_COUNT_ALONE
2021-07-28,3,0.000252,NOT_PROVEN_FROM_EVENT_COUNT_ALONE
2021-07-29,3,5.7e-05,NOT_PROVEN_FROM_EVENT_COUNT_ALONE
2021-07-30,3,-6.8e-05,NOT_PROVEN_FROM_EVENT_COUNT_ALONE
2021-07-31,3,7.0000000000000075e-06,NOT_PROVEN_FROM_EVENT_COUNT_ALONE
2021-08-01,3,9.300000000000001e-05,NOT_PROVEN_FROM_EVENT_COUNT_ALONE
2021-08-02,3,-0.00018800000000000002,NOT_PROVEN_FROM_EVENT_COUNT_ALONE
2021-08-03,3,0.000203,NOT_PROVEN_FROM_EVENT_COUNT_ALONE
2021-08-04,3,0.00030000000000000003,NOT_PROVEN_FROM_EVENT_COUNT_ALONE
2021-08-05,3,0.000285,NOT_PROVEN_FROM_EVENT_COUNT_ALONE
2021-08-06,3,-7e-05,NOT_PROVEN_FROM_EVENT_COUNT_ALONE
2021-08-07,3,5.000000000000002e-05,NOT_PROVEN_FROM_EVENT_COUNT_ALONE
2021-08-08,3,0.000261,NOT_PROVEN_FROM_EVENT_COUNT_ALONE
2021-08-09,3,0.00030000000000000003,NOT_PROVEN_FROM_EVENT_COUNT_ALONE
2021-08-10,3,0.000272,NOT_PROVEN_FROM_EVENT_COUNT_ALONE
2021-08-11,3,6.6e-05,NOT_PROVEN_FROM_EVENT_COUNT_ALONE
2021-08-12,3,-6.4e-05,NOT_PROVEN_FROM_EVENT_COUNT_ALONE
2021-08-13,3,0.00022500000000000002,NOT_PROVEN_FROM_EVENT_COUNT_ALONE
2021-08-14,3,0.00030000000000000003,NOT_PROVEN_FROM_EVENT_COUNT_ALONE
2021-08-15,3,-9.499999999999999e-05,NOT_PROVEN_FROM_EVENT_COUNT_ALONE
2021-08-16,3,9.700000000000001e-05,NOT_PROVEN_FROM_EVENT_COUNT_ALONE
2021-08-17,3,-5.499999999999999e-05,NOT_PROVEN_FROM_EVENT_COUNT_ALONE
2021-08-18,3,0.000146,NOT_PROVEN_FROM_EVENT_COUNT_ALONE
2021-08-19,3,0.00019700000000000002,NOT_PROVEN_FROM_EVENT_COUNT_ALONE
2021-08-20,3,0.00030000000000000003,NOT_PROVEN_FROM_EVENT_COUNT_ALONE
2021-08-21,3,0.00030000000000000003,NOT_PROVEN_FROM_EVENT_COUNT_ALONE
2021-08-22,3,0.00030000000000000003,NOT_PROVEN_FROM_EVENT_COUNT_ALONE
2021-08-23,3,0.00030000000000000003,NOT_PROVEN_FROM_EVENT_COUNT_ALONE
2021-08-24,3,0.00030000000000000003,NOT_PROVEN_FROM_EVENT_COUNT_ALONE
2021-08-25,3,7.7e-05,NOT_PROVEN_FROM_EVENT_COUNT_ALONE
2021-08-26,3,0.00023300000000000003,NOT_PROVEN_FROM_EVENT_COUNT_ALONE
2021-08-27,3,0.00030000000000000003,NOT_PROVEN_FROM_EVENT_COUNT_ALONE
2021-08-28,3,0.000264,NOT_PROVEN_FROM_EVENT_COUNT_ALONE
2021-08-29,3,0.00028000000000000003,NOT_PROVEN_FROM_EVENT_COUNT_ALONE
2021-08-30,3,0.000286,NOT_PROVEN_FROM_EVENT_COUNT_ALONE
2021-08-31,3,0.00030000000000000003,NOT_PROVEN_FROM_EVENT_COUNT_ALONE
2021-09-01,3,0.00030000000000000003,NOT_PROVEN_FROM_EVENT_COUNT_ALONE
2021-09-02,3,0.00037799999999999997,NOT_PROVEN_FROM_EVENT_COUNT_ALONE
2021-09-03,3,0.000392,NOT_PROVEN_FROM_EVENT_COUNT_ALONE
2021-09-04,3,0.00047000000000000004,NOT_PROVEN_FROM_EVENT_COUNT_ALONE
2021-09-05,3,0.00030000000000000003,NOT_PROVEN_FROM_EVENT_COUNT_ALONE
2021-09-06,3,0.000432,NOT_PROVEN_FROM_EVENT_COUNT_ALONE
2021-09-07,3,0.00030000000000000003,NOT_PROVEN_FROM_EVENT_COUNT_ALONE
2021-09-08,3,-0.000498,NOT_PROVEN_FROM_EVENT_COUNT_ALONE
2021-09-09,3,0.000151,NOT_PROVEN_FROM_EVENT_COUNT_ALONE
2021-09-10,3,0.00014800000000000002,NOT_PROVEN_FROM_EVENT_COUNT_ALONE
2021-09-11,3,0.000134,NOT_PROVEN_FROM_EVENT_COUNT_ALONE
2021-09-12,3,0.000261,NOT_PROVEN_FROM_EVENT_COUNT_ALONE
2021-09-13,3,9.400000000000001e-05,NOT_PROVEN_FROM_EVENT_COUNT_ALONE
2021-09-14,3,4.8e-05,NOT_PROVEN_FROM_EVENT_COUNT_ALONE
2021-09-15,3,-0.00010599999999999999,NOT_PROVEN_FROM_EVENT_COUNT_ALONE
2021-09-16,3,-0.000293,NOT_PROVEN_FROM_EVENT_COUNT_ALONE
2021-09-17,3,0.00023500000000000002,NOT_PROVEN_FROM_EVENT_COUNT_ALONE
2021-09-18,3,-0.000192,NOT_PROVEN_FROM_EVENT_COUNT_ALONE
2021-09-19,3,-0.000166,NOT_PROVEN_FROM_EVENT_COUNT_ALONE
2021-09-20,3,-0.00012599999999999997,NOT_PROVEN_FROM_EVENT_COUNT_ALONE
2021-09-21,3,-0.0008290000000000001,NOT_PROVEN_FROM_EVENT_COUNT_ALONE
2021-09-22,3,-0.00064,NOT_PROVEN_FROM_EVENT_COUNT_ALONE
2021-09-23,3,-0.001098,NOT_PROVEN_FROM_EVENT_COUNT_ALONE
2021-09-24,3,-0.000149,NOT_PROVEN_FROM_EVENT_COUNT_ALONE
2021-09-25,3,-0.000913,NOT_PROVEN_FROM_EVENT_COUNT_ALONE
2021-09-26,3,-0.000644,NOT_PROVEN_FROM_EVENT_COUNT_ALONE
2021-09-27,3,0.000175,NOT_PROVEN_FROM_EVENT_COUNT_ALONE
2021-09-28,3,-6.6e-05,NOT_PROVEN_FROM_EVENT_COUNT_ALONE
2021-09-29,3,-0.000269,NOT_PROVEN_FROM_EVENT_COUNT_ALONE
2021-09-30,3,-3.0000000000000008e-05,NOT_PROVEN_FROM_EVENT_COUNT_ALONE
2021-10-01,3,0.00017700000000000002,NOT_PROVEN_FROM_EVENT_COUNT_ALONE
2021-10-02,3,0.00030000000000000003,NOT_PROVEN_FROM_EVENT_COUNT_ALONE
2021-10-03,3,0.000277,NOT_PROVEN_FROM_EVENT_COUNT_ALONE
2021-10-04,3,0.00030000000000000003,NOT_PROVEN_FROM_EVENT_COUNT_ALONE
2021-10-05,3,0.00030000000000000003,NOT_PROVEN_FROM_EVENT_COUNT_ALONE
2021-10-06,3,0.000202,NOT_PROVEN_FROM_EVENT_COUNT_ALONE
2021-10-07,3,0.00030000000000000003,NOT_PROVEN_FROM_EVENT_COUNT_ALONE
2021-10-08,3,0.00030000000000000003,NOT_PROVEN_FROM_EVENT_COUNT_ALONE
2021-10-09,3,0.00030000000000000003,NOT_PROVEN_FROM_EVENT_COUNT_ALONE
2021-10-10,3,0.00030000000000000003,NOT_PROVEN_FROM_EVENT_COUNT_ALONE
2021-10-11,3,0.00030000000000000003,NOT_PROVEN_FROM_EVENT_COUNT_ALONE
2021-10-12,3,0.00030000000000000003,NOT_PROVEN_FROM_EVENT_COUNT_ALONE
2021-10-13,3,0.00030000000000000003,NOT_PROVEN_FROM_EVENT_COUNT_ALONE
2021-10-14,3,0.00057,NOT_PROVEN_FROM_EVENT_COUNT_ALONE
2021-10-15,3,0.000464,NOT_PROVEN_FROM_EVENT_COUNT_ALONE
2021-10-16,3,0.0006090000000000001,NOT_PROVEN_FROM_EVENT_COUNT_ALONE
2021-10-17,3,0.00043599999999999997,NOT_PROVEN_FROM_EVENT_COUNT_ALONE
2021-10-18,3,0.000718,NOT_PROVEN_FROM_EVENT_COUNT_ALONE
2021-10-19,3,0.00030000000000000003,NOT_PROVEN_FROM_EVENT_COUNT_ALONE
2021-10-20,3,0.00030000000000000003,NOT_PROVEN_FROM_EVENT_COUNT_ALONE
2021-10-21,3,0.001373,NOT_PROVEN_FROM_EVENT_COUNT_ALONE
2021-10-22,3,0.00030000000000000003,NOT_PROVEN_FROM_EVENT_COUNT_ALONE
2021-10-23,3,0.00030000000000000003,NOT_PROVEN_FROM_EVENT_COUNT_ALONE
2021-10-24,3,0.000455,NOT_PROVEN_FROM_EVENT_COUNT_ALONE
2021-10-25,3,0.00030000000000000003,NOT_PROVEN_FROM_EVENT_COUNT_ALONE
2021-10-26,3,0.000373,NOT_PROVEN_FROM_EVENT_COUNT_ALONE
2021-10-27,3,0.00030000000000000003,NOT_PROVEN_FROM_EVENT_COUNT_ALONE
2021-10-28,3,0.00030000000000000003,NOT_PROVEN_FROM_EVENT_COUNT_ALONE
2021-10-29,3,0.000572,NOT_PROVEN_FROM_EVENT_COUNT_ALONE
2021-10-30,3,0.000641,NOT_PROVEN_FROM_EVENT_COUNT_ALONE
2021-10-31,3,0.00030000000000000003,NOT_PROVEN_FROM_EVENT_COUNT_ALONE
2021-11-01,3,0.000454,NOT_PROVEN_FROM_EVENT_COUNT_ALONE
2021-11-02,3,0.000665,NOT_PROVEN_FROM_EVENT_COUNT_ALONE
2021-11-03,3,0.000799,NOT_PROVEN_FROM_EVENT_COUNT_ALONE
2021-11-04,3,0.00030000000000000003,NOT_PROVEN_FROM_EVENT_COUNT_ALONE
2021-11-05,3,0.00030000000000000003,NOT_PROVEN_FROM_EVENT_COUNT_ALONE
2021-11-06,3,0.00030000000000000003,NOT_PROVEN_FROM_EVENT_COUNT_ALONE
2021-11-07,3,0.00030000000000000003,NOT_PROVEN_FROM_EVENT_COUNT_ALONE
2021-11-08,3,0.000767,NOT_PROVEN_FROM_EVENT_COUNT_ALONE
2021-11-09,3,0.000981,NOT_PROVEN_FROM_EVENT_COUNT_ALONE
2021-11-10,3,0.001367,NOT_PROVEN_FROM_EVENT_COUNT_ALONE
2021-11-11,3,0.0006090000000000001,NOT_PROVEN_FROM_EVENT_COUNT_ALONE
2021-11-12,3,0.00030000000000000003,NOT_PROVEN_FROM_EVENT_COUNT_ALONE
2021-11-13,3,0.00030000000000000003,NOT_PROVEN_FROM_EVENT_COUNT_ALONE
2021-11-14,3,0.00030000000000000003,NOT_PROVEN_FROM_EVENT_COUNT_ALONE
2021-11-15,3,0.00030000000000000003,NOT_PROVEN_FROM_EVENT_COUNT_ALONE
2021-11-16,3,0.00019600000000000002,NOT_PROVEN_FROM_EVENT_COUNT_ALONE
2021-11-17,3,0.00030000000000000003,NOT_PROVEN_FROM_EVENT_COUNT_ALONE
2021-11-18,3,0.00030000000000000003,NOT_PROVEN_FROM_EVENT_COUNT_ALONE
2021-11-19,3,0.00030000000000000003,NOT_PROVEN_FROM_EVENT_COUNT_ALONE
2021-11-20,3,9.2e-05,NOT_PROVEN_FROM_EVENT_COUNT_ALONE
2021-11-21,3,0.00030000000000000003,NOT_PROVEN_FROM_EVENT_COUNT_ALONE
2021-11-22,3,0.00030000000000000003,NOT_PROVEN_FROM_EVENT_COUNT_ALONE
2021-11-23,3,0.00030000000000000003,NOT_PROVEN_FROM_EVENT_COUNT_ALONE
2021-11-24,3,0.00030000000000000003,NOT_PROVEN_FROM_EVENT_COUNT_ALONE
2021-11-25,3,0.00030000000000000003,NOT_PROVEN_FROM_EVENT_COUNT_ALONE
2021-11-26,3,0.00030000000000000003,NOT_PROVEN_FROM_EVENT_COUNT_ALONE
2021-11-27,3,0.00030000000000000003,NOT_PROVEN_FROM_EVENT_COUNT_ALONE
2021-11-28,3,0.00022700000000000002,NOT_PROVEN_FROM_EVENT_COUNT_ALONE
2021-11-29,3,0.00030000000000000003,NOT_PROVEN_FROM_EVENT_COUNT_ALONE
2021-11-30,3,0.00030000000000000003,NOT_PROVEN_FROM_EVENT_COUNT_ALONE
2021-12-01,3,0.00030000000000000003,NOT_PROVEN_FROM_EVENT_COUNT_ALONE
2021-12-02,3,0.00030000000000000003,NOT_PROVEN_FROM_EVENT_COUNT_ALONE
2021-12-03,3,0.00030000000000000003,NOT_PROVEN_FROM_EVENT_COUNT_ALONE
2021-12-04,3,-0.000664,NOT_PROVEN_FROM_EVENT_COUNT_ALONE
2021-12-05,3,-0.001139,NOT_PROVEN_FROM_EVENT_COUNT_ALONE
2021-12-06,3,-0.000259,NOT_PROVEN_FROM_EVENT_COUNT_ALONE
2021-12-07,3,-0.000212,NOT_PROVEN_FROM_EVENT_COUNT_ALONE
2021-12-08,3,0.00030000000000000003,NOT_PROVEN_FROM_EVENT_COUNT_ALONE
2021-12-09,3,0.000297,NOT_PROVEN_FROM_EVENT_COUNT_ALONE
2021-12-10,3,0.00027,NOT_PROVEN_FROM_EVENT_COUNT_ALONE
2021-12-11,3,0.000156,NOT_PROVEN_FROM_EVENT_COUNT_ALONE
2021-12-12,3,-0.00015199999999999998,NOT_PROVEN_FROM_EVENT_COUNT_ALONE
2021-12-13,3,-4.6e-05,NOT_PROVEN_FROM_EVENT_COUNT_ALONE
2021-12-14,3,4.5e-05,NOT_PROVEN_FROM_EVENT_COUNT_ALONE
2021-12-15,3,0.00027800000000000004,NOT_PROVEN_FROM_EVENT_COUNT_ALONE
2021-12-16,3,0.000223,NOT_PROVEN_FROM_EVENT_COUNT_ALONE
2021-12-17,3,0.00017900000000000001,NOT_PROVEN_FROM_EVENT_COUNT_ALONE
2021-12-18,3,0.00011700000000000001,NOT_PROVEN_FROM_EVENT_COUNT_ALONE
2021-12-19,3,0.00011800000000000001,NOT_PROVEN_FROM_EVENT_COUNT_ALONE
2021-12-20,3,9.400000000000001e-05,NOT_PROVEN_FROM_EVENT_COUNT_ALONE
2021-12-21,3,0.00030000000000000003,NOT_PROVEN_FROM_EVENT_COUNT_ALONE
2021-12-22,3,0.000148,NOT_PROVEN_FROM_EVENT_COUNT_ALONE
2021-12-23,3,0.00014600000000000003,NOT_PROVEN_FROM_EVENT_COUNT_ALONE
2021-12-24,3,2.2000000000000003e-05,NOT_PROVEN_FROM_EVENT_COUNT_ALONE
2021-12-25,3,-3.2000000000000005e-05,NOT_PROVEN_FROM_EVENT_COUNT_ALONE
2021-12-26,3,-0.000127,NOT_PROVEN_FROM_EVENT_COUNT_ALONE
2021-12-27,3,0.000248,NOT_PROVEN_FROM_EVENT_COUNT_ALONE
2021-12-28,3,5.5e-05,NOT_PROVEN_FROM_EVENT_COUNT_ALONE
2021-12-29,3,0.000293,NOT_PROVEN_FROM_EVENT_COUNT_ALONE
2021-12-30,3,-6e-05,NOT_PROVEN_FROM_EVENT_COUNT_ALONE
2021-12-31,3,8.9e-05,NOT_PROVEN_FROM_EVENT_COUNT_ALONE
2022-01-01,3,0.000155,NOT_PROVEN_FROM_EVENT_COUNT_ALONE
2022-01-02,3,-0.000181,NOT_PROVEN_FROM_EVENT_COUNT_ALONE
2022-01-03,3,0.000128,NOT_PROVEN_FROM_EVENT_COUNT_ALONE
2022-01-04,3,-6.699999999999999e-05,NOT_PROVEN_FROM_EVENT_COUNT_ALONE
2022-01-05,3,0.000299,NOT_PROVEN_FROM_EVENT_COUNT_ALONE
2022-01-06,3,5.3e-05,NOT_PROVEN_FROM_EVENT_COUNT_ALONE
2022-01-07,3,0.000185,NOT_PROVEN_FROM_EVENT_COUNT_ALONE
2022-01-08,3,-5.399999999999999e-05,NOT_PROVEN_FROM_EVENT_COUNT_ALONE
2022-01-09,3,4.700000000000001e-05,NOT_PROVEN_FROM_EVENT_COUNT_ALONE
2022-01-10,3,-0.0002,NOT_PROVEN_FROM_EVENT_COUNT_ALONE
2022-01-11,3,7.999999999999999e-05,NOT_PROVEN_FROM_EVENT_COUNT_ALONE
2022-01-12,3,-0.000585,NOT_PROVEN_FROM_EVENT_COUNT_ALONE
2022-01-13,3,-0.000477,NOT_PROVEN_FROM_EVENT_COUNT_ALONE
2022-01-14,3,-9.1e-05,NOT_PROVEN_FROM_EVENT_COUNT_ALONE
2022-01-15,3,-0.000126,NOT_PROVEN_FROM_EVENT_COUNT_ALONE
2022-01-16,3,-0.000256,NOT_PROVEN_FROM_EVENT_COUNT_ALONE
2022-01-17,3,5.500000000000001e-05,NOT_PROVEN_FROM_EVENT_COUNT_ALONE
2022-01-18,3,0.000262,NOT_PROVEN_FROM_EVENT_COUNT_ALONE
2022-01-19,3,0.000178,NOT_PROVEN_FROM_EVENT_COUNT_ALONE
2022-01-20,3,0.000293,NOT_PROVEN_FROM_EVENT_COUNT_ALONE
2022-01-21,3,-0.00010899999999999999,NOT_PROVEN_FROM_EVENT_COUNT_ALONE
2022-01-22,3,-0.00016400000000000003,NOT_PROVEN_FROM_EVENT_COUNT_ALONE
2022-01-23,3,-0.000461,NOT_PROVEN_FROM_EVENT_COUNT_ALONE
2022-01-24,3,-0.000596,NOT_PROVEN_FROM_EVENT_COUNT_ALONE
2022-01-25,3,-0.00011399999999999999,NOT_PROVEN_FROM_EVENT_COUNT_ALONE
2022-01-26,3,-0.0007260000000000001,NOT_PROVEN_FROM_EVENT_COUNT_ALONE
2022-01-27,3,-0.00010999999999999999,NOT_PROVEN_FROM_EVENT_COUNT_ALONE
2022-01-28,3,0.000272,NOT_PROVEN_FROM_EVENT_COUNT_ALONE
2022-01-29,3,-0.000225,NOT_PROVEN_FROM_EVENT_COUNT_ALONE
2022-01-30,3,-0.00010300000000000001,NOT_PROVEN_FROM_EVENT_COUNT_ALONE
2022-01-31,3,-7.2e-05,NOT_PROVEN_FROM_EVENT_COUNT_ALONE
2022-02-01,3,-0.00026799999999999995,NOT_PROVEN_FROM_EVENT_COUNT_ALONE
2022-02-02,3,-0.0002,NOT_PROVEN_FROM_EVENT_COUNT_ALONE
2022-02-03,3,-1.0000000000000013e-05,NOT_PROVEN_FROM_EVENT_COUNT_ALONE
2022-02-04,3,-9.7e-05,NOT_PROVEN_FROM_EVENT_COUNT_ALONE
2022-02-05,3,0.000157,NOT_PROVEN_FROM_EVENT_COUNT_ALONE
2022-02-06,3,9.8e-05,NOT_PROVEN_FROM_EVENT_COUNT_ALONE
2022-02-07,3,-0.000288,NOT_PROVEN_FROM_EVENT_COUNT_ALONE
2022-02-08,3,-0.000187,NOT_PROVEN_FROM_EVENT_COUNT_ALONE
2022-02-09,3,0.000134,NOT_PROVEN_FROM_EVENT_COUNT_ALONE
2022-02-10,3,-4.299999999999999e-05,NOT_PROVEN_FROM_EVENT_COUNT_ALONE
2022-02-11,3,0.000149,NOT_PROVEN_FROM_EVENT_COUNT_ALONE
2022-02-12,3,0.00019,NOT_PROVEN_FROM_EVENT_COUNT_ALONE
2022-02-13,3,6.200000000000002e-05,NOT_PROVEN_FROM_EVENT_COUNT_ALONE
2022-02-14,3,0.00030000000000000003,NOT_PROVEN_FROM_EVENT_COUNT_ALONE
2022-02-15,3,0.000164,NOT_PROVEN_FROM_EVENT_COUNT_ALONE
2022-02-16,3,0.000192,NOT_PROVEN_FROM_EVENT_COUNT_ALONE
2022-02-17,3,-0.000212,NOT_PROVEN_FROM_EVENT_COUNT_ALONE
2022-02-18,3,-0.00043900000000000005,NOT_PROVEN_FROM_EVENT_COUNT_ALONE
2022-02-19,3,0.000156,NOT_PROVEN_FROM_EVENT_COUNT_ALONE
2022-02-20,3,0.000125,NOT_PROVEN_FROM_EVENT_COUNT_ALONE
2022-02-21,3,0.0001,NOT_PROVEN_FROM_EVENT_COUNT_ALONE
2022-02-22,3,8.5e-05,NOT_PROVEN_FROM_EVENT_COUNT_ALONE
2022-02-23,3,-0.000278,NOT_PROVEN_FROM_EVENT_COUNT_ALONE
2022-02-24,3,3.3e-05,NOT_PROVEN_FROM_EVENT_COUNT_ALONE
2022-02-25,3,-6.99999999999998e-06,NOT_PROVEN_FROM_EVENT_COUNT_ALONE
2022-02-26,3,-0.00026,NOT_PROVEN_FROM_EVENT_COUNT_ALONE
2022-02-27,3,-0.00041,NOT_PROVEN_FROM_EVENT_COUNT_ALONE
2022-02-28,3,-5.1000000000000006e-05,NOT_PROVEN_FROM_EVENT_COUNT_ALONE
2022-03-01,3,0.00030000000000000003,NOT_PROVEN_FROM_EVENT_COUNT_ALONE
2022-03-02,3,0.000214,NOT_PROVEN_FROM_EVENT_COUNT_ALONE
2022-03-03,3,0.000275,NOT_PROVEN_FROM_EVENT_COUNT_ALONE
2022-03-04,3,0.00030000000000000003,NOT_PROVEN_FROM_EVENT_COUNT_ALONE
2022-03-05,3,6.6e-05,NOT_PROVEN_FROM_EVENT_COUNT_ALONE
2022-03-06,3,-0.000404,NOT_PROVEN_FROM_EVENT_COUNT_ALONE
2022-03-07,3,0.00030000000000000003,NOT_PROVEN_FROM_EVENT_COUNT_ALONE
2022-03-08,3,0.00010400000000000001,NOT_PROVEN_FROM_EVENT_COUNT_ALONE
2022-03-09,3,9.900000000000001e-05,NOT_PROVEN_FROM_EVENT_COUNT_ALONE
2022-03-10,3,0.00019,NOT_PROVEN_FROM_EVENT_COUNT_ALONE
2022-03-11,3,-0.000316,NOT_PROVEN_FROM_EVENT_COUNT_ALONE
2022-03-12,3,-0.000357,NOT_PROVEN_FROM_EVENT_COUNT_ALONE
2022-03-13,3,-0.000332,NOT_PROVEN_FROM_EVENT_COUNT_ALONE
2022-03-14,3,-0.000181,NOT_PROVEN_FROM_EVENT_COUNT_ALONE
2022-03-15,3,0.00017,NOT_PROVEN_FROM_EVENT_COUNT_ALONE
2022-03-16,3,3.3e-05,NOT_PROVEN_FROM_EVENT_COUNT_ALONE
2022-03-17,3,0.000109,NOT_PROVEN_FROM_EVENT_COUNT_ALONE
2022-03-18,3,-0.00017900000000000001,NOT_PROVEN_FROM_EVENT_COUNT_ALONE
2022-03-19,3,-0.00014000000000000001,NOT_PROVEN_FROM_EVENT_COUNT_ALONE
2022-03-20,3,-7.199999999999999e-05,NOT_PROVEN_FROM_EVENT_COUNT_ALONE
2022-03-21,3,-8.999999999999995e-06,NOT_PROVEN_FROM_EVENT_COUNT_ALONE
2022-03-22,3,-9.000000000000009e-06,NOT_PROVEN_FROM_EVENT_COUNT_ALONE
2022-03-23,3,-0.000199,NOT_PROVEN_FROM_EVENT_COUNT_ALONE
2022-03-24,3,3.7999999999999995e-05,NOT_PROVEN_FROM_EVENT_COUNT_ALONE
2022-03-25,3,0.000222,NOT_PROVEN_FROM_EVENT_COUNT_ALONE
2022-03-26,3,0.000175,NOT_PROVEN_FROM_EVENT_COUNT_ALONE
2022-03-27,3,0.000192,NOT_PROVEN_FROM_EVENT_COUNT_ALONE
2022-03-28,3,0.00030000000000000003,NOT_PROVEN_FROM_EVENT_COUNT_ALONE
2022-03-29,3,8.5e-05,NOT_PROVEN_FROM_EVENT_COUNT_ALONE
2022-03-30,3,0.00018600000000000002,NOT_PROVEN_FROM_EVENT_COUNT_ALONE
2022-03-31,3,0.00018600000000000002,NOT_PROVEN_FROM_EVENT_COUNT_ALONE
2022-04-01,3,-3.2000000000000005e-05,NOT_PROVEN_FROM_EVENT_COUNT_ALONE
2022-04-02,3,0.00026199999999999997,NOT_PROVEN_FROM_EVENT_COUNT_ALONE
2022-04-03,3,0.00030000000000000003,NOT_PROVEN_FROM_EVENT_COUNT_ALONE
2022-04-04,3,0.00030000000000000003,NOT_PROVEN_FROM_EVENT_COUNT_ALONE
2022-04-05,3,0.00030000000000000003,NOT_PROVEN_FROM_EVENT_COUNT_ALONE
2022-04-06,3,0.000252,NOT_PROVEN_FROM_EVENT_COUNT_ALONE
2022-04-07,3,0.00030000000000000003,NOT_PROVEN_FROM_EVENT_COUNT_ALONE
2022-04-08,3,0.000201,NOT_PROVEN_FROM_EVENT_COUNT_ALONE
2022-04-09,3,-4.000000000000002e-06,NOT_PROVEN_FROM_EVENT_COUNT_ALONE
2022-04-10,3,-1.8999999999999994e-05,NOT_PROVEN_FROM_EVENT_COUNT_ALONE
2022-04-11,3,9.7e-05,NOT_PROVEN_FROM_EVENT_COUNT_ALONE
2022-04-12,3,-0.00022,NOT_PROVEN_FROM_EVENT_COUNT_ALONE
2022-04-13,3,0.000205,NOT_PROVEN_FROM_EVENT_COUNT_ALONE
2022-04-14,3,-0.000105,NOT_PROVEN_FROM_EVENT_COUNT_ALONE
2022-04-15,3,0.000194,NOT_PROVEN_FROM_EVENT_COUNT_ALONE
2022-04-16,3,-1.8e-05,NOT_PROVEN_FROM_EVENT_COUNT_ALONE
2022-04-17,3,-2e-05,NOT_PROVEN_FROM_EVENT_COUNT_ALONE
2022-04-18,3,-0.000207,NOT_PROVEN_FROM_EVENT_COUNT_ALONE
2022-04-19,3,-2.4000000000000014e-05,NOT_PROVEN_FROM_EVENT_COUNT_ALONE
2022-04-20,3,-0.000284,NOT_PROVEN_FROM_EVENT_COUNT_ALONE
2022-04-21,3,0.00010300000000000001,NOT_PROVEN_FROM_EVENT_COUNT_ALONE
2022-04-22,3,-2.000000000000008e-06,NOT_PROVEN_FROM_EVENT_COUNT_ALONE
2022-04-23,3,-0.000175,NOT_PROVEN_FROM_EVENT_COUNT_ALONE
2022-04-24,3,-0.000197,NOT_PROVEN_FROM_EVENT_COUNT_ALONE
2022-04-25,3,9.000000000000002e-06,NOT_PROVEN_FROM_EVENT_COUNT_ALONE
2022-04-26,3,0.00023700000000000001,NOT_PROVEN_FROM_EVENT_COUNT_ALONE
2022-04-27,3,-0.00021999999999999998,NOT_PROVEN_FROM_EVENT_COUNT_ALONE
2022-04-28,3,-0.000188,NOT_PROVEN_FROM_EVENT_COUNT_ALONE
2022-04-29,3,0.00030000000000000003,NOT_PROVEN_FROM_EVENT_COUNT_ALONE
2022-04-30,3,6.6e-05,NOT_PROVEN_FROM_EVENT_COUNT_ALONE
2022-05-01,3,-6.4e-05,NOT_PROVEN_FROM_EVENT_COUNT_ALONE
2022-05-02,3,0.00012100000000000001,NOT_PROVEN_FROM_EVENT_COUNT_ALONE
2022-05-03,3,0.00030000000000000003,NOT_PROVEN_FROM_EVENT_COUNT_ALONE
2022-05-04,3,0.00030000000000000003,NOT_PROVEN_FROM_EVENT_COUNT_ALONE
2022-05-05,3,0.00030000000000000003,NOT_PROVEN_FROM_EVENT_COUNT_ALONE
2022-05-06,3,-0.000283,NOT_PROVEN_FROM_EVENT_COUNT_ALONE
2022-05-07,3,0.000115,NOT_PROVEN_FROM_EVENT_COUNT_ALONE
2022-05-08,3,-0.000424,NOT_PROVEN_FROM_EVENT_COUNT_ALONE
2022-05-09,3,-0.000277,NOT_PROVEN_FROM_EVENT_COUNT_ALONE
2022-05-10,3,-0.000602,NOT_PROVEN_FROM_EVENT_COUNT_ALONE
2022-05-11,3,-0.00041,NOT_PROVEN_FROM_EVENT_COUNT_ALONE
2022-05-12,3,-0.001198,NOT_PROVEN_FROM_EVENT_COUNT_ALONE
2022-05-13,3,-0.000902,NOT_PROVEN_FROM_EVENT_COUNT_ALONE
2022-05-14,3,-0.000394,NOT_PROVEN_FROM_EVENT_COUNT_ALONE
2022-05-15,3,-0.00021,NOT_PROVEN_FROM_EVENT_COUNT_ALONE
2022-05-16,3,-0.000568,NOT_PROVEN_FROM_EVENT_COUNT_ALONE
2022-05-17,3,-0.000153,NOT_PROVEN_FROM_EVENT_COUNT_ALONE
2022-05-18,3,-0.000987,NOT_PROVEN_FROM_EVENT_COUNT_ALONE
2022-05-19,3,-0.000624,NOT_PROVEN_FROM_EVENT_COUNT_ALONE
2022-05-20,3,0.00019600000000000002,NOT_PROVEN_FROM_EVENT_COUNT_ALONE
2022-05-21,3,2.9999999999999997e-05,NOT_PROVEN_FROM_EVENT_COUNT_ALONE
2022-05-22,3,0.00015000000000000001,NOT_PROVEN_FROM_EVENT_COUNT_ALONE
2022-05-23,3,0.000143,NOT_PROVEN_FROM_EVENT_COUNT_ALONE
2022-05-24,3,-0.000643,NOT_PROVEN_FROM_EVENT_COUNT_ALONE
2022-05-25,3,-4.6e-05,NOT_PROVEN_FROM_EVENT_COUNT_ALONE
2022-05-26,3,1.0000000000000006e-05,NOT_PROVEN_FROM_EVENT_COUNT_ALONE
2022-05-27,3,-0.000553,NOT_PROVEN_FROM_EVENT_COUNT_ALONE
2022-05-28,3,-8e-05,NOT_PROVEN_FROM_EVENT_COUNT_ALONE
2022-05-29,3,2.4e-05,NOT_PROVEN_FROM_EVENT_COUNT_ALONE
2022-05-30,3,7.8e-05,NOT_PROVEN_FROM_EVENT_COUNT_ALONE
2022-05-31,3,0.00020700000000000002,NOT_PROVEN_FROM_EVENT_COUNT_ALONE
2022-06-01,3,-9.8e-05,NOT_PROVEN_FROM_EVENT_COUNT_ALONE
2022-06-02,3,-0.000621,NOT_PROVEN_FROM_EVENT_COUNT_ALONE
2022-06-03,3,-0.000345,NOT_PROVEN_FROM_EVENT_COUNT_ALONE
2022-06-04,3,-0.0005059999999999999,NOT_PROVEN_FROM_EVENT_COUNT_ALONE
2022-06-05,3,-0.00077,NOT_PROVEN_FROM_EVENT_COUNT_ALONE
2022-06-06,3,-0.000263,NOT_PROVEN_FROM_EVENT_COUNT_ALONE
2022-06-07,3,-0.000379,NOT_PROVEN_FROM_EVENT_COUNT_ALONE
2022-06-08,3,0.000116,NOT_PROVEN_FROM_EVENT_COUNT_ALONE
2022-06-09,3,0.000189,NOT_PROVEN_FROM_EVENT_COUNT_ALONE
2022-06-10,3,-0.000268,NOT_PROVEN_FROM_EVENT_COUNT_ALONE
2022-06-11,3,-2.7999999999999996e-05,NOT_PROVEN_FROM_EVENT_COUNT_ALONE
2022-06-12,3,-8.99999999999999e-06,NOT_PROVEN_FROM_EVENT_COUNT_ALONE
2022-06-13,3,-0.00011800000000000001,NOT_PROVEN_FROM_EVENT_COUNT_ALONE
2022-06-14,3,-0.0004980000000000001,NOT_PROVEN_FROM_EVENT_COUNT_ALONE
2022-06-15,3,-0.0006039999999999999,NOT_PROVEN_FROM_EVENT_COUNT_ALONE
2022-06-16,3,-0.000286,NOT_PROVEN_FROM_EVENT_COUNT_ALONE
2022-06-17,3,-0.000396,NOT_PROVEN_FROM_EVENT_COUNT_ALONE
2022-06-18,3,1.200000000000002e-05,NOT_PROVEN_FROM_EVENT_COUNT_ALONE
2022-06-19,3,-0.00010299999999999998,NOT_PROVEN_FROM_EVENT_COUNT_ALONE
2022-06-20,3,-7.000000000000001e-05,NOT_PROVEN_FROM_EVENT_COUNT_ALONE
2022-06-21,3,8.300000000000001e-05,NOT_PROVEN_FROM_EVENT_COUNT_ALONE
2022-06-22,3,0.00010800000000000001,NOT_PROVEN_FROM_EVENT_COUNT_ALONE
2022-06-23,3,0.000211,NOT_PROVEN_FROM_EVENT_COUNT_ALONE
2022-06-24,3,-3.2999999999999996e-05,NOT_PROVEN_FROM_EVENT_COUNT_ALONE
2022-06-25,3,6.6e-05,NOT_PROVEN_FROM_EVENT_COUNT_ALONE
2022-06-26,3,0.000175,NOT_PROVEN_FROM_EVENT_COUNT_ALONE
2022-06-27,3,8.800000000000001e-05,NOT_PROVEN_FROM_EVENT_COUNT_ALONE
2022-06-28,3,-6.299999999999999e-05,NOT_PROVEN_FROM_EVENT_COUNT_ALONE
2022-06-29,3,-0.00013000000000000002,NOT_PROVEN_FROM_EVENT_COUNT_ALONE
2022-06-30,3,-0.000531,NOT_PROVEN_FROM_EVENT_COUNT_ALONE
2022-07-01,3,9.7e-05,NOT_PROVEN_FROM_EVENT_COUNT_ALONE
2022-07-02,3,-0.00011799999999999998,NOT_PROVEN_FROM_EVENT_COUNT_ALONE
2022-07-03,3,0.00018800000000000002,NOT_PROVEN_FROM_EVENT_COUNT_ALONE
2022-07-04,3,0.000124,NOT_PROVEN_FROM_EVENT_COUNT_ALONE
2022-07-05,3,6.400000000000001e-05,NOT_PROVEN_FROM_EVENT_COUNT_ALONE
2022-07-06,3,0.000144,NOT_PROVEN_FROM_EVENT_COUNT_ALONE
2022-07-07,3,0.00016199999999999998,NOT_PROVEN_FROM_EVENT_COUNT_ALONE
2022-07-08,3,0.000117,NOT_PROVEN_FROM_EVENT_COUNT_ALONE
2022-07-09,3,-0.000186,NOT_PROVEN_FROM_EVENT_COUNT_ALONE
2022-07-10,3,-6.7e-05,NOT_PROVEN_FROM_EVENT_COUNT_ALONE
2022-07-11,3,-0.000157,NOT_PROVEN_FROM_EVENT_COUNT_ALONE
2022-07-12,3,0.00030000000000000003,NOT_PROVEN_FROM_EVENT_COUNT_ALONE
2022-07-13,3,0.000292,NOT_PROVEN_FROM_EVENT_COUNT_ALONE
2022-07-14,3,5.7e-05,NOT_PROVEN_FROM_EVENT_COUNT_ALONE
2022-07-15,3,-0.000115,NOT_PROVEN_FROM_EVENT_COUNT_ALONE
2022-07-16,3,3.5000000000000004e-05,NOT_PROVEN_FROM_EVENT_COUNT_ALONE
2022-07-17,3,0.000121,NOT_PROVEN_FROM_EVENT_COUNT_ALONE
2022-07-18,3,0.00030000000000000003,NOT_PROVEN_FROM_EVENT_COUNT_ALONE
2022-07-19,3,0.000207,NOT_PROVEN_FROM_EVENT_COUNT_ALONE
2022-07-20,3,0.00030000000000000003,NOT_PROVEN_FROM_EVENT_COUNT_ALONE
2022-07-21,3,0.00021600000000000002,NOT_PROVEN_FROM_EVENT_COUNT_ALONE
2022-07-22,3,0.00030000000000000003,NOT_PROVEN_FROM_EVENT_COUNT_ALONE
2022-07-23,3,0.000132,NOT_PROVEN_FROM_EVENT_COUNT_ALONE
2022-07-24,3,0.00021,NOT_PROVEN_FROM_EVENT_COUNT_ALONE
2022-07-25,3,0.000192,NOT_PROVEN_FROM_EVENT_COUNT_ALONE
2022-07-26,3,-0.000177,NOT_PROVEN_FROM_EVENT_COUNT_ALONE
2022-07-27,3,-0.000153,NOT_PROVEN_FROM_EVENT_COUNT_ALONE
2022-07-28,3,0.000183,NOT_PROVEN_FROM_EVENT_COUNT_ALONE
2022-07-29,3,0.00030000000000000003,NOT_PROVEN_FROM_EVENT_COUNT_ALONE
2022-07-30,3,0.000182,NOT_PROVEN_FROM_EVENT_COUNT_ALONE
2022-07-31,3,0.00021500000000000002,NOT_PROVEN_FROM_EVENT_COUNT_ALONE
2022-08-01,3,0.00023,NOT_PROVEN_FROM_EVENT_COUNT_ALONE
2022-08-02,3,0.000232,NOT_PROVEN_FROM_EVENT_COUNT_ALONE
2022-08-03,3,0.000155,NOT_PROVEN_FROM_EVENT_COUNT_ALONE
2022-08-04,3,0.000201,NOT_PROVEN_FROM_EVENT_COUNT_ALONE
2022-08-05,3,4.9e-05,NOT_PROVEN_FROM_EVENT_COUNT_ALONE
2022-08-06,3,0.00024,NOT_PROVEN_FROM_EVENT_COUNT_ALONE
2022-08-07,3,0.00011300000000000001,NOT_PROVEN_FROM_EVENT_COUNT_ALONE
2022-08-08,3,0.000207,NOT_PROVEN_FROM_EVENT_COUNT_ALONE
2022-08-09,3,0.00019600000000000002,NOT_PROVEN_FROM_EVENT_COUNT_ALONE
2022-08-10,3,3.0000000000000018e-06,NOT_PROVEN_FROM_EVENT_COUNT_ALONE
2022-08-11,3,0.00030000000000000003,NOT_PROVEN_FROM_EVENT_COUNT_ALONE
2022-08-12,3,0.00022500000000000002,NOT_PROVEN_FROM_EVENT_COUNT_ALONE
2022-08-13,3,0.000239,NOT_PROVEN_FROM_EVENT_COUNT_ALONE
2022-08-14,3,0.000111,NOT_PROVEN_FROM_EVENT_COUNT_ALONE
2022-08-15,3,3.9e-05,NOT_PROVEN_FROM_EVENT_COUNT_ALONE
2022-08-16,3,0.00016900000000000002,NOT_PROVEN_FROM_EVENT_COUNT_ALONE
2022-08-17,3,-7.4e-05,NOT_PROVEN_FROM_EVENT_COUNT_ALONE
2022-08-18,3,-9.4e-05,NOT_PROVEN_FROM_EVENT_COUNT_ALONE
2022-08-19,3,-0.000336,NOT_PROVEN_FROM_EVENT_COUNT_ALONE
2022-08-20,3,-0.000478,NOT_PROVEN_FROM_EVENT_COUNT_ALONE
2022-08-21,3,-0.000441,NOT_PROVEN_FROM_EVENT_COUNT_ALONE
2022-08-22,3,-0.00011700000000000001,NOT_PROVEN_FROM_EVENT_COUNT_ALONE
2022-08-23,3,7.999999999999999e-05,NOT_PROVEN_FROM_EVENT_COUNT_ALONE
2022-08-24,3,-0.000163,NOT_PROVEN_FROM_EVENT_COUNT_ALONE
2022-08-25,3,-0.000187,NOT_PROVEN_FROM_EVENT_COUNT_ALONE
2022-08-26,3,-5.9000000000000004e-05,NOT_PROVEN_FROM_EVENT_COUNT_ALONE
2022-08-27,3,-0.0006280000000000001,NOT_PROVEN_FROM_EVENT_COUNT_ALONE
2022-08-28,3,-0.000796,NOT_PROVEN_FROM_EVENT_COUNT_ALONE
2022-08-29,3,-0.000476,NOT_PROVEN_FROM_EVENT_COUNT_ALONE
2022-08-30,3,-0.0007469999999999999,NOT_PROVEN_FROM_EVENT_COUNT_ALONE
2022-08-31,3,-0.00021,NOT_PROVEN_FROM_EVENT_COUNT_ALONE
2022-09-01,3,-4.599999999999999e-05,NOT_PROVEN_FROM_EVENT_COUNT_ALONE
2022-09-02,3,-9e-05,NOT_PROVEN_FROM_EVENT_COUNT_ALONE
2022-09-03,3,-8.9e-05,NOT_PROVEN_FROM_EVENT_COUNT_ALONE
2022-09-04,3,-0.000329,NOT_PROVEN_FROM_EVENT_COUNT_ALONE
2022-09-05,3,-0.000384,NOT_PROVEN_FROM_EVENT_COUNT_ALONE
2022-09-06,3,-0.00024799999999999996,NOT_PROVEN_FROM_EVENT_COUNT_ALONE
2022-09-07,3,-0.00018999999999999998,NOT_PROVEN_FROM_EVENT_COUNT_ALONE
2022-09-08,3,2.5000000000000005e-05,NOT_PROVEN_FROM_EVENT_COUNT_ALONE
2022-09-09,3,-3.000000000000006e-06,NOT_PROVEN_FROM_EVENT_COUNT_ALONE
2022-09-10,3,0.00012100000000000001,NOT_PROVEN_FROM_EVENT_COUNT_ALONE
2022-09-11,3,-0.000189,NOT_PROVEN_FROM_EVENT_COUNT_ALONE
2022-09-12,3,-6.8e-05,NOT_PROVEN_FROM_EVENT_COUNT_ALONE
2022-09-13,3,-9.699999999999999e-05,NOT_PROVEN_FROM_EVENT_COUNT_ALONE
2022-09-14,3,-0.000103,NOT_PROVEN_FROM_EVENT_COUNT_ALONE
2022-09-15,3,-0.000339,NOT_PROVEN_FROM_EVENT_COUNT_ALONE
2022-09-16,3,-0.000322,NOT_PROVEN_FROM_EVENT_COUNT_ALONE
2022-09-17,3,-0.000211,NOT_PROVEN_FROM_EVENT_COUNT_ALONE
2022-09-18,3,-0.000267,NOT_PROVEN_FROM_EVENT_COUNT_ALONE
2022-09-19,3,-0.000426,NOT_PROVEN_FROM_EVENT_COUNT_ALONE
2022-09-20,3,-0.000215,NOT_PROVEN_FROM_EVENT_COUNT_ALONE
2022-09-21,3,-2.4e-05,NOT_PROVEN_FROM_EVENT_COUNT_ALONE
2022-09-22,3,-0.00027800000000000004,NOT_PROVEN_FROM_EVENT_COUNT_ALONE
2022-09-23,3,-1.8000000000000004e-05,NOT_PROVEN_FROM_EVENT_COUNT_ALONE
2022-09-24,3,-7.2e-05,NOT_PROVEN_FROM_EVENT_COUNT_ALONE
2022-09-25,3,-0.000341,NOT_PROVEN_FROM_EVENT_COUNT_ALONE
2022-09-26,3,6.1000000000000005e-05,NOT_PROVEN_FROM_EVENT_COUNT_ALONE
2022-09-27,3,0.00011100000000000001,NOT_PROVEN_FROM_EVENT_COUNT_ALONE
2022-09-28,3,0.000193,NOT_PROVEN_FROM_EVENT_COUNT_ALONE
2022-09-29,3,0.00018899999999999999,NOT_PROVEN_FROM_EVENT_COUNT_ALONE
2022-09-30,3,-0.00015999999999999999,NOT_PROVEN_FROM_EVENT_COUNT_ALONE
2022-10-01,3,-0.000245,NOT_PROVEN_FROM_EVENT_COUNT_ALONE
2022-10-02,3,-0.000104,NOT_PROVEN_FROM_EVENT_COUNT_ALONE
2022-10-03,3,-0.000453,NOT_PROVEN_FROM_EVENT_COUNT_ALONE
2022-10-04,3,-6.300000000000001e-05,NOT_PROVEN_FROM_EVENT_COUNT_ALONE
2022-10-05,3,-0.000155,NOT_PROVEN_FROM_EVENT_COUNT_ALONE
2022-10-06,3,6.5e-05,NOT_PROVEN_FROM_EVENT_COUNT_ALONE
2022-10-07,3,-2.4e-05,NOT_PROVEN_FROM_EVENT_COUNT_ALONE
2022-10-08,3,-0.000186,NOT_PROVEN_FROM_EVENT_COUNT_ALONE
2022-10-09,3,-0.000152,NOT_PROVEN_FROM_EVENT_COUNT_ALONE
2022-10-10,3,-0.000401,NOT_PROVEN_FROM_EVENT_COUNT_ALONE
2022-10-11,3,4.8e-05,NOT_PROVEN_FROM_EVENT_COUNT_ALONE
2022-10-12,3,-1.7999999999999997e-05,NOT_PROVEN_FROM_EVENT_COUNT_ALONE
2022-10-13,3,-1.7999999999999997e-05,NOT_PROVEN_FROM_EVENT_COUNT_ALONE
2022-10-14,3,-9.999999999999999e-05,NOT_PROVEN_FROM_EVENT_COUNT_ALONE
2022-10-15,3,0.000246,NOT_PROVEN_FROM_EVENT_COUNT_ALONE
2022-10-16,3,-7.9e-05,NOT_PROVEN_FROM_EVENT_COUNT_ALONE
2022-10-17,3,3.000000000000001e-05,NOT_PROVEN_FROM_EVENT_COUNT_ALONE
2022-10-18,3,0.000114,NOT_PROVEN_FROM_EVENT_COUNT_ALONE
2022-10-19,3,0.00030000000000000003,NOT_PROVEN_FROM_EVENT_COUNT_ALONE
2022-10-20,3,2e-05,NOT_PROVEN_FROM_EVENT_COUNT_ALONE
2022-10-21,3,0.000109,NOT_PROVEN_FROM_EVENT_COUNT_ALONE
2022-10-22,3,0.000285,NOT_PROVEN_FROM_EVENT_COUNT_ALONE
2022-10-23,3,-7.6e-05,NOT_PROVEN_FROM_EVENT_COUNT_ALONE
2022-10-24,3,0.00025,NOT_PROVEN_FROM_EVENT_COUNT_ALONE
2022-10-25,3,-1.0000000000000012e-06,NOT_PROVEN_FROM_EVENT_COUNT_ALONE
2022-10-26,3,0.000186,NOT_PROVEN_FROM_EVENT_COUNT_ALONE
2022-10-27,3,0.000145,NOT_PROVEN_FROM_EVENT_COUNT_ALONE
2022-10-28,3,0.00030000000000000003,NOT_PROVEN_FROM_EVENT_COUNT_ALONE
2022-10-29,3,-7e-05,NOT_PROVEN_FROM_EVENT_COUNT_ALONE
2022-10-30,3,2.7999999999999996e-05,NOT_PROVEN_FROM_EVENT_COUNT_ALONE
2022-10-31,3,0.00030000000000000003,NOT_PROVEN_FROM_EVENT_COUNT_ALONE
2022-11-01,3,-4.299999999999999e-05,NOT_PROVEN_FROM_EVENT_COUNT_ALONE
2022-11-02,3,0.00016999999999999999,NOT_PROVEN_FROM_EVENT_COUNT_ALONE
2022-11-03,3,2.999999999999999e-05,NOT_PROVEN_FROM_EVENT_COUNT_ALONE
2022-11-04,3,3.7e-05,NOT_PROVEN_FROM_EVENT_COUNT_ALONE
2022-11-05,3,0.000273,NOT_PROVEN_FROM_EVENT_COUNT_ALONE
2022-11-06,3,0.00030000000000000003,NOT_PROVEN_FROM_EVENT_COUNT_ALONE
2022-11-07,3,0.000215,NOT_PROVEN_FROM_EVENT_COUNT_ALONE
2022-11-08,3,0.00011300000000000001,NOT_PROVEN_FROM_EVENT_COUNT_ALONE
2022-11-09,3,-0.00027699999999999996,NOT_PROVEN_FROM_EVENT_COUNT_ALONE
2022-11-10,3,-0.006130999999999999,NOT_PROVEN_FROM_EVENT_COUNT_ALONE
2022-11-11,3,-0.00625,NOT_PROVEN_FROM_EVENT_COUNT_ALONE
2022-11-12,3,-0.001165,NOT_PROVEN_FROM_EVENT_COUNT_ALONE
2022-11-13,3,-0.000678,NOT_PROVEN_FROM_EVENT_COUNT_ALONE
2022-11-14,3,-0.000985,NOT_PROVEN_FROM_EVENT_COUNT_ALONE
2022-11-15,3,-0.000178,NOT_PROVEN_FROM_EVENT_COUNT_ALONE
2022-11-16,3,-3.9e-05,NOT_PROVEN_FROM_EVENT_COUNT_ALONE
2022-11-17,3,0.00030000000000000003,NOT_PROVEN_FROM_EVENT_COUNT_ALONE
2022-11-18,3,0.00030000000000000003,NOT_PROVEN_FROM_EVENT_COUNT_ALONE
2022-11-19,3,8.8e-05,NOT_PROVEN_FROM_EVENT_COUNT_ALONE
2022-11-20,3,0.000155,NOT_PROVEN_FROM_EVENT_COUNT_ALONE
2022-11-21,3,0.00030000000000000003,NOT_PROVEN_FROM_EVENT_COUNT_ALONE
2022-11-22,3,-0.000162,NOT_PROVEN_FROM_EVENT_COUNT_ALONE
2022-11-23,3,-0.000629,NOT_PROVEN_FROM_EVENT_COUNT_ALONE
2022-11-24,3,-0.000272,NOT_PROVEN_FROM_EVENT_COUNT_ALONE
2022-11-25,3,0.00030000000000000003,NOT_PROVEN_FROM_EVENT_COUNT_ALONE
2022-11-26,3,-0.00017399999999999997,NOT_PROVEN_FROM_EVENT_COUNT_ALONE
2022-11-27,3,-0.0007199999999999999,NOT_PROVEN_FROM_EVENT_COUNT_ALONE
2022-11-28,3,0.00030000000000000003,NOT_PROVEN_FROM_EVENT_COUNT_ALONE
2022-11-29,3,-8.499999999999998e-05,NOT_PROVEN_FROM_EVENT_COUNT_ALONE
2022-11-30,3,-4.3999999999999985e-05,NOT_PROVEN_FROM_EVENT_COUNT_ALONE
2022-12-01,3,8.5e-05,NOT_PROVEN_FROM_EVENT_COUNT_ALONE
2022-12-02,3,-0.000123,NOT_PROVEN_FROM_EVENT_COUNT_ALONE
2022-12-03,3,0.00016800000000000002,NOT_PROVEN_FROM_EVENT_COUNT_ALONE
2022-12-04,3,0.000174,NOT_PROVEN_FROM_EVENT_COUNT_ALONE
2022-12-05,3,-0.000491,NOT_PROVEN_FROM_EVENT_COUNT_ALONE
2022-12-06,3,-0.001074,NOT_PROVEN_FROM_EVENT_COUNT_ALONE
2022-12-07,3,-7.999999999999978e-06,NOT_PROVEN_FROM_EVENT_COUNT_ALONE
2022-12-08,3,-4.7000000000000004e-05,NOT_PROVEN_FROM_EVENT_COUNT_ALONE
2022-12-09,3,-0.000628,NOT_PROVEN_FROM_EVENT_COUNT_ALONE
2022-12-10,3,-6.099999999999999e-05,NOT_PROVEN_FROM_EVENT_COUNT_ALONE
2022-12-11,3,-0.001001,NOT_PROVEN_FROM_EVENT_COUNT_ALONE
2022-12-12,3,-0.000389,NOT_PROVEN_FROM_EVENT_COUNT_ALONE
2022-12-13,3,-0.00023599999999999996,NOT_PROVEN_FROM_EVENT_COUNT_ALONE
2022-12-14,3,0.000258,NOT_PROVEN_FROM_EVENT_COUNT_ALONE
2022-12-15,3,0.00010400000000000001,NOT_PROVEN_FROM_EVENT_COUNT_ALONE
2022-12-16,3,-0.000128,NOT_PROVEN_FROM_EVENT_COUNT_ALONE
2022-12-17,3,-0.000903,NOT_PROVEN_FROM_EVENT_COUNT_ALONE
2022-12-18,3,-0.000657,NOT_PROVEN_FROM_EVENT_COUNT_ALONE
2022-12-19,3,-0.000132,NOT_PROVEN_FROM_EVENT_COUNT_ALONE
2022-12-20,3,-5.5999999999999986e-05,NOT_PROVEN_FROM_EVENT_COUNT_ALONE
2022-12-21,3,-0.000185,NOT_PROVEN_FROM_EVENT_COUNT_ALONE
2022-12-22,3,0.00030000000000000003,NOT_PROVEN_FROM_EVENT_COUNT_ALONE
2022-12-23,3,0.00017,NOT_PROVEN_FROM_EVENT_COUNT_ALONE
2022-12-24,3,-0.000249,NOT_PROVEN_FROM_EVENT_COUNT_ALONE
2022-12-25,3,-0.00011599999999999999,NOT_PROVEN_FROM_EVENT_COUNT_ALONE
2022-12-26,3,0.000166,NOT_PROVEN_FROM_EVENT_COUNT_ALONE
2022-12-27,3,-8.6e-05,NOT_PROVEN_FROM_EVENT_COUNT_ALONE
2022-12-28,3,1.7e-05,NOT_PROVEN_FROM_EVENT_COUNT_ALONE
2022-12-29,3,0.00030000000000000003,NOT_PROVEN_FROM_EVENT_COUNT_ALONE
2022-12-30,3,-0.000206,NOT_PROVEN_FROM_EVENT_COUNT_ALONE
2022-12-31,3,0.00030000000000000003,NOT_PROVEN_FROM_EVENT_COUNT_ALONE
2023-01-01,3,-3.8e-05,NOT_PROVEN_FROM_EVENT_COUNT_ALONE
2023-01-02,3,0.00011300000000000001,NOT_PROVEN_FROM_EVENT_COUNT_ALONE
2023-01-03,3,8.700000000000001e-05,NOT_PROVEN_FROM_EVENT_COUNT_ALONE
2023-01-04,3,-0.00021799999999999999,NOT_PROVEN_FROM_EVENT_COUNT_ALONE
2023-01-05,3,0.00011300000000000001,NOT_PROVEN_FROM_EVENT_COUNT_ALONE
2023-01-06,3,-0.00034,NOT_PROVEN_FROM_EVENT_COUNT_ALONE
2023-01-07,3,0.000164,NOT_PROVEN_FROM_EVENT_COUNT_ALONE
2023-01-08,3,0.00030000000000000003,NOT_PROVEN_FROM_EVENT_COUNT_ALONE
2023-01-09,3,0.00030000000000000003,NOT_PROVEN_FROM_EVENT_COUNT_ALONE
2023-01-10,3,0.000176,NOT_PROVEN_FROM_EVENT_COUNT_ALONE
2023-01-11,3,0.00030000000000000003,NOT_PROVEN_FROM_EVENT_COUNT_ALONE
2023-01-12,3,0.00030000000000000003,NOT_PROVEN_FROM_EVENT_COUNT_ALONE
2023-01-13,3,0.00030000000000000003,NOT_PROVEN_FROM_EVENT_COUNT_ALONE
2023-01-14,3,0.00020800000000000001,NOT_PROVEN_FROM_EVENT_COUNT_ALONE
2023-01-15,3,0.00030000000000000003,NOT_PROVEN_FROM_EVENT_COUNT_ALONE
2023-01-16,3,0.00030000000000000003,NOT_PROVEN_FROM_EVENT_COUNT_ALONE
2023-01-17,3,0.00030000000000000003,NOT_PROVEN_FROM_EVENT_COUNT_ALONE
2023-01-18,3,-0.000147,NOT_PROVEN_FROM_EVENT_COUNT_ALONE
2023-01-19,3,0.000239,NOT_PROVEN_FROM_EVENT_COUNT_ALONE
2023-01-20,3,-0.00033999999999999997,NOT_PROVEN_FROM_EVENT_COUNT_ALONE
2023-01-21,3,0.00030000000000000003,NOT_PROVEN_FROM_EVENT_COUNT_ALONE
2023-01-22,3,0.00030000000000000003,NOT_PROVEN_FROM_EVENT_COUNT_ALONE
2023-01-23,3,0.00022500000000000002,NOT_PROVEN_FROM_EVENT_COUNT_ALONE
2023-01-24,3,0.00030000000000000003,NOT_PROVEN_FROM_EVENT_COUNT_ALONE
2023-01-25,3,0.00030000000000000003,NOT_PROVEN_FROM_EVENT_COUNT_ALONE
2023-01-26,3,0.00030000000000000003,NOT_PROVEN_FROM_EVENT_COUNT_ALONE
2023-01-27,3,0.00028000000000000003,NOT_PROVEN_FROM_EVENT_COUNT_ALONE
2023-01-28,3,0.00018700000000000002,NOT_PROVEN_FROM_EVENT_COUNT_ALONE
2023-01-29,3,0.000277,NOT_PROVEN_FROM_EVENT_COUNT_ALONE
2023-01-30,3,0.00030000000000000003,NOT_PROVEN_FROM_EVENT_COUNT_ALONE
2023-01-31,3,6.099999999999999e-05,NOT_PROVEN_FROM_EVENT_COUNT_ALONE
2023-02-01,3,-0.000185,NOT_PROVEN_FROM_EVENT_COUNT_ALONE
2023-02-02,3,0.00030000000000000003,NOT_PROVEN_FROM_EVENT_COUNT_ALONE
2023-02-03,3,0.00027800000000000004,NOT_PROVEN_FROM_EVENT_COUNT_ALONE
2023-02-04,3,0.000162,NOT_PROVEN_FROM_EVENT_COUNT_ALONE
2023-02-05,3,-0.00028199999999999997,NOT_PROVEN_FROM_EVENT_COUNT_ALONE
2023-02-06,3,0.000161,NOT_PROVEN_FROM_EVENT_COUNT_ALONE
2023-02-07,3,8e-05,NOT_PROVEN_FROM_EVENT_COUNT_ALONE
2023-02-08,3,0.00015999999999999999,NOT_PROVEN_FROM_EVENT_COUNT_ALONE
2023-02-09,3,-0.000499,NOT_PROVEN_FROM_EVENT_COUNT_ALONE
2023-02-10,3,-0.00022700000000000002,NOT_PROVEN_FROM_EVENT_COUNT_ALONE
2023-02-11,3,5.4e-05,NOT_PROVEN_FROM_EVENT_COUNT_ALONE
2023-02-12,3,-0.000616,NOT_PROVEN_FROM_EVENT_COUNT_ALONE
2023-02-13,3,-0.000688,NOT_PROVEN_FROM_EVENT_COUNT_ALONE
2023-02-14,3,6e-06,NOT_PROVEN_FROM_EVENT_COUNT_ALONE
2023-02-15,3,-2.7999999999999993e-05,NOT_PROVEN_FROM_EVENT_COUNT_ALONE
2023-02-16,3,0.00039000000000000005,NOT_PROVEN_FROM_EVENT_COUNT_ALONE
2023-02-17,3,0.000536,NOT_PROVEN_FROM_EVENT_COUNT_ALONE
2023-02-18,3,0.00030000000000000003,NOT_PROVEN_FROM_EVENT_COUNT_ALONE
2023-02-19,3,0.00030000000000000003,NOT_PROVEN_FROM_EVENT_COUNT_ALONE
2023-02-20,3,0.00030000000000000003,NOT_PROVEN_FROM_EVENT_COUNT_ALONE
2023-02-21,3,0.00030000000000000003,NOT_PROVEN_FROM_EVENT_COUNT_ALONE
2023-02-22,3,0.00030000000000000003,NOT_PROVEN_FROM_EVENT_COUNT_ALONE
2023-02-23,3,0.00030000000000000003,NOT_PROVEN_FROM_EVENT_COUNT_ALONE
2023-02-24,3,0.00030000000000000003,NOT_PROVEN_FROM_EVENT_COUNT_ALONE
2023-02-25,3,0.000114,NOT_PROVEN_FROM_EVENT_COUNT_ALONE
2023-02-26,3,0.00027100000000000003,NOT_PROVEN_FROM_EVENT_COUNT_ALONE
2023-02-27,3,0.00030000000000000003,NOT_PROVEN_FROM_EVENT_COUNT_ALONE
2023-02-28,3,0.00030000000000000003,NOT_PROVEN_FROM_EVENT_COUNT_ALONE
2023-03-01,3,0.000181,NOT_PROVEN_FROM_EVENT_COUNT_ALONE
2023-03-02,3,0.00030000000000000003,NOT_PROVEN_FROM_EVENT_COUNT_ALONE
2023-03-03,3,-0.000171,NOT_PROVEN_FROM_EVENT_COUNT_ALONE
2023-03-04,3,0.00016800000000000002,NOT_PROVEN_FROM_EVENT_COUNT_ALONE
2023-03-05,3,-2.4999999999999998e-05,NOT_PROVEN_FROM_EVENT_COUNT_ALONE
2023-03-06,3,-0.000584,NOT_PROVEN_FROM_EVENT_COUNT_ALONE
2023-03-07,3,7.7e-05,NOT_PROVEN_FROM_EVENT_COUNT_ALONE
2023-03-08,3,0.00023,NOT_PROVEN_FROM_EVENT_COUNT_ALONE
2023-03-09,3,-3.7e-05,NOT_PROVEN_FROM_EVENT_COUNT_ALONE
2023-03-10,3,-0.0007819999999999999,NOT_PROVEN_FROM_EVENT_COUNT_ALONE
2023-03-11,3,-0.002293,NOT_PROVEN_FROM_EVENT_COUNT_ALONE
2023-03-12,3,-0.0034389999999999998,NOT_PROVEN_FROM_EVENT_COUNT_ALONE
2023-03-13,3,-0.002145,NOT_PROVEN_FROM_EVENT_COUNT_ALONE
2023-03-14,3,-4.999999999999991e-06,NOT_PROVEN_FROM_EVENT_COUNT_ALONE
2023-03-15,3,0.00030000000000000003,NOT_PROVEN_FROM_EVENT_COUNT_ALONE
2023-03-16,3,-0.00044,NOT_PROVEN_FROM_EVENT_COUNT_ALONE
2023-03-17,3,0.00030000000000000003,NOT_PROVEN_FROM_EVENT_COUNT_ALONE
2023-03-18,3,0.00030000000000000003,NOT_PROVEN_FROM_EVENT_COUNT_ALONE
2023-03-19,3,0.00030000000000000003,NOT_PROVEN_FROM_EVENT_COUNT_ALONE
2023-03-20,3,0.000105,NOT_PROVEN_FROM_EVENT_COUNT_ALONE
2023-03-21,3,-0.000359,NOT_PROVEN_FROM_EVENT_COUNT_ALONE
2023-03-22,3,-0.000208,NOT_PROVEN_FROM_EVENT_COUNT_ALONE
2023-03-23,3,-2.8000000000000003e-05,NOT_PROVEN_FROM_EVENT_COUNT_ALONE
2023-03-24,3,0.00022600000000000002,NOT_PROVEN_FROM_EVENT_COUNT_ALONE
2023-03-25,3,0.000177,NOT_PROVEN_FROM_EVENT_COUNT_ALONE
2023-03-26,3,-5.2999999999999994e-05,NOT_PROVEN_FROM_EVENT_COUNT_ALONE
2023-03-27,3,0.000201,NOT_PROVEN_FROM_EVENT_COUNT_ALONE
2023-03-28,3,0.000129,NOT_PROVEN_FROM_EVENT_COUNT_ALONE
2023-03-29,3,0.000234,NOT_PROVEN_FROM_EVENT_COUNT_ALONE
2023-03-30,3,0.00030000000000000003,NOT_PROVEN_FROM_EVENT_COUNT_ALONE
2023-03-31,3,0.000182,NOT_PROVEN_FROM_EVENT_COUNT_ALONE
2023-04-01,3,0.00030000000000000003,NOT_PROVEN_FROM_EVENT_COUNT_ALONE
2023-04-02,3,0.00030000000000000003,NOT_PROVEN_FROM_EVENT_COUNT_ALONE
2023-04-03,3,-0.00016900000000000002,NOT_PROVEN_FROM_EVENT_COUNT_ALONE
2023-04-04,3,-0.000162,NOT_PROVEN_FROM_EVENT_COUNT_ALONE
2023-04-05,3,0.00030000000000000003,NOT_PROVEN_FROM_EVENT_COUNT_ALONE
2023-04-06,3,7.400000000000001e-05,NOT_PROVEN_FROM_EVENT_COUNT_ALONE
2023-04-07,3,-0.000167,NOT_PROVEN_FROM_EVENT_COUNT_ALONE
2023-04-08,3,-2.7000000000000006e-05,NOT_PROVEN_FROM_EVENT_COUNT_ALONE
2023-04-09,3,-8.3e-05,NOT_PROVEN_FROM_EVENT_COUNT_ALONE
2023-04-10,3,0.000193,NOT_PROVEN_FROM_EVENT_COUNT_ALONE
2023-04-11,3,0.00030000000000000003,NOT_PROVEN_FROM_EVENT_COUNT_ALONE
2023-04-12,3,0.00030000000000000003,NOT_PROVEN_FROM_EVENT_COUNT_ALONE
2023-04-13,3,0.000177,NOT_PROVEN_FROM_EVENT_COUNT_ALONE
2023-04-14,3,0.000268,NOT_PROVEN_FROM_EVENT_COUNT_ALONE
2023-04-15,3,0.000169,NOT_PROVEN_FROM_EVENT_COUNT_ALONE
2023-04-16,3,0.00030000000000000003,NOT_PROVEN_FROM_EVENT_COUNT_ALONE
2023-04-17,3,0.00013000000000000002,NOT_PROVEN_FROM_EVENT_COUNT_ALONE
2023-04-18,3,3.9999999999999996e-05,NOT_PROVEN_FROM_EVENT_COUNT_ALONE
2023-04-19,3,0.00010300000000000001,NOT_PROVEN_FROM_EVENT_COUNT_ALONE
2023-04-20,3,-0.000346,NOT_PROVEN_FROM_EVENT_COUNT_ALONE
2023-04-21,3,0.000268,NOT_PROVEN_FROM_EVENT_COUNT_ALONE
2023-04-22,3,0.00030000000000000003,NOT_PROVEN_FROM_EVENT_COUNT_ALONE
2023-04-23,3,-4.000000000000009e-06,NOT_PROVEN_FROM_EVENT_COUNT_ALONE
2023-04-24,3,7e-05,NOT_PROVEN_FROM_EVENT_COUNT_ALONE
2023-04-25,3,-0.000124,NOT_PROVEN_FROM_EVENT_COUNT_ALONE
2023-04-26,3,0.00017800000000000002,NOT_PROVEN_FROM_EVENT_COUNT_ALONE
2023-04-27,3,-0.00023799999999999998,NOT_PROVEN_FROM_EVENT_COUNT_ALONE
2023-04-28,3,-0.000243,NOT_PROVEN_FROM_EVENT_COUNT_ALONE
2023-04-29,3,-0.000699,NOT_PROVEN_FROM_EVENT_COUNT_ALONE
2023-04-30,3,-7.7e-05,NOT_PROVEN_FROM_EVENT_COUNT_ALONE
2023-05-01,3,-3.1e-05,NOT_PROVEN_FROM_EVENT_COUNT_ALONE
2023-05-02,3,4.500000000000001e-05,NOT_PROVEN_FROM_EVENT_COUNT_ALONE
2023-05-03,3,-0.00010400000000000001,NOT_PROVEN_FROM_EVENT_COUNT_ALONE
2023-05-04,3,0.00030000000000000003,NOT_PROVEN_FROM_EVENT_COUNT_ALONE
2023-05-05,3,-6.5e-05,NOT_PROVEN_FROM_EVENT_COUNT_ALONE
2023-05-06,3,-0.00044,NOT_PROVEN_FROM_EVENT_COUNT_ALONE
2023-05-07,3,-0.001638,NOT_PROVEN_FROM_EVENT_COUNT_ALONE
2023-05-08,3,-0.003339,NOT_PROVEN_FROM_EVENT_COUNT_ALONE
2023-05-09,3,-0.002498,NOT_PROVEN_FROM_EVENT_COUNT_ALONE
2023-05-10,3,0.000206,NOT_PROVEN_FROM_EVENT_COUNT_ALONE
2023-05-11,3,-0.000234,NOT_PROVEN_FROM_EVENT_COUNT_ALONE
2023-05-12,3,-6.1000000000000005e-05,NOT_PROVEN_FROM_EVENT_COUNT_ALONE
2023-05-13,3,2.4000000000000007e-05,NOT_PROVEN_FROM_EVENT_COUNT_ALONE
2023-05-14,3,-0.000519,NOT_PROVEN_FROM_EVENT_COUNT_ALONE
2023-05-15,3,-0.000234,NOT_PROVEN_FROM_EVENT_COUNT_ALONE
2023-05-16,3,2.3000000000000003e-05,NOT_PROVEN_FROM_EVENT_COUNT_ALONE
2023-05-17,3,0.00023500000000000002,NOT_PROVEN_FROM_EVENT_COUNT_ALONE
2023-05-18,3,0.000107,NOT_PROVEN_FROM_EVENT_COUNT_ALONE
2023-05-19,3,0.000206,NOT_PROVEN_FROM_EVENT_COUNT_ALONE
2023-05-20,3,-0.000156,NOT_PROVEN_FROM_EVENT_COUNT_ALONE
2023-05-21,3,-0.000334,NOT_PROVEN_FROM_EVENT_COUNT_ALONE
2023-05-22,3,0.000245,NOT_PROVEN_FROM_EVENT_COUNT_ALONE
2023-05-23,3,0.000274,NOT_PROVEN_FROM_EVENT_COUNT_ALONE
2023-05-24,3,3.200000000000002e-05,NOT_PROVEN_FROM_EVENT_COUNT_ALONE
2023-05-25,3,0.0002,NOT_PROVEN_FROM_EVENT_COUNT_ALONE
2023-05-26,3,-3.399999999999999e-05,NOT_PROVEN_FROM_EVENT_COUNT_ALONE
2023-05-27,3,-0.000124,NOT_PROVEN_FROM_EVENT_COUNT_ALONE
2023-05-28,3,0.00030000000000000003,NOT_PROVEN_FROM_EVENT_COUNT_ALONE
2023-05-29,3,0.00030000000000000003,NOT_PROVEN_FROM_EVENT_COUNT_ALONE
2023-05-30,3,0.000283,NOT_PROVEN_FROM_EVENT_COUNT_ALONE
2023-05-31,3,0.00030000000000000003,NOT_PROVEN_FROM_EVENT_COUNT_ALONE
2023-06-01,3,1.6e-05,NOT_PROVEN_FROM_EVENT_COUNT_ALONE
2023-06-02,3,1.9999999999999998e-05,NOT_PROVEN_FROM_EVENT_COUNT_ALONE
2023-06-03,3,9.2e-05,NOT_PROVEN_FROM_EVENT_COUNT_ALONE
2023-06-04,3,-6.199999999999999e-05,NOT_PROVEN_FROM_EVENT_COUNT_ALONE
2023-06-05,3,0.000131,NOT_PROVEN_FROM_EVENT_COUNT_ALONE
2023-06-06,3,-6.199999999999999e-05,NOT_PROVEN_FROM_EVENT_COUNT_ALONE
2023-06-07,3,0.00030000000000000003,NOT_PROVEN_FROM_EVENT_COUNT_ALONE
2023-06-08,3,0.00020700000000000002,NOT_PROVEN_FROM_EVENT_COUNT_ALONE
2023-06-09,3,0.000163,NOT_PROVEN_FROM_EVENT_COUNT_ALONE
2023-06-10,3,-4.4999999999999996e-05,NOT_PROVEN_FROM_EVENT_COUNT_ALONE
2023-06-11,3,-0.000146,NOT_PROVEN_FROM_EVENT_COUNT_ALONE
2023-06-12,3,0.000136,NOT_PROVEN_FROM_EVENT_COUNT_ALONE
2023-06-13,3,0.00030000000000000003,NOT_PROVEN_FROM_EVENT_COUNT_ALONE
2023-06-14,3,0.00026000000000000003,NOT_PROVEN_FROM_EVENT_COUNT_ALONE
2023-06-15,3,0.00010600000000000002,NOT_PROVEN_FROM_EVENT_COUNT_ALONE
2023-06-16,3,0.00030000000000000003,NOT_PROVEN_FROM_EVENT_COUNT_ALONE
2023-06-17,3,0.00030000000000000003,NOT_PROVEN_FROM_EVENT_COUNT_ALONE
2023-06-18,3,0.000265,NOT_PROVEN_FROM_EVENT_COUNT_ALONE
2023-06-19,3,0.000222,NOT_PROVEN_FROM_EVENT_COUNT_ALONE
2023-06-20,3,0.00030000000000000003,NOT_PROVEN_FROM_EVENT_COUNT_ALONE
2023-06-21,3,0.00011300000000000001,NOT_PROVEN_FROM_EVENT_COUNT_ALONE
2023-06-22,3,0.00030000000000000003,NOT_PROVEN_FROM_EVENT_COUNT_ALONE
2023-06-23,3,0.00030000000000000003,NOT_PROVEN_FROM_EVENT_COUNT_ALONE
2023-06-24,3,0.00019800000000000002,NOT_PROVEN_FROM_EVENT_COUNT_ALONE
2023-06-25,3,0.000265,NOT_PROVEN_FROM_EVENT_COUNT_ALONE
2023-06-26,3,0.000285,NOT_PROVEN_FROM_EVENT_COUNT_ALONE
2023-06-27,3,0.00015900000000000002,NOT_PROVEN_FROM_EVENT_COUNT_ALONE
2023-06-28,3,0.000102,NOT_PROVEN_FROM_EVENT_COUNT_ALONE
2023-06-29,3,0.000185,NOT_PROVEN_FROM_EVENT_COUNT_ALONE
2023-06-30,3,0.00030000000000000003,NOT_PROVEN_FROM_EVENT_COUNT_ALONE
2023-07-01,3,0.00030000000000000003,NOT_PROVEN_FROM_EVENT_COUNT_ALONE
2023-07-02,3,0.00030000000000000003,NOT_PROVEN_FROM_EVENT_COUNT_ALONE
2023-07-03,3,0.000277,NOT_PROVEN_FROM_EVENT_COUNT_ALONE
2023-07-04,3,0.000273,NOT_PROVEN_FROM_EVENT_COUNT_ALONE
2023-07-05,3,0.000171,NOT_PROVEN_FROM_EVENT_COUNT_ALONE
2023-07-06,3,0.000228,NOT_PROVEN_FROM_EVENT_COUNT_ALONE
2023-07-07,3,-0.000328,NOT_PROVEN_FROM_EVENT_COUNT_ALONE
2023-07-08,3,2.9e-05,NOT_PROVEN_FROM_EVENT_COUNT_ALONE
2023-07-09,3,-2.5999999999999995e-05,NOT_PROVEN_FROM_EVENT_COUNT_ALONE
2023-07-10,3,0.00017,NOT_PROVEN_FROM_EVENT_COUNT_ALONE
2023-07-11,3,0.00030000000000000003,NOT_PROVEN_FROM_EVENT_COUNT_ALONE
2023-07-12,3,0.00030000000000000003,NOT_PROVEN_FROM_EVENT_COUNT_ALONE
2023-07-13,3,0.000138,NOT_PROVEN_FROM_EVENT_COUNT_ALONE
2023-07-14,3,0.00030000000000000003,NOT_PROVEN_FROM_EVENT_COUNT_ALONE
2023-07-15,3,-0.00021999999999999998,NOT_PROVEN_FROM_EVENT_COUNT_ALONE
2023-07-16,3,0.000174,NOT_PROVEN_FROM_EVENT_COUNT_ALONE
2023-07-17,3,-0.000124,NOT_PROVEN_FROM_EVENT_COUNT_ALONE
2023-07-18,3,7e-05,NOT_PROVEN_FROM_EVENT_COUNT_ALONE
2023-07-19,3,0.000202,NOT_PROVEN_FROM_EVENT_COUNT_ALONE
2023-07-20,3,0.000214,NOT_PROVEN_FROM_EVENT_COUNT_ALONE
2023-07-21,3,1.0000000000000003e-05,NOT_PROVEN_FROM_EVENT_COUNT_ALONE
2023-07-22,3,1.9e-05,NOT_PROVEN_FROM_EVENT_COUNT_ALONE
2023-07-23,3,1.3000000000000001e-05,NOT_PROVEN_FROM_EVENT_COUNT_ALONE
2023-07-24,3,8.999999999999982e-06,NOT_PROVEN_FROM_EVENT_COUNT_ALONE
2023-07-25,3,8.4e-05,NOT_PROVEN_FROM_EVENT_COUNT_ALONE
2023-07-26,3,-8.7e-05,NOT_PROVEN_FROM_EVENT_COUNT_ALONE
2023-07-27,3,0.000225,NOT_PROVEN_FROM_EVENT_COUNT_ALONE
2023-07-28,3,0.00015800000000000002,NOT_PROVEN_FROM_EVENT_COUNT_ALONE
2023-07-29,3,2.0000000000000046e-06,NOT_PROVEN_FROM_EVENT_COUNT_ALONE
2023-07-30,3,2.8000000000000003e-05,NOT_PROVEN_FROM_EVENT_COUNT_ALONE
2023-07-31,3,9.800000000000001e-05,NOT_PROVEN_FROM_EVENT_COUNT_ALONE
2023-08-01,3,-7.8e-05,NOT_PROVEN_FROM_EVENT_COUNT_ALONE
2023-08-02,3,0.00030000000000000003,NOT_PROVEN_FROM_EVENT_COUNT_ALONE
2023-08-03,3,0.00030000000000000003,NOT_PROVEN_FROM_EVENT_COUNT_ALONE
2023-08-04,3,0.00030000000000000003,NOT_PROVEN_FROM_EVENT_COUNT_ALONE
2023-08-05,3,0.00030000000000000003,NOT_PROVEN_FROM_EVENT_COUNT_ALONE
2023-08-06,3,0.00030000000000000003,NOT_PROVEN_FROM_EVENT_COUNT_ALONE
2023-08-07,3,0.00030000000000000003,NOT_PROVEN_FROM_EVENT_COUNT_ALONE
2023-08-08,3,0.00030000000000000003,NOT_PROVEN_FROM_EVENT_COUNT_ALONE
2023-08-09,3,0.00030000000000000003,NOT_PROVEN_FROM_EVENT_COUNT_ALONE
2023-08-10,3,0.00030000000000000003,NOT_PROVEN_FROM_EVENT_COUNT_ALONE
2023-08-11,3,0.00030000000000000003,NOT_PROVEN_FROM_EVENT_COUNT_ALONE
2023-08-12,3,0.00030000000000000003,NOT_PROVEN_FROM_EVENT_COUNT_ALONE
2023-08-13,3,0.000255,NOT_PROVEN_FROM_EVENT_COUNT_ALONE
2023-08-14,3,0.00021600000000000002,NOT_PROVEN_FROM_EVENT_COUNT_ALONE
2023-08-15,3,0.00030000000000000003,NOT_PROVEN_FROM_EVENT_COUNT_ALONE
2023-08-16,3,0.00030000000000000003,NOT_PROVEN_FROM_EVENT_COUNT_ALONE
2023-08-17,3,-0.000299,NOT_PROVEN_FROM_EVENT_COUNT_ALONE
2023-08-18,3,-0.001613,NOT_PROVEN_FROM_EVENT_COUNT_ALONE
2023-08-19,3,-0.000108,NOT_PROVEN_FROM_EVENT_COUNT_ALONE
2023-08-20,3,-0.000431,NOT_PROVEN_FROM_EVENT_COUNT_ALONE
2023-08-21,3,-0.000202,NOT_PROVEN_FROM_EVENT_COUNT_ALONE
2023-08-22,3,6.9e-05,NOT_PROVEN_FROM_EVENT_COUNT_ALONE
2023-08-23,3,0.000232,NOT_PROVEN_FROM_EVENT_COUNT_ALONE
2023-08-24,3,7.000000000000001e-05,NOT_PROVEN_FROM_EVENT_COUNT_ALONE
2023-08-25,3,3.7e-05,NOT_PROVEN_FROM_EVENT_COUNT_ALONE
2023-08-26,3,9.5e-05,NOT_PROVEN_FROM_EVENT_COUNT_ALONE
2023-08-27,3,0.00030000000000000003,NOT_PROVEN_FROM_EVENT_COUNT_ALONE
2023-08-28,3,-0.000185,NOT_PROVEN_FROM_EVENT_COUNT_ALONE
2023-08-29,3,-6.999999999999996e-06,NOT_PROVEN_FROM_EVENT_COUNT_ALONE
2023-08-30,3,0.000241,NOT_PROVEN_FROM_EVENT_COUNT_ALONE
2023-08-31,3,1.4000000000000001e-05,NOT_PROVEN_FROM_EVENT_COUNT_ALONE
2023-09-01,3,-0.00040500000000000003,NOT_PROVEN_FROM_EVENT_COUNT_ALONE
2023-09-02,3,0.00016,NOT_PROVEN_FROM_EVENT_COUNT_ALONE
2023-09-03,3,-1.9e-05,NOT_PROVEN_FROM_EVENT_COUNT_ALONE
2023-09-04,3,0.00030000000000000003,NOT_PROVEN_FROM_EVENT_COUNT_ALONE
2023-09-05,3,0.000194,NOT_PROVEN_FROM_EVENT_COUNT_ALONE
2023-09-06,3,0.000292,NOT_PROVEN_FROM_EVENT_COUNT_ALONE
2023-09-07,3,0.00030000000000000003,NOT_PROVEN_FROM_EVENT_COUNT_ALONE
2023-09-08,3,0.00030000000000000003,NOT_PROVEN_FROM_EVENT_COUNT_ALONE
2023-09-09,3,0.000204,NOT_PROVEN_FROM_EVENT_COUNT_ALONE
2023-09-10,3,0.000238,NOT_PROVEN_FROM_EVENT_COUNT_ALONE
2023-09-11,3,8.3e-05,NOT_PROVEN_FROM_EVENT_COUNT_ALONE
2023-09-12,3,-1.2999999999999998e-05,NOT_PROVEN_FROM_EVENT_COUNT_ALONE
2023-09-13,3,8e-05,NOT_PROVEN_FROM_EVENT_COUNT_ALONE
2023-09-14,3,0.000131,NOT_PROVEN_FROM_EVENT_COUNT_ALONE
2023-09-15,3,0.000166,NOT_PROVEN_FROM_EVENT_COUNT_ALONE
2023-09-16,3,1.2000000000000002e-05,NOT_PROVEN_FROM_EVENT_COUNT_ALONE
2023-09-17,3,-0.000267,NOT_PROVEN_FROM_EVENT_COUNT_ALONE
2023-09-18,3,-4.1e-05,NOT_PROVEN_FROM_EVENT_COUNT_ALONE
2023-09-19,3,-7.3e-05,NOT_PROVEN_FROM_EVENT_COUNT_ALONE
2023-09-20,3,-0.000154,NOT_PROVEN_FROM_EVENT_COUNT_ALONE
2023-09-21,3,0.0001,NOT_PROVEN_FROM_EVENT_COUNT_ALONE
2023-09-22,3,8.599999999999999e-05,NOT_PROVEN_FROM_EVENT_COUNT_ALONE
2023-09-23,3,0.00030000000000000003,NOT_PROVEN_FROM_EVENT_COUNT_ALONE
2023-09-24,3,0.00030000000000000003,NOT_PROVEN_FROM_EVENT_COUNT_ALONE
2023-09-25,3,-0.000226,NOT_PROVEN_FROM_EVENT_COUNT_ALONE
2023-09-26,3,0.000184,NOT_PROVEN_FROM_EVENT_COUNT_ALONE
2023-09-27,3,0.000299,NOT_PROVEN_FROM_EVENT_COUNT_ALONE
2023-09-28,3,0.000255,NOT_PROVEN_FROM_EVENT_COUNT_ALONE
2023-09-29,3,0.00022400000000000002,NOT_PROVEN_FROM_EVENT_COUNT_ALONE
2023-09-30,3,0.000274,NOT_PROVEN_FROM_EVENT_COUNT_ALONE
2023-10-01,3,1.7e-05,NOT_PROVEN_FROM_EVENT_COUNT_ALONE
2023-10-02,3,0.000203,NOT_PROVEN_FROM_EVENT_COUNT_ALONE
2023-10-03,3,0.00023700000000000001,NOT_PROVEN_FROM_EVENT_COUNT_ALONE
2023-10-04,3,3.3e-05,NOT_PROVEN_FROM_EVENT_COUNT_ALONE
2023-10-05,3,1.0999999999999998e-05,NOT_PROVEN_FROM_EVENT_COUNT_ALONE
2023-10-06,3,-0.000148,NOT_PROVEN_FROM_EVENT_COUNT_ALONE
2023-10-07,3,-3.2e-05,NOT_PROVEN_FROM_EVENT_COUNT_ALONE
2023-10-08,3,-0.0003,NOT_PROVEN_FROM_EVENT_COUNT_ALONE
2023-10-09,3,-4.8e-05,NOT_PROVEN_FROM_EVENT_COUNT_ALONE
2023-10-10,3,0.000232,NOT_PROVEN_FROM_EVENT_COUNT_ALONE
2023-10-11,3,-8.3e-05,NOT_PROVEN_FROM_EVENT_COUNT_ALONE
2023-10-12,3,0.000264,NOT_PROVEN_FROM_EVENT_COUNT_ALONE
2023-10-13,3,0.00030000000000000003,NOT_PROVEN_FROM_EVENT_COUNT_ALONE
2023-10-14,3,0.00014800000000000002,NOT_PROVEN_FROM_EVENT_COUNT_ALONE
2023-10-15,3,-8.199999999999999e-05,NOT_PROVEN_FROM_EVENT_COUNT_ALONE
2023-10-16,3,4.000000000000009e-06,NOT_PROVEN_FROM_EVENT_COUNT_ALONE
2023-10-17,3,8.6e-05,NOT_PROVEN_FROM_EVENT_COUNT_ALONE
2023-10-18,3,-3.7e-05,NOT_PROVEN_FROM_EVENT_COUNT_ALONE
2023-10-19,3,-3.4e-05,NOT_PROVEN_FROM_EVENT_COUNT_ALONE
2023-10-20,3,6.7e-05,NOT_PROVEN_FROM_EVENT_COUNT_ALONE
2023-10-21,3,-1.3000000000000001e-05,NOT_PROVEN_FROM_EVENT_COUNT_ALONE
2023-10-22,3,0.00023700000000000001,NOT_PROVEN_FROM_EVENT_COUNT_ALONE
2023-10-23,3,0.000261,NOT_PROVEN_FROM_EVENT_COUNT_ALONE
2023-10-24,3,0.000298,NOT_PROVEN_FROM_EVENT_COUNT_ALONE
2023-10-25,3,0.000357,NOT_PROVEN_FROM_EVENT_COUNT_ALONE
2023-10-26,3,0.000548,NOT_PROVEN_FROM_EVENT_COUNT_ALONE
2023-10-27,3,0.00030000000000000003,NOT_PROVEN_FROM_EVENT_COUNT_ALONE
2023-10-28,3,0.00030000000000000003,NOT_PROVEN_FROM_EVENT_COUNT_ALONE
2023-10-29,3,0.0009040000000000001,NOT_PROVEN_FROM_EVENT_COUNT_ALONE
2023-10-30,3,0.000737,NOT_PROVEN_FROM_EVENT_COUNT_ALONE
2023-10-31,3,0.000392,NOT_PROVEN_FROM_EVENT_COUNT_ALONE
2023-11-01,3,0.000686,NOT_PROVEN_FROM_EVENT_COUNT_ALONE
2023-11-02,3,0.0009580000000000001,NOT_PROVEN_FROM_EVENT_COUNT_ALONE
2023-11-03,3,0.00030000000000000003,NOT_PROVEN_FROM_EVENT_COUNT_ALONE
2023-11-04,3,0.00030000000000000003,NOT_PROVEN_FROM_EVENT_COUNT_ALONE
2023-11-05,3,0.00030000000000000003,NOT_PROVEN_FROM_EVENT_COUNT_ALONE
2023-11-06,3,0.000654,NOT_PROVEN_FROM_EVENT_COUNT_ALONE
2023-11-07,3,0.00030000000000000003,NOT_PROVEN_FROM_EVENT_COUNT_ALONE
2023-11-08,3,0.000323,NOT_PROVEN_FROM_EVENT_COUNT_ALONE
2023-11-09,3,0.000686,NOT_PROVEN_FROM_EVENT_COUNT_ALONE
2023-11-10,3,0.0013189999999999999,NOT_PROVEN_FROM_EVENT_COUNT_ALONE
2023-11-11,3,0.000303,NOT_PROVEN_FROM_EVENT_COUNT_ALONE
2023-11-12,3,0.0005160000000000001,NOT_PROVEN_FROM_EVENT_COUNT_ALONE
2023-11-13,3,0.000794,NOT_PROVEN_FROM_EVENT_COUNT_ALONE
2023-11-14,3,0.00033200000000000005,NOT_PROVEN_FROM_EVENT_COUNT_ALONE
2023-11-15,3,0.00030000000000000003,NOT_PROVEN_FROM_EVENT_COUNT_ALONE
2023-11-16,3,0.00030000000000000003,NOT_PROVEN_FROM_EVENT_COUNT_ALONE
2023-11-17,3,0.00030000000000000003,NOT_PROVEN_FROM_EVENT_COUNT_ALONE
2023-11-18,3,0.00030000000000000003,NOT_PROVEN_FROM_EVENT_COUNT_ALONE
2023-11-19,3,0.00030000000000000003,NOT_PROVEN_FROM_EVENT_COUNT_ALONE
2023-11-20,3,0.00030000000000000003,NOT_PROVEN_FROM_EVENT_COUNT_ALONE
2023-11-21,3,0.00030000000000000003,NOT_PROVEN_FROM_EVENT_COUNT_ALONE
2023-11-22,3,0.00022,NOT_PROVEN_FROM_EVENT_COUNT_ALONE
2023-11-23,3,0.00030000000000000003,NOT_PROVEN_FROM_EVENT_COUNT_ALONE
2023-11-24,3,0.00030000000000000003,NOT_PROVEN_FROM_EVENT_COUNT_ALONE
2023-11-25,3,0.00030000000000000003,NOT_PROVEN_FROM_EVENT_COUNT_ALONE
2023-11-26,3,0.00030000000000000003,NOT_PROVEN_FROM_EVENT_COUNT_ALONE
2023-11-27,3,0.000161,NOT_PROVEN_FROM_EVENT_COUNT_ALONE
2023-11-28,3,0.00020899999999999998,NOT_PROVEN_FROM_EVENT_COUNT_ALONE
2023-11-29,3,0.000147,NOT_PROVEN_FROM_EVENT_COUNT_ALONE
2023-11-30,3,0.000177,NOT_PROVEN_FROM_EVENT_COUNT_ALONE
2023-12-01,3,0.00041000000000000005,NOT_PROVEN_FROM_EVENT_COUNT_ALONE
2023-12-02,3,0.000429,NOT_PROVEN_FROM_EVENT_COUNT_ALONE
2023-12-03,3,0.00051,NOT_PROVEN_FROM_EVENT_COUNT_ALONE
2023-12-04,3,0.000987,NOT_PROVEN_FROM_EVENT_COUNT_ALONE
2023-12-05,3,0.000557,NOT_PROVEN_FROM_EVENT_COUNT_ALONE
2023-12-06,3,0.00041,NOT_PROVEN_FROM_EVENT_COUNT_ALONE
2023-12-07,3,0.00010300000000000001,NOT_PROVEN_FROM_EVENT_COUNT_ALONE
2023-12-08,3,0.00030000000000000003,NOT_PROVEN_FROM_EVENT_COUNT_ALONE
2023-12-09,3,0.00030000000000000003,NOT_PROVEN_FROM_EVENT_COUNT_ALONE
2023-12-10,3,0.00030000000000000003,NOT_PROVEN_FROM_EVENT_COUNT_ALONE
2023-12-11,3,0.00030000000000000003,NOT_PROVEN_FROM_EVENT_COUNT_ALONE
2023-12-12,3,0.00030000000000000003,NOT_PROVEN_FROM_EVENT_COUNT_ALONE
2023-12-13,3,0.00030000000000000003,NOT_PROVEN_FROM_EVENT_COUNT_ALONE
2023-12-14,3,0.00030000000000000003,NOT_PROVEN_FROM_EVENT_COUNT_ALONE
2023-12-15,3,0.00030000000000000003,NOT_PROVEN_FROM_EVENT_COUNT_ALONE
2023-12-16,3,0.00030000000000000003,NOT_PROVEN_FROM_EVENT_COUNT_ALONE
2023-12-17,3,0.000337,NOT_PROVEN_FROM_EVENT_COUNT_ALONE
2023-12-18,3,0.000344,NOT_PROVEN_FROM_EVENT_COUNT_ALONE
2023-12-19,3,0.00030000000000000003,NOT_PROVEN_FROM_EVENT_COUNT_ALONE
2023-12-20,3,0.00030000000000000003,NOT_PROVEN_FROM_EVENT_COUNT_ALONE
2023-12-21,3,0.00030000000000000003,NOT_PROVEN_FROM_EVENT_COUNT_ALONE
2023-12-22,3,0.00030000000000000003,NOT_PROVEN_FROM_EVENT_COUNT_ALONE
2023-12-23,3,0.00030000000000000003,NOT_PROVEN_FROM_EVENT_COUNT_ALONE
2023-12-24,3,0.00030000000000000003,NOT_PROVEN_FROM_EVENT_COUNT_ALONE
2023-12-25,3,0.00030000000000000003,NOT_PROVEN_FROM_EVENT_COUNT_ALONE
2023-12-26,3,0.000598,NOT_PROVEN_FROM_EVENT_COUNT_ALONE
2023-12-27,3,0.000395,NOT_PROVEN_FROM_EVENT_COUNT_ALONE
2023-12-28,3,0.001217,NOT_PROVEN_FROM_EVENT_COUNT_ALONE
2023-12-29,3,0.00045300000000000006,NOT_PROVEN_FROM_EVENT_COUNT_ALONE
2023-12-30,3,0.00030000000000000003,NOT_PROVEN_FROM_EVENT_COUNT_ALONE
2023-12-31,3,0.00047900000000000004,NOT_PROVEN_FROM_EVENT_COUNT_ALONE
2024-01-01,3,0.000645,NOT_PROVEN_FROM_EVENT_COUNT_ALONE
2024-01-02,3,0.0016359999999999999,NOT_PROVEN_FROM_EVENT_COUNT_ALONE
2024-01-03,3,0.000455,NOT_PROVEN_FROM_EVENT_COUNT_ALONE
2024-01-04,3,0.00030000000000000003,NOT_PROVEN_FROM_EVENT_COUNT_ALONE
2024-01-05,3,0.000256,NOT_PROVEN_FROM_EVENT_COUNT_ALONE
2024-01-06,3,-0.000105,NOT_PROVEN_FROM_EVENT_COUNT_ALONE
2024-01-07,3,5.4e-05,NOT_PROVEN_FROM_EVENT_COUNT_ALONE
2024-01-08,3,-0.000501,NOT_PROVEN_FROM_EVENT_COUNT_ALONE
2024-01-09,3,0.00030000000000000003,NOT_PROVEN_FROM_EVENT_COUNT_ALONE
2024-01-10,3,0.00030000000000000003,NOT_PROVEN_FROM_EVENT_COUNT_ALONE
2024-01-11,3,0.00030000000000000003,NOT_PROVEN_FROM_EVENT_COUNT_ALONE
2024-01-12,3,0.00030000000000000003,NOT_PROVEN_FROM_EVENT_COUNT_ALONE
2024-01-13,3,-0.000156,NOT_PROVEN_FROM_EVENT_COUNT_ALONE
2024-01-14,3,0.000191,NOT_PROVEN_FROM_EVENT_COUNT_ALONE
2024-01-15,3,0.000286,NOT_PROVEN_FROM_EVENT_COUNT_ALONE
2024-01-16,3,0.000273,NOT_PROVEN_FROM_EVENT_COUNT_ALONE
2024-01-17,3,0.000167,NOT_PROVEN_FROM_EVENT_COUNT_ALONE
2024-01-18,3,0.00022700000000000002,NOT_PROVEN_FROM_EVENT_COUNT_ALONE
2024-01-19,3,0.00014900000000000002,NOT_PROVEN_FROM_EVENT_COUNT_ALONE
2024-01-20,3,0.00030000000000000003,NOT_PROVEN_FROM_EVENT_COUNT_ALONE
2024-01-21,3,0.000277,NOT_PROVEN_FROM_EVENT_COUNT_ALONE
2024-01-22,3,0.00030000000000000003,NOT_PROVEN_FROM_EVENT_COUNT_ALONE
2024-01-23,3,0.00030000000000000003,NOT_PROVEN_FROM_EVENT_COUNT_ALONE
2024-01-24,3,0.00030000000000000003,NOT_PROVEN_FROM_EVENT_COUNT_ALONE
2024-01-25,3,0.000281,NOT_PROVEN_FROM_EVENT_COUNT_ALONE
2024-01-26,3,0.00030000000000000003,NOT_PROVEN_FROM_EVENT_COUNT_ALONE
2024-01-27,3,0.00017800000000000002,NOT_PROVEN_FROM_EVENT_COUNT_ALONE
2024-01-28,3,0.000129,NOT_PROVEN_FROM_EVENT_COUNT_ALONE
2024-01-29,3,0.00030000000000000003,NOT_PROVEN_FROM_EVENT_COUNT_ALONE
2024-01-30,3,0.00030000000000000003,NOT_PROVEN_FROM_EVENT_COUNT_ALONE
2024-01-31,3,-9.4e-05,NOT_PROVEN_FROM_EVENT_COUNT_ALONE
2024-02-01,3,-2.3999999999999987e-05,NOT_PROVEN_FROM_EVENT_COUNT_ALONE
2024-02-02,3,0.00030000000000000003,NOT_PROVEN_FROM_EVENT_COUNT_ALONE
2024-02-03,3,0.00024,NOT_PROVEN_FROM_EVENT_COUNT_ALONE
2024-02-04,3,-3.5000000000000004e-05,NOT_PROVEN_FROM_EVENT_COUNT_ALONE
2024-02-05,3,0.000137,NOT_PROVEN_FROM_EVENT_COUNT_ALONE
2024-02-06,3,0.00030000000000000003,NOT_PROVEN_FROM_EVENT_COUNT_ALONE
2024-02-07,3,0.00030000000000000003,NOT_PROVEN_FROM_EVENT_COUNT_ALONE
2024-02-08,3,0.00030000000000000003,NOT_PROVEN_FROM_EVENT_COUNT_ALONE
2024-02-09,3,0.00030000000000000003,NOT_PROVEN_FROM_EVENT_COUNT_ALONE
2024-02-10,3,0.00030000000000000003,NOT_PROVEN_FROM_EVENT_COUNT_ALONE
2024-02-11,3,0.00030000000000000003,NOT_PROVEN_FROM_EVENT_COUNT_ALONE
2024-02-12,3,0.00030000000000000003,NOT_PROVEN_FROM_EVENT_COUNT_ALONE
2024-02-13,3,0.00030000000000000003,NOT_PROVEN_FROM_EVENT_COUNT_ALONE
2024-02-14,3,0.000339,NOT_PROVEN_FROM_EVENT_COUNT_ALONE
2024-02-15,3,0.000472,NOT_PROVEN_FROM_EVENT_COUNT_ALONE
2024-02-16,3,0.000841,NOT_PROVEN_FROM_EVENT_COUNT_ALONE
2024-02-17,3,0.00040300000000000004,NOT_PROVEN_FROM_EVENT_COUNT_ALONE
2024-02-18,3,0.00030900000000000003,NOT_PROVEN_FROM_EVENT_COUNT_ALONE
2024-02-19,3,0.000851,NOT_PROVEN_FROM_EVENT_COUNT_ALONE
2024-02-20,3,0.000386,NOT_PROVEN_FROM_EVENT_COUNT_ALONE
2024-02-21,3,0.000406,NOT_PROVEN_FROM_EVENT_COUNT_ALONE
2024-02-22,3,0.000494,NOT_PROVEN_FROM_EVENT_COUNT_ALONE
2024-02-23,3,0.00030000000000000003,NOT_PROVEN_FROM_EVENT_COUNT_ALONE
2024-02-24,3,0.00030000000000000003,NOT_PROVEN_FROM_EVENT_COUNT_ALONE
2024-02-25,3,0.000439,NOT_PROVEN_FROM_EVENT_COUNT_ALONE
2024-02-26,3,0.000351,NOT_PROVEN_FROM_EVENT_COUNT_ALONE
2024-02-27,3,0.001513,NOT_PROVEN_FROM_EVENT_COUNT_ALONE
2024-02-28,3,0.000656,NOT_PROVEN_FROM_EVENT_COUNT_ALONE
2024-02-29,3,0.002183,NOT_PROVEN_FROM_EVENT_COUNT_ALONE
2024-03-01,3,0.001727,NOT_PROVEN_FROM_EVENT_COUNT_ALONE
2024-03-02,3,0.000432,NOT_PROVEN_FROM_EVENT_COUNT_ALONE
2024-03-03,3,0.0007,NOT_PROVEN_FROM_EVENT_COUNT_ALONE
2024-03-04,3,0.001892,NOT_PROVEN_FROM_EVENT_COUNT_ALONE
2024-03-05,3,0.001764,NOT_PROVEN_FROM_EVENT_COUNT_ALONE
2024-03-06,3,0.0008500000000000001,NOT_PROVEN_FROM_EVENT_COUNT_ALONE
2024-03-07,3,0.000428,NOT_PROVEN_FROM_EVENT_COUNT_ALONE
2024-03-08,3,0.000557,NOT_PROVEN_FROM_EVENT_COUNT_ALONE
2024-03-09,3,0.00044300000000000003,NOT_PROVEN_FROM_EVENT_COUNT_ALONE
2024-03-10,3,0.001052,NOT_PROVEN_FROM_EVENT_COUNT_ALONE
2024-03-11,3,0.001831,NOT_PROVEN_FROM_EVENT_COUNT_ALONE
2024-03-12,3,0.002231,NOT_PROVEN_FROM_EVENT_COUNT_ALONE
2024-03-13,3,0.0011979999999999998,NOT_PROVEN_FROM_EVENT_COUNT_ALONE
2024-03-14,3,0.000714,NOT_PROVEN_FROM_EVENT_COUNT_ALONE
2024-03-15,3,0.00063,NOT_PROVEN_FROM_EVENT_COUNT_ALONE
2024-03-16,3,0.00030000000000000003,NOT_PROVEN_FROM_EVENT_COUNT_ALONE
2024-03-17,3,0.00030000000000000003,NOT_PROVEN_FROM_EVENT_COUNT_ALONE
2024-03-18,3,0.00030000000000000003,NOT_PROVEN_FROM_EVENT_COUNT_ALONE
2024-03-19,3,0.00030000000000000003,NOT_PROVEN_FROM_EVENT_COUNT_ALONE
2024-03-20,3,0.00030000000000000003,NOT_PROVEN_FROM_EVENT_COUNT_ALONE
2024-03-21,3,0.00030000000000000003,NOT_PROVEN_FROM_EVENT_COUNT_ALONE
2024-03-22,3,0.00030000000000000003,NOT_PROVEN_FROM_EVENT_COUNT_ALONE
2024-03-23,3,0.00031,NOT_PROVEN_FROM_EVENT_COUNT_ALONE
2024-03-24,3,0.000424,NOT_PROVEN_FROM_EVENT_COUNT_ALONE
2024-03-25,3,0.00062,NOT_PROVEN_FROM_EVENT_COUNT_ALONE
2024-03-26,3,0.000897,NOT_PROVEN_FROM_EVENT_COUNT_ALONE
2024-03-27,3,0.001167,NOT_PROVEN_FROM_EVENT_COUNT_ALONE
2024-03-28,3,0.0015049999999999998,NOT_PROVEN_FROM_EVENT_COUNT_ALONE
2024-03-29,3,0.00094,NOT_PROVEN_FROM_EVENT_COUNT_ALONE
2024-03-30,3,0.001157,NOT_PROVEN_FROM_EVENT_COUNT_ALONE
2024-03-31,3,0.001559,NOT_PROVEN_FROM_EVENT_COUNT_ALONE
2024-04-01,3,0.0017749999999999999,NOT_PROVEN_FROM_EVENT_COUNT_ALONE
2024-04-02,3,0.00030000000000000003,NOT_PROVEN_FROM_EVENT_COUNT_ALONE
2024-04-03,3,0.00030000000000000003,NOT_PROVEN_FROM_EVENT_COUNT_ALONE
2024-04-04,3,0.000297,NOT_PROVEN_FROM_EVENT_COUNT_ALONE
2024-04-05,3,0.00030000000000000003,NOT_PROVEN_FROM_EVENT_COUNT_ALONE
2024-04-06,3,0.00028700000000000004,NOT_PROVEN_FROM_EVENT_COUNT_ALONE
2024-04-07,3,0.00029600000000000004,NOT_PROVEN_FROM_EVENT_COUNT_ALONE
2024-04-08,3,0.00030000000000000003,NOT_PROVEN_FROM_EVENT_COUNT_ALONE
2024-04-09,3,0.00030000000000000003,NOT_PROVEN_FROM_EVENT_COUNT_ALONE
2024-04-10,3,0.00030000000000000003,NOT_PROVEN_FROM_EVENT_COUNT_ALONE
2024-04-11,3,0.00030000000000000003,NOT_PROVEN_FROM_EVENT_COUNT_ALONE
2024-04-12,3,0.00030000000000000003,NOT_PROVEN_FROM_EVENT_COUNT_ALONE
2024-04-13,3,0.000192,NOT_PROVEN_FROM_EVENT_COUNT_ALONE
2024-04-14,3,-1.3e-05,NOT_PROVEN_FROM_EVENT_COUNT_ALONE
2024-04-15,3,-0.000234,NOT_PROVEN_FROM_EVENT_COUNT_ALONE
2024-04-16,3,0.000184,NOT_PROVEN_FROM_EVENT_COUNT_ALONE
2024-04-17,3,-2.999999999999999e-05,NOT_PROVEN_FROM_EVENT_COUNT_ALONE
2024-04-18,3,-0.00016900000000000002,NOT_PROVEN_FROM_EVENT_COUNT_ALONE
2024-04-19,3,-0.000126,NOT_PROVEN_FROM_EVENT_COUNT_ALONE
2024-04-20,3,-0.000419,NOT_PROVEN_FROM_EVENT_COUNT_ALONE
2024-04-21,3,8.400000000000001e-05,NOT_PROVEN_FROM_EVENT_COUNT_ALONE
2024-04-22,3,0.00030000000000000003,NOT_PROVEN_FROM_EVENT_COUNT_ALONE
2024-04-23,3,-0.000115,NOT_PROVEN_FROM_EVENT_COUNT_ALONE
2024-04-24,3,0.00020500000000000002,NOT_PROVEN_FROM_EVENT_COUNT_ALONE
2024-04-25,3,0.000282,NOT_PROVEN_FROM_EVENT_COUNT_ALONE
2024-04-26,3,0.000262,NOT_PROVEN_FROM_EVENT_COUNT_ALONE
2024-04-27,3,0.000171,NOT_PROVEN_FROM_EVENT_COUNT_ALONE
2024-04-28,3,0.00030000000000000003,NOT_PROVEN_FROM_EVENT_COUNT_ALONE
2024-04-29,3,-5.699999999999999e-05,NOT_PROVEN_FROM_EVENT_COUNT_ALONE
2024-04-30,3,0.000152,NOT_PROVEN_FROM_EVENT_COUNT_ALONE
2024-05-01,3,3.800000000000001e-05,NOT_PROVEN_FROM_EVENT_COUNT_ALONE
2024-05-02,3,5.200000000000001e-05,NOT_PROVEN_FROM_EVENT_COUNT_ALONE
2024-05-03,3,-0.000447,NOT_PROVEN_FROM_EVENT_COUNT_ALONE
2024-05-04,3,0.000266,NOT_PROVEN_FROM_EVENT_COUNT_ALONE
2024-05-05,3,0.00018800000000000002,NOT_PROVEN_FROM_EVENT_COUNT_ALONE
2024-05-06,3,0.00012600000000000003,NOT_PROVEN_FROM_EVENT_COUNT_ALONE
2024-05-07,3,5.6e-05,NOT_PROVEN_FROM_EVENT_COUNT_ALONE
2024-05-08,3,-4.3e-05,NOT_PROVEN_FROM_EVENT_COUNT_ALONE
2024-05-09,3,0.00010300000000000001,NOT_PROVEN_FROM_EVENT_COUNT_ALONE
2024-05-10,3,7.800000000000001e-05,NOT_PROVEN_FROM_EVENT_COUNT_ALONE
2024-05-11,3,0.000113,NOT_PROVEN_FROM_EVENT_COUNT_ALONE
2024-05-12,3,2.3e-05,NOT_PROVEN_FROM_EVENT_COUNT_ALONE
2024-05-13,3,0.00030000000000000003,NOT_PROVEN_FROM_EVENT_COUNT_ALONE
2024-05-14,3,0.00019700000000000002,NOT_PROVEN_FROM_EVENT_COUNT_ALONE
2024-05-15,3,0.000189,NOT_PROVEN_FROM_EVENT_COUNT_ALONE
2024-05-16,3,0.000131,NOT_PROVEN_FROM_EVENT_COUNT_ALONE
2024-05-17,3,0.000103,NOT_PROVEN_FROM_EVENT_COUNT_ALONE
2024-05-18,3,1.6000000000000003e-05,NOT_PROVEN_FROM_EVENT_COUNT_ALONE
2024-05-19,3,0.000298,NOT_PROVEN_FROM_EVENT_COUNT_ALONE
2024-05-20,3,0.000143,NOT_PROVEN_FROM_EVENT_COUNT_ALONE
2024-05-21,3,0.00030000000000000003,NOT_PROVEN_FROM_EVENT_COUNT_ALONE
2024-05-22,3,0.00030000000000000003,NOT_PROVEN_FROM_EVENT_COUNT_ALONE
2024-05-23,3,0.00030000000000000003,NOT_PROVEN_FROM_EVENT_COUNT_ALONE
2024-05-24,3,0.00030000000000000003,NOT_PROVEN_FROM_EVENT_COUNT_ALONE
2024-05-25,3,0.00030000000000000003,NOT_PROVEN_FROM_EVENT_COUNT_ALONE
2024-05-26,3,0.00030000000000000003,NOT_PROVEN_FROM_EVENT_COUNT_ALONE
2024-05-27,3,0.00030000000000000003,NOT_PROVEN_FROM_EVENT_COUNT_ALONE
2024-05-28,3,0.000349,NOT_PROVEN_FROM_EVENT_COUNT_ALONE
2024-05-29,3,0.00030000000000000003,NOT_PROVEN_FROM_EVENT_COUNT_ALONE
2024-05-30,3,0.00030000000000000003,NOT_PROVEN_FROM_EVENT_COUNT_ALONE
2024-05-31,3,0.00030000000000000003,NOT_PROVEN_FROM_EVENT_COUNT_ALONE
2024-06-01,3,0.00030000000000000003,NOT_PROVEN_FROM_EVENT_COUNT_ALONE
2024-06-02,3,0.00030000000000000003,NOT_PROVEN_FROM_EVENT_COUNT_ALONE
2024-06-03,3,0.00030000000000000003,NOT_PROVEN_FROM_EVENT_COUNT_ALONE
2024-06-04,3,0.00030000000000000003,NOT_PROVEN_FROM_EVENT_COUNT_ALONE
2024-06-05,3,0.00030000000000000003,NOT_PROVEN_FROM_EVENT_COUNT_ALONE
2024-06-06,3,0.00030000000000000003,NOT_PROVEN_FROM_EVENT_COUNT_ALONE
2024-06-07,3,0.000306,NOT_PROVEN_FROM_EVENT_COUNT_ALONE
2024-06-08,3,0.00030000000000000003,NOT_PROVEN_FROM_EVENT_COUNT_ALONE
2024-06-09,3,0.00030000000000000003,NOT_PROVEN_FROM_EVENT_COUNT_ALONE
2024-06-10,3,0.00030000000000000003,NOT_PROVEN_FROM_EVENT_COUNT_ALONE
2024-06-11,3,6.200000000000002e-05,NOT_PROVEN_FROM_EVENT_COUNT_ALONE
2024-06-12,3,0.00030000000000000003,NOT_PROVEN_FROM_EVENT_COUNT_ALONE
2024-06-13,3,9.200000000000001e-05,NOT_PROVEN_FROM_EVENT_COUNT_ALONE
2024-06-14,3,7.900000000000001e-05,NOT_PROVEN_FROM_EVENT_COUNT_ALONE
2024-06-15,3,-0.000319,NOT_PROVEN_FROM_EVENT_COUNT_ALONE
2024-06-16,3,8.800000000000001e-05,NOT_PROVEN_FROM_EVENT_COUNT_ALONE
2024-06-17,3,8e-05,NOT_PROVEN_FROM_EVENT_COUNT_ALONE
2024-06-18,3,-0.000127,NOT_PROVEN_FROM_EVENT_COUNT_ALONE
2024-06-19,3,-0.00011099999999999999,NOT_PROVEN_FROM_EVENT_COUNT_ALONE
2024-06-20,3,2.300000000000001e-05,NOT_PROVEN_FROM_EVENT_COUNT_ALONE
2024-06-21,3,-8.5e-05,NOT_PROVEN_FROM_EVENT_COUNT_ALONE
2024-06-22,3,2.2e-05,NOT_PROVEN_FROM_EVENT_COUNT_ALONE
2024-06-23,3,-5.3e-05,NOT_PROVEN_FROM_EVENT_COUNT_ALONE
2024-06-24,3,-0.00028000000000000003,NOT_PROVEN_FROM_EVENT_COUNT_ALONE
2024-06-25,3,-7.199999999999999e-05,NOT_PROVEN_FROM_EVENT_COUNT_ALONE
2024-06-26,3,0.000249,NOT_PROVEN_FROM_EVENT_COUNT_ALONE
2024-06-27,3,0.000297,NOT_PROVEN_FROM_EVENT_COUNT_ALONE
2024-06-28,3,0.00030000000000000003,NOT_PROVEN_FROM_EVENT_COUNT_ALONE
2024-06-29,3,0.000292,NOT_PROVEN_FROM_EVENT_COUNT_ALONE
2024-06-30,3,0.00030000000000000003,NOT_PROVEN_FROM_EVENT_COUNT_ALONE
2024-07-01,3,0.00029,NOT_PROVEN_FROM_EVENT_COUNT_ALONE
2024-07-02,3,0.00030000000000000003,NOT_PROVEN_FROM_EVENT_COUNT_ALONE
2024-07-03,3,0.000194,NOT_PROVEN_FROM_EVENT_COUNT_ALONE
2024-07-04,3,9.9e-05,NOT_PROVEN_FROM_EVENT_COUNT_ALONE
2024-07-05,3,0.00029600000000000004,NOT_PROVEN_FROM_EVENT_COUNT_ALONE
2024-07-06,3,0.000101,NOT_PROVEN_FROM_EVENT_COUNT_ALONE
2024-07-07,3,-7.099999999999999e-05,NOT_PROVEN_FROM_EVENT_COUNT_ALONE
2024-07-08,3,0.00030000000000000003,NOT_PROVEN_FROM_EVENT_COUNT_ALONE
2024-07-09,3,0.000202,NOT_PROVEN_FROM_EVENT_COUNT_ALONE
2024-07-10,3,5.9e-05,NOT_PROVEN_FROM_EVENT_COUNT_ALONE
2024-07-11,3,0.000118,NOT_PROVEN_FROM_EVENT_COUNT_ALONE
2024-07-12,3,0.000265,NOT_PROVEN_FROM_EVENT_COUNT_ALONE
2024-07-13,3,-7.3e-05,NOT_PROVEN_FROM_EVENT_COUNT_ALONE
2024-07-14,3,0.0001,NOT_PROVEN_FROM_EVENT_COUNT_ALONE
2024-07-15,3,0.00027800000000000004,NOT_PROVEN_FROM_EVENT_COUNT_ALONE
2024-07-16,3,0.00030000000000000003,NOT_PROVEN_FROM_EVENT_COUNT_ALONE
2024-07-17,3,0.00030000000000000003,NOT_PROVEN_FROM_EVENT_COUNT_ALONE
2024-07-18,3,0.00030000000000000003,NOT_PROVEN_FROM_EVENT_COUNT_ALONE
2024-07-19,3,0.00030000000000000003,NOT_PROVEN_FROM_EVENT_COUNT_ALONE
2024-07-20,3,0.00030000000000000003,NOT_PROVEN_FROM_EVENT_COUNT_ALONE
2024-07-21,3,0.00030000000000000003,NOT_PROVEN_FROM_EVENT_COUNT_ALONE
2024-07-22,3,0.00030000000000000003,NOT_PROVEN_FROM_EVENT_COUNT_ALONE
2024-07-23,3,0.000264,NOT_PROVEN_FROM_EVENT_COUNT_ALONE
2024-07-24,3,0.00030000000000000003,NOT_PROVEN_FROM_EVENT_COUNT_ALONE
2024-07-25,3,0.00030000000000000003,NOT_PROVEN_FROM_EVENT_COUNT_ALONE
2024-07-26,3,0.00021700000000000002,NOT_PROVEN_FROM_EVENT_COUNT_ALONE
2024-07-27,3,0.000109,NOT_PROVEN_FROM_EVENT_COUNT_ALONE
2024-07-28,3,-9.999999999999992e-06,NOT_PROVEN_FROM_EVENT_COUNT_ALONE
2024-07-29,3,0.000294,NOT_PROVEN_FROM_EVENT_COUNT_ALONE
2024-07-30,3,0.000165,NOT_PROVEN_FROM_EVENT_COUNT_ALONE
2024-07-31,3,0.00030000000000000003,NOT_PROVEN_FROM_EVENT_COUNT_ALONE
2024-08-01,3,0.00030000000000000003,NOT_PROVEN_FROM_EVENT_COUNT_ALONE
2024-08-02,3,0.00030000000000000003,NOT_PROVEN_FROM_EVENT_COUNT_ALONE
2024-08-03,3,0.000285,NOT_PROVEN_FROM_EVENT_COUNT_ALONE
2024-08-04,3,0.000228,NOT_PROVEN_FROM_EVENT_COUNT_ALONE
2024-08-05,3,-0.00031099999999999997,NOT_PROVEN_FROM_EVENT_COUNT_ALONE
2024-08-06,3,-0.000198,NOT_PROVEN_FROM_EVENT_COUNT_ALONE
2024-08-07,3,-1.1999999999999994e-05,NOT_PROVEN_FROM_EVENT_COUNT_ALONE
2024-08-08,3,0.00030000000000000003,NOT_PROVEN_FROM_EVENT_COUNT_ALONE
2024-08-09,3,0.00019800000000000002,NOT_PROVEN_FROM_EVENT_COUNT_ALONE
2024-08-10,3,0.00030000000000000003,NOT_PROVEN_FROM_EVENT_COUNT_ALONE
2024-08-11,3,0.00030000000000000003,NOT_PROVEN_FROM_EVENT_COUNT_ALONE
2024-08-12,3,0.00030000000000000003,NOT_PROVEN_FROM_EVENT_COUNT_ALONE
2024-08-13,3,5.3000000000000014e-05,NOT_PROVEN_FROM_EVENT_COUNT_ALONE
2024-08-14,3,0.000282,NOT_PROVEN_FROM_EVENT_COUNT_ALONE
2024-08-15,3,0.000272,NOT_PROVEN_FROM_EVENT_COUNT_ALONE
2024-08-16,3,1.3000000000000004e-05,NOT_PROVEN_FROM_EVENT_COUNT_ALONE
2024-08-17,3,0.000211,NOT_PROVEN_FROM_EVENT_COUNT_ALONE
2024-08-18,3,0.00030000000000000003,NOT_PROVEN_FROM_EVENT_COUNT_ALONE
2024-08-19,3,-2.7e-05,NOT_PROVEN_FROM_EVENT_COUNT_ALONE
2024-08-20,3,0.00016,NOT_PROVEN_FROM_EVENT_COUNT_ALONE
2024-08-21,3,7.7e-05,NOT_PROVEN_FROM_EVENT_COUNT_ALONE
2024-08-22,3,0.00020600000000000002,NOT_PROVEN_FROM_EVENT_COUNT_ALONE
2024-08-23,3,0.00028000000000000003,NOT_PROVEN_FROM_EVENT_COUNT_ALONE
2024-08-24,3,0.000299,NOT_PROVEN_FROM_EVENT_COUNT_ALONE
2024-08-25,3,0.00030000000000000003,NOT_PROVEN_FROM_EVENT_COUNT_ALONE
2024-08-26,3,0.000126,NOT_PROVEN_FROM_EVENT_COUNT_ALONE
2024-08-27,3,0.00011,NOT_PROVEN_FROM_EVENT_COUNT_ALONE
2024-08-28,3,1.1e-05,NOT_PROVEN_FROM_EVENT_COUNT_ALONE
2024-08-29,3,-7.4e-05,NOT_PROVEN_FROM_EVENT_COUNT_ALONE
2024-08-30,3,-0.000266,NOT_PROVEN_FROM_EVENT_COUNT_ALONE
2024-08-31,3,-5e-06,NOT_PROVEN_FROM_EVENT_COUNT_ALONE
2024-09-01,3,0.000115,NOT_PROVEN_FROM_EVENT_COUNT_ALONE
2024-09-02,3,1.0000000000000057e-06,NOT_PROVEN_FROM_EVENT_COUNT_ALONE
2024-09-03,3,0.00030000000000000003,NOT_PROVEN_FROM_EVENT_COUNT_ALONE
2024-09-04,3,-0.000176,NOT_PROVEN_FROM_EVENT_COUNT_ALONE
2024-09-05,3,0.000169,NOT_PROVEN_FROM_EVENT_COUNT_ALONE
2024-09-06,3,0.000139,NOT_PROVEN_FROM_EVENT_COUNT_ALONE
2024-09-07,3,-0.000543,NOT_PROVEN_FROM_EVENT_COUNT_ALONE
2024-09-08,3,-0.000171,NOT_PROVEN_FROM_EVENT_COUNT_ALONE
2024-09-09,3,-0.000158,NOT_PROVEN_FROM_EVENT_COUNT_ALONE
2024-09-10,3,-3.1e-05,NOT_PROVEN_FROM_EVENT_COUNT_ALONE
2024-09-11,3,0.000193,NOT_PROVEN_FROM_EVENT_COUNT_ALONE
2024-09-12,3,-0.00034500000000000004,NOT_PROVEN_FROM_EVENT_COUNT_ALONE
2024-09-13,3,-0.000299,NOT_PROVEN_FROM_EVENT_COUNT_ALONE
2024-09-14,3,0.00016900000000000002,NOT_PROVEN_FROM_EVENT_COUNT_ALONE
2024-09-15,3,0.000146,NOT_PROVEN_FROM_EVENT_COUNT_ALONE
2024-09-16,3,-1.9999999999999998e-05,NOT_PROVEN_FROM_EVENT_COUNT_ALONE
2024-09-17,3,0.00030000000000000003,NOT_PROVEN_FROM_EVENT_COUNT_ALONE
2024-09-18,3,0.00030000000000000003,NOT_PROVEN_FROM_EVENT_COUNT_ALONE
2024-09-19,3,0.000261,NOT_PROVEN_FROM_EVENT_COUNT_ALONE
2024-09-20,3,0.000245,NOT_PROVEN_FROM_EVENT_COUNT_ALONE
2024-09-21,3,0.00030000000000000003,NOT_PROVEN_FROM_EVENT_COUNT_ALONE
2024-09-22,3,-0.00016,NOT_PROVEN_FROM_EVENT_COUNT_ALONE
2024-09-23,3,2.9999999999999984e-06,NOT_PROVEN_FROM_EVENT_COUNT_ALONE
2024-09-24,3,-3e-05,NOT_PROVEN_FROM_EVENT_COUNT_ALONE
2024-09-25,3,0.000238,NOT_PROVEN_FROM_EVENT_COUNT_ALONE
2024-09-26,3,0.00011899999999999999,NOT_PROVEN_FROM_EVENT_COUNT_ALONE
2024-09-27,3,-0.00010899999999999999,NOT_PROVEN_FROM_EVENT_COUNT_ALONE
2024-09-28,3,0.00030000000000000003,NOT_PROVEN_FROM_EVENT_COUNT_ALONE
2024-09-29,3,0.00030000000000000003,NOT_PROVEN_FROM_EVENT_COUNT_ALONE
2024-09-30,3,0.00019999999999999998,NOT_PROVEN_FROM_EVENT_COUNT_ALONE
2024-10-01,3,0.00030000000000000003,NOT_PROVEN_FROM_EVENT_COUNT_ALONE
2024-10-02,3,-6.199999999999999e-05,NOT_PROVEN_FROM_EVENT_COUNT_ALONE
2024-10-03,3,0.000241,NOT_PROVEN_FROM_EVENT_COUNT_ALONE
2024-10-04,3,0.000121,NOT_PROVEN_FROM_EVENT_COUNT_ALONE
2024-10-05,3,0.00029600000000000004,NOT_PROVEN_FROM_EVENT_COUNT_ALONE
2024-10-06,3,0.00030000000000000003,NOT_PROVEN_FROM_EVENT_COUNT_ALONE
2024-10-07,3,0.00030000000000000003,NOT_PROVEN_FROM_EVENT_COUNT_ALONE
2024-10-08,3,0.00018700000000000002,NOT_PROVEN_FROM_EVENT_COUNT_ALONE
2024-10-09,3,0.000243,NOT_PROVEN_FROM_EVENT_COUNT_ALONE
2024-10-10,3,5.4e-05,NOT_PROVEN_FROM_EVENT_COUNT_ALONE
2024-10-11,3,-0.000137,NOT_PROVEN_FROM_EVENT_COUNT_ALONE
2024-10-12,3,0.00030000000000000003,NOT_PROVEN_FROM_EVENT_COUNT_ALONE
2024-10-13,3,0.00030000000000000003,NOT_PROVEN_FROM_EVENT_COUNT_ALONE
2024-10-14,3,0.00030000000000000003,NOT_PROVEN_FROM_EVENT_COUNT_ALONE
2024-10-15,3,0.00030000000000000003,NOT_PROVEN_FROM_EVENT_COUNT_ALONE
2024-10-16,3,0.00030000000000000003,NOT_PROVEN_FROM_EVENT_COUNT_ALONE
2024-10-17,3,0.00030000000000000003,NOT_PROVEN_FROM_EVENT_COUNT_ALONE
2024-10-18,3,0.00030000000000000003,NOT_PROVEN_FROM_EVENT_COUNT_ALONE
2024-10-19,3,0.00030000000000000003,NOT_PROVEN_FROM_EVENT_COUNT_ALONE
2024-10-20,3,0.00030000000000000003,NOT_PROVEN_FROM_EVENT_COUNT_ALONE
2024-10-21,3,0.00030000000000000003,NOT_PROVEN_FROM_EVENT_COUNT_ALONE
2024-10-22,3,0.00030000000000000003,NOT_PROVEN_FROM_EVENT_COUNT_ALONE
2024-10-23,3,0.00030000000000000003,NOT_PROVEN_FROM_EVENT_COUNT_ALONE
2024-10-24,3,0.00030000000000000003,NOT_PROVEN_FROM_EVENT_COUNT_ALONE
2024-10-25,3,0.00030000000000000003,NOT_PROVEN_FROM_EVENT_COUNT_ALONE
2024-10-26,3,0.00030000000000000003,NOT_PROVEN_FROM_EVENT_COUNT_ALONE
2024-10-27,3,0.00030000000000000003,NOT_PROVEN_FROM_EVENT_COUNT_ALONE
2024-10-28,3,0.00030000000000000003,NOT_PROVEN_FROM_EVENT_COUNT_ALONE
2024-10-29,3,0.000528,NOT_PROVEN_FROM_EVENT_COUNT_ALONE
2024-10-30,3,0.000682,NOT_PROVEN_FROM_EVENT_COUNT_ALONE
2024-10-31,3,0.00030000000000000003,NOT_PROVEN_FROM_EVENT_COUNT_ALONE
2024-11-01,3,0.00030000000000000003,NOT_PROVEN_FROM_EVENT_COUNT_ALONE
2024-11-02,3,0.00030000000000000003,NOT_PROVEN_FROM_EVENT_COUNT_ALONE
2024-11-03,3,0.00030000000000000003,NOT_PROVEN_FROM_EVENT_COUNT_ALONE
2024-11-04,3,0.00030000000000000003,NOT_PROVEN_FROM_EVENT_COUNT_ALONE
2024-11-05,3,0.00030000000000000003,NOT_PROVEN_FROM_EVENT_COUNT_ALONE
2024-11-06,3,0.000321,NOT_PROVEN_FROM_EVENT_COUNT_ALONE
2024-11-07,3,0.00030000000000000003,NOT_PROVEN_FROM_EVENT_COUNT_ALONE
2024-11-08,3,0.00030000000000000003,NOT_PROVEN_FROM_EVENT_COUNT_ALONE
2024-11-09,3,0.00030000000000000003,NOT_PROVEN_FROM_EVENT_COUNT_ALONE
2024-11-10,3,0.000607,NOT_PROVEN_FROM_EVENT_COUNT_ALONE
2024-11-11,3,0.000672,NOT_PROVEN_FROM_EVENT_COUNT_ALONE
2024-11-12,3,0.001039,NOT_PROVEN_FROM_EVENT_COUNT_ALONE
2024-11-13,3,0.000657,NOT_PROVEN_FROM_EVENT_COUNT_ALONE
2024-11-14,3,0.00036300000000000004,NOT_PROVEN_FROM_EVENT_COUNT_ALONE
2024-11-15,3,0.00030000000000000003,NOT_PROVEN_FROM_EVENT_COUNT_ALONE
2024-11-16,3,0.00030000000000000003,NOT_PROVEN_FROM_EVENT_COUNT_ALONE
2024-11-17,3,0.00045200000000000004,NOT_PROVEN_FROM_EVENT_COUNT_ALONE
2024-11-18,3,0.001098,NOT_PROVEN_FROM_EVENT_COUNT_ALONE
2024-11-19,3,0.000846,NOT_PROVEN_FROM_EVENT_COUNT_ALONE
2024-11-20,3,0.000555,NOT_PROVEN_FROM_EVENT_COUNT_ALONE
2024-11-21,3,0.00030000000000000003,NOT_PROVEN_FROM_EVENT_COUNT_ALONE
2024-11-22,3,0.00045,NOT_PROVEN_FROM_EVENT_COUNT_ALONE
2024-11-23,3,0.000366,NOT_PROVEN_FROM_EVENT_COUNT_ALONE
2024-11-24,3,0.00030000000000000003,NOT_PROVEN_FROM_EVENT_COUNT_ALONE
2024-11-25,3,0.0007469999999999999,NOT_PROVEN_FROM_EVENT_COUNT_ALONE
2024-11-26,3,0.000364,NOT_PROVEN_FROM_EVENT_COUNT_ALONE
2024-11-27,3,0.000641,NOT_PROVEN_FROM_EVENT_COUNT_ALONE
2024-11-28,3,0.00030000000000000003,NOT_PROVEN_FROM_EVENT_COUNT_ALONE
2024-11-29,3,0.0008539999999999999,NOT_PROVEN_FROM_EVENT_COUNT_ALONE
2024-11-30,3,0.00042500000000000003,NOT_PROVEN_FROM_EVENT_COUNT_ALONE
2024-12-01,3,0.000317,NOT_PROVEN_FROM_EVENT_COUNT_ALONE
2024-12-02,3,0.00047500000000000005,NOT_PROVEN_FROM_EVENT_COUNT_ALONE
2024-12-03,3,0.00035400000000000004,NOT_PROVEN_FROM_EVENT_COUNT_ALONE
2024-12-04,3,0.001032,NOT_PROVEN_FROM_EVENT_COUNT_ALONE
2024-12-05,3,0.0023350000000000003,NOT_PROVEN_FROM_EVENT_COUNT_ALONE
2024-12-06,3,0.0008489999999999999,NOT_PROVEN_FROM_EVENT_COUNT_ALONE
2024-12-07,3,0.000607,NOT_PROVEN_FROM_EVENT_COUNT_ALONE
2024-12-08,3,0.000585,NOT_PROVEN_FROM_EVENT_COUNT_ALONE
2024-12-09,3,0.000472,NOT_PROVEN_FROM_EVENT_COUNT_ALONE
2024-12-10,3,0.000352,NOT_PROVEN_FROM_EVENT_COUNT_ALONE
2024-12-11,3,0.00030000000000000003,NOT_PROVEN_FROM_EVENT_COUNT_ALONE
2024-12-12,3,0.000302,NOT_PROVEN_FROM_EVENT_COUNT_ALONE
2024-12-13,3,0.00032700000000000003,NOT_PROVEN_FROM_EVENT_COUNT_ALONE
2024-12-14,3,0.00030000000000000003,NOT_PROVEN_FROM_EVENT_COUNT_ALONE
2024-12-15,3,0.00030000000000000003,NOT_PROVEN_FROM_EVENT_COUNT_ALONE
2024-12-16,3,0.000552,NOT_PROVEN_FROM_EVENT_COUNT_ALONE
2024-12-17,3,0.00030000000000000003,NOT_PROVEN_FROM_EVENT_COUNT_ALONE
2024-12-18,3,0.00030000000000000003,NOT_PROVEN_FROM_EVENT_COUNT_ALONE
2024-12-19,3,0.00030000000000000003,NOT_PROVEN_FROM_EVENT_COUNT_ALONE
2024-12-20,3,0.00030000000000000003,NOT_PROVEN_FROM_EVENT_COUNT_ALONE
2024-12-21,3,0.00014900000000000002,NOT_PROVEN_FROM_EVENT_COUNT_ALONE
2024-12-22,3,0.00030000000000000003,NOT_PROVEN_FROM_EVENT_COUNT_ALONE
2024-12-23,3,0.00030000000000000003,NOT_PROVEN_FROM_EVENT_COUNT_ALONE
2024-12-24,3,0.00030000000000000003,NOT_PROVEN_FROM_EVENT_COUNT_ALONE
2024-12-25,3,0.000152,NOT_PROVEN_FROM_EVENT_COUNT_ALONE
2024-12-26,3,0.00030000000000000003,NOT_PROVEN_FROM_EVENT_COUNT_ALONE
2024-12-27,3,0.00030000000000000003,NOT_PROVEN_FROM_EVENT_COUNT_ALONE
2024-12-28,3,0.00013500000000000003,NOT_PROVEN_FROM_EVENT_COUNT_ALONE
2024-12-29,3,0.000148,NOT_PROVEN_FROM_EVENT_COUNT_ALONE
2024-12-30,3,0.00016800000000000002,NOT_PROVEN_FROM_EVENT_COUNT_ALONE
2024-12-31,3,0.00030000000000000003,NOT_PROVEN_FROM_EVENT_COUNT_ALONE
2025-01-01,3,0.00030000000000000003,NOT_PROVEN_FROM_EVENT_COUNT_ALONE
2025-01-02,3,0.00030000000000000003,NOT_PROVEN_FROM_EVENT_COUNT_ALONE
2025-01-03,3,0.00030000000000000003,NOT_PROVEN_FROM_EVENT_COUNT_ALONE
2025-01-04,3,0.00030000000000000003,NOT_PROVEN_FROM_EVENT_COUNT_ALONE
2025-01-05,3,0.00030000000000000003,NOT_PROVEN_FROM_EVENT_COUNT_ALONE
2025-01-06,3,0.00030000000000000003,NOT_PROVEN_FROM_EVENT_COUNT_ALONE
2025-01-07,3,0.00030000000000000003,NOT_PROVEN_FROM_EVENT_COUNT_ALONE
2025-01-08,3,0.00030000000000000003,NOT_PROVEN_FROM_EVENT_COUNT_ALONE
2025-01-09,3,0.000274,NOT_PROVEN_FROM_EVENT_COUNT_ALONE
2025-01-10,3,-6.699999999999999e-05,NOT_PROVEN_FROM_EVENT_COUNT_ALONE
2025-01-11,3,0.000204,NOT_PROVEN_FROM_EVENT_COUNT_ALONE
2025-01-12,3,8.6e-05,NOT_PROVEN_FROM_EVENT_COUNT_ALONE
2025-01-13,3,0.000207,NOT_PROVEN_FROM_EVENT_COUNT_ALONE
2025-01-14,3,0.00020700000000000002,NOT_PROVEN_FROM_EVENT_COUNT_ALONE
2025-01-15,3,0.000216,NOT_PROVEN_FROM_EVENT_COUNT_ALONE
2025-01-16,3,0.000281,NOT_PROVEN_FROM_EVENT_COUNT_ALONE
2025-01-17,3,0.00030000000000000003,NOT_PROVEN_FROM_EVENT_COUNT_ALONE
2025-01-18,3,0.00030000000000000003,NOT_PROVEN_FROM_EVENT_COUNT_ALONE
2025-01-19,3,0.00030000000000000003,NOT_PROVEN_FROM_EVENT_COUNT_ALONE
2025-01-20,3,0.00047599999999999997,NOT_PROVEN_FROM_EVENT_COUNT_ALONE
2025-01-21,3,0.000346,NOT_PROVEN_FROM_EVENT_COUNT_ALONE
2025-01-22,3,0.00030000000000000003,NOT_PROVEN_FROM_EVENT_COUNT_ALONE
2025-01-23,3,0.00030000000000000003,NOT_PROVEN_FROM_EVENT_COUNT_ALONE
2025-01-24,3,0.00030000000000000003,NOT_PROVEN_FROM_EVENT_COUNT_ALONE
2025-01-25,3,0.00030000000000000003,NOT_PROVEN_FROM_EVENT_COUNT_ALONE
2025-01-26,3,0.00030000000000000003,NOT_PROVEN_FROM_EVENT_COUNT_ALONE
2025-01-27,3,0.00030000000000000003,NOT_PROVEN_FROM_EVENT_COUNT_ALONE
2025-01-28,3,0.000131,NOT_PROVEN_FROM_EVENT_COUNT_ALONE
2025-01-29,3,0.00030000000000000003,NOT_PROVEN_FROM_EVENT_COUNT_ALONE
2025-01-30,3,0.00030000000000000003,NOT_PROVEN_FROM_EVENT_COUNT_ALONE
2025-01-31,3,0.000221,NOT_PROVEN_FROM_EVENT_COUNT_ALONE
2025-02-01,3,0.000233,NOT_PROVEN_FROM_EVENT_COUNT_ALONE
2025-02-02,3,0.00023600000000000002,NOT_PROVEN_FROM_EVENT_COUNT_ALONE
2025-02-03,3,-2.9999999999999997e-05,NOT_PROVEN_FROM_EVENT_COUNT_ALONE
2025-02-04,3,7.500000000000001e-05,NOT_PROVEN_FROM_EVENT_COUNT_ALONE
2025-02-05,3,0.00030000000000000003,NOT_PROVEN_FROM_EVENT_COUNT_ALONE
2025-02-06,3,0.00029,NOT_PROVEN_FROM_EVENT_COUNT_ALONE
2025-02-07,3,2.2999999999999997e-05,NOT_PROVEN_FROM_EVENT_COUNT_ALONE
2025-02-08,3,0.000246,NOT_PROVEN_FROM_EVENT_COUNT_ALONE
2025-02-09,3,2.2000000000000003e-05,NOT_PROVEN_FROM_EVENT_COUNT_ALONE
2025-02-10,3,0.00030000000000000003,NOT_PROVEN_FROM_EVENT_COUNT_ALONE
2025-02-11,3,0.000222,NOT_PROVEN_FROM_EVENT_COUNT_ALONE
2025-02-12,3,0.000201,NOT_PROVEN_FROM_EVENT_COUNT_ALONE
2025-02-13,3,0.00030000000000000003,NOT_PROVEN_FROM_EVENT_COUNT_ALONE
2025-02-14,3,0.00023,NOT_PROVEN_FROM_EVENT_COUNT_ALONE
2025-02-15,3,0.00030000000000000003,NOT_PROVEN_FROM_EVENT_COUNT_ALONE
2025-02-16,3,0.00030000000000000003,NOT_PROVEN_FROM_EVENT_COUNT_ALONE
2025-02-17,3,0.000289,NOT_PROVEN_FROM_EVENT_COUNT_ALONE
2025-02-18,3,0.00030000000000000003,NOT_PROVEN_FROM_EVENT_COUNT_ALONE
2025-02-19,3,0.000187,NOT_PROVEN_FROM_EVENT_COUNT_ALONE
2025-02-20,3,0.00029299999999999997,NOT_PROVEN_FROM_EVENT_COUNT_ALONE
2025-02-21,3,0.00030000000000000003,NOT_PROVEN_FROM_EVENT_COUNT_ALONE
2025-02-22,3,0.00030000000000000003,NOT_PROVEN_FROM_EVENT_COUNT_ALONE
2025-02-23,3,0.00030000000000000003,NOT_PROVEN_FROM_EVENT_COUNT_ALONE
2025-02-24,3,0.000243,NOT_PROVEN_FROM_EVENT_COUNT_ALONE
2025-02-25,3,0.00021,NOT_PROVEN_FROM_EVENT_COUNT_ALONE
2025-02-26,3,0.000273,NOT_PROVEN_FROM_EVENT_COUNT_ALONE
2025-02-27,3,0.000288,NOT_PROVEN_FROM_EVENT_COUNT_ALONE
2025-02-28,3,0.00030000000000000003,NOT_PROVEN_FROM_EVENT_COUNT_ALONE
2025-03-01,3,7.6e-05,NOT_PROVEN_FROM_EVENT_COUNT_ALONE
2025-03-02,3,-0.000424,NOT_PROVEN_FROM_EVENT_COUNT_ALONE
2025-03-03,3,0.000132,NOT_PROVEN_FROM_EVENT_COUNT_ALONE
2025-03-04,3,0.00030000000000000003,NOT_PROVEN_FROM_EVENT_COUNT_ALONE
2025-03-05,3,5.099999999999999e-05,NOT_PROVEN_FROM_EVENT_COUNT_ALONE
2025-03-06,3,-4.7999999999999994e-05,NOT_PROVEN_FROM_EVENT_COUNT_ALONE
2025-03-07,3,0.000222,NOT_PROVEN_FROM_EVENT_COUNT_ALONE
2025-03-08,3,0.000125,NOT_PROVEN_FROM_EVENT_COUNT_ALONE
2025-03-09,3,-7.999999999999999e-05,NOT_PROVEN_FROM_EVENT_COUNT_ALONE
2025-03-10,3,2.9999999999999997e-05,NOT_PROVEN_FROM_EVENT_COUNT_ALONE
2025-03-11,3,-0.00017199999999999998,NOT_PROVEN_FROM_EVENT_COUNT_ALONE
2025-03-12,3,6.00000000000001e-06,NOT_PROVEN_FROM_EVENT_COUNT_ALONE
2025-03-13,3,-0.000107,NOT_PROVEN_FROM_EVENT_COUNT_ALONE
2025-03-14,3,-5.999999999999993e-06,NOT_PROVEN_FROM_EVENT_COUNT_ALONE
2025-03-15,3,-0.00015199999999999998,NOT_PROVEN_FROM_EVENT_COUNT_ALONE
2025-03-16,3,7.300000000000001e-05,NOT_PROVEN_FROM_EVENT_COUNT_ALONE
2025-03-17,3,4.999999999999993e-06,NOT_PROVEN_FROM_EVENT_COUNT_ALONE
2025-03-18,3,0.000156,NOT_PROVEN_FROM_EVENT_COUNT_ALONE
2025-03-19,3,0.000148,NOT_PROVEN_FROM_EVENT_COUNT_ALONE
2025-03-20,3,0.000264,NOT_PROVEN_FROM_EVENT_COUNT_ALONE
2025-03-21,3,8.1e-05,NOT_PROVEN_FROM_EVENT_COUNT_ALONE
2025-03-22,3,-0.000245,NOT_PROVEN_FROM_EVENT_COUNT_ALONE
2025-03-23,3,0.00026199999999999997,NOT_PROVEN_FROM_EVENT_COUNT_ALONE
2025-03-24,3,0.00021,NOT_PROVEN_FROM_EVENT_COUNT_ALONE
2025-03-25,3,-2.0999999999999995e-05,NOT_PROVEN_FROM_EVENT_COUNT_ALONE
2025-03-26,3,9.7e-05,NOT_PROVEN_FROM_EVENT_COUNT_ALONE
2025-03-27,3,-0.000126,NOT_PROVEN_FROM_EVENT_COUNT_ALONE
2025-03-28,3,0.000128,NOT_PROVEN_FROM_EVENT_COUNT_ALONE
2025-03-29,3,-0.00023500000000000002,NOT_PROVEN_FROM_EVENT_COUNT_ALONE
2025-03-30,3,-0.000543,NOT_PROVEN_FROM_EVENT_COUNT_ALONE
2025-03-31,3,-0.00011499999999999999,NOT_PROVEN_FROM_EVENT_COUNT_ALONE
2025-04-01,3,0.00023,NOT_PROVEN_FROM_EVENT_COUNT_ALONE
2025-04-02,3,0.000255,NOT_PROVEN_FROM_EVENT_COUNT_ALONE
2025-04-03,3,0.00030000000000000003,NOT_PROVEN_FROM_EVENT_COUNT_ALONE
2025-04-04,3,0.000295,NOT_PROVEN_FROM_EVENT_COUNT_ALONE
2025-04-05,3,0.000109,NOT_PROVEN_FROM_EVENT_COUNT_ALONE
2025-04-06,3,0.00015900000000000002,NOT_PROVEN_FROM_EVENT_COUNT_ALONE
2025-04-07,3,-4.299999999999999e-05,NOT_PROVEN_FROM_EVENT_COUNT_ALONE
2025-04-08,3,5.9999999999999995e-05,NOT_PROVEN_FROM_EVENT_COUNT_ALONE
2025-04-09,3,0.000165,NOT_PROVEN_FROM_EVENT_COUNT_ALONE
2025-04-10,3,3.9000000000000006e-05,NOT_PROVEN_FROM_EVENT_COUNT_ALONE
2025-04-11,3,0.000152,NOT_PROVEN_FROM_EVENT_COUNT_ALONE
2025-04-12,3,0.000238,NOT_PROVEN_FROM_EVENT_COUNT_ALONE
2025-04-13,3,-5.9999999999999995e-05,NOT_PROVEN_FROM_EVENT_COUNT_ALONE
2025-04-14,3,0.00012,NOT_PROVEN_FROM_EVENT_COUNT_ALONE
2025-04-15,3,-0.00021799999999999999,NOT_PROVEN_FROM_EVENT_COUNT_ALONE
2025-04-16,3,0.000118,NOT_PROVEN_FROM_EVENT_COUNT_ALONE
2025-04-17,3,0.00021600000000000002,NOT_PROVEN_FROM_EVENT_COUNT_ALONE
2025-04-18,3,0.00020899999999999998,NOT_PROVEN_FROM_EVENT_COUNT_ALONE
2025-04-19,3,0.00011700000000000001,NOT_PROVEN_FROM_EVENT_COUNT_ALONE
2025-04-20,3,0.00019600000000000002,NOT_PROVEN_FROM_EVENT_COUNT_ALONE
2025-04-21,3,0.000209,NOT_PROVEN_FROM_EVENT_COUNT_ALONE
2025-04-22,3,0.000221,NOT_PROVEN_FROM_EVENT_COUNT_ALONE
2025-04-23,3,-1.0000000000000108e-06,NOT_PROVEN_FROM_EVENT_COUNT_ALONE
2025-04-24,3,2.000000000000001e-06,NOT_PROVEN_FROM_EVENT_COUNT_ALONE
2025-04-25,3,-0.0001,NOT_PROVEN_FROM_EVENT_COUNT_ALONE
2025-04-26,3,-7.3e-05,NOT_PROVEN_FROM_EVENT_COUNT_ALONE
2025-04-27,3,0.000211,NOT_PROVEN_FROM_EVENT_COUNT_ALONE
2025-04-28,3,-1.8e-05,NOT_PROVEN_FROM_EVENT_COUNT_ALONE
2025-04-29,3,-3.199999999999999e-05,NOT_PROVEN_FROM_EVENT_COUNT_ALONE
2025-04-30,3,2.8e-05,NOT_PROVEN_FROM_EVENT_COUNT_ALONE
2025-05-01,3,0.000276,NOT_PROVEN_FROM_EVENT_COUNT_ALONE
2025-05-02,3,0.000275,NOT_PROVEN_FROM_EVENT_COUNT_ALONE
2025-05-03,3,-0.000127,NOT_PROVEN_FROM_EVENT_COUNT_ALONE
2025-05-04,3,-0.00024,NOT_PROVEN_FROM_EVENT_COUNT_ALONE
2025-05-05,3,-0.000346,NOT_PROVEN_FROM_EVENT_COUNT_ALONE
2025-05-06,3,0.00030000000000000003,NOT_PROVEN_FROM_EVENT_COUNT_ALONE
2025-05-07,3,0.00030000000000000003,NOT_PROVEN_FROM_EVENT_COUNT_ALONE
2025-05-08,3,0.00030000000000000003,NOT_PROVEN_FROM_EVENT_COUNT_ALONE
2025-05-09,3,0.000275,NOT_PROVEN_FROM_EVENT_COUNT_ALONE
2025-05-10,3,0.00030000000000000003,NOT_PROVEN_FROM_EVENT_COUNT_ALONE
2025-05-11,3,0.00030000000000000003,NOT_PROVEN_FROM_EVENT_COUNT_ALONE
2025-05-12,3,0.00030000000000000003,NOT_PROVEN_FROM_EVENT_COUNT_ALONE
2025-05-13,3,0.00030000000000000003,NOT_PROVEN_FROM_EVENT_COUNT_ALONE
2025-05-14,3,0.00030000000000000003,NOT_PROVEN_FROM_EVENT_COUNT_ALONE
2025-05-15,3,0.00017800000000000002,NOT_PROVEN_FROM_EVENT_COUNT_ALONE
2025-05-16,3,0.000286,NOT_PROVEN_FROM_EVENT_COUNT_ALONE
2025-05-17,3,0.000209,NOT_PROVEN_FROM_EVENT_COUNT_ALONE
2025-05-18,3,0.000253,NOT_PROVEN_FROM_EVENT_COUNT_ALONE
2025-05-19,3,0.00030000000000000003,NOT_PROVEN_FROM_EVENT_COUNT_ALONE
2025-05-20,3,0.000275,NOT_PROVEN_FROM_EVENT_COUNT_ALONE
2025-05-21,3,0.00030000000000000003,NOT_PROVEN_FROM_EVENT_COUNT_ALONE
2025-05-22,3,0.00030000000000000003,NOT_PROVEN_FROM_EVENT_COUNT_ALONE
2025-05-23,3,0.00030000000000000003,NOT_PROVEN_FROM_EVENT_COUNT_ALONE
2025-05-24,3,0.00021600000000000002,NOT_PROVEN_FROM_EVENT_COUNT_ALONE
2025-05-25,3,0.00022,NOT_PROVEN_FROM_EVENT_COUNT_ALONE
2025-05-26,3,0.000166,NOT_PROVEN_FROM_EVENT_COUNT_ALONE
2025-05-27,3,0.000211,NOT_PROVEN_FROM_EVENT_COUNT_ALONE
2025-05-28,3,0.00010800000000000001,NOT_PROVEN_FROM_EVENT_COUNT_ALONE
2025-05-29,3,0.000156,NOT_PROVEN_FROM_EVENT_COUNT_ALONE
2025-05-30,3,9.7e-05,NOT_PROVEN_FROM_EVENT_COUNT_ALONE
2025-05-31,3,0.000234,NOT_PROVEN_FROM_EVENT_COUNT_ALONE
2025-06-01,3,0.000259,NOT_PROVEN_FROM_EVENT_COUNT_ALONE
2025-06-02,3,0.000246,NOT_PROVEN_FROM_EVENT_COUNT_ALONE
2025-06-03,3,0.000204,NOT_PROVEN_FROM_EVENT_COUNT_ALONE
2025-06-04,3,0.000146,NOT_PROVEN_FROM_EVENT_COUNT_ALONE
2025-06-05,3,0.000154,NOT_PROVEN_FROM_EVENT_COUNT_ALONE
2025-06-06,3,-4.100000000000001e-05,NOT_PROVEN_FROM_EVENT_COUNT_ALONE
2025-06-07,3,0.00014000000000000001,NOT_PROVEN_FROM_EVENT_COUNT_ALONE
2025-06-08,3,7.900000000000001e-05,NOT_PROVEN_FROM_EVENT_COUNT_ALONE
2025-06-09,3,0.000134,NOT_PROVEN_FROM_EVENT_COUNT_ALONE
2025-06-10,3,0.000185,NOT_PROVEN_FROM_EVENT_COUNT_ALONE
2025-06-11,3,0.00030000000000000003,NOT_PROVEN_FROM_EVENT_COUNT_ALONE
2025-06-12,3,0.00029,NOT_PROVEN_FROM_EVENT_COUNT_ALONE
2025-06-13,3,0.000241,NOT_PROVEN_FROM_EVENT_COUNT_ALONE
2025-06-14,3,0.00016,NOT_PROVEN_FROM_EVENT_COUNT_ALONE
2025-06-15,3,-0.00010999999999999999,NOT_PROVEN_FROM_EVENT_COUNT_ALONE
2025-06-16,3,0.000164,NOT_PROVEN_FROM_EVENT_COUNT_ALONE
2025-06-17,3,9.400000000000001e-05,NOT_PROVEN_FROM_EVENT_COUNT_ALONE
2025-06-18,3,-0.00013,NOT_PROVEN_FROM_EVENT_COUNT_ALONE
2025-06-19,3,-0.000306,NOT_PROVEN_FROM_EVENT_COUNT_ALONE
2025-06-20,3,-6.3e-05,NOT_PROVEN_FROM_EVENT_COUNT_ALONE
2025-06-21,3,-0.00030000000000000003,NOT_PROVEN_FROM_EVENT_COUNT_ALONE
2025-06-22,3,0.000122,NOT_PROVEN_FROM_EVENT_COUNT_ALONE
2025-06-23,3,-0.00020600000000000002,NOT_PROVEN_FROM_EVENT_COUNT_ALONE
2025-06-24,3,0.000153,NOT_PROVEN_FROM_EVENT_COUNT_ALONE
2025-06-25,3,0.000204,NOT_PROVEN_FROM_EVENT_COUNT_ALONE
2025-06-26,3,-0.000177,NOT_PROVEN_FROM_EVENT_COUNT_ALONE
2025-06-27,3,-1.9999999999999944e-06,NOT_PROVEN_FROM_EVENT_COUNT_ALONE
2025-06-28,3,-3.6e-05,NOT_PROVEN_FROM_EVENT_COUNT_ALONE
2025-06-29,3,0.00030000000000000003,NOT_PROVEN_FROM_EVENT_COUNT_ALONE
2025-06-30,3,0.00023600000000000002,NOT_PROVEN_FROM_EVENT_COUNT_ALONE
2025-07-01,3,-0.000366,NOT_PROVEN_FROM_EVENT_COUNT_ALONE
2025-07-02,3,-1.9999999999999944e-06,NOT_PROVEN_FROM_EVENT_COUNT_ALONE
2025-07-03,3,0.00030000000000000003,NOT_PROVEN_FROM_EVENT_COUNT_ALONE
2025-07-04,3,0.00030000000000000003,NOT_PROVEN_FROM_EVENT_COUNT_ALONE
2025-07-05,3,0.00030000000000000003,NOT_PROVEN_FROM_EVENT_COUNT_ALONE
2025-07-06,3,-1.8000000000000004e-05,NOT_PROVEN_FROM_EVENT_COUNT_ALONE
2025-07-07,3,0.00028000000000000003,NOT_PROVEN_FROM_EVENT_COUNT_ALONE
2025-07-08,3,5.6000000000000006e-05,NOT_PROVEN_FROM_EVENT_COUNT_ALONE
2025-07-09,3,0.00030000000000000003,NOT_PROVEN_FROM_EVENT_COUNT_ALONE
2025-07-10,3,0.00030000000000000003,NOT_PROVEN_FROM_EVENT_COUNT_ALONE
2025-07-11,3,0.00030000000000000003,NOT_PROVEN_FROM_EVENT_COUNT_ALONE
2025-07-12,3,0.00030000000000000003,NOT_PROVEN_FROM_EVENT_COUNT_ALONE
2025-07-13,3,0.00030000000000000003,NOT_PROVEN_FROM_EVENT_COUNT_ALONE
2025-07-14,3,0.000567,NOT_PROVEN_FROM_EVENT_COUNT_ALONE
2025-07-15,3,0.000517,NOT_PROVEN_FROM_EVENT_COUNT_ALONE
2025-07-16,3,0.0005600000000000001,NOT_PROVEN_FROM_EVENT_COUNT_ALONE
2025-07-17,3,0.000338,NOT_PROVEN_FROM_EVENT_COUNT_ALONE
2025-07-18,3,0.000313,NOT_PROVEN_FROM_EVENT_COUNT_ALONE
2025-07-19,3,0.00030000000000000003,NOT_PROVEN_FROM_EVENT_COUNT_ALONE
2025-07-20,3,0.00030000000000000003,NOT_PROVEN_FROM_EVENT_COUNT_ALONE
2025-07-21,3,0.00030000000000000003,NOT_PROVEN_FROM_EVENT_COUNT_ALONE
2025-07-22,3,0.00030000000000000003,NOT_PROVEN_FROM_EVENT_COUNT_ALONE
2025-07-23,3,0.000914,NOT_PROVEN_FROM_EVENT_COUNT_ALONE
2025-07-24,3,0.000375,NOT_PROVEN_FROM_EVENT_COUNT_ALONE
2025-07-25,3,0.00049,NOT_PROVEN_FROM_EVENT_COUNT_ALONE
2025-07-26,3,0.00030000000000000003,NOT_PROVEN_FROM_EVENT_COUNT_ALONE
2025-07-27,3,0.000334,NOT_PROVEN_FROM_EVENT_COUNT_ALONE
2025-07-28,3,0.00030000000000000003,NOT_PROVEN_FROM_EVENT_COUNT_ALONE
2025-07-29,3,0.000473,NOT_PROVEN_FROM_EVENT_COUNT_ALONE
2025-07-30,3,0.00030000000000000003,NOT_PROVEN_FROM_EVENT_COUNT_ALONE
2025-07-31,3,0.00030000000000000003,NOT_PROVEN_FROM_EVENT_COUNT_ALONE
2025-08-01,3,0.00030000000000000003,NOT_PROVEN_FROM_EVENT_COUNT_ALONE
2025-08-02,3,-0.000164,NOT_PROVEN_FROM_EVENT_COUNT_ALONE
2025-08-03,3,-0.00043400000000000003,NOT_PROVEN_FROM_EVENT_COUNT_ALONE
2025-08-04,3,1.7000000000000013e-05,NOT_PROVEN_FROM_EVENT_COUNT_ALONE
2025-08-05,3,0.00030000000000000003,NOT_PROVEN_FROM_EVENT_COUNT_ALONE
2025-08-06,3,0.00030000000000000003,NOT_PROVEN_FROM_EVENT_COUNT_ALONE
2025-08-07,3,0.00030000000000000003,NOT_PROVEN_FROM_EVENT_COUNT_ALONE
2025-08-08,3,0.00030000000000000003,NOT_PROVEN_FROM_EVENT_COUNT_ALONE
2025-08-09,3,0.00030000000000000003,NOT_PROVEN_FROM_EVENT_COUNT_ALONE
2025-08-10,3,0.00030000000000000003,NOT_PROVEN_FROM_EVENT_COUNT_ALONE
2025-08-11,3,0.00030000000000000003,NOT_PROVEN_FROM_EVENT_COUNT_ALONE
2025-08-12,3,0.000365,NOT_PROVEN_FROM_EVENT_COUNT_ALONE
2025-08-13,3,0.00030000000000000003,NOT_PROVEN_FROM_EVENT_COUNT_ALONE
2025-08-14,3,0.00030000000000000003,NOT_PROVEN_FROM_EVENT_COUNT_ALONE
2025-08-15,3,0.00030000000000000003,NOT_PROVEN_FROM_EVENT_COUNT_ALONE
2025-08-16,3,0.000257,NOT_PROVEN_FROM_EVENT_COUNT_ALONE
2025-08-17,3,-0.000252,NOT_PROVEN_FROM_EVENT_COUNT_ALONE
2025-08-18,3,-7.5e-05,NOT_PROVEN_FROM_EVENT_COUNT_ALONE
2025-08-19,3,-6.3e-05,NOT_PROVEN_FROM_EVENT_COUNT_ALONE
2025-08-20,3,0.00030000000000000003,NOT_PROVEN_FROM_EVENT_COUNT_ALONE
2025-08-21,3,0.0001,NOT_PROVEN_FROM_EVENT_COUNT_ALONE
2025-08-22,3,0.00030000000000000003,NOT_PROVEN_FROM_EVENT_COUNT_ALONE
2025-08-23,3,0.00030000000000000003,NOT_PROVEN_FROM_EVENT_COUNT_ALONE
2025-08-24,3,0.00030000000000000003,NOT_PROVEN_FROM_EVENT_COUNT_ALONE
2025-08-25,3,0.00030000000000000003,NOT_PROVEN_FROM_EVENT_COUNT_ALONE
2025-08-26,3,0.00030000000000000003,NOT_PROVEN_FROM_EVENT_COUNT_ALONE
2025-08-27,3,0.00030000000000000003,NOT_PROVEN_FROM_EVENT_COUNT_ALONE
2025-08-28,3,0.00030000000000000003,NOT_PROVEN_FROM_EVENT_COUNT_ALONE
2025-08-29,3,0.00030000000000000003,NOT_PROVEN_FROM_EVENT_COUNT_ALONE
2025-08-30,3,0.00030000000000000003,NOT_PROVEN_FROM_EVENT_COUNT_ALONE
2025-08-31,3,0.000299,NOT_PROVEN_FROM_EVENT_COUNT_ALONE
2025-09-01,3,0.00030000000000000003,NOT_PROVEN_FROM_EVENT_COUNT_ALONE
2025-09-02,3,0.00030000000000000003,NOT_PROVEN_FROM_EVENT_COUNT_ALONE
2025-09-03,3,0.000294,NOT_PROVEN_FROM_EVENT_COUNT_ALONE
2025-09-04,3,0.00030000000000000003,NOT_PROVEN_FROM_EVENT_COUNT_ALONE
2025-09-05,3,0.00020700000000000002,NOT_PROVEN_FROM_EVENT_COUNT_ALONE
2025-09-06,3,0.00030000000000000003,NOT_PROVEN_FROM_EVENT_COUNT_ALONE
2025-09-07,3,0.000297,NOT_PROVEN_FROM_EVENT_COUNT_ALONE
2025-09-08,3,0.00030000000000000003,NOT_PROVEN_FROM_EVENT_COUNT_ALONE
2025-09-09,3,0.00024,NOT_PROVEN_FROM_EVENT_COUNT_ALONE
2025-09-10,3,0.00030000000000000003,NOT_PROVEN_FROM_EVENT_COUNT_ALONE
2025-09-11,3,0.00014600000000000003,NOT_PROVEN_FROM_EVENT_COUNT_ALONE
2025-09-12,3,0.00017,NOT_PROVEN_FROM_EVENT_COUNT_ALONE
2025-09-13,3,0.00012800000000000002,NOT_PROVEN_FROM_EVENT_COUNT_ALONE
2025-09-14,3,0.000241,NOT_PROVEN_FROM_EVENT_COUNT_ALONE
2025-09-15,3,0.000192,NOT_PROVEN_FROM_EVENT_COUNT_ALONE
2025-09-16,3,9.5e-05,NOT_PROVEN_FROM_EVENT_COUNT_ALONE
2025-09-17,3,0.000174,NOT_PROVEN_FROM_EVENT_COUNT_ALONE
2025-09-18,3,0.000291,NOT_PROVEN_FROM_EVENT_COUNT_ALONE
2025-09-19,3,0.00030000000000000003,NOT_PROVEN_FROM_EVENT_COUNT_ALONE
2025-09-20,3,0.00030000000000000003,NOT_PROVEN_FROM_EVENT_COUNT_ALONE
2025-09-21,3,0.000156,NOT_PROVEN_FROM_EVENT_COUNT_ALONE
2025-09-22,3,0.00030000000000000003,NOT_PROVEN_FROM_EVENT_COUNT_ALONE
2025-09-23,3,0.000228,NOT_PROVEN_FROM_EVENT_COUNT_ALONE
2025-09-24,3,0.00020600000000000002,NOT_PROVEN_FROM_EVENT_COUNT_ALONE
2025-09-25,3,0.000191,NOT_PROVEN_FROM_EVENT_COUNT_ALONE
2025-09-26,3,0.000204,NOT_PROVEN_FROM_EVENT_COUNT_ALONE
2025-09-27,3,-0.000285,NOT_PROVEN_FROM_EVENT_COUNT_ALONE
2025-09-28,3,-0.000207,NOT_PROVEN_FROM_EVENT_COUNT_ALONE
2025-09-29,3,-6e-05,NOT_PROVEN_FROM_EVENT_COUNT_ALONE
2025-09-30,3,-8.99999999999999e-06,NOT_PROVEN_FROM_EVENT_COUNT_ALONE
2025-10-01,3,0.000144,NOT_PROVEN_FROM_EVENT_COUNT_ALONE
2025-10-02,3,-2.3e-05,NOT_PROVEN_FROM_EVENT_COUNT_ALONE
2025-10-03,3,0.000238,NOT_PROVEN_FROM_EVENT_COUNT_ALONE
2025-10-04,3,0.00030000000000000003,NOT_PROVEN_FROM_EVENT_COUNT_ALONE
2025-10-05,3,0.00030000000000000003,NOT_PROVEN_FROM_EVENT_COUNT_ALONE
2025-10-06,3,0.00030000000000000003,NOT_PROVEN_FROM_EVENT_COUNT_ALONE
2025-10-07,3,0.00030000000000000003,NOT_PROVEN_FROM_EVENT_COUNT_ALONE
2025-10-08,3,0.00030000000000000003,NOT_PROVEN_FROM_EVENT_COUNT_ALONE
2025-10-09,3,0.000292,NOT_PROVEN_FROM_EVENT_COUNT_ALONE
2025-10-10,3,0.00030000000000000003,NOT_PROVEN_FROM_EVENT_COUNT_ALONE
2025-10-11,3,-2.599999999999998e-05,NOT_PROVEN_FROM_EVENT_COUNT_ALONE
2025-10-12,3,0.000228,NOT_PROVEN_FROM_EVENT_COUNT_ALONE
2025-10-13,3,-1.4000000000000001e-05,NOT_PROVEN_FROM_EVENT_COUNT_ALONE
2025-10-14,3,0.00011100000000000001,NOT_PROVEN_FROM_EVENT_COUNT_ALONE
2025-10-15,3,0.000222,NOT_PROVEN_FROM_EVENT_COUNT_ALONE
2025-10-16,3,0.00014800000000000002,NOT_PROVEN_FROM_EVENT_COUNT_ALONE
2025-10-17,3,0.00030000000000000003,NOT_PROVEN_FROM_EVENT_COUNT_ALONE
2025-10-18,3,6.7e-05,NOT_PROVEN_FROM_EVENT_COUNT_ALONE
2025-10-19,3,6.8e-05,NOT_PROVEN_FROM_EVENT_COUNT_ALONE
2025-10-20,3,-3.7000000000000005e-05,NOT_PROVEN_FROM_EVENT_COUNT_ALONE
2025-10-21,3,-5.4000000000000005e-05,NOT_PROVEN_FROM_EVENT_COUNT_ALONE
2025-10-22,3,0.000228,NOT_PROVEN_FROM_EVENT_COUNT_ALONE
2025-10-23,3,0.00030000000000000003,NOT_PROVEN_FROM_EVENT_COUNT_ALONE
2025-10-24,3,0.000162,NOT_PROVEN_FROM_EVENT_COUNT_ALONE
2025-10-25,3,0.000124,NOT_PROVEN_FROM_EVENT_COUNT_ALONE
2025-10-26,3,0.000248,NOT_PROVEN_FROM_EVENT_COUNT_ALONE
2025-10-27,3,0.00023799999999999998,NOT_PROVEN_FROM_EVENT_COUNT_ALONE
2025-10-28,3,0.000207,NOT_PROVEN_FROM_EVENT_COUNT_ALONE
2025-10-29,3,5.7e-05,NOT_PROVEN_FROM_EVENT_COUNT_ALONE
2025-10-30,3,0.000192,NOT_PROVEN_FROM_EVENT_COUNT_ALONE
2025-10-31,3,0.00030000000000000003,NOT_PROVEN_FROM_EVENT_COUNT_ALONE
2025-11-01,3,0.00030000000000000003,NOT_PROVEN_FROM_EVENT_COUNT_ALONE
2025-11-02,3,0.00030000000000000003,NOT_PROVEN_FROM_EVENT_COUNT_ALONE
2025-11-03,3,0.00030000000000000003,NOT_PROVEN_FROM_EVENT_COUNT_ALONE
2025-11-04,3,0.000286,NOT_PROVEN_FROM_EVENT_COUNT_ALONE
2025-11-05,3,0.00030000000000000003,NOT_PROVEN_FROM_EVENT_COUNT_ALONE
2025-11-06,3,0.000123,NOT_PROVEN_FROM_EVENT_COUNT_ALONE
2025-11-07,3,0.00030000000000000003,NOT_PROVEN_FROM_EVENT_COUNT_ALONE
2025-11-08,3,0.00027,NOT_PROVEN_FROM_EVENT_COUNT_ALONE
2025-11-09,3,0.000228,NOT_PROVEN_FROM_EVENT_COUNT_ALONE
2025-11-10,3,0.00020800000000000001,NOT_PROVEN_FROM_EVENT_COUNT_ALONE
2025-11-11,3,0.00030000000000000003,NOT_PROVEN_FROM_EVENT_COUNT_ALONE
2025-11-12,3,0.00030000000000000003,NOT_PROVEN_FROM_EVENT_COUNT_ALONE
2025-11-13,3,0.000211,NOT_PROVEN_FROM_EVENT_COUNT_ALONE
2025-11-14,3,0.00030000000000000003,NOT_PROVEN_FROM_EVENT_COUNT_ALONE
2025-11-15,3,0.00030000000000000003,NOT_PROVEN_FROM_EVENT_COUNT_ALONE
2025-11-16,3,0.000153,NOT_PROVEN_FROM_EVENT_COUNT_ALONE
2025-11-17,3,0.00030000000000000003,NOT_PROVEN_FROM_EVENT_COUNT_ALONE
2025-11-18,3,0.00030000000000000003,NOT_PROVEN_FROM_EVENT_COUNT_ALONE
2025-11-19,3,0.000115,NOT_PROVEN_FROM_EVENT_COUNT_ALONE
2025-11-20,3,0.00030000000000000003,NOT_PROVEN_FROM_EVENT_COUNT_ALONE
2025-11-21,3,0.00030000000000000003,NOT_PROVEN_FROM_EVENT_COUNT_ALONE
2025-11-22,3,0.00010400000000000001,NOT_PROVEN_FROM_EVENT_COUNT_ALONE
2025-11-23,3,-0.00018899999999999999,NOT_PROVEN_FROM_EVENT_COUNT_ALONE
2025-11-24,3,-0.00031800000000000003,NOT_PROVEN_FROM_EVENT_COUNT_ALONE
2025-11-25,3,-0.000261,NOT_PROVEN_FROM_EVENT_COUNT_ALONE
2025-11-26,3,7.4e-05,NOT_PROVEN_FROM_EVENT_COUNT_ALONE
2025-11-27,3,-0.00010099999999999999,NOT_PROVEN_FROM_EVENT_COUNT_ALONE
2025-11-28,3,3.100000000000001e-05,NOT_PROVEN_FROM_EVENT_COUNT_ALONE
2025-11-29,3,-7.9e-05,NOT_PROVEN_FROM_EVENT_COUNT_ALONE
2025-11-30,3,0.000131,NOT_PROVEN_FROM_EVENT_COUNT_ALONE
2025-12-01,3,5.1e-05,NOT_PROVEN_FROM_EVENT_COUNT_ALONE
2025-12-02,3,-0.000192,NOT_PROVEN_FROM_EVENT_COUNT_ALONE
2025-12-03,3,6.4e-05,NOT_PROVEN_FROM_EVENT_COUNT_ALONE
2025-12-04,3,9.9e-05,NOT_PROVEN_FROM_EVENT_COUNT_ALONE
2025-12-05,3,6.6e-05,NOT_PROVEN_FROM_EVENT_COUNT_ALONE
2025-12-06,3,5.1000000000000006e-05,NOT_PROVEN_FROM_EVENT_COUNT_ALONE
2025-12-07,3,4.4999999999999996e-05,NOT_PROVEN_FROM_EVENT_COUNT_ALONE
2025-12-08,3,9.3e-05,NOT_PROVEN_FROM_EVENT_COUNT_ALONE
2025-12-09,3,-0.000201,NOT_PROVEN_FROM_EVENT_COUNT_ALONE
2025-12-10,3,3.4000000000000007e-05,NOT_PROVEN_FROM_EVENT_COUNT_ALONE
2025-12-11,3,-0.000132,NOT_PROVEN_FROM_EVENT_COUNT_ALONE
2025-12-12,3,0.000152,NOT_PROVEN_FROM_EVENT_COUNT_ALONE
2025-12-13,3,-0.00012800000000000002,NOT_PROVEN_FROM_EVENT_COUNT_ALONE
2025-12-14,3,7.3e-05,NOT_PROVEN_FROM_EVENT_COUNT_ALONE
2025-12-15,3,-3.4e-05,NOT_PROVEN_FROM_EVENT_COUNT_ALONE
2025-12-16,3,0.00016900000000000002,NOT_PROVEN_FROM_EVENT_COUNT_ALONE
2025-12-17,3,0.000168,NOT_PROVEN_FROM_EVENT_COUNT_ALONE
2025-12-18,3,0.000222,NOT_PROVEN_FROM_EVENT_COUNT_ALONE
2025-12-19,3,0.00027800000000000004,NOT_PROVEN_FROM_EVENT_COUNT_ALONE
2025-12-20,3,0.000155,NOT_PROVEN_FROM_EVENT_COUNT_ALONE
2025-12-21,3,0.00021700000000000002,NOT_PROVEN_FROM_EVENT_COUNT_ALONE
2025-12-22,3,0.000211,NOT_PROVEN_FROM_EVENT_COUNT_ALONE
2025-12-23,3,0.000182,NOT_PROVEN_FROM_EVENT_COUNT_ALONE
2025-12-24,3,0.000107,NOT_PROVEN_FROM_EVENT_COUNT_ALONE
2025-12-25,3,0.000173,NOT_PROVEN_FROM_EVENT_COUNT_ALONE
2025-12-26,3,0.00028700000000000004,NOT_PROVEN_FROM_EVENT_COUNT_ALONE
2025-12-27,3,0.000135,NOT_PROVEN_FROM_EVENT_COUNT_ALONE
2025-12-28,3,6.400000000000001e-05,NOT_PROVEN_FROM_EVENT_COUNT_ALONE
2025-12-29,3,0.00030000000000000003,NOT_PROVEN_FROM_EVENT_COUNT_ALONE
2025-12-30,3,0.000126,NOT_PROVEN_FROM_EVENT_COUNT_ALONE
2025-12-31,3,0.000148,NOT_PROVEN_FROM_EVENT_COUNT_ALONE
2026-01-01,3,0.00030000000000000003,NOT_PROVEN_FROM_EVENT_COUNT_ALONE
2026-01-02,3,0.00016800000000000002,NOT_PROVEN_FROM_EVENT_COUNT_ALONE
2026-01-03,3,0.00027,NOT_PROVEN_FROM_EVENT_COUNT_ALONE
2026-01-04,3,0.00030000000000000003,NOT_PROVEN_FROM_EVENT_COUNT_ALONE
2026-01-05,3,0.00023700000000000001,NOT_PROVEN_FROM_EVENT_COUNT_ALONE
2026-01-06,3,0.000172,NOT_PROVEN_FROM_EVENT_COUNT_ALONE
2026-01-07,3,0.00030000000000000003,NOT_PROVEN_FROM_EVENT_COUNT_ALONE
2026-01-08,3,0.000243,NOT_PROVEN_FROM_EVENT_COUNT_ALONE
2026-01-09,3,5.4e-05,NOT_PROVEN_FROM_EVENT_COUNT_ALONE
2026-01-10,3,0.00030000000000000003,NOT_PROVEN_FROM_EVENT_COUNT_ALONE
2026-01-11,3,0.00030000000000000003,NOT_PROVEN_FROM_EVENT_COUNT_ALONE
2026-01-12,3,0.00029600000000000004,NOT_PROVEN_FROM_EVENT_COUNT_ALONE
2026-01-13,3,0.00015700000000000002,NOT_PROVEN_FROM_EVENT_COUNT_ALONE
2026-01-14,3,0.000143,NOT_PROVEN_FROM_EVENT_COUNT_ALONE
2026-01-15,3,-0.000211,NOT_PROVEN_FROM_EVENT_COUNT_ALONE
2026-01-16,3,0.00029600000000000004,NOT_PROVEN_FROM_EVENT_COUNT_ALONE
2026-01-17,3,0.000128,NOT_PROVEN_FROM_EVENT_COUNT_ALONE
2026-01-18,3,-4.7000000000000004e-05,NOT_PROVEN_FROM_EVENT_COUNT_ALONE
2026-01-19,3,-6.9e-05,NOT_PROVEN_FROM_EVENT_COUNT_ALONE
2026-01-20,3,6.8e-05,NOT_PROVEN_FROM_EVENT_COUNT_ALONE
2026-01-21,3,0.000259,NOT_PROVEN_FROM_EVENT_COUNT_ALONE
2026-01-22,3,3.2e-05,NOT_PROVEN_FROM_EVENT_COUNT_ALONE
2026-01-23,3,0.00030000000000000003,NOT_PROVEN_FROM_EVENT_COUNT_ALONE
2026-01-24,3,0.000127,NOT_PROVEN_FROM_EVENT_COUNT_ALONE
2026-01-25,3,0.000245,NOT_PROVEN_FROM_EVENT_COUNT_ALONE
2026-01-26,3,-1.8999999999999987e-05,NOT_PROVEN_FROM_EVENT_COUNT_ALONE
2026-01-27,3,-3.9e-05,NOT_PROVEN_FROM_EVENT_COUNT_ALONE
2026-01-28,3,0.000252,NOT_PROVEN_FROM_EVENT_COUNT_ALONE
2026-01-29,3,0.000246,NOT_PROVEN_FROM_EVENT_COUNT_ALONE
2026-01-30,3,3.5e-05,NOT_PROVEN_FROM_EVENT_COUNT_ALONE
2026-01-31,3,0.00030000000000000003,NOT_PROVEN_FROM_EVENT_COUNT_ALONE
2026-02-01,3,-0.00017299999999999998,NOT_PROVEN_FROM_EVENT_COUNT_ALONE
2026-02-02,3,0.000283,NOT_PROVEN_FROM_EVENT_COUNT_ALONE
2026-02-03,3,-0.00031,NOT_PROVEN_FROM_EVENT_COUNT_ALONE
2026-02-04,3,0.000261,NOT_PROVEN_FROM_EVENT_COUNT_ALONE
2026-02-05,3,0.000221,NOT_PROVEN_FROM_EVENT_COUNT_ALONE
2026-02-06,3,0.000133,NOT_PROVEN_FROM_EVENT_COUNT_ALONE
2026-02-07,3,-0.00045900000000000004,NOT_PROVEN_FROM_EVENT_COUNT_ALONE
2026-02-08,3,0.000126,NOT_PROVEN_FROM_EVENT_COUNT_ALONE
2026-02-09,3,3.3e-05,NOT_PROVEN_FROM_EVENT_COUNT_ALONE
2026-02-10,3,4.4e-05,NOT_PROVEN_FROM_EVENT_COUNT_ALONE
2026-02-11,3,7.8e-05,NOT_PROVEN_FROM_EVENT_COUNT_ALONE
2026-02-12,3,2.5000000000000005e-05,NOT_PROVEN_FROM_EVENT_COUNT_ALONE
2026-02-13,3,-7.500000000000001e-05,NOT_PROVEN_FROM_EVENT_COUNT_ALONE
2026-02-14,3,-0.00031999999999999997,NOT_PROVEN_FROM_EVENT_COUNT_ALONE
2026-02-15,3,9.2e-05,NOT_PROVEN_FROM_EVENT_COUNT_ALONE
2026-02-16,3,0.000238,NOT_PROVEN_FROM_EVENT_COUNT_ALONE
2026-02-17,3,5.3e-05,NOT_PROVEN_FROM_EVENT_COUNT_ALONE
2026-02-18,3,0.000186,NOT_PROVEN_FROM_EVENT_COUNT_ALONE
2026-02-19,3,0.00020700000000000002,NOT_PROVEN_FROM_EVENT_COUNT_ALONE
2026-02-20,3,4.2999999999999995e-05,NOT_PROVEN_FROM_EVENT_COUNT_ALONE
2026-02-21,3,0.000161,NOT_PROVEN_FROM_EVENT_COUNT_ALONE
2026-02-22,3,-2.9e-05,NOT_PROVEN_FROM_EVENT_COUNT_ALONE
2026-02-23,3,-9.7e-05,NOT_PROVEN_FROM_EVENT_COUNT_ALONE
2026-02-24,3,-3.999999999999996e-06,NOT_PROVEN_FROM_EVENT_COUNT_ALONE
2026-02-25,3,-0.000167,NOT_PROVEN_FROM_EVENT_COUNT_ALONE
2026-02-26,3,-0.00011900000000000002,NOT_PROVEN_FROM_EVENT_COUNT_ALONE
2026-02-27,3,-0.000107,NOT_PROVEN_FROM_EVENT_COUNT_ALONE
2026-02-28,3,-0.000325,NOT_PROVEN_FROM_EVENT_COUNT_ALONE
2026-03-01,3,-0.000404,NOT_PROVEN_FROM_EVENT_COUNT_ALONE
2026-03-02,3,-8e-06,NOT_PROVEN_FROM_EVENT_COUNT_ALONE
2026-03-03,3,-2.9999999999999984e-06,NOT_PROVEN_FROM_EVENT_COUNT_ALONE
2026-03-04,3,2.0999999999999995e-05,NOT_PROVEN_FROM_EVENT_COUNT_ALONE
2026-03-05,3,-0.000163,NOT_PROVEN_FROM_EVENT_COUNT_ALONE
2026-03-06,3,0.00024,NOT_PROVEN_FROM_EVENT_COUNT_ALONE
2026-03-07,3,5.5e-05,NOT_PROVEN_FROM_EVENT_COUNT_ALONE
2026-03-08,3,7.900000000000001e-05,NOT_PROVEN_FROM_EVENT_COUNT_ALONE
2026-03-09,3,-0.000157,NOT_PROVEN_FROM_EVENT_COUNT_ALONE
2026-03-10,3,-0.0006219999999999999,NOT_PROVEN_FROM_EVENT_COUNT_ALONE
2026-03-11,3,-0.000388,NOT_PROVEN_FROM_EVENT_COUNT_ALONE
2026-03-12,3,-0.000637,NOT_PROVEN_FROM_EVENT_COUNT_ALONE
2026-03-13,3,-0.000415,NOT_PROVEN_FROM_EVENT_COUNT_ALONE
2026-03-14,3,6.7e-05,NOT_PROVEN_FROM_EVENT_COUNT_ALONE
2026-03-15,3,-0.000204,NOT_PROVEN_FROM_EVENT_COUNT_ALONE
2026-03-16,3,8.9e-05,NOT_PROVEN_FROM_EVENT_COUNT_ALONE
2026-03-17,3,0.000241,NOT_PROVEN_FROM_EVENT_COUNT_ALONE
2026-03-18,3,-0.00010899999999999999,NOT_PROVEN_FROM_EVENT_COUNT_ALONE
2026-03-19,3,0.000151,NOT_PROVEN_FROM_EVENT_COUNT_ALONE
2026-03-20,3,6.1000000000000005e-05,NOT_PROVEN_FROM_EVENT_COUNT_ALONE
2026-03-21,3,-0.000439,NOT_PROVEN_FROM_EVENT_COUNT_ALONE
2026-03-22,3,-0.000389,NOT_PROVEN_FROM_EVENT_COUNT_ALONE
2026-03-23,3,0.000138,NOT_PROVEN_FROM_EVENT_COUNT_ALONE
2026-03-24,3,7.5e-05,NOT_PROVEN_FROM_EVENT_COUNT_ALONE
2026-03-25,3,0.000252,NOT_PROVEN_FROM_EVENT_COUNT_ALONE
2026-03-26,3,0.000289,NOT_PROVEN_FROM_EVENT_COUNT_ALONE
2026-03-27,3,0.0002,NOT_PROVEN_FROM_EVENT_COUNT_ALONE
2026-03-28,3,-0.000568,NOT_PROVEN_FROM_EVENT_COUNT_ALONE
2026-03-29,3,-0.000379,NOT_PROVEN_FROM_EVENT_COUNT_ALONE
2026-03-30,3,-0.000338,NOT_PROVEN_FROM_EVENT_COUNT_ALONE
2026-03-31,3,1.5000000000000002e-05,NOT_PROVEN_FROM_EVENT_COUNT_ALONE
2026-04-01,3,-0.000189,NOT_PROVEN_FROM_EVENT_COUNT_ALONE
2026-04-02,3,-6.999999999999997e-06,NOT_PROVEN_FROM_EVENT_COUNT_ALONE
2026-04-03,3,-0.000285,NOT_PROVEN_FROM_EVENT_COUNT_ALONE
2026-04-04,3,1.9999999999999998e-05,NOT_PROVEN_FROM_EVENT_COUNT_ALONE
2026-04-05,3,-0.000166,NOT_PROVEN_FROM_EVENT_COUNT_ALONE
2026-04-06,3,7.599999999999999e-05,NOT_PROVEN_FROM_EVENT_COUNT_ALONE
2026-04-07,3,-0.000306,NOT_PROVEN_FROM_EVENT_COUNT_ALONE
2026-04-08,3,0.000284,NOT_PROVEN_FROM_EVENT_COUNT_ALONE
2026-04-09,3,-2.9e-05,NOT_PROVEN_FROM_EVENT_COUNT_ALONE
2026-04-10,3,-0.000236,NOT_PROVEN_FROM_EVENT_COUNT_ALONE
2026-04-11,3,-0.000889,NOT_PROVEN_FROM_EVENT_COUNT_ALONE
2026-04-12,3,-0.000246,NOT_PROVEN_FROM_EVENT_COUNT_ALONE
2026-04-13,3,0.00016999999999999999,NOT_PROVEN_FROM_EVENT_COUNT_ALONE
2026-04-14,3,-0.00063,NOT_PROVEN_FROM_EVENT_COUNT_ALONE
2026-04-15,3,-0.00058,NOT_PROVEN_FROM_EVENT_COUNT_ALONE
2026-04-16,3,-0.000137,NOT_PROVEN_FROM_EVENT_COUNT_ALONE
2026-04-17,3,-4.000000000000002e-06,NOT_PROVEN_FROM_EVENT_COUNT_ALONE
2026-04-18,3,-0.000257,NOT_PROVEN_FROM_EVENT_COUNT_ALONE
2026-04-19,3,-0.000122,NOT_PROVEN_FROM_EVENT_COUNT_ALONE
2026-04-20,3,-0.000197,NOT_PROVEN_FROM_EVENT_COUNT_ALONE
2026-04-21,3,-0.000273,NOT_PROVEN_FROM_EVENT_COUNT_ALONE
2026-04-22,3,-0.00030000000000000003,NOT_PROVEN_FROM_EVENT_COUNT_ALONE
2026-04-23,3,-0.000427,NOT_PROVEN_FROM_EVENT_COUNT_ALONE
2026-04-24,3,-7.5e-05,NOT_PROVEN_FROM_EVENT_COUNT_ALONE
2026-04-25,3,-0.000315,NOT_PROVEN_FROM_EVENT_COUNT_ALONE
2026-04-26,3,-6.5e-05,NOT_PROVEN_FROM_EVENT_COUNT_ALONE
2026-04-27,3,-8.900000000000001e-05,NOT_PROVEN_FROM_EVENT_COUNT_ALONE
2026-04-28,3,-7.2e-05,NOT_PROVEN_FROM_EVENT_COUNT_ALONE
2026-04-29,3,1.8000000000000004e-05,NOT_PROVEN_FROM_EVENT_COUNT_ALONE
2026-04-30,3,7.199999999999999e-05,NOT_PROVEN_FROM_EVENT_COUNT_ALONE
2026-05-01,3,-0.000138,NOT_PROVEN_FROM_EVENT_COUNT_ALONE
2026-05-02,3,-0.000554,NOT_PROVEN_FROM_EVENT_COUNT_ALONE
2026-05-03,3,3.000000000000001e-06,NOT_PROVEN_FROM_EVENT_COUNT_ALONE
2026-05-04,3,8.6e-05,NOT_PROVEN_FROM_EVENT_COUNT_ALONE
2026-05-05,3,-0.000211,NOT_PROVEN_FROM_EVENT_COUNT_ALONE
2026-05-06,3,-0.000279,NOT_PROVEN_FROM_EVENT_COUNT_ALONE
2026-05-07,3,5.000000000000006e-06,NOT_PROVEN_FROM_EVENT_COUNT_ALONE
2026-05-08,3,-6.000000000000002e-06,NOT_PROVEN_FROM_EVENT_COUNT_ALONE
2026-05-09,3,-0.000113,NOT_PROVEN_FROM_EVENT_COUNT_ALONE
2026-05-10,3,-9.9e-05,NOT_PROVEN_FROM_EVENT_COUNT_ALONE
2026-05-11,3,0.00019700000000000002,NOT_PROVEN_FROM_EVENT_COUNT_ALONE
2026-05-12,3,-4.9999999999999996e-06,NOT_PROVEN_FROM_EVENT_COUNT_ALONE
2026-05-13,3,3.9000000000000006e-05,NOT_PROVEN_FROM_EVENT_COUNT_ALONE
2026-05-14,3,0.000117,NOT_PROVEN_FROM_EVENT_COUNT_ALONE
2026-05-15,3,-0.00018099999999999998,NOT_PROVEN_FROM_EVENT_COUNT_ALONE
2026-05-16,3,-0.000251,NOT_PROVEN_FROM_EVENT_COUNT_ALONE
2026-05-17,3,0.000125,NOT_PROVEN_FROM_EVENT_COUNT_ALONE
2026-05-18,3,-5.8e-05,NOT_PROVEN_FROM_EVENT_COUNT_ALONE
2026-05-19,3,0.000258,NOT_PROVEN_FROM_EVENT_COUNT_ALONE
2026-05-20,3,0.00030000000000000003,NOT_PROVEN_FROM_EVENT_COUNT_ALONE
2026-05-21,3,-4.5e-05,NOT_PROVEN_FROM_EVENT_COUNT_ALONE
2026-05-22,3,-6.1e-05,NOT_PROVEN_FROM_EVENT_COUNT_ALONE
2026-05-23,3,-0.000457,NOT_PROVEN_FROM_EVENT_COUNT_ALONE
2026-05-24,3,-0.000512,NOT_PROVEN_FROM_EVENT_COUNT_ALONE
2026-05-25,3,-0.000228,NOT_PROVEN_FROM_EVENT_COUNT_ALONE
2026-05-26,3,-0.000225,NOT_PROVEN_FROM_EVENT_COUNT_ALONE
2026-05-27,3,-0.00017299999999999998,NOT_PROVEN_FROM_EVENT_COUNT_ALONE
2026-05-28,3,0.00030000000000000003,NOT_PROVEN_FROM_EVENT_COUNT_ALONE
2026-05-29,3,0.000258,NOT_PROVEN_FROM_EVENT_COUNT_ALONE
2026-05-30,3,-9.9e-05,NOT_PROVEN_FROM_EVENT_COUNT_ALONE
2026-05-31,3,-0.00010099999999999999,NOT_PROVEN_FROM_EVENT_COUNT_ALONE
2026-06-01,3,-0.000265,NOT_PROVEN_FROM_EVENT_COUNT_ALONE
2026-06-02,3,0.000139,NOT_PROVEN_FROM_EVENT_COUNT_ALONE
2026-06-03,3,0.000126,NOT_PROVEN_FROM_EVENT_COUNT_ALONE
2026-06-04,3,0.000185,NOT_PROVEN_FROM_EVENT_COUNT_ALONE
2026-06-05,3,8.7e-05,NOT_PROVEN_FROM_EVENT_COUNT_ALONE
2026-06-06,3,-9.4e-05,NOT_PROVEN_FROM_EVENT_COUNT_ALONE
2026-06-07,3,-0.00013099999999999999,NOT_PROVEN_FROM_EVENT_COUNT_ALONE
2026-06-08,3,-0.000159,NOT_PROVEN_FROM_EVENT_COUNT_ALONE
2026-06-09,3,-0.00014099999999999998,NOT_PROVEN_FROM_EVENT_COUNT_ALONE
2026-06-10,3,0.000213,NOT_PROVEN_FROM_EVENT_COUNT_ALONE
2026-06-11,3,0.000122,NOT_PROVEN_FROM_EVENT_COUNT_ALONE
2026-06-12,3,4.8e-05,NOT_PROVEN_FROM_EVENT_COUNT_ALONE
2026-06-13,3,-5.9000000000000004e-05,NOT_PROVEN_FROM_EVENT_COUNT_ALONE
2026-06-14,3,-0.000282,NOT_PROVEN_FROM_EVENT_COUNT_ALONE
2026-06-15,3,-3.2000000000000005e-05,NOT_PROVEN_FROM_EVENT_COUNT_ALONE
2026-06-16,3,-0.000368,NOT_PROVEN_FROM_EVENT_COUNT_ALONE
2026-06-17,3,1.7999999999999997e-05,NOT_PROVEN_FROM_EVENT_COUNT_ALONE
2026-06-18,3,0.000215,NOT_PROVEN_FROM_EVENT_COUNT_ALONE
2026-06-19,3,0.000174,NOT_PROVEN_FROM_EVENT_COUNT_ALONE
2026-06-20,3,-0.00043599999999999997,NOT_PROVEN_FROM_EVENT_COUNT_ALONE
2026-06-21,3,-6.9e-05,NOT_PROVEN_FROM_EVENT_COUNT_ALONE
2026-06-22,3,-0.000296,NOT_PROVEN_FROM_EVENT_COUNT_ALONE
2026-06-23,3,7.000000000000001e-05,NOT_PROVEN_FROM_EVENT_COUNT_ALONE
2026-06-24,3,4.1e-05,NOT_PROVEN_FROM_EVENT_COUNT_ALONE
2026-06-25,3,-0.000463,NOT_PROVEN_FROM_EVENT_COUNT_ALONE
2026-06-26,3,-0.000196,NOT_PROVEN_FROM_EVENT_COUNT_ALONE
2026-06-27,3,-0.000269,NOT_PROVEN_FROM_EVENT_COUNT_ALONE
2026-06-28,3,-0.000185,NOT_PROVEN_FROM_EVENT_COUNT_ALONE
2026-06-29,3,8.3e-05,NOT_PROVEN_FROM_EVENT_COUNT_ALONE
2026-06-30,3,0.00019600000000000002,NOT_PROVEN_FROM_EVENT_COUNT_ALONE
2026-07-01,3,-9.8e-05,NOT_PROVEN_FROM_EVENT_COUNT_ALONE
2026-07-02,3,9.900000000000001e-05,NOT_PROVEN_FROM_EVENT_COUNT_ALONE
2026-07-03,3,0.000189,NOT_PROVEN_FROM_EVENT_COUNT_ALONE
2026-07-04,3,-0.000424,NOT_PROVEN_FROM_EVENT_COUNT_ALONE
2026-07-05,3,0.000124,NOT_PROVEN_FROM_EVENT_COUNT_ALONE
2026-07-06,3,8.6e-05,NOT_PROVEN_FROM_EVENT_COUNT_ALONE
2026-07-07,3,0.000128,NOT_PROVEN_FROM_EVENT_COUNT_ALONE
2026-07-08,3,-0.000154,NOT_PROVEN_FROM_EVENT_COUNT_ALONE
2026-07-09,3,0.000142,NOT_PROVEN_FROM_EVENT_COUNT_ALONE
2026-07-10,3,-3.299999999999999e-05,NOT_PROVEN_FROM_EVENT_COUNT_ALONE
2026-07-11,3,6.7e-05,NOT_PROVEN_FROM_EVENT_COUNT_ALONE
2026-07-12,3,-7.4e-05,NOT_PROVEN_FROM_EVENT_COUNT_ALONE
2026-07-13,3,4.4000000000000006e-05,NOT_PROVEN_FROM_EVENT_COUNT_ALONE
2026-07-14,3,9.7e-05,NOT_PROVEN_FROM_EVENT_COUNT_ALONE
2026-07-15,3,0.000172,NOT_PROVEN_FROM_EVENT_COUNT_ALONE
2026-07-16,3,0.000138,NOT_PROVEN_FROM_EVENT_COUNT_ALONE
2026-07-17,3,0.000175,NOT_PROVEN_FROM_EVENT_COUNT_ALONE
2026-07-18,3,-0.000192,NOT_PROVEN_FROM_EVENT_COUNT_ALONE
2026-07-19,3,-0.000151,NOT_PROVEN_FROM_EVENT_COUNT_ALONE
2026-07-20,3,0.000185,NOT_PROVEN_FROM_EVENT_COUNT_ALONE
2026-07-21,3,0.000133,NOT_PROVEN_FROM_EVENT_COUNT_ALONE
2026-07-22,3,0.000101,NOT_PROVEN_FROM_EVENT_COUNT_ALONE
2026-07-23,3,6.900000000000001e-05,NOT_PROVEN_FROM_EVENT_COUNT_ALONE
2026-07-24,3,-2.6000000000000015e-05,NOT_PROVEN_FROM_EVENT_COUNT_ALONE
2026-07-25,3,-0.000301,NOT_PROVEN_FROM_EVENT_COUNT_ALONE
2026-07-26,3,-0.000246,NOT_PROVEN_FROM_EVENT_COUNT_ALONE
2026-07-27,3,-2.000000000000001e-05,NOT_PROVEN_FROM_EVENT_COUNT_ALONE
2026-07-28,3,-6.2e-05,NOT_PROVEN_FROM_EVENT_COUNT_ALONE
2026-07-29,3,0.00028700000000000004,NOT_PROVEN_FROM_EVENT_COUNT_ALONE
2026-07-30,3,3.000000000000001e-05,NOT_PROVEN_FROM_EVENT_COUNT_ALONE
2026-07-31,3,-0.001067,NOT_PROVEN_FROM_EVENT_COUNT_ALONE
2026-08-01,3,-0.001341,NOT_PROVEN_FROM_EVENT_COUNT_ALONE
2026-08-02,3,-0.000273,NOT_PROVEN_FROM_EVENT_COUNT_ALONE
2026-08-03,3,-0.000224,NOT_PROVEN_FROM_EVENT_COUNT_ALONE
2026-08-04,3,0.00030000000000000003,NOT_PROVEN_FROM_EVENT_COUNT_ALONE
2026-08-05,3,0.000152,NOT_PROVEN_FROM_EVENT_COUNT_ALONE
2026-08-06,3,0.000106,NOT_PROVEN_FROM_EVENT_COUNT_ALONE
2026-08-07,3,8.5e-05,NOT_PROVEN_FROM_EVENT_COUNT_ALONE
2026-08-08,3,7.8e-05,NOT_PROVEN_FROM_EVENT_COUNT_ALONE
2026-08-09,3,0.00022500000000000002,NOT_PROVEN_FROM_EVENT_COUNT_ALONE
2026-08-10,3,0.00030000000000000003,NOT_PROVEN_FROM_EVENT_COUNT_ALONE
2026-08-11,3,0.000265,NOT_PROVEN_FROM_EVENT_COUNT_ALONE
2026-08-12,3,0.000205,NOT_PROVEN_FROM_EVENT_COUNT_ALONE
2026-08-13,3,0.00030000000000000003,NOT_PROVEN_FROM_EVENT_COUNT_ALONE
2026-08-14,3,0.00030000000000000003,NOT_PROVEN_FROM_EVENT_COUNT_ALONE
2026-08-15,3,0.000262,NOT_PROVEN_FROM_EVENT_COUNT_ALONE
2026-08-16,3,0.000241,NOT_PROVEN_FROM_EVENT_COUNT_ALONE
2026-08-17,3,0.000199,NOT_PROVEN_FROM_EVENT_COUNT_ALONE
2026-08-18,3,-9e-05,NOT_PROVEN_FROM_EVENT_COUNT_ALONE
2026-08-19,3,7.6e-05,NOT_PROVEN_FROM_EVENT_COUNT_ALONE
2026-08-20,3,0.00021700000000000002,NOT_PROVEN_FROM_EVENT_COUNT_ALONE
2026-08-21,3,3.300000000000001e-05,NOT_PROVEN_FROM_EVENT_COUNT_ALONE
2026-08-22,3,0.00030000000000000003,NOT_PROVEN_FROM_EVENT_COUNT_ALONE
2026-08-23,3,0.00030000000000000003,NOT_PROVEN_FROM_EVENT_COUNT_ALONE
2026-08-24,3,0.00030000000000000003,NOT_PROVEN_FROM_EVENT_COUNT_ALONE
2026-08-25,3,0.00028700000000000004,NOT_PROVEN_FROM_EVENT_COUNT_ALONE
2026-08-26,3,0.00030000000000000003,NOT_PROVEN_FROM_EVENT_COUNT_ALONE
2026-08-27,3,0.00030000000000000003,NOT_PROVEN_FROM_EVENT_COUNT_ALONE
2026-08-28,3,0.00030000000000000003,NOT_PROVEN_FROM_EVENT_COUNT_ALONE
2026-08-29,3,0.00030000000000000003,NOT_PROVEN_FROM_EVENT_COUNT_ALONE
2026-08-30,3,0.00030000000000000003,NOT_PROVEN_FROM_EVENT_COUNT_ALONE
2026-08-31,3,0.00030000000000000003,NOT_PROVEN_FROM_EVENT_COUNT_ALONE
2026-09-01,3,0.00030000000000000003,NOT_PROVEN_FROM_EVENT_COUNT_ALONE
2026-09-02,3,0.00030000000000000003,NOT_PROVEN_FROM_EVENT_COUNT_ALONE
2026-09-03,3,0.00030000000000000003,NOT_PROVEN_FROM_EVENT_COUNT_ALONE
2026-09-04,3,0.00030000000000000003,NOT_PROVEN_FROM_EVENT_COUNT_ALONE
2026-09-05,3,-1.9e-05,NOT_PROVEN_FROM_EVENT_COUNT_ALONE
2026-09-06,3,0.000272,NOT_PROVEN_FROM_EVENT_COUNT_ALONE
2026-09-07,3,0.00030000000000000003,NOT_PROVEN_FROM_EVENT_COUNT_ALONE
2026-09-08,3,0.000266,NOT_PROVEN_FROM_EVENT_COUNT_ALONE
2026-09-09,3,0.00030000000000000003,NOT_PROVEN_FROM_EVENT_COUNT_ALONE
2026-09-10,3,0.00030000000000000003,NOT_PROVEN_FROM_EVENT_COUNT_ALONE
2026-09-11,3,0.000294,NOT_PROVEN_FROM_EVENT_COUNT_ALONE
2026-09-12,3,0.00030000000000000003,NOT_PROVEN_FROM_EVENT_COUNT_ALONE
2026-09-13,3,0.00030000000000000003,NOT_PROVEN_FROM_EVENT_COUNT_ALONE
2026-09-14,3,0.00030000000000000003,NOT_PROVEN_FROM_EVENT_COUNT_ALONE
2026-09-15,3,0.00030000000000000003,NOT_PROVEN_FROM_EVENT_COUNT_ALONE
2026-09-16,2,0.0002,NOT_PROVEN_FROM_EVENT_COUNT_ALONE
