date,hourly_rows,sum_interest_1h,completeness
2019-04-30,14,-0.0006181195489310512,HOURLY_ACCRUAL_SUM; 24 rows expected
2019-05-01,24,-0.001087149046773488,HOURLY_ACCRUAL_SUM; 24 rows expected
2019-05-02,24,-0.0011021325806705195,HOURLY_ACCRUAL_SUM; 24 rows expected
2019-05-03,24,3.525362168132746e-05,HOURLY_ACCRUAL_SUM; 24 rows expected
2019-05-04,24,3.123556661058145e-05,HOURLY_ACCRUAL_SUM; 24 rows expected
2019-05-05,24,0.0002467907666443957,HOURLY_ACCRUAL_SUM; 24 rows expected
2019-05-06,24,3.984604491988361e-05,HOURLY_ACCRUAL_SUM; 24 rows expected
2019-05-07,24,0.0002872716071410678,HOURLY_ACCRUAL_SUM; 24 rows expected
2019-05-08,24,-0.0010668304350143084,HOURLY_ACCRUAL_SUM; 24 rows expected
2019-05-09,24,-0.0016592684436342452,HOURLY_ACCRUAL_SUM; 24 rows expected
2019-05-10,24,-0.0020732927090986596,HOURLY_ACCRUAL_SUM; 24 rows expected
2019-05-11,24,-0.0007483064621853216,HOURLY_ACCRUAL_SUM; 24 rows expected
2019-05-12,24,0.0002925846184109683,HOURLY_ACCRUAL_SUM; 24 rows expected
2019-05-13,24,0.0008767703124525358,HOURLY_ACCRUAL_SUM; 24 rows expected
2019-05-14,24,0.0013180875014630125,HOURLY_ACCRUAL_SUM; 24 rows expected
2019-05-15,24,0.0016365938458464688,HOURLY_ACCRUAL_SUM; 24 rows expected
2019-05-16,24,0.0022703800271081285,HOURLY_ACCRUAL_SUM; 24 rows expected
2019-05-17,24,0.0008480443739401968,HOURLY_ACCRUAL_SUM; 24 rows expected
2019-05-18,24,-5.9476565299318096e-05,HOURLY_ACCRUAL_SUM; 24 rows expected
2019-05-19,24,0.0010715855476158766,HOURLY_ACCRUAL_SUM; 24 rows expected
2019-05-20,24,0.002019490645152554,HOURLY_ACCRUAL_SUM; 24 rows expected
2019-05-21,24,0.0012401228329148423,HOURLY_ACCRUAL_SUM; 24 rows expected
2019-05-22,24,0.0007827908990952518,HOURLY_ACCRUAL_SUM; 24 rows expected
2019-05-23,24,0.00019204959022713116,HOURLY_ACCRUAL_SUM; 24 rows expected
2019-05-24,24,0.0009052294987768176,HOURLY_ACCRUAL_SUM; 24 rows expected
2019-05-25,24,0.0012002123550240377,HOURLY_ACCRUAL_SUM; 24 rows expected
2019-05-26,24,0.0027927307052414817,HOURLY_ACCRUAL_SUM; 24 rows expected
2019-05-27,24,0.003855965103758186,HOURLY_ACCRUAL_SUM; 24 rows expected
2019-05-28,24,0.003219456159595769,HOURLY_ACCRUAL_SUM; 24 rows expected
2019-05-29,24,0.0017632879325190087,HOURLY_ACCRUAL_SUM; 24 rows expected
2019-05-30,24,0.0019499543265956145,HOURLY_ACCRUAL_SUM; 24 rows expected
2019-05-31,24,0.001097511030271117,HOURLY_ACCRUAL_SUM; 24 rows expected
2019-06-01,24,0.0010607064778909404,HOURLY_ACCRUAL_SUM; 24 rows expected
2019-06-02,24,0.0012647429875645322,HOURLY_ACCRUAL_SUM; 24 rows expected
2019-06-03,24,0.0009257699551489334,HOURLY_ACCRUAL_SUM; 24 rows expected
2019-06-04,24,-4.8884285302302855e-05,HOURLY_ACCRUAL_SUM; 24 rows expected
2019-06-05,24,-8.31595411950252e-06,HOURLY_ACCRUAL_SUM; 24 rows expected
2019-06-06,24,-3.244909776844386e-05,HOURLY_ACCRUAL_SUM; 24 rows expected
2019-06-07,24,1.0499339908671785e-05,HOURLY_ACCRUAL_SUM; 24 rows expected
2019-06-08,24,-3.649470923624379e-05,HOURLY_ACCRUAL_SUM; 24 rows expected
2019-06-09,24,-0.00018100942365865578,HOURLY_ACCRUAL_SUM; 24 rows expected
2019-06-10,24,-6.031698868449342e-05,HOURLY_ACCRUAL_SUM; 24 rows expected
2019-06-11,24,-1.193446678402005e-05,HOURLY_ACCRUAL_SUM; 24 rows expected
2019-06-12,24,1.557991117471823e-05,HOURLY_ACCRUAL_SUM; 24 rows expected
2019-06-13,24,7.232916848457357e-05,HOURLY_ACCRUAL_SUM; 24 rows expected
2019-06-14,24,5.024855031625525e-05,HOURLY_ACCRUAL_SUM; 24 rows expected
2019-06-15,24,0.0009413661022135813,HOURLY_ACCRUAL_SUM; 24 rows expected
2019-06-16,24,0.0034693707784795307,HOURLY_ACCRUAL_SUM; 24 rows expected
2019-06-17,24,0.0013899785211043993,HOURLY_ACCRUAL_SUM; 24 rows expected
2019-06-18,24,0.0016783346742020085,HOURLY_ACCRUAL_SUM; 24 rows expected
2019-06-19,24,0.0017688219858787082,HOURLY_ACCRUAL_SUM; 24 rows expected
2019-06-20,24,0.0014245883346385758,HOURLY_ACCRUAL_SUM; 24 rows expected
2019-06-21,24,0.0018485479337988916,HOURLY_ACCRUAL_SUM; 24 rows expected
2019-06-22,24,0.005129211244693656,HOURLY_ACCRUAL_SUM; 24 rows expected
2019-06-23,24,0.0062682943070234655,HOURLY_ACCRUAL_SUM; 24 rows expected
2019-06-24,24,0.0027255998629307707,HOURLY_ACCRUAL_SUM; 24 rows expected
2019-06-25,24,0.0020081062232629138,HOURLY_ACCRUAL_SUM; 24 rows expected
2019-06-26,24,0.002479891652650826,HOURLY_ACCRUAL_SUM; 24 rows expected
2019-06-27,24,0.0043667916524879925,HOURLY_ACCRUAL_SUM; 24 rows expected
2019-06-28,24,0.0012757524599895172,HOURLY_ACCRUAL_SUM; 24 rows expected
2019-06-29,24,0.0007481133111122194,HOURLY_ACCRUAL_SUM; 24 rows expected
2019-06-30,24,0.0007050670800142653,HOURLY_ACCRUAL_SUM; 24 rows expected
2019-07-01,24,0.000881833556814978,HOURLY_ACCRUAL_SUM; 24 rows expected
2019-07-02,24,0.000366350711143075,HOURLY_ACCRUAL_SUM; 24 rows expected
2019-07-03,24,-3.5070571211384726e-05,HOURLY_ACCRUAL_SUM; 24 rows expected
2019-07-04,24,0.00021880187464151811,HOURLY_ACCRUAL_SUM; 24 rows expected
2019-07-05,24,-1.3656305580400134e-05,HOURLY_ACCRUAL_SUM; 24 rows expected
2019-07-06,24,0.00017028184288608094,HOURLY_ACCRUAL_SUM; 24 rows expected
2019-07-07,24,0.00023956309458372015,HOURLY_ACCRUAL_SUM; 24 rows expected
2019-07-08,24,0.0009038701238523495,HOURLY_ACCRUAL_SUM; 24 rows expected
2019-07-09,24,0.0016248540363299128,HOURLY_ACCRUAL_SUM; 24 rows expected
2019-07-10,24,0.002309332462230483,HOURLY_ACCRUAL_SUM; 24 rows expected
2019-07-11,24,-9.606472521852057e-05,HOURLY_ACCRUAL_SUM; 24 rows expected
2019-07-12,24,-9.991170236733808e-05,HOURLY_ACCRUAL_SUM; 24 rows expected
2019-07-13,24,-0.00012652435369463078,HOURLY_ACCRUAL_SUM; 24 rows expected
2019-07-14,24,-0.000429782874828996,HOURLY_ACCRUAL_SUM; 24 rows expected
2019-07-15,24,-0.0004056829597101778,HOURLY_ACCRUAL_SUM; 24 rows expected
2019-07-16,24,-0.00048224618067559485,HOURLY_ACCRUAL_SUM; 24 rows expected
2019-07-17,24,-0.0006374308625248019,HOURLY_ACCRUAL_SUM; 24 rows expected
2019-07-18,24,-0.00015925966723276557,HOURLY_ACCRUAL_SUM; 24 rows expected
2019-07-19,24,4.603524484052083e-05,HOURLY_ACCRUAL_SUM; 24 rows expected
2019-07-20,24,8.011820438676335e-06,HOURLY_ACCRUAL_SUM; 24 rows expected
2019-07-21,24,5.397506346746573e-06,HOURLY_ACCRUAL_SUM; 24 rows expected
2019-07-22,24,3.9500323177227246e-05,HOURLY_ACCRUAL_SUM; 24 rows expected
2019-07-23,24,1.0312350037669115e-05,HOURLY_ACCRUAL_SUM; 24 rows expected
2019-07-24,24,-0.00015121330228941017,HOURLY_ACCRUAL_SUM; 24 rows expected
2019-07-25,24,-2.7396937951600828e-05,HOURLY_ACCRUAL_SUM; 24 rows expected
2019-07-26,24,-0.00012780573081384728,HOURLY_ACCRUAL_SUM; 24 rows expected
2019-07-27,24,1.9573618307374207e-05,HOURLY_ACCRUAL_SUM; 24 rows expected
2019-07-28,24,-0.00012229850115042177,HOURLY_ACCRUAL_SUM; 24 rows expected
2019-07-29,24,-5.778001715486079e-07,HOURLY_ACCRUAL_SUM; 24 rows expected
2019-07-30,24,-1.2458658796952895e-06,HOURLY_ACCRUAL_SUM; 24 rows expected
2019-07-31,24,0.00017804139339387716,HOURLY_ACCRUAL_SUM; 24 rows expected
2019-08-01,24,0.0005171417154131744,HOURLY_ACCRUAL_SUM; 24 rows expected
2019-08-02,24,0.00036287655841251885,HOURLY_ACCRUAL_SUM; 24 rows expected
2019-08-03,24,0.0004399844243493659,HOURLY_ACCRUAL_SUM; 24 rows expected
2019-08-04,24,0.0011577337711801718,HOURLY_ACCRUAL_SUM; 24 rows expected
2019-08-05,24,0.0014705159678966833,HOURLY_ACCRUAL_SUM; 24 rows expected
2019-08-06,24,0.0027922645806598865,HOURLY_ACCRUAL_SUM; 24 rows expected
2019-08-07,24,0.002052359843755467,HOURLY_ACCRUAL_SUM; 24 rows expected
2019-08-08,24,0.00228500783648386,HOURLY_ACCRUAL_SUM; 24 rows expected
2019-08-09,24,0.0021087450521000265,HOURLY_ACCRUAL_SUM; 24 rows expected
2019-08-10,24,0.0010079470879674373,HOURLY_ACCRUAL_SUM; 24 rows expected
2019-08-11,24,0.0004279009510989251,HOURLY_ACCRUAL_SUM; 24 rows expected
2019-08-12,24,0.0006829829196335184,HOURLY_ACCRUAL_SUM; 24 rows expected
2019-08-13,24,0.0008813702467114824,HOURLY_ACCRUAL_SUM; 24 rows expected
2019-08-14,24,0.0003219947139327799,HOURLY_ACCRUAL_SUM; 24 rows expected
2019-08-15,24,-0.00028510855100061705,HOURLY_ACCRUAL_SUM; 24 rows expected
2019-08-16,24,-0.00030950380900785835,HOURLY_ACCRUAL_SUM; 24 rows expected
2019-08-17,24,-0.0003354921079706694,HOURLY_ACCRUAL_SUM; 24 rows expected
2019-08-18,24,-5.788467900230906e-05,HOURLY_ACCRUAL_SUM; 24 rows expected
2019-08-19,24,-1.2202479769772085e-05,HOURLY_ACCRUAL_SUM; 24 rows expected
2019-08-20,24,0.00010645949549234768,HOURLY_ACCRUAL_SUM; 24 rows expected
2019-08-21,24,-0.00012240322784312765,HOURLY_ACCRUAL_SUM; 24 rows expected
2019-08-22,24,-0.00011659433597227863,HOURLY_ACCRUAL_SUM; 24 rows expected
2019-08-23,24,-2.2130306711367936e-05,HOURLY_ACCRUAL_SUM; 24 rows expected
2019-08-24,24,-0.00014563415467353115,HOURLY_ACCRUAL_SUM; 24 rows expected
2019-08-25,24,-8.41324887833801e-05,HOURLY_ACCRUAL_SUM; 24 rows expected
2019-08-26,24,0.00045287587359897586,HOURLY_ACCRUAL_SUM; 24 rows expected
2019-08-27,24,9.039250703194295e-05,HOURLY_ACCRUAL_SUM; 24 rows expected
2019-08-28,24,-1.8642279523965527e-05,HOURLY_ACCRUAL_SUM; 24 rows expected
2019-08-29,24,-0.0003221613727495875,HOURLY_ACCRUAL_SUM; 24 rows expected
2019-08-30,24,-0.00012721860473323667,HOURLY_ACCRUAL_SUM; 24 rows expected
2019-08-31,24,-9.70914665670913e-05,HOURLY_ACCRUAL_SUM; 24 rows expected
2019-09-01,24,-5.626636621737652e-05,HOURLY_ACCRUAL_SUM; 24 rows expected
2019-09-02,24,-7.354790636232531e-05,HOURLY_ACCRUAL_SUM; 24 rows expected
2019-09-03,24,0.0006220397737650578,HOURLY_ACCRUAL_SUM; 24 rows expected
2019-09-04,24,0.0006440972807627293,HOURLY_ACCRUAL_SUM; 24 rows expected
2019-09-05,24,0.0004134214632215076,HOURLY_ACCRUAL_SUM; 24 rows expected
2019-09-06,24,0.0005868292335205172,HOURLY_ACCRUAL_SUM; 24 rows expected
2019-09-07,24,0.00010460621529076813,HOURLY_ACCRUAL_SUM; 24 rows expected
2019-09-08,24,0.0005749903549265162,HOURLY_ACCRUAL_SUM; 24 rows expected
2019-09-09,24,0.000595086349280067,HOURLY_ACCRUAL_SUM; 24 rows expected
2019-09-10,24,0.00031036989942366473,HOURLY_ACCRUAL_SUM; 24 rows expected
2019-09-11,24,0.00031153488371607615,HOURLY_ACCRUAL_SUM; 24 rows expected
2019-09-12,24,0.0004412130885450066,HOURLY_ACCRUAL_SUM; 24 rows expected
2019-09-13,24,0.0009661579138364624,HOURLY_ACCRUAL_SUM; 24 rows expected
2019-09-14,24,0.0008481872084567772,HOURLY_ACCRUAL_SUM; 24 rows expected
2019-09-15,24,0.0006651714303193519,HOURLY_ACCRUAL_SUM; 24 rows expected
2019-09-16,24,0.0005140710712310214,HOURLY_ACCRUAL_SUM; 24 rows expected
2019-09-17,24,0.0004504386662749958,HOURLY_ACCRUAL_SUM; 24 rows expected
2019-09-18,24,0.0006276975110034922,HOURLY_ACCRUAL_SUM; 24 rows expected
2019-09-19,24,6.417658962325188e-05,HOURLY_ACCRUAL_SUM; 24 rows expected
2019-09-20,24,0.0006953747738988426,HOURLY_ACCRUAL_SUM; 24 rows expected
2019-09-21,24,0.0001225704786253388,HOURLY_ACCRUAL_SUM; 24 rows expected
2019-09-22,24,0.0002530648335152625,HOURLY_ACCRUAL_SUM; 24 rows expected
2019-09-23,24,0.00029203808734478944,HOURLY_ACCRUAL_SUM; 24 rows expected
2019-09-24,24,-0.0010194193054028687,HOURLY_ACCRUAL_SUM; 24 rows expected
2019-09-25,24,-7.30339155479698e-05,HOURLY_ACCRUAL_SUM; 24 rows expected
2019-09-26,24,-6.0793274749832476e-05,HOURLY_ACCRUAL_SUM; 24 rows expected
2019-09-27,24,-0.0003772764539241018,HOURLY_ACCRUAL_SUM; 24 rows expected
2019-09-28,24,-0.000750043136516178,HOURLY_ACCRUAL_SUM; 24 rows expected
2019-09-29,24,-0.0005714396161225003,HOURLY_ACCRUAL_SUM; 24 rows expected
2019-09-30,24,-0.0004800481428474877,HOURLY_ACCRUAL_SUM; 24 rows expected
2019-10-01,24,-0.0004223511177052222,HOURLY_ACCRUAL_SUM; 24 rows expected
2019-10-02,24,-0.0002177084655966588,HOURLY_ACCRUAL_SUM; 24 rows expected
2019-10-03,24,-0.0002530027226115548,HOURLY_ACCRUAL_SUM; 24 rows expected
2019-10-04,24,-0.0002419226218222537,HOURLY_ACCRUAL_SUM; 24 rows expected
2019-10-05,24,-0.00016494434068267373,HOURLY_ACCRUAL_SUM; 24 rows expected
2019-10-06,24,-0.00027413710180214243,HOURLY_ACCRUAL_SUM; 24 rows expected
2019-10-07,24,-0.00020202472998651874,HOURLY_ACCRUAL_SUM; 24 rows expected
2019-10-08,24,-3.831740105527233e-06,HOURLY_ACCRUAL_SUM; 24 rows expected
2019-10-09,24,3.875093145233334e-05,HOURLY_ACCRUAL_SUM; 24 rows expected
2019-10-10,24,9.806119665271536e-05,HOURLY_ACCRUAL_SUM; 24 rows expected
2019-10-11,24,3.6230973724966465e-05,HOURLY_ACCRUAL_SUM; 24 rows expected
2019-10-12,24,3.967732959428936e-06,HOURLY_ACCRUAL_SUM; 24 rows expected
2019-10-13,24,1.064610411442454e-05,HOURLY_ACCRUAL_SUM; 24 rows expected
2019-10-14,24,1.728384429034418e-05,HOURLY_ACCRUAL_SUM; 24 rows expected
2019-10-15,24,8.862039065985106e-05,HOURLY_ACCRUAL_SUM; 24 rows expected
2019-10-16,24,4.1069108695242425e-05,HOURLY_ACCRUAL_SUM; 24 rows expected
2019-10-17,24,4.38037781451744e-05,HOURLY_ACCRUAL_SUM; 24 rows expected
2019-10-18,24,-1.636437211874476e-05,HOURLY_ACCRUAL_SUM; 24 rows expected
2019-10-19,24,-1.0308015444276593e-05,HOURLY_ACCRUAL_SUM; 24 rows expected
2019-10-20,24,3.437514078097964e-05,HOURLY_ACCRUAL_SUM; 24 rows expected
2019-10-21,24,9.088220207824788e-05,HOURLY_ACCRUAL_SUM; 24 rows expected
2019-10-22,24,0.00014397134342776234,HOURLY_ACCRUAL_SUM; 24 rows expected
2019-10-23,24,-0.00044277708463592684,HOURLY_ACCRUAL_SUM; 24 rows expected
2019-10-24,24,-0.0004010196518748191,HOURLY_ACCRUAL_SUM; 24 rows expected
2019-10-25,24,-3.877843669345262e-05,HOURLY_ACCRUAL_SUM; 24 rows expected
2019-10-26,24,0.0011161850203715467,HOURLY_ACCRUAL_SUM; 24 rows expected
2019-10-27,24,0.0008166682992848795,HOURLY_ACCRUAL_SUM; 24 rows expected
2019-10-28,24,0.0007925863582156707,HOURLY_ACCRUAL_SUM; 24 rows expected
2019-10-29,24,0.0006671503783641018,HOURLY_ACCRUAL_SUM; 24 rows expected
2019-10-30,24,7.285626658807085e-05,HOURLY_ACCRUAL_SUM; 24 rows expected
2019-10-31,24,9.456369739317959e-05,HOURLY_ACCRUAL_SUM; 24 rows expected
2019-11-01,24,0.00013960273489199522,HOURLY_ACCRUAL_SUM; 24 rows expected
2019-11-02,24,0.00046718312356744146,HOURLY_ACCRUAL_SUM; 24 rows expected
2019-11-03,24,0.0002695186589351716,HOURLY_ACCRUAL_SUM; 24 rows expected
2019-11-04,24,0.000841227988911831,HOURLY_ACCRUAL_SUM; 24 rows expected
2019-11-05,24,0.0008692399776720251,HOURLY_ACCRUAL_SUM; 24 rows expected
2019-11-06,24,0.0009975079267379738,HOURLY_ACCRUAL_SUM; 24 rows expected
2019-11-07,24,0.0005937356714540529,HOURLY_ACCRUAL_SUM; 24 rows expected
2019-11-08,24,0.00038208737151406054,HOURLY_ACCRUAL_SUM; 24 rows expected
2019-11-09,24,-9.304510660570187e-06,HOURLY_ACCRUAL_SUM; 24 rows expected
2019-11-10,24,5.7002262570409657e-05,HOURLY_ACCRUAL_SUM; 24 rows expected
2019-11-11,24,0.0002099726738552312,HOURLY_ACCRUAL_SUM; 24 rows expected
2019-11-12,24,0.00022597869759526622,HOURLY_ACCRUAL_SUM; 24 rows expected
2019-11-13,24,0.0003904095070410834,HOURLY_ACCRUAL_SUM; 24 rows expected
2019-11-14,24,0.0002284346083703378,HOURLY_ACCRUAL_SUM; 24 rows expected
2019-11-15,24,0.0003817825956911594,HOURLY_ACCRUAL_SUM; 24 rows expected
2019-11-16,24,9.875232579812713e-05,HOURLY_ACCRUAL_SUM; 24 rows expected
2019-11-17,24,0.0003439179802273847,HOURLY_ACCRUAL_SUM; 24 rows expected
2019-11-18,24,0.00041653919077082823,HOURLY_ACCRUAL_SUM; 24 rows expected
2019-11-19,24,0.00014069705219155068,HOURLY_ACCRUAL_SUM; 24 rows expected
2019-11-20,24,0.00046100626300785976,HOURLY_ACCRUAL_SUM; 24 rows expected
2019-11-21,24,0.0006249237472956206,HOURLY_ACCRUAL_SUM; 24 rows expected
2019-11-22,24,-0.0002648105799686013,HOURLY_ACCRUAL_SUM; 24 rows expected
2019-11-23,24,-4.872336569551811e-05,HOURLY_ACCRUAL_SUM; 24 rows expected
2019-11-24,24,-8.646224167618118e-05,HOURLY_ACCRUAL_SUM; 24 rows expected
2019-11-25,24,-4.449733602026796e-06,HOURLY_ACCRUAL_SUM; 24 rows expected
2019-11-26,24,-2.3735550934482665e-05,HOURLY_ACCRUAL_SUM; 24 rows expected
2019-11-27,24,-6.4029717614882415e-06,HOURLY_ACCRUAL_SUM; 24 rows expected
2019-11-28,24,-1.5853605411107428e-05,HOURLY_ACCRUAL_SUM; 24 rows expected
2019-11-29,24,-5.4818321053492356e-06,HOURLY_ACCRUAL_SUM; 24 rows expected
2019-11-30,24,-3.713738803266305e-06,HOURLY_ACCRUAL_SUM; 24 rows expected
2019-12-01,24,3.6838189690509057e-06,HOURLY_ACCRUAL_SUM; 24 rows expected
2019-12-02,24,-1.5051568780783693e-05,HOURLY_ACCRUAL_SUM; 24 rows expected
2019-12-03,24,-8.42922437905975e-06,HOURLY_ACCRUAL_SUM; 24 rows expected
2019-12-04,24,-7.64902820910394e-06,HOURLY_ACCRUAL_SUM; 24 rows expected
2019-12-05,24,-2.9783786885626444e-05,HOURLY_ACCRUAL_SUM; 24 rows expected
2019-12-06,24,-1.3844704834905984e-05,HOURLY_ACCRUAL_SUM; 24 rows expected
2019-12-07,24,-4.3080884856796444e-05,HOURLY_ACCRUAL_SUM; 24 rows expected
2019-12-08,24,-6.761377549550987e-05,HOURLY_ACCRUAL_SUM; 24 rows expected
2019-12-09,24,1.3907073523935299e-06,HOURLY_ACCRUAL_SUM; 24 rows expected
2019-12-10,24,5.203806446229778e-06,HOURLY_ACCRUAL_SUM; 24 rows expected
2019-12-11,24,-4.62128673191685e-06,HOURLY_ACCRUAL_SUM; 24 rows expected
2019-12-12,24,4.126665719941339e-07,HOURLY_ACCRUAL_SUM; 24 rows expected
2019-12-13,24,3.538423187739035e-06,HOURLY_ACCRUAL_SUM; 24 rows expected
2019-12-14,24,-0.00012971877231045058,HOURLY_ACCRUAL_SUM; 24 rows expected
2019-12-15,24,-8.016097089958559e-05,HOURLY_ACCRUAL_SUM; 24 rows expected
2019-12-16,24,-7.445804604528081e-06,HOURLY_ACCRUAL_SUM; 24 rows expected
2019-12-17,24,-0.00011478671526678629,HOURLY_ACCRUAL_SUM; 24 rows expected
2019-12-18,24,-0.00021604387266356624,HOURLY_ACCRUAL_SUM; 24 rows expected
2019-12-19,24,-2.1945887787059447e-05,HOURLY_ACCRUAL_SUM; 24 rows expected
2019-12-20,24,-3.8824597677097985e-05,HOURLY_ACCRUAL_SUM; 24 rows expected
2019-12-21,24,-2.045210171162156e-05,HOURLY_ACCRUAL_SUM; 24 rows expected
2019-12-22,24,-2.1842504054333624e-05,HOURLY_ACCRUAL_SUM; 24 rows expected
2019-12-23,24,5.9871548158318565e-05,HOURLY_ACCRUAL_SUM; 24 rows expected
2019-12-24,24,3.75356367488415e-05,HOURLY_ACCRUAL_SUM; 24 rows expected
2019-12-25,24,1.422308306446589e-05,HOURLY_ACCRUAL_SUM; 24 rows expected
2019-12-26,24,5.8952933432397126e-05,HOURLY_ACCRUAL_SUM; 24 rows expected
2019-12-27,24,0.0002871243411585673,HOURLY_ACCRUAL_SUM; 24 rows expected
2019-12-28,24,-3.2364575363892383e-06,HOURLY_ACCRUAL_SUM; 24 rows expected
2019-12-29,24,4.5931739766489925e-05,HOURLY_ACCRUAL_SUM; 24 rows expected
2019-12-30,24,0.00037966837509370083,HOURLY_ACCRUAL_SUM; 24 rows expected
2019-12-31,24,0.0002670750196641445,HOURLY_ACCRUAL_SUM; 24 rows expected
2020-01-01,24,0.0001537596910666281,HOURLY_ACCRUAL_SUM; 24 rows expected
2020-01-02,24,1.158460055303977e-05,HOURLY_ACCRUAL_SUM; 24 rows expected
2020-01-03,24,9.874042787787126e-05,HOURLY_ACCRUAL_SUM; 24 rows expected
2020-01-04,24,0.00016488606778990427,HOURLY_ACCRUAL_SUM; 24 rows expected
2020-01-05,24,0.00010268746341852336,HOURLY_ACCRUAL_SUM; 24 rows expected
2020-01-06,24,1.4304609807950427e-05,HOURLY_ACCRUAL_SUM; 24 rows expected
2020-01-07,24,6.415352651619221e-05,HOURLY_ACCRUAL_SUM; 24 rows expected
2020-01-08,24,6.217120882008783e-05,HOURLY_ACCRUAL_SUM; 24 rows expected
2020-01-09,24,0.00011147680513069036,HOURLY_ACCRUAL_SUM; 24 rows expected
2020-01-10,24,0.00020806263002261637,HOURLY_ACCRUAL_SUM; 24 rows expected
2020-01-11,24,0.0002735470007863587,HOURLY_ACCRUAL_SUM; 24 rows expected
2020-01-12,24,0.0003285628065382289,HOURLY_ACCRUAL_SUM; 24 rows expected
2020-01-13,24,0.0004352027567633695,HOURLY_ACCRUAL_SUM; 24 rows expected
2020-01-14,24,0.0013303651032569967,HOURLY_ACCRUAL_SUM; 24 rows expected
2020-01-15,24,0.00156205978625448,HOURLY_ACCRUAL_SUM; 24 rows expected
2020-01-16,24,0.0008753034556602485,HOURLY_ACCRUAL_SUM; 24 rows expected
2020-01-17,24,0.0010300203533017353,HOURLY_ACCRUAL_SUM; 24 rows expected
2020-01-18,24,0.000697844175378399,HOURLY_ACCRUAL_SUM; 24 rows expected
2020-01-19,24,0.0006332614304206568,HOURLY_ACCRUAL_SUM; 24 rows expected
2020-01-20,24,0.00033198408482018274,HOURLY_ACCRUAL_SUM; 24 rows expected
2020-01-21,24,0.0006838126550355934,HOURLY_ACCRUAL_SUM; 24 rows expected
2020-01-22,24,0.0004848764675467465,HOURLY_ACCRUAL_SUM; 24 rows expected
2020-01-23,24,0.00044662201935185273,HOURLY_ACCRUAL_SUM; 24 rows expected
2020-01-24,24,0.00031947238702240784,HOURLY_ACCRUAL_SUM; 24 rows expected
2020-01-25,24,0.00012366763924242198,HOURLY_ACCRUAL_SUM; 24 rows expected
2020-01-26,24,0.00042670538883165724,HOURLY_ACCRUAL_SUM; 24 rows expected
2020-01-27,24,0.0006944393095729972,HOURLY_ACCRUAL_SUM; 24 rows expected
2020-01-28,24,0.001147365878674206,HOURLY_ACCRUAL_SUM; 24 rows expected
2020-01-29,24,0.0015831093348539682,HOURLY_ACCRUAL_SUM; 24 rows expected
2020-01-30,24,0.0015149445868075176,HOURLY_ACCRUAL_SUM; 24 rows expected
2020-01-31,24,0.0011994635120679456,HOURLY_ACCRUAL_SUM; 24 rows expected
2020-02-01,24,0.0009264813106132387,HOURLY_ACCRUAL_SUM; 24 rows expected
2020-02-02,24,0.0012532326825626422,HOURLY_ACCRUAL_SUM; 24 rows expected
2020-02-03,24,0.0007529505242101838,HOURLY_ACCRUAL_SUM; 24 rows expected
2020-02-04,24,0.0006466250383419298,HOURLY_ACCRUAL_SUM; 24 rows expected
2020-02-05,24,0.0018692124535948916,HOURLY_ACCRUAL_SUM; 24 rows expected
2020-02-06,24,0.0016543054319457162,HOURLY_ACCRUAL_SUM; 24 rows expected
2020-02-07,24,0.0012880412736167716,HOURLY_ACCRUAL_SUM; 24 rows expected
2020-02-08,24,0.0011544622224342893,HOURLY_ACCRUAL_SUM; 24 rows expected
2020-02-09,24,0.0014007448090021103,HOURLY_ACCRUAL_SUM; 24 rows expected
2020-02-10,24,0.0012359229230952953,HOURLY_ACCRUAL_SUM; 24 rows expected
2020-02-11,24,0.0015299297441957653,HOURLY_ACCRUAL_SUM; 24 rows expected
2020-02-12,24,0.0024434888765429816,HOURLY_ACCRUAL_SUM; 24 rows expected
2020-02-13,24,0.0022829133950197067,HOURLY_ACCRUAL_SUM; 24 rows expected
2020-02-14,24,0.0021720756185019774,HOURLY_ACCRUAL_SUM; 24 rows expected
2020-02-15,24,0.001131021243078962,HOURLY_ACCRUAL_SUM; 24 rows expected
2020-02-16,24,0.00036976373155757234,HOURLY_ACCRUAL_SUM; 24 rows expected
2020-02-17,24,0.0007418307491659864,HOURLY_ACCRUAL_SUM; 24 rows expected
2020-02-18,24,0.001010291258229615,HOURLY_ACCRUAL_SUM; 24 rows expected
2020-02-19,24,0.0016260252115300026,HOURLY_ACCRUAL_SUM; 24 rows expected
2020-02-20,24,0.0003533139344675227,HOURLY_ACCRUAL_SUM; 24 rows expected
2020-02-21,24,0.00024902992511704433,HOURLY_ACCRUAL_SUM; 24 rows expected
2020-02-22,24,0.0005038217865933668,HOURLY_ACCRUAL_SUM; 24 rows expected
2020-02-23,24,0.0011185989351722408,HOURLY_ACCRUAL_SUM; 24 rows expected
2020-02-24,24,0.001043977621667157,HOURLY_ACCRUAL_SUM; 24 rows expected
2020-02-25,24,0.0013785633247981226,HOURLY_ACCRUAL_SUM; 24 rows expected
2020-02-26,24,0.001352780470083212,HOURLY_ACCRUAL_SUM; 24 rows expected
2020-02-27,24,0.00012777390686921834,HOURLY_ACCRUAL_SUM; 24 rows expected
2020-02-28,24,0.00044787389335842977,HOURLY_ACCRUAL_SUM; 24 rows expected
2020-02-29,24,0.00041574539492728556,HOURLY_ACCRUAL_SUM; 24 rows expected
2020-03-01,24,0.00044794861612048193,HOURLY_ACCRUAL_SUM; 24 rows expected
2020-03-02,24,0.00014243058524145814,HOURLY_ACCRUAL_SUM; 24 rows expected
2020-03-03,24,1.6722093228788145e-06,HOURLY_ACCRUAL_SUM; 24 rows expected
2020-03-04,24,-4.511801258534645e-07,HOURLY_ACCRUAL_SUM; 24 rows expected
2020-03-05,24,-3.7316964383828498e-06,HOURLY_ACCRUAL_SUM; 24 rows expected
2020-03-06,24,-3.04952212073126e-06,HOURLY_ACCRUAL_SUM; 24 rows expected
2020-03-07,24,-5.336932189620128e-06,HOURLY_ACCRUAL_SUM; 24 rows expected
2020-03-08,24,-0.0001440679150447969,HOURLY_ACCRUAL_SUM; 24 rows expected
2020-03-09,24,-3.1934148300055914e-05,HOURLY_ACCRUAL_SUM; 24 rows expected
2020-03-10,24,-2.9172621565699668e-05,HOURLY_ACCRUAL_SUM; 24 rows expected
2020-03-11,24,5.818987303863545e-06,HOURLY_ACCRUAL_SUM; 24 rows expected
2020-03-12,24,-0.002126569407275773,HOURLY_ACCRUAL_SUM; 24 rows expected
2020-03-13,24,-0.014495304128009071,HOURLY_ACCRUAL_SUM; 24 rows expected
2020-03-14,24,-0.004070237693595994,HOURLY_ACCRUAL_SUM; 24 rows expected
2020-03-15,24,-6.487098976132008e-05,HOURLY_ACCRUAL_SUM; 24 rows expected
2020-03-16,24,-0.0028403171174854105,HOURLY_ACCRUAL_SUM; 24 rows expected
2020-03-17,24,-0.0018832355883619963,HOURLY_ACCRUAL_SUM; 24 rows expected
2020-03-18,24,-0.001156133799385439,HOURLY_ACCRUAL_SUM; 24 rows expected
2020-03-19,24,-0.0011040797565432946,HOURLY_ACCRUAL_SUM; 24 rows expected
2020-03-20,24,-0.0004509335736388793,HOURLY_ACCRUAL_SUM; 24 rows expected
2020-03-21,24,-0.0006910554569670586,HOURLY_ACCRUAL_SUM; 24 rows expected
2020-03-22,24,-0.0007371502231014605,HOURLY_ACCRUAL_SUM; 24 rows expected
2020-03-23,24,-0.0002907364326856679,HOURLY_ACCRUAL_SUM; 24 rows expected
2020-03-24,24,-0.0005409114845749215,HOURLY_ACCRUAL_SUM; 24 rows expected
2020-03-25,24,-0.0008016099095117745,HOURLY_ACCRUAL_SUM; 24 rows expected
2020-03-26,24,-0.00037869860002955454,HOURLY_ACCRUAL_SUM; 24 rows expected
2020-03-27,24,-0.00021037396374625468,HOURLY_ACCRUAL_SUM; 24 rows expected
2020-03-28,24,-0.0008031585358653618,HOURLY_ACCRUAL_SUM; 24 rows expected
2020-03-29,24,-0.0001991779809536716,HOURLY_ACCRUAL_SUM; 24 rows expected
2020-03-30,24,-0.00014486566364265268,HOURLY_ACCRUAL_SUM; 24 rows expected
2020-03-31,24,-0.00010125969212345973,HOURLY_ACCRUAL_SUM; 24 rows expected
2020-04-01,24,-0.0002530362702706552,HOURLY_ACCRUAL_SUM; 24 rows expected
2020-04-02,24,5.2019275221396925e-06,HOURLY_ACCRUAL_SUM; 24 rows expected
2020-04-03,24,-5.223769752994778e-05,HOURLY_ACCRUAL_SUM; 24 rows expected
2020-04-04,24,-5.7397056753447095e-05,HOURLY_ACCRUAL_SUM; 24 rows expected
2020-04-05,24,-4.08698314179488e-05,HOURLY_ACCRUAL_SUM; 24 rows expected
2020-04-06,24,1.6022689562045455e-06,HOURLY_ACCRUAL_SUM; 24 rows expected
2020-04-07,24,-2.1620893127668288e-05,HOURLY_ACCRUAL_SUM; 24 rows expected
2020-04-08,24,-1.594759157383756e-05,HOURLY_ACCRUAL_SUM; 24 rows expected
2020-04-09,24,-0.00011151294995653375,HOURLY_ACCRUAL_SUM; 24 rows expected
2020-04-10,24,-0.0005128664909112518,HOURLY_ACCRUAL_SUM; 24 rows expected
2020-04-11,24,-0.00025266760125758835,HOURLY_ACCRUAL_SUM; 24 rows expected
2020-04-12,24,-0.0005768405341167071,HOURLY_ACCRUAL_SUM; 24 rows expected
2020-04-13,24,-0.00100763578651448,HOURLY_ACCRUAL_SUM; 24 rows expected
2020-04-14,24,-0.0004050838839230826,HOURLY_ACCRUAL_SUM; 24 rows expected
2020-04-15,24,-0.0005271706417609226,HOURLY_ACCRUAL_SUM; 24 rows expected
2020-04-16,24,-0.00027829975181768355,HOURLY_ACCRUAL_SUM; 24 rows expected
2020-04-17,24,-5.992218420847624e-05,HOURLY_ACCRUAL_SUM; 24 rows expected
2020-04-18,24,-5.149384763761754e-05,HOURLY_ACCRUAL_SUM; 24 rows expected
2020-04-19,24,-0.00013929593424756353,HOURLY_ACCRUAL_SUM; 24 rows expected
2020-04-20,24,-0.0003870847910380945,HOURLY_ACCRUAL_SUM; 24 rows expected
2020-04-21,24,-0.0003361263243798544,HOURLY_ACCRUAL_SUM; 24 rows expected
2020-04-22,24,-0.0002987893227174234,HOURLY_ACCRUAL_SUM; 24 rows expected
2020-04-23,24,-2.5890456384973386e-05,HOURLY_ACCRUAL_SUM; 24 rows expected
2020-04-24,24,3.110617237950512e-05,HOURLY_ACCRUAL_SUM; 24 rows expected
2020-04-25,24,-2.2889699752622214e-05,HOURLY_ACCRUAL_SUM; 24 rows expected
2020-04-26,24,-8.258899191904803e-05,HOURLY_ACCRUAL_SUM; 24 rows expected
2020-04-27,24,-0.00010876889366063097,HOURLY_ACCRUAL_SUM; 24 rows expected
2020-04-28,24,-3.818988754231357e-05,HOURLY_ACCRUAL_SUM; 24 rows expected
2020-04-29,24,-4.2603872610882944e-05,HOURLY_ACCRUAL_SUM; 24 rows expected
2020-04-30,24,0.00016909177527679156,HOURLY_ACCRUAL_SUM; 24 rows expected
2020-05-01,24,9.881235754689056e-06,HOURLY_ACCRUAL_SUM; 24 rows expected
2020-05-02,24,-1.6993703734408373e-07,HOURLY_ACCRUAL_SUM; 24 rows expected
2020-05-03,24,-1.554802465860553e-05,HOURLY_ACCRUAL_SUM; 24 rows expected
2020-05-04,24,-4.404265036012561e-05,HOURLY_ACCRUAL_SUM; 24 rows expected
2020-05-05,24,-1.7653776030918378e-05,HOURLY_ACCRUAL_SUM; 24 rows expected
2020-05-06,24,-1.438113389345227e-05,HOURLY_ACCRUAL_SUM; 24 rows expected
2020-05-07,24,-5.04376668851808e-05,HOURLY_ACCRUAL_SUM; 24 rows expected
2020-05-08,24,7.035622824825966e-05,HOURLY_ACCRUAL_SUM; 24 rows expected
2020-05-09,24,5.207588082395745e-05,HOURLY_ACCRUAL_SUM; 24 rows expected
2020-05-10,24,-0.0003855291785830872,HOURLY_ACCRUAL_SUM; 24 rows expected
2020-05-11,24,-0.000185250474024969,HOURLY_ACCRUAL_SUM; 24 rows expected
2020-05-12,24,-0.00032632480051060454,HOURLY_ACCRUAL_SUM; 24 rows expected
2020-05-13,24,-0.00011765614106952069,HOURLY_ACCRUAL_SUM; 24 rows expected
2020-05-14,24,0.00011242374459709136,HOURLY_ACCRUAL_SUM; 24 rows expected
2020-05-15,24,5.861351746030167e-05,HOURLY_ACCRUAL_SUM; 24 rows expected
2020-05-16,24,7.532114940918943e-06,HOURLY_ACCRUAL_SUM; 24 rows expected
2020-05-17,24,0.00028742376940699474,HOURLY_ACCRUAL_SUM; 24 rows expected
2020-05-18,24,0.00032080193137930556,HOURLY_ACCRUAL_SUM; 24 rows expected
2020-05-19,24,6.727439282329488e-05,HOURLY_ACCRUAL_SUM; 24 rows expected
2020-05-20,24,8.933600270120041e-05,HOURLY_ACCRUAL_SUM; 24 rows expected
2020-05-21,24,-3.25132173857286e-05,HOURLY_ACCRUAL_SUM; 24 rows expected
2020-05-22,24,-2.293408726076851e-05,HOURLY_ACCRUAL_SUM; 24 rows expected
2020-05-23,24,-1.9838672530237306e-05,HOURLY_ACCRUAL_SUM; 24 rows expected
2020-05-24,24,-2.0893811656594902e-05,HOURLY_ACCRUAL_SUM; 24 rows expected
2020-05-25,24,-0.00038957631083563505,HOURLY_ACCRUAL_SUM; 24 rows expected
2020-05-26,24,-6.727905500610134e-05,HOURLY_ACCRUAL_SUM; 24 rows expected
2020-05-27,24,-6.276391185638991e-06,HOURLY_ACCRUAL_SUM; 24 rows expected
2020-05-28,24,8.337869042941718e-06,HOURLY_ACCRUAL_SUM; 24 rows expected
2020-05-29,24,8.582576558321282e-05,HOURLY_ACCRUAL_SUM; 24 rows expected
2020-05-30,24,8.948822611692735e-05,HOURLY_ACCRUAL_SUM; 24 rows expected
2020-05-31,24,3.812050610200047e-05,HOURLY_ACCRUAL_SUM; 24 rows expected
2020-06-01,24,9.926250405519695e-05,HOURLY_ACCRUAL_SUM; 24 rows expected
2020-06-02,24,0.0012975077084685172,HOURLY_ACCRUAL_SUM; 24 rows expected
2020-06-03,24,5.334575934546116e-06,HOURLY_ACCRUAL_SUM; 24 rows expected
2020-06-04,24,9.911866372074424e-06,HOURLY_ACCRUAL_SUM; 24 rows expected
2020-06-05,24,2.750429476045402e-05,HOURLY_ACCRUAL_SUM; 24 rows expected
2020-06-06,24,3.069904684681748e-05,HOURLY_ACCRUAL_SUM; 24 rows expected
2020-06-07,24,1.4702299812165473e-06,HOURLY_ACCRUAL_SUM; 24 rows expected
2020-06-08,24,4.340992867530777e-05,HOURLY_ACCRUAL_SUM; 24 rows expected
2020-06-09,24,1.1699466425501164e-05,HOURLY_ACCRUAL_SUM; 24 rows expected
2020-06-10,24,7.023400394548716e-05,HOURLY_ACCRUAL_SUM; 24 rows expected
2020-06-11,24,8.716614629534593e-05,HOURLY_ACCRUAL_SUM; 24 rows expected
2020-06-12,24,-5.545683086215127e-06,HOURLY_ACCRUAL_SUM; 24 rows expected
2020-06-13,24,-6.837114185466282e-06,HOURLY_ACCRUAL_SUM; 24 rows expected
2020-06-14,24,1.9613127448956482e-05,HOURLY_ACCRUAL_SUM; 24 rows expected
2020-06-15,24,3.2472571126651665e-05,HOURLY_ACCRUAL_SUM; 24 rows expected
2020-06-16,24,1.0774092807148128e-05,HOURLY_ACCRUAL_SUM; 24 rows expected
2020-06-17,24,2.7676888666524297e-05,HOURLY_ACCRUAL_SUM; 24 rows expected
2020-06-18,24,6.0214610356279105e-05,HOURLY_ACCRUAL_SUM; 24 rows expected
2020-06-19,24,3.316991162348678e-05,HOURLY_ACCRUAL_SUM; 24 rows expected
2020-06-20,24,2.5764428523662172e-05,HOURLY_ACCRUAL_SUM; 24 rows expected
2020-06-21,24,0.00017023203330562422,HOURLY_ACCRUAL_SUM; 24 rows expected
2020-06-22,24,0.000228973617182193,HOURLY_ACCRUAL_SUM; 24 rows expected
2020-06-23,24,0.0002428792863692022,HOURLY_ACCRUAL_SUM; 24 rows expected
2020-06-24,24,0.00019588618244049575,HOURLY_ACCRUAL_SUM; 24 rows expected
2020-06-25,24,-7.254658615446002e-06,HOURLY_ACCRUAL_SUM; 24 rows expected
2020-06-26,24,-0.00010528701174959776,HOURLY_ACCRUAL_SUM; 24 rows expected
2020-06-27,24,-6.749144969498601e-05,HOURLY_ACCRUAL_SUM; 24 rows expected
2020-06-28,24,-3.7794844280686085e-05,HOURLY_ACCRUAL_SUM; 24 rows expected
2020-06-29,24,-1.6459789569505303e-06,HOURLY_ACCRUAL_SUM; 24 rows expected
2020-06-30,24,-1.3304797291469872e-05,HOURLY_ACCRUAL_SUM; 24 rows expected
2020-07-01,24,1.1478027884141193e-06,HOURLY_ACCRUAL_SUM; 24 rows expected
2020-07-02,24,-2.4433727897135895e-05,HOURLY_ACCRUAL_SUM; 24 rows expected
2020-07-03,24,-5.585547045142727e-05,HOURLY_ACCRUAL_SUM; 24 rows expected
2020-07-04,24,-2.7809740259683766e-06,HOURLY_ACCRUAL_SUM; 24 rows expected
2020-07-05,24,-5.97888913015557e-06,HOURLY_ACCRUAL_SUM; 24 rows expected
2020-07-06,24,1.3777476481443941e-05,HOURLY_ACCRUAL_SUM; 24 rows expected
2020-07-07,24,1.4561581807451947e-05,HOURLY_ACCRUAL_SUM; 24 rows expected
2020-07-08,24,6.0972818359536215e-05,HOURLY_ACCRUAL_SUM; 24 rows expected
2020-07-09,24,6.546056298536953e-05,HOURLY_ACCRUAL_SUM; 24 rows expected
2020-07-10,24,6.108452740347839e-05,HOURLY_ACCRUAL_SUM; 24 rows expected
2020-07-11,24,4.9814600805055725e-05,HOURLY_ACCRUAL_SUM; 24 rows expected
2020-07-12,24,0.0001559601201270188,HOURLY_ACCRUAL_SUM; 24 rows expected
2020-07-13,24,0.000221041803130647,HOURLY_ACCRUAL_SUM; 24 rows expected
2020-07-14,24,0.00013954426197073608,HOURLY_ACCRUAL_SUM; 24 rows expected
2020-07-15,24,0.0001448859530237843,HOURLY_ACCRUAL_SUM; 24 rows expected
2020-07-16,24,4.9064540236810456e-05,HOURLY_ACCRUAL_SUM; 24 rows expected
2020-07-17,24,-4.102389518298902e-05,HOURLY_ACCRUAL_SUM; 24 rows expected
2020-07-18,24,-3.4642034248139384e-05,HOURLY_ACCRUAL_SUM; 24 rows expected
2020-07-19,24,5.5346621113534345e-05,HOURLY_ACCRUAL_SUM; 24 rows expected
2020-07-20,24,0.0003034767998024418,HOURLY_ACCRUAL_SUM; 24 rows expected
2020-07-21,24,0.00012027065214452343,HOURLY_ACCRUAL_SUM; 24 rows expected
2020-07-22,24,7.987128543705929e-05,HOURLY_ACCRUAL_SUM; 24 rows expected
2020-07-23,24,0.0005643260002767181,HOURLY_ACCRUAL_SUM; 24 rows expected
2020-07-24,24,0.0002963053614227666,HOURLY_ACCRUAL_SUM; 24 rows expected
2020-07-25,24,0.0005513969640111716,HOURLY_ACCRUAL_SUM; 24 rows expected
2020-07-26,24,0.0014370780981504605,HOURLY_ACCRUAL_SUM; 24 rows expected
2020-07-27,24,0.002174055014546383,HOURLY_ACCRUAL_SUM; 24 rows expected
2020-07-28,24,0.0018044748442321138,HOURLY_ACCRUAL_SUM; 24 rows expected
2020-07-29,24,0.0008334550969889303,HOURLY_ACCRUAL_SUM; 24 rows expected
2020-07-30,24,0.0008984457784605208,HOURLY_ACCRUAL_SUM; 24 rows expected
2020-07-31,24,0.0011288417535621983,HOURLY_ACCRUAL_SUM; 24 rows expected
2020-08-01,24,0.001169319517868698,HOURLY_ACCRUAL_SUM; 24 rows expected
2020-08-02,24,0.0008717515690496094,HOURLY_ACCRUAL_SUM; 24 rows expected
2020-08-03,24,0.0002467530812279534,HOURLY_ACCRUAL_SUM; 24 rows expected
2020-08-04,24,0.00020336900252714127,HOURLY_ACCRUAL_SUM; 24 rows expected
2020-08-05,24,0.000327349951050905,HOURLY_ACCRUAL_SUM; 24 rows expected
2020-08-06,24,8.483625215098981e-05,HOURLY_ACCRUAL_SUM; 24 rows expected
2020-08-07,24,2.9795192986105536e-05,HOURLY_ACCRUAL_SUM; 24 rows expected
2020-08-08,24,0.00016787073190690924,HOURLY_ACCRUAL_SUM; 24 rows expected
2020-08-09,24,0.00023504666892037277,HOURLY_ACCRUAL_SUM; 24 rows expected
2020-08-10,24,0.0006936797696284087,HOURLY_ACCRUAL_SUM; 24 rows expected
2020-08-11,24,0.00028127172120923614,HOURLY_ACCRUAL_SUM; 24 rows expected
2020-08-12,24,5.454876777048194e-05,HOURLY_ACCRUAL_SUM; 24 rows expected
2020-08-13,24,0.0001936485522741843,HOURLY_ACCRUAL_SUM; 24 rows expected
2020-08-14,24,0.0008444552317779713,HOURLY_ACCRUAL_SUM; 24 rows expected
2020-08-15,24,0.0009028044303770578,HOURLY_ACCRUAL_SUM; 24 rows expected
2020-08-16,24,0.0008360548354863326,HOURLY_ACCRUAL_SUM; 24 rows expected
2020-08-17,24,0.0015895497842106146,HOURLY_ACCRUAL_SUM; 24 rows expected
2020-08-18,24,0.0009038380605036869,HOURLY_ACCRUAL_SUM; 24 rows expected
2020-08-19,24,0.00024074244389146824,HOURLY_ACCRUAL_SUM; 24 rows expected
2020-08-20,24,0.00011624959304315035,HOURLY_ACCRUAL_SUM; 24 rows expected
2020-08-21,24,0.00037086197960766126,HOURLY_ACCRUAL_SUM; 24 rows expected
2020-08-22,24,0.00020013012399206214,HOURLY_ACCRUAL_SUM; 24 rows expected
2020-08-23,24,0.0002655976319583262,HOURLY_ACCRUAL_SUM; 24 rows expected
2020-08-24,24,0.00030264227745051086,HOURLY_ACCRUAL_SUM; 24 rows expected
2020-08-25,24,0.0002363596911193729,HOURLY_ACCRUAL_SUM; 24 rows expected
2020-08-26,24,9.737444694332375e-05,HOURLY_ACCRUAL_SUM; 24 rows expected
2020-08-27,22,0.0002171410392825111,HOURLY_ACCRUAL_SUM; 24 rows expected
2020-08-28,24,7.331498187255289e-05,HOURLY_ACCRUAL_SUM; 24 rows expected
2020-08-29,24,4.431774714366038e-05,HOURLY_ACCRUAL_SUM; 24 rows expected
2020-08-30,24,0.0005725704153241391,HOURLY_ACCRUAL_SUM; 24 rows expected
2020-08-31,24,0.0006235216727271348,HOURLY_ACCRUAL_SUM; 24 rows expected
2020-09-01,24,0.0010265238019931404,HOURLY_ACCRUAL_SUM; 24 rows expected
2020-09-02,24,0.000766145022972153,HOURLY_ACCRUAL_SUM; 24 rows expected
2020-09-03,24,-6.082324118107633e-05,HOURLY_ACCRUAL_SUM; 24 rows expected
2020-09-04,24,-0.0002540331688185154,HOURLY_ACCRUAL_SUM; 24 rows expected
2020-09-05,24,3.2417865356550982e-06,HOURLY_ACCRUAL_SUM; 24 rows expected
2020-09-06,24,-4.20394271783971e-07,HOURLY_ACCRUAL_SUM; 24 rows expected
2020-09-07,24,1.9202925838645275e-06,HOURLY_ACCRUAL_SUM; 24 rows expected
2020-09-08,24,1.1140170879009153e-06,HOURLY_ACCRUAL_SUM; 24 rows expected
2020-09-09,24,2.8303800874973027e-06,HOURLY_ACCRUAL_SUM; 24 rows expected
2020-09-10,24,1.285673945382864e-06,HOURLY_ACCRUAL_SUM; 24 rows expected
2020-09-11,24,2.3727966886399203e-07,HOURLY_ACCRUAL_SUM; 24 rows expected
2020-09-12,24,1.4981821481362446e-05,HOURLY_ACCRUAL_SUM; 24 rows expected
2020-09-13,24,2.3135586345530632e-06,HOURLY_ACCRUAL_SUM; 24 rows expected
2020-09-14,24,1.2221752397989333e-06,HOURLY_ACCRUAL_SUM; 24 rows expected
2020-09-15,24,1.934234205816618e-05,HOURLY_ACCRUAL_SUM; 24 rows expected
2020-09-16,24,0.00010011605508433929,HOURLY_ACCRUAL_SUM; 24 rows expected
2020-09-17,24,0.0001903041362714371,HOURLY_ACCRUAL_SUM; 24 rows expected
2020-09-18,24,0.00021548377564843777,HOURLY_ACCRUAL_SUM; 24 rows expected
2020-09-19,24,0.00023546890167012164,HOURLY_ACCRUAL_SUM; 24 rows expected
2020-09-20,24,4.839461047027275e-05,HOURLY_ACCRUAL_SUM; 24 rows expected
2020-09-21,24,9.937415272256069e-05,HOURLY_ACCRUAL_SUM; 24 rows expected
2020-09-22,24,-6.779003494525407e-06,HOURLY_ACCRUAL_SUM; 24 rows expected
2020-09-23,24,-2.932826485665477e-06,HOURLY_ACCRUAL_SUM; 24 rows expected
2020-09-24,24,1.139916039179803e-05,HOURLY_ACCRUAL_SUM; 24 rows expected
2020-09-25,24,2.053303459957058e-05,HOURLY_ACCRUAL_SUM; 24 rows expected
2020-09-26,24,4.2877010531670394e-05,HOURLY_ACCRUAL_SUM; 24 rows expected
2020-09-27,24,1.6481667132438553e-05,HOURLY_ACCRUAL_SUM; 24 rows expected
2020-09-28,24,0.0003681126163735575,HOURLY_ACCRUAL_SUM; 24 rows expected
2020-09-29,24,3.901509410906303e-06,HOURLY_ACCRUAL_SUM; 24 rows expected
2020-09-30,24,4.118207009061388e-05,HOURLY_ACCRUAL_SUM; 24 rows expected
2020-10-01,24,4.031397153559634e-05,HOURLY_ACCRUAL_SUM; 24 rows expected
2020-10-02,24,-1.2640566036893405e-06,HOURLY_ACCRUAL_SUM; 24 rows expected
2020-10-03,24,-9.804415819951515e-06,HOURLY_ACCRUAL_SUM; 24 rows expected
2020-10-04,24,-2.067089964935061e-05,HOURLY_ACCRUAL_SUM; 24 rows expected
2020-10-05,24,1.2169472975772497e-06,HOURLY_ACCRUAL_SUM; 24 rows expected
2020-10-06,24,1.10166938927729e-06,HOURLY_ACCRUAL_SUM; 24 rows expected
2020-10-07,24,-2.3402493253778374e-06,HOURLY_ACCRUAL_SUM; 24 rows expected
2020-10-08,24,6.741812547191118e-05,HOURLY_ACCRUAL_SUM; 24 rows expected
2020-10-09,24,0.00037526284991147807,HOURLY_ACCRUAL_SUM; 24 rows expected
2020-10-10,24,0.0005230135045706802,HOURLY_ACCRUAL_SUM; 24 rows expected
2020-10-11,24,0.0005050020208191627,HOURLY_ACCRUAL_SUM; 24 rows expected
2020-10-12,24,0.0004813329264593873,HOURLY_ACCRUAL_SUM; 24 rows expected
2020-10-13,24,0.00014209478596750424,HOURLY_ACCRUAL_SUM; 24 rows expected
2020-10-14,24,7.401982742693697e-06,HOURLY_ACCRUAL_SUM; 24 rows expected
2020-10-15,24,9.654953082405794e-06,HOURLY_ACCRUAL_SUM; 24 rows expected
2020-10-16,24,1.3627569314719628e-05,HOURLY_ACCRUAL_SUM; 24 rows expected
2020-10-17,24,-1.9776513312818382e-06,HOURLY_ACCRUAL_SUM; 24 rows expected
2020-10-18,24,-6.0110697550801924e-06,HOURLY_ACCRUAL_SUM; 24 rows expected
2020-10-19,24,5.219817915085667e-06,HOURLY_ACCRUAL_SUM; 24 rows expected
2020-10-20,24,-9.040515016782376e-06,HOURLY_ACCRUAL_SUM; 24 rows expected
2020-10-21,24,0.00015034741846733048,HOURLY_ACCRUAL_SUM; 24 rows expected
2020-10-22,24,0.00016120411245204583,HOURLY_ACCRUAL_SUM; 24 rows expected
2020-10-23,24,0.00034124144337144437,HOURLY_ACCRUAL_SUM; 24 rows expected
2020-10-24,24,0.0003939893880295932,HOURLY_ACCRUAL_SUM; 24 rows expected
2020-10-25,24,0.00022931829851537114,HOURLY_ACCRUAL_SUM; 24 rows expected
2020-10-26,24,0.0001923309536535628,HOURLY_ACCRUAL_SUM; 24 rows expected
2020-10-27,24,0.0001132893957843743,HOURLY_ACCRUAL_SUM; 24 rows expected
2020-10-28,24,-9.92261565484055e-06,HOURLY_ACCRUAL_SUM; 24 rows expected
2020-10-29,24,-2.8897815070995646e-05,HOURLY_ACCRUAL_SUM; 24 rows expected
2020-10-30,24,2.0782100863296873e-05,HOURLY_ACCRUAL_SUM; 24 rows expected
2020-10-31,24,0.00036860111684564615,HOURLY_ACCRUAL_SUM; 24 rows expected
2020-11-01,24,2.5880424452904207e-05,HOURLY_ACCRUAL_SUM; 24 rows expected
2020-11-02,24,4.780610279171051e-06,HOURLY_ACCRUAL_SUM; 24 rows expected
2020-11-03,24,1.6475046986241443e-06,HOURLY_ACCRUAL_SUM; 24 rows expected
2020-11-04,24,0.00026817667254473124,HOURLY_ACCRUAL_SUM; 24 rows expected
2020-11-05,24,0.0005364274192577212,HOURLY_ACCRUAL_SUM; 24 rows expected
2020-11-06,24,0.001110982974265931,HOURLY_ACCRUAL_SUM; 24 rows expected
2020-11-07,24,0.0016765142005020742,HOURLY_ACCRUAL_SUM; 24 rows expected
2020-11-08,24,0.0007753571246769483,HOURLY_ACCRUAL_SUM; 24 rows expected
2020-11-09,24,0.0008937008029404221,HOURLY_ACCRUAL_SUM; 24 rows expected
2020-11-10,24,7.233794745476338e-05,HOURLY_ACCRUAL_SUM; 24 rows expected
2020-11-11,24,0.0010725937881335174,HOURLY_ACCRUAL_SUM; 24 rows expected
2020-11-12,24,0.0004363377445983168,HOURLY_ACCRUAL_SUM; 24 rows expected
2020-11-13,24,0.0004528443008554121,HOURLY_ACCRUAL_SUM; 24 rows expected
2020-11-14,24,7.13361501896352e-05,HOURLY_ACCRUAL_SUM; 24 rows expected
2020-11-15,24,3.869405114703763e-06,HOURLY_ACCRUAL_SUM; 24 rows expected
2020-11-16,24,0.0008111139880659499,HOURLY_ACCRUAL_SUM; 24 rows expected
2020-11-17,24,0.0006728523907447824,HOURLY_ACCRUAL_SUM; 24 rows expected
2020-11-18,24,0.0005471579048686115,HOURLY_ACCRUAL_SUM; 24 rows expected
2020-11-19,24,0.00038372143630880366,HOURLY_ACCRUAL_SUM; 24 rows expected
2020-11-20,24,0.0010572071103041626,HOURLY_ACCRUAL_SUM; 24 rows expected
2020-11-21,24,0.000606835158502971,HOURLY_ACCRUAL_SUM; 24 rows expected
2020-11-22,24,0.0011396837300372035,HOURLY_ACCRUAL_SUM; 24 rows expected
2020-11-23,24,0.0017389563391508771,HOURLY_ACCRUAL_SUM; 24 rows expected
2020-11-24,24,0.0022421369903153064,HOURLY_ACCRUAL_SUM; 24 rows expected
2020-11-25,24,0.001210756504097845,HOURLY_ACCRUAL_SUM; 24 rows expected
2020-11-26,24,0.0011079626776289563,HOURLY_ACCRUAL_SUM; 24 rows expected
2020-11-27,24,0.00024122754765097923,HOURLY_ACCRUAL_SUM; 24 rows expected
2020-11-28,24,0.0001258241324584556,HOURLY_ACCRUAL_SUM; 24 rows expected
2020-11-29,24,0.0007431808445198474,HOURLY_ACCRUAL_SUM; 24 rows expected
2020-11-30,24,0.001660867979070242,HOURLY_ACCRUAL_SUM; 24 rows expected
2020-12-01,24,0.0015281086065506992,HOURLY_ACCRUAL_SUM; 24 rows expected
2020-12-02,24,0.0005008896853534947,HOURLY_ACCRUAL_SUM; 24 rows expected
2020-12-03,24,0.0006939557354447444,HOURLY_ACCRUAL_SUM; 24 rows expected
2020-12-04,24,0.0002169022128145399,HOURLY_ACCRUAL_SUM; 24 rows expected
2020-12-05,24,5.259716199865223e-05,HOURLY_ACCRUAL_SUM; 24 rows expected
2020-12-06,24,0.00034346551888081114,HOURLY_ACCRUAL_SUM; 24 rows expected
2020-12-07,24,0.0006258535605665096,HOURLY_ACCRUAL_SUM; 24 rows expected
2020-12-08,24,0.00010108853490150419,HOURLY_ACCRUAL_SUM; 24 rows expected
2020-12-09,24,8.829772133329039e-07,HOURLY_ACCRUAL_SUM; 24 rows expected
2020-12-10,24,6.868170698108209e-05,HOURLY_ACCRUAL_SUM; 24 rows expected
2020-12-11,24,3.0269537021528864e-05,HOURLY_ACCRUAL_SUM; 24 rows expected
2020-12-12,24,3.5511032181799087e-06,HOURLY_ACCRUAL_SUM; 24 rows expected
2020-12-13,24,0.0011833034204821564,HOURLY_ACCRUAL_SUM; 24 rows expected
2020-12-14,24,0.0005257944428518392,HOURLY_ACCRUAL_SUM; 24 rows expected
2020-12-15,24,0.000703887099986287,HOURLY_ACCRUAL_SUM; 24 rows expected
2020-12-16,24,0.0012839187973300765,HOURLY_ACCRUAL_SUM; 24 rows expected
2020-12-17,24,0.0022768183113249067,HOURLY_ACCRUAL_SUM; 24 rows expected
2020-12-18,24,0.0018406036712199031,HOURLY_ACCRUAL_SUM; 24 rows expected
2020-12-19,24,0.0021224604159079453,HOURLY_ACCRUAL_SUM; 24 rows expected
2020-12-20,24,0.0015157524252671327,HOURLY_ACCRUAL_SUM; 24 rows expected
2020-12-21,24,0.0007578879154714089,HOURLY_ACCRUAL_SUM; 24 rows expected
2020-12-22,24,0.00031722911774412335,HOURLY_ACCRUAL_SUM; 24 rows expected
2020-12-23,24,0.001104249675241288,HOURLY_ACCRUAL_SUM; 24 rows expected
2020-12-24,24,3.920642939493362e-05,HOURLY_ACCRUAL_SUM; 24 rows expected
2020-12-25,24,0.0013296915438611371,HOURLY_ACCRUAL_SUM; 24 rows expected
2020-12-26,24,0.0019606291156511863,HOURLY_ACCRUAL_SUM; 24 rows expected
2020-12-27,24,0.002177474543123281,HOURLY_ACCRUAL_SUM; 24 rows expected
2020-12-28,24,0.000997931209292231,HOURLY_ACCRUAL_SUM; 24 rows expected
2020-12-29,24,0.00033680572912990535,HOURLY_ACCRUAL_SUM; 24 rows expected
2020-12-30,24,0.0016780401837948628,HOURLY_ACCRUAL_SUM; 24 rows expected
2020-12-31,24,0.00013705291363095846,HOURLY_ACCRUAL_SUM; 24 rows expected
2021-01-01,24,0.00029047711478720305,HOURLY_ACCRUAL_SUM; 24 rows expected
2021-01-02,24,0.0014682018651135634,HOURLY_ACCRUAL_SUM; 24 rows expected
2021-01-03,24,0.0014576676552748328,HOURLY_ACCRUAL_SUM; 24 rows expected
2021-01-04,24,0.0024298388904680714,HOURLY_ACCRUAL_SUM; 24 rows expected
2021-01-05,24,0.001077325561777678,HOURLY_ACCRUAL_SUM; 24 rows expected
2021-01-06,24,0.0017144222977329565,HOURLY_ACCRUAL_SUM; 24 rows expected
2021-01-07,24,0.0014796995708906003,HOURLY_ACCRUAL_SUM; 24 rows expected
2021-01-08,24,0.0017558697109747922,HOURLY_ACCRUAL_SUM; 24 rows expected
2021-01-09,24,0.0010661759377519865,HOURLY_ACCRUAL_SUM; 24 rows expected
2021-01-10,24,0.0034768312630077546,HOURLY_ACCRUAL_SUM; 24 rows expected
2021-01-11,24,0.004610624997068596,HOURLY_ACCRUAL_SUM; 24 rows expected
2021-01-12,24,0.002046253815377165,HOURLY_ACCRUAL_SUM; 24 rows expected
2021-01-13,24,0.001039820602036522,HOURLY_ACCRUAL_SUM; 24 rows expected
2021-01-14,24,0.001957750720386683,HOURLY_ACCRUAL_SUM; 24 rows expected
2021-01-15,24,0.0016074956939474596,HOURLY_ACCRUAL_SUM; 24 rows expected
2021-01-16,24,0.0009344443434310621,HOURLY_ACCRUAL_SUM; 24 rows expected
2021-01-17,24,0.0007482896690212416,HOURLY_ACCRUAL_SUM; 24 rows expected
2021-01-18,24,0.0015923835374156766,HOURLY_ACCRUAL_SUM; 24 rows expected
2021-01-19,24,0.0014824695966095297,HOURLY_ACCRUAL_SUM; 24 rows expected
2021-01-20,24,2.6967400964169762e-05,HOURLY_ACCRUAL_SUM; 24 rows expected
2021-01-21,24,0.0006451956732320075,HOURLY_ACCRUAL_SUM; 24 rows expected
2021-01-22,24,6.507288982615323e-05,HOURLY_ACCRUAL_SUM; 24 rows expected
2021-01-23,24,8.51611185358584e-05,HOURLY_ACCRUAL_SUM; 24 rows expected
2021-01-24,24,0.00020843071520427686,HOURLY_ACCRUAL_SUM; 24 rows expected
2021-01-25,24,0.001037287139755106,HOURLY_ACCRUAL_SUM; 24 rows expected
2021-01-26,24,6.186544726047542e-06,HOURLY_ACCRUAL_SUM; 24 rows expected
2021-01-27,24,-0.00017547703583026245,HOURLY_ACCRUAL_SUM; 24 rows expected
2021-01-28,24,3.295452076020056e-05,HOURLY_ACCRUAL_SUM; 24 rows expected
2021-01-29,24,0.001222838316994137,HOURLY_ACCRUAL_SUM; 24 rows expected
2021-01-30,24,0.00012868006818338466,HOURLY_ACCRUAL_SUM; 24 rows expected
2021-01-31,24,7.58684327460337e-05,HOURLY_ACCRUAL_SUM; 24 rows expected
2021-02-01,24,0.0006159999350668848,HOURLY_ACCRUAL_SUM; 24 rows expected
2021-02-02,24,0.0011761165557552125,HOURLY_ACCRUAL_SUM; 24 rows expected
2021-02-03,24,0.0011028890658043118,HOURLY_ACCRUAL_SUM; 24 rows expected
2021-02-04,24,0.00100706258395997,HOURLY_ACCRUAL_SUM; 24 rows expected
2021-02-05,24,0.001103408415022485,HOURLY_ACCRUAL_SUM; 24 rows expected
2021-02-06,24,0.0020095837424277665,HOURLY_ACCRUAL_SUM; 24 rows expected
2021-02-07,24,0.0009715495548508888,HOURLY_ACCRUAL_SUM; 24 rows expected
2021-02-08,24,0.00207761862668272,HOURLY_ACCRUAL_SUM; 24 rows expected
2021-02-09,24,0.0014565201832898585,HOURLY_ACCRUAL_SUM; 24 rows expected
2021-02-10,24,0.0010289495082213035,HOURLY_ACCRUAL_SUM; 24 rows expected
2021-02-11,24,0.001196854216605048,HOURLY_ACCRUAL_SUM; 24 rows expected
2021-02-12,24,0.0018079514013929193,HOURLY_ACCRUAL_SUM; 24 rows expected
2021-02-13,24,0.0013735048908909185,HOURLY_ACCRUAL_SUM; 24 rows expected
2021-02-14,24,0.002073826109430466,HOURLY_ACCRUAL_SUM; 24 rows expected
2021-02-15,24,0.0007199449751483838,HOURLY_ACCRUAL_SUM; 24 rows expected
2021-02-16,24,0.0018023302030812775,HOURLY_ACCRUAL_SUM; 24 rows expected
2021-02-17,24,0.003733453928645952,HOURLY_ACCRUAL_SUM; 24 rows expected
2021-02-18,24,0.002605784867852553,HOURLY_ACCRUAL_SUM; 24 rows expected
2021-02-19,24,0.0018296787724630392,HOURLY_ACCRUAL_SUM; 24 rows expected
2021-02-20,24,0.0006372819927451976,HOURLY_ACCRUAL_SUM; 24 rows expected
2021-02-21,24,0.0014219953708184325,HOURLY_ACCRUAL_SUM; 24 rows expected
2021-02-22,24,0.0011334251719410686,HOURLY_ACCRUAL_SUM; 24 rows expected
2021-02-23,24,0.0012542883857557805,HOURLY_ACCRUAL_SUM; 24 rows expected
2021-02-24,24,2.6841092183178973e-05,HOURLY_ACCRUAL_SUM; 24 rows expected
2021-02-25,24,2.6429347403469877e-05,HOURLY_ACCRUAL_SUM; 24 rows expected
2021-02-26,24,0.0010683203022216435,HOURLY_ACCRUAL_SUM; 24 rows expected
2021-02-27,24,0.0005810137011115022,HOURLY_ACCRUAL_SUM; 24 rows expected
2021-02-28,24,0.0006833502284373324,HOURLY_ACCRUAL_SUM; 24 rows expected
2021-03-01,24,0.0006228990214222807,HOURLY_ACCRUAL_SUM; 24 rows expected
2021-03-02,24,0.0003463874790446638,HOURLY_ACCRUAL_SUM; 24 rows expected
2021-03-03,24,0.000498087132285868,HOURLY_ACCRUAL_SUM; 24 rows expected
2021-03-04,24,0.0001183593322942177,HOURLY_ACCRUAL_SUM; 24 rows expected
2021-03-05,24,0.00012801868384195852,HOURLY_ACCRUAL_SUM; 24 rows expected
2021-03-06,24,0.0002923334027474915,HOURLY_ACCRUAL_SUM; 24 rows expected
2021-03-07,24,0.0007234124769273609,HOURLY_ACCRUAL_SUM; 24 rows expected
2021-03-08,24,0.0006472070111845667,HOURLY_ACCRUAL_SUM; 24 rows expected
2021-03-09,24,0.0009611970375779072,HOURLY_ACCRUAL_SUM; 24 rows expected
2021-03-10,24,0.0005830927863127917,HOURLY_ACCRUAL_SUM; 24 rows expected
2021-03-11,24,0.0013027547754107189,HOURLY_ACCRUAL_SUM; 24 rows expected
2021-03-12,24,0.0011386358942773855,HOURLY_ACCRUAL_SUM; 24 rows expected
2021-03-13,24,0.003781832647329625,HOURLY_ACCRUAL_SUM; 24 rows expected
2021-03-14,24,0.001999376857673971,HOURLY_ACCRUAL_SUM; 24 rows expected
2021-03-15,24,0.0006180544026754096,HOURLY_ACCRUAL_SUM; 24 rows expected
2021-03-16,24,0.00043414427728737006,HOURLY_ACCRUAL_SUM; 24 rows expected
2021-03-17,24,0.00010318025042270941,HOURLY_ACCRUAL_SUM; 24 rows expected
2021-03-18,24,0.000887318997318008,HOURLY_ACCRUAL_SUM; 24 rows expected
2021-03-19,24,0.00015812657208167424,HOURLY_ACCRUAL_SUM; 24 rows expected
2021-03-20,24,0.0008748617017107503,HOURLY_ACCRUAL_SUM; 24 rows expected
2021-03-21,24,0.0001611116261942203,HOURLY_ACCRUAL_SUM; 24 rows expected
2021-03-22,24,0.0007382576205785634,HOURLY_ACCRUAL_SUM; 24 rows expected
2021-03-23,24,0.00020757758406234566,HOURLY_ACCRUAL_SUM; 24 rows expected
2021-03-24,24,0.0013258458785437974,HOURLY_ACCRUAL_SUM; 24 rows expected
2021-03-25,24,0.00020100729786630138,HOURLY_ACCRUAL_SUM; 24 rows expected
2021-03-26,24,0.0001934407081685842,HOURLY_ACCRUAL_SUM; 24 rows expected
2021-03-27,24,-1.5308471523562454e-05,HOURLY_ACCRUAL_SUM; 24 rows expected
2021-03-28,24,0.0003929674260117933,HOURLY_ACCRUAL_SUM; 24 rows expected
2021-03-29,24,0.0017965255657617146,HOURLY_ACCRUAL_SUM; 24 rows expected
2021-03-30,24,0.0024936433959243023,HOURLY_ACCRUAL_SUM; 24 rows expected
2021-03-31,24,0.0022859088494668195,HOURLY_ACCRUAL_SUM; 24 rows expected
2021-04-01,24,0.0021456399150407653,HOURLY_ACCRUAL_SUM; 24 rows expected
2021-04-02,24,0.002108135618953224,HOURLY_ACCRUAL_SUM; 24 rows expected
2021-04-03,24,0.0018273207022537895,HOURLY_ACCRUAL_SUM; 24 rows expected
2021-04-04,24,0.0007055402275809872,HOURLY_ACCRUAL_SUM; 24 rows expected
2021-04-05,24,0.0015940996434367267,HOURLY_ACCRUAL_SUM; 24 rows expected
2021-04-06,24,0.0020137236533961096,HOURLY_ACCRUAL_SUM; 24 rows expected
2021-04-07,24,0.0007686616510298544,HOURLY_ACCRUAL_SUM; 24 rows expected
2021-04-08,24,0.00031818983342100064,HOURLY_ACCRUAL_SUM; 24 rows expected
2021-04-09,24,0.0007408800058296827,HOURLY_ACCRUAL_SUM; 24 rows expected
2021-04-10,24,0.004469123013155059,HOURLY_ACCRUAL_SUM; 24 rows expected
2021-04-11,24,0.003050382946701496,HOURLY_ACCRUAL_SUM; 24 rows expected
2021-04-12,24,0.002598313543059154,HOURLY_ACCRUAL_SUM; 24 rows expected
2021-04-13,24,0.0026670143397926433,HOURLY_ACCRUAL_SUM; 24 rows expected
2021-04-14,24,0.0006229070944638369,HOURLY_ACCRUAL_SUM; 24 rows expected
2021-04-15,24,0.0003014721673256397,HOURLY_ACCRUAL_SUM; 24 rows expected
2021-04-16,24,0.00022095425205003857,HOURLY_ACCRUAL_SUM; 24 rows expected
2021-04-17,24,0.0004329260322926976,HOURLY_ACCRUAL_SUM; 24 rows expected
2021-04-18,24,-0.00032597315850429646,HOURLY_ACCRUAL_SUM; 24 rows expected
2021-04-19,24,6.978470367138332e-05,HOURLY_ACCRUAL_SUM; 24 rows expected
2021-04-20,24,0.00015187040694735512,HOURLY_ACCRUAL_SUM; 24 rows expected
2021-04-21,24,0.00012705808661607866,HOURLY_ACCRUAL_SUM; 24 rows expected
2021-04-22,24,0.0005564402286768801,HOURLY_ACCRUAL_SUM; 24 rows expected
2021-04-23,24,-0.00011569152738064076,HOURLY_ACCRUAL_SUM; 24 rows expected
2021-04-24,24,3.05360664665647e-06,HOURLY_ACCRUAL_SUM; 24 rows expected
2021-04-25,24,-1.6629186324857808e-05,HOURLY_ACCRUAL_SUM; 24 rows expected
2021-04-26,24,-3.0553220724947824e-05,HOURLY_ACCRUAL_SUM; 24 rows expected
2021-04-27,24,-7.127724816346223e-05,HOURLY_ACCRUAL_SUM; 24 rows expected
2021-04-28,24,0.00012506766614415804,HOURLY_ACCRUAL_SUM; 24 rows expected
2021-04-29,24,0.00011891681786447833,HOURLY_ACCRUAL_SUM; 24 rows expected
2021-04-30,24,0.00031707302720347533,HOURLY_ACCRUAL_SUM; 24 rows expected
2021-05-01,24,0.00024438052619210767,HOURLY_ACCRUAL_SUM; 24 rows expected
2021-05-02,24,0.000519363202491415,HOURLY_ACCRUAL_SUM; 24 rows expected
2021-05-03,24,0.0010080662345902571,HOURLY_ACCRUAL_SUM; 24 rows expected
2021-05-04,24,0.00021425783263406996,HOURLY_ACCRUAL_SUM; 24 rows expected
2021-05-05,24,0.00028220572166026513,HOURLY_ACCRUAL_SUM; 24 rows expected
2021-05-06,24,0.00038760843506262867,HOURLY_ACCRUAL_SUM; 24 rows expected
2021-05-07,24,0.0003955701686247227,HOURLY_ACCRUAL_SUM; 24 rows expected
2021-05-08,24,0.0009601743708234275,HOURLY_ACCRUAL_SUM; 24 rows expected
2021-05-09,24,0.0010705219177665397,HOURLY_ACCRUAL_SUM; 24 rows expected
2021-05-10,24,0.0013270227341884585,HOURLY_ACCRUAL_SUM; 24 rows expected
2021-05-11,24,0.0004890112511790446,HOURLY_ACCRUAL_SUM; 24 rows expected
2021-05-12,24,0.000459837388165727,HOURLY_ACCRUAL_SUM; 24 rows expected
2021-05-13,24,0.00023390505452628143,HOURLY_ACCRUAL_SUM; 24 rows expected
2021-05-14,24,0.0005950383787904155,HOURLY_ACCRUAL_SUM; 24 rows expected
2021-05-15,24,0.0005063503675086103,HOURLY_ACCRUAL_SUM; 24 rows expected
2021-05-16,24,0.0005386573992004515,HOURLY_ACCRUAL_SUM; 24 rows expected
2021-05-17,24,-0.0018313700992445118,HOURLY_ACCRUAL_SUM; 24 rows expected
2021-05-18,24,7.602024221172743e-06,HOURLY_ACCRUAL_SUM; 24 rows expected
2021-05-19,24,-0.0018315813893272472,HOURLY_ACCRUAL_SUM; 24 rows expected
2021-05-20,24,-0.0005835847375335925,HOURLY_ACCRUAL_SUM; 24 rows expected
2021-05-21,24,-2.6462966574782532e-05,HOURLY_ACCRUAL_SUM; 24 rows expected
2021-05-22,24,0.00021981805687026825,HOURLY_ACCRUAL_SUM; 24 rows expected
2021-05-23,24,9.943228083190586e-05,HOURLY_ACCRUAL_SUM; 24 rows expected
2021-05-24,24,0.0002899757429987981,HOURLY_ACCRUAL_SUM; 24 rows expected
2021-05-25,24,7.314250704616088e-05,HOURLY_ACCRUAL_SUM; 24 rows expected
2021-05-26,24,0.0002873283259002454,HOURLY_ACCRUAL_SUM; 24 rows expected
2021-05-27,24,0.00025543762360820263,HOURLY_ACCRUAL_SUM; 24 rows expected
2021-05-28,24,0.0002094439282319645,HOURLY_ACCRUAL_SUM; 24 rows expected
2021-05-29,24,0.0003313580739858428,HOURLY_ACCRUAL_SUM; 24 rows expected
2021-05-30,24,-1.6461825049735662e-06,HOURLY_ACCRUAL_SUM; 24 rows expected
2021-05-31,24,0.00014174390897914253,HOURLY_ACCRUAL_SUM; 24 rows expected
2021-06-01,24,0.00019912444038690358,HOURLY_ACCRUAL_SUM; 24 rows expected
2021-06-02,24,0.00012872293163798166,HOURLY_ACCRUAL_SUM; 24 rows expected
2021-06-03,24,4.5169693317322486e-05,HOURLY_ACCRUAL_SUM; 24 rows expected
2021-06-04,24,0.00032918636836377533,HOURLY_ACCRUAL_SUM; 24 rows expected
2021-06-05,24,0.00012323029535868475,HOURLY_ACCRUAL_SUM; 24 rows expected
2021-06-06,24,4.3991561956594213e-05,HOURLY_ACCRUAL_SUM; 24 rows expected
2021-06-07,24,3.696184820611716e-05,HOURLY_ACCRUAL_SUM; 24 rows expected
2021-06-08,24,-0.00011194491954296049,HOURLY_ACCRUAL_SUM; 24 rows expected
2021-06-09,24,1.6957031478377092e-06,HOURLY_ACCRUAL_SUM; 24 rows expected
2021-06-10,24,-1.777088561467402e-05,HOURLY_ACCRUAL_SUM; 24 rows expected
2021-06-11,24,2.319400755561631e-06,HOURLY_ACCRUAL_SUM; 24 rows expected
2021-06-12,24,-4.638543901700863e-06,HOURLY_ACCRUAL_SUM; 24 rows expected
2021-06-13,24,3.317968115473524e-05,HOURLY_ACCRUAL_SUM; 24 rows expected
2021-06-14,24,8.037862299390995e-05,HOURLY_ACCRUAL_SUM; 24 rows expected
2021-06-15,24,7.724138556541833e-06,HOURLY_ACCRUAL_SUM; 24 rows expected
2021-06-16,24,-5.4962443163370794e-05,HOURLY_ACCRUAL_SUM; 24 rows expected
2021-06-17,24,-0.00019414214546181486,HOURLY_ACCRUAL_SUM; 24 rows expected
2021-06-18,24,-0.0006939879035207536,HOURLY_ACCRUAL_SUM; 24 rows expected
2021-06-19,24,-0.0008427959531344057,HOURLY_ACCRUAL_SUM; 24 rows expected
2021-06-20,24,-0.0004892706078174748,HOURLY_ACCRUAL_SUM; 24 rows expected
2021-06-21,24,-0.00041588505353671955,HOURLY_ACCRUAL_SUM; 24 rows expected
2021-06-22,24,-0.00019522001893782664,HOURLY_ACCRUAL_SUM; 24 rows expected
2021-06-23,24,-0.00028398105438460114,HOURLY_ACCRUAL_SUM; 24 rows expected
2021-06-24,24,-0.00011354029367233013,HOURLY_ACCRUAL_SUM; 24 rows expected
2021-06-25,24,-0.00011597221170079667,HOURLY_ACCRUAL_SUM; 24 rows expected
2021-06-26,24,-0.00037518510640559353,HOURLY_ACCRUAL_SUM; 24 rows expected
2021-06-27,24,-0.0004336680551876293,HOURLY_ACCRUAL_SUM; 24 rows expected
2021-06-28,24,-1.7257055613885114e-05,HOURLY_ACCRUAL_SUM; 24 rows expected
2021-06-29,24,-2.44343517202279e-06,HOURLY_ACCRUAL_SUM; 24 rows expected
2021-06-30,24,-0.00011276507255725401,HOURLY_ACCRUAL_SUM; 24 rows expected
2021-07-01,24,0.0005623229226336503,HOURLY_ACCRUAL_SUM; 24 rows expected
2021-07-02,24,-0.0002454463658995811,HOURLY_ACCRUAL_SUM; 24 rows expected
2021-07-03,24,-7.111662855948858e-05,HOURLY_ACCRUAL_SUM; 24 rows expected
2021-07-04,24,-0.00020521736322485056,HOURLY_ACCRUAL_SUM; 24 rows expected
2021-07-05,24,-0.00019313722754697783,HOURLY_ACCRUAL_SUM; 24 rows expected
2021-07-06,24,-0.0001739751230510197,HOURLY_ACCRUAL_SUM; 24 rows expected
2021-07-07,24,-8.988268410155498e-05,HOURLY_ACCRUAL_SUM; 24 rows expected
2021-07-08,24,-0.0001443108959728943,HOURLY_ACCRUAL_SUM; 24 rows expected
2021-07-09,24,-1.0352128008021011e-05,HOURLY_ACCRUAL_SUM; 24 rows expected
2021-07-10,24,-5.541800462054124e-05,HOURLY_ACCRUAL_SUM; 24 rows expected
2021-07-11,24,2.8182218874617493e-06,HOURLY_ACCRUAL_SUM; 24 rows expected
2021-07-12,24,2.5496486465091873e-06,HOURLY_ACCRUAL_SUM; 24 rows expected
2021-07-13,24,-1.297235852942707e-05,HOURLY_ACCRUAL_SUM; 24 rows expected
2021-07-14,24,-4.530783597670622e-05,HOURLY_ACCRUAL_SUM; 24 rows expected
2021-07-15,24,-6.690611100699736e-05,HOURLY_ACCRUAL_SUM; 24 rows expected
2021-07-16,24,-2.2306377871822656e-07,HOURLY_ACCRUAL_SUM; 24 rows expected
2021-07-17,24,-2.58962273215692e-05,HOURLY_ACCRUAL_SUM; 24 rows expected
2021-07-18,24,-0.0001499219347713478,HOURLY_ACCRUAL_SUM; 24 rows expected
2021-07-19,24,-7.212513520897224e-05,HOURLY_ACCRUAL_SUM; 24 rows expected
2021-07-20,24,-0.00020597407524723408,HOURLY_ACCRUAL_SUM; 24 rows expected
2021-07-21,24,-0.00023215127900461362,HOURLY_ACCRUAL_SUM; 24 rows expected
2021-07-22,24,-0.00017045280078790376,HOURLY_ACCRUAL_SUM; 24 rows expected
2021-07-23,24,1.0699375266752484e-05,HOURLY_ACCRUAL_SUM; 24 rows expected
2021-07-24,24,4.2197615426379965e-06,HOURLY_ACCRUAL_SUM; 24 rows expected
2021-07-25,24,6.72861148801569e-05,HOURLY_ACCRUAL_SUM; 24 rows expected
2021-07-26,24,0.00023633123041122395,HOURLY_ACCRUAL_SUM; 24 rows expected
2021-07-27,24,5.07760504115339e-05,HOURLY_ACCRUAL_SUM; 24 rows expected
2021-07-28,24,3.1145598311135324e-05,HOURLY_ACCRUAL_SUM; 24 rows expected
2021-07-29,24,7.175212773490746e-05,HOURLY_ACCRUAL_SUM; 24 rows expected
2021-07-30,24,0.0003882271228875845,HOURLY_ACCRUAL_SUM; 24 rows expected
2021-07-31,24,0.0003485690361248125,HOURLY_ACCRUAL_SUM; 24 rows expected
2021-08-01,24,0.00013425305913845718,HOURLY_ACCRUAL_SUM; 24 rows expected
2021-08-02,24,-0.00036594074630343657,HOURLY_ACCRUAL_SUM; 24 rows expected
2021-08-03,24,-0.0003062285264169761,HOURLY_ACCRUAL_SUM; 24 rows expected
2021-08-04,24,-4.09292003927607e-05,HOURLY_ACCRUAL_SUM; 24 rows expected
2021-08-05,24,0.00019553111437333866,HOURLY_ACCRUAL_SUM; 24 rows expected
2021-08-06,24,0.0008393497123713805,HOURLY_ACCRUAL_SUM; 24 rows expected
2021-08-07,24,0.0004039552904246757,HOURLY_ACCRUAL_SUM; 24 rows expected
2021-08-08,24,0.0006419058626700051,HOURLY_ACCRUAL_SUM; 24 rows expected
2021-08-09,24,0.0006228379923685608,HOURLY_ACCRUAL_SUM; 24 rows expected
2021-08-10,24,0.0002201117596135873,HOURLY_ACCRUAL_SUM; 24 rows expected
2021-08-11,24,0.0002881837446724582,HOURLY_ACCRUAL_SUM; 24 rows expected
2021-08-12,24,7.968875189095355e-05,HOURLY_ACCRUAL_SUM; 24 rows expected
2021-08-13,24,0.00043218425132639286,HOURLY_ACCRUAL_SUM; 24 rows expected
2021-08-14,24,0.00015133306426778827,HOURLY_ACCRUAL_SUM; 24 rows expected
2021-08-15,24,2.461413626878343e-07,HOURLY_ACCRUAL_SUM; 24 rows expected
2021-08-16,24,0.000437817723307768,HOURLY_ACCRUAL_SUM; 24 rows expected
2021-08-17,24,6.354295334863625e-05,HOURLY_ACCRUAL_SUM; 24 rows expected
2021-08-18,24,6.587319704953504e-05,HOURLY_ACCRUAL_SUM; 24 rows expected
2021-08-19,24,0.00023639369669265948,HOURLY_ACCRUAL_SUM; 24 rows expected
2021-08-20,24,0.0004928593903158003,HOURLY_ACCRUAL_SUM; 24 rows expected
2021-08-21,24,0.00011162120824339222,HOURLY_ACCRUAL_SUM; 24 rows expected
2021-08-22,24,7.850454707649407e-05,HOURLY_ACCRUAL_SUM; 24 rows expected
2021-08-23,24,0.0007121138204441478,HOURLY_ACCRUAL_SUM; 24 rows expected
2021-08-24,24,4.717868107538901e-05,HOURLY_ACCRUAL_SUM; 24 rows expected
2021-08-25,24,4.848176319205597e-05,HOURLY_ACCRUAL_SUM; 24 rows expected
2021-08-26,24,8.10260443303451e-05,HOURLY_ACCRUAL_SUM; 24 rows expected
2021-08-27,24,6.431985286775386e-05,HOURLY_ACCRUAL_SUM; 24 rows expected
2021-08-28,24,0.0003226603964912614,HOURLY_ACCRUAL_SUM; 24 rows expected
2021-08-29,24,0.00014158264215866724,HOURLY_ACCRUAL_SUM; 24 rows expected
2021-08-30,24,0.00019031020092291878,HOURLY_ACCRUAL_SUM; 24 rows expected
2021-08-31,24,0.00016527720042483975,HOURLY_ACCRUAL_SUM; 24 rows expected
2021-09-01,24,0.0006719834781243329,HOURLY_ACCRUAL_SUM; 24 rows expected
2021-09-02,24,0.0007526958410240319,HOURLY_ACCRUAL_SUM; 24 rows expected
2021-09-03,24,0.0007705384353071904,HOURLY_ACCRUAL_SUM; 24 rows expected
2021-09-04,24,0.00022115809403035243,HOURLY_ACCRUAL_SUM; 24 rows expected
2021-09-05,24,0.0006698632401184627,HOURLY_ACCRUAL_SUM; 24 rows expected
2021-09-06,24,0.0008533752222725159,HOURLY_ACCRUAL_SUM; 24 rows expected
2021-09-07,24,0.00015583201385038913,HOURLY_ACCRUAL_SUM; 24 rows expected
2021-09-08,24,-4.14249100112186e-06,HOURLY_ACCRUAL_SUM; 24 rows expected
2021-09-09,24,5.899171740245795e-06,HOURLY_ACCRUAL_SUM; 24 rows expected
2021-09-10,24,9.960444102618983e-05,HOURLY_ACCRUAL_SUM; 24 rows expected
2021-09-11,24,0.0001344454876387413,HOURLY_ACCRUAL_SUM; 24 rows expected
2021-09-12,24,8.65400519520989e-05,HOURLY_ACCRUAL_SUM; 24 rows expected
2021-09-13,24,7.333355528254729e-05,HOURLY_ACCRUAL_SUM; 24 rows expected
2021-09-14,24,0.00011721056742038035,HOURLY_ACCRUAL_SUM; 24 rows expected
2021-09-15,24,2.601867466676275e-05,HOURLY_ACCRUAL_SUM; 24 rows expected
2021-09-16,24,6.678970730452944e-05,HOURLY_ACCRUAL_SUM; 24 rows expected
2021-09-17,24,2.6710860120105273e-05,HOURLY_ACCRUAL_SUM; 24 rows expected
2021-09-18,24,1.2332936349656981e-05,HOURLY_ACCRUAL_SUM; 24 rows expected
2021-09-19,24,1.5013566152619365e-06,HOURLY_ACCRUAL_SUM; 24 rows expected
2021-09-20,24,-8.779425912433546e-07,HOURLY_ACCRUAL_SUM; 24 rows expected
2021-09-21,24,-2.5652146730019906e-05,HOURLY_ACCRUAL_SUM; 24 rows expected
2021-09-22,24,-6.547813422188172e-05,HOURLY_ACCRUAL_SUM; 24 rows expected
2021-09-23,24,-4.419138655707143e-05,HOURLY_ACCRUAL_SUM; 24 rows expected
2021-09-24,24,-5.451361803362105e-05,HOURLY_ACCRUAL_SUM; 24 rows expected
2021-09-25,24,-2.317414142672281e-05,HOURLY_ACCRUAL_SUM; 24 rows expected
2021-09-26,24,-2.8019565951996406e-05,HOURLY_ACCRUAL_SUM; 24 rows expected
2021-09-27,24,6.868046987882532e-05,HOURLY_ACCRUAL_SUM; 24 rows expected
2021-09-28,24,-2.300731449208481e-06,HOURLY_ACCRUAL_SUM; 24 rows expected
2021-09-29,24,-1.165810438837955e-06,HOURLY_ACCRUAL_SUM; 24 rows expected
2021-09-30,24,1.307882848909199e-05,HOURLY_ACCRUAL_SUM; 24 rows expected
2021-10-01,24,1.3776937787894331e-05,HOURLY_ACCRUAL_SUM; 24 rows expected
2021-10-02,24,3.2556027135803754e-05,HOURLY_ACCRUAL_SUM; 24 rows expected
2021-10-03,24,9.037952866836437e-05,HOURLY_ACCRUAL_SUM; 24 rows expected
2021-10-04,24,0.00020320433381419936,HOURLY_ACCRUAL_SUM; 24 rows expected
2021-10-05,24,9.530598675550204e-05,HOURLY_ACCRUAL_SUM; 24 rows expected
2021-10-06,24,0.00027759317686536943,HOURLY_ACCRUAL_SUM; 24 rows expected
2021-10-07,24,0.00032326740939223644,HOURLY_ACCRUAL_SUM; 24 rows expected
2021-10-08,24,0.00054853878788991,HOURLY_ACCRUAL_SUM; 24 rows expected
2021-10-09,24,0.00023543497645612792,HOURLY_ACCRUAL_SUM; 24 rows expected
2021-10-10,24,0.0004618692068534016,HOURLY_ACCRUAL_SUM; 24 rows expected
2021-10-11,24,0.000741536620154527,HOURLY_ACCRUAL_SUM; 24 rows expected
2021-10-12,24,0.0006993560002807177,HOURLY_ACCRUAL_SUM; 24 rows expected
2021-10-13,24,0.00039320452048539927,HOURLY_ACCRUAL_SUM; 24 rows expected
2021-10-14,24,0.0007816735883551399,HOURLY_ACCRUAL_SUM; 24 rows expected
2021-10-15,24,0.0013938142140137195,HOURLY_ACCRUAL_SUM; 24 rows expected
2021-10-16,24,0.0005364655844650228,HOURLY_ACCRUAL_SUM; 24 rows expected
2021-10-17,24,0.00044652456132306795,HOURLY_ACCRUAL_SUM; 24 rows expected
2021-10-18,24,0.00046711863408918094,HOURLY_ACCRUAL_SUM; 24 rows expected
2021-10-19,24,0.00047999869354115824,HOURLY_ACCRUAL_SUM; 24 rows expected
2021-10-20,24,0.001125773716197273,HOURLY_ACCRUAL_SUM; 24 rows expected
2021-10-21,24,0.0014160178792328388,HOURLY_ACCRUAL_SUM; 24 rows expected
2021-10-22,24,0.000680446933691912,HOURLY_ACCRUAL_SUM; 24 rows expected
2021-10-23,24,0.000380532331651024,HOURLY_ACCRUAL_SUM; 24 rows expected
2021-10-24,24,0.0005548884445367408,HOURLY_ACCRUAL_SUM; 24 rows expected
2021-10-25,24,0.0004759563334009707,HOURLY_ACCRUAL_SUM; 24 rows expected
2021-10-26,24,0.0006164627491651878,HOURLY_ACCRUAL_SUM; 24 rows expected
2021-10-27,24,0.00014281063131758908,HOURLY_ACCRUAL_SUM; 24 rows expected
2021-10-28,24,0.0004691012204504486,HOURLY_ACCRUAL_SUM; 24 rows expected
2021-10-29,24,0.0012476057420239815,HOURLY_ACCRUAL_SUM; 24 rows expected
2021-10-30,24,0.0009647913814254278,HOURLY_ACCRUAL_SUM; 24 rows expected
2021-10-31,24,0.0004619146966139438,HOURLY_ACCRUAL_SUM; 24 rows expected
2021-11-01,24,0.0005387743098348325,HOURLY_ACCRUAL_SUM; 24 rows expected
2021-11-02,24,0.0006902972050631978,HOURLY_ACCRUAL_SUM; 24 rows expected
2021-11-03,24,0.00046423976319482626,HOURLY_ACCRUAL_SUM; 24 rows expected
2021-11-04,24,0.0003574321008097487,HOURLY_ACCRUAL_SUM; 24 rows expected
2021-11-05,24,0.00012007201891383282,HOURLY_ACCRUAL_SUM; 24 rows expected
2021-11-06,24,3.694204735524991e-05,HOURLY_ACCRUAL_SUM; 24 rows expected
2021-11-07,24,0.0005544945463247482,HOURLY_ACCRUAL_SUM; 24 rows expected
2021-11-08,24,0.0007418051387283629,HOURLY_ACCRUAL_SUM; 24 rows expected
2021-11-09,24,0.0010982287185027915,HOURLY_ACCRUAL_SUM; 24 rows expected
2021-11-10,24,0.0005666861731495755,HOURLY_ACCRUAL_SUM; 24 rows expected
2021-11-11,24,0.00020576697777369732,HOURLY_ACCRUAL_SUM; 24 rows expected
2021-11-12,24,0.0004187196446657016,HOURLY_ACCRUAL_SUM; 24 rows expected
2021-11-13,24,4.892053099117733e-06,HOURLY_ACCRUAL_SUM; 24 rows expected
2021-11-14,24,3.571280886853934e-06,HOURLY_ACCRUAL_SUM; 24 rows expected
2021-11-15,24,4.3897408675749576e-05,HOURLY_ACCRUAL_SUM; 24 rows expected
2021-11-16,24,-4.4429288013784044e-05,HOURLY_ACCRUAL_SUM; 24 rows expected
2021-11-17,24,-2.0659300083006458e-05,HOURLY_ACCRUAL_SUM; 24 rows expected
2021-11-18,24,-1.0274200373979165e-05,HOURLY_ACCRUAL_SUM; 24 rows expected
2021-11-19,24,-0.00023484854178733552,HOURLY_ACCRUAL_SUM; 24 rows expected
2021-11-20,24,-0.0001039440288376012,HOURLY_ACCRUAL_SUM; 24 rows expected
2021-11-21,24,-2.5017293929926684e-06,HOURLY_ACCRUAL_SUM; 24 rows expected
2021-11-22,24,-2.618382316569357e-06,HOURLY_ACCRUAL_SUM; 24 rows expected
2021-11-23,24,3.884571233821894e-06,HOURLY_ACCRUAL_SUM; 24 rows expected
2021-11-24,24,2.4430422492721214e-07,HOURLY_ACCRUAL_SUM; 24 rows expected
2021-11-25,24,1.6468742050346634e-05,HOURLY_ACCRUAL_SUM; 24 rows expected
2021-11-26,24,9.311297597833335e-06,HOURLY_ACCRUAL_SUM; 24 rows expected
2021-11-27,24,-2.5696249828652515e-06,HOURLY_ACCRUAL_SUM; 24 rows expected
2021-11-28,24,5.1361555658758296e-05,HOURLY_ACCRUAL_SUM; 24 rows expected
2021-11-29,24,2.098289490831989e-05,HOURLY_ACCRUAL_SUM; 24 rows expected
2021-11-30,24,2.202386886496509e-05,HOURLY_ACCRUAL_SUM; 24 rows expected
2021-12-01,24,0.00010241143358634068,HOURLY_ACCRUAL_SUM; 24 rows expected
2021-12-02,24,2.2723258831202277e-07,HOURLY_ACCRUAL_SUM; 24 rows expected
2021-12-03,24,-1.0119603116668566e-07,HOURLY_ACCRUAL_SUM; 24 rows expected
2021-12-04,24,-0.0010452219052128446,HOURLY_ACCRUAL_SUM; 24 rows expected
2021-12-05,24,-3.925366853512232e-05,HOURLY_ACCRUAL_SUM; 24 rows expected
2021-12-06,24,0.000155732635520047,HOURLY_ACCRUAL_SUM; 24 rows expected
2021-12-07,24,0.00027782486191866803,HOURLY_ACCRUAL_SUM; 24 rows expected
2021-12-08,24,0.00014075367311106659,HOURLY_ACCRUAL_SUM; 24 rows expected
2021-12-09,24,3.8244354843864465e-05,HOURLY_ACCRUAL_SUM; 24 rows expected
2021-12-10,24,0.00015630665412501288,HOURLY_ACCRUAL_SUM; 24 rows expected
2021-12-11,24,5.0331926766049106e-05,HOURLY_ACCRUAL_SUM; 24 rows expected
2021-12-12,24,0.00024047841607485753,HOURLY_ACCRUAL_SUM; 24 rows expected
2021-12-13,24,7.326837091801573e-05,HOURLY_ACCRUAL_SUM; 24 rows expected
2021-12-14,24,0.00011183737769108673,HOURLY_ACCRUAL_SUM; 24 rows expected
2021-12-15,24,0.00019759145121031485,HOURLY_ACCRUAL_SUM; 24 rows expected
2021-12-16,24,6.370823657278657e-05,HOURLY_ACCRUAL_SUM; 24 rows expected
2021-12-17,24,-1.7464171290056484e-05,HOURLY_ACCRUAL_SUM; 24 rows expected
2021-12-18,24,-1.0651782839939239e-05,HOURLY_ACCRUAL_SUM; 24 rows expected
2021-12-19,24,8.811003189658414e-07,HOURLY_ACCRUAL_SUM; 24 rows expected
2021-12-20,24,4.14520182520083e-05,HOURLY_ACCRUAL_SUM; 24 rows expected
2021-12-21,24,0.0002978199001110369,HOURLY_ACCRUAL_SUM; 24 rows expected
2021-12-22,24,0.00011702644697106885,HOURLY_ACCRUAL_SUM; 24 rows expected
2021-12-23,24,0.00014455140899017707,HOURLY_ACCRUAL_SUM; 24 rows expected
2021-12-24,24,7.591905135364894e-05,HOURLY_ACCRUAL_SUM; 24 rows expected
2021-12-25,24,0.00024098137062585051,HOURLY_ACCRUAL_SUM; 24 rows expected
2021-12-26,24,0.0001794348409836209,HOURLY_ACCRUAL_SUM; 24 rows expected
2021-12-27,24,0.00043345087682712614,HOURLY_ACCRUAL_SUM; 24 rows expected
2021-12-28,24,0.00012759395829522134,HOURLY_ACCRUAL_SUM; 24 rows expected
2021-12-29,24,0.00029245672622351846,HOURLY_ACCRUAL_SUM; 24 rows expected
2021-12-30,24,0.00027424946149632164,HOURLY_ACCRUAL_SUM; 24 rows expected
2021-12-31,24,0.00023786692859046178,HOURLY_ACCRUAL_SUM; 24 rows expected
2022-01-01,24,0.00034018436715406707,HOURLY_ACCRUAL_SUM; 24 rows expected
2022-01-02,24,6.121203990230722e-05,HOURLY_ACCRUAL_SUM; 24 rows expected
2022-01-03,24,6.48218837845141e-05,HOURLY_ACCRUAL_SUM; 24 rows expected
2022-01-04,24,0.0003131569382108369,HOURLY_ACCRUAL_SUM; 24 rows expected
2022-01-05,24,0.0003402021335164258,HOURLY_ACCRUAL_SUM; 24 rows expected
2022-01-06,24,9.894301786661879e-05,HOURLY_ACCRUAL_SUM; 24 rows expected
2022-01-07,24,0.0002799419661589939,HOURLY_ACCRUAL_SUM; 24 rows expected
2022-01-08,24,0.00013815266925742284,HOURLY_ACCRUAL_SUM; 24 rows expected
2022-01-09,24,6.227301797657348e-05,HOURLY_ACCRUAL_SUM; 24 rows expected
2022-01-10,24,1.9329703471812185e-05,HOURLY_ACCRUAL_SUM; 24 rows expected
2022-01-11,24,-5.275015648830202e-07,HOURLY_ACCRUAL_SUM; 24 rows expected
2022-01-12,24,-8.546880267252583e-05,HOURLY_ACCRUAL_SUM; 24 rows expected
2022-01-13,24,-4.972374113735818e-05,HOURLY_ACCRUAL_SUM; 24 rows expected
2022-01-14,24,-6.020265173780507e-05,HOURLY_ACCRUAL_SUM; 24 rows expected
2022-01-15,24,-0.00012460644039350273,HOURLY_ACCRUAL_SUM; 24 rows expected
2022-01-16,24,-4.399692648773508e-05,HOURLY_ACCRUAL_SUM; 24 rows expected
2022-01-17,24,-7.1687745967584075e-06,HOURLY_ACCRUAL_SUM; 24 rows expected
2022-01-18,24,-6.350724639452096e-06,HOURLY_ACCRUAL_SUM; 24 rows expected
2022-01-19,24,-1.1124074399289903e-05,HOURLY_ACCRUAL_SUM; 24 rows expected
2022-01-20,24,-5.267562339518003e-06,HOURLY_ACCRUAL_SUM; 24 rows expected
2022-01-21,24,-8.579986983488798e-05,HOURLY_ACCRUAL_SUM; 24 rows expected
2022-01-22,24,-0.00018989574555905567,HOURLY_ACCRUAL_SUM; 24 rows expected
2022-01-23,24,-7.928158116630607e-05,HOURLY_ACCRUAL_SUM; 24 rows expected
2022-01-24,24,-0.00015436846633565382,HOURLY_ACCRUAL_SUM; 24 rows expected
2022-01-25,24,-2.620289848739871e-05,HOURLY_ACCRUAL_SUM; 24 rows expected
2022-01-26,24,-0.0001236537986461573,HOURLY_ACCRUAL_SUM; 24 rows expected
2022-01-27,24,-4.299398592697361e-05,HOURLY_ACCRUAL_SUM; 24 rows expected
2022-01-28,24,2.053717294898401e-07,HOURLY_ACCRUAL_SUM; 24 rows expected
2022-01-29,24,-4.022731092686485e-05,HOURLY_ACCRUAL_SUM; 24 rows expected
2022-01-30,24,-4.763830194855926e-06,HOURLY_ACCRUAL_SUM; 24 rows expected
2022-01-31,24,-6.4599897072272e-06,HOURLY_ACCRUAL_SUM; 24 rows expected
2022-02-01,24,9.074954567973979e-07,HOURLY_ACCRUAL_SUM; 24 rows expected
2022-02-02,24,-2.090346679954241e-06,HOURLY_ACCRUAL_SUM; 24 rows expected
2022-02-03,24,3.3810426316008795e-07,HOURLY_ACCRUAL_SUM; 24 rows expected
2022-02-04,24,3.913345949064419e-06,HOURLY_ACCRUAL_SUM; 24 rows expected
2022-02-05,24,-0.00015490122003027204,HOURLY_ACCRUAL_SUM; 24 rows expected
2022-02-06,24,-1.6039935500308777e-05,HOURLY_ACCRUAL_SUM; 24 rows expected
2022-02-07,24,-1.7375444067742063e-05,HOURLY_ACCRUAL_SUM; 24 rows expected
2022-02-08,24,-0.00011357497086221292,HOURLY_ACCRUAL_SUM; 24 rows expected
2022-02-09,24,-1.1596587797371717e-05,HOURLY_ACCRUAL_SUM; 24 rows expected
2022-02-10,24,-1.3712894890909417e-05,HOURLY_ACCRUAL_SUM; 24 rows expected
2022-02-11,24,-1.2151383057574635e-07,HOURLY_ACCRUAL_SUM; 24 rows expected
2022-02-12,24,-2.7037895374437113e-06,HOURLY_ACCRUAL_SUM; 24 rows expected
2022-02-13,24,-3.7645298918725045e-07,HOURLY_ACCRUAL_SUM; 24 rows expected
2022-02-14,24,1.6204108432647922e-07,HOURLY_ACCRUAL_SUM; 24 rows expected
2022-02-15,24,-7.831622499243316e-07,HOURLY_ACCRUAL_SUM; 24 rows expected
2022-02-16,24,-3.9462247998263385e-06,HOURLY_ACCRUAL_SUM; 24 rows expected
2022-02-17,24,-2.1304223664350243e-05,HOURLY_ACCRUAL_SUM; 24 rows expected
2022-02-18,24,-5.864911737896117e-07,HOURLY_ACCRUAL_SUM; 24 rows expected
2022-02-19,24,8.011958603972248e-06,HOURLY_ACCRUAL_SUM; 24 rows expected
2022-02-20,24,6.216920045344377e-07,HOURLY_ACCRUAL_SUM; 24 rows expected
2022-02-21,24,5.778954893776166e-07,HOURLY_ACCRUAL_SUM; 24 rows expected
2022-02-22,24,2.5450890794098846e-06,HOURLY_ACCRUAL_SUM; 24 rows expected
2022-02-23,24,6.891109664181994e-07,HOURLY_ACCRUAL_SUM; 24 rows expected
2022-02-24,24,5.635124077250514e-07,HOURLY_ACCRUAL_SUM; 24 rows expected
2022-02-25,24,9.985306281994218e-06,HOURLY_ACCRUAL_SUM; 24 rows expected
2022-02-26,24,-1.2009723694344473e-06,HOURLY_ACCRUAL_SUM; 24 rows expected
2022-02-27,24,-4.0166970412828325e-06,HOURLY_ACCRUAL_SUM; 24 rows expected
2022-02-28,24,-7.827361077347282e-06,HOURLY_ACCRUAL_SUM; 24 rows expected
2022-03-01,24,-1.3959368128651704e-05,HOURLY_ACCRUAL_SUM; 24 rows expected
2022-03-02,24,2.967829649396368e-07,HOURLY_ACCRUAL_SUM; 24 rows expected
2022-03-03,24,1.385668359591926e-05,HOURLY_ACCRUAL_SUM; 24 rows expected
2022-03-04,24,6.96730343610553e-06,HOURLY_ACCRUAL_SUM; 24 rows expected
2022-03-05,24,-4.373396880627e-05,HOURLY_ACCRUAL_SUM; 24 rows expected
2022-03-06,24,-8.412058431724325e-06,HOURLY_ACCRUAL_SUM; 24 rows expected
2022-03-07,24,-1.3525037983485396e-05,HOURLY_ACCRUAL_SUM; 24 rows expected
2022-03-08,24,-1.055524495728636e-07,HOURLY_ACCRUAL_SUM; 24 rows expected
2022-03-09,24,3.743514027502772e-06,HOURLY_ACCRUAL_SUM; 24 rows expected
2022-03-10,24,-2.209818022874969e-06,HOURLY_ACCRUAL_SUM; 24 rows expected
2022-03-11,24,-6.302567991621227e-07,HOURLY_ACCRUAL_SUM; 24 rows expected
2022-03-12,24,-3.670288192088494e-06,HOURLY_ACCRUAL_SUM; 24 rows expected
2022-03-13,24,-6.937387803108991e-06,HOURLY_ACCRUAL_SUM; 24 rows expected
2022-03-14,24,1.6465297335752823e-06,HOURLY_ACCRUAL_SUM; 24 rows expected
2022-03-15,24,-5.969392906126445e-07,HOURLY_ACCRUAL_SUM; 24 rows expected
2022-03-16,24,3.5065273211422415e-06,HOURLY_ACCRUAL_SUM; 24 rows expected
2022-03-17,24,8.677737340797135e-07,HOURLY_ACCRUAL_SUM; 24 rows expected
2022-03-18,24,8.030600754702992e-08,HOURLY_ACCRUAL_SUM; 24 rows expected
2022-03-19,24,1.3698345701646608e-05,HOURLY_ACCRUAL_SUM; 24 rows expected
2022-03-20,24,1.9861428684383573e-05,HOURLY_ACCRUAL_SUM; 24 rows expected
2022-03-21,24,2.5858525204139368e-06,HOURLY_ACCRUAL_SUM; 24 rows expected
2022-03-22,24,2.1091808964578276e-05,HOURLY_ACCRUAL_SUM; 24 rows expected
2022-03-23,24,-1.6328708069817964e-08,HOURLY_ACCRUAL_SUM; 24 rows expected
2022-03-24,24,7.571757200095912e-06,HOURLY_ACCRUAL_SUM; 24 rows expected
2022-03-25,24,7.57498927709024e-06,HOURLY_ACCRUAL_SUM; 24 rows expected
2022-03-26,24,6.996201576366112e-06,HOURLY_ACCRUAL_SUM; 24 rows expected
2022-03-27,24,7.7443128051094e-06,HOURLY_ACCRUAL_SUM; 24 rows expected
2022-03-28,24,8.39585500659966e-06,HOURLY_ACCRUAL_SUM; 24 rows expected
2022-03-29,24,1.6954890125112063e-06,HOURLY_ACCRUAL_SUM; 24 rows expected
2022-03-30,24,5.673586280865067e-06,HOURLY_ACCRUAL_SUM; 24 rows expected
2022-03-31,24,4.313192082653861e-06,HOURLY_ACCRUAL_SUM; 24 rows expected
2022-04-01,24,1.4247113446764513e-06,HOURLY_ACCRUAL_SUM; 24 rows expected
2022-04-02,24,3.189974449124414e-06,HOURLY_ACCRUAL_SUM; 24 rows expected
2022-04-03,24,3.3007123863252774e-06,HOURLY_ACCRUAL_SUM; 24 rows expected
2022-04-04,24,2.903671715168699e-07,HOURLY_ACCRUAL_SUM; 24 rows expected
2022-04-05,24,2.35588196463319e-05,HOURLY_ACCRUAL_SUM; 24 rows expected
2022-04-06,24,1.7720557529174457e-06,HOURLY_ACCRUAL_SUM; 24 rows expected
2022-04-07,24,-1.7289237460788332e-06,HOURLY_ACCRUAL_SUM; 24 rows expected
2022-04-08,24,-7.717310480737537e-07,HOURLY_ACCRUAL_SUM; 24 rows expected
2022-04-09,24,-9.704279044005952e-07,HOURLY_ACCRUAL_SUM; 24 rows expected
2022-04-10,24,-6.071356650716469e-07,HOURLY_ACCRUAL_SUM; 24 rows expected
2022-04-11,24,-6.568027949214985e-06,HOURLY_ACCRUAL_SUM; 24 rows expected
2022-04-12,24,-1.4991624650359027e-05,HOURLY_ACCRUAL_SUM; 24 rows expected
2022-04-13,24,-3.774853846453649e-06,HOURLY_ACCRUAL_SUM; 24 rows expected
2022-04-14,24,-9.500606701387607e-08,HOURLY_ACCRUAL_SUM; 24 rows expected
2022-04-15,24,-2.2259576584550527e-06,HOURLY_ACCRUAL_SUM; 24 rows expected
2022-04-16,24,-1.316200973472019e-06,HOURLY_ACCRUAL_SUM; 24 rows expected
2022-04-17,24,-5.75510099683414e-06,HOURLY_ACCRUAL_SUM; 24 rows expected
2022-04-18,24,-7.72312269765442e-05,HOURLY_ACCRUAL_SUM; 24 rows expected
2022-04-19,24,-5.064851798812997e-07,HOURLY_ACCRUAL_SUM; 24 rows expected
2022-04-20,24,-5.2373820461829484e-06,HOURLY_ACCRUAL_SUM; 24 rows expected
2022-04-21,24,-2.2353635263760325e-06,HOURLY_ACCRUAL_SUM; 24 rows expected
2022-04-22,24,1.2841826244477429e-06,HOURLY_ACCRUAL_SUM; 24 rows expected
2022-04-23,24,-2.780235235119535e-07,HOURLY_ACCRUAL_SUM; 24 rows expected
2022-04-24,24,-1.789504691906548e-06,HOURLY_ACCRUAL_SUM; 24 rows expected
2022-04-25,24,1.083400303967074e-05,HOURLY_ACCRUAL_SUM; 24 rows expected
2022-04-26,24,4.410175061064645e-05,HOURLY_ACCRUAL_SUM; 24 rows expected
2022-04-27,24,1.0256263865146697e-05,HOURLY_ACCRUAL_SUM; 24 rows expected
2022-04-28,24,2.6322273971498638e-05,HOURLY_ACCRUAL_SUM; 24 rows expected
2022-04-29,24,2.3421524305454784e-05,HOURLY_ACCRUAL_SUM; 24 rows expected
2022-04-30,24,2.7054009273068603e-05,HOURLY_ACCRUAL_SUM; 24 rows expected
2022-05-01,24,0.00010971663284643992,HOURLY_ACCRUAL_SUM; 24 rows expected
2022-05-02,24,0.00015406586644573558,HOURLY_ACCRUAL_SUM; 24 rows expected
2022-05-03,24,0.00010642787066806816,HOURLY_ACCRUAL_SUM; 24 rows expected
2022-05-04,24,0.00014512520473172825,HOURLY_ACCRUAL_SUM; 24 rows expected
2022-05-05,24,6.05243384008361e-05,HOURLY_ACCRUAL_SUM; 24 rows expected
2022-05-06,24,1.9249440910816645e-06,HOURLY_ACCRUAL_SUM; 24 rows expected
2022-05-07,24,-6.702651578127817e-06,HOURLY_ACCRUAL_SUM; 24 rows expected
2022-05-08,24,-6.352767180281901e-06,HOURLY_ACCRUAL_SUM; 24 rows expected
2022-05-09,24,1.0593535682653515e-05,HOURLY_ACCRUAL_SUM; 24 rows expected
2022-05-10,24,9.030104550815725e-05,HOURLY_ACCRUAL_SUM; 24 rows expected
2022-05-11,24,0.00013617136477252166,HOURLY_ACCRUAL_SUM; 24 rows expected
2022-05-12,24,7.014209846142207e-05,HOURLY_ACCRUAL_SUM; 24 rows expected
2022-05-13,24,4.7337028040781974e-05,HOURLY_ACCRUAL_SUM; 24 rows expected
2022-05-14,24,-8.567447996318436e-06,HOURLY_ACCRUAL_SUM; 24 rows expected
2022-05-15,24,-2.1178979180601588e-06,HOURLY_ACCRUAL_SUM; 24 rows expected
2022-05-16,24,-1.7228740302561403e-06,HOURLY_ACCRUAL_SUM; 24 rows expected
2022-05-17,24,-8.984380569139239e-08,HOURLY_ACCRUAL_SUM; 24 rows expected
2022-05-18,24,2.3393620619645978e-07,HOURLY_ACCRUAL_SUM; 24 rows expected
2022-05-19,24,0.00010578684387618352,HOURLY_ACCRUAL_SUM; 24 rows expected
2022-05-20,24,0.00022419134986135367,HOURLY_ACCRUAL_SUM; 24 rows expected
2022-05-21,24,0.0003883905909355987,HOURLY_ACCRUAL_SUM; 24 rows expected
2022-05-22,24,0.0002638471804787792,HOURLY_ACCRUAL_SUM; 24 rows expected
2022-05-23,24,0.0001906069240130876,HOURLY_ACCRUAL_SUM; 24 rows expected
2022-05-24,24,5.468266511085014e-05,HOURLY_ACCRUAL_SUM; 24 rows expected
2022-05-25,24,0.00016810616916927273,HOURLY_ACCRUAL_SUM; 24 rows expected
2022-05-26,24,5.6700265995256856e-05,HOURLY_ACCRUAL_SUM; 24 rows expected
2022-05-27,24,2.0990435286757303e-05,HOURLY_ACCRUAL_SUM; 24 rows expected
2022-05-28,24,0.00015415732183710773,HOURLY_ACCRUAL_SUM; 24 rows expected
2022-05-29,24,8.770069720390784e-05,HOURLY_ACCRUAL_SUM; 24 rows expected
2022-05-30,24,0.00013334841756562003,HOURLY_ACCRUAL_SUM; 24 rows expected
2022-05-31,24,0.00016638294770816945,HOURLY_ACCRUAL_SUM; 24 rows expected
2022-06-01,24,7.667219236310255e-05,HOURLY_ACCRUAL_SUM; 24 rows expected
2022-06-02,24,6.317854280506422e-06,HOURLY_ACCRUAL_SUM; 24 rows expected
2022-06-03,24,3.746082106619101e-05,HOURLY_ACCRUAL_SUM; 24 rows expected
2022-06-04,24,3.038514228359576e-06,HOURLY_ACCRUAL_SUM; 24 rows expected
2022-06-05,24,4.4014049285713276e-05,HOURLY_ACCRUAL_SUM; 24 rows expected
2022-06-06,24,7.474139487731464e-06,HOURLY_ACCRUAL_SUM; 24 rows expected
2022-06-07,24,2.9433035683408156e-06,HOURLY_ACCRUAL_SUM; 24 rows expected
2022-06-08,24,4.816444467574172e-06,HOURLY_ACCRUAL_SUM; 24 rows expected
2022-06-09,24,1.8422919221680076e-06,HOURLY_ACCRUAL_SUM; 24 rows expected
2022-06-10,24,1.7986656252018063e-05,HOURLY_ACCRUAL_SUM; 24 rows expected
2022-06-11,24,2.601018478746922e-05,HOURLY_ACCRUAL_SUM; 24 rows expected
2022-06-12,24,2.6371180105383327e-06,HOURLY_ACCRUAL_SUM; 24 rows expected
2022-06-13,24,-0.0001784976282309187,HOURLY_ACCRUAL_SUM; 24 rows expected
2022-06-14,24,-0.0008519289512230574,HOURLY_ACCRUAL_SUM; 24 rows expected
2022-06-15,24,-0.0006998593496439024,HOURLY_ACCRUAL_SUM; 24 rows expected
2022-06-16,24,-0.00018228940086805522,HOURLY_ACCRUAL_SUM; 24 rows expected
2022-06-17,24,-0.0003222837563514436,HOURLY_ACCRUAL_SUM; 24 rows expected
2022-06-18,24,-0.00029877906052281917,HOURLY_ACCRUAL_SUM; 24 rows expected
2022-06-19,24,-3.308779103634856e-05,HOURLY_ACCRUAL_SUM; 24 rows expected
2022-06-20,24,-1.8819822544165125e-05,HOURLY_ACCRUAL_SUM; 24 rows expected
2022-06-21,24,-2.537578393146681e-05,HOURLY_ACCRUAL_SUM; 24 rows expected
2022-06-22,24,-1.8761194091025823e-05,HOURLY_ACCRUAL_SUM; 24 rows expected
2022-06-23,24,-1.25201522303882e-06,HOURLY_ACCRUAL_SUM; 24 rows expected
2022-06-24,24,0.00011534847781308368,HOURLY_ACCRUAL_SUM; 24 rows expected
2022-06-25,24,9.652262082506598e-05,HOURLY_ACCRUAL_SUM; 24 rows expected
2022-06-26,24,5.9828371341148895e-05,HOURLY_ACCRUAL_SUM; 24 rows expected
2022-06-27,24,4.097610407606423e-05,HOURLY_ACCRUAL_SUM; 24 rows expected
2022-06-28,24,2.9466813144670047e-06,HOURLY_ACCRUAL_SUM; 24 rows expected
2022-06-29,24,-2.0897938539065393e-08,HOURLY_ACCRUAL_SUM; 24 rows expected
2022-06-30,24,-4.531573622464018e-05,HOURLY_ACCRUAL_SUM; 24 rows expected
2022-07-01,24,-6.145957452576344e-05,HOURLY_ACCRUAL_SUM; 24 rows expected
2022-07-02,24,-4.000018909693384e-07,HOURLY_ACCRUAL_SUM; 24 rows expected
2022-07-03,24,-1.1800024957723246e-06,HOURLY_ACCRUAL_SUM; 24 rows expected
2022-07-04,24,-6.978293598861921e-06,HOURLY_ACCRUAL_SUM; 24 rows expected
2022-07-05,24,2.0184838715037368e-05,HOURLY_ACCRUAL_SUM; 24 rows expected
2022-07-06,24,4.38847365833168e-05,HOURLY_ACCRUAL_SUM; 24 rows expected
2022-07-07,24,0.00012136274852332238,HOURLY_ACCRUAL_SUM; 24 rows expected
2022-07-08,24,3.168954953676205e-05,HOURLY_ACCRUAL_SUM; 24 rows expected
2022-07-09,24,7.576482541051945e-06,HOURLY_ACCRUAL_SUM; 24 rows expected
2022-07-10,24,3.491791825398959e-05,HOURLY_ACCRUAL_SUM; 24 rows expected
2022-07-11,24,6.964725145141811e-06,HOURLY_ACCRUAL_SUM; 24 rows expected
2022-07-12,24,3.743029620076493e-05,HOURLY_ACCRUAL_SUM; 24 rows expected
2022-07-13,24,9.073582560333912e-06,HOURLY_ACCRUAL_SUM; 24 rows expected
2022-07-14,24,1.1333916680009854e-06,HOURLY_ACCRUAL_SUM; 24 rows expected
2022-07-15,24,9.498270764101415e-07,HOURLY_ACCRUAL_SUM; 24 rows expected
2022-07-16,24,6.536498328075785e-06,HOURLY_ACCRUAL_SUM; 24 rows expected
2022-07-17,24,8.596684986685646e-05,HOURLY_ACCRUAL_SUM; 24 rows expected
2022-07-18,24,5.1854043344760224e-05,HOURLY_ACCRUAL_SUM; 24 rows expected
2022-07-19,24,5.610410895241287e-05,HOURLY_ACCRUAL_SUM; 24 rows expected
2022-07-20,24,3.63131206101506e-05,HOURLY_ACCRUAL_SUM; 24 rows expected
2022-07-21,24,3.7930410404020935e-06,HOURLY_ACCRUAL_SUM; 24 rows expected
2022-07-22,24,5.729320699298661e-05,HOURLY_ACCRUAL_SUM; 24 rows expected
2022-07-23,24,2.718889078943132e-06,HOURLY_ACCRUAL_SUM; 24 rows expected
2022-07-24,24,7.478959051959781e-06,HOURLY_ACCRUAL_SUM; 24 rows expected
2022-07-25,24,1.3022649747430129e-06,HOURLY_ACCRUAL_SUM; 24 rows expected
2022-07-26,24,-4.464186398758922e-07,HOURLY_ACCRUAL_SUM; 24 rows expected
2022-07-27,24,3.7257432173555193e-07,HOURLY_ACCRUAL_SUM; 24 rows expected
2022-07-28,24,9.07606691654188e-06,HOURLY_ACCRUAL_SUM; 24 rows expected
2022-07-29,24,8.597218295277376e-05,HOURLY_ACCRUAL_SUM; 24 rows expected
2022-07-30,24,0.00017312478894555226,HOURLY_ACCRUAL_SUM; 24 rows expected
2022-07-31,24,0.0001641094280872827,HOURLY_ACCRUAL_SUM; 24 rows expected
2022-08-01,24,7.727171637891843e-06,HOURLY_ACCRUAL_SUM; 24 rows expected
2022-08-02,24,1.0798065025714765e-05,HOURLY_ACCRUAL_SUM; 24 rows expected
2022-08-03,24,3.0043852353797657e-05,HOURLY_ACCRUAL_SUM; 24 rows expected
2022-08-04,24,2.3538865679415535e-06,HOURLY_ACCRUAL_SUM; 24 rows expected
2022-08-05,24,1.2755753274384741e-05,HOURLY_ACCRUAL_SUM; 24 rows expected
2022-08-06,24,3.506600840230757e-06,HOURLY_ACCRUAL_SUM; 24 rows expected
2022-08-07,24,6.681824140254334e-06,HOURLY_ACCRUAL_SUM; 24 rows expected
2022-08-08,24,2.3105269693983563e-05,HOURLY_ACCRUAL_SUM; 24 rows expected
2022-08-09,24,3.722457041842923e-08,HOURLY_ACCRUAL_SUM; 24 rows expected
2022-08-10,24,1.5556218958142363e-05,HOURLY_ACCRUAL_SUM; 24 rows expected
2022-08-11,24,1.3338788667217924e-05,HOURLY_ACCRUAL_SUM; 24 rows expected
2022-08-12,24,0.00017190290783134646,HOURLY_ACCRUAL_SUM; 24 rows expected
2022-08-13,24,0.0002363145004698661,HOURLY_ACCRUAL_SUM; 24 rows expected
2022-08-14,24,0.0002178336470960022,HOURLY_ACCRUAL_SUM; 24 rows expected
2022-08-15,24,5.138441353003174e-05,HOURLY_ACCRUAL_SUM; 24 rows expected
2022-08-16,24,6.394166473779557e-05,HOURLY_ACCRUAL_SUM; 24 rows expected
2022-08-17,24,8.206526257382298e-05,HOURLY_ACCRUAL_SUM; 24 rows expected
2022-08-18,24,6.88351177897119e-07,HOURLY_ACCRUAL_SUM; 24 rows expected
2022-08-19,24,-2.961756620374141e-05,HOURLY_ACCRUAL_SUM; 24 rows expected
2022-08-20,24,-4.490689363827483e-08,HOURLY_ACCRUAL_SUM; 24 rows expected
2022-08-21,24,3.042266846753035e-08,HOURLY_ACCRUAL_SUM; 24 rows expected
2022-08-22,24,-4.198286943328911e-07,HOURLY_ACCRUAL_SUM; 24 rows expected
2022-08-23,24,-7.25550434293648e-07,HOURLY_ACCRUAL_SUM; 24 rows expected
2022-08-24,24,9.885901923496346e-08,HOURLY_ACCRUAL_SUM; 24 rows expected
2022-08-25,24,-2.1616786851713604e-08,HOURLY_ACCRUAL_SUM; 24 rows expected
2022-08-26,24,-1.5876836655789407e-05,HOURLY_ACCRUAL_SUM; 24 rows expected
2022-08-27,24,-1.1478320669214128e-05,HOURLY_ACCRUAL_SUM; 24 rows expected
2022-08-28,24,-2.3146422339507376e-05,HOURLY_ACCRUAL_SUM; 24 rows expected
2022-08-29,24,3.9849542957379967e-10,HOURLY_ACCRUAL_SUM; 24 rows expected
2022-08-30,24,-1.8720041332750928e-07,HOURLY_ACCRUAL_SUM; 24 rows expected
2022-08-31,24,1.2508149360513134e-07,HOURLY_ACCRUAL_SUM; 24 rows expected
2022-09-01,24,-1.472233411691131e-07,HOURLY_ACCRUAL_SUM; 24 rows expected
2022-09-02,24,-1.3956522546161693e-07,HOURLY_ACCRUAL_SUM; 24 rows expected
2022-09-03,24,-2.6563767764507784e-06,HOURLY_ACCRUAL_SUM; 24 rows expected
2022-09-04,24,-6.197971674691301e-05,HOURLY_ACCRUAL_SUM; 24 rows expected
2022-09-05,24,-7.462064375971406e-06,HOURLY_ACCRUAL_SUM; 24 rows expected
2022-09-06,24,-2.8841271197418716e-05,HOURLY_ACCRUAL_SUM; 24 rows expected
2022-09-07,24,-3.5032382827299293e-06,HOURLY_ACCRUAL_SUM; 24 rows expected
2022-09-08,24,-4.7163765404434056e-05,HOURLY_ACCRUAL_SUM; 24 rows expected
2022-09-09,24,-1.2426087545456926e-05,HOURLY_ACCRUAL_SUM; 24 rows expected
2022-09-10,24,2.198329348066032e-06,HOURLY_ACCRUAL_SUM; 24 rows expected
2022-09-11,24,5.792756384648897e-06,HOURLY_ACCRUAL_SUM; 24 rows expected
2022-09-12,24,9.683611495029247e-07,HOURLY_ACCRUAL_SUM; 24 rows expected
2022-09-13,24,6.792678091474896e-06,HOURLY_ACCRUAL_SUM; 24 rows expected
2022-09-14,24,-2.3345969585887626e-05,HOURLY_ACCRUAL_SUM; 24 rows expected
2022-09-15,24,-2.3942338704850332e-05,HOURLY_ACCRUAL_SUM; 24 rows expected
2022-09-16,24,-1.5628282023416373e-05,HOURLY_ACCRUAL_SUM; 24 rows expected
2022-09-17,24,-5.887599625989041e-05,HOURLY_ACCRUAL_SUM; 24 rows expected
2022-09-18,24,-2.6275424623992352e-05,HOURLY_ACCRUAL_SUM; 24 rows expected
2022-09-19,24,-8.892216143652806e-05,HOURLY_ACCRUAL_SUM; 24 rows expected
2022-09-20,24,-4.740837851199199e-05,HOURLY_ACCRUAL_SUM; 24 rows expected
2022-09-21,24,-5.511858370821367e-05,HOURLY_ACCRUAL_SUM; 24 rows expected
2022-09-22,24,-7.223187641196341e-05,HOURLY_ACCRUAL_SUM; 24 rows expected
2022-09-23,24,-5.476918162309477e-05,HOURLY_ACCRUAL_SUM; 24 rows expected
2022-09-24,24,-5.429463802441459e-05,HOURLY_ACCRUAL_SUM; 24 rows expected
2022-09-25,24,-4.5851124899127714e-05,HOURLY_ACCRUAL_SUM; 24 rows expected
2022-09-26,24,-7.527050681852679e-05,HOURLY_ACCRUAL_SUM; 24 rows expected
2022-09-27,24,-1.135550323116763e-05,HOURLY_ACCRUAL_SUM; 24 rows expected
2022-09-28,24,-5.3234481425509415e-05,HOURLY_ACCRUAL_SUM; 24 rows expected
2022-09-29,24,-2.19260842669848e-07,HOURLY_ACCRUAL_SUM; 24 rows expected
2022-09-30,24,-1.875448362715628e-05,HOURLY_ACCRUAL_SUM; 24 rows expected
2022-10-01,24,-1.4673010927883266e-05,HOURLY_ACCRUAL_SUM; 24 rows expected
2022-10-02,24,-5.411611381614071e-05,HOURLY_ACCRUAL_SUM; 24 rows expected
2022-10-03,24,-1.9319862219935077e-05,HOURLY_ACCRUAL_SUM; 24 rows expected
2022-10-04,24,1.1928557319813444e-07,HOURLY_ACCRUAL_SUM; 24 rows expected
2022-10-05,24,-1.6278945702918598e-07,HOURLY_ACCRUAL_SUM; 24 rows expected
2022-10-06,24,-4.369345508718246e-06,HOURLY_ACCRUAL_SUM; 24 rows expected
2022-10-07,24,-8.413837538967059e-05,HOURLY_ACCRUAL_SUM; 24 rows expected
2022-10-08,24,-0.00018328981626337793,HOURLY_ACCRUAL_SUM; 24 rows expected
2022-10-09,24,-0.00018348782871639425,HOURLY_ACCRUAL_SUM; 24 rows expected
2022-10-10,24,-7.218327062930283e-05,HOURLY_ACCRUAL_SUM; 24 rows expected
2022-10-11,24,-2.353744662505111e-05,HOURLY_ACCRUAL_SUM; 24 rows expected
2022-10-12,24,-1.4351195717762672e-05,HOURLY_ACCRUAL_SUM; 24 rows expected
2022-10-13,24,-0.00016539942596672754,HOURLY_ACCRUAL_SUM; 24 rows expected
2022-10-14,24,-9.425052731806579e-06,HOURLY_ACCRUAL_SUM; 24 rows expected
2022-10-15,24,-2.3580006983576685e-06,HOURLY_ACCRUAL_SUM; 24 rows expected
2022-10-16,24,-3.3257902682847926e-06,HOURLY_ACCRUAL_SUM; 24 rows expected
2022-10-17,24,-3.196195188642737e-09,HOURLY_ACCRUAL_SUM; 24 rows expected
2022-10-18,24,3.7872432791815225e-09,HOURLY_ACCRUAL_SUM; 24 rows expected
2022-10-19,24,-6.367672895955026e-07,HOURLY_ACCRUAL_SUM; 24 rows expected
2022-10-20,24,-4.177597214656021e-05,HOURLY_ACCRUAL_SUM; 24 rows expected
2022-10-21,24,-1.8758384010699604e-05,HOURLY_ACCRUAL_SUM; 24 rows expected
2022-10-22,24,-1.878067635830602e-07,HOURLY_ACCRUAL_SUM; 24 rows expected
2022-10-23,24,0.0,HOURLY_ACCRUAL_SUM; 24 rows expected
2022-10-24,24,-1.0453091045116178e-06,HOURLY_ACCRUAL_SUM; 24 rows expected
2022-10-25,24,2.4059919862703126e-05,HOURLY_ACCRUAL_SUM; 24 rows expected
2022-10-26,24,5.69723522620824e-05,HOURLY_ACCRUAL_SUM; 24 rows expected
2022-10-27,24,8.574727180081956e-11,HOURLY_ACCRUAL_SUM; 24 rows expected
2022-10-28,24,5.425404241852114e-07,HOURLY_ACCRUAL_SUM; 24 rows expected
2022-10-29,24,1.6322474302764115e-05,HOURLY_ACCRUAL_SUM; 24 rows expected
2022-10-30,24,4.720918622446016e-05,HOURLY_ACCRUAL_SUM; 24 rows expected
2022-10-31,24,2.1896146414684903e-05,HOURLY_ACCRUAL_SUM; 24 rows expected
2022-11-01,24,3.8814333766253955e-06,HOURLY_ACCRUAL_SUM; 24 rows expected
2022-11-02,24,3.539595797518088e-05,HOURLY_ACCRUAL_SUM; 24 rows expected
2022-11-03,24,1.1924448386527535e-06,HOURLY_ACCRUAL_SUM; 24 rows expected
2022-11-04,24,6.241970023232332e-05,HOURLY_ACCRUAL_SUM; 24 rows expected
2022-11-05,24,0.00012092662172744713,HOURLY_ACCRUAL_SUM; 24 rows expected
2022-11-06,24,0.00022362984116208696,HOURLY_ACCRUAL_SUM; 24 rows expected
2022-11-07,24,0.00011863792055499756,HOURLY_ACCRUAL_SUM; 24 rows expected
2022-11-08,24,-9.06492486981813e-06,HOURLY_ACCRUAL_SUM; 24 rows expected
2022-11-09,24,-0.0019967886735140056,HOURLY_ACCRUAL_SUM; 24 rows expected
2022-11-10,24,-0.003281573377186599,HOURLY_ACCRUAL_SUM; 24 rows expected
2022-11-11,24,-0.0035991916703107234,HOURLY_ACCRUAL_SUM; 24 rows expected
2022-11-12,24,-0.0026157800124565734,HOURLY_ACCRUAL_SUM; 24 rows expected
2022-11-13,24,-0.0025109475717783854,HOURLY_ACCRUAL_SUM; 24 rows expected
2022-11-14,24,-0.001381930973323776,HOURLY_ACCRUAL_SUM; 24 rows expected
2022-11-15,24,-0.0002777789900502093,HOURLY_ACCRUAL_SUM; 24 rows expected
2022-11-16,24,-0.00032986163189470814,HOURLY_ACCRUAL_SUM; 24 rows expected
2022-11-17,24,-0.00020077368611761494,HOURLY_ACCRUAL_SUM; 24 rows expected
2022-11-18,24,-3.7285609310553557e-05,HOURLY_ACCRUAL_SUM; 24 rows expected
2022-11-19,24,-0.0003468404659999388,HOURLY_ACCRUAL_SUM; 24 rows expected
2022-11-20,24,-0.00013527698125118294,HOURLY_ACCRUAL_SUM; 24 rows expected
2022-11-21,24,-0.0006201130493131945,HOURLY_ACCRUAL_SUM; 24 rows expected
2022-11-22,24,-0.0010590700268435977,HOURLY_ACCRUAL_SUM; 24 rows expected
2022-11-23,24,-0.0001914425872760756,HOURLY_ACCRUAL_SUM; 24 rows expected
2022-11-24,24,-1.0104513916780686e-05,HOURLY_ACCRUAL_SUM; 24 rows expected
2022-11-25,24,-1.0204007748934553e-05,HOURLY_ACCRUAL_SUM; 24 rows expected
2022-11-26,24,-0.0004418732698537466,HOURLY_ACCRUAL_SUM; 24 rows expected
2022-11-27,24,-0.00020819339320261203,HOURLY_ACCRUAL_SUM; 24 rows expected
2022-11-28,24,-4.945736946422697e-05,HOURLY_ACCRUAL_SUM; 24 rows expected
2022-11-29,24,-3.686527431001369e-05,HOURLY_ACCRUAL_SUM; 24 rows expected
2022-11-30,24,-2.4271322136978112e-05,HOURLY_ACCRUAL_SUM; 24 rows expected
2022-12-01,24,-4.285566631285797e-05,HOURLY_ACCRUAL_SUM; 24 rows expected
2022-12-02,24,-0.00033817241192102217,HOURLY_ACCRUAL_SUM; 24 rows expected
2022-12-03,24,-0.0002746801414570203,HOURLY_ACCRUAL_SUM; 24 rows expected
2022-12-04,24,-4.1702661490844286e-05,HOURLY_ACCRUAL_SUM; 24 rows expected
2022-12-05,24,-1.6202616233208804e-05,HOURLY_ACCRUAL_SUM; 24 rows expected
2022-12-06,24,-4.865729144571887e-05,HOURLY_ACCRUAL_SUM; 24 rows expected
2022-12-07,24,-0.0001129890739554379,HOURLY_ACCRUAL_SUM; 24 rows expected
2022-12-08,24,-0.0002974554373194912,HOURLY_ACCRUAL_SUM; 24 rows expected
2022-12-09,24,-0.00017466159902280418,HOURLY_ACCRUAL_SUM; 24 rows expected
2022-12-10,24,-0.00048662424261593863,HOURLY_ACCRUAL_SUM; 24 rows expected
2022-12-11,24,-6.1096282204304e-05,HOURLY_ACCRUAL_SUM; 24 rows expected
2022-12-12,24,-5.648762310310033e-05,HOURLY_ACCRUAL_SUM; 24 rows expected
2022-12-13,24,-0.00029162268401775396,HOURLY_ACCRUAL_SUM; 24 rows expected
2022-12-14,24,-8.788224026945061e-05,HOURLY_ACCRUAL_SUM; 24 rows expected
2022-12-15,24,-6.560409179288574e-05,HOURLY_ACCRUAL_SUM; 24 rows expected
2022-12-16,24,-0.0004757725886642606,HOURLY_ACCRUAL_SUM; 24 rows expected
2022-12-17,24,-0.0007465705492250959,HOURLY_ACCRUAL_SUM; 24 rows expected
2022-12-18,24,-0.0008089498435489162,HOURLY_ACCRUAL_SUM; 24 rows expected
2022-12-19,24,-0.00028311538682833815,HOURLY_ACCRUAL_SUM; 24 rows expected
2022-12-20,24,-0.000325737023999761,HOURLY_ACCRUAL_SUM; 24 rows expected
2022-12-21,24,-4.273087123607302e-05,HOURLY_ACCRUAL_SUM; 24 rows expected
2022-12-22,24,-6.770944661807968e-05,HOURLY_ACCRUAL_SUM; 24 rows expected
2022-12-23,24,-4.718769044921719e-06,HOURLY_ACCRUAL_SUM; 24 rows expected
2022-12-24,24,8.767677002671825e-07,HOURLY_ACCRUAL_SUM; 24 rows expected
2022-12-25,24,1.0038361490249074e-06,HOURLY_ACCRUAL_SUM; 24 rows expected
2022-12-26,24,1.5506701229621406e-06,HOURLY_ACCRUAL_SUM; 24 rows expected
2022-12-27,24,4.3486068045392964e-06,HOURLY_ACCRUAL_SUM; 24 rows expected
2022-12-28,24,1.5662255177318702e-06,HOURLY_ACCRUAL_SUM; 24 rows expected
2022-12-29,24,-2.3320761307372873e-05,HOURLY_ACCRUAL_SUM; 24 rows expected
2022-12-30,24,-2.098274407901102e-05,HOURLY_ACCRUAL_SUM; 24 rows expected
2022-12-31,24,-5.400135516513591e-06,HOURLY_ACCRUAL_SUM; 24 rows expected
2023-01-01,24,1.596155337081209e-06,HOURLY_ACCRUAL_SUM; 24 rows expected
2023-01-02,24,-6.137892985778738e-08,HOURLY_ACCRUAL_SUM; 24 rows expected
2023-01-03,24,2.139056716184272e-06,HOURLY_ACCRUAL_SUM; 24 rows expected
2023-01-04,24,4.321432022489331e-06,HOURLY_ACCRUAL_SUM; 24 rows expected
2023-01-05,24,-1.6609587978725532e-05,HOURLY_ACCRUAL_SUM; 24 rows expected
2023-01-06,24,-1.4874469367053834e-06,HOURLY_ACCRUAL_SUM; 24 rows expected
2023-01-07,24,1.2969546035434796e-06,HOURLY_ACCRUAL_SUM; 24 rows expected
2023-01-08,24,1.8209939006759214e-05,HOURLY_ACCRUAL_SUM; 24 rows expected
2023-01-09,24,1.9639207562110145e-05,HOURLY_ACCRUAL_SUM; 24 rows expected
2023-01-10,24,2.5385162432026853e-07,HOURLY_ACCRUAL_SUM; 24 rows expected
2023-01-11,24,0.00010921143314524662,HOURLY_ACCRUAL_SUM; 24 rows expected
2023-01-12,24,0.0004377626844668784,HOURLY_ACCRUAL_SUM; 24 rows expected
2023-01-13,24,0.00016328214363723042,HOURLY_ACCRUAL_SUM; 24 rows expected
2023-01-14,24,0.0006068827683622591,HOURLY_ACCRUAL_SUM; 24 rows expected
2023-01-15,24,0.0003867887474027122,HOURLY_ACCRUAL_SUM; 24 rows expected
2023-01-16,24,0.0002852949563579724,HOURLY_ACCRUAL_SUM; 24 rows expected
2023-01-17,24,5.4156728369084814e-05,HOURLY_ACCRUAL_SUM; 24 rows expected
2023-01-18,24,-2.9018719908021084e-05,HOURLY_ACCRUAL_SUM; 24 rows expected
2023-01-19,24,-7.80533409702781e-07,HOURLY_ACCRUAL_SUM; 24 rows expected
2023-01-20,24,-1.424711029110087e-05,HOURLY_ACCRUAL_SUM; 24 rows expected
2023-01-21,24,0.00030475512624027933,HOURLY_ACCRUAL_SUM; 24 rows expected
2023-01-22,24,0.000177129992659018,HOURLY_ACCRUAL_SUM; 24 rows expected
2023-01-23,24,0.00011265735238157207,HOURLY_ACCRUAL_SUM; 24 rows expected
2023-01-24,24,0.00041887600328441895,HOURLY_ACCRUAL_SUM; 24 rows expected
2023-01-25,24,9.636283616409984e-05,HOURLY_ACCRUAL_SUM; 24 rows expected
2023-01-26,24,8.579443995135806e-05,HOURLY_ACCRUAL_SUM; 24 rows expected
2023-01-27,24,1.2802593374441432e-05,HOURLY_ACCRUAL_SUM; 24 rows expected
2023-01-28,24,4.3290966944155896e-05,HOURLY_ACCRUAL_SUM; 24 rows expected
2023-01-29,24,9.266465108442854e-05,HOURLY_ACCRUAL_SUM; 24 rows expected
2023-01-30,24,5.609393014429251e-05,HOURLY_ACCRUAL_SUM; 24 rows expected
2023-01-31,24,3.806473807869428e-07,HOURLY_ACCRUAL_SUM; 24 rows expected
2023-02-01,24,0.0002088526265256485,HOURLY_ACCRUAL_SUM; 24 rows expected
2023-02-02,24,0.0007920279444406102,HOURLY_ACCRUAL_SUM; 24 rows expected
2023-02-03,24,2.928873203309013e-05,HOURLY_ACCRUAL_SUM; 24 rows expected
2023-02-04,24,2.253988892745786e-05,HOURLY_ACCRUAL_SUM; 24 rows expected
2023-02-05,24,2.131746551145081e-06,HOURLY_ACCRUAL_SUM; 24 rows expected
2023-02-06,24,4.3743305560497844e-06,HOURLY_ACCRUAL_SUM; 24 rows expected
2023-02-07,24,1.4081144186807426e-05,HOURLY_ACCRUAL_SUM; 24 rows expected
2023-02-08,24,3.2704519879260115e-05,HOURLY_ACCRUAL_SUM; 24 rows expected
2023-02-09,24,1.0045481522249199e-05,HOURLY_ACCRUAL_SUM; 24 rows expected
2023-02-10,24,-2.009379156391143e-06,HOURLY_ACCRUAL_SUM; 24 rows expected
2023-02-11,24,-2.6706964570108177e-06,HOURLY_ACCRUAL_SUM; 24 rows expected
2023-02-12,24,-1.4239023706659969e-05,HOURLY_ACCRUAL_SUM; 24 rows expected
2023-02-13,24,-1.0589995307715923e-05,HOURLY_ACCRUAL_SUM; 24 rows expected
2023-02-14,24,-1.4434349286564698e-05,HOURLY_ACCRUAL_SUM; 24 rows expected
2023-02-15,24,0.00014365090198350402,HOURLY_ACCRUAL_SUM; 24 rows expected
2023-02-16,24,0.0016050631951200131,HOURLY_ACCRUAL_SUM; 24 rows expected
2023-02-17,24,0.00047495651896223995,HOURLY_ACCRUAL_SUM; 24 rows expected
2023-02-18,24,0.0016718951824244753,HOURLY_ACCRUAL_SUM; 24 rows expected
2023-02-19,24,0.0008344426599455949,HOURLY_ACCRUAL_SUM; 24 rows expected
2023-02-20,24,0.0005083300968015104,HOURLY_ACCRUAL_SUM; 24 rows expected
2023-02-21,24,0.00018568267258670232,HOURLY_ACCRUAL_SUM; 24 rows expected
2023-02-22,24,9.817264319804113e-06,HOURLY_ACCRUAL_SUM; 24 rows expected
2023-02-23,24,4.4903431214243695e-05,HOURLY_ACCRUAL_SUM; 24 rows expected
2023-02-24,24,2.7342837085552845e-05,HOURLY_ACCRUAL_SUM; 24 rows expected
2023-02-25,24,4.566959225783423e-06,HOURLY_ACCRUAL_SUM; 24 rows expected
2023-02-26,24,3.2109044379354216e-06,HOURLY_ACCRUAL_SUM; 24 rows expected
2023-02-27,24,8.002161633574716e-06,HOURLY_ACCRUAL_SUM; 24 rows expected
2023-02-28,24,1.3283803522922086e-07,HOURLY_ACCRUAL_SUM; 24 rows expected
2023-03-01,24,1.6457608007250976e-05,HOURLY_ACCRUAL_SUM; 24 rows expected
2023-03-02,24,1.1649896425566553e-05,HOURLY_ACCRUAL_SUM; 24 rows expected
2023-03-03,24,-1.5231171298126232e-05,HOURLY_ACCRUAL_SUM; 24 rows expected
2023-03-04,24,-5.728757776533309e-06,HOURLY_ACCRUAL_SUM; 24 rows expected
2023-03-05,24,-4.395944468657355e-06,HOURLY_ACCRUAL_SUM; 24 rows expected
2023-03-06,24,-1.2516835084417597e-05,HOURLY_ACCRUAL_SUM; 24 rows expected
2023-03-07,24,-3.084940182295515e-07,HOURLY_ACCRUAL_SUM; 24 rows expected
2023-03-08,24,-1.6982711487970907e-06,HOURLY_ACCRUAL_SUM; 24 rows expected
2023-03-09,24,-2.332526619640633e-06,HOURLY_ACCRUAL_SUM; 24 rows expected
2023-03-10,24,-0.0001294378085557721,HOURLY_ACCRUAL_SUM; 24 rows expected
2023-03-11,24,-0.002998348565906191,HOURLY_ACCRUAL_SUM; 24 rows expected
2023-03-12,24,-0.00461512780709089,HOURLY_ACCRUAL_SUM; 24 rows expected
2023-03-13,24,-0.0006956632253429411,HOURLY_ACCRUAL_SUM; 24 rows expected
2023-03-14,24,0.00031614686585167584,HOURLY_ACCRUAL_SUM; 24 rows expected
2023-03-15,24,4.488003615713068e-05,HOURLY_ACCRUAL_SUM; 24 rows expected
2023-03-16,24,-0.00019960299014434925,HOURLY_ACCRUAL_SUM; 24 rows expected
2023-03-17,24,0.0004893386918172841,HOURLY_ACCRUAL_SUM; 24 rows expected
2023-03-18,24,0.00016642723953914766,HOURLY_ACCRUAL_SUM; 24 rows expected
2023-03-19,24,0.00027356209918407814,HOURLY_ACCRUAL_SUM; 24 rows expected
2023-03-20,24,0.00012634399070169527,HOURLY_ACCRUAL_SUM; 24 rows expected
2023-03-21,24,9.414773255553029e-05,HOURLY_ACCRUAL_SUM; 24 rows expected
2023-03-22,24,4.818525682432914e-05,HOURLY_ACCRUAL_SUM; 24 rows expected
2023-03-23,24,4.4770713624174076e-05,HOURLY_ACCRUAL_SUM; 24 rows expected
2023-03-24,24,8.80138911356906e-05,HOURLY_ACCRUAL_SUM; 24 rows expected
2023-03-25,24,-3.7994045537322218e-06,HOURLY_ACCRUAL_SUM; 24 rows expected
2023-03-26,24,2.1262454802585418e-05,HOURLY_ACCRUAL_SUM; 24 rows expected
2023-03-27,24,4.240653992362689e-06,HOURLY_ACCRUAL_SUM; 24 rows expected
2023-03-28,24,3.318925627452126e-05,HOURLY_ACCRUAL_SUM; 24 rows expected
2023-03-29,24,0.00046089352230497285,HOURLY_ACCRUAL_SUM; 24 rows expected
2023-03-30,24,0.0004957374639528641,HOURLY_ACCRUAL_SUM; 24 rows expected
2023-03-31,24,-1.05289161195137e-06,HOURLY_ACCRUAL_SUM; 24 rows expected
2023-04-01,24,1.63686953096148e-06,HOURLY_ACCRUAL_SUM; 24 rows expected
2023-04-02,24,1.2876910191627645e-08,HOURLY_ACCRUAL_SUM; 24 rows expected
2023-04-03,24,-4.9054240500979776e-05,HOURLY_ACCRUAL_SUM; 24 rows expected
2023-04-04,24,-6.244300427223425e-07,HOURLY_ACCRUAL_SUM; 24 rows expected
2023-04-05,24,3.944280196251871e-06,HOURLY_ACCRUAL_SUM; 24 rows expected
2023-04-06,24,-3.9228520639895365e-06,HOURLY_ACCRUAL_SUM; 24 rows expected
2023-04-07,24,-9.320224496086178e-05,HOURLY_ACCRUAL_SUM; 24 rows expected
2023-04-08,24,-0.0001482503498139659,HOURLY_ACCRUAL_SUM; 24 rows expected
2023-04-09,24,-6.99318729828606e-05,HOURLY_ACCRUAL_SUM; 24 rows expected
2023-04-10,24,7.40732499888039e-05,HOURLY_ACCRUAL_SUM; 24 rows expected
2023-04-11,24,0.0003444593002791073,HOURLY_ACCRUAL_SUM; 24 rows expected
2023-04-12,24,2.1660793547026378e-05,HOURLY_ACCRUAL_SUM; 24 rows expected
2023-04-13,24,0.00036334860902383163,HOURLY_ACCRUAL_SUM; 24 rows expected
2023-04-14,24,0.00035475976608559227,HOURLY_ACCRUAL_SUM; 24 rows expected
2023-04-15,24,4.048515130148275e-06,HOURLY_ACCRUAL_SUM; 24 rows expected
2023-04-16,24,2.4428400007136694e-05,HOURLY_ACCRUAL_SUM; 24 rows expected
2023-04-17,24,-1.7240494617996782e-05,HOURLY_ACCRUAL_SUM; 24 rows expected
2023-04-18,24,-5.498853592999477e-06,HOURLY_ACCRUAL_SUM; 24 rows expected
2023-04-19,24,-2.007023940815344e-06,HOURLY_ACCRUAL_SUM; 24 rows expected
2023-04-20,24,-4.634168196661098e-05,HOURLY_ACCRUAL_SUM; 24 rows expected
2023-04-21,24,-1.6382237972699543e-05,HOURLY_ACCRUAL_SUM; 24 rows expected
2023-04-22,24,-7.790075254587582e-06,HOURLY_ACCRUAL_SUM; 24 rows expected
2023-04-23,24,-3.815270579778396e-06,HOURLY_ACCRUAL_SUM; 24 rows expected
2023-04-24,24,-2.576372951914861e-06,HOURLY_ACCRUAL_SUM; 24 rows expected
2023-04-25,24,8.34974065243252e-09,HOURLY_ACCRUAL_SUM; 24 rows expected
2023-04-26,24,-2.475116978873058e-06,HOURLY_ACCRUAL_SUM; 24 rows expected
2023-04-27,24,1.9642355069414739e-07,HOURLY_ACCRUAL_SUM; 24 rows expected
2023-04-28,24,3.0628522645618805e-08,HOURLY_ACCRUAL_SUM; 24 rows expected
2023-04-29,24,0.0,HOURLY_ACCRUAL_SUM; 24 rows expected
2023-04-30,24,4.011420170908205e-07,HOURLY_ACCRUAL_SUM; 24 rows expected
2023-05-01,24,6.912089009872289e-06,HOURLY_ACCRUAL_SUM; 24 rows expected
2023-05-02,24,-2.6214003306248774e-07,HOURLY_ACCRUAL_SUM; 24 rows expected
2023-05-03,24,7.99000651475782e-07,HOURLY_ACCRUAL_SUM; 24 rows expected
2023-05-04,24,2.3414598900163132e-05,HOURLY_ACCRUAL_SUM; 24 rows expected
2023-05-05,24,-1.0044175802720112e-07,HOURLY_ACCRUAL_SUM; 24 rows expected
2023-05-06,24,-2.7602312072268607e-07,HOURLY_ACCRUAL_SUM; 24 rows expected
2023-05-07,24,2.0837428509283878e-06,HOURLY_ACCRUAL_SUM; 24 rows expected
2023-05-08,24,-1.326075570482278e-05,HOURLY_ACCRUAL_SUM; 24 rows expected
2023-05-09,24,-2.250696193481037e-07,HOURLY_ACCRUAL_SUM; 24 rows expected
2023-05-10,24,-4.468355854548748e-06,HOURLY_ACCRUAL_SUM; 24 rows expected
2023-05-11,24,-8.986963302174476e-07,HOURLY_ACCRUAL_SUM; 24 rows expected
2023-05-12,24,-4.363070158563285e-06,HOURLY_ACCRUAL_SUM; 24 rows expected
2023-05-13,24,0.0,HOURLY_ACCRUAL_SUM; 24 rows expected
2023-05-14,24,3.6637755162411293e-08,HOURLY_ACCRUAL_SUM; 24 rows expected
2023-05-15,24,2.04905971792264e-05,HOURLY_ACCRUAL_SUM; 24 rows expected
2023-05-16,24,3.2894948080193905e-06,HOURLY_ACCRUAL_SUM; 24 rows expected
2023-05-17,24,2.7547447493503572e-05,HOURLY_ACCRUAL_SUM; 24 rows expected
2023-05-18,24,6.50735628747602e-06,HOURLY_ACCRUAL_SUM; 24 rows expected
2023-05-19,24,-1.7024991922402548e-05,HOURLY_ACCRUAL_SUM; 24 rows expected
2023-05-20,24,4.24629950035158e-05,HOURLY_ACCRUAL_SUM; 24 rows expected
2023-05-21,24,8.723114143024137e-05,HOURLY_ACCRUAL_SUM; 24 rows expected
2023-05-22,24,0.00019674848274791197,HOURLY_ACCRUAL_SUM; 24 rows expected
2023-05-23,24,0.0004224410083611988,HOURLY_ACCRUAL_SUM; 24 rows expected
2023-05-24,24,2.8656791042625905e-05,HOURLY_ACCRUAL_SUM; 24 rows expected
2023-05-25,24,8.77947831241923e-08,HOURLY_ACCRUAL_SUM; 24 rows expected
2023-05-26,24,1.478575138920538e-05,HOURLY_ACCRUAL_SUM; 24 rows expected
2023-05-27,24,5.931495318128459e-07,HOURLY_ACCRUAL_SUM; 24 rows expected
2023-05-28,24,0.00026405116930853297,HOURLY_ACCRUAL_SUM; 24 rows expected
2023-05-29,24,0.00024652974460754505,HOURLY_ACCRUAL_SUM; 24 rows expected
2023-05-30,24,0.00024525639251943006,HOURLY_ACCRUAL_SUM; 24 rows expected
2023-05-31,24,0.00010186447601291273,HOURLY_ACCRUAL_SUM; 24 rows expected
2023-06-01,24,4.929960982237071e-05,HOURLY_ACCRUAL_SUM; 24 rows expected
2023-06-02,24,0.00026236401015051884,HOURLY_ACCRUAL_SUM; 24 rows expected
2023-06-03,24,0.0001683767227838132,HOURLY_ACCRUAL_SUM; 24 rows expected
2023-06-04,24,0.0003544802658332578,HOURLY_ACCRUAL_SUM; 24 rows expected
2023-06-05,24,4.498319343863766e-05,HOURLY_ACCRUAL_SUM; 24 rows expected
2023-06-06,24,0.0001612127938945767,HOURLY_ACCRUAL_SUM; 24 rows expected
2023-06-07,24,0.0003954609418808265,HOURLY_ACCRUAL_SUM; 24 rows expected
2023-06-08,24,0.00019709229768195868,HOURLY_ACCRUAL_SUM; 24 rows expected
2023-06-09,24,0.0002641513482105712,HOURLY_ACCRUAL_SUM; 24 rows expected
2023-06-10,24,8.085593175950723e-05,HOURLY_ACCRUAL_SUM; 24 rows expected
2023-06-11,24,2.623262991600533e-05,HOURLY_ACCRUAL_SUM; 24 rows expected
2023-06-12,24,0.00016671944104687392,HOURLY_ACCRUAL_SUM; 24 rows expected
2023-06-13,24,0.0005341096822078854,HOURLY_ACCRUAL_SUM; 24 rows expected
2023-06-14,24,0.00022389669603264012,HOURLY_ACCRUAL_SUM; 24 rows expected
2023-06-15,24,0.0003882604738543422,HOURLY_ACCRUAL_SUM; 24 rows expected
2023-06-16,24,0.0007238182511367657,HOURLY_ACCRUAL_SUM; 24 rows expected
2023-06-17,24,0.0005350380927409413,HOURLY_ACCRUAL_SUM; 24 rows expected
2023-06-18,24,0.0005094621583338513,HOURLY_ACCRUAL_SUM; 24 rows expected
2023-06-19,24,0.0002485386726303552,HOURLY_ACCRUAL_SUM; 24 rows expected
2023-06-20,24,0.0005454510859524037,HOURLY_ACCRUAL_SUM; 24 rows expected
2023-06-21,24,0.0010998914594711042,HOURLY_ACCRUAL_SUM; 24 rows expected
2023-06-22,24,0.00033925810548521496,HOURLY_ACCRUAL_SUM; 24 rows expected
2023-06-23,24,0.00020948876705419197,HOURLY_ACCRUAL_SUM; 24 rows expected
2023-06-24,24,0.00010238332118304105,HOURLY_ACCRUAL_SUM; 24 rows expected
2023-06-25,24,0.0005626230974551318,HOURLY_ACCRUAL_SUM; 24 rows expected
2023-06-26,24,0.00025945502603754285,HOURLY_ACCRUAL_SUM; 24 rows expected
2023-06-27,24,0.00013776346143780748,HOURLY_ACCRUAL_SUM; 24 rows expected
2023-06-28,24,9.584035446994212e-05,HOURLY_ACCRUAL_SUM; 24 rows expected
2023-06-29,24,0.0004155555680913732,HOURLY_ACCRUAL_SUM; 24 rows expected
2023-06-30,24,0.0004733790682871354,HOURLY_ACCRUAL_SUM; 24 rows expected
2023-07-01,24,0.00045780221926886743,HOURLY_ACCRUAL_SUM; 24 rows expected
2023-07-02,24,0.0006477355726191905,HOURLY_ACCRUAL_SUM; 24 rows expected
2023-07-03,24,0.0006436208283188494,HOURLY_ACCRUAL_SUM; 24 rows expected
2023-07-04,24,0.000242068049625705,HOURLY_ACCRUAL_SUM; 24 rows expected
2023-07-05,24,0.0001937150936283231,HOURLY_ACCRUAL_SUM; 24 rows expected
2023-07-06,24,0.00017164189895435474,HOURLY_ACCRUAL_SUM; 24 rows expected
2023-07-07,24,2.0484798241818117e-05,HOURLY_ACCRUAL_SUM; 24 rows expected
2023-07-08,24,4.832300970809639e-05,HOURLY_ACCRUAL_SUM; 24 rows expected
2023-07-09,24,1.6257276314804154e-05,HOURLY_ACCRUAL_SUM; 24 rows expected
2023-07-10,24,0.00010327603546110957,HOURLY_ACCRUAL_SUM; 24 rows expected
2023-07-11,24,0.00030752644406506,HOURLY_ACCRUAL_SUM; 24 rows expected
2023-07-12,24,0.0003209273227359956,HOURLY_ACCRUAL_SUM; 24 rows expected
2023-07-13,24,0.00021989677517472307,HOURLY_ACCRUAL_SUM; 24 rows expected
2023-07-14,24,0.00047886301378575775,HOURLY_ACCRUAL_SUM; 24 rows expected
2023-07-15,24,0.0,HOURLY_ACCRUAL_SUM; 24 rows expected
2023-07-16,24,2.4533654369660496e-06,HOURLY_ACCRUAL_SUM; 24 rows expected
2023-07-17,24,8.446848269344428e-07,HOURLY_ACCRUAL_SUM; 24 rows expected
2023-07-18,24,3.626748319976731e-05,HOURLY_ACCRUAL_SUM; 24 rows expected
2023-07-19,24,6.624111996836512e-05,HOURLY_ACCRUAL_SUM; 24 rows expected
2023-07-20,24,0.0001975688369750645,HOURLY_ACCRUAL_SUM; 24 rows expected
2023-07-21,24,1.8880439991391034e-05,HOURLY_ACCRUAL_SUM; 24 rows expected
2023-07-22,24,0.0,HOURLY_ACCRUAL_SUM; 24 rows expected
2023-07-23,24,5.202875695231825e-07,HOURLY_ACCRUAL_SUM; 24 rows expected
2023-07-24,24,3.0011375877939354e-05,HOURLY_ACCRUAL_SUM; 24 rows expected
2023-07-25,24,5.523748581141614e-07,HOURLY_ACCRUAL_SUM; 24 rows expected
2023-07-26,24,4.0855593839870586e-07,HOURLY_ACCRUAL_SUM; 24 rows expected
2023-07-27,24,4.694984280386569e-05,HOURLY_ACCRUAL_SUM; 24 rows expected
2023-07-28,24,5.854496441255016e-05,HOURLY_ACCRUAL_SUM; 24 rows expected
2023-07-29,24,5.712274565080608e-05,HOURLY_ACCRUAL_SUM; 24 rows expected
2023-07-30,24,0.00016372991161359547,HOURLY_ACCRUAL_SUM; 24 rows expected
2023-07-31,24,0.00013300445446787107,HOURLY_ACCRUAL_SUM; 24 rows expected
2023-08-01,24,0.0002249365560942422,HOURLY_ACCRUAL_SUM; 24 rows expected
2023-08-02,24,0.0007334382852148293,HOURLY_ACCRUAL_SUM; 24 rows expected
2023-08-03,24,0.0006592026713675315,HOURLY_ACCRUAL_SUM; 24 rows expected
2023-08-04,24,0.00035159521958218746,HOURLY_ACCRUAL_SUM; 24 rows expected
2023-08-05,24,0.00027955814314718563,HOURLY_ACCRUAL_SUM; 24 rows expected
2023-08-06,24,0.0005447925796103752,HOURLY_ACCRUAL_SUM; 24 rows expected
2023-08-07,24,0.0006621226995842834,HOURLY_ACCRUAL_SUM; 24 rows expected
2023-08-08,24,0.00048188825371757145,HOURLY_ACCRUAL_SUM; 24 rows expected
2023-08-09,24,0.0005403852864150313,HOURLY_ACCRUAL_SUM; 24 rows expected
2023-08-10,24,0.0003479692647241291,HOURLY_ACCRUAL_SUM; 24 rows expected
2023-08-11,24,0.00022885071285585248,HOURLY_ACCRUAL_SUM; 24 rows expected
2023-08-12,24,0.000232892837549387,HOURLY_ACCRUAL_SUM; 24 rows expected
2023-08-13,24,0.0002925077814997301,HOURLY_ACCRUAL_SUM; 24 rows expected
2023-08-14,24,0.0005960428303697354,HOURLY_ACCRUAL_SUM; 24 rows expected
2023-08-15,24,0.0006831146706258811,HOURLY_ACCRUAL_SUM; 24 rows expected
2023-08-16,24,0.00033885093896965043,HOURLY_ACCRUAL_SUM; 24 rows expected
2023-08-17,24,-0.00031771501185187386,HOURLY_ACCRUAL_SUM; 24 rows expected
2023-08-18,24,-9.539709456040391e-05,HOURLY_ACCRUAL_SUM; 24 rows expected
2023-08-19,24,-2.0489483762810318e-05,HOURLY_ACCRUAL_SUM; 24 rows expected
2023-08-20,24,-5.177016502946673e-06,HOURLY_ACCRUAL_SUM; 24 rows expected
2023-08-21,24,7.982642830390936e-06,HOURLY_ACCRUAL_SUM; 24 rows expected
2023-08-22,24,3.0606477038045245e-06,HOURLY_ACCRUAL_SUM; 24 rows expected
2023-08-23,24,8.782364989228004e-05,HOURLY_ACCRUAL_SUM; 24 rows expected
2023-08-24,24,8.054748738964468e-05,HOURLY_ACCRUAL_SUM; 24 rows expected
2023-08-25,24,9.259152633992018e-05,HOURLY_ACCRUAL_SUM; 24 rows expected
2023-08-26,24,2.158498612460664e-05,HOURLY_ACCRUAL_SUM; 24 rows expected
2023-08-27,24,2.5258671899277597e-05,HOURLY_ACCRUAL_SUM; 24 rows expected
2023-08-28,24,-1.3382446645577604e-05,HOURLY_ACCRUAL_SUM; 24 rows expected
2023-08-29,24,-6.825834660974745e-05,HOURLY_ACCRUAL_SUM; 24 rows expected
2023-08-30,24,7.465476341582788e-07,HOURLY_ACCRUAL_SUM; 24 rows expected
2023-08-31,24,1.5188730464115618e-05,HOURLY_ACCRUAL_SUM; 24 rows expected
2023-09-01,24,2.0045696025320065e-06,HOURLY_ACCRUAL_SUM; 24 rows expected
2023-09-02,24,-1.4508660756018752e-05,HOURLY_ACCRUAL_SUM; 24 rows expected
2023-09-03,24,1.8905085727116652e-05,HOURLY_ACCRUAL_SUM; 24 rows expected
2023-09-04,24,5.681317590254772e-05,HOURLY_ACCRUAL_SUM; 24 rows expected
2023-09-05,24,0.00011645548256724914,HOURLY_ACCRUAL_SUM; 24 rows expected
2023-09-06,24,5.231637280704063e-05,HOURLY_ACCRUAL_SUM; 24 rows expected
2023-09-07,24,0.00010443774905560367,HOURLY_ACCRUAL_SUM; 24 rows expected
2023-09-08,24,4.564304654187462e-05,HOURLY_ACCRUAL_SUM; 24 rows expected
2023-09-09,24,1.909148410791508e-06,HOURLY_ACCRUAL_SUM; 24 rows expected
2023-09-10,24,-5.919947264246931e-06,HOURLY_ACCRUAL_SUM; 24 rows expected
2023-09-11,24,1.650395175284721e-05,HOURLY_ACCRUAL_SUM; 24 rows expected
2023-09-12,24,3.4498233587813975e-05,HOURLY_ACCRUAL_SUM; 24 rows expected
2023-09-13,24,5.516357319074646e-05,HOURLY_ACCRUAL_SUM; 24 rows expected
2023-09-14,24,5.033587702974091e-05,HOURLY_ACCRUAL_SUM; 24 rows expected
2023-09-15,24,6.266240934738488e-05,HOURLY_ACCRUAL_SUM; 24 rows expected
2023-09-16,24,1.167354682528349e-05,HOURLY_ACCRUAL_SUM; 24 rows expected
2023-09-17,24,5.78297619700825e-06,HOURLY_ACCRUAL_SUM; 24 rows expected
2023-09-18,24,3.08885181463416e-05,HOURLY_ACCRUAL_SUM; 24 rows expected
2023-09-19,24,2.8641004432751454e-05,HOURLY_ACCRUAL_SUM; 24 rows expected
2023-09-20,24,3.6932242303917576e-05,HOURLY_ACCRUAL_SUM; 24 rows expected
2023-09-21,24,2.1074308798395334e-05,HOURLY_ACCRUAL_SUM; 24 rows expected
2023-09-22,24,5.200019526560918e-05,HOURLY_ACCRUAL_SUM; 24 rows expected
2023-09-23,24,1.831861165278277e-05,HOURLY_ACCRUAL_SUM; 24 rows expected
2023-09-24,24,6.898271092496552e-06,HOURLY_ACCRUAL_SUM; 24 rows expected
2023-09-25,24,2.8009453931433504e-05,HOURLY_ACCRUAL_SUM; 24 rows expected
2023-09-26,24,9.30161697051657e-05,HOURLY_ACCRUAL_SUM; 24 rows expected
2023-09-27,24,0.00048823644331906724,HOURLY_ACCRUAL_SUM; 24 rows expected
2023-09-28,24,0.0002686218243758176,HOURLY_ACCRUAL_SUM; 24 rows expected
2023-09-29,24,0.0003009564505292544,HOURLY_ACCRUAL_SUM; 24 rows expected
2023-09-30,24,0.00010755033193229797,HOURLY_ACCRUAL_SUM; 24 rows expected
2023-10-01,24,0.00028596704899137095,HOURLY_ACCRUAL_SUM; 24 rows expected
2023-10-02,24,0.0004847950175344961,HOURLY_ACCRUAL_SUM; 24 rows expected
2023-10-03,24,0.0002662141014406542,HOURLY_ACCRUAL_SUM; 24 rows expected
2023-10-04,24,9.566411590040022e-05,HOURLY_ACCRUAL_SUM; 24 rows expected
2023-10-05,24,9.782927764070894e-05,HOURLY_ACCRUAL_SUM; 24 rows expected
2023-10-06,24,5.1978621006364594e-05,HOURLY_ACCRUAL_SUM; 24 rows expected
2023-10-07,24,0.00012430124676207012,HOURLY_ACCRUAL_SUM; 24 rows expected
2023-10-08,24,8.197618872297513e-06,HOURLY_ACCRUAL_SUM; 24 rows expected
2023-10-09,24,0.00012051303573889347,HOURLY_ACCRUAL_SUM; 24 rows expected
2023-10-10,24,5.9361536827926495e-05,HOURLY_ACCRUAL_SUM; 24 rows expected
2023-10-11,24,0.0002758798029260834,HOURLY_ACCRUAL_SUM; 24 rows expected
2023-10-12,24,0.00027585719722596127,HOURLY_ACCRUAL_SUM; 24 rows expected
2023-10-13,24,0.0005689697105421305,HOURLY_ACCRUAL_SUM; 24 rows expected
2023-10-14,24,0.00032121672527300857,HOURLY_ACCRUAL_SUM; 24 rows expected
2023-10-15,24,0.0002988117194986408,HOURLY_ACCRUAL_SUM; 24 rows expected
2023-10-16,24,0.00023478806362600585,HOURLY_ACCRUAL_SUM; 24 rows expected
2023-10-17,24,7.224406015795092e-05,HOURLY_ACCRUAL_SUM; 24 rows expected
2023-10-18,24,4.03731026316888e-06,HOURLY_ACCRUAL_SUM; 24 rows expected
2023-10-19,24,-1.6619333821717655e-05,HOURLY_ACCRUAL_SUM; 24 rows expected
2023-10-20,24,0.00017478488366789397,HOURLY_ACCRUAL_SUM; 24 rows expected
2023-10-21,24,0.0001374190035380701,HOURLY_ACCRUAL_SUM; 24 rows expected
2023-10-22,24,0.0005850843342950863,HOURLY_ACCRUAL_SUM; 24 rows expected
2023-10-23,24,0.0008447757813310935,HOURLY_ACCRUAL_SUM; 24 rows expected
2023-10-24,24,0.001025946062674053,HOURLY_ACCRUAL_SUM; 24 rows expected
2023-10-25,24,0.0006166767318833835,HOURLY_ACCRUAL_SUM; 24 rows expected
2023-10-26,24,0.0006423560340722686,HOURLY_ACCRUAL_SUM; 24 rows expected
2023-10-27,24,0.0005487990265821318,HOURLY_ACCRUAL_SUM; 24 rows expected
2023-10-28,24,0.0008997951903211022,HOURLY_ACCRUAL_SUM; 24 rows expected
2023-10-29,24,0.00122846048926996,HOURLY_ACCRUAL_SUM; 24 rows expected
2023-10-30,24,0.0006754926661943583,HOURLY_ACCRUAL_SUM; 24 rows expected
2023-10-31,24,0.0003763578031077067,HOURLY_ACCRUAL_SUM; 24 rows expected
2023-11-01,24,0.0007378625176627575,HOURLY_ACCRUAL_SUM; 24 rows expected
2023-11-02,24,0.000946866692594646,HOURLY_ACCRUAL_SUM; 24 rows expected
2023-11-03,24,0.0002740354564227795,HOURLY_ACCRUAL_SUM; 24 rows expected
2023-11-04,24,0.00046061978222164244,HOURLY_ACCRUAL_SUM; 24 rows expected
2023-11-05,24,0.001091734513517403,HOURLY_ACCRUAL_SUM; 24 rows expected
2023-11-06,24,0.000531130550607377,HOURLY_ACCRUAL_SUM; 24 rows expected
2023-11-07,24,0.00019604774938774378,HOURLY_ACCRUAL_SUM; 24 rows expected
2023-11-08,24,0.0001552956568830158,HOURLY_ACCRUAL_SUM; 24 rows expected
2023-11-09,24,0.0005170010013012871,HOURLY_ACCRUAL_SUM; 24 rows expected
2023-11-10,24,0.0006033568625461595,HOURLY_ACCRUAL_SUM; 24 rows expected
2023-11-11,24,0.00011929819488941728,HOURLY_ACCRUAL_SUM; 24 rows expected
2023-11-12,24,0.0006399292435081217,HOURLY_ACCRUAL_SUM; 24 rows expected
2023-11-13,24,0.00022997573378168856,HOURLY_ACCRUAL_SUM; 24 rows expected
2023-11-14,24,0.00011044580080934962,HOURLY_ACCRUAL_SUM; 24 rows expected
2023-11-15,24,8.806576122512894e-05,HOURLY_ACCRUAL_SUM; 24 rows expected
2023-11-16,24,0.0002354852221342299,HOURLY_ACCRUAL_SUM; 24 rows expected
2023-11-17,24,7.258756971595262e-05,HOURLY_ACCRUAL_SUM; 24 rows expected
2023-11-18,24,-8.314402726672972e-06,HOURLY_ACCRUAL_SUM; 24 rows expected
2023-11-19,24,8.689259896435377e-07,HOURLY_ACCRUAL_SUM; 24 rows expected
2023-11-20,24,6.108115172503138e-05,HOURLY_ACCRUAL_SUM; 24 rows expected
2023-11-21,24,-4.2109154521215386e-06,HOURLY_ACCRUAL_SUM; 24 rows expected
2023-11-22,24,6.838826426546428e-05,HOURLY_ACCRUAL_SUM; 24 rows expected
2023-11-23,24,0.0002898999190014229,HOURLY_ACCRUAL_SUM; 24 rows expected
2023-11-24,24,0.0004724879480902286,HOURLY_ACCRUAL_SUM; 24 rows expected
2023-11-25,24,9.976680294285594e-05,HOURLY_ACCRUAL_SUM; 24 rows expected
2023-11-26,24,0.0003502442775528141,HOURLY_ACCRUAL_SUM; 24 rows expected
2023-11-27,24,9.014958856047096e-05,HOURLY_ACCRUAL_SUM; 24 rows expected
2023-11-28,24,3.159438995030206e-05,HOURLY_ACCRUAL_SUM; 24 rows expected
2023-11-29,24,0.00010151393871357176,HOURLY_ACCRUAL_SUM; 24 rows expected
2023-11-30,24,6.913746389657946e-05,HOURLY_ACCRUAL_SUM; 24 rows expected
2023-12-01,24,0.0005493536578684177,HOURLY_ACCRUAL_SUM; 24 rows expected
2023-12-02,24,0.000492010791714528,HOURLY_ACCRUAL_SUM; 24 rows expected
2023-12-03,24,0.0006270291484272168,HOURLY_ACCRUAL_SUM; 24 rows expected
2023-12-04,24,0.0006477332093191472,HOURLY_ACCRUAL_SUM; 24 rows expected
2023-12-05,24,0.0002878172718477677,HOURLY_ACCRUAL_SUM; 24 rows expected
2023-12-06,24,1.552977896197249e-05,HOURLY_ACCRUAL_SUM; 24 rows expected
2023-12-07,24,8.512623560654252e-05,HOURLY_ACCRUAL_SUM; 24 rows expected
2023-12-08,24,0.00030541596888181155,HOURLY_ACCRUAL_SUM; 24 rows expected
2023-12-09,24,0.0003247129589516779,HOURLY_ACCRUAL_SUM; 24 rows expected
2023-12-10,24,0.00013686713605268048,HOURLY_ACCRUAL_SUM; 24 rows expected
2023-12-11,24,0.0003910236113885738,HOURLY_ACCRUAL_SUM; 24 rows expected
2023-12-12,24,0.0004740051749207865,HOURLY_ACCRUAL_SUM; 24 rows expected
2023-12-13,24,0.0004068307377673126,HOURLY_ACCRUAL_SUM; 24 rows expected
2023-12-14,24,0.0002281966393177823,HOURLY_ACCRUAL_SUM; 24 rows expected
2023-12-15,24,0.0005482440052095819,HOURLY_ACCRUAL_SUM; 24 rows expected
2023-12-16,24,0.0008119584883820904,HOURLY_ACCRUAL_SUM; 24 rows expected
2023-12-17,24,0.0008645597092587357,HOURLY_ACCRUAL_SUM; 24 rows expected
2023-12-18,24,0.0003772201210826825,HOURLY_ACCRUAL_SUM; 24 rows expected
2023-12-19,24,0.0005776605522686072,HOURLY_ACCRUAL_SUM; 24 rows expected
2023-12-20,24,0.0002030555254593237,HOURLY_ACCRUAL_SUM; 24 rows expected
2023-12-21,24,0.0008714811611355009,HOURLY_ACCRUAL_SUM; 24 rows expected
2023-12-22,24,0.0007821406008284223,HOURLY_ACCRUAL_SUM; 24 rows expected
2023-12-23,24,8.400053553797454e-05,HOURLY_ACCRUAL_SUM; 24 rows expected
2023-12-24,24,0.00039138024899666024,HOURLY_ACCRUAL_SUM; 24 rows expected
2023-12-25,24,0.000835967147263177,HOURLY_ACCRUAL_SUM; 24 rows expected
2023-12-26,24,0.001297012535875441,HOURLY_ACCRUAL_SUM; 24 rows expected
2023-12-27,24,0.0011787727277905943,HOURLY_ACCRUAL_SUM; 24 rows expected
2023-12-28,24,0.0015995758432142623,HOURLY_ACCRUAL_SUM; 24 rows expected
2023-12-29,24,0.0008132352969736187,HOURLY_ACCRUAL_SUM; 24 rows expected
2023-12-30,24,0.0014253441926183451,HOURLY_ACCRUAL_SUM; 24 rows expected
2023-12-31,24,0.0012621985311116403,HOURLY_ACCRUAL_SUM; 24 rows expected
2024-01-01,24,0.0012500052801855618,HOURLY_ACCRUAL_SUM; 24 rows expected
2024-01-02,24,0.0010881550843712833,HOURLY_ACCRUAL_SUM; 24 rows expected
2024-01-03,24,0.0003996194964664429,HOURLY_ACCRUAL_SUM; 24 rows expected
2024-01-04,24,0.0003238793052250671,HOURLY_ACCRUAL_SUM; 24 rows expected
2024-01-05,24,0.0001838084917351642,HOURLY_ACCRUAL_SUM; 24 rows expected
2024-01-06,24,5.704660883511693e-05,HOURLY_ACCRUAL_SUM; 24 rows expected
2024-01-07,24,7.943044231769437e-05,HOURLY_ACCRUAL_SUM; 24 rows expected
2024-01-08,24,0.0003511767603411869,HOURLY_ACCRUAL_SUM; 24 rows expected
2024-01-09,24,0.0002103631403549343,HOURLY_ACCRUAL_SUM; 24 rows expected
2024-01-10,24,0.0002668252739640144,HOURLY_ACCRUAL_SUM; 24 rows expected
2024-01-11,24,0.00048704135534240764,HOURLY_ACCRUAL_SUM; 24 rows expected
2024-01-12,24,0.00045119099652570144,HOURLY_ACCRUAL_SUM; 24 rows expected
2024-01-13,24,-1.3414238783909343e-05,HOURLY_ACCRUAL_SUM; 24 rows expected
2024-01-14,24,2.731050245884442e-05,HOURLY_ACCRUAL_SUM; 24 rows expected
2024-01-15,24,0.0002665692647991433,HOURLY_ACCRUAL_SUM; 24 rows expected
2024-01-16,24,0.00023260224269413364,HOURLY_ACCRUAL_SUM; 24 rows expected
2024-01-17,24,0.00011874379446508649,HOURLY_ACCRUAL_SUM; 24 rows expected
2024-01-18,24,0.00033780416587213003,HOURLY_ACCRUAL_SUM; 24 rows expected
2024-01-19,24,0.0002465862791656038,HOURLY_ACCRUAL_SUM; 24 rows expected
2024-01-20,24,8.656265168545135e-05,HOURLY_ACCRUAL_SUM; 24 rows expected
2024-01-21,24,0.00021474385644949744,HOURLY_ACCRUAL_SUM; 24 rows expected
2024-01-22,24,0.00019219209215132373,HOURLY_ACCRUAL_SUM; 24 rows expected
2024-01-23,24,0.00018905073920327616,HOURLY_ACCRUAL_SUM; 24 rows expected
2024-01-24,24,0.0002208050796600077,HOURLY_ACCRUAL_SUM; 24 rows expected
2024-01-25,24,0.0002736677721147589,HOURLY_ACCRUAL_SUM; 24 rows expected
2024-01-26,24,0.0003130964693025801,HOURLY_ACCRUAL_SUM; 24 rows expected
2024-01-27,24,5.344752335345836e-05,HOURLY_ACCRUAL_SUM; 24 rows expected
2024-01-28,24,8.454218655921644e-05,HOURLY_ACCRUAL_SUM; 24 rows expected
2024-01-29,24,0.00023746725854972974,HOURLY_ACCRUAL_SUM; 24 rows expected
2024-01-30,24,0.00030242175333510977,HOURLY_ACCRUAL_SUM; 24 rows expected
2024-01-31,24,0.0002480225376540447,HOURLY_ACCRUAL_SUM; 24 rows expected
2024-02-01,24,3.226397003441042e-05,HOURLY_ACCRUAL_SUM; 24 rows expected
2024-02-02,24,0.00015101715254550458,HOURLY_ACCRUAL_SUM; 24 rows expected
2024-02-03,24,0.00018307352805286393,HOURLY_ACCRUAL_SUM; 24 rows expected
2024-02-04,24,1.594268406054867e-05,HOURLY_ACCRUAL_SUM; 24 rows expected
2024-02-05,24,0.00038454247455239747,HOURLY_ACCRUAL_SUM; 24 rows expected
2024-02-06,24,0.0002589772245380542,HOURLY_ACCRUAL_SUM; 24 rows expected
2024-02-07,24,0.00014854925864764068,HOURLY_ACCRUAL_SUM; 24 rows expected
2024-02-08,24,0.0006790234528193627,HOURLY_ACCRUAL_SUM; 24 rows expected
2024-02-09,24,0.0004930102698509132,HOURLY_ACCRUAL_SUM; 24 rows expected
2024-02-10,24,0.00026965413517164984,HOURLY_ACCRUAL_SUM; 24 rows expected
2024-02-11,24,0.0008963805037418534,HOURLY_ACCRUAL_SUM; 24 rows expected
2024-02-12,24,0.0007694374033843328,HOURLY_ACCRUAL_SUM; 24 rows expected
2024-02-13,24,0.00044727736526779837,HOURLY_ACCRUAL_SUM; 24 rows expected
2024-02-14,24,0.0005951118897290735,HOURLY_ACCRUAL_SUM; 24 rows expected
2024-02-15,24,0.0003590508459104771,HOURLY_ACCRUAL_SUM; 24 rows expected
2024-02-16,24,0.0007364769644809358,HOURLY_ACCRUAL_SUM; 24 rows expected
2024-02-17,24,0.0006791287653570072,HOURLY_ACCRUAL_SUM; 24 rows expected
2024-02-18,24,0.0010018939170112172,HOURLY_ACCRUAL_SUM; 24 rows expected
2024-02-19,24,0.0007233431827083592,HOURLY_ACCRUAL_SUM; 24 rows expected
2024-02-20,24,0.0004713781062532974,HOURLY_ACCRUAL_SUM; 24 rows expected
2024-02-21,24,0.00025553745613058395,HOURLY_ACCRUAL_SUM; 24 rows expected
2024-02-22,24,0.0007393174948294472,HOURLY_ACCRUAL_SUM; 24 rows expected
2024-02-23,24,5.23898688503989e-05,HOURLY_ACCRUAL_SUM; 24 rows expected
2024-02-24,24,0.0004461924750769688,HOURLY_ACCRUAL_SUM; 24 rows expected
2024-02-25,24,0.0005826754431791676,HOURLY_ACCRUAL_SUM; 24 rows expected
2024-02-26,24,0.0001955752119423618,HOURLY_ACCRUAL_SUM; 24 rows expected
2024-02-27,24,0.001210208373264868,HOURLY_ACCRUAL_SUM; 24 rows expected
2024-02-28,24,0.0014737579108649278,HOURLY_ACCRUAL_SUM; 24 rows expected
2024-02-29,24,0.0012376310136763757,HOURLY_ACCRUAL_SUM; 24 rows expected
2024-03-01,24,0.0006416375592815553,HOURLY_ACCRUAL_SUM; 24 rows expected
2024-03-02,24,0.0008553923555535879,HOURLY_ACCRUAL_SUM; 24 rows expected
2024-03-03,24,0.0013477508458063488,HOURLY_ACCRUAL_SUM; 24 rows expected
2024-03-04,24,0.0016422928835844893,HOURLY_ACCRUAL_SUM; 24 rows expected
2024-03-05,24,0.001703493245390321,HOURLY_ACCRUAL_SUM; 24 rows expected
2024-03-06,24,0.001277415399271912,HOURLY_ACCRUAL_SUM; 24 rows expected
2024-03-07,24,0.0009244448707196484,HOURLY_ACCRUAL_SUM; 24 rows expected
2024-03-08,24,0.000866185619502935,HOURLY_ACCRUAL_SUM; 24 rows expected
2024-03-09,24,0.00021988236776048783,HOURLY_ACCRUAL_SUM; 24 rows expected
2024-03-10,24,0.0012961795166329354,HOURLY_ACCRUAL_SUM; 24 rows expected
2024-03-11,24,0.0020592426924593288,HOURLY_ACCRUAL_SUM; 24 rows expected
2024-03-12,24,0.0009950521589484195,HOURLY_ACCRUAL_SUM; 24 rows expected
2024-03-13,24,0.0005940487889052803,HOURLY_ACCRUAL_SUM; 24 rows expected
2024-03-14,24,0.0006258971957499191,HOURLY_ACCRUAL_SUM; 24 rows expected
2024-03-15,24,0.00036755901865397436,HOURLY_ACCRUAL_SUM; 24 rows expected
2024-03-16,24,0.0005262727523844622,HOURLY_ACCRUAL_SUM; 24 rows expected
2024-03-17,24,0.001063571728428158,HOURLY_ACCRUAL_SUM; 24 rows expected
2024-03-18,24,0.00036020594557534746,HOURLY_ACCRUAL_SUM; 24 rows expected
2024-03-19,24,0.0002466526942520084,HOURLY_ACCRUAL_SUM; 24 rows expected
2024-03-20,24,-1.3192582516411773e-06,HOURLY_ACCRUAL_SUM; 24 rows expected
2024-03-21,24,0.0002802435056986092,HOURLY_ACCRUAL_SUM; 24 rows expected
2024-03-22,24,9.782443416729347e-05,HOURLY_ACCRUAL_SUM; 24 rows expected
2024-03-23,24,0.0001771096367378089,HOURLY_ACCRUAL_SUM; 24 rows expected
2024-03-24,24,0.0005651619628018855,HOURLY_ACCRUAL_SUM; 24 rows expected
2024-03-25,24,0.0005808490794884046,HOURLY_ACCRUAL_SUM; 24 rows expected
2024-03-26,24,0.0007881138563012337,HOURLY_ACCRUAL_SUM; 24 rows expected
2024-03-27,24,0.0010899127666662528,HOURLY_ACCRUAL_SUM; 24 rows expected
2024-03-28,24,0.0011527434082848457,HOURLY_ACCRUAL_SUM; 24 rows expected
2024-03-29,24,0.0006271934389387825,HOURLY_ACCRUAL_SUM; 24 rows expected
2024-03-30,24,0.001025584609812938,HOURLY_ACCRUAL_SUM; 24 rows expected
2024-03-31,24,0.001858735710509965,HOURLY_ACCRUAL_SUM; 24 rows expected
2024-04-01,24,0.00048419216708080025,HOURLY_ACCRUAL_SUM; 24 rows expected
2024-04-02,24,-6.817490033936035e-05,HOURLY_ACCRUAL_SUM; 24 rows expected
2024-04-03,24,-3.0394903470006793e-05,HOURLY_ACCRUAL_SUM; 24 rows expected
2024-04-04,24,-0.00012460638921568307,HOURLY_ACCRUAL_SUM; 24 rows expected
2024-04-05,24,-0.00017961167119556938,HOURLY_ACCRUAL_SUM; 24 rows expected
2024-04-06,24,-6.122729917725809e-06,HOURLY_ACCRUAL_SUM; 24 rows expected
2024-04-07,24,0.0001444304923705015,HOURLY_ACCRUAL_SUM; 24 rows expected
2024-04-08,24,0.0004622421668932795,HOURLY_ACCRUAL_SUM; 24 rows expected
2024-04-09,24,-1.8211052716138965e-05,HOURLY_ACCRUAL_SUM; 24 rows expected
2024-04-10,24,-7.110244415227382e-05,HOURLY_ACCRUAL_SUM; 24 rows expected
2024-04-11,24,-6.332226827517444e-05,HOURLY_ACCRUAL_SUM; 24 rows expected
2024-04-12,24,-0.00022584239112547304,HOURLY_ACCRUAL_SUM; 24 rows expected
2024-04-13,24,-0.0008233052490861345,HOURLY_ACCRUAL_SUM; 24 rows expected
2024-04-14,24,-0.00011604943773884785,HOURLY_ACCRUAL_SUM; 24 rows expected
2024-04-15,24,-0.0001807343392345225,HOURLY_ACCRUAL_SUM; 24 rows expected
2024-04-16,24,-0.0001611224607808706,HOURLY_ACCRUAL_SUM; 24 rows expected
2024-04-17,24,-6.770834684690571e-05,HOURLY_ACCRUAL_SUM; 24 rows expected
2024-04-18,24,-0.00041858633637011983,HOURLY_ACCRUAL_SUM; 24 rows expected
2024-04-19,24,-0.0003156485630881048,HOURLY_ACCRUAL_SUM; 24 rows expected
2024-04-20,24,-0.0003695828452520207,HOURLY_ACCRUAL_SUM; 24 rows expected
2024-04-21,24,-2.1024357393302707e-05,HOURLY_ACCRUAL_SUM; 24 rows expected
2024-04-22,24,-1.873458270127975e-05,HOURLY_ACCRUAL_SUM; 24 rows expected
2024-04-23,24,-5.778184660654312e-05,HOURLY_ACCRUAL_SUM; 24 rows expected
2024-04-24,24,-3.345023817429228e-05,HOURLY_ACCRUAL_SUM; 24 rows expected
2024-04-25,24,-0.00018925248671301106,HOURLY_ACCRUAL_SUM; 24 rows expected
2024-04-26,24,-7.015717423080714e-05,HOURLY_ACCRUAL_SUM; 24 rows expected
2024-04-27,24,-4.114670655050574e-06,HOURLY_ACCRUAL_SUM; 24 rows expected
2024-04-28,24,2.035429647783085e-06,HOURLY_ACCRUAL_SUM; 24 rows expected
2024-04-29,24,-6.896312460593552e-05,HOURLY_ACCRUAL_SUM; 24 rows expected
2024-04-30,24,-9.091315585973957e-06,HOURLY_ACCRUAL_SUM; 24 rows expected
2024-05-01,24,-2.6325291723197034e-06,HOURLY_ACCRUAL_SUM; 24 rows expected
2024-05-02,24,-0.00022015583044308123,HOURLY_ACCRUAL_SUM; 24 rows expected
2024-05-03,24,-7.116371017659896e-05,HOURLY_ACCRUAL_SUM; 24 rows expected
2024-05-04,24,9.787325912498817e-05,HOURLY_ACCRUAL_SUM; 24 rows expected
2024-05-05,24,0.0003137064191754761,HOURLY_ACCRUAL_SUM; 24 rows expected
2024-05-06,24,0.00017389613301372286,HOURLY_ACCRUAL_SUM; 24 rows expected
2024-05-07,24,5.618951459390752e-05,HOURLY_ACCRUAL_SUM; 24 rows expected
2024-05-08,24,4.92667312581958e-05,HOURLY_ACCRUAL_SUM; 24 rows expected
2024-05-09,24,5.580839695428081e-05,HOURLY_ACCRUAL_SUM; 24 rows expected
2024-05-10,24,1.3146231817601184e-05,HOURLY_ACCRUAL_SUM; 24 rows expected
2024-05-11,24,5.374867703364764e-06,HOURLY_ACCRUAL_SUM; 24 rows expected
2024-05-12,24,6.533645707746043e-06,HOURLY_ACCRUAL_SUM; 24 rows expected
2024-05-13,24,0.0001263058110149245,HOURLY_ACCRUAL_SUM; 24 rows expected
2024-05-14,24,0.00021040504933511416,HOURLY_ACCRUAL_SUM; 24 rows expected
2024-05-15,24,0.00012100710387741545,HOURLY_ACCRUAL_SUM; 24 rows expected
2024-05-16,24,0.0002525161035953085,HOURLY_ACCRUAL_SUM; 24 rows expected
2024-05-17,24,7.167700528788554e-05,HOURLY_ACCRUAL_SUM; 24 rows expected
2024-05-18,24,0.00011610619690815036,HOURLY_ACCRUAL_SUM; 24 rows expected
2024-05-19,24,6.52987547726926e-05,HOURLY_ACCRUAL_SUM; 24 rows expected
2024-05-20,24,0.00023748517641379235,HOURLY_ACCRUAL_SUM; 24 rows expected
2024-05-21,24,0.0008552416344020599,HOURLY_ACCRUAL_SUM; 24 rows expected
2024-05-22,24,0.00043992053392163407,HOURLY_ACCRUAL_SUM; 24 rows expected
2024-05-23,24,0.0004841106090406505,HOURLY_ACCRUAL_SUM; 24 rows expected
2024-05-24,24,0.00019856810637191493,HOURLY_ACCRUAL_SUM; 24 rows expected
2024-05-25,24,0.0001459154680019627,HOURLY_ACCRUAL_SUM; 24 rows expected
2024-05-26,24,0.0005849999528621316,HOURLY_ACCRUAL_SUM; 24 rows expected
2024-05-27,24,0.0008678231129698171,HOURLY_ACCRUAL_SUM; 24 rows expected
2024-05-28,24,0.00037999898823061755,HOURLY_ACCRUAL_SUM; 24 rows expected
2024-05-29,24,0.0003312409428661826,HOURLY_ACCRUAL_SUM; 24 rows expected
2024-05-30,24,8.089861806586132e-05,HOURLY_ACCRUAL_SUM; 24 rows expected
2024-05-31,24,2.2816108232746475e-05,HOURLY_ACCRUAL_SUM; 24 rows expected
2024-06-01,24,9.499433360889555e-05,HOURLY_ACCRUAL_SUM; 24 rows expected
2024-06-02,24,0.00011781265076479439,HOURLY_ACCRUAL_SUM; 24 rows expected
2024-06-03,24,0.0003030700924823838,HOURLY_ACCRUAL_SUM; 24 rows expected
2024-06-04,24,0.00015606244698690154,HOURLY_ACCRUAL_SUM; 24 rows expected
2024-06-05,24,0.0005357685622256046,HOURLY_ACCRUAL_SUM; 24 rows expected
2024-06-06,24,0.0003638632211323438,HOURLY_ACCRUAL_SUM; 24 rows expected
2024-06-07,24,0.00036115712436973106,HOURLY_ACCRUAL_SUM; 24 rows expected
2024-06-08,24,4.398271193493417e-05,HOURLY_ACCRUAL_SUM; 24 rows expected
2024-06-09,24,3.253966259872447e-05,HOURLY_ACCRUAL_SUM; 24 rows expected
2024-06-10,24,4.468137472490986e-05,HOURLY_ACCRUAL_SUM; 24 rows expected
2024-06-11,24,-1.829604311676119e-05,HOURLY_ACCRUAL_SUM; 24 rows expected
2024-06-12,24,0.00018747345455241766,HOURLY_ACCRUAL_SUM; 24 rows expected
2024-06-13,24,-1.0783633214781174e-05,HOURLY_ACCRUAL_SUM; 24 rows expected
2024-06-14,24,-6.668256466144529e-06,HOURLY_ACCRUAL_SUM; 24 rows expected
2024-06-15,24,-2.1126116217697477e-05,HOURLY_ACCRUAL_SUM; 24 rows expected
2024-06-16,24,-1.1300667261289493e-05,HOURLY_ACCRUAL_SUM; 24 rows expected
2024-06-17,24,5.15097192714841e-06,HOURLY_ACCRUAL_SUM; 24 rows expected
2024-06-18,24,-0.00011623638201873838,HOURLY_ACCRUAL_SUM; 24 rows expected
2024-06-19,24,-1.566182379861538e-05,HOURLY_ACCRUAL_SUM; 24 rows expected
2024-06-20,24,-1.0490255939337272e-05,HOURLY_ACCRUAL_SUM; 24 rows expected
2024-06-21,24,-0.00016146168693998827,HOURLY_ACCRUAL_SUM; 24 rows expected
2024-06-22,24,-0.00010654237719552506,HOURLY_ACCRUAL_SUM; 24 rows expected
2024-06-23,24,-1.1218313069284176e-05,HOURLY_ACCRUAL_SUM; 24 rows expected
2024-06-24,24,-0.00011816743947649806,HOURLY_ACCRUAL_SUM; 24 rows expected
2024-06-25,24,5.114164969663562e-07,HOURLY_ACCRUAL_SUM; 24 rows expected
2024-06-26,24,2.3629392511784614e-05,HOURLY_ACCRUAL_SUM; 24 rows expected
2024-06-27,24,0.0003937368809300693,HOURLY_ACCRUAL_SUM; 24 rows expected
2024-06-28,24,0.00042134084751646665,HOURLY_ACCRUAL_SUM; 24 rows expected
2024-06-29,24,0.00023903919232047202,HOURLY_ACCRUAL_SUM; 24 rows expected
2024-06-30,24,0.00030868610722893533,HOURLY_ACCRUAL_SUM; 24 rows expected
2024-07-01,24,0.00015932292600461765,HOURLY_ACCRUAL_SUM; 24 rows expected
2024-07-02,24,8.223993542445274e-05,HOURLY_ACCRUAL_SUM; 24 rows expected
2024-07-03,24,1.818403380220749e-05,HOURLY_ACCRUAL_SUM; 24 rows expected
2024-07-04,24,-6.344885694005086e-06,HOURLY_ACCRUAL_SUM; 24 rows expected
2024-07-05,24,6.450670870446779e-05,HOURLY_ACCRUAL_SUM; 24 rows expected
2024-07-06,24,4.2527556139265886e-05,HOURLY_ACCRUAL_SUM; 24 rows expected
2024-07-07,24,1.3434048493044238e-05,HOURLY_ACCRUAL_SUM; 24 rows expected
2024-07-08,24,9.717602455704038e-05,HOURLY_ACCRUAL_SUM; 24 rows expected
2024-07-09,24,0.00014663051067053407,HOURLY_ACCRUAL_SUM; 24 rows expected
2024-07-10,24,9.289029550857943e-05,HOURLY_ACCRUAL_SUM; 24 rows expected
2024-07-11,24,0.0001477873139173971,HOURLY_ACCRUAL_SUM; 24 rows expected
2024-07-12,24,0.00015135652022667335,HOURLY_ACCRUAL_SUM; 24 rows expected
2024-07-13,24,0.00010913891082597927,HOURLY_ACCRUAL_SUM; 24 rows expected
2024-07-14,24,0.0005482284886004839,HOURLY_ACCRUAL_SUM; 24 rows expected
2024-07-15,24,3.6375396773780847e-05,HOURLY_ACCRUAL_SUM; 24 rows expected
2024-07-16,24,0.00026405759697383375,HOURLY_ACCRUAL_SUM; 24 rows expected
2024-07-17,24,0.0002696924171451098,HOURLY_ACCRUAL_SUM; 24 rows expected
2024-07-18,24,1.971323566206697e-05,HOURLY_ACCRUAL_SUM; 24 rows expected
2024-07-19,24,0.00038592985576827994,HOURLY_ACCRUAL_SUM; 24 rows expected
2024-07-20,24,0.0004116973158754624,HOURLY_ACCRUAL_SUM; 24 rows expected
2024-07-21,24,0.0005032517183460018,HOURLY_ACCRUAL_SUM; 24 rows expected
2024-07-22,24,0.0001867008989995224,HOURLY_ACCRUAL_SUM; 24 rows expected
2024-07-23,24,0.00015261154225067476,HOURLY_ACCRUAL_SUM; 24 rows expected
2024-07-24,24,6.489691073864828e-05,HOURLY_ACCRUAL_SUM; 24 rows expected
2024-07-25,24,0.00016448419887009303,HOURLY_ACCRUAL_SUM; 24 rows expected
2024-07-26,24,0.000477384032063415,HOURLY_ACCRUAL_SUM; 24 rows expected
2024-07-27,24,0.000646337920100421,HOURLY_ACCRUAL_SUM; 24 rows expected
2024-07-28,24,0.00016122128609491796,HOURLY_ACCRUAL_SUM; 24 rows expected
2024-07-29,24,0.0004935136037228481,HOURLY_ACCRUAL_SUM; 24 rows expected
2024-07-30,24,4.568093452818461e-05,HOURLY_ACCRUAL_SUM; 24 rows expected
2024-07-31,24,0.00010661684068468059,HOURLY_ACCRUAL_SUM; 24 rows expected
2024-08-01,24,0.00013671073798642274,HOURLY_ACCRUAL_SUM; 24 rows expected
2024-08-02,24,0.00017676494505942803,HOURLY_ACCRUAL_SUM; 24 rows expected
2024-08-03,24,1.3883525553865995e-06,HOURLY_ACCRUAL_SUM; 24 rows expected
2024-08-04,24,-1.339059710941221e-05,HOURLY_ACCRUAL_SUM; 24 rows expected
2024-08-05,24,-9.820454994316792e-05,HOURLY_ACCRUAL_SUM; 24 rows expected
2024-08-06,24,-5.874256169790134e-05,HOURLY_ACCRUAL_SUM; 24 rows expected
2024-08-07,24,-7.956224095640854e-06,HOURLY_ACCRUAL_SUM; 24 rows expected
2024-08-08,24,-1.2495039066117442e-05,HOURLY_ACCRUAL_SUM; 24 rows expected
2024-08-09,24,-1.2296697424241433e-05,HOURLY_ACCRUAL_SUM; 24 rows expected
2024-08-10,24,0.00016213306872880684,HOURLY_ACCRUAL_SUM; 24 rows expected
2024-08-11,24,0.00011817654282636646,HOURLY_ACCRUAL_SUM; 24 rows expected
2024-08-12,24,2.1464723769137586e-05,HOURLY_ACCRUAL_SUM; 24 rows expected
2024-08-13,24,1.5056644411940357e-05,HOURLY_ACCRUAL_SUM; 24 rows expected
2024-08-14,24,2.9213224180872957e-06,HOURLY_ACCRUAL_SUM; 24 rows expected
2024-08-15,24,-2.083078772298352e-05,HOURLY_ACCRUAL_SUM; 24 rows expected
2024-08-16,24,2.845812188323916e-05,HOURLY_ACCRUAL_SUM; 24 rows expected
2024-08-17,24,0.0001001667830163503,HOURLY_ACCRUAL_SUM; 24 rows expected
2024-08-18,24,0.00020928917452677358,HOURLY_ACCRUAL_SUM; 24 rows expected
2024-08-19,24,-1.741055616922212e-05,HOURLY_ACCRUAL_SUM; 24 rows expected
2024-08-20,24,2.7182171998672813e-05,HOURLY_ACCRUAL_SUM; 24 rows expected
2024-08-21,24,6.629385877709449e-05,HOURLY_ACCRUAL_SUM; 24 rows expected
2024-08-22,24,8.650601415443637e-05,HOURLY_ACCRUAL_SUM; 24 rows expected
2024-08-23,24,3.749634039885937e-05,HOURLY_ACCRUAL_SUM; 24 rows expected
2024-08-24,24,0.00031238056190451154,HOURLY_ACCRUAL_SUM; 24 rows expected
2024-08-25,24,0.00015965495876536442,HOURLY_ACCRUAL_SUM; 24 rows expected
2024-08-26,24,7.341048936836654e-05,HOURLY_ACCRUAL_SUM; 24 rows expected
2024-08-27,24,3.108932993418202e-05,HOURLY_ACCRUAL_SUM; 24 rows expected
2024-08-28,24,7.273896513549986e-06,HOURLY_ACCRUAL_SUM; 24 rows expected
2024-08-29,24,-1.0630661149377841e-05,HOURLY_ACCRUAL_SUM; 24 rows expected
2024-08-30,24,2.3298341167905945e-06,HOURLY_ACCRUAL_SUM; 24 rows expected
2024-08-31,24,-7.280734385346145e-06,HOURLY_ACCRUAL_SUM; 24 rows expected
2024-09-01,24,5.113796868830092e-07,HOURLY_ACCRUAL_SUM; 24 rows expected
2024-09-02,24,3.516950009494417e-05,HOURLY_ACCRUAL_SUM; 24 rows expected
2024-09-03,24,5.3541668196405665e-05,HOURLY_ACCRUAL_SUM; 24 rows expected
2024-09-04,24,-2.7538826260473876e-05,HOURLY_ACCRUAL_SUM; 24 rows expected
2024-09-05,24,1.1619949245726572e-06,HOURLY_ACCRUAL_SUM; 24 rows expected
2024-09-06,24,-1.3018068210965305e-06,HOURLY_ACCRUAL_SUM; 24 rows expected
2024-09-07,24,4.272876025829263e-07,HOURLY_ACCRUAL_SUM; 24 rows expected
2024-09-08,24,1.0161167973453584e-06,HOURLY_ACCRUAL_SUM; 24 rows expected
2024-09-09,24,2.9630913685221065e-05,HOURLY_ACCRUAL_SUM; 24 rows expected
2024-09-10,24,7.769824703939388e-05,HOURLY_ACCRUAL_SUM; 24 rows expected
2024-09-11,24,1.0358027634248174e-06,HOURLY_ACCRUAL_SUM; 24 rows expected
2024-09-12,24,2.2619857665031946e-05,HOURLY_ACCRUAL_SUM; 24 rows expected
2024-09-13,24,2.262768078890101e-05,HOURLY_ACCRUAL_SUM; 24 rows expected
2024-09-14,24,7.529310237210234e-05,HOURLY_ACCRUAL_SUM; 24 rows expected
2024-09-15,24,3.899168268140844e-05,HOURLY_ACCRUAL_SUM; 24 rows expected
2024-09-16,24,2.493866074318254e-05,HOURLY_ACCRUAL_SUM; 24 rows expected
2024-09-17,24,5.3242195417698255e-05,HOURLY_ACCRUAL_SUM; 24 rows expected
2024-09-18,24,2.5472379152413604e-05,HOURLY_ACCRUAL_SUM; 24 rows expected
2024-09-19,24,0.00030711434453171017,HOURLY_ACCRUAL_SUM; 24 rows expected
2024-09-20,24,0.00012387567650915733,HOURLY_ACCRUAL_SUM; 24 rows expected
2024-09-21,24,0.00014051707925591528,HOURLY_ACCRUAL_SUM; 24 rows expected
2024-09-22,24,0.00010599188812949561,HOURLY_ACCRUAL_SUM; 24 rows expected
2024-09-23,24,8.243001736550648e-05,HOURLY_ACCRUAL_SUM; 24 rows expected
2024-09-24,24,0.00019905311690650578,HOURLY_ACCRUAL_SUM; 24 rows expected
2024-09-25,24,0.0001615585947799105,HOURLY_ACCRUAL_SUM; 24 rows expected
2024-09-26,24,0.00018260050499802332,HOURLY_ACCRUAL_SUM; 24 rows expected
2024-09-27,24,6.604791519742091e-05,HOURLY_ACCRUAL_SUM; 24 rows expected
2024-09-28,24,9.229365958973563e-05,HOURLY_ACCRUAL_SUM; 24 rows expected
2024-09-29,24,0.0002790530555583159,HOURLY_ACCRUAL_SUM; 24 rows expected
2024-09-30,24,0.00020027118480217556,HOURLY_ACCRUAL_SUM; 24 rows expected
2024-10-01,24,0.00012176012305587964,HOURLY_ACCRUAL_SUM; 24 rows expected
2024-10-02,24,0.00010823134763816911,HOURLY_ACCRUAL_SUM; 24 rows expected
2024-10-03,24,0.00014616306730231722,HOURLY_ACCRUAL_SUM; 24 rows expected
2024-10-04,24,8.775180875440369e-05,HOURLY_ACCRUAL_SUM; 24 rows expected
2024-10-05,24,0.0004065822741735343,HOURLY_ACCRUAL_SUM; 24 rows expected
2024-10-06,24,0.00019285618298167176,HOURLY_ACCRUAL_SUM; 24 rows expected
2024-10-07,24,0.00036130256847031317,HOURLY_ACCRUAL_SUM; 24 rows expected
2024-10-08,24,0.00016623042377204137,HOURLY_ACCRUAL_SUM; 24 rows expected
2024-10-09,24,0.00026612567815175104,HOURLY_ACCRUAL_SUM; 24 rows expected
2024-10-10,24,0.00010323032924603636,HOURLY_ACCRUAL_SUM; 24 rows expected
2024-10-11,24,0.0002066380414015853,HOURLY_ACCRUAL_SUM; 24 rows expected
2024-10-12,24,0.000498921179032741,HOURLY_ACCRUAL_SUM; 24 rows expected
2024-10-13,24,0.00040478728553202975,HOURLY_ACCRUAL_SUM; 24 rows expected
2024-10-14,24,0.000716791692365549,HOURLY_ACCRUAL_SUM; 24 rows expected
2024-10-15,24,0.0004248930412395741,HOURLY_ACCRUAL_SUM; 24 rows expected
2024-10-16,24,0.0001543393364304658,HOURLY_ACCRUAL_SUM; 24 rows expected
2024-10-17,24,0.00010783919646396506,HOURLY_ACCRUAL_SUM; 24 rows expected
2024-10-18,24,0.00020906931069223302,HOURLY_ACCRUAL_SUM; 24 rows expected
2024-10-19,24,9.145695785579552e-05,HOURLY_ACCRUAL_SUM; 24 rows expected
2024-10-20,24,0.0004722095075288005,HOURLY_ACCRUAL_SUM; 24 rows expected
2024-10-21,24,0.0005216830714271874,HOURLY_ACCRUAL_SUM; 24 rows expected
2024-10-22,24,0.00029960976032956835,HOURLY_ACCRUAL_SUM; 24 rows expected
2024-10-23,24,0.00033921644286493536,HOURLY_ACCRUAL_SUM; 24 rows expected
2024-10-24,24,0.0006192879992072189,HOURLY_ACCRUAL_SUM; 24 rows expected
2024-10-25,24,0.00011811174719864852,HOURLY_ACCRUAL_SUM; 24 rows expected
2024-10-26,24,5.2260882863004327e-05,HOURLY_ACCRUAL_SUM; 24 rows expected
2024-10-27,24,0.0002464595176790784,HOURLY_ACCRUAL_SUM; 24 rows expected
2024-10-28,24,0.0005501277125210342,HOURLY_ACCRUAL_SUM; 24 rows expected
2024-10-29,24,0.0007951353115498441,HOURLY_ACCRUAL_SUM; 24 rows expected
2024-10-30,24,0.0004948022275994335,HOURLY_ACCRUAL_SUM; 24 rows expected
2024-10-31,24,0.0001961193555718895,HOURLY_ACCRUAL_SUM; 24 rows expected
2024-11-01,24,4.016694139887324e-05,HOURLY_ACCRUAL_SUM; 24 rows expected
2024-11-02,24,-4.2575620558357296e-05,HOURLY_ACCRUAL_SUM; 24 rows expected
2024-11-03,24,-5.6544097375187184e-05,HOURLY_ACCRUAL_SUM; 24 rows expected
2024-11-04,24,-6.550510163947133e-07,HOURLY_ACCRUAL_SUM; 24 rows expected
2024-11-05,24,5.5615220191177766e-05,HOURLY_ACCRUAL_SUM; 24 rows expected
2024-11-06,24,0.0005175559749125496,HOURLY_ACCRUAL_SUM; 24 rows expected
2024-11-07,24,0.0005276883184942119,HOURLY_ACCRUAL_SUM; 24 rows expected
2024-11-08,24,0.00046676349418486087,HOURLY_ACCRUAL_SUM; 24 rows expected
2024-11-09,24,0.00015805641274514544,HOURLY_ACCRUAL_SUM; 24 rows expected
2024-11-10,24,0.001401837713235374,HOURLY_ACCRUAL_SUM; 24 rows expected
2024-11-11,24,0.0003831177485286488,HOURLY_ACCRUAL_SUM; 24 rows expected
2024-11-12,24,0.0009812763076767965,HOURLY_ACCRUAL_SUM; 24 rows expected
2024-11-13,24,0.00013483512208502542,HOURLY_ACCRUAL_SUM; 24 rows expected
2024-11-14,24,0.00025416157034612377,HOURLY_ACCRUAL_SUM; 24 rows expected
2024-11-15,24,0.0005459752863224993,HOURLY_ACCRUAL_SUM; 24 rows expected
2024-11-16,24,0.0005271260779475985,HOURLY_ACCRUAL_SUM; 24 rows expected
2024-11-17,24,0.0013020317820873618,HOURLY_ACCRUAL_SUM; 24 rows expected
2024-11-18,24,0.0010195229442119787,HOURLY_ACCRUAL_SUM; 24 rows expected
2024-11-19,24,0.001020185626733877,HOURLY_ACCRUAL_SUM; 24 rows expected
2024-11-20,24,0.000292304187139426,HOURLY_ACCRUAL_SUM; 24 rows expected
2024-11-21,24,0.0011920784755025246,HOURLY_ACCRUAL_SUM; 24 rows expected
2024-11-22,24,0.001138581802662173,HOURLY_ACCRUAL_SUM; 24 rows expected
2024-11-23,24,0.0005480907392167417,HOURLY_ACCRUAL_SUM; 24 rows expected
2024-11-24,24,0.0004887624964513652,HOURLY_ACCRUAL_SUM; 24 rows expected
2024-11-25,24,0.0005921577571289936,HOURLY_ACCRUAL_SUM; 24 rows expected
2024-11-26,24,0.00033394174762218636,HOURLY_ACCRUAL_SUM; 24 rows expected
2024-11-27,24,0.00046614694280318325,HOURLY_ACCRUAL_SUM; 24 rows expected
2024-11-28,24,0.00046929913169946346,HOURLY_ACCRUAL_SUM; 24 rows expected
2024-11-29,24,0.0009539937848080878,HOURLY_ACCRUAL_SUM; 24 rows expected
2024-11-30,24,0.0006288893432218737,HOURLY_ACCRUAL_SUM; 24 rows expected
2024-12-01,24,0.0004129655572639177,HOURLY_ACCRUAL_SUM; 24 rows expected
2024-12-02,24,0.00045275978315547076,HOURLY_ACCRUAL_SUM; 24 rows expected
2024-12-03,24,0.0005423788616664808,HOURLY_ACCRUAL_SUM; 24 rows expected
2024-12-04,24,0.0008598694954606569,HOURLY_ACCRUAL_SUM; 24 rows expected
2024-12-05,24,0.0016927614713198626,HOURLY_ACCRUAL_SUM; 24 rows expected
2024-12-06,24,0.0001979246890131227,HOURLY_ACCRUAL_SUM; 24 rows expected
2024-12-07,24,0.0004921422405937399,HOURLY_ACCRUAL_SUM; 24 rows expected
2024-12-08,24,0.00031202459795411097,HOURLY_ACCRUAL_SUM; 24 rows expected
2024-12-09,24,0.0002476455447730758,HOURLY_ACCRUAL_SUM; 24 rows expected
2024-12-10,24,0.0003136586549990117,HOURLY_ACCRUAL_SUM; 24 rows expected
2024-12-11,24,0.00033367193577653754,HOURLY_ACCRUAL_SUM; 24 rows expected
2024-12-12,24,0.00031605519994371765,HOURLY_ACCRUAL_SUM; 24 rows expected
2024-12-13,24,3.6475374989185874e-05,HOURLY_ACCRUAL_SUM; 24 rows expected
2024-12-14,24,7.256221926596244e-05,HOURLY_ACCRUAL_SUM; 24 rows expected
2024-12-15,24,0.0003576035643553261,HOURLY_ACCRUAL_SUM; 24 rows expected
2024-12-16,24,0.0004451601952089701,HOURLY_ACCRUAL_SUM; 24 rows expected
2024-12-17,24,0.0002531690726156384,HOURLY_ACCRUAL_SUM; 24 rows expected
2024-12-18,24,1.2006268892076894e-05,HOURLY_ACCRUAL_SUM; 24 rows expected
2024-12-19,24,0.0004208704261336042,HOURLY_ACCRUAL_SUM; 24 rows expected
2024-12-20,24,6.0716885951753765e-06,HOURLY_ACCRUAL_SUM; 24 rows expected
2024-12-21,24,3.308948307592054e-05,HOURLY_ACCRUAL_SUM; 24 rows expected
2024-12-22,24,-4.240367151341189e-05,HOURLY_ACCRUAL_SUM; 24 rows expected
2024-12-23,24,5.254352099601965e-05,HOURLY_ACCRUAL_SUM; 24 rows expected
2024-12-24,24,0.00013308462398138894,HOURLY_ACCRUAL_SUM; 24 rows expected
2024-12-25,24,0.00035241794178259277,HOURLY_ACCRUAL_SUM; 24 rows expected
2024-12-26,24,0.0003131830450985065,HOURLY_ACCRUAL_SUM; 24 rows expected
2024-12-27,24,0.0006945740578445736,HOURLY_ACCRUAL_SUM; 24 rows expected
2024-12-28,24,2.4241657654257184e-05,HOURLY_ACCRUAL_SUM; 24 rows expected
2024-12-29,24,0.00021406213432707187,HOURLY_ACCRUAL_SUM; 24 rows expected
2024-12-30,24,0.00038909214280406047,HOURLY_ACCRUAL_SUM; 24 rows expected
2024-12-31,24,0.0007254589263866538,HOURLY_ACCRUAL_SUM; 24 rows expected
2025-01-01,24,0.0009330254848947555,HOURLY_ACCRUAL_SUM; 24 rows expected
2025-01-02,24,0.0007294849930796192,HOURLY_ACCRUAL_SUM; 24 rows expected
2025-01-03,24,0.0004232367798787192,HOURLY_ACCRUAL_SUM; 24 rows expected
2025-01-04,24,0.00039219711253952745,HOURLY_ACCRUAL_SUM; 24 rows expected
2025-01-05,24,0.0002642115185973125,HOURLY_ACCRUAL_SUM; 24 rows expected
2025-01-06,24,0.0004724945476998195,HOURLY_ACCRUAL_SUM; 24 rows expected
2025-01-07,24,0.00019719302035906266,HOURLY_ACCRUAL_SUM; 24 rows expected
2025-01-08,24,3.5695926830936444e-05,HOURLY_ACCRUAL_SUM; 24 rows expected
2025-01-09,24,7.632014042441668e-05,HOURLY_ACCRUAL_SUM; 24 rows expected
2025-01-10,24,0.00013409690035919177,HOURLY_ACCRUAL_SUM; 24 rows expected
2025-01-11,24,7.406863234277032e-05,HOURLY_ACCRUAL_SUM; 24 rows expected
2025-01-12,24,0.00019711666947252622,HOURLY_ACCRUAL_SUM; 24 rows expected
2025-01-13,24,0.00016263070250030912,HOURLY_ACCRUAL_SUM; 24 rows expected
2025-01-14,24,0.0005310485480156379,HOURLY_ACCRUAL_SUM; 24 rows expected
2025-01-15,24,0.00032285472080254197,HOURLY_ACCRUAL_SUM; 24 rows expected
2025-01-16,24,0.0006619223416995979,HOURLY_ACCRUAL_SUM; 24 rows expected
2025-01-17,24,0.000997113380604923,HOURLY_ACCRUAL_SUM; 24 rows expected
2025-01-18,24,0.000712986551599875,HOURLY_ACCRUAL_SUM; 24 rows expected
2025-01-19,24,0.0012943726896474024,HOURLY_ACCRUAL_SUM; 24 rows expected
2025-01-20,24,0.0015719151537201162,HOURLY_ACCRUAL_SUM; 24 rows expected
2025-01-21,24,0.0004680982494714945,HOURLY_ACCRUAL_SUM; 24 rows expected
2025-01-22,24,0.00026909205682286224,HOURLY_ACCRUAL_SUM; 24 rows expected
2025-01-23,24,0.00018384619702618247,HOURLY_ACCRUAL_SUM; 24 rows expected
2025-01-24,24,0.00010751189937875353,HOURLY_ACCRUAL_SUM; 24 rows expected
2025-01-25,24,0.00022476799766163601,HOURLY_ACCRUAL_SUM; 24 rows expected
2025-01-26,24,0.000279026296926902,HOURLY_ACCRUAL_SUM; 24 rows expected
2025-01-27,24,0.00017002813305846138,HOURLY_ACCRUAL_SUM; 24 rows expected
2025-01-28,24,0.00018945942367846655,HOURLY_ACCRUAL_SUM; 24 rows expected
2025-01-29,24,0.00019073786116828435,HOURLY_ACCRUAL_SUM; 24 rows expected
2025-01-30,24,0.00044156280757212327,HOURLY_ACCRUAL_SUM; 24 rows expected
2025-01-31,24,9.612272399547346e-05,HOURLY_ACCRUAL_SUM; 24 rows expected
2025-02-01,24,2.253594465978831e-05,HOURLY_ACCRUAL_SUM; 24 rows expected
2025-02-02,24,7.977092238847867e-06,HOURLY_ACCRUAL_SUM; 24 rows expected
2025-02-03,24,-4.7511678122029226e-05,HOURLY_ACCRUAL_SUM; 24 rows expected
2025-02-04,24,0.000213437433479145,HOURLY_ACCRUAL_SUM; 24 rows expected
2025-02-05,24,4.8897694561562205e-05,HOURLY_ACCRUAL_SUM; 24 rows expected
2025-02-06,24,4.9743367892438005e-05,HOURLY_ACCRUAL_SUM; 24 rows expected
2025-02-07,24,5.041371472587922e-06,HOURLY_ACCRUAL_SUM; 24 rows expected
2025-02-08,24,-6.151693201414325e-06,HOURLY_ACCRUAL_SUM; 24 rows expected
2025-02-09,24,1.8230292270206592e-05,HOURLY_ACCRUAL_SUM; 24 rows expected
2025-02-10,24,0.000113686079709546,HOURLY_ACCRUAL_SUM; 24 rows expected
2025-02-11,24,0.00014247705964083438,HOURLY_ACCRUAL_SUM; 24 rows expected
2025-02-12,24,0.0001438459649304412,HOURLY_ACCRUAL_SUM; 24 rows expected
2025-02-13,24,0.00010014062265446319,HOURLY_ACCRUAL_SUM; 24 rows expected
2025-02-14,24,0.00019525447516102927,HOURLY_ACCRUAL_SUM; 24 rows expected
2025-02-15,24,0.00030133430994041887,HOURLY_ACCRUAL_SUM; 24 rows expected
2025-02-16,24,0.00011100959375800307,HOURLY_ACCRUAL_SUM; 24 rows expected
2025-02-17,24,2.198940889981168e-05,HOURLY_ACCRUAL_SUM; 24 rows expected
2025-02-18,24,2.501306467412261e-05,HOURLY_ACCRUAL_SUM; 24 rows expected
2025-02-19,24,7.294130597822883e-05,HOURLY_ACCRUAL_SUM; 24 rows expected
2025-02-20,24,0.00028560418584681993,HOURLY_ACCRUAL_SUM; 24 rows expected
2025-02-21,24,0.00038508796112092595,HOURLY_ACCRUAL_SUM; 24 rows expected
2025-02-22,24,5.413208872504004e-05,HOURLY_ACCRUAL_SUM; 24 rows expected
2025-02-23,24,1.1513776821724116e-07,HOURLY_ACCRUAL_SUM; 24 rows expected
2025-02-24,24,4.4974995066710494e-05,HOURLY_ACCRUAL_SUM; 24 rows expected
2025-02-25,24,0.00019524647672084183,HOURLY_ACCRUAL_SUM; 24 rows expected
2025-02-26,24,0.00010249459982582159,HOURLY_ACCRUAL_SUM; 24 rows expected
2025-02-27,24,0.0001818766823850445,HOURLY_ACCRUAL_SUM; 24 rows expected
2025-02-28,24,4.801297066040145e-05,HOURLY_ACCRUAL_SUM; 24 rows expected
2025-03-01,24,-4.4719338823658795e-06,HOURLY_ACCRUAL_SUM; 24 rows expected
2025-03-02,24,-4.948823484573397e-05,HOURLY_ACCRUAL_SUM; 24 rows expected
2025-03-03,24,6.768801853656762e-05,HOURLY_ACCRUAL_SUM; 24 rows expected
2025-03-04,24,-9.384121515688146e-06,HOURLY_ACCRUAL_SUM; 24 rows expected
2025-03-05,24,-2.726233530683867e-06,HOURLY_ACCRUAL_SUM; 24 rows expected
2025-03-06,24,-5.825158912654225e-06,HOURLY_ACCRUAL_SUM; 24 rows expected
2025-03-07,24,-0.00010275974124045169,HOURLY_ACCRUAL_SUM; 24 rows expected
2025-03-08,24,-4.301122511145715e-05,HOURLY_ACCRUAL_SUM; 24 rows expected
2025-03-09,24,-0.0001608994412633549,HOURLY_ACCRUAL_SUM; 24 rows expected
2025-03-10,24,-1.4097352779328843e-05,HOURLY_ACCRUAL_SUM; 24 rows expected
2025-03-11,24,-0.00020189915320260488,HOURLY_ACCRUAL_SUM; 24 rows expected
2025-03-12,24,-2.5491092594479878e-05,HOURLY_ACCRUAL_SUM; 24 rows expected
2025-03-13,24,-5.983512936954051e-05,HOURLY_ACCRUAL_SUM; 24 rows expected
2025-03-14,24,-2.702182354536037e-06,HOURLY_ACCRUAL_SUM; 24 rows expected
2025-03-15,24,-2.7838908057684272e-05,HOURLY_ACCRUAL_SUM; 24 rows expected
2025-03-16,24,-4.11275702126296e-05,HOURLY_ACCRUAL_SUM; 24 rows expected
2025-03-17,24,-1.2984429671188536e-05,HOURLY_ACCRUAL_SUM; 24 rows expected
2025-03-18,24,-5.07346511533482e-05,HOURLY_ACCRUAL_SUM; 24 rows expected
2025-03-19,24,-4.859924740851928e-05,HOURLY_ACCRUAL_SUM; 24 rows expected
2025-03-20,24,6.811498197139819e-06,HOURLY_ACCRUAL_SUM; 24 rows expected
2025-03-21,24,-1.578465730027121e-05,HOURLY_ACCRUAL_SUM; 24 rows expected
2025-03-22,24,-7.415084885150844e-05,HOURLY_ACCRUAL_SUM; 24 rows expected
2025-03-23,24,-1.4491390596122241e-05,HOURLY_ACCRUAL_SUM; 24 rows expected
2025-03-24,24,-1.698313142685082e-05,HOURLY_ACCRUAL_SUM; 24 rows expected
2025-03-25,24,3.3628623791078396e-06,HOURLY_ACCRUAL_SUM; 24 rows expected
2025-03-26,24,6.642623947638568e-06,HOURLY_ACCRUAL_SUM; 24 rows expected
2025-03-27,24,-2.023975356686081e-05,HOURLY_ACCRUAL_SUM; 24 rows expected
2025-03-28,24,-1.612297410247922e-05,HOURLY_ACCRUAL_SUM; 24 rows expected
2025-03-29,24,-9.640277793884442e-05,HOURLY_ACCRUAL_SUM; 24 rows expected
2025-03-30,24,-0.0002824944067382004,HOURLY_ACCRUAL_SUM; 24 rows expected
2025-03-31,24,-5.151909022844738e-05,HOURLY_ACCRUAL_SUM; 24 rows expected
2025-04-01,24,7.055539825652635e-05,HOURLY_ACCRUAL_SUM; 24 rows expected
2025-04-02,24,8.886021945108995e-06,HOURLY_ACCRUAL_SUM; 24 rows expected
2025-04-03,24,1.5566964357074606e-05,HOURLY_ACCRUAL_SUM; 24 rows expected
2025-04-04,24,2.3222029950555076e-05,HOURLY_ACCRUAL_SUM; 24 rows expected
2025-04-05,24,2.9207542889388236e-05,HOURLY_ACCRUAL_SUM; 24 rows expected
2025-04-06,24,-2.3518240313071994e-05,HOURLY_ACCRUAL_SUM; 24 rows expected
2025-04-07,24,8.045024406373088e-06,HOURLY_ACCRUAL_SUM; 24 rows expected
2025-04-08,24,5.825717288163962e-05,HOURLY_ACCRUAL_SUM; 24 rows expected
2025-04-09,24,3.801782389947347e-06,HOURLY_ACCRUAL_SUM; 24 rows expected
2025-04-10,24,2.3831322111920746e-06,HOURLY_ACCRUAL_SUM; 24 rows expected
2025-04-11,24,3.122893317150549e-05,HOURLY_ACCRUAL_SUM; 24 rows expected
2025-04-12,24,0.0001559677192132397,HOURLY_ACCRUAL_SUM; 24 rows expected
2025-04-13,24,0.00010005904350686936,HOURLY_ACCRUAL_SUM; 24 rows expected
2025-04-14,24,-1.3899948276709686e-05,HOURLY_ACCRUAL_SUM; 24 rows expected
2025-04-15,24,-1.0841453133017101e-05,HOURLY_ACCRUAL_SUM; 24 rows expected
2025-04-16,24,-3.2001305850917345e-06,HOURLY_ACCRUAL_SUM; 24 rows expected
2025-04-17,24,4.474075532339027e-06,HOURLY_ACCRUAL_SUM; 24 rows expected
2025-04-18,24,8.021603524098576e-07,HOURLY_ACCRUAL_SUM; 24 rows expected
2025-04-19,24,7.690426896865149e-05,HOURLY_ACCRUAL_SUM; 24 rows expected
2025-04-20,24,1.2666647892394486e-05,HOURLY_ACCRUAL_SUM; 24 rows expected
2025-04-21,24,8.18595420892612e-05,HOURLY_ACCRUAL_SUM; 24 rows expected
2025-04-22,24,4.3324604149101935e-05,HOURLY_ACCRUAL_SUM; 24 rows expected
2025-04-23,24,-3.7110294117517324e-05,HOURLY_ACCRUAL_SUM; 24 rows expected
2025-04-24,24,-0.00010190265472716542,HOURLY_ACCRUAL_SUM; 24 rows expected
2025-04-25,24,-7.405221261283241e-05,HOURLY_ACCRUAL_SUM; 24 rows expected
2025-04-26,24,2.2788001362686462e-05,HOURLY_ACCRUAL_SUM; 24 rows expected
2025-04-27,24,1.4610847764171783e-05,HOURLY_ACCRUAL_SUM; 24 rows expected
2025-04-28,24,1.3764882308763155e-05,HOURLY_ACCRUAL_SUM; 24 rows expected
2025-04-29,24,-6.901294821682171e-08,HOURLY_ACCRUAL_SUM; 24 rows expected
2025-04-30,24,1.5175288561196717e-07,HOURLY_ACCRUAL_SUM; 24 rows expected
2025-05-01,24,1.7363768980736173e-05,HOURLY_ACCRUAL_SUM; 24 rows expected
2025-05-02,24,0.0001600661952705632,HOURLY_ACCRUAL_SUM; 24 rows expected
2025-05-03,24,1.1143803204858764e-05,HOURLY_ACCRUAL_SUM; 24 rows expected
2025-05-04,24,9.481948511443684e-06,HOURLY_ACCRUAL_SUM; 24 rows expected
2025-05-05,24,4.360166353666173e-05,HOURLY_ACCRUAL_SUM; 24 rows expected
2025-05-06,24,5.349609807820424e-05,HOURLY_ACCRUAL_SUM; 24 rows expected
2025-05-07,24,7.545447584206764e-05,HOURLY_ACCRUAL_SUM; 24 rows expected
2025-05-08,24,0.00023593303649541755,HOURLY_ACCRUAL_SUM; 24 rows expected
2025-05-09,24,0.00026245515355626583,HOURLY_ACCRUAL_SUM; 24 rows expected
2025-05-10,24,0.00021855465153403542,HOURLY_ACCRUAL_SUM; 24 rows expected
2025-05-11,24,0.00046718748400089767,HOURLY_ACCRUAL_SUM; 24 rows expected
2025-05-12,24,0.00016358991779542506,HOURLY_ACCRUAL_SUM; 24 rows expected
2025-05-13,24,0.00017157495407778552,HOURLY_ACCRUAL_SUM; 24 rows expected
2025-05-14,24,0.00024604827523424003,HOURLY_ACCRUAL_SUM; 24 rows expected
2025-05-15,24,0.0001199035837018887,HOURLY_ACCRUAL_SUM; 24 rows expected
2025-05-16,24,0.00011468880528139339,HOURLY_ACCRUAL_SUM; 24 rows expected
2025-05-17,24,0.00016602044864033496,HOURLY_ACCRUAL_SUM; 24 rows expected
2025-05-18,24,0.0004103625754496713,HOURLY_ACCRUAL_SUM; 24 rows expected
2025-05-19,24,0.00023948315962043208,HOURLY_ACCRUAL_SUM; 24 rows expected
2025-05-20,24,0.00036968606082381217,HOURLY_ACCRUAL_SUM; 24 rows expected
2025-05-21,24,0.0003289189559875948,HOURLY_ACCRUAL_SUM; 24 rows expected
2025-05-22,24,0.0005142023384158636,HOURLY_ACCRUAL_SUM; 24 rows expected
2025-05-23,24,0.00024528594980836513,HOURLY_ACCRUAL_SUM; 24 rows expected
2025-05-24,24,3.121024513445452e-05,HOURLY_ACCRUAL_SUM; 24 rows expected
2025-05-25,24,5.8626724073752715e-05,HOURLY_ACCRUAL_SUM; 24 rows expected
2025-05-26,24,0.0003165303934562097,HOURLY_ACCRUAL_SUM; 24 rows expected
2025-05-27,24,0.00018488965611206158,HOURLY_ACCRUAL_SUM; 24 rows expected
2025-05-28,24,-2.729351392488975e-05,HOURLY_ACCRUAL_SUM; 24 rows expected
2025-05-29,24,5.549456635231638e-05,HOURLY_ACCRUAL_SUM; 24 rows expected
2025-05-30,24,-1.0171883095872407e-05,HOURLY_ACCRUAL_SUM; 24 rows expected
2025-05-31,24,-1.6215066272373053e-05,HOURLY_ACCRUAL_SUM; 24 rows expected
2025-06-01,24,1.2515105011717818e-05,HOURLY_ACCRUAL_SUM; 24 rows expected
2025-06-02,24,-4.234042874389313e-06,HOURLY_ACCRUAL_SUM; 24 rows expected
2025-06-03,24,2.3415586803731313e-05,HOURLY_ACCRUAL_SUM; 24 rows expected
2025-06-04,24,5.291500323639273e-06,HOURLY_ACCRUAL_SUM; 24 rows expected
2025-06-05,24,3.6796613376269826e-06,HOURLY_ACCRUAL_SUM; 24 rows expected
2025-06-06,24,-5.199120159410301e-05,HOURLY_ACCRUAL_SUM; 24 rows expected
2025-06-07,24,-2.5647055903179054e-06,HOURLY_ACCRUAL_SUM; 24 rows expected
2025-06-08,24,2.1733194169681934e-05,HOURLY_ACCRUAL_SUM; 24 rows expected
2025-06-09,24,8.592307846688964e-05,HOURLY_ACCRUAL_SUM; 24 rows expected
2025-06-10,24,0.00015525490704650975,HOURLY_ACCRUAL_SUM; 24 rows expected
2025-06-11,24,6.316771297031758e-05,HOURLY_ACCRUAL_SUM; 24 rows expected
2025-06-12,24,3.479592372714995e-05,HOURLY_ACCRUAL_SUM; 24 rows expected
2025-06-13,24,-6.43761933697023e-06,HOURLY_ACCRUAL_SUM; 24 rows expected
2025-06-14,24,8.134486286527334e-06,HOURLY_ACCRUAL_SUM; 24 rows expected
2025-06-15,24,4.073197131786698e-05,HOURLY_ACCRUAL_SUM; 24 rows expected
2025-06-16,24,0.00018269431082154473,HOURLY_ACCRUAL_SUM; 24 rows expected
2025-06-17,24,4.978916724856627e-05,HOURLY_ACCRUAL_SUM; 24 rows expected
2025-06-18,24,7.154184899823838e-07,HOURLY_ACCRUAL_SUM; 24 rows expected
2025-06-19,24,-1.4575219528055292e-07,HOURLY_ACCRUAL_SUM; 24 rows expected
2025-06-20,24,6.629270131460279e-06,HOURLY_ACCRUAL_SUM; 24 rows expected
2025-06-21,24,-3.411883230754884e-05,HOURLY_ACCRUAL_SUM; 24 rows expected
2025-06-22,24,-8.02612638933846e-07,HOURLY_ACCRUAL_SUM; 24 rows expected
2025-06-23,24,-1.6944519355621517e-06,HOURLY_ACCRUAL_SUM; 24 rows expected
2025-06-24,24,9.107754180710695e-05,HOURLY_ACCRUAL_SUM; 24 rows expected
2025-06-25,24,0.00011412966701154313,HOURLY_ACCRUAL_SUM; 24 rows expected
2025-06-26,24,0.00010822029112484825,HOURLY_ACCRUAL_SUM; 24 rows expected
2025-06-27,24,2.1632188157743284e-05,HOURLY_ACCRUAL_SUM; 24 rows expected
2025-06-28,24,3.1963380919706055e-05,HOURLY_ACCRUAL_SUM; 24 rows expected
2025-06-29,24,0.00018540924287994387,HOURLY_ACCRUAL_SUM; 24 rows expected
2025-06-30,24,0.00014957702255849798,HOURLY_ACCRUAL_SUM; 24 rows expected
2025-07-01,24,7.227676191008379e-06,HOURLY_ACCRUAL_SUM; 24 rows expected
2025-07-02,24,0.00023746192316771887,HOURLY_ACCRUAL_SUM; 24 rows expected
2025-07-03,24,0.0003661322270796957,HOURLY_ACCRUAL_SUM; 24 rows expected
2025-07-04,24,0.0001312034521752973,HOURLY_ACCRUAL_SUM; 24 rows expected
2025-07-05,24,5.557940959255965e-05,HOURLY_ACCRUAL_SUM; 24 rows expected
2025-07-06,24,0.00013903451340099388,HOURLY_ACCRUAL_SUM; 24 rows expected
2025-07-07,24,0.00029210068131320534,HOURLY_ACCRUAL_SUM; 24 rows expected
2025-07-08,24,0.00012814113286127216,HOURLY_ACCRUAL_SUM; 24 rows expected
2025-07-09,24,0.0004547754308927434,HOURLY_ACCRUAL_SUM; 24 rows expected
2025-07-10,24,0.0004045122558062119,HOURLY_ACCRUAL_SUM; 24 rows expected
2025-07-11,24,0.0003985406470906527,HOURLY_ACCRUAL_SUM; 24 rows expected
2025-07-12,24,0.0002041831899304055,HOURLY_ACCRUAL_SUM; 24 rows expected
2025-07-13,24,0.0005841764850572257,HOURLY_ACCRUAL_SUM; 24 rows expected
2025-07-14,24,0.0006181603284081619,HOURLY_ACCRUAL_SUM; 24 rows expected
2025-07-15,24,0.0005075191928051349,HOURLY_ACCRUAL_SUM; 24 rows expected
2025-07-16,24,0.00033475365616863833,HOURLY_ACCRUAL_SUM; 24 rows expected
2025-07-17,24,0.00021174756659447913,HOURLY_ACCRUAL_SUM; 24 rows expected
2025-07-18,24,0.00025699425848530496,HOURLY_ACCRUAL_SUM; 24 rows expected
2025-07-19,24,0.00013138352986781095,HOURLY_ACCRUAL_SUM; 24 rows expected
2025-07-20,24,0.00047252351830311666,HOURLY_ACCRUAL_SUM; 24 rows expected
2025-07-21,24,0.00018508588074094462,HOURLY_ACCRUAL_SUM; 24 rows expected
2025-07-22,24,0.0002777520826226242,HOURLY_ACCRUAL_SUM; 24 rows expected
2025-07-23,24,0.0003113034938342233,HOURLY_ACCRUAL_SUM; 24 rows expected
2025-07-24,24,0.00014505852535795236,HOURLY_ACCRUAL_SUM; 24 rows expected
2025-07-25,24,0.0007487493514619859,HOURLY_ACCRUAL_SUM; 24 rows expected
2025-07-26,24,0.000528144108642262,HOURLY_ACCRUAL_SUM; 24 rows expected
2025-07-27,24,0.00048178039359876357,HOURLY_ACCRUAL_SUM; 24 rows expected
2025-07-28,24,0.0004433772732387292,HOURLY_ACCRUAL_SUM; 24 rows expected
2025-07-29,24,0.00021817771013838552,HOURLY_ACCRUAL_SUM; 24 rows expected
2025-07-30,24,1.8680089508517105e-05,HOURLY_ACCRUAL_SUM; 24 rows expected
2025-07-31,24,5.066261537281978e-05,HOURLY_ACCRUAL_SUM; 24 rows expected
2025-08-01,24,-3.4449581954904936e-06,HOURLY_ACCRUAL_SUM; 24 rows expected
2025-08-02,24,-3.429429770789638e-06,HOURLY_ACCRUAL_SUM; 24 rows expected
2025-08-03,24,-0.0001986674878350785,HOURLY_ACCRUAL_SUM; 24 rows expected
2025-08-04,24,5.342773402648923e-05,HOURLY_ACCRUAL_SUM; 24 rows expected
2025-08-05,24,0.0002697324698373065,HOURLY_ACCRUAL_SUM; 24 rows expected
2025-08-06,24,0.00024288913081578473,HOURLY_ACCRUAL_SUM; 24 rows expected
2025-08-07,24,0.0002475616882846946,HOURLY_ACCRUAL_SUM; 24 rows expected
2025-08-08,24,0.00048121343095540746,HOURLY_ACCRUAL_SUM; 24 rows expected
2025-08-09,24,0.00045253453072592923,HOURLY_ACCRUAL_SUM; 24 rows expected
2025-08-10,24,0.0005820677030378703,HOURLY_ACCRUAL_SUM; 24 rows expected
2025-08-11,24,0.0005207965089266605,HOURLY_ACCRUAL_SUM; 24 rows expected
2025-08-12,24,0.00046462238500783067,HOURLY_ACCRUAL_SUM; 24 rows expected
2025-08-13,24,0.00046557882189299606,HOURLY_ACCRUAL_SUM; 24 rows expected
2025-08-14,24,0.00039601909399583114,HOURLY_ACCRUAL_SUM; 24 rows expected
2025-08-15,24,0.00021106289300986672,HOURLY_ACCRUAL_SUM; 24 rows expected
2025-08-16,24,-2.6687712158356446e-06,HOURLY_ACCRUAL_SUM; 24 rows expected
2025-08-17,24,-4.373418585288607e-06,HOURLY_ACCRUAL_SUM; 24 rows expected
2025-08-18,24,3.3441919972652316e-06,HOURLY_ACCRUAL_SUM; 24 rows expected
2025-08-19,24,2.2040891207479555e-05,HOURLY_ACCRUAL_SUM; 24 rows expected
2025-08-20,24,0.0001363473684984473,HOURLY_ACCRUAL_SUM; 24 rows expected
2025-08-21,24,0.0002198028172452885,HOURLY_ACCRUAL_SUM; 24 rows expected
2025-08-22,24,0.00042238304150858533,HOURLY_ACCRUAL_SUM; 24 rows expected
2025-08-23,24,0.000922325493726537,HOURLY_ACCRUAL_SUM; 24 rows expected
2025-08-24,24,0.00043712271014513564,HOURLY_ACCRUAL_SUM; 24 rows expected
2025-08-25,24,0.00024654945262408474,HOURLY_ACCRUAL_SUM; 24 rows expected
2025-08-26,24,8.891633489450563e-06,HOURLY_ACCRUAL_SUM; 24 rows expected
2025-08-27,24,0.0002305679875105141,HOURLY_ACCRUAL_SUM; 24 rows expected
2025-08-28,24,0.0004246262322262743,HOURLY_ACCRUAL_SUM; 24 rows expected
2025-08-29,24,3.6438940579060526e-05,HOURLY_ACCRUAL_SUM; 24 rows expected
2025-08-30,24,-1.6819239401622888e-05,HOURLY_ACCRUAL_SUM; 24 rows expected
2025-08-31,24,4.474602205956146e-05,HOURLY_ACCRUAL_SUM; 24 rows expected
2025-09-01,24,0.00013356973395654953,HOURLY_ACCRUAL_SUM; 24 rows expected
2025-09-02,24,3.262665597260374e-05,HOURLY_ACCRUAL_SUM; 24 rows expected
2025-09-03,24,0.00020763178631445024,HOURLY_ACCRUAL_SUM; 24 rows expected
2025-09-04,24,4.134460655547002e-06,HOURLY_ACCRUAL_SUM; 24 rows expected
2025-09-05,24,3.995510026597903e-05,HOURLY_ACCRUAL_SUM; 24 rows expected
2025-09-06,24,5.311477256238597e-05,HOURLY_ACCRUAL_SUM; 24 rows expected
2025-09-07,24,6.12173896931497e-05,HOURLY_ACCRUAL_SUM; 24 rows expected
2025-09-08,24,0.00018068728402712909,HOURLY_ACCRUAL_SUM; 24 rows expected
2025-09-09,24,0.00029917240152671585,HOURLY_ACCRUAL_SUM; 24 rows expected
2025-09-10,24,0.00025383378711162617,HOURLY_ACCRUAL_SUM; 24 rows expected
2025-09-11,24,0.00021466330804349347,HOURLY_ACCRUAL_SUM; 24 rows expected
2025-09-12,24,0.00028694864726238077,HOURLY_ACCRUAL_SUM; 24 rows expected
2025-09-13,24,0.00030275728126809244,HOURLY_ACCRUAL_SUM; 24 rows expected
2025-09-14,24,0.00037204992738143445,HOURLY_ACCRUAL_SUM; 24 rows expected
2025-09-15,24,0.00025049369338072747,HOURLY_ACCRUAL_SUM; 24 rows expected
2025-09-16,24,4.146711603809738e-05,HOURLY_ACCRUAL_SUM; 24 rows expected
2025-09-17,24,0.00011188705582351933,HOURLY_ACCRUAL_SUM; 24 rows expected
2025-09-18,24,0.000286664177477732,HOURLY_ACCRUAL_SUM; 24 rows expected
2025-09-19,24,0.00011520706346641398,HOURLY_ACCRUAL_SUM; 24 rows expected
2025-09-20,24,2.9647948000834926e-06,HOURLY_ACCRUAL_SUM; 24 rows expected
2025-09-21,24,1.2455005934942401e-05,HOURLY_ACCRUAL_SUM; 24 rows expected
2025-09-22,24,0.00012327353931873902,HOURLY_ACCRUAL_SUM; 24 rows expected
2025-09-23,24,7.262640832584513e-05,HOURLY_ACCRUAL_SUM; 24 rows expected
2025-09-24,24,0.00021272484606383387,HOURLY_ACCRUAL_SUM; 24 rows expected
2025-09-25,24,0.0004142359562532606,HOURLY_ACCRUAL_SUM; 24 rows expected
2025-09-26,24,9.322706673494578e-05,HOURLY_ACCRUAL_SUM; 24 rows expected
2025-09-27,24,1.5936742042681297e-05,HOURLY_ACCRUAL_SUM; 24 rows expected
2025-09-28,24,5.904903054826615e-05,HOURLY_ACCRUAL_SUM; 24 rows expected
2025-09-29,24,0.0002449120297419561,HOURLY_ACCRUAL_SUM; 24 rows expected
2025-09-30,24,0.0004639285412804552,HOURLY_ACCRUAL_SUM; 24 rows expected
2025-10-01,24,0.0002789376436060827,HOURLY_ACCRUAL_SUM; 24 rows expected
2025-10-02,24,0.0006940594706595684,HOURLY_ACCRUAL_SUM; 24 rows expected
2025-10-03,24,0.0004885201578741228,HOURLY_ACCRUAL_SUM; 24 rows expected
2025-10-04,24,0.0006236664591746572,HOURLY_ACCRUAL_SUM; 24 rows expected
2025-10-05,24,0.0007359286924894693,HOURLY_ACCRUAL_SUM; 24 rows expected
2025-10-06,24,0.0005494351188236637,HOURLY_ACCRUAL_SUM; 24 rows expected
2025-10-07,24,0.00020717010036425904,HOURLY_ACCRUAL_SUM; 24 rows expected
2025-10-08,24,0.00010277560547350093,HOURLY_ACCRUAL_SUM; 24 rows expected
2025-10-09,24,8.974145599693175e-05,HOURLY_ACCRUAL_SUM; 24 rows expected
2025-10-10,24,0.0005993124955989899,HOURLY_ACCRUAL_SUM; 24 rows expected
2025-10-11,24,0.0003339780587808066,HOURLY_ACCRUAL_SUM; 24 rows expected
2025-10-12,24,0.00021651677272866636,HOURLY_ACCRUAL_SUM; 24 rows expected
2025-10-13,24,2.006048151996944e-05,HOURLY_ACCRUAL_SUM; 24 rows expected
2025-10-14,24,5.0353406618418166e-05,HOURLY_ACCRUAL_SUM; 24 rows expected
2025-10-15,24,6.829414489725283e-05,HOURLY_ACCRUAL_SUM; 24 rows expected
2025-10-16,24,0.0002946755441244744,HOURLY_ACCRUAL_SUM; 24 rows expected
2025-10-17,24,0.00017555066640996734,HOURLY_ACCRUAL_SUM; 24 rows expected
2025-10-18,24,0.00020154293916879403,HOURLY_ACCRUAL_SUM; 24 rows expected
2025-10-19,24,0.0002478277458855353,HOURLY_ACCRUAL_SUM; 24 rows expected
2025-10-20,24,0.0001649388229796515,HOURLY_ACCRUAL_SUM; 24 rows expected
2025-10-21,24,0.00011701425351233978,HOURLY_ACCRUAL_SUM; 24 rows expected
2025-10-22,24,2.93184505221087e-06,HOURLY_ACCRUAL_SUM; 24 rows expected
2025-10-23,24,0.0001510223336400061,HOURLY_ACCRUAL_SUM; 24 rows expected
2025-10-24,24,9.376085389938947e-05,HOURLY_ACCRUAL_SUM; 24 rows expected
2025-10-25,24,1.981622324391554e-05,HOURLY_ACCRUAL_SUM; 24 rows expected
2025-10-26,24,0.00040370919911682094,HOURLY_ACCRUAL_SUM; 24 rows expected
2025-10-27,24,0.00030044454975950563,HOURLY_ACCRUAL_SUM; 24 rows expected
2025-10-28,24,0.00030737213863853163,HOURLY_ACCRUAL_SUM; 24 rows expected
2025-10-29,24,0.0002149713384779985,HOURLY_ACCRUAL_SUM; 24 rows expected
2025-10-30,24,5.420175449640117e-05,HOURLY_ACCRUAL_SUM; 24 rows expected
2025-10-31,24,0.0002178631956859671,HOURLY_ACCRUAL_SUM; 24 rows expected
2025-11-01,24,7.811386989726491e-05,HOURLY_ACCRUAL_SUM; 24 rows expected
2025-11-02,24,0.0003154685186368583,HOURLY_ACCRUAL_SUM; 24 rows expected
2025-11-03,24,1.6186727081820665e-05,HOURLY_ACCRUAL_SUM; 24 rows expected
2025-11-04,24,-4.6551872423119257e-05,HOURLY_ACCRUAL_SUM; 24 rows expected
2025-11-05,24,-8.205226123592356e-07,HOURLY_ACCRUAL_SUM; 24 rows expected
2025-11-06,24,-0.00015042773797436121,HOURLY_ACCRUAL_SUM; 24 rows expected
2025-11-07,24,3.546429218304833e-06,HOURLY_ACCRUAL_SUM; 24 rows expected
2025-11-08,24,-2.1173960990464683e-05,HOURLY_ACCRUAL_SUM; 24 rows expected
2025-11-09,24,8.058812431954217e-06,HOURLY_ACCRUAL_SUM; 24 rows expected
2025-11-10,24,0.0001055252409693957,HOURLY_ACCRUAL_SUM; 24 rows expected
2025-11-11,24,1.5532206931995553e-05,HOURLY_ACCRUAL_SUM; 24 rows expected
2025-11-12,24,1.7117921107944654e-05,HOURLY_ACCRUAL_SUM; 24 rows expected
2025-11-13,24,1.1557495698996002e-05,HOURLY_ACCRUAL_SUM; 24 rows expected
2025-11-14,24,-4.3539052185340655e-05,HOURLY_ACCRUAL_SUM; 24 rows expected
2025-11-15,24,-6.692315353898636e-05,HOURLY_ACCRUAL_SUM; 24 rows expected
2025-11-16,24,-0.00012437799391627763,HOURLY_ACCRUAL_SUM; 24 rows expected
2025-11-17,24,1.406516775579755e-05,HOURLY_ACCRUAL_SUM; 24 rows expected
2025-11-18,24,3.3661176739781764e-06,HOURLY_ACCRUAL_SUM; 24 rows expected
2025-11-19,24,-4.5899052875245586e-05,HOURLY_ACCRUAL_SUM; 24 rows expected
2025-11-20,24,4.6470622924642804e-05,HOURLY_ACCRUAL_SUM; 24 rows expected
2025-11-21,24,-0.00010932420040623795,HOURLY_ACCRUAL_SUM; 24 rows expected
2025-11-22,24,-1.2420035125879332e-05,HOURLY_ACCRUAL_SUM; 24 rows expected
2025-11-23,24,-4.173443805968091e-05,HOURLY_ACCRUAL_SUM; 24 rows expected
2025-11-24,24,-3.664162030707323e-05,HOURLY_ACCRUAL_SUM; 24 rows expected
2025-11-25,24,-3.4301572411148246e-07,HOURLY_ACCRUAL_SUM; 24 rows expected
2025-11-26,24,1.5917713028105858e-05,HOURLY_ACCRUAL_SUM; 24 rows expected
2025-11-27,24,1.4309527244312884e-05,HOURLY_ACCRUAL_SUM; 24 rows expected
2025-11-28,24,8.286665111577309e-05,HOURLY_ACCRUAL_SUM; 24 rows expected
2025-11-29,24,2.668006253507931e-06,HOURLY_ACCRUAL_SUM; 24 rows expected
2025-11-30,24,3.53996325956686e-05,HOURLY_ACCRUAL_SUM; 24 rows expected
2025-12-01,24,5.928654454118434e-06,HOURLY_ACCRUAL_SUM; 24 rows expected
2025-12-02,24,9.801560239624857e-06,HOURLY_ACCRUAL_SUM; 24 rows expected
2025-12-03,24,6.543395912665556e-05,HOURLY_ACCRUAL_SUM; 24 rows expected
2025-12-04,24,1.9035213561320507e-05,HOURLY_ACCRUAL_SUM; 24 rows expected
2025-12-05,24,5.949209731397495e-06,HOURLY_ACCRUAL_SUM; 24 rows expected
2025-12-06,24,-1.3848074293732989e-05,HOURLY_ACCRUAL_SUM; 24 rows expected
2025-12-07,24,3.4441143219338195e-05,HOURLY_ACCRUAL_SUM; 24 rows expected
2025-12-08,24,6.085124223570384e-05,HOURLY_ACCRUAL_SUM; 24 rows expected
2025-12-09,24,3.601973503509241e-05,HOURLY_ACCRUAL_SUM; 24 rows expected
2025-12-10,24,1.7720242472516298e-05,HOURLY_ACCRUAL_SUM; 24 rows expected
2025-12-11,24,4.266363341792933e-05,HOURLY_ACCRUAL_SUM; 24 rows expected
2025-12-12,24,4.4892332777828266e-05,HOURLY_ACCRUAL_SUM; 24 rows expected
2025-12-13,24,4.4647508470587667e-07,HOURLY_ACCRUAL_SUM; 24 rows expected
2025-12-14,24,2.423842968145389e-05,HOURLY_ACCRUAL_SUM; 24 rows expected
2025-12-15,24,7.399630388933778e-05,HOURLY_ACCRUAL_SUM; 24 rows expected
2025-12-16,24,2.0155451830863627e-05,HOURLY_ACCRUAL_SUM; 24 rows expected
2025-12-17,24,7.397936343497613e-05,HOURLY_ACCRUAL_SUM; 24 rows expected
2025-12-18,24,0.00015260106838492474,HOURLY_ACCRUAL_SUM; 24 rows expected
2025-12-19,24,0.00021175683280761303,HOURLY_ACCRUAL_SUM; 24 rows expected
2025-12-20,24,9.071565473627586e-05,HOURLY_ACCRUAL_SUM; 24 rows expected
2025-12-21,24,1.3993519406228863e-05,HOURLY_ACCRUAL_SUM; 24 rows expected
2025-12-22,24,0.00012391849017815036,HOURLY_ACCRUAL_SUM; 24 rows expected
2025-12-23,24,3.563847282051167e-05,HOURLY_ACCRUAL_SUM; 24 rows expected
2025-12-24,24,8.110890252373078e-05,HOURLY_ACCRUAL_SUM; 24 rows expected
2025-12-25,24,4.8251496963330963e-05,HOURLY_ACCRUAL_SUM; 24 rows expected
2025-12-26,24,0.0003090124226197611,HOURLY_ACCRUAL_SUM; 24 rows expected
2025-12-27,24,0.00017378958181769446,HOURLY_ACCRUAL_SUM; 24 rows expected
2025-12-28,24,0.0001498399482274211,HOURLY_ACCRUAL_SUM; 24 rows expected
2025-12-29,24,0.00039279652844781713,HOURLY_ACCRUAL_SUM; 24 rows expected
2025-12-30,24,0.0001610861361941302,HOURLY_ACCRUAL_SUM; 24 rows expected
2025-12-31,24,0.0003608458849369042,HOURLY_ACCRUAL_SUM; 24 rows expected
2026-01-01,24,0.00031491699015367736,HOURLY_ACCRUAL_SUM; 24 rows expected
2026-01-02,24,0.0003179834294903196,HOURLY_ACCRUAL_SUM; 24 rows expected
2026-01-03,24,0.00015053424576472584,HOURLY_ACCRUAL_SUM; 24 rows expected
2026-01-04,24,0.00032446469072715126,HOURLY_ACCRUAL_SUM; 24 rows expected
2026-01-05,24,0.00032124756497935,HOURLY_ACCRUAL_SUM; 24 rows expected
2026-01-06,24,0.0002091783559719955,HOURLY_ACCRUAL_SUM; 24 rows expected
2026-01-07,24,0.0001391146919255685,HOURLY_ACCRUAL_SUM; 24 rows expected
2026-01-08,24,4.5834319574059946e-05,HOURLY_ACCRUAL_SUM; 24 rows expected
2026-01-09,24,9.030564882513398e-05,HOURLY_ACCRUAL_SUM; 24 rows expected
2026-01-10,24,0.00023279491284144407,HOURLY_ACCRUAL_SUM; 24 rows expected
2026-01-11,24,0.00017758531416468378,HOURLY_ACCRUAL_SUM; 24 rows expected
2026-01-12,24,0.00025019632733887443,HOURLY_ACCRUAL_SUM; 24 rows expected
2026-01-13,24,0.0001911730858530382,HOURLY_ACCRUAL_SUM; 24 rows expected
2026-01-14,24,0.00010505659878879183,HOURLY_ACCRUAL_SUM; 24 rows expected
2026-01-15,24,6.731512548230055e-06,HOURLY_ACCRUAL_SUM; 24 rows expected
2026-01-16,24,6.884021088986503e-05,HOURLY_ACCRUAL_SUM; 24 rows expected
2026-01-17,24,6.826949877542142e-06,HOURLY_ACCRUAL_SUM; 24 rows expected
2026-01-18,24,7.8306321430773e-07,HOURLY_ACCRUAL_SUM; 24 rows expected
2026-01-19,24,5.391791761763112e-05,HOURLY_ACCRUAL_SUM; 24 rows expected
2026-01-20,24,3.5751718960898666e-05,HOURLY_ACCRUAL_SUM; 24 rows expected
2026-01-21,24,0.00027340752367605215,HOURLY_ACCRUAL_SUM; 24 rows expected
2026-01-22,24,0.00022365144804447116,HOURLY_ACCRUAL_SUM; 24 rows expected
2026-01-23,24,0.0002093893918169681,HOURLY_ACCRUAL_SUM; 24 rows expected
2026-01-24,24,0.00017862478836680852,HOURLY_ACCRUAL_SUM; 24 rows expected
2026-01-25,24,0.00010485504722964542,HOURLY_ACCRUAL_SUM; 24 rows expected
2026-01-26,24,0.0001719547426873269,HOURLY_ACCRUAL_SUM; 24 rows expected
2026-01-27,24,9.944532945885609e-05,HOURLY_ACCRUAL_SUM; 24 rows expected
2026-01-28,24,0.00024046635440979876,HOURLY_ACCRUAL_SUM; 24 rows expected
2026-01-29,24,7.768939299659402e-05,HOURLY_ACCRUAL_SUM; 24 rows expected
2026-01-30,24,3.3764026993034094e-05,HOURLY_ACCRUAL_SUM; 24 rows expected
2026-01-31,24,0.00010708942892899343,HOURLY_ACCRUAL_SUM; 24 rows expected
2026-02-01,24,-2.501017118982949e-06,HOURLY_ACCRUAL_SUM; 24 rows expected
2026-02-02,24,-1.4539100102576931e-05,HOURLY_ACCRUAL_SUM; 24 rows expected
2026-02-03,24,-7.630648283667022e-06,HOURLY_ACCRUAL_SUM; 24 rows expected
2026-02-04,24,6.863140374386949e-05,HOURLY_ACCRUAL_SUM; 24 rows expected
2026-02-05,24,6.091614275512744e-06,HOURLY_ACCRUAL_SUM; 24 rows expected
2026-02-06,24,-0.0003393736097809208,HOURLY_ACCRUAL_SUM; 24 rows expected
2026-02-07,24,-1.1956466163431692e-05,HOURLY_ACCRUAL_SUM; 24 rows expected
2026-02-08,24,-8.87378616264597e-08,HOURLY_ACCRUAL_SUM; 24 rows expected
2026-02-09,24,1.479446482369919e-07,HOURLY_ACCRUAL_SUM; 24 rows expected
2026-02-10,24,-2.7447031711095416e-06,HOURLY_ACCRUAL_SUM; 24 rows expected
2026-02-11,24,-4.793300808149526e-05,HOURLY_ACCRUAL_SUM; 24 rows expected
2026-02-12,24,1.9413272659140612e-05,HOURLY_ACCRUAL_SUM; 24 rows expected
2026-02-13,24,-5.3950222924455686e-05,HOURLY_ACCRUAL_SUM; 24 rows expected
2026-02-14,24,-2.7164779204859806e-08,HOURLY_ACCRUAL_SUM; 24 rows expected
2026-02-15,24,-4.535572257817116e-06,HOURLY_ACCRUAL_SUM; 24 rows expected
2026-02-16,24,-7.12732594546725e-06,HOURLY_ACCRUAL_SUM; 24 rows expected
2026-02-17,24,-2.330684305272736e-06,HOURLY_ACCRUAL_SUM; 24 rows expected
2026-02-18,24,-2.300344575649469e-05,HOURLY_ACCRUAL_SUM; 24 rows expected
2026-02-19,24,-1.1463152605938252e-05,HOURLY_ACCRUAL_SUM; 24 rows expected
2026-02-20,24,1.2662493510688116e-05,HOURLY_ACCRUAL_SUM; 24 rows expected
2026-02-21,24,3.186036559851917e-05,HOURLY_ACCRUAL_SUM; 24 rows expected
2026-02-22,24,-1.8665267255229972e-05,HOURLY_ACCRUAL_SUM; 24 rows expected
2026-02-23,24,-6.061416473599782e-05,HOURLY_ACCRUAL_SUM; 24 rows expected
2026-02-24,24,-0.00020325669737578637,HOURLY_ACCRUAL_SUM; 24 rows expected
2026-02-25,24,-3.5342840196062824e-05,HOURLY_ACCRUAL_SUM; 24 rows expected
2026-02-26,24,-7.64568269174008e-05,HOURLY_ACCRUAL_SUM; 24 rows expected
2026-02-27,24,-0.0001262584574312659,HOURLY_ACCRUAL_SUM; 24 rows expected
2026-02-28,24,-0.00019583338044032277,HOURLY_ACCRUAL_SUM; 24 rows expected
2026-03-01,24,-0.00011970988605070454,HOURLY_ACCRUAL_SUM; 24 rows expected
2026-03-02,24,-3.957724295825906e-06,HOURLY_ACCRUAL_SUM; 24 rows expected
2026-03-03,24,-2.1822351857352305e-05,HOURLY_ACCRUAL_SUM; 24 rows expected
2026-03-04,24,-3.1806599857889394e-05,HOURLY_ACCRUAL_SUM; 24 rows expected
2026-03-05,24,3.128936588343025e-05,HOURLY_ACCRUAL_SUM; 24 rows expected
2026-03-06,24,-1.8047402887183205e-05,HOURLY_ACCRUAL_SUM; 24 rows expected
2026-03-07,24,-1.8982360031312833e-05,HOURLY_ACCRUAL_SUM; 24 rows expected
2026-03-08,24,-7.637240596579662e-06,HOURLY_ACCRUAL_SUM; 24 rows expected
2026-03-09,24,1.5177798649790675e-05,HOURLY_ACCRUAL_SUM; 24 rows expected
2026-03-10,24,3.778229321922958e-06,HOURLY_ACCRUAL_SUM; 24 rows expected
2026-03-11,24,-2.4627575030288767e-06,HOURLY_ACCRUAL_SUM; 24 rows expected
2026-03-12,24,1.648573310561502e-06,HOURLY_ACCRUAL_SUM; 24 rows expected
2026-03-13,24,1.9683364562065426e-05,HOURLY_ACCRUAL_SUM; 24 rows expected
2026-03-14,24,1.1955048022214395e-06,HOURLY_ACCRUAL_SUM; 24 rows expected
2026-03-15,24,1.8577838464108877e-06,HOURLY_ACCRUAL_SUM; 24 rows expected
2026-03-16,24,1.1601243357634374e-05,HOURLY_ACCRUAL_SUM; 24 rows expected
2026-03-17,24,9.906649565517526e-06,HOURLY_ACCRUAL_SUM; 24 rows expected
2026-03-18,24,1.3891361679228714e-05,HOURLY_ACCRUAL_SUM; 24 rows expected
2026-03-19,24,2.47187888799675e-06,HOURLY_ACCRUAL_SUM; 24 rows expected
2026-03-20,24,2.1777872288475915e-05,HOURLY_ACCRUAL_SUM; 24 rows expected
2026-03-21,24,0.00010105088334935692,HOURLY_ACCRUAL_SUM; 24 rows expected
2026-03-22,24,-1.3063043720998613e-05,HOURLY_ACCRUAL_SUM; 24 rows expected
2026-03-23,24,9.26318398041261e-05,HOURLY_ACCRUAL_SUM; 24 rows expected
2026-03-24,24,2.2574890578450552e-05,HOURLY_ACCRUAL_SUM; 24 rows expected
2026-03-25,24,6.292281052461636e-05,HOURLY_ACCRUAL_SUM; 24 rows expected
2026-03-26,24,1.5791320098976556e-05,HOURLY_ACCRUAL_SUM; 24 rows expected
2026-03-27,24,3.107183899439656e-05,HOURLY_ACCRUAL_SUM; 24 rows expected
2026-03-28,24,-5.212356879640455e-06,HOURLY_ACCRUAL_SUM; 24 rows expected
2026-03-29,24,4.253294503850988e-05,HOURLY_ACCRUAL_SUM; 24 rows expected
2026-03-30,24,6.858401333696595e-05,HOURLY_ACCRUAL_SUM; 24 rows expected
2026-03-31,24,8.947217736982896e-05,HOURLY_ACCRUAL_SUM; 24 rows expected
2026-04-01,24,0.00010098351946588047,HOURLY_ACCRUAL_SUM; 24 rows expected
2026-04-02,24,-8.678396548157155e-05,HOURLY_ACCRUAL_SUM; 24 rows expected
2026-04-03,24,8.353029668335797e-05,HOURLY_ACCRUAL_SUM; 24 rows expected
2026-04-04,24,5.6230368450322975e-05,HOURLY_ACCRUAL_SUM; 24 rows expected
2026-04-05,24,1.0513986857387667e-05,HOURLY_ACCRUAL_SUM; 24 rows expected
2026-04-06,24,7.518831400216685e-05,HOURLY_ACCRUAL_SUM; 24 rows expected
2026-04-07,24,4.482922160068313e-06,HOURLY_ACCRUAL_SUM; 24 rows expected
2026-04-08,24,0.00012159270152893324,HOURLY_ACCRUAL_SUM; 24 rows expected
2026-04-09,24,2.2742195109604675e-07,HOURLY_ACCRUAL_SUM; 24 rows expected
2026-04-10,24,2.362552763063106e-05,HOURLY_ACCRUAL_SUM; 24 rows expected
2026-04-11,24,2.0738799256789046e-06,HOURLY_ACCRUAL_SUM; 24 rows expected
2026-04-12,24,1.8184824394152313e-05,HOURLY_ACCRUAL_SUM; 24 rows expected
2026-04-13,24,-2.0820111728152928e-05,HOURLY_ACCRUAL_SUM; 24 rows expected
2026-04-14,24,-3.0711828194863504e-05,HOURLY_ACCRUAL_SUM; 24 rows expected
2026-04-15,24,-2.0317131433634317e-06,HOURLY_ACCRUAL_SUM; 24 rows expected
2026-04-16,24,1.7471638703710034e-05,HOURLY_ACCRUAL_SUM; 24 rows expected
2026-04-17,24,-3.783309908473431e-05,HOURLY_ACCRUAL_SUM; 24 rows expected
2026-04-18,24,-2.2855219492037085e-05,HOURLY_ACCRUAL_SUM; 24 rows expected
2026-04-19,24,1.027242549262367e-05,HOURLY_ACCRUAL_SUM; 24 rows expected
2026-04-20,24,-9.529342440556024e-06,HOURLY_ACCRUAL_SUM; 24 rows expected
2026-04-21,24,5.5598263497460695e-06,HOURLY_ACCRUAL_SUM; 24 rows expected
2026-04-22,24,-0.00010555696968128181,HOURLY_ACCRUAL_SUM; 24 rows expected
2026-04-23,24,-8.177845224546208e-05,HOURLY_ACCRUAL_SUM; 24 rows expected
2026-04-24,24,-4.0121819820826945e-05,HOURLY_ACCRUAL_SUM; 24 rows expected
2026-04-25,24,-7.73219996542883e-05,HOURLY_ACCRUAL_SUM; 24 rows expected
2026-04-26,24,1.5240961433360615e-07,HOURLY_ACCRUAL_SUM; 24 rows expected
2026-04-27,24,-4.4911532296815294e-06,HOURLY_ACCRUAL_SUM; 24 rows expected
2026-04-28,24,-4.015373094062763e-05,HOURLY_ACCRUAL_SUM; 24 rows expected
2026-04-29,24,-1.3147450399658797e-05,HOURLY_ACCRUAL_SUM; 24 rows expected
2026-04-30,24,-1.7338899961784715e-06,HOURLY_ACCRUAL_SUM; 24 rows expected
2026-05-01,24,7.022493222296115e-05,HOURLY_ACCRUAL_SUM; 24 rows expected
2026-05-02,24,1.914382723905977e-06,HOURLY_ACCRUAL_SUM; 24 rows expected
2026-05-03,24,1.2865127963621485e-05,HOURLY_ACCRUAL_SUM; 24 rows expected
2026-05-04,24,5.504954993740714e-07,HOURLY_ACCRUAL_SUM; 24 rows expected
2026-05-05,24,-4.349821762738569e-05,HOURLY_ACCRUAL_SUM; 24 rows expected
2026-05-06,24,-1.5024341233171069e-05,HOURLY_ACCRUAL_SUM; 24 rows expected
2026-05-07,24,5.236934603592007e-05,HOURLY_ACCRUAL_SUM; 24 rows expected
2026-05-08,24,1.3339734222394885e-05,HOURLY_ACCRUAL_SUM; 24 rows expected
2026-05-09,24,7.836109509734542e-05,HOURLY_ACCRUAL_SUM; 24 rows expected
2026-05-10,24,6.847453032135195e-05,HOURLY_ACCRUAL_SUM; 24 rows expected
2026-05-11,24,0.0001166277617914402,HOURLY_ACCRUAL_SUM; 24 rows expected
2026-05-12,24,1.303416834588547e-05,HOURLY_ACCRUAL_SUM; 24 rows expected
2026-05-13,24,5.071252213008976e-05,HOURLY_ACCRUAL_SUM; 24 rows expected
2026-05-14,24,-1.1800284510681931e-05,HOURLY_ACCRUAL_SUM; 24 rows expected
2026-05-15,24,-3.18331142535054e-07,HOURLY_ACCRUAL_SUM; 24 rows expected
2026-05-16,24,-5.227990315379625e-07,HOURLY_ACCRUAL_SUM; 24 rows expected
2026-05-17,24,-3.607445166660542e-05,HOURLY_ACCRUAL_SUM; 24 rows expected
2026-05-18,24,-8.58514020063876e-06,HOURLY_ACCRUAL_SUM; 24 rows expected
2026-05-19,24,2.202412203679218e-08,HOURLY_ACCRUAL_SUM; 24 rows expected
2026-05-20,24,5.602204526245076e-05,HOURLY_ACCRUAL_SUM; 24 rows expected
2026-05-21,24,6.649632873923547e-05,HOURLY_ACCRUAL_SUM; 24 rows expected
2026-05-22,24,3.047697779558071e-05,HOURLY_ACCRUAL_SUM; 24 rows expected
2026-05-23,24,-2.619965840945827e-05,HOURLY_ACCRUAL_SUM; 24 rows expected
2026-05-24,24,-1.5546589186345562e-05,HOURLY_ACCRUAL_SUM; 24 rows expected
2026-05-25,24,7.114972173726422e-07,HOURLY_ACCRUAL_SUM; 24 rows expected
2026-05-26,24,3.6471145412781096e-06,HOURLY_ACCRUAL_SUM; 24 rows expected
2026-05-27,24,4.202790601271426e-05,HOURLY_ACCRUAL_SUM; 24 rows expected
2026-05-28,24,9.340590028891806e-05,HOURLY_ACCRUAL_SUM; 24 rows expected
2026-05-29,24,0.00016876140845772263,HOURLY_ACCRUAL_SUM; 24 rows expected
2026-05-30,24,4.0857471716020674e-05,HOURLY_ACCRUAL_SUM; 24 rows expected
2026-05-31,24,2.8365089388295794e-05,HOURLY_ACCRUAL_SUM; 24 rows expected
2026-06-01,24,3.1124531897699985e-06,HOURLY_ACCRUAL_SUM; 24 rows expected
2026-06-02,24,-2.6635342119940733e-05,HOURLY_ACCRUAL_SUM; 24 rows expected
2026-06-03,24,-2.5938633896163118e-05,HOURLY_ACCRUAL_SUM; 24 rows expected
2026-06-04,24,-0.00031318434800541435,HOURLY_ACCRUAL_SUM; 24 rows expected
2026-06-05,24,-0.00016539828029610664,HOURLY_ACCRUAL_SUM; 24 rows expected
2026-06-06,24,-4.97689975535677e-06,HOURLY_ACCRUAL_SUM; 24 rows expected
2026-06-07,24,-1.8985556777834906e-06,HOURLY_ACCRUAL_SUM; 24 rows expected
2026-06-08,24,-2.8673580014489447e-06,HOURLY_ACCRUAL_SUM; 24 rows expected
2026-06-09,24,1.8394019874116293e-05,HOURLY_ACCRUAL_SUM; 24 rows expected
2026-06-10,24,6.369707652360637e-06,HOURLY_ACCRUAL_SUM; 24 rows expected
2026-06-11,24,1.6157939814782235e-05,HOURLY_ACCRUAL_SUM; 24 rows expected
2026-06-12,24,2.2337310492334364e-05,HOURLY_ACCRUAL_SUM; 24 rows expected
2026-06-13,24,1.534504714669906e-07,HOURLY_ACCRUAL_SUM; 24 rows expected
2026-06-14,24,1.7460242258913332e-06,HOURLY_ACCRUAL_SUM; 24 rows expected
2026-06-15,24,1.850449280476273e-07,HOURLY_ACCRUAL_SUM; 24 rows expected
2026-06-16,24,2.3840488014710682e-05,HOURLY_ACCRUAL_SUM; 24 rows expected
2026-06-17,24,1.0554434734226368e-05,HOURLY_ACCRUAL_SUM; 24 rows expected
2026-06-18,24,7.2399982012244754e-06,HOURLY_ACCRUAL_SUM; 24 rows expected
2026-06-19,24,-1.7197998877041497e-05,HOURLY_ACCRUAL_SUM; 24 rows expected
2026-06-20,24,-3.7845671368913446e-06,HOURLY_ACCRUAL_SUM; 24 rows expected
2026-06-21,24,1.4663290833516712e-05,HOURLY_ACCRUAL_SUM; 24 rows expected
2026-06-22,24,5.633660282710157e-06,HOURLY_ACCRUAL_SUM; 24 rows expected
2026-06-23,24,-4.39183637409738e-06,HOURLY_ACCRUAL_SUM; 24 rows expected
2026-06-24,24,3.511578567385698e-06,HOURLY_ACCRUAL_SUM; 24 rows expected
2026-06-25,24,-6.77057121129795e-05,HOURLY_ACCRUAL_SUM; 24 rows expected
2026-06-26,24,6.955166254288839e-05,HOURLY_ACCRUAL_SUM; 24 rows expected
2026-06-27,24,6.540735126766374e-05,HOURLY_ACCRUAL_SUM; 24 rows expected
2026-06-28,24,1.3812163679567517e-05,HOURLY_ACCRUAL_SUM; 24 rows expected
2026-06-29,24,0.0001677329351714895,HOURLY_ACCRUAL_SUM; 24 rows expected
2026-06-30,24,2.3227833984210175e-05,HOURLY_ACCRUAL_SUM; 24 rows expected
2026-07-01,24,5.803317663316742e-05,HOURLY_ACCRUAL_SUM; 24 rows expected
2026-07-02,24,4.162891863082535e-05,HOURLY_ACCRUAL_SUM; 24 rows expected
2026-07-03,24,0.00010121768346362923,HOURLY_ACCRUAL_SUM; 24 rows expected
2026-07-04,24,3.015803461447533e-06,HOURLY_ACCRUAL_SUM; 24 rows expected
2026-07-05,24,8.343738815885955e-05,HOURLY_ACCRUAL_SUM; 24 rows expected
2026-07-06,24,0.0002362339565485439,HOURLY_ACCRUAL_SUM; 24 rows expected
2026-07-07,24,0.00014649923455240432,HOURLY_ACCRUAL_SUM; 24 rows expected
2026-07-08,24,0.00011741794706906646,HOURLY_ACCRUAL_SUM; 24 rows expected
2026-07-09,24,0.00014487952377874436,HOURLY_ACCRUAL_SUM; 24 rows expected
2026-07-10,24,0.00024284869452914426,HOURLY_ACCRUAL_SUM; 24 rows expected
2026-07-11,24,0.00018369935424491945,HOURLY_ACCRUAL_SUM; 24 rows expected
2026-07-12,24,0.00010252563557713117,HOURLY_ACCRUAL_SUM; 24 rows expected
2026-07-13,24,0.00020774677294046874,HOURLY_ACCRUAL_SUM; 24 rows expected
2026-07-14,24,3.50813463478871e-05,HOURLY_ACCRUAL_SUM; 24 rows expected
2026-07-15,24,0.0002093264110281911,HOURLY_ACCRUAL_SUM; 24 rows expected
2026-07-16,24,0.00010979716135551027,HOURLY_ACCRUAL_SUM; 24 rows expected
2026-07-17,24,3.163753133397892e-05,HOURLY_ACCRUAL_SUM; 24 rows expected
2026-07-18,24,5.5797468695237225e-05,HOURLY_ACCRUAL_SUM; 24 rows expected
2026-07-19,24,0.0002308586802038358,HOURLY_ACCRUAL_SUM; 24 rows expected
2026-07-20,24,0.00012681807152462436,HOURLY_ACCRUAL_SUM; 24 rows expected
2026-07-21,24,0.00018050789286501944,HOURLY_ACCRUAL_SUM; 24 rows expected
2026-07-22,24,0.00019681995821072657,HOURLY_ACCRUAL_SUM; 24 rows expected
2026-07-23,24,3.0019624710178815e-05,HOURLY_ACCRUAL_SUM; 24 rows expected
2026-07-24,24,5.555770563713205e-05,HOURLY_ACCRUAL_SUM; 24 rows expected
2026-07-25,24,2.4208109763302894e-05,HOURLY_ACCRUAL_SUM; 24 rows expected
2026-07-26,24,2.1358989623803025e-05,HOURLY_ACCRUAL_SUM; 24 rows expected
2026-07-27,24,0.00020360037875220187,HOURLY_ACCRUAL_SUM; 24 rows expected
2026-07-28,24,9.285050410768941e-05,HOURLY_ACCRUAL_SUM; 24 rows expected
2026-07-29,24,0.0002195741846753264,HOURLY_ACCRUAL_SUM; 24 rows expected
2026-07-30,24,0.00029861352372872796,HOURLY_ACCRUAL_SUM; 24 rows expected
2026-07-31,24,9.655987264571949e-05,HOURLY_ACCRUAL_SUM; 24 rows expected
2026-08-01,24,6.240191231883242e-05,HOURLY_ACCRUAL_SUM; 24 rows expected
2026-08-02,24,6.619442686483197e-05,HOURLY_ACCRUAL_SUM; 24 rows expected
2026-08-03,24,0.00013897184769500406,HOURLY_ACCRUAL_SUM; 24 rows expected
2026-08-04,24,0.00010372321304412754,HOURLY_ACCRUAL_SUM; 24 rows expected
2026-08-05,24,5.444840000938336e-05,HOURLY_ACCRUAL_SUM; 24 rows expected
2026-08-06,24,3.494161796266785e-05,HOURLY_ACCRUAL_SUM; 24 rows expected
2026-08-07,24,1.4325868517877095e-05,HOURLY_ACCRUAL_SUM; 24 rows expected
2026-08-08,24,3.7586541445239435e-07,HOURLY_ACCRUAL_SUM; 24 rows expected
2026-08-09,24,2.118293892844252e-07,HOURLY_ACCRUAL_SUM; 24 rows expected
2026-08-10,24,3.5882312916864234e-05,HOURLY_ACCRUAL_SUM; 24 rows expected
2026-08-11,24,7.174301336995465e-05,HOURLY_ACCRUAL_SUM; 24 rows expected
2026-08-12,24,0.0001864547854751106,HOURLY_ACCRUAL_SUM; 24 rows expected
2026-08-13,24,0.0002476310298587764,HOURLY_ACCRUAL_SUM; 24 rows expected
2026-08-14,24,0.00017576833563612228,HOURLY_ACCRUAL_SUM; 24 rows expected
2026-08-15,24,1.5186513172508842e-05,HOURLY_ACCRUAL_SUM; 24 rows expected
2026-08-16,24,2.7269046402472913e-06,HOURLY_ACCRUAL_SUM; 24 rows expected
2026-08-17,24,0.00011129120528975704,HOURLY_ACCRUAL_SUM; 24 rows expected
2026-08-18,24,3.154578306879734e-05,HOURLY_ACCRUAL_SUM; 24 rows expected
2026-08-19,24,0.00011383202501409452,HOURLY_ACCRUAL_SUM; 24 rows expected
2026-08-20,24,0.00028472838522882696,HOURLY_ACCRUAL_SUM; 24 rows expected
2026-08-21,24,0.00017650732826720854,HOURLY_ACCRUAL_SUM; 24 rows expected
2026-08-22,24,0.0003103045299173371,HOURLY_ACCRUAL_SUM; 24 rows expected
2026-08-23,24,0.00020547436107113898,HOURLY_ACCRUAL_SUM; 24 rows expected
2026-08-24,24,0.00013175077927008878,HOURLY_ACCRUAL_SUM; 24 rows expected
2026-08-25,24,6.512351075993542e-05,HOURLY_ACCRUAL_SUM; 24 rows expected
2026-08-26,24,0.00010314420870625187,HOURLY_ACCRUAL_SUM; 24 rows expected
2026-08-27,24,0.00017840978048358995,HOURLY_ACCRUAL_SUM; 24 rows expected
2026-08-28,24,1.1107271391625157e-05,HOURLY_ACCRUAL_SUM; 24 rows expected
2026-08-29,24,4.8750639441177036e-05,HOURLY_ACCRUAL_SUM; 24 rows expected
2026-08-30,24,9.32440165311637e-05,HOURLY_ACCRUAL_SUM; 24 rows expected
2026-08-31,24,0.00024638327035459226,HOURLY_ACCRUAL_SUM; 24 rows expected
2026-09-01,24,0.00018437417703364657,HOURLY_ACCRUAL_SUM; 24 rows expected
2026-09-02,24,0.00016454762933649646,HOURLY_ACCRUAL_SUM; 24 rows expected
2026-09-03,24,0.00015763962677155921,HOURLY_ACCRUAL_SUM; 24 rows expected
2026-09-04,24,-1.8919517400656146e-05,HOURLY_ACCRUAL_SUM; 24 rows expected
2026-09-05,24,-6.384724622799843e-05,HOURLY_ACCRUAL_SUM; 24 rows expected
2026-09-06,24,-2.648031087362654e-07,HOURLY_ACCRUAL_SUM; 24 rows expected
2026-09-07,24,5.5745075642408924e-06,HOURLY_ACCRUAL_SUM; 24 rows expected
2026-09-08,24,7.941781855366235e-05,HOURLY_ACCRUAL_SUM; 24 rows expected
2026-09-09,24,0.0001577510008274915,HOURLY_ACCRUAL_SUM; 24 rows expected
2026-09-10,24,3.461065673354474e-05,HOURLY_ACCRUAL_SUM; 24 rows expected
2026-09-11,24,2.627345553645166e-05,HOURLY_ACCRUAL_SUM; 24 rows expected
2026-09-12,24,8.224346082458579e-07,HOURLY_ACCRUAL_SUM; 24 rows expected
2026-09-13,24,4.929475071963379e-05,HOURLY_ACCRUAL_SUM; 24 rows expected
2026-09-14,24,1.1485583318073649e-05,HOURLY_ACCRUAL_SUM; 24 rows expected
2026-09-15,24,7.727854423348902e-05,HOURLY_ACCRUAL_SUM; 24 rows expected
2026-09-16,24,0.00017849879414911571,HOURLY_ACCRUAL_SUM; 24 rows expected
2026-09-17,24,0.00017156534852747615,HOURLY_ACCRUAL_SUM; 24 rows expected
2026-09-18,24,6.366670961495926e-05,HOURLY_ACCRUAL_SUM; 24 rows expected
2026-09-19,24,0.00033509842110509864,HOURLY_ACCRUAL_SUM; 24 rows expected
2026-09-20,24,0.00019796756292053406,HOURLY_ACCRUAL_SUM; 24 rows expected
2026-09-21,23,0.0005501449340575741,HOURLY_ACCRUAL_SUM; 24 rows expected
2026-09-22,24,0.0003408568735327178,HOURLY_ACCRUAL_SUM; 24 rows expected
2026-09-23,17,0.00023908938601357543,HOURLY_ACCRUAL_SUM; 24 rows expected
