,score,O072,M066,O067,O059,O081,C101
2010-02-07,,,,,0.5192307692307692,,
2010-02-08,,,,,0.5205479452054795,,
2010-02-09,,,,,0.5218579234972678,,
2010-02-10,,,,,0.10354223433242504,,
2010-02-11,,,,,0.10597826086956519,,
2010-02-12,,,,,0.1842818428184282,,
2010-02-13,,,,,0.18918918918918914,,
2010-02-14,,,,,0.19946091644204855,,
2010-02-15,,,,,0.2123655913978495,,
2010-02-16,,,,,0.21715817694369977,,
2010-02-17,,,,,0.22192513368983957,,
2010-02-18,,,,,0.23199999999999998,,
2010-02-19,,,,,0.23404255319148937,,
2010-02-20,,,,,0.23607427055702923,,
2010-02-21,,,,,0.23809523809523814,,
2010-02-22,,,,,0.2453825857519789,,
2010-02-23,,,,,0.25,,
2010-02-24,,,,,0.25196850393700787,,
2010-02-25,,,,,0.25130890052356025,,
2010-02-26,,,,,0.25065274151436034,,
2010-02-27,,,,,0.25260416666666663,,
2010-02-28,,,,,0.2519480519480519,,
2010-03-01,,,,,0.24352331606217614,,
2010-03-02,,,,,0.24289405684754517,,
2010-03-03,,,,,0.24742268041237114,,
2010-03-04,,,,,0.24164524421593825,,
2010-03-05,,,,,0.2512820512820513,,
2010-03-06,,,,,0.23785166240409206,,
2010-03-07,,,,,0.23469387755102045,,
2010-03-08,,,,,0.2290076335877863,,
2010-03-09,,,,0.989010989010989,0.2233502538071066,,
2010-03-10,,,,0.9863013698630136,0.22278481012658224,,
2010-03-11,,,,0.9808743169398907,0.21717171717171713,,
2010-03-12,,,,0.9754768392370572,1.0,,
2010-03-13,,,,0.9728260869565217,1.0,,
2010-03-14,,,,0.981029810298103,1.0,,
2010-03-15,,,,0.9756756756756757,1.0,,
2010-03-16,,,,0.9649595687331537,1.0,,
2010-03-17,,,,0.9596774193548387,1.0,,
2010-03-18,,,,0.9517426273458445,1.0,,
2010-03-19,,,,0.946524064171123,1.0,,
2010-03-20,,,,0.9333333333333333,1.0,,
2010-03-21,,,,0.9202127659574468,1.0,,
2010-03-22,,,,0.9045092838196287,1.0,,
2010-03-23,,,,0.8915343915343915,1.0,,
2010-03-24,,,,0.8865435356200527,1.0,,
2010-03-25,,,,0.8736842105263158,1.0,,
2010-03-26,,,,0.868766404199475,1.0,,
2010-03-27,,,,0.8586387434554974,1.0,,
2010-03-28,,,,0.8485639686684073,1.0,,
2010-03-29,,,,0.8359375,1.0,,
2010-03-30,,,,0.825974025974026,1.0,,
2010-03-31,,,,0.8212435233160622,1.0,,
2010-04-01,,,,0.8010335917312662,1.0,,
2010-04-02,,,,0.7809278350515464,1.0,,
2010-04-03,,,,0.7737789203084833,1.0,,
2010-04-04,,,,0.7512820512820513,1.0,,
2010-04-05,,,,0.7493606138107417,0.513064133016627,,
2010-04-06,,,,0.7423469387755102,0.5118483412322274,,
2010-04-07,,,,0.7404580152671756,0.508274231678487,,
2010-04-08,,,,0.748730964467005,0.5188679245283019,,
2010-04-09,,,,0.7493670886075949,0.5223529411764706,,
2010-04-10,,,,0.73989898989899,0.5234741784037559,,
2010-04-11,,,,0.7707808564231738,0.5316159250585479,,
2010-04-12,,,,0.7864321608040201,0.5350467289719626,,
2010-04-13,,,,0.7919799498746867,0.5361305361305362,,
2010-04-14,,,,0.8075,0.5372093023255814,,
2010-04-15,,,,0.8229426433915212,0.5382830626450116,,
2010-04-16,,,,0.8383084577114428,0.5393518518518519,,
2010-04-17,,,,0.8511166253101737,0.5404157043879907,,
2010-04-18,,,,0.8663366336633663,0.5414746543778801,,
2010-04-19,,,,0.8790123456790123,0.542528735632184,,
2010-04-20,,,,0.8817733990147784,0.5435779816513762,,
2010-04-21,,,,0.8845208845208845,0.5446224256292906,,
2010-04-22,,,,0.8897058823529411,0.545662100456621,,
2010-04-23,,,,0.8899755501222494,0.5421412300683371,,
2010-04-24,,,,0.8951219512195122,0.5386363636363636,,
2010-04-25,,,,0.9002433090024331,0.5374149659863945,,
2010-04-26,,,,0.9101941747572816,0.5339366515837104,,
2010-04-27,,,,0.9297820823244553,0.5327313769751694,,
2010-04-28,,,,0.9396135265700483,0.5315315315315315,,
2010-04-29,,,,0.9421686746987952,0.5303370786516854,,
2010-04-30,,,,0.9399038461538461,0.5269058295964126,,
2010-05-01,,,,0.9424460431654677,0.5234899328859061,,
2010-05-02,,,,0.9473684210526315,0.5245535714285714,,
2010-05-03,,,,0.9498806682577565,0.5233853006681515,,
2010-05-04,,,,0.9523809523809523,0.5222222222222221,,
2010-05-05,,,,0.9477434679334917,1.0,,
2010-05-06,,,,0.95260663507109,1.0,,
2010-05-07,,,,0.9527186761229315,1.0,,
2010-05-08,,,,0.9339622641509434,1.0,,
2010-05-09,,,,0.9317647058823529,1.0,,
2010-05-10,,,,0.9295774647887324,1.0,,
2010-05-11,,,,0.9063231850117096,1.0,,
2010-05-12,,,,0.8761682242990654,1.0,,
2010-05-13,,,,0.8554778554778555,1.0,,
2010-05-14,,,,0.8418604651162791,1.0,,
2010-05-15,,,,0.8259860788863109,0.0,,
2010-05-16,,,,0.7962962962962963,0.0,,
2010-05-17,,,,0.7782909930715936,0.0,,
2010-05-18,,,,0.7511520737327189,0.0,,
2010-05-19,,,,0.7195402298850575,0.0,,
2010-05-20,,,,0.694954128440367,0.0,,
2010-05-21,,,,0.6819221967963387,0.0,,
2010-05-22,,,,0.6621004566210046,0.0,,
2010-05-23,,,,0.6469248291571754,0.0,,
2010-05-24,,,,0.6386363636363637,0.0021276595744680327,,
2010-05-25,,,,0.6281179138321995,0.00424628450106157,,
2010-05-26,,,,0.6131221719457014,0.006355932203389814,,
2010-05-27,,,,0.6072234762979684,0.008456659619450302,,
2010-05-28,,,,0.6013513513513513,0.010548523206751037,,
2010-05-29,,,,0.5842696629213483,0.012631578947368438,,
2010-05-30,,,,0.5807174887892377,0.014705882352941124,,
2010-05-31,,,,0.5794183445190156,0.016771488469601636,,
2010-06-01,,,,0.5647321428571429,0.014644351464435101,,
2010-06-02,,,,0.5567928730512249,0.012526096033402934,,
2010-06-03,,,,0.5555555555555556,0.012499999999999956,,
2010-06-04,,,,0.5565410199556541,0.016632016632016633,,
2010-06-05,,,,0.5508849557522124,0.014522821576763434,,
2010-06-06,,,,0.5474613686534217,0.01449275362318836,,
2010-06-07,,,,0.5484581497797357,0.022727272727272707,,
2010-06-08,,,,0.5428571428571428,0.024742268041237137,,
2010-06-09,,,,0.5416666666666666,0.030864197530864224,,
2010-06-10,,,,0.5536105032822757,0.03696098562628336,,
2010-06-11,,,,0.5633187772925764,0.03893442622950816,,
2010-06-12,,,,0.5751633986928104,0.04089979550102252,,
2010-06-13,,,,0.5804347826086956,0.042857142857142816,,
2010-06-14,,,,0.5986984815618221,0.06109979633401219,,
2010-06-15,,,,0.6212121212121212,0.11585365853658536,,
2010-06-16,,,,0.6393088552915767,0.11764705882352944,,
2010-06-17,,,,0.646551724137931,0.11740890688259109,,
2010-06-18,,,,0.6473118279569893,0.11717171717171715,,
2010-06-19,,,,0.648068669527897,0.11693548387096775,,
2010-06-20,,,,0.6295503211991434,0.11468812877263579,,
2010-06-21,,,,0.6474358974358975,0.11646586345381527,,
2010-06-22,,,,0.6375266524520256,1.0,,
2010-06-23,,,,0.6191489361702127,1.0,,
2010-06-24,,,,0.6305732484076433,1.0,,
2010-06-25,,,,0.6186440677966102,1.0,,
2010-06-26,,,,0.6109936575052854,1.0,,
2010-06-27,,,,0.6160337552742616,1.0,,
2010-06-28,,,,0.6189473684210526,1.0,,
2010-06-29,,,,0.6071428571428571,1.0,,
2010-06-30,,,,0.6037735849056604,1.0,,
2010-07-01,,,,0.6129707112970711,0.11220472440944884,,
2010-07-02,,,,0.6450939457202505,0.11394891944990182,,
2010-07-03,,,,0.6416666666666667,0.11568627450980395,,
2010-07-04,,,,0.6528066528066528,0.11741682974559686,,
2010-07-05,,,,0.6597510373443983,0.119140625,,
2010-07-06,,,,0.660455486542443,0.12085769980506822,,
2010-07-07,,,,0.6673553719008265,0.12256809338521402,,
2010-07-08,,,,0.668041237113402,0.12233009708737863,,
2010-07-09,,,,0.6646090534979424,0.12209302325581395,,
2010-07-10,,,,0.6673511293634496,0.12765957446808507,,
2010-07-11,,,,0.6700819672131147,0.1293436293436293,,
2010-07-12,,,,0.6646216768916156,0.1310211946050096,,
2010-07-13,,,,0.7795918367346939,0.13269230769230766,,
2010-07-14,,,,0.869653767820774,0.13435700575815734,,
2010-07-15,,,,0.9634146341463414,0.13601532567049812,,
2010-07-16,,,,1.0,0.10898661567877632,,
2010-07-17,,,,1.0,0.10877862595419852,,
2010-07-18,,,,1.0,0.10857142857142854,,
2010-07-19,,,,1.0,0.10836501901140683,,
2010-07-20,,,,1.0,0.10815939278937381,,
2010-07-21,,,,1.0,0.10795454545454541,,
2010-07-22,,,,1.0,0.11153119092627595,,
2010-07-23,,,,1.0,0.1132075471698113,,
2010-07-24,,,,1.0,0.11299435028248583,,
2010-07-25,,,,1.0,0.11654135338345861,,
2010-07-26,,,,1.0,0.05628517823639778,,
2010-07-27,,,,1.0,0.0561797752808989,,
2010-07-28,,,,1.0,0.05607476635514019,,
2010-07-29,,,,1.0,0.05597014925373134,,
2010-07-30,,,,1.0,0.05586592178770955,,
2010-07-31,,,,1.0,0.059479553903345694,,
2010-08-01,,,,1.0,0.0575139146567718,,
2010-08-02,,,,1.0,0.05740740740740746,,
2010-08-03,,,,1.0,0.05730129390018479,,
2010-08-04,,,,1.0,0.059040590405904037,,
2010-08-05,,,,1.0,0.06077348066298338,,
2010-08-06,,,,1.0,0.06433823529411764,,
2010-08-07,,,,1.0,0.053211009174311874,,
2010-08-08,,,,1.0,0.05494505494505497,,
2010-08-09,,,,1.0,0.05667276051188297,,
2010-08-10,,,,1.0,0.04014598540145986,,
2010-08-11,,,,1.0,0.041894353369763215,,
2010-08-12,,,,0.9942307692307693,0.0072727272727273196,,
2010-08-13,,,,0.9865642994241842,0.0,,
2010-08-14,,,,0.9789272030651341,0.0,,
2010-08-15,,,,0.9732313575525813,0.0,,
2010-08-16,,,,0.9675572519083969,0.0,,
2010-08-17,,,,0.9619047619047619,0.0,,
2010-08-18,,,,0.9562737642585551,0.003597122302158251,,
2010-08-19,,,,0.952561669829222,0.0,,
2010-08-20,,,,0.9488636363636364,0.0,,
2010-08-21,,,,0.945179584120983,0.0,,
2010-08-22,,,,0.9433962264150944,0.0,,
2010-08-23,,,,0.9397363465160076,0.005347593582887722,,
2010-08-24,,,,0.9379699248120301,0.007117437722419906,,
2010-08-25,,,,0.9343339587242027,0.017761989342806372,,
2010-08-26,,,,0.9325842696629213,0.024822695035460973,,
2010-08-27,,,,0.9289719626168225,0.060176991150442505,,
2010-08-28,,,,0.9272388059701493,0.08127208480565373,,
2010-08-29,,,,0.925512104283054,0.08465608465608465,,
2010-08-30,,,,0.9219330855018587,0.08626760563380287,,
2010-08-31,,,,0.9202226345083488,0.08435852372583474,,
2010-09-01,,,,0.9166666666666666,0.08421052631578951,,
2010-09-02,,,,0.9149722735674677,0.0840630472854641,,
2010-09-03,,,,0.9132841328413284,0.08391608391608396,,
2010-09-04,,,,0.9097605893186004,0.08376963350785338,,
2010-09-05,,,,0.9080882352941176,0.08362369337979092,,
2010-09-06,,,,0.9064220183486239,0.1026086956521739,,
2010-09-07,,,,0.9047619047619048,0.10416666666666663,,
2010-09-08,,,,0.8976234003656307,0.10225303292894283,,
2010-09-09,,,,0.8886861313868614,0.13148788927335642,,
2010-09-10,,,,0.8688524590163934,0.1295336787564767,,
2010-09-11,,,,0.86,0.1293103448275862,,
2010-09-12,,,,0.838475499092559,0.12908777969018936,,
2010-09-13,,,,0.8297101449275363,0.12886597938144329,,
2010-09-14,,,,0.8065099457504521,0.1286449399656947,,
2010-09-15,,,,0.7942238267148014,0.1284246575342466,,
2010-09-16,,,,0.7801801801801802,0.14188034188034193,,
2010-09-17,,,,0.7841726618705036,0.14334470989761094,,
2010-09-18,,,,0.7881508078994613,0.20102214650766614,,
2010-09-19,,,,0.8010752688172043,0.20068027210884354,,
2010-09-20,,,,0.7853309481216458,0.20203735144312396,,
2010-09-21,,,,0.7767857142857143,0.2033898305084746,,
2010-09-22,,,,0.7647058823529411,0.20135363790186123,,
2010-09-23,,,,0.7508896797153025,0.19932432432432434,,
2010-09-24,,,,0.7442273534635879,0.23440134907251264,,
2010-09-25,,,,0.7393617021276596,0.23737373737373735,,
2010-09-26,,,,0.7345132743362832,0.23529411764705888,,
2010-09-27,,,,0.7314487632508834,0.23993288590604023,,
2010-09-28,,,,0.7301587301587301,0.23953098827470687,,
2010-09-29,,,,0.7323943661971831,0.18561872909698995,,
2010-09-30,,,,0.7381370826010545,0.20033388981636058,,
2010-10-01,,,,0.7315789473684211,0.20999999999999996,,
2010-10-02,,,,0.7390542907180385,0.18635607321131442,,
2010-10-03,,,,0.7290209790209791,0.18604651162790697,,
2010-10-04,,,,0.7277486910994765,0.1840796019900498,,
2010-10-05,,,,0.7212543554006968,0.1837748344370861,,
2010-10-06,,,,0.7165217391304348,0.1834710743801653,,
2010-10-07,,,,0.7291666666666666,0.18481848184818483,,
2010-10-08,,,,0.7417677642980935,0.18616144975288307,,
2010-10-09,,,,0.740484429065744,0.1842105263157895,,
2010-10-10,,,,0.7478411053540587,0.2036124794745484,,
2010-10-11,,,,0.7551724137931034,0.20491803278688525,,
2010-10-12,,,,0.7607573149741824,0.2029459901800328,,
2010-10-13,,,,0.7577319587628866,0.2124183006535948,,
2010-10-14,,,,0.7667238421955404,0.1810766721044046,,
2010-10-15,,,,0.7688356164383562,0.1824104234527687,,
2010-10-16,,,,0.7743589743589744,0.18373983739837396,,
2010-10-17,,,,0.7747440273037542,0.18506493506493504,,
2010-10-18,,,,0.7802385008517888,0.18638573743922204,,
2010-10-19,,,,0.7772108843537415,0.2184466019417476,,
2010-10-20,,,,0.7758913412563667,0.21970920840064623,,
2010-10-21,,,,0.7745762711864407,0.22096774193548385,,
2010-10-22,,,,0.7952622673434856,0.22061191626409016,,
2010-10-23,,,,0.8125,0.22025723472668812,,
2010-10-24,,,,0.8043844856661045,0.2006420545746388,,
2010-10-25,,,,0.8114478114478114,0.20032051282051277,,
2010-10-26,,,,0.8252100840336134,0.19999999999999996,,
2010-10-27,,,,0.837248322147651,0.20607028753993606,,
2010-10-28,,,,0.8375209380234506,0.2089314194577353,,
2010-10-29,,,,0.8377926421404682,0.29299363057324845,,
2010-10-30,,,,0.8397328881469115,0.2941176470588235,,
2010-10-31,,,,0.8533333333333334,0.2952380952380952,,
2010-11-01,,,,0.8668885191347754,0.3977812995245642,,
2010-11-02,,,,0.8770764119601329,0.4113924050632911,,
2010-11-03,,,,0.8839137645107794,0.4312796208530806,,
2010-11-04,,,,0.890728476821192,0.4337539432176656,,
2010-11-05,,,,0.9024793388429752,0.4377952755905512,,
2010-11-06,,,,0.905940594059406,0.4386792452830188,,
2010-11-07,,,,0.9110378912685337,0.4411302982731554,,
2010-11-08,,,,0.912828947368421,0.445141065830721,,
2010-11-09,,,,0.9146141215106732,0.27699530516431925,,
2010-11-10,,,,0.9163934426229509,0.27812499999999996,,
2010-11-11,,,,0.9181669394435352,0.2839313572542902,,
2010-11-12,,,,0.9199346405228758,0.2881619937694704,,
2010-11-13,,,,0.9200652528548124,0.31570762052877144,,
2010-11-14,,,,0.9234527687296417,0.31677018633540377,,
2010-11-15,,,,0.9235772357723577,0.3178294573643411,,
2010-11-16,,,,0.922077922077922,0.27244582043343657,,
2010-11-17,,,,0.9205834683954619,0.27202472952086554,,
2010-11-18,,,,0.9239482200647249,0.27469135802469136,,
2010-11-19,,,,0.925686591276252,0.27580893682588603,,
2010-11-20,,,,0.9258064516129032,0.2692307692307693,,
2010-11-21,,,,0.9227053140096618,0.22427035330261136,,
2010-11-22,,,,0.9244372990353698,0.13496932515337423,,
2010-11-23,,,,0.9261637239165329,0.13016845329249616,,
2010-11-24,,,,0.9230769230769231,0.12385321100917435,,
2010-11-25,,,,0.9232,0.11908396946564881,,
2010-11-26,,,,0.9153354632587859,0.11890243902439024,,
2010-11-27,,,,0.9170653907496013,0.1126331811263318,,
2010-11-28,,,,0.9156050955414012,0.11246200607902734,,
2010-11-29,,,,0.9125596184419714,0.11229135053110773,,
2010-11-30,,,,0.9095238095238095,0.11212121212121207,,
2010-12-01,,,,0.9064976228209192,0.11346444780635401,,
2010-12-02,,,,0.9003164556962026,0.11178247734138969,,
2010-12-03,,,,0.8988941548183255,0.11161387631975872,,
2010-12-04,,,,0.8958990536277602,0.11144578313253017,,
2010-12-05,,,,0.8944881889763779,0.11428571428571432,,
2010-12-06,,,,0.8930817610062893,0.11111111111111116,,
2010-12-07,,,,0.8916797488226059,0.11094452773613195,,
2010-12-08,,,,0.8887147335423198,0.1107784431137725,,
2010-12-09,,,,0.8826291079812206,0.1360239162929746,,
2010-12-10,,,,0.8796875,0.13432835820895528,,
2010-12-11,,,,0.8767550702028081,0.13412816691505214,,
2010-12-12,,,,0.8722741433021807,0.12797619047619047,,
2010-12-13,,,,0.8709175738724728,0.1263001485884101,,
2010-12-14,,,,0.8664596273291926,0.10979228486646886,,
2010-12-15,,,,0.862015503875969,0.10962962962962963,,
2010-12-16,,,,0.8622291021671826,0.12573964497041423,,
2010-12-17,,,,0.8608964451313755,0.11521418020679464,,
2010-12-18,,,,0.8549382716049383,0.10914454277286134,,
2010-12-19,,,,0.8428351309707242,0.10898379970544914,,
2010-12-20,,,,0.84,0.11029411764705888,,
2010-12-21,,,,0.8417818740399385,0.1468428781204112,,
2010-12-22,,,,0.8420245398773006,0.1671554252199413,,
2010-12-23,,,,0.8346094946401225,0.19472913616398246,,
2010-12-24,,,,0.8333333333333334,0.216374269005848,,
2010-12-25,,,,0.8229007633587786,0.22773722627737225,,
2010-12-26,,,,0.8155487804878049,0.2142857142857143,,
2010-12-27,,,,0.8097412480974124,0.2620087336244541,,
2010-12-28,,,,0.8054711246200608,0.25290697674418605,,
2010-12-29,,,,0.8012139605462822,0.22931785195936139,,
2010-12-30,,,,0.7954545454545454,0.2072463768115942,,
2010-12-31,,,,0.7912254160363086,0.20694645441389292,,
2011-01-01,,,,0.770392749244713,0.20809248554913296,,
2011-01-02,,,,0.7631975867269984,0.2063492063492064,,
2011-01-03,,,,0.7530120481927711,0.2060518731988472,,
2011-01-04,,,,0.7308270676691729,0.162589928057554,,
2011-01-05,,,,0.6861861861861862,0.16091954022988508,,
2011-01-06,,,,0.6656671664167916,0.15925394548063132,,
2011-01-07,,,,0.6392215568862275,0.15902578796561606,,
2011-01-08,,,,0.6203288490284006,0.15736766809728187,,
2011-01-09,,,,0.6059701492537314,0.15714285714285714,,
2011-01-10,,,,0.6035767511177347,0.15549215406562056,,
2011-01-11,,,,0.5952380952380952,0.1581196581196581,,
2011-01-12,,,,0.5854383358098069,0.16500711237553345,,
2011-01-13,,,,0.5830860534124629,0.16619318181818177,,
2011-01-14,,,,0.5777777777777777,0.16879432624113477,,
2011-01-15,,,,0.5562130177514792,0.16713881019830024,,
2011-01-16,,,,0.5480059084194978,0.1669024045261669,,
2011-01-17,,,,0.5457227138643068,0.1765536723163842,,
2011-01-18,,,,0.5493372606774669,0.1734837799717912,,
2011-01-19,,,,0.5308823529411765,0.17464788732394365,,
2011-01-20,,,,0.5256975036710719,0.17862165963431786,,
2011-01-21,,,,0.5058651026392962,0.1825842696629213,,
2011-01-22,,,,0.5021961932650073,0.18513323983169705,,
2011-01-23,,,,0.4926900584795322,0.15966386554621848,,
2011-01-24,,,,0.4905109489051095,0.14265734265734265,,
2011-01-25,,,,0.4839650145772595,0.13687150837988826,,
2011-01-26,,,,0.48180494905385735,0.1366806136680614,,
2011-01-27,,,,0.46656976744186046,0.11142061281337046,,
2011-01-28,,,,0.46008708272859217,0.1084840055632823,,
2011-01-29,,,,0.45217391304347826,0.11111111111111116,,
2011-01-30,,,,0.447178002894356,0.10263522884882104,,
2011-01-31,,,,0.4436416184971098,0.0817174515235457,,
2011-02-01,,,,0.43434343434343436,0.0774550484094052,,
2011-02-02,,,,0.42939481268011526,0.07734806629834257,,
2011-02-03,,,,0.4302158273381295,0.07862068965517244,,
2011-02-04,,,,0.4468390804597701,0.07851239669421484,,
2011-02-05,,,,0.46771879483500717,0.07977991746905089,,
2011-02-06,,,,0.4813753581661891,0.07967032967032972,,
2011-02-07,,,,0.48497854077253216,0.07818930041152261,,
2011-02-08,,,,0.49,0.07808219178082187,,
2011-02-09,,,,0.49358059914407987,0.07797537619699046,,
2011-02-10,,,,0.5056980056980057,0.0806010928961749,,
2011-02-11,,,,0.5163584637268848,0.068212824010914,,
2011-02-12,,,,0.5198863636363636,0.06539509536784738,,
2011-02-13,,,,0.5234042553191489,0.058503401360544216,,
2011-02-14,,,,0.5382436260623229,0.05434782608695654,,
2011-02-15,,,,0.5502121640735502,0.012211668928086894,,
2011-02-16,,,,0.5550847457627118,0.012195121951219523,,
2011-02-17,,,,0.5599435825105783,0.009472259810554773,,
2011-02-18,,,,0.576056338028169,0.010810810810810811,,
2011-02-19,,,,0.5921237693389592,0.009446693657219951,,
2011-02-20,,,,0.598314606741573,0.008086253369272267,,
2011-02-21,,,,0.6100981767180925,0.008075370121130576,,
2011-02-22,,,,0.6190476190476191,0.010752688172043001,,
2011-02-23,,,,0.627972027972028,0.012080536912751683,,
2011-02-24,,,,0.6466480446927374,0.012064343163538882,,
2011-02-25,,,,0.6694560669456067,0.016064257028112428,,
2011-02-26,,,,0.6908077994428969,0.018716577540106916,,
2011-02-27,,,,0.7148817802503477,0.01869158878504673,,
2011-02-28,,,,0.7597222222222222,0.009333333333333305,,
2011-03-01,,,,0.7669902912621359,0.007989347536617841,,
2011-03-02,,,,0.7728531855955678,0.03590425531914898,,
2011-03-03,,,,0.7856154910096819,0.03718459495351922,,
2011-03-04,,,,0.8052486187845304,0.0,,
2011-03-05,,,,0.8179310344827586,0.0,,
2011-03-06,,,,0.8402203856749312,0.0,,
2011-03-07,,,,0.859697386519945,0.0,,
2011-03-08,,,,0.8681318681318682,0.0,,
2011-03-09,,,,0.8710562414266118,0.0,,
2011-03-10,,,,0.8726027397260274,0.0,,
2011-03-11,,,,0.8727770177838577,0.0,,
2011-03-12,,,,0.8688524590163934,0.0,,
2011-03-13,,,,0.8717598908594816,0.0,,
2011-03-14,,,,0.8664850136239782,0.0,,
2011-03-15,,,,0.8625850340136054,0.0,,
2011-03-16,,,,0.8600543478260869,0.0,,
2011-03-17,,,,0.858887381275441,0.0013037809647978849,,
2011-03-18,,,,0.8550135501355014,0.0,,
2011-03-19,,,,0.8484438430311232,0.0,,
2011-03-20,,,,0.8364864864864865,0.0,,
2011-03-21,,,,0.8164642375168691,0.0,,
2011-03-22,,,,0.8153638814016172,0.0,,
2011-03-23,,,,0.8075370121130552,0.0,,
2011-03-24,,,,0.7970430107526881,0.0,,
2011-03-25,,,,0.7906040268456376,0.0,,
2011-03-26,,,,0.7694369973190348,0.0,,
2011-03-27,,,,0.749665327978581,0.0,,
2011-03-28,,,,0.732620320855615,0.0,,
2011-03-29,,,,0.6822429906542056,0.0,,
2011-03-30,,,,0.644,0.0,,
2011-03-31,,,,0.625832223701731,0.0,,
2011-04-01,,,,0.625,0.0,,
2011-04-02,,,,0.601593625498008,0.0,,
2011-04-03,,,,0.5875331564986738,0.0025510204081632404,,
2011-04-04,,,,0.5576158940397351,0.0,,
2011-04-05,,,,0.5013227513227513,0.0,,
2011-04-06,,,,0.4464993394980185,0.0,,
2011-04-07,,,,0.3891820580474934,0.0,,
2011-04-08,,,,0.37812911725955206,0.0,,
2011-04-09,,,,0.3736842105263158,0.0,,
2011-04-10,,,,0.37056504599211565,0.0012642225031606058,,
2011-04-11,,,,0.3648293963254593,0.0063131313131312705,,
2011-04-12,,,,0.35386631716906947,0.0,,
2011-04-13,,,,0.35209424083769636,0.0,,
2011-04-14,,,,0.35947712418300654,0.0,,
2011-04-15,,,,0.360313315926893,0.0,,
2011-04-16,,,,0.34810951760104303,0.0,,
2011-04-17,,,,0.3411458333333333,0.0,,
2011-04-18,,,,0.3459037711313394,0.0012515644555695093,,
2011-04-19,,,,0.34935064935064936,0.0012499999999999734,,
2011-04-20,,,,0.34889753566796367,0.0,,
2011-04-21,,,,0.3380829015544041,0.0012468827930174342,,
2011-04-22,,,,0.34023285899094435,0.008717310087173136,,
2011-04-23,,,,0.3385012919896641,0.02238805970149249,,
2011-04-24,,,,0.33419354838709675,0.023602484472049712,,
2011-04-25,,,,0.3324742268041237,0.02481389578163773,,
2011-04-26,,,,0.3474903474903475,0.022304832713754608,,
2011-04-27,,,,0.36246786632390743,0.025990099009901013,,
2011-04-28,,,,0.3722721437740693,0.021013597033374576,,
2011-04-29,,,,0.38076923076923075,0.014814814814814836,,
2011-04-30,,,,0.39180537772087065,0.009864364981504337,,
2011-05-01,,,,0.38618925831202044,0.008620689655172376,,
2011-05-02,,,,0.3933588761174968,0.0012300123001229846,,
2011-05-03,,,,0.399234693877551,0.0012285012285012664,,
2011-05-04,,,,0.4229299363057325,0.0012269938650306678,,
2011-05-05,,,,0.4707379134860051,0.003676470588235281,,
2011-05-06,,,,0.49555273189326554,0.0,,
2011-05-07,,,,0.5177664974619289,0.0,,
2011-05-08,,,,0.5361216730038023,0.0,,
2011-05-09,,,,0.5430379746835443,0.0,,
2011-05-10,,,,0.5562579013906448,0.0,,
2011-05-11,,,,0.5681818181818182,0.0,,
2011-05-12,,,,0.5863808322824716,0.0,,
2011-05-13,,,,0.5944584382871536,0.0,,
2011-05-14,,,,0.5974842767295597,0.0,,
2011-05-15,,,,0.6118090452261307,0.001210653753026647,,
2011-05-16,,,,0.6348808030112923,0.0,,
2011-05-17,,,,0.6679197994987469,0.0,,
2011-05-18,,,,0.688360450563204,0.0,,
2011-05-19,,,,0.71875,0.0,,
2011-05-20,,,,0.7503121098626716,0.0,,
2011-05-21,,,,0.7880299251870324,0.0,,
2011-05-22,,,,0.8094645080946451,0.0,,
2011-05-23,,,,0.8271144278606966,0.0,,
2011-05-24,,,,0.8621118012422361,0.0,,
2011-05-25,,,,0.890818858560794,0.0,,
2011-05-26,,,,0.8946716232961586,0.0,,
2011-05-27,,,,0.9022277227722773,0.0,,
2011-05-28,,,,0.9060568603213844,0.0,,
2011-05-29,,,,0.9135802469135802,0.0,,
2011-05-30,,,,0.9284833538840938,0.0,,
2011-05-31,,,,0.9384236453201971,0.0,,
2011-06-01,,,,0.9434194341943419,0.0,,
2011-06-02,,,,0.9447174447174447,0.0,,
2011-06-03,,,,0.9460122699386503,0.0,,
2011-06-04,,,,0.9473039215686274,0.0,,
2011-06-05,,,,0.9473684210526315,0.0,,
2011-06-06,,,,0.9474327628361858,0.0,,
2011-06-07,,,,0.9499389499389499,0.0,,
2011-06-08,,,,0.9512195121951219,0.0,,
2011-06-09,,,,0.951278928136419,0.0,,
2011-06-10,,,,0.9525547445255474,0.0,,
2011-06-11,,,,0.9526123936816525,0.0,,
2011-06-12,,,,0.9538834951456311,0.0,,
2011-06-13,,,,0.9563636363636364,0.0,,
2011-06-14,,,,0.9539951573849879,0.0,,
2011-06-15,,,,0.9564691656590084,0.0,,
2011-06-16,,,,0.9565217391304348,0.0,,
2011-06-17,,,,0.9565741857659831,0.0,,
2011-06-18,,,,0.9542168674698795,0.0,,
2011-06-19,,,,0.9554753309265944,0.0,,
2011-06-20,,,,0.9519230769230769,0.0,,
2011-06-21,,,,0.9507803121248499,0.0011587485515642815,,
2011-06-22,,,,0.9496402877697842,0.0023148148148147696,,
2011-06-23,,,,0.9437125748502994,0.0011560693641619046,,
2011-06-24,,,,0.9401913875598086,0.0,,
2011-06-25,,,,0.9366786140979689,0.0,,
2011-06-26,,,,0.9331742243436754,0.0,,
2011-06-27,,,,0.929678188319428,0.0,,
2011-06-28,,,,0.9285714285714286,0.0,,
2011-06-29,,,,0.9239001189060642,0.0,,
2011-06-30,,,,0.9239904988123515,0.0011467889908256534,,
2011-07-01,,,,0.9264531435349941,0.0034364261168384758,,
2011-07-02,,,,0.9206161137440758,0.004576659038901587,,
2011-07-03,,,,0.919526627218935,0.005714285714285672,,
2011-07-04,,,,0.9160756501182034,0.007990867579908634,,
2011-07-05,,,,0.9138134592680047,0.010262257696693311,,
2011-07-06,,,,0.910377358490566,0.009111617312072884,,
2011-07-07,,,,0.9069493521790342,0.011376564277588153,,
2011-07-08,,,,0.9035294117647059,0.013636363636363669,,
2011-07-09,,,,0.900117508813161,0.022701475595913734,,
2011-07-10,,,,0.8791079812206573,0.024943310657596363,,
2011-07-11,,,,0.8663540445486518,0.027180067950169917,,
2011-07-12,,,,0.8559718969555035,0.02828054298642535,,
2011-07-13,,,,0.8514619883040936,0.031638418079096065,,
2011-07-14,,,,0.8492990654205608,0.033860045146726914,,
2011-07-15,,,,0.8424737456242707,0.03494926719278468,,
2011-07-16,,,,0.831002331002331,0.03716216216216217,,
2011-07-17,,,,0.8125727590221188,0.03937007874015752,,
2011-07-18,,,,0.7953488372093023,0.04157303370786514,,
2011-07-19,,,,0.7723577235772358,0.04264870931537601,,
2011-07-20,,,,0.7540603248259861,0.04372197309417036,,
2011-07-21,,,,0.727694090382387,0.044792833146696576,,
2011-07-22,,,,0.6979166666666666,0.044742729306487705,,
2011-07-23,,,,0.6554913294797687,0.04245810055865917,,
2011-07-24,,,,0.6316397228637414,0.0424107142857143,,
2011-07-25,,,,0.5986159169550173,0.04347826086956519,,
2011-07-26,,,,0.5783410138248848,0.05122494432071267,,
2011-07-27,,,,0.5661680092059839,0.05339265850945496,,
2011-07-28,,,,0.5505747126436782,0.054444444444444406,,
2011-07-29,,,,0.5338691159586682,0.05660377358490565,,
2011-07-30,,,,0.5080275229357798,0.05764966740576494,,
2011-07-31,,,,0.4742268041237113,0.05980066445182719,,
2011-08-01,,,,0.45080091533180777,0.06194690265486724,,
2011-08-02,,,,0.432,0.06298342541436464,,
2011-08-03,,,,0.4063926940639269,0.06512141280353201,,
2011-08-04,,,,0.38540478905359177,0.06615214994487317,,
2011-08-05,,,,0.36560364464692485,0.06828193832599116,,
2011-08-06,,,,0.3572241183162685,0.06930693069306926,,
2011-08-07,,,,0.35,0.06813186813186811,,
2011-08-08,,,,0.322360953461975,0.07025246981339184,,
2011-08-09,,,,0.3072562358276644,0.07127192982456143,,
2011-08-10,,,,0.3012457531143828,0.07228915662650603,,
2011-08-11,,,,0.2918552036199095,0.07439824945295404,,
2011-08-12,,,,0.28926553672316385,0.07650273224043713,,
2011-08-13,,,,0.27765237020316025,0.07751091703056767,,
2011-08-14,,,,0.2762119503945885,0.07960741548527805,,
2011-08-15,,,,0.2747747747747748,0.08061002178649235,,
2011-08-16,,,,0.27109111361079863,0.0805223068552775,,
2011-08-17,,,,0.26741573033707866,0.08260869565217388,,
2011-08-18,,,,0.2648709315375982,0.08360477741585237,,
2011-08-19,,,,0.265695067264574,0.08568329718004342,,
2011-08-20,,,,0.2620380739081747,0.0877573131094258,,
2011-08-21,,,,0.26174496644295303,0.08874458874458879,,
2011-08-22,,,,0.26256983240223464,0.09189189189189184,,
2011-08-23,,,,0.26339285714285715,0.09287257019438444,,
2011-08-24,,,,0.25863991081382387,0.09492988133764835,,
2011-08-25,,,,0.2583518930957684,0.09590517241379315,,
2011-08-26,,,,0.25583982202447164,0.09472551130247575,,
2011-08-27,,,,0.25333333333333335,0.09784946236559144,,
2011-08-28,,,,0.2519422863485017,0.0998925886143931,,
2011-08-29,,,,0.24944567627494457,0.10085836909871249,,
2011-08-30,,,,0.24916943521594684,0.0986066452304395,,
2011-08-31,,,,0.23561946902654868,0.09314775160599575,,
2011-09-01,,,,0.21878453038674034,0.0951871657754011,,
2011-09-02,,,,0.2097130242825607,0.09722222222222221,,
2011-09-03,,,,0.19955898566703417,0.10032017075773747,,
2011-09-04,,,,0.1949339207048458,0.10660980810234544,,
2011-09-05,,,,0.18921892189218922,0.10117145899893498,,
2011-09-06,,,,0.1934065934065934,0.11170212765957444,,
2011-09-07,,,,0.19758507135016465,0.11264612114771522,,
2011-09-08,,,,0.19407894736842105,0.11252653927813161,,
2011-09-09,,,,0.17305585980284777,0.1155885471898197,,
2011-09-10,,,,0.16849015317286653,0.11758474576271183,,
2011-09-11,,,,0.15846994535519127,0.11851851851851847,,
2011-09-12,,,,0.1648471615720524,0.11945031712473575,,
2011-09-13,,,,0.15812431842966193,0.12038014783526929,,
2011-09-14,,,,0.15904139433551198,0.12236286919831219,,
2011-09-15,,,,0.16430903155603918,0.12434141201264493,,
2011-09-16,,,,0.16847826086956522,0.12631578947368416,,
2011-09-17,,,,0.16178067318132464,0.12723449001051523,,
2011-09-18,,,,0.15075921908893708,0.12815126050420167,,
2011-09-19,,,,0.16251354279523295,0.1290661070304302,,
2011-09-20,,,,0.14935064935064934,0.12893081761006286,,
2011-09-21,,,,0.14162162162162162,0.1277486910994764,,
2011-09-22,,,,0.12526997840172785,0.12970711297071125,,
2011-09-23,,,,0.12405609492988134,0.13270637408568442,,
2011-09-24,,,,0.12823275862068967,0.13465553235908145,,
2011-09-25,,,,0.13670613562970937,0.13451511991657972,,
2011-09-26,,,,0.13763440860215054,0.13541666666666663,,
2011-09-27,,,,0.14285714285714285,0.13839750260145678,,
2011-09-28,,,,0.157725321888412,0.13929313929313925,,
2011-09-29,,,,0.1607717041800643,0.14018691588785048,,
2011-09-30,,,,0.15524625267665954,0.14211618257261416,,
2011-10-01,,,,0.15080213903743314,0.14300518134715023,,
2011-10-02,,,,0.1655982905982906,0.14389233954451341,,
2011-10-03,,,,0.1536819637139808,0.14684591520165458,,
2011-10-04,,,,0.14818763326226012,0.1425619834710744,,
2011-10-05,,,,0.14164004259850904,0.1486068111455109,,
2011-10-06,,,,0.1276595744680851,0.1505154639175258,,
2011-10-07,,,,0.11583421891604676,0.14933058702368696,,
2011-10-08,,,,0.11677282377919321,0.15226337448559668,,
2011-10-09,,,,0.12089077412513255,0.15416238437821173,,
2011-10-10,,,,0.11228813559322035,0.15708418891170428,,
2011-10-11,,,,0.11005291005291006,0.1579487179487179,,
2011-10-12,,,,0.10042283298097252,0.15778688524590168,,
2011-10-13,,,,0.09609292502639916,0.15762538382804503,,
2011-10-14,,,,0.08860759493670886,0.15541922290388543,,
2011-10-15,,,,0.08113804004214963,0.1573033707865169,,
2011-10-16,,,,0.07368421052631578,0.16326530612244894,,
2011-10-17,,,,0.07360672975814932,0.16717635066258918,,
2011-10-18,,,,0.07352941176470588,0.16802443991853355,,
2011-10-19,,,,0.06505771248688352,0.16887080366225837,,
2011-10-20,,,,0.06708595387840671,0.17581300813008127,,
2011-10-21,,,,0.06492146596858639,0.1756345177664974,,
2011-10-22,,,,0.06485355648535565,0.1815415821501014,,
2011-10-23,,,,0.06478578892371996,0.1793313069908815,,
2011-10-24,,,,0.06263048016701461,0.18016194331983804,,
2011-10-25,,,,0.06256517205422316,0.18503538928210317,,
2011-10-26,,,,0.06041666666666667,0.18585858585858583,,
2011-10-27,,,,0.05931321540062435,0.18466195761856707,,
2011-10-28,,,,0.0550935550935551,0.1875,,
2011-10-29,,,,0.05192107995846314,0.1883182275931521,,
2011-10-30,,,,0.05186721991701245,0.1851106639839034,,
2011-10-31,,,,0.0538860103626943,0.18693467336683423,,
2011-11-01,,,,0.050724637681159424,0.18775100401606426,,
2011-11-02,,,,0.05170630816959669,0.18355065195586762,,
2011-11-03,,,,0.0506198347107438,0.19539078156312628,,
2011-11-04,,,,0.05056759545923633,0.19819819819819817,,
2011-11-05,,,,0.049484536082474224,0.20299999999999996,,
2011-11-06,,,,0.04943357363542739,0.2127872127872128,,
2011-11-07,,,,0.04938271604938271,0.21556886227544914,,
2011-11-08,,,,0.04933196300102775,0.21635094715852443,,
2011-11-09,,,,0.050308008213552365,0.21513944223107573,,
2011-11-10,,,,0.05128205128205128,0.21890547263681592,,
2011-11-11,,,,0.05635245901639344,0.2216699801192843,,
2011-11-12,,,,0.05322415557830092,0.22442899702085406,,
2011-11-13,,,,0.06032719836400818,0.22619047619047616,,
2011-11-14,,,,0.06128702757916241,0.22695738354806738,,
2011-11-15,,,,0.06326530612244897,0.2287128712871287,,
2011-11-16,,,,0.0672782874617737,0.2294757665677547,,
2011-11-17,,,,0.07128309572301425,0.23023715415019763,,
2011-11-18,,,,0.0752797558494405,0.23099703849950637,,
2011-11-19,,,,0.07520325203252033,0.23076923076923073,,
2011-11-20,,,,0.07715736040609138,0.23349753694581277,,
2011-11-21,,,,0.08316430020283976,0.23228346456692917,,
2011-11-22,,,,0.08915906788247213,0.2340216322517208,,
2011-11-23,,,,0.09412955465587045,0.2357563850687623,,
2011-11-24,,,,0.09504550050556117,0.23650637880274783,,
2011-11-25,,,,0.09292929292929293,0.23235294117647054,,
2011-11-26,,,,0.09687184661957618,0.23114593535749262,,
2011-11-27,,,,0.09879032258064516,0.23287671232876717,,
2011-11-28,,,,0.10775427995971802,0.23558162267839688,,
2011-11-29,,,,0.1096579476861167,0.23828125,,
2011-11-30,,,,0.11256281407035176,0.23317073170731706,,
2011-12-01,,,,0.12349397590361445,0.23879142300194933,,
2011-12-02,,,,0.12938816449348045,0.24245374878286274,,
2011-12-03,,,,0.13527054108216433,0.2363813229571985,,
2011-12-04,,,,0.14114114114114115,0.2303206997084548,,
2011-12-05,,,,0.15,0.23009708737864076,,
2011-12-06,,,,0.16383616383616384,0.23763336566440352,,
2011-12-07,,,,0.18163672654690619,0.22868217054263562,,
2011-12-08,,,,0.193419740777667,0.22846079380445306,,
2011-12-09,,,,0.20318725099601595,0.2398452611218569,,
2011-12-10,,,,0.19402985074626866,0.24057971014492752,,
2011-12-11,,,,0.18986083499005965,0.24517374517374513,,
2011-12-12,,,,0.21449851042701093,0.055930568948891035,,
2011-12-13,,,,0.2003968253968254,0.024084778420038533,,
2011-12-14,,,,0.20614469772051536,0.024061597690086645,,
2011-12-15,,,,0.21584158415841584,0.025000000000000022,,
2011-12-16,,,,0.18298714144411474,0.023054755043227626,,
2011-12-17,,,,0.17687747035573123,0.02303262955854124,,
2011-12-18,,,,0.1855873642645607,0.023969319271332723,,
2011-12-19,,,,0.20019723865877712,0.025862068965517238,,
2011-12-20,,,,0.2246305418719212,0.026794258373205704,,
2011-12-21,,,,0.2204724409448819,0.026768642447418722,,
2011-12-22,,,,0.23500491642084562,0.02769818529130852,,
2011-12-23,,,,0.2337917485265226,0.028625954198473247,,
2011-12-24,,,,0.2492639842983317,0.030505243088655876,,
2011-12-25,,,,0.2696078431372549,0.03428571428571425,,
2011-12-26,,,,0.2810969637610186,0.038058991436726974,,
2011-12-27,,,,0.29354207436399216,0.03897338403041828,,
2011-12-28,,,,0.3020527859237537,0.03988603988603989,,
2011-12-29,,,,0.30859375,0.04079696394686905,,
2011-12-30,,,,0.3092682926829268,0.042654028436018954,,
2011-12-31,,,,0.30214424951267055,0.04071969696969702,,
2012-01-01,,,,0.29892891918208375,0.039735099337748325,,
2012-01-02,,,,0.3044747081712062,0.041587901701323204,,
2012-01-03,,,,0.3022351797862002,0.04060434372049104,,
2012-01-04,,,,0.32038834951456313,0.0405660377358491,,
2012-01-05,,,,0.32104752667313285,0.03487276154571162,,
2012-01-06,,,,0.313953488372093,0.032015065913371,,
2012-01-07,,,,0.33204259438528555,0.03292568203198498,,
2012-01-08,,,,0.3404255319148936,0.03477443609022557,,
2012-01-09,,,,0.34782608695652173,0.03755868544600938,,
2012-01-10,,,,0.3503861003861004,0.03470919324577859,,
2012-01-11,,,,0.3490838958534233,0.08903467666354259,,
2012-01-12,,,,0.3535645472061657,0.21441947565543074,,
2012-01-13,,,,0.35611164581328203,0.15996258185219836,,
2012-01-14,,,,0.3557692307692308,0.15514018691588782,,
2012-01-15,,,,0.36023054755043227,0.15406162464985995,,
2012-01-16,,,,0.3685220729366603,0.13899253731343286,,
2012-01-17,,,,0.3720038350910834,0.13047530288909603,,
2012-01-18,,,,0.3726053639846743,0.12662942271880817,,
2012-01-19,,,,0.3674641148325359,0.12465116279069766,,
2012-01-20,,,,0.372848948374761,0.10687732342007439,,
2012-01-21,,,,0.36867239732569246,0.10120705663881147,,
2012-01-22,,,,0.37404580152671757,0.10111317254174401,,
2012-01-23,,,,0.3746425166825548,0.10101946246524562,,
2012-01-24,,,,0.3761904761904762,0.09999999999999998,,
2012-01-25,,,,0.36726926736441484,0.09620721554116562,,
2012-01-26,,,,0.3564638783269962,0.09334565619223656,,
2012-01-27,,,,0.3561253561253561,0.09325946445060018,,
2012-01-28,,,,0.3557874762808349,0.08394833948339486,,
2012-01-29,,,,0.35734597156398107,0.08294930875576034,,
2012-01-30,,,,0.3626893939393939,0.02209944751381221,,
2012-01-31,,,,0.37653736991485337,0.01839926402943881,,
2012-02-01,,,,0.3752362948960302,0.015625,,
2012-02-02,,,,0.37488196411709157,0.016528925619834656,,
2012-02-03,,,,0.37169811320754714,0.012844036697247652,,
2012-02-04,,,,0.38077285579641845,0.02016498625114571,,
2012-02-05,,,,0.3851224105461394,0.019230769230769273,,
2012-02-06,,,,0.380997177798683,0.016468435498627643,,
2012-02-07,,,,0.3684210526315789,0.013711151736745864,,
2012-02-08,,,,0.36056338028169016,0.01187214611872145,,
2012-02-09,,,,0.3545966228893058,0.01186131386861311,,
2012-02-10,,,,0.35520149953139646,0.010938924339106704,,
2012-02-11,,,,0.351123595505618,0.010928961748633892,,
2012-02-12,,,,0.3498596819457437,0.030937215650591487,,
2012-02-13,,,,0.3532710280373832,0.040000000000000036,,
2012-02-14,,,,0.3492063492063492,0.044504995458673924,,
2012-02-15,,,,0.3460820895522388,0.052631578947368474,,
2012-02-16,,,,0.34109972041006525,0.06708975521305527,,
2012-02-17,,,,0.3398510242085661,0.06431159420289856,,
2012-02-18,,,,0.34604651162790695,0.06968325791855201,,
2012-02-19,,,,0.3466542750929368,0.07504520795660041,,
2012-02-20,,,,0.34726090993500464,0.07768744354110213,,
2012-02-21,,,,0.34415584415584416,0.07761732851985559,,
2012-02-22,,,,0.34198331788693237,0.07754733994589724,,
2012-02-23,,,,0.33796296296296297,0.07837837837837835,,
2012-02-24,,,,0.3441258094357077,0.08190819081908196,,
2012-02-25,,,,0.34842883548983367,0.08543165467625902,,
2012-02-26,,,,0.34995383194829177,0.08805031446540879,,
2012-02-27,,,,0.35424354243542433,0.09335727109515257,,
2012-02-28,,,,0.35207373271889403,0.094170403587444,,
2012-02-29,,,,0.3443830570902394,0.18189964157706096,,
2012-03-01,,,,0.33854645814167433,0.20322291853178154,,
2012-03-02,,,,0.3382352941176471,0.2066189624329159,,
2012-03-03,,,,0.3379247015610652,0.20554066130473636,,
2012-03-04,,,,0.3330275229357798,0.2142857142857143,,
2012-03-05,,,,0.3308890925756187,0.2194469223907226,,
2012-03-06,,,,0.32967032967032966,0.22370766488413552,,
2012-03-07,,,,0.3302836230558097,0.22350845948352627,,
2012-03-08,,,,0.3336380255941499,0.22508896797153022,,
2012-03-09,,,,0.3378995433789954,0.2346666666666667,,
2012-03-10,,,,0.3448905109489051,0.2406749555950266,,
2012-03-11,,,,0.34913400182315407,0.24844720496894412,,
2012-03-12,,,,0.3533697632058288,0.250886524822695,,
2012-03-13,,,,0.35668789808917195,0.25243578387953947,,
2012-03-14,,,,0.35363636363636364,0.23362831858407085,,
2012-03-15,,,,0.35603996366939145,0.2351900972590628,,
2012-03-16,,,,0.3484573502722323,0.25795053003533563,,
2012-03-17,,,,0.3671804170444243,0.25419240953221534,,
2012-03-18,,,,0.3713768115942029,0.2698412698412699,,
2012-03-19,,,,0.36923076923076925,0.27136563876651987,,
2012-03-20,,,,0.3589511754068716,0.26848591549295775,,
2012-03-21,,,,0.3568202348690154,0.26209322779243627,,
2012-03-22,,,,0.36913357400722024,0.2680140597539543,,
2012-03-23,,,,0.37330928764652843,0.2704126426690079,,
2012-03-24,,,,0.37027027027027026,0.26491228070175443,,
2012-03-25,,,,0.36993699369936994,0.24364592462751977,,
2012-03-26,,,,0.3732014388489209,0.23992994746059548,,
2012-03-27,,,,0.3665768194070081,0.23797025371828517,,
2012-03-28,,,,0.36714542190305205,0.2351398601398601,,
2012-03-29,,,,0.36412556053811657,0.24104803493449778,,
2012-03-30,,,,0.3664874551971326,0.23298429319371727,,
2012-03-31,,,,0.35989256938227393,0.2249346120313862,,
2012-04-01,,,,0.37209302325581395,0.23867595818815335,,
2012-04-02,,,,0.3771224307417337,0.2436901653611836,,
2012-04-03,,,,0.3848214285714286,0.24086956521739133,,
2012-04-04,,,,0.3853702051739518,0.23370981754995657,,
2012-04-05,,,,0.3850267379679144,0.234375,,
2012-04-06,,,,0.38290293855743546,0.22636600173460542,,
2012-04-07,,,,0.37722419928825623,0.22357019064124783,,
2012-04-08,,,,0.3635555555555556,0.22077922077922074,,
2012-04-09,,,,0.34902309058614567,0.2197231833910035,,
2012-04-10,,,,0.3336291038154392,0.21866897147796027,,
2012-04-11,,,,0.33865248226950356,0.2115716753022453,,
2012-04-12,,,,0.32949512843224094,0.2070750647109577,,
2012-04-13,,,,0.3238938053097345,0.21724137931034482,,
2012-04-14,,,,0.3209549071618037,0.21791559000861327,,
2012-04-15,,,,0.32685512367491165,0.21256454388984514,,
2012-04-16,,,,0.31685789938217124,0.22355975924333615,,
2012-04-17,,,,0.30511463844797176,0.2139175257731959,,
2012-04-18,,,,0.2916299559471366,0.20343347639484977,,
2012-04-19,,,,0.2948943661971831,0.20068610634648365,,
2012-04-20,,,,0.2911169744942832,0.19880034275921166,,
2012-04-21,,,,0.28383128295254834,0.19263698630136983,,
2012-04-22,,,,0.2730465320456541,0.1907613344739093,,
2012-04-23,0.22753571964098282,,,0.28596491228070176,0.1905982905982906,0.2060439560439561,
2012-04-24,0.18155138329807835,,,0.26906222611744085,0.20495303159692568,0.20273972602739732,0.0494505494505495
2012-04-25,0.17815897574741651,,,0.2618213660245184,0.20477815699658708,0.19672131147540983,0.049315068493150704
2012-04-26,0.18251435269857957,,,0.25984251968503935,0.2003410059676044,0.22615803814713897,0.04371584699453557
2012-04-27,0.18135808348036483,,,0.256993006993007,0.18568994889267465,0.2309782608695652,0.05177111716621252
2012-04-28,0.1809030069623729,,,0.251528384279476,0.1846808510638298,0.2357723577235772,0.05163043478260865
2012-04-29,0.21195350110821132,,,0.2513089005235602,0.18282312925170063,0.3513513513513513,0.06233062330623307
2012-04-30,0.20749785044954014,,,0.25544899738448124,0.18351741716227699,0.3207547169811321,0.07027027027027022
2012-05-01,0.20207182919890465,,,0.24303135888501742,0.18336162988115445,0.31720430107526887,0.06469002695417791
2012-05-02,0.19193222348317682,,,0.2402088772845953,0.18150975402883796,0.2841823056300268,0.06182795698924726
2012-05-03,0.19223350162717456,,,0.24521739130434783,0.18135593220338986,0.2994652406417112,0.04289544235924936
2012-05-04,0.18729146472204752,,,0.2476107732406603,0.17612193056731584,0.28800000000000003,0.03743315508021394
2012-05-05,0.1932033875073502,,,0.2508680555555556,0.17343485617597287,0.3085106382978723,0.040000000000000036
2012-05-06,0.202114478548072,,,0.2653946227233304,0.17159763313609466,0.3289124668435013,0.04255319148936165
2012-05-07,0.16870573132105357,,,0.26949740034662045,0.1697635135135135,0.19312169312169314,0.04244031830238726
2012-05-08,0.16759983266111989,,,0.2805194805194805,0.16286919831223634,0.1899736147757256,0.03703703703703709
2012-05-09,0.17330330069917008,,,0.2828719723183391,0.1602023608768971,0.19736842105263153,0.05277044854881263
2012-05-10,0.16297990837529966,,,0.29213483146067415,0.15754001684919972,0.14698162729658792,0.05526315789473679
2012-05-11,0.15451782375094242,,,0.2815198618307427,0.1557239057239057,0.10471204188481675,0.07611548556430447
2012-05-12,0.21804802080017172,,,0.2899050905953408,0.15391084945332212,0.360313315926893,0.0680628272251309
2012-05-13,0.21400259728846524,,,0.30344827586206896,0.14873949579831935,0.3359375,0.06788511749347259
2012-05-14,0.212542558496337,,,0.3186907838070629,0.14693534844668343,0.33506493506493507,0.04947916666666663
2012-05-15,0.1969871404695288,,,0.31411359724612736,0.12919463087248317,0.3134715025906736,0.03116883116883118
2012-05-16,0.21348608467781122,,,0.3336199484092863,0.12489522212908633,0.3643410852713178,0.031088082901554404
2012-05-17,0.20801118093464205,,,0.3333333333333333,0.11976549413735338,0.3479381443298969,0.03100775193798455
2012-05-18,0.19848053221393688,,,0.3356223175965665,0.11631799163179912,0.31105398457583544,0.030927835051546393
2012-05-19,0.2144319279074051,,,0.3404802744425386,0.11204013377926425,0.37435897435897436,0.03084832904884316
2012-05-20,0.20817304982175439,,,0.34104541559554413,0.10025062656641603,0.3554987212276215,0.03589743589743588
2012-05-21,0.20975868917667523,,,0.339041095890411,0.09682804674457424,0.3622448979591837,0.04092071611253201
2012-05-22,0.21217463952652973,,,0.33704020530367834,0.0942452043369475,0.3740458015267175,0.04336734693877553
2012-05-23,0.2187840241367627,,,0.3282051282051282,0.09250000000000003,0.40862944162436543,0.04580152671755722
2012-05-24,0.2323719955324538,,,0.3398804440649018,0.09075770191507082,0.4531645569620253,0.045685279187817285
2012-05-25,0.2214503285528444,,,0.3412969283276451,0.08985024958402665,0.41161616161616166,0.04303797468354431
2012-05-26,0.2183682638345883,,,0.34612105711849955,0.08645054031587696,0.4030226700251889,0.037878787878787845
2012-05-27,0.2114870080353088,,,0.33986371379897784,0.08637873754152825,0.37688442211055273,0.04282115869017633
2012-05-28,0.19698984466689617,,,0.3523404255319149,0.08464730290456435,0.31328320802005016,0.03768844221105527
2012-05-29,0.1891745521853675,,,0.3494897959183674,0.07711442786069655,0.2925,0.03759398496240607
2012-05-30,0.2064755002687588,,,0.33474936278674594,0.06959403479701742,0.3765586034912718,0.04500000000000004
2012-05-31,0.21042936849583765,,,0.32597623089983024,0.06788079470198671,0.40796019900497515,0.03990024937655856
2012-06-01,0.19139875572101292,,,0.3146734520780322,0.06617038875103387,0.33002481389578164,0.05472636815920395
2012-06-02,0.1458656022285349,,,0.30847457627118646,0.06446280991735542,0.15841584158415845,0.052109181141439254
2012-06-03,0.1847516312664412,,,0.3073666384419983,0.06606110652353425,0.3061728395061728,0.05940594059405946
2012-06-04,0.1747523339203466,,,0.3003384094754653,0.06353135313531355,0.26847290640394084,0.06666666666666665
2012-06-05,0.18328858877398024,,,0.28148774302620455,0.0412201154163232,0.3587223587223587,0.051724137931034475
2012-06-06,0.19717770251221894,,,0.27533783783783783,0.028006589785831926,0.4558823529411765,0.029484029484029506
2012-06-07,0.18168193232257596,,,0.2683544303797468,0.027983539094650234,0.4009779951100244,0.02941176470588236
2012-06-08,0.13202427427427493,,,0.2554806070826307,0.016447368421052655,0.2268292682926829,0.02933985330073352
2012-06-09,0.1152605227235414,,,0.2426284751474305,0.01396877567789645,0.17761557177615572,0.02682926829268295
2012-06-10,0.11275921316434465,,,0.2542087542087542,0.009852216748768461,0.15291262135922334,0.03406326034063256
2012-06-11,0.13799067132358814,,,0.2531539108494533,0.005742411812961423,0.2566585956416465,0.036407766990291246
2012-06-12,0.1646777473246125,,,0.24873949579831933,0.004098360655737654,0.3743961352657005,0.03147699757869249
2012-06-13,0.11331222747208672,,,0.24181360201511334,0.006552006552006606,0.17831325301204815,0.02657004830917875
2012-06-14,0.11163816311611191,,,0.2348993288590604,0.002454991816693952,0.1826923076923077,0.026506024096385583
2012-06-15,0.1099532171445125,,,0.22632020117351215,0.0,0.18705035971223016,0.02644230769230771
2012-06-16,0.11001567335489883,,,0.24623115577889448,0.0,0.1722488038277512,0.021582733812949617
2012-06-17,0.11200672362972994,,,0.2594142259414226,0.0,0.15990453460620524,0.028708133971291905
2012-06-18,0.10712947294482005,,,0.24749163879598662,0.0,0.15000000000000002,0.031026252983293534
2012-06-19,0.10761933694238268,,,0.2506265664160401,0.0016299918500407573,0.14726840855106893,0.030952380952380953
2012-06-20,0.10624771708171557,,,0.24874791318864775,0.0008143322475570036,0.14454976303317535,0.030878859857482177
2012-06-21,0.10354312270989947,,,0.2635529608006672,0.0016273393002440573,0.12529550827423164,0.023696682464455
2012-06-22,0.10334612939917034,,,0.27416666666666667,0.0,0.11084905660377353,0.028368794326241176
2012-06-23,0.10715333463375404,,,0.27477102414654453,0.0008123476848090894,0.11529411764705877,0.037735849056603765
2012-06-24,0.10622366550762784,,,0.2870216306156406,0.0016233766233766378,0.0938967136150235,0.04235294117647059
2012-06-25,0.11659713017204447,,,0.2967581047381546,0.0032441200324412334,0.11943793911007028,0.04694835680751175
2012-06-26,0.10673825122205408,,,0.3106312292358804,0.004051863857374438,0.06074766355140182,0.051522248243559665
2012-06-27,0.12314620271102832,,,0.3004149377593361,0.0032388663967611864,0.13752913752913754,0.051401869158878455
2012-06-28,0.11495672975017054,,,0.3167495854063018,0.008090614886731351,0.09069767441860466,0.044289044289044344
2012-06-29,0.11157601862386941,,,0.34217067108533555,0.008892481810832686,0.04640371229698381,0.0488372093023256
2012-06-30,0.1355381066416696,,,0.3617549668874172,0.011308562197092087,0.12268518518518523,0.04640371229698381
2012-07-01,0.12568070027698125,,,0.369727047146402,0.01049233252623083,0.07852193995381063,0.04398148148148151
2012-07-02,0.13317318834849806,,,0.3652892561983471,0.012903225806451646,0.10138248847926268,0.053117782909930744
2012-07-03,0.14328025331110955,,,0.36416184971098264,0.008863819500402936,0.1586206896551724,0.04147465437788023
2012-07-04,0.16853723373978777,,,0.3721122112211221,0.012882447665056307,0.2178899082568807,0.07126436781609191
2012-07-05,0.16379329348028024,,,0.3742786479802143,0.01528559935639584,0.19450800915331812,0.07110091743119262
2012-07-06,0.16881700781919992,,,0.37808896210873144,0.018488745980707377,0.21232876712328763,0.06636155606407323
2012-07-07,0.17210169416667684,,,0.38436213991769547,0.016867469879518038,0.2164009111617312,0.07077625570776258
2012-07-08,0.1780758140111419,,,0.4128289473684211,0.015248796147672605,0.22499999999999998,0.059225512528473856
2012-07-09,0.17192538294901596,,,0.42810188989317993,0.016840417000801966,0.18594104308390025,0.05681818181818177
2012-07-10,0.1775915079780807,,,0.42036124794745483,0.018429487179487225,0.23529411764705888,0.03628117913832196
2012-07-11,0.1733470404225257,,,0.41755537325676784,0.018414731785428295,0.2212189616252822,0.03619909502262442
2012-07-12,0.16098329694457805,,,0.4204918032786885,0.018399999999999972,0.16666666666666663,0.038374717832957095
2012-07-13,0.15801653545065555,,,0.42342342342342343,0.017585931254995968,0.17078651685393254,0.020270270270270285
2012-07-14,0.15220644611390927,,,0.43044189852700493,0.030351437699680517,0.12556053811659196,0.022471910112359605
2012-07-15,0.15341092615634377,,,0.4333605887162715,0.04150039904229852,0.1029082774049217,0.0358744394618834
2012-07-16,0.14941624392777073,0.15109890109890112,,0.42401960784313725,0.05582137161084533,0.0848214285714286,0.031319910514541416
2012-07-17,0.14393527246680177,0.11232876712328765,,0.41551020408163264,0.05816733067729085,0.11581291759465484,0.017857142857142905
2012-07-18,0.14200822085474177,0.0901639344262295,,0.4282218597063622,0.060509554140127375,0.11555555555555552,0.015590200445434244
2012-07-19,0.13121194730235985,0.10081743869209814,,0.42379788101059496,0.06046141607000799,0.05764966740576494,0.013333333333333308
2012-07-20,0.1374745337578094,0.13858695652173914,,0.43159609120521175,0.05961844197138311,0.03539823008849563,0.022172949002217335
2012-07-21,0.13734498147735233,0.11653116531165308,,0.4320585842148088,0.05639396346306591,0.052980132450331174,0.028761061946902644
2012-07-22,0.14842825644550045,0.12432432432432428,,0.4317073170731707,0.0626984126984127,0.09471365638766516,0.028697571743929395
2012-07-23,0.13644713932107438,0.11051212938005395,,0.4386677497969131,0.0626486915146709,0.03516483516483515,0.03524229074889873
2012-07-24,0.14669816868955057,0.13978494623655913,,0.4155844155844156,0.06180665610142633,0.07675438596491224,0.03956043956043953
2012-07-25,0.1401507903530048,0.10187667560321712,,0.4282238442822384,0.063341250989707,0.06564551422319476,0.04166666666666663
2012-07-26,0.1466929306911779,0.09625668449197866,,0.4222042139384117,0.06645569620253167,0.11353711790393017,0.035010940919037226
2012-07-27,0.15069725849639945,0.08799999999999997,,0.4348178137651822,0.06719367588932801,0.1285403050108932,0.03493449781659386
2012-07-28,0.1557581318082814,0.0771276595744681,,0.43284789644012944,0.06872037914691942,0.15652173913043477,0.04357298474945537
2012-07-29,0.15828174461502914,0.1114058355437666,,0.4349232012934519,0.06708760852407258,0.12364425162689807,0.05434782608695654
2012-07-30,0.15826451061793056,0.09523809523809523,,0.438610662358643,0.06466876971608837,0.11688311688311692,0.07592190889370931
2012-07-31,0.16849768985290928,0.07387862796833777,,0.4519774011299435,0.06382978723404253,0.20518358531317493,0.04761904761904767
2012-08-01,0.1914493872538054,0.15000000000000002,,0.45403225806451614,0.053543307086614145,0.25215517241379315,0.04751619870410362
2012-08-02,0.18236551556200772,0.12598425196850394,,0.45447219983883963,0.04956726986624704,0.24301075268817207,0.03879310344827591
2012-08-03,0.15611684602021705,0.05759162303664922,,0.4573268921095008,0.04245283018867929,0.20600858369098718,0.017204301075268824
2012-08-04,0.15478660089510807,0.052219321148825104,,0.46419951729686243,0.03692065985860171,0.20342612419700212,0.01716738197424894
2012-08-05,0.15223024724783518,0.06510416666666663,,0.47186495176848875,0.03610675039246469,0.16880341880341876,0.01927194860813708
2012-08-06,0.15934190455626507,0.09870129870129873,,0.4682730923694779,0.03137254901960784,0.16631130063965882,0.03205128205128205
2012-08-07,0.16314101838311743,0.09585492227979275,,0.4550561797752809,0.039184952978056464,0.18936170212765957,0.03624733475479747
2012-08-08,0.15600587089192458,0.05167958656330751,,0.458700882117081,0.03602192638997648,0.19532908704883223,0.03829787234042559
2012-08-09,0.145639317798977,0.05154639175257736,,0.46153846153846156,0.017996870109546204,0.15889830508474578,0.03821656050955413
2012-08-10,0.14202776252955585,0.04884318766066842,,0.4747798238590873,0.0109460516028147,0.13107822410147996,0.044491525423728806
2012-08-11,0.1512113533365859,0.06153846153846154,,0.4784,0.015625,0.16666666666666663,0.03382663847780132
2012-08-12,0.14827271643359402,0.04603580562659848,,0.48041566746602715,0.014832162373145996,0.16210526315789475,0.03797468354430378
2012-08-13,0.14875433072956806,0.058673469387755084,,0.48003194888178913,0.011700468018720711,0.1512605042016807,0.04210526315789476
2012-08-14,0.13441360106474637,0.05089058524173029,,0.48204309656823624,0.007014809041309467,0.11111111111111116,0.021008403361344574
2012-08-15,0.12431676493517982,0.053299492385786795,,0.48484848484848486,0.003894080996884708,0.05857740585774063,0.02096436058700213
2012-08-16,0.11923827052390343,0.04303797468354431,,0.48685258964143424,0.0015564202334630295,0.05219206680584554,0.012552301255230103
2012-08-17,0.11914655292603978,0.045454545454545414,,0.4856687898089172,0.0,0.05208333333333337,0.012526096033402934
2012-08-18,0.13410459967206417,0.09571788413098237,,0.48528241845664283,0.0,0.029106029106029108,0.060416666666666674
2012-08-19,0.14342801639360336,0.085427135678392,,0.48807631160572335,0.0023291925465838137,0.03112033195020747,0.11018711018711014
2012-08-20,0.20914620792269684,0.1428571428571429,,0.49007148530579825,0.006206361520558534,0.020703933747411973,0.3858921161825726
2012-08-21,0.17139871917870814,0.09250000000000003,,0.49206349206349204,0.005426356589147252,0.037190082644628086,0.22981366459627328
2012-08-22,0.17975837910578346,0.09725685785536164,,0.49246629659000796,0.005422153369481042,0.035051546391752564,0.26859504132231404
2012-08-23,0.1923978753842628,0.13432835820895528,,0.49524564183835185,0.004643962848297267,0.030864197530864224,0.2969072164948454
2012-08-24,0.1811654306684573,0.1042183622828784,,0.4932699920823436,0.003866976024748614,0.026694045174537995,0.2777777777777778
2012-08-25,0.17554072709354201,0.12871287128712872,,0.49287974683544306,0.0015455950540957941,0.026639344262295084,0.22792607802874743
2012-08-26,0.18401993068390082,0.15308641975308646,,0.4924901185770751,0.0,0.03271983640081799,0.24180327868852458
2012-08-27,0.16985776397732005,0.0640394088669951,,0.4928909952606635,0.0,0.03673469387755102,0.2556237218813906
2012-08-28,0.1748965800294452,0.13022113022113024,,0.49329123914759276,0.0,0.024439918533604943,0.226530612244898
2012-08-29,0.1756213510696501,0.11519607843137258,,0.4921135646687697,0.0,0.03861788617886175,0.23217922606924646
2012-08-30,0.17342297666449863,0.07579462102689483,,0.48857368006304175,0.0,0.0486815415821501,0.25406504065040647
2012-08-31,0.18348549013290896,0.11951219512195121,,0.4937007874015748,0.0,0.022267206477732837,0.281947261663286
2012-09-01,0.2083947335974517,0.17274939172749393,,0.4988198269079465,0.0,0.02020202020202022,0.3502024291497976
2012-09-02,0.20419816841932734,0.133495145631068,,0.49764150943396224,0.0,0.022177419354838745,0.3676767676767677
2012-09-03,0.19639894739332658,0.11138014527845042,,0.4956794972505892,0.0,0.03219315895372232,0.342741935483871
2012-09-04,0.19531940853774424,0.1280193236714976,,0.4945054945054945,0.0,0.026104417670682722,0.3279678068410463
2012-09-05,0.20431880249987336,0.1469879518072289,,0.5011764705882353,0.0,0.03206412825651306,0.3413654618473896
2012-09-06,0.17970062095489997,0.05288461538461542,,0.5054858934169278,0.0015313935681470214,0.038000000000000034,0.3006012024048096
2012-09-07,0.177309933142959,0.06714628297362113,,0.5074393108848865,0.0,0.017964071856287456,0.29400000000000004
2012-09-08,0.18524970361919768,0.07655502392344493,,0.5078247261345853,0.004587155963302725,0.021912350597609542,0.3153692614770459
2012-09-09,0.20297300620089426,0.15513126491646778,,0.5043002345582487,0.006875477463712754,0.02385685884691846,0.32470119521912355
2012-09-10,0.2020498210226705,0.10952380952380958,,0.50703125,0.006106870229007688,0.04365079365079361,0.3439363817097415
2012-09-11,0.20867169932406116,0.13776722090261284,,0.5035128805620609,0.005339435545385185,0.0435643564356436,0.35317460317460314
2012-09-12,0.2125729474207966,0.15165876777251186,,0.5015600624024961,0.003810975609756073,0.05335968379446643,0.35247524752475246
2012-09-13,0.20137778751794483,0.11111111111111116,,0.5011691348402182,0.005331302361005319,0.02564102564102566,0.36363636363636365
2012-09-14,0.21808632892741003,0.1910377358490566,,0.4976635514018692,0.0053272450532724225,0.023622047244094446,0.3727810650887574
2012-09-15,0.18777085875365176,0.07529411764705884,,0.49182879377431904,0.0076045627376425395,0.023575638506876273,0.34055118110236215
2012-09-16,0.20377446432119567,0.14319248826291076,,0.4937791601866252,0.010638297872340385,0.027450980392156876,0.343811394891945
2012-09-17,0.1960419936143845,0.07962529274004682,,0.5011655011655012,0.01518602885345477,0.04109589041095896,0.3431372549019608
2012-09-18,0.18976621163597548,0.06074766355140182,,0.5023291925465838,0.01593323216995446,0.021484375,0.34833659491193736
2012-09-19,0.18491231324977114,0.05594405594405594,,0.4972847168347556,0.01592115238817282,0.0292397660818714,0.326171875
2012-09-20,0.1914622758244912,0.13023255813953494,,0.48294573643410854,0.01666666666666672,0.009727626459143934,0.317738791423002
2012-09-21,0.1918478479125047,0.09976798143851506,,0.47947327652982186,0.018168054504163478,0.01941747572815533,0.3424124513618677
2012-09-22,0.2051409861939578,0.0532407407407407,,0.4821981424148607,0.016641452344931973,0.08333333333333337,0.39029126213592236
2012-09-23,0.21509150166466912,0.10161662817551964,,0.48414539829853054,0.018896447467876,0.06769825918762085,0.4031007751937985
2012-09-24,0.2198724717833267,0.10368663594470051,,0.49304482225656876,0.02114803625377648,0.07335907335907332,0.4081237911025145
2012-09-25,0.22964029390236135,0.12413793103448278,,0.5019305019305019,0.02037735849056599,0.09055876685934494,0.41119691119691115
2012-09-26,0.2381539336748018,0.18577981651376152,,0.4853395061728395,0.018853695324283604,0.08653846153846156,0.4142581888246628
2012-09-27,0.23694101718362331,0.17391304347826086,,0.48033924441017734,0.024868123587038382,0.09596928982725528,0.4096153846153846
2012-09-28,0.22159449972697232,0.09360730593607303,,0.48228043143297383,0.029367469879518104,0.08429118773946365,0.41842610364683297
2012-09-29,0.22276235098564143,0.1070615034168565,,0.4780600461893764,0.013544018058690765,0.09369024856596553,0.421455938697318
2012-09-30,0.21545223869280158,0.07045454545454544,,0.47615384615384615,0.020300751879699264,0.08587786259541985,0.42447418738049714
2012-10-01,0.225797740511719,0.11111111111111116,,0.47809377401998465,0.0323065364387678,0.08190476190476192,0.4255725190839694
2012-10-02,0.25483834867966293,0.21945701357466063,,0.47465437788018433,0.04504504504504503,0.10646387832699622,0.4285714285714286
2012-10-03,0.23410592308332712,0.13769751693002252,,0.4727551803530315,0.041260315078769705,0.10246679316888041,0.4163498098859315
2012-10-04,0.24923057913911636,0.20270270270270274,,0.4708588957055215,0.050974512743628186,0.10795454545454541,0.4136622390891841
2012-10-05,0.2245841633372001,0.21123595505617976,,0.4674329501915709,0.002996254681647992,0.017013232514177745,0.4242424242424242
2012-10-06,0.22154504093166655,0.2017937219730942,,0.46324655436447165,0.002245508982035904,0.007547169811320753,0.43289224952741023
2012-10-07,0.20839656647317528,0.12975391498881428,,0.4590665646518745,0.002243829468960401,0.013182674199623379,0.4377358490566038
2012-10-08,0.2329938875755449,0.2611607142857143,,0.4518348623853211,0.0,0.001879699248120259,0.4500941619585688
2012-10-09,0.19943332035197367,0.07795100222717144,,0.4560733384262796,0.0007468259895444529,0.0056285178236398226,0.45676691729323304
2012-10-10,0.2283102400017251,0.22666666666666668,,0.449618320610687,0.0,0.01310861423220977,0.4521575984990619
2012-10-11,0.21823910998937013,0.19290465631929044,,0.4469870327993898,0.0,0.0037383177570093906,0.44756554307116103
2012-10-12,0.22622687000043767,0.23451327433628322,,0.4413109756097561,0.0029806259314456574,0.003731343283582045,0.44859813084112155
2012-10-13,0.2204347121034922,0.20309050772626935,,0.43716679360243715,0.0029784065524943726,0.009310986964618295,0.4496268656716418
2012-10-14,0.2282448045828648,0.2180616740088106,,0.4520547945205479,0.0037202380952381375,0.013011152416356864,0.45437616387337054
2012-10-15,0.23583235218466597,0.27472527472527475,,0.4326996197718631,0.0014869888475836923,0.005565862708719838,0.46468401486988853
2012-10-16,0.20500846841999745,0.1271929824561403,,0.4399696048632219,0.0014858841010401136,0.0037037037037036535,0.45269016697588127
2012-10-17,0.2193236185971327,0.19693654266958427,,0.4274867122247532,0.0,0.014787430683918634,0.4574074074074074
2012-10-18,0.23954478158865505,0.24235807860262004,,0.4157814871016692,0.0,0.08487084870848705,0.45471349353049906
2012-10-19,0.2209136793516005,0.18518518518518523,,0.4131918119787718,0.000741289844329085,0.046040515653775316,0.45940959409594095
2012-10-20,0.24162701331657893,0.2673913043478261,,0.41818181818181815,0.001481481481481528,0.0533088235294118,0.4677716390423573
2012-10-21,0.23033837621901238,0.20824295010845983,,0.4155942467827404,0.0022205773501110526,0.05504587155963303,0.47058823529411764
2012-10-22,0.22496662045116783,0.19696969696969702,,0.39107413010590014,0.00295857988165682,0.06227106227106227,0.4715596330275229
2012-10-23,0.2285854813476213,0.22246220302375808,,0.3832199546485261,0.0007390983000739038,0.06764168190127973,0.46886446886446886
2012-10-24,0.23108069908179277,0.2887931034482759,,0.36027190332326287,0.0,0.03284671532846717,0.473491773308958
2012-10-25,0.21731456829405532,0.20645161290322578,,0.35245283018867923,0.0022140221402213722,0.051001821493624755,0.4744525547445255
2012-10-26,0.23840254045621795,0.2896995708154506,,0.36576168929110103,0.002949852507374673,0.052727272727272734,0.4808743169398907
2012-10-27,0.23813063775652693,0.26980728051391867,,0.36925395629238883,0.004421518054532059,0.056261343012704135,0.49090909090909096
2012-10-28,0.22812040529883584,0.23076923076923073,,0.3689759036144578,0.007363770250368162,0.04528985507246375,0.4882032667876588
2012-10-29,0.24760643407808258,0.24946695095948823,,0.3694507148231753,0.008830022075055233,0.12296564195298376,0.4873188405797102
2012-10-30,0.2540819758115094,0.276595744680851,,0.3548872180451128,0.008088235294117618,0.14620938628158842,0.484629294755877
2012-10-31,0.25947294566266715,0.30573248407643316,,0.34485349361382417,0.008082292432035287,0.16216216216216217,0.47653429602888087
2012-11-01,0.25720797752211944,0.2902542372881356,,0.35735735735735735,0.008076358296622566,0.1546762589928058,0.4756756756756757
2012-11-02,0.27091402763430733,0.32980972515856233,,0.36084021005251316,0.009537784299339713,0.16337522441651708,0.49100719424460426
2012-11-03,0.2697051808981145,0.32278481012658233,,0.36731634182908546,0.008797653958944274,0.1577060931899642,0.49192100538599637
2012-11-04,0.27597188042859777,0.3157894736842105,,0.37303370786516854,0.0461538461538461,0.15563506261180682,0.489247311827957
2012-11-05,0.2683707713005234,0.27521008403361347,,0.38922155688622756,0.049780380673499214,0.14821428571428574,0.4794275491949911
2012-11-06,0.25780265375685935,0.2704402515723271,,0.39042632759910245,0.049743964886613035,0.09447415329768272,0.4839285714285714
2012-11-07,0.27223259745892625,0.33682008368200833,,0.4125560538116592,0.05043859649122806,0.08362989323843417,0.4777183600713012
2012-11-08,0.24750306217635817,0.2755741127348643,,0.38536221060492903,0.048210372534696844,0.056838365896980436,0.47153024911032027
2012-11-09,0.2712218358964139,0.2875,,0.3932835820895522,0.05036496350364961,0.1471631205673759,0.477797513321492
2012-11-10,0.26653990643899583,0.29521829521829523,,0.39149888143176736,0.05397520058351568,0.10796460176991152,0.48404255319148937
2012-11-11,0.2775237715158222,0.3257261410788381,,0.39642324888226527,0.0568513119533528,0.1307420494699647,0.47787610619469023
2012-11-12,0.2823833996362639,0.3229813664596274,,0.39314966492926284,0.05826656955571741,0.16402116402116407,0.47349823321554774
2012-11-13,0.28266604576434495,0.3450413223140496,,0.3757440476190476,0.05967976710334788,0.16549295774647887,0.46737213403880074
2012-11-14,0.28748532765998025,0.3402061855670103,,0.39776951672862454,0.05890909090909091,0.17223198594024602,0.4683098591549296
2012-11-15,0.27333298647282184,0.33127572016460904,,0.36924219910846956,0.05305232558139539,0.14912280701754388,0.46397188049209137
2012-11-16,0.27954219338923947,0.3429158110882957,,0.36302895322939865,0.046477850399418985,0.18563922942206657,0.45964912280701753
2012-11-17,0.270680603650242,0.28893442622950816,,0.37166172106824924,0.07837445573294632,0.15909090909090906,0.45534150612959723
2012-11-18,0.26097249585420884,0.3087934560327198,,0.36619718309859156,0.0688905003625816,0.11867364746945896,0.4423076923076923
2012-11-19,0.25054644245989205,0.28979591836734697,,0.37037037037037035,0.05869565217391304,0.09233449477351918,0.44153577661431065
2012-11-20,0.24719961332199655,0.28716904276985744,,0.36565507031828276,0.04851556842867488,0.10608695652173916,0.4285714285714286
2012-11-21,0.24500367042843268,0.29065040650406504,,0.3624260355029586,0.04341534008683068,0.09722222222222221,0.43130434782608695
2012-11-22,0.24017984573590487,0.27180527383367137,,0.36215816703621584,0.037599421547360845,0.10225303292894283,0.42708333333333337
2012-11-23,0.23221535931363757,0.2773279352226721,,0.3862629246676514,0.03829479768786126,0.04671280276816614,0.41247833622183705
2012-11-24,0.22555714820700104,0.21818181818181814,,0.38228782287822877,0.03610108303249093,0.07772020725388606,0.4134948096885813
2012-11-25,0.23264764330954782,0.25604838709677424,,0.3893805309734513,0.03607503607503604,0.07586206896551728,0.40587219343696024
2012-11-26,0.22812320097304348,0.26961770623742454,,0.36698599852616065,0.03172314347512617,0.07228915662650603,0.4
2012-11-27,0.23542541776482323,0.24698795180722888,,0.34977908689248893,0.02809798270893371,0.13573883161512024,0.4165232358003442
2012-11-28,0.23430208175864572,0.28456913827655306,,0.34142752023546724,0.007919366450683918,0.12006861063464835,0.41752577319587625
2012-11-29,0.2516568751013815,0.31200000000000006,,0.3573529411764706,0.004316546762589968,0.16952054794520544,0.41509433962264153
2012-11-30,0.29024718584237713,0.4890219560878244,,0.37178545187362233,0.0,0.18974358974358974,0.40068493150684936
2012-12-01,0.32115220194532723,0.6573705179282869,,0.3436123348017621,0.0,0.20477815699658708,0.4
2012-12-02,0.2884188753798014,0.47713717693836977,,0.359501100513573,0.0,0.20272572402044298,0.40273037542662116
2012-12-03,0.3012182358909449,0.5575396825396826,,0.34750733137829914,0.0,0.18707482993197277,0.41396933560477
2012-12-04,0.29109247457143705,0.5366336633663367,,0.3391941391941392,0.0,0.17487266553480474,0.40476190476190477
2012-12-05,0.3222005091463351,0.7015810276679841,,0.3206442166910688,0.0,0.21016949152542375,0.37860780984719866
2012-12-06,0.3093789112986857,0.6390532544378698,,0.30651060716898315,0.0,0.21489001692047383,0.3864406779661017
2012-12-07,0.28590716511433606,0.5393700787401574,,0.3033625730994152,0.0,0.19932432432432434,0.38747884940778343
2012-12-08,0.29410194047405164,0.5717092337917485,,0.29948867786705624,0.0,0.20741989881956158,0.3918918918918919
2012-12-09,0.2819234768797182,0.5333333333333333,,0.28978102189781024,0.0,0.20370370370370372,0.3827993254637436
2012-12-10,0.2937224730924313,0.6086105675146771,,0.2727935813274982,0.0,0.1983193277310924,0.38888888888888884
2012-12-11,0.2736747347548799,0.515625,,0.26822157434402333,0.0,0.2063758389261745,0.37815126050420167
2012-12-12,0.260997975398939,0.5087719298245614,,0.2629278951201748,0.0,0.1591289782244556,0.37416107382550334
2012-12-13,0.28071435902550773,0.5622568093385214,,0.26710334788937407,0.0,0.19565217391304346,0.3785594639865997
2012-12-14,0.2686777862720889,0.5611650485436893,,0.25236363636363635,0.0,0.1435726210350584,0.38628762541806017
2012-12-15,0.309614176081583,0.7403100775193798,,0.24709302325581395,0.0,0.16000000000000003,0.40066777963272115
2012-12-16,0.30082143536082495,0.6827852998065764,,0.24328249818445896,0.0,0.17637271214642258,0.4016666666666666
2012-12-17,0.31206209434984206,0.7162162162162162,,0.22714078374455732,0.0,0.21096345514950166,0.4059900166389351
2012-12-18,0.2784418737094744,0.5606936416184971,,0.22552574329224076,0.0,0.19402985074626866,0.4119601328903655
2012-12-19,0.28793962882509494,0.6307692307692307,,0.2072463768115942,0.0,0.1854304635761589,0.41625207296849087
2012-12-20,0.2695084654398328,0.510556621880998,,0.2049239681390297,0.0,0.2347107438016529,0.3973509933774835
2012-12-21,0.30994865364891877,0.7432950191570882,,0.19030390738060782,0.0,0.23267326732673266,0.38347107438016526
2012-12-22,0.28482056441173637,0.609942638623327,,0.18582791033984092,0.0,0.2306425041186162,0.3976897689768977
2012-12-23,0.25918000188248663,0.48282442748091603,,0.1791907514450867,0.0,0.23190789473684215,0.40197693574958815
2012-12-24,0.2903323922747239,0.6552380952380952,,0.16028880866425993,0.0,0.22988505747126442,0.40625
2012-12-25,0.2650137298479362,0.564638783269962,,0.14502164502164502,0.0,0.2163934426229508,0.3990147783251231
2012-12-26,0.276563846785806,0.6394686907020872,,0.14203316510454217,0.0,0.1963993453355155,0.4049180327868852
2012-12-27,0.2429336861240213,0.4772727272727273,,0.13544668587896252,0.0,0.20915032679738566,0.3927986906710311
2012-12-28,0.2395178456203745,0.47448015122873344,,0.12958963282937366,0.0007047216349541641,0.19738988580750405,0.39542483660130723
2012-12-29,0.2361577448640105,0.4358490566037736,,0.11726618705035971,0.0,0.23615635179153094,0.3915171288743883
2012-12-30,0.2504851677380474,0.5178907721280603,,0.10136592379583034,0.0,0.23414634146341462,0.39902280130293155
2012-12-31,0.23316046490950212,0.4473684210526315,,0.10416666666666667,0.0,0.22564935064935066,0.38861788617886184
2013-01-01,0.21665015518729377,0.4652908067542214,,0.09547738693467336,0.0,0.15072933549432743,0.3717532467532467
2013-01-02,0.2293668036082548,0.45692883895131087,,0.09540889526542325,0.0,0.19579288025889963,0.39870340356564016
2013-01-03,0.24341684043154635,0.4953271028037384,,0.0910394265232975,0.0,0.21647819063004847,0.4142394822006472
2013-01-04,0.2326293565175625,0.45149253731343286,,0.10386819484240688,0.0007012622720897754,0.21451612903225803,0.3925686591276252
2013-01-05,0.23689833517207934,0.4860335195530726,,0.11166785969935576,0.0,0.19001610305958128,0.39677419354838706
2013-01-06,0.22932778858624836,0.5353159851301115,,0.10586552217453506,0.0,0.11093247588424437,0.394524959742351
2013-01-07,0.24554158246960575,0.5120593692022264,,0.11150822015725519,0.0,0.2247191011235955,0.37942122186495175
2013-01-08,0.2129631527440516,0.4296296296296296,,0.11857142857142858,0.0,0.14903846153846156,0.3675762439807384
2013-01-09,0.2506161813183551,0.5619223659889094,,0.12419700214132762,0.0,0.21599999999999997,0.35096153846153844
2013-01-10,0.25416252913800214,0.5682656826568266,,0.11412268188302425,0.0,0.23482428115015974,0.3536
2013-01-11,0.21982781152360126,0.47882136279926335,,0.11261582323592302,0.0,0.17862838915470491,0.32907348242811496
2013-01-12,0.2481155208751292,0.6507352941176471,,0.10683760683760683,0.0,0.1560509554140127,0.32695374800637955
2013-01-13,0.23716831521587642,0.6055045871559632,,0.10533807829181495,0.0006968641114982743,0.13831478537360886,0.3359872611464968
2013-01-14,0.22571792623630804,0.5384615384615384,,0.1301564722617354,0.0006963788300835549,0.1158730158730159,0.3434022257551669
2013-01-15,0.2180121225283184,0.4369287020109689,,0.14498933901918976,0.0020876826722338038,0.18541996830427887,0.3206349206349206
2013-01-16,0.25405392980321556,0.6076642335766423,,0.15980113636363635,0.0006954102920723182,0.16930379746835444,0.3328050713153724
2013-01-17,0.2450797617913437,0.5209471766848817,,0.1589779985805536,0.0,0.26066350710900477,0.28481012658227844
2013-01-18,0.23506193450375715,0.6109090909090908,,0.16028368794326242,0.0,0.194006309148265,0.21011058451816744
2013-01-19,0.18463603280590155,0.5281306715063521,,0.15379163713678243,0.0,0.04251968503937009,0.19873817034700314
2013-01-20,0.17399967383965084,0.4003623188405797,,0.18626062322946177,0.0,0.05660377358490565,0.22677165354330708
2013-01-21,0.1863370683465726,0.4864376130198915,,0.194621372965322,0.0006930006930007115,0.042386185243328045,0.2075471698113207
2013-01-22,0.16312577086248045,0.43862815884476536,,0.18104667609618105,0.0013850415512465242,0.059561128526645746,0.13500784929356358
2013-01-23,0.14954711306027407,0.3801801801801802,,0.20565371024734982,0.0020761245674740803,0.031298904538341166,0.12852664576802508
2013-01-24,0.16147648019087713,0.44244604316546765,,0.20692090395480225,0.0,0.028124999999999956,0.1298904538341158
2013-01-25,0.1546338745461353,0.3734290843806104,,0.21383203952011293,0.0,0.018720748829953227,0.16718750000000004
2013-01-26,0.15566504799288494,0.4068100358422939,,0.21086036671368125,0.0,0.02024922118380057,0.14040561622464898
2013-01-27,0.15507065741418743,0.3595706618962433,,0.2149400986610289,0.0,0.059097978227060644,0.14174454828660432
2013-01-28,0.15714039800368237,0.3678571428571429,,0.22042253521126762,0.0,0.05745341614906829,0.13996889580093308
2013-01-29,0.1523054723916566,0.3582887700534759,,0.23715693173821253,0.0,0.04341085271317835,0.12267080745341619
2013-01-30,0.14063529091478968,0.33807829181494664,,0.2271448663853727,0.0,0.020123839009287936,0.11782945736434114
2013-01-31,0.142024228030822,0.34103019538188273,,0.23752635277582573,0.0,0.009273570324574987,0.1222910216718266
2013-02-01,0.1192925606372576,0.22872340425531912,,0.25491573033707865,0.0,0.0030864197530864335,0.10973724884080371
2013-02-02,0.1466956568262319,0.3433628318584071,,0.25894736842105265,0.0,0.0030816640986132127,0.12808641975308643
2013-02-03,0.15299830678157614,0.3462897526501767,,0.23842917251051893,0.0,0.003076923076923088,0.1771956856702619
2013-02-04,0.12857843177168632,0.24867724867724872,,0.24807288016818502,0.0,0.007680491551459334,0.1384615384615384
2013-02-05,0.14741444050464375,0.323943661971831,,0.26260504201680673,0.0,0.009202453987730008,0.14132104454685102
2013-02-06,0.14916026829786116,0.312829525483304,,0.27501749475157455,0.0,0.013782542113323082,0.14417177914110424
2013-02-07,0.16942266450932392,0.343859649122807,,0.27062937062937065,0.0,0.09633027522935778,0.13629402756508424
2013-02-08,0.15745647485493028,0.32049036777583184,,0.27882599580712786,0.0,0.07022900763358775,0.11773700305810397
2013-02-09,0.1631476221049311,0.3199300699300699,,0.29748603351955305,0.0,0.09908536585365857,0.0992366412213741
2013-02-10,0.14841620022359495,0.3228621291448517,,0.2972784368457781,0.0061517429938482415,0.0426179604261796,0.07317073170731703
2013-02-11,0.14054032059637775,0.25087108013937287,,0.32566248256624825,0.007513661202185773,0.04407294832826747,0.07458143074581436
2013-02-12,0.15041514004320727,0.24521739130434783,,0.34146341463414637,0.007508532423208147,0.11077389984825492,0.04711246200607899
2013-02-13,0.15061671378912425,0.32291666666666663,,0.33774373259052926,0.007503410641200525,0.037878787878787845,0.047040971168436974
2013-02-14,0.1283478145613624,0.2079722703639515,,0.3298538622129436,0.005453306066803054,0.016641452344931973,0.08181818181818179
2013-02-15,0.12455273706671484,0.2197231833910035,,0.3386648122392211,0.00544959128065392,0.049848942598187285,0.009077155824508298
2013-02-16,0.1115086885028147,0.1260794473229706,,0.35510771369006255,0.005445881552076259,0.05731523378582204,0.013595166163142047
2013-02-17,0.11121315089904167,0.096551724137931,,0.38958333333333334,0.008163265306122436,0.048192771084337394,0.013574660633484115
2013-02-18,0.12039675406077315,0.11015490533562822,,0.4448299791811242,0.010876954452753274,0.015037593984962405,0.02108433734939763
2013-02-19,0.13686121826718559,0.20618556701030932,,0.42995839112343964,0.013586956521739135,0.007507507507507505,0.02706766917293235
2013-02-20,0.1305113005335407,0.16809605488850776,,0.4573804573804574,0.013577732518669339,0.007496251874062998,0.006006006006005982
2013-02-21,0.11437380947644915,0.047945205479452024,,0.49238227146814406,0.013568521031207648,0.0119760479041916,0.005997001499250421
2013-02-22,0.1275207886993313,0.09914529914529913,,0.5044982698961937,0.0115254237288136,0.013452914798206317,0.008982035928143728
2013-02-23,0.13921233552285367,0.11262798634812288,,0.5138312586445366,0.01287262872628725,0.047761194029850795,0.008968609865470878
2013-02-24,0.14550569880763958,0.14991482112436116,,0.5155494125777471,0.012863913337846977,0.03576751117734722,0.013432835820895495
2013-02-25,0.15826400574318727,0.19557823129251706,,0.5227900552486188,0.014884979702300405,0.03720238095238093,0.02086438152011927
2013-02-26,0.12856807094817208,0.032258064516129004,,0.5307108350586611,0.011494252873563204,0.050520059435364084,0.017857142857142905
2013-02-27,0.1481188919849482,0.12372881355932208,,0.5496551724137931,0.010810810810810811,0.04302670623145399,0.013372956909361022
2013-02-28,0.14071322424181104,0.04230118443316411,,0.5616815988973122,0.012153950033760963,0.07259259259259254,0.014836795252225476
2013-03-01,0.13581308662850805,0.08277027027027029,,0.5668044077134986,0.00877192982456143,0.014792899408283988,0.00592592592592589
2013-03-02,0.14193300803285275,0.12141652613827991,,0.5739848589125947,0.0053944706675657095,0.004431314623338234,0.004437869822485174
2013-03-03,0.15091035109938417,0.17003367003366998,,0.5694635488308115,0.004716981132075526,0.001474926253687281,0.008862629246676468
2013-03-04,0.13850893552541643,0.09411764705882353,,0.584192439862543,0.005387205387205385,0.0014727540500736325,0.007374631268436627
2013-03-05,0.12939422919379082,0.03187919463087252,,0.5968406593406593,0.009421265141319024,0.004411764705882337,0.004418262150220897
2013-03-06,0.13899623804379663,0.0938023450586265,,0.5923129718599863,0.00739744451916613,0.001468428781204123,0.0
2013-03-07,0.12592923423010172,0.030100334448160515,,0.598079561042524,0.0,0.0014662756598240456,0.0
2013-03-08,0.12779555541500917,0.03338898163606008,,0.5997258396161754,0.0,0.0014641288433382416,0.004398826979472137
2013-03-09,0.1286768680661923,0.030000000000000027,,0.6075342465753425,0.0,0.004385964912280715,0.0014641288433382416
2013-03-10,0.128442654911767,0.0266222961730449,,0.6105407255304586,0.0006706908115359234,0.004379562043795637,0.0
2013-03-11,0.12957617765660184,0.02491694352159468,,0.6135430916552668,0.0006702412868632157,0.005830903790087438,0.0029197080291970545
2013-03-12,0.13170867182056925,0.02985074626865669,,0.619958988380041,0.0,0.008733624454148492,0.0
2013-03-13,0.14450041176815248,0.09105960264900659,,0.6154371584699454,0.0,0.0043604651162790775,0.011644832605531286
2013-03-14,0.13387585701303015,0.034710743801652844,,0.6143344709897611,0.0,0.010159651669085612,0.01017441860465118
2013-03-15,0.13611599790959447,0.028052805280528004,,0.6323328785811733,0.0013368983957219305,0.007246376811594235,0.011611030478954953
2013-03-16,0.13992297333662215,0.0329489291598023,,0.643490115882754,0.0,0.00868306801736618,0.01449275362318836
2013-03-17,0.14196412869064443,0.03125,,0.6498637602179836,0.002670226969292422,0.00867052023121384,0.01736613603473225
2013-03-18,0.14043137364053826,0.009852216748768461,,0.6596324029952348,0.006671114076050699,0.00721500721500723,0.018786127167630062
2013-03-19,0.13983989779931977,0.013114754098360604,,0.6564625850340136,0.008000000000000007,0.015850144092218965,0.005772005772005762
2013-03-20,0.13628698654578933,0.009819967266775809,,0.6498980285520054,0.007328447701532292,0.014388489208633115,0.0
2013-03-21,0.13519907614435125,0.0,,0.6623641304347826,0.009320905459387463,0.004310344827586188,0.0
2013-03-22,0.13602090721258514,0.0,,0.6680244399185336,0.010645375914836941,0.0014347202295552641,0.0
2013-03-23,0.1362153835187513,0.0,,0.6675712347354138,0.010638297872340385,0.0014326647564469885,0.0014347202295552641
2013-03-24,0.13925164608225854,0.003252032520325243,,0.6732203389830509,0.012624584717607967,0.0014306151645206988,0.005730659025787954
2013-03-25,0.140727585857833,0.00649350649350644,,0.6761517615176151,0.015272244355909681,0.0014285714285714457,0.0042918454935622075
2013-03-26,0.14508098062402108,0.021069692058346856,,0.6790792146242384,0.015262110152621133,0.004279600570613384,0.005714285714285672
2013-03-27,0.14265415440898513,0.009708737864077666,,0.6840324763193505,0.01525198938992045,0.0014245014245014564,0.0028530670470755526
2013-03-28,0.14193989298008708,0.014539579967689842,,0.6754563894523327,0.012591119946984808,0.007112375533428139,0.0
2013-03-29,0.14144454616190158,0.003225806451612856,,0.6864864864864865,0.013245033112582738,0.0014204545454545858,0.002844950213371278
2013-03-30,0.14209707674804756,0.004830917874396157,,0.6887238352464551,0.011250827266710783,0.0014184397163120588,0.0042613636363636465
2013-03-31,0.1440673938234202,0.004823151125401881,,0.6950067476383266,0.010582010582010581,0.0028328611898017497,0.007092198581560294
2013-04-01,0.14853182453041572,0.008025682182985605,,0.7026298044504383,0.0178453403833444,0.004243281471004279,0.009915014164305958
2013-04-02,0.14752562911563738,0.0,,0.7115902964959568,0.02179656538969621,0.0014124293785310327,0.0028288543140028155
2013-04-03,0.14907926335651903,0.0,,0.7151515151515152,0.0217821782178218,0.008462623413258097,0.0
2013-04-04,0.14741167266956817,0.0,,0.7099596231493943,0.0158311345646438,0.011267605633802802,0.0
2013-04-05,0.15118247477595287,0.004784688995215336,,0.7195696032279758,0.011865524060646004,0.01828410689170179,0.0014084507042253502
2013-04-06,0.1516117963429997,0.0015923566878981443,,0.7217741935483871,0.02766798418972327,0.005617977528089901,0.0014064697609000865
2013-04-07,0.1569985351647837,0.0015898251192368873,,0.7253190060443251,0.03423304805793281,0.018232819074333828,0.005617977528089901
2013-04-08,0.15655508936177792,0.0,,0.7295302013422819,0.03223684210526312,0.021008403361344574,0.0
2013-04-09,0.1551659175061125,0.0,,0.7297116029510395,0.0335305719921104,0.012587412587412583,0.0
2013-04-10,0.1548375942563866,0.0,,0.7312332439678284,0.038764783180026297,0.0041899441340782495,0.0
2013-04-11,0.1618177271958894,0.0015797788309637184,,0.7347622237106497,0.04202232435981612,0.001394700139469962,0.029329608938547524
2013-04-12,0.23824068662597067,0.056782334384858024,,0.7409638554216867,0.04199475065616798,0.0013927576601671099,0.35006973500697347
2013-04-13,0.18210288599265892,0.025196850393700787,,0.7438127090301003,0.042622950819672156,0.0027816411682892728,0.09610027855153203
2013-04-14,0.208613538561964,0.03144654088050314,,0.7426470588235294,0.047837483617300114,0.002777777777777768,0.21835883171070936
2013-04-15,0.23981930974279725,0.061224489795918324,,0.7401469605878424,0.0491159135559921,0.001386962552011095,0.3472222222222222
2013-04-16,0.2729349779424648,0.06426332288401249,,0.7369826435246996,0.02945026178010468,0.0013850415512465242,0.5325936199722607
2013-04-17,0.2932174989903686,0.08137715179968696,,0.733822548365577,0.024852844996729906,0.0027662517289073207,0.6232686980609419
2013-04-18,0.2289463522714894,0.0390625,,0.7313333333333333,0.02026143790849677,0.004143646408839796,0.3499308437067773
2013-04-19,0.19848666262726672,0.040561622464898583,,0.7348434377081945,0.02090137165251471,0.004137931034482789,0.19198895027624308
2013-04-20,0.1792610211326985,0.03738317757009346,,0.7270306258322237,0.009138381201044377,0.004132231404958664,0.11862068965517236
2013-04-21,0.16951026882960574,0.029548989113530322,,0.7178975382568197,0.007827788649706457,0.00687757909215958,0.08539944903581265
2013-04-22,0.18167679574636103,0.026397515527950333,,0.7147606382978723,0.010430247718383301,0.009615384615384581,0.1471801925722146
2013-04-23,0.17393289524337396,0.03410852713178292,,0.7089700996677741,0.00846905537459286,0.010973936899862813,0.1071428571428571
2013-04-24,0.16058414722920292,0.017027863777089758,,0.701859229747676,0.005859375,0.010958904109588996,0.0672153635116598
2013-04-25,0.15730686241501263,0.015455950540958274,,0.7000663570006636,0.0039037085230969604,0.01094391244870041,0.05616438356164388
2013-04-26,0.1624094359312463,0.021604938271604923,,0.6989389920424404,0.002600780234070177,0.012295081967213073,0.07660738714090287
2013-04-27,0.1702981871540452,0.024653312788906034,,0.7077534791252486,0.008447043534762888,0.013642564802182844,0.09699453551912574
2013-04-28,0.18674534188790878,0.043076923076923124,,0.6933774834437086,0.010389610389610393,0.01498637602179842,0.17189631650750337
2013-04-29,0.17323498312928431,0.02611367127496156,,0.686962276637988,0.01687216093445809,0.00952380952380949,0.1267029972752044
2013-04-30,0.16619874692065,0.02300613496932513,,0.6798941798941799,0.023346303501945553,0.010869565217391353,0.09387755102040818
2013-05-01,0.17516778822655185,0.0444104134762634,,0.6721744877726371,0.022034996759559333,0.006784260515603768,0.13043478260869568
2013-05-02,0.21160489795456422,0.06574923547400613,,0.6585204755614267,0.014896373056994872,0.0013550135501354532,0.3175033921302578
2013-05-03,0.2536457413847676,0.10381679389312981,,0.6475247524752475,0.01553398058252431,0.0013531799729363803,0.5
2013-05-04,0.2721917774122379,0.11128048780487809,,0.6418205804749341,0.023285899094437235,0.0013513513513513375,0.5832205683355887
2013-05-05,0.23437576442508487,0.06849315068493156,,0.6413974950560316,0.03361344537815125,0.0026990553306343035,0.42567567567567566
2013-05-06,0.22260214651986865,0.059270516717325195,,0.6389986824769434,0.03552971576227393,0.0040431266846361336,0.37516869095816463
2013-05-07,0.24108119352651255,0.06676783004552356,,0.6280447662936142,0.034861200774693346,0.006729475100942128,0.4690026954177897
2013-05-08,0.25017407192828045,0.06818181818181823,,0.6223684210526316,0.03677419354838707,0.005376344086021501,0.5181695827725438
2013-05-09,0.2497030900091417,0.06959152798789714,,0.6193293885601578,0.03675048355899424,0.004026845637583931,0.5188172043010753
2013-05-10,0.25286916235006235,0.08006042296072513,,0.6051248357424441,0.032860824742268036,0.006702412868632712,0.5395973154362417
2013-05-11,0.22953039509394726,0.05580693815987936,,0.5902823374917925,0.027044430135222175,0.009370816599732268,0.4651474530831099
2013-05-12,0.2394009186787526,0.048192771084337394,,0.5872703412073491,0.034105534105534074,0.005347593582887722,0.5220883534136547
2013-05-13,0.24923422784289118,0.0736842105263158,,0.5836065573770491,0.034083601286173604,0.012016021361815787,0.5427807486631016
2013-05-14,0.24473764912138965,0.06606606606606602,,0.5845347313237221,0.02570694087403602,0.01200000000000001,0.5353805073431241
2013-05-15,0.26305427115759494,0.10944527736131937,,0.5861165684348395,0.025048169556840083,0.003994673768308976,0.5906666666666667
2013-05-16,0.2643344988184264,0.11976047904191611,,0.5824607329842932,0.028241335044929428,0.0013297872340425343,0.5898801597869507
2013-05-17,0.2574643119440506,0.11061285500747386,,0.57946370176586,0.01347017318794097,0.0013280212483399723,0.5824468085106382
2013-05-18,0.25282964559347026,0.09552238805970148,,0.5764705882352941,0.022435897435897467,0.0013262599469495706,0.5683930942895086
2013-05-19,0.2552393741394129,0.10879284649776455,,0.5721750489875899,0.026265214606021825,0.0013245033112583293,0.5676392572944298
2013-05-20,0.2581200793665161,0.10416666666666663,,0.575065274151436,0.035211267605633756,0.001322751322751281,0.5748344370860927
2013-05-21,0.2618612888283126,0.13372956909361067,,0.5694716242661448,0.030710172744721653,0.0013210039630119352,0.5740740740740741
2013-05-22,0.25476140908674116,0.11275964391691395,,0.560625814863103,0.019181585677749413,0.0013192612137202797,0.5799207397622193
2013-05-23,0.2514810146330489,0.10666666666666669,,0.5596091205211726,0.017252396166134165,0.0013175230566534468,0.5725593667546174
2013-05-24,0.23721262566213208,0.06952662721893488,,0.556640625,0.022349936143039595,0.0026315789473684292,0.5349143610013175
2013-05-25,0.22888415509327692,0.069423929098966,,0.5549772283669486,0.03318442884492656,0.005256241787122251,0.4815789473684211
2013-05-26,0.23643178133381748,0.08407079646017701,,0.5513654096228868,0.04081632653061229,0.005249343832021025,0.5006570302233903
2013-05-27,0.2314244324427019,0.08836524300441828,,0.5445094217024041,0.04525175270873172,0.005242463958060273,0.473753280839895
2013-05-28,0.24239330280950652,0.07352941176470584,,0.5551948051948052,0.04458598726114649,0.005235602094240788,0.5334207077326343
2013-05-29,0.24683212890691744,0.10866372980910421,,0.5528877352368592,0.024188415022278753,0.006535947712418277,0.5418848167539267
2013-05-30,0.23537395662737323,0.09090909090909094,,0.5518806744487679,0.020356234096692072,0.0013054830287205776,0.5124183006535947
2013-05-31,0.24171110825464215,0.07613469985358712,,0.5554115359688918,0.024793388429752095,0.0026075619295958807,0.5496083550913838
2013-06-01,0.24766408593962136,0.08771929824561409,,0.5602331606217616,0.03367217280813217,0.01432291666666663,0.5423728813559322
2013-06-02,0.24360120114369713,0.04233576642335768,,0.5773462783171521,0.05015873015873018,0.00910273081924573,0.5390625
2013-06-03,0.25990697827128334,0.06268221574344024,,0.5886157826649417,0.05266497461928932,0.0051948051948051965,0.5903771131339401
2013-06-04,0.25867839876230797,0.048034934497816595,,0.5914673561732385,0.05389980976537734,0.0077821011673151474,0.5922077922077922
2013-06-05,0.2626609473395992,0.05232558139534882,,0.5923772609819121,0.05513307984790872,0.015544041450777257,0.5979247730220493
2013-06-06,0.2739578448750623,0.1132075471698113,,0.5939315687540349,0.052564914502849946,0.014230271668822736,0.5958549222797928
2013-06-07,0.2822591649650109,0.12173913043478257,,0.6,0.05569620253164553,0.025839793281653756,0.6080206985769728
2013-06-08,0.2924046924455748,0.15629522431259046,,0.6015473887814313,0.05819101834282103,0.003870967741935516,0.6421188630490956
2013-06-09,0.29454073446435175,0.1445086705202312,,0.615979381443299,0.06447534766118834,0.0012886597938144284,0.6464516129032258
2013-06-10,0.3112148244212677,0.18759018759018764,,0.6233097231165486,0.08022741629816799,0.0012870012870013214,0.663659793814433
2013-06-11,0.3044463275839634,0.15706051873198845,,0.6248391248391248,0.08396464646464652,0.0025706940874036244,0.6537966537966537
2013-06-12,0.3031511213839632,0.14676258992805757,,0.6308681672025723,0.08517350157728709,0.0038510911424903815,0.6491002570694087
2013-06-13,0.30186615156133234,0.13074712643678166,,0.6323907455012854,0.08638083228247162,0.0064102564102563875,0.6534017971758665
2013-06-14,0.3105475388631138,0.15494978479196553,,0.6422607578676943,0.08758664146187778,0.006402048655569814,0.6615384615384615
2013-06-15,0.3164266759468203,0.16905444126074498,,0.6521181001283697,0.09130982367758189,0.002557544757033292,0.6670934699103713
2013-06-16,0.32091446279104713,0.17310443490701,,0.6581141757536882,0.09817495280050348,0.010217113665389577,0.6649616368286445
2013-06-17,0.31984006692223066,0.16714285714285715,,0.6628205128205128,0.09874213836477985,0.0025510204081632404,0.6679438058748404
2013-06-18,0.3436338499706123,0.275320970042796,,0.6700832799487508,0.09930861093651788,0.010191082802547768,0.6632653061224489
2013-06-19,0.34086699855817076,0.2749287749287749,,0.6722151088348272,0.09987437185929648,0.006361323155216314,0.6509554140127389
2013-06-20,0.345446477799262,0.2901849217638691,,0.6839411388355726,0.10043942247332083,0.003811944091486663,0.6488549618320612
2013-06-21,0.3328795163454543,0.22159090909090906,,0.6950127877237852,0.09849435382685068,0.0012690355329949554,0.6480304955527318
2013-06-22,0.33100288044913223,0.19574468085106378,,0.7015974440894569,0.10031347962382442,0.0012674271229404788,0.6560913705583756
2013-06-23,0.3309240581710397,0.18271954674220958,,0.7068965517241379,0.10087719298245612,0.0037974683544304,0.6603295310519646
2013-06-24,0.33824892484133556,0.21499292786421498,,0.7102744097000638,0.10269254852849097,0.005056890012642201,0.6582278481012658
2013-06-25,0.35391578775272364,0.2838983050847458,,0.7149234693877551,0.10325406758448064,0.005050505050505083,0.6624525916561315
2013-06-26,0.35246011415781864,0.2665726375176305,,0.7195666029318037,0.1031894934333959,0.006305170239596425,0.6666666666666667
2013-06-27,0.3372582621250221,0.2014084507042253,,0.7184713375796178,0.104375,0.005037783375314908,0.6569987389659521
2013-06-28,0.34869077106260676,0.24472573839662448,,0.7262889879057924,0.10493441599000619,0.0012578616352201255,0.6662468513853904
2013-06-29,0.3625287412342323,0.2907303370786517,,0.7283715012722646,0.10549313358302126,0.0012562814070351536,0.6867924528301887
2013-06-30,0.36561405626470955,0.29873772791023845,,0.729815638906548,0.10605115408608856,0.0012547051442910462,0.6922110552763819
2013-07-01,0.3757048018828067,0.35434173669467783,,0.7312579415501906,0.10660847880299251,0.006265664160400974,0.6800501882057717
2013-07-02,0.389858457820459,0.379020979020979,,0.72,0.1071651090342679,0.0012515644555695093,0.7418546365914787
2013-07-03,0.37214910988549027,0.36592178770949724,,0.708756345177665,0.10772104607721045,0.0012499999999999734,0.6770963704630788
2013-07-04,0.38577379852088967,0.34170153417015336,,0.7057704502219404,0.1088985687616677,0.0012484394506866447,0.77125
2013-07-05,0.3911639312787857,0.3857938718662952,,0.7021546261089987,0.11131840796019898,0.0012468827930174342,0.7553058676654183
2013-07-06,0.41341435181227537,0.41307371349095967,,0.7036098796706777,0.11497824735860784,0.001245330012453305,0.8341645885286784
2013-07-07,0.4154878217509541,0.4194444444444444,,0.700632911392405,0.11801242236024845,0.0024875621890547706,0.8368617683686177
2013-07-08,0.3967601648585022,0.375866851595007,,0.7008222643896268,0.11980136561142152,0.00248447204968949,0.7848258706467661
2013-07-09,0.3844963160239366,0.3490304709141274,,0.6965865992414665,0.1203473945409429,0.003722084367245637,0.7527950310559006
2013-07-10,0.37832516801525884,0.36237897648686035,,0.6993051168667088,0.12151270923744573,0.006195786864931829,0.7022332506203475
2013-07-11,0.3417803895035522,0.2541436464088398,,0.6994949494949495,0.12205700123915741,0.0024752475247524774,0.630731102850062
2013-07-12,0.3537242899764158,0.3268965517241379,,0.7003154574132492,0.12260061919504639,0.0024721878862793423,0.6163366336633663
2013-07-13,0.35936196824106026,0.3732782369146006,,0.6885245901639344,0.1231435643564357,0.0024691358024691024,0.6093943139678615
2013-07-14,0.35483102926491983,0.3562585969738652,,0.6855702583490864,0.1236858379715523,0.0012330456226880004,0.6074074074074074
2013-07-15,0.3485997343988983,0.3214285714285714,,0.6851385390428212,0.1248454882571075,0.003694581280788145,0.6078914919852034
2013-07-16,0.3401501529122571,0.33058984910836764,0.3214285714285714,0.6834487098804279,0.12538604076590487,0.0012300123001229846,0.5788177339901478
2013-07-17,0.3464591361090335,0.34246575342465757,0.33150684931506846,0.6786163522012578,0.12469135802469133,0.0012285012285012664,0.6002460024600246
2013-07-18,0.33703322911523576,0.2681258549931601,0.3387978142076503,0.6807039597737272,0.12646514497223937,0.0012269938650306678,0.606879606879607
2013-07-19,0.3637638387612663,0.3989071038251366,0.3487738419618529,0.6809045226130653,0.12700369913686804,0.0,0.6269938650306748
2013-07-20,0.3559976911184641,0.3587994542974079,0.34782608695652173,0.6811048336472065,0.1281577325939618,0.0,0.6200980392156863
2013-07-21,0.3526966179072388,0.3269754768392371,0.3550135501355014,0.679422835633626,0.1293103448275862,0.0012224938875305957,0.6242350061199511
2013-07-22,0.3403611853761564,0.26530612244897955,0.3513513513513513,0.6758620689655173,0.12984615384615383,0.0024420024420024333,0.617359413202934
2013-07-23,0.3617044700538088,0.3913043478260869,0.3584905660377359,0.6691729323308271,0.13099630996309963,0.004878048780487809,0.6153846153846154
2013-07-24,0.37043477585570267,0.47082767978290363,0.3467741935483871,0.6631183469004384,0.13091579594345426,0.0024360535931789995,0.6085365853658536
2013-07-25,0.3588733189794422,0.40108401084010836,0.34584450402144773,0.6664580725907384,0.1320638820638821,0.0048661800486617945,0.6029232643118149
2013-07-26,0.3615969586536018,0.4411366711772666,0.34224598930481287,0.66541588492808,0.1319828115408226,0.0060753341433779084,0.5827250608272506
2013-07-27,0.3505514352822185,0.3743243243243243,0.344,0.664375,0.13374233128834356,0.008495145631068013,0.5783718104495748
2013-07-28,0.3505905588895159,0.3346828609986505,0.3563829787234043,0.670206121174266,0.13427345187001838,0.009696969696969648,0.5983009708737864
2013-07-29,0.34287079776572726,0.34905660377358494,0.33687002652519893,0.6716604244694132,0.13480392156862742,0.01210653753026636,0.5527272727272727
2013-07-30,0.33555595728426263,0.3095558546433378,0.33597883597883593,0.6749844042420462,0.13472137170851195,0.013301088270858519,0.5447941888619855
2013-07-31,0.3116679449255482,0.22043010752688175,0.3245382585751979,0.678927680798005,0.1346389228886169,0.012077294685990392,0.49939540507859737
2013-08-01,0.30875464523239265,0.2335570469798658,0.3236842105263158,0.6903426791277258,0.1327217125382263,0.0,0.4722222222222222
2013-08-02,0.3255024561838748,0.29624664879356566,0.33333333333333337,0.6980074719800747,0.13447432762836187,0.0,0.49095295536791317
2013-08-03,0.3187276305734374,0.24631860776439085,0.337696335078534,0.6975731176104543,0.13439218081857052,0.0,0.4963855421686747
2013-08-04,0.3388700740866235,0.34625668449197866,0.3420365535248042,0.7052238805970149,0.13308913308913306,0.0036057692307692735,0.5030084235860409
2013-08-05,0.32641092726450377,0.30173564753004,0.34114583333333337,0.7060285891858297,0.1323978035387431,0.004801920768307322,0.4723557692307693
2013-08-06,0.31109397148204104,0.2533333333333333,0.33506493506493507,0.7124223602484472,0.13597560975609757,0.003597122302158251,0.4261704681872749
2013-08-07,0.30696518117763366,0.25033288948069243,0.3393782383419689,0.718187461204221,0.13101767215112736,0.0023952095808382756,0.4004796163069544
2013-08-08,0.3165210639409153,0.28058510638297873,0.35400516795865633,0.7258064516129032,0.13154689403166875,0.0023923444976076125,0.4047904191616767
2013-08-09,0.320307305876515,0.22974767596281542,0.36855670103092786,0.7321760694358338,0.12964090079123558,0.0,0.46172248803827753
2013-08-10,0.33819943503749256,0.2877984084880637,0.390745501285347,0.7354399008674102,0.12895377128953767,0.0011933174224343368,0.48506571087216244
2013-08-11,0.322769637358686,0.22781456953642387,0.38717948717948714,0.7380804953560371,0.13009118541033438,0.007151370679380209,0.4463007159904535
2013-08-12,0.31225130634574033,0.2063492063492064,0.3759590792838875,0.7487623762376238,0.13244228432563787,0.014285714285714235,0.3957091775923719
2013-08-13,0.30629594542908595,0.20079260237780716,0.36734693877551017,0.7544836116264688,0.135397692774742,0.005945303210463715,0.3738095238095238
2013-08-14,0.316706043150887,0.31398416886543534,0.3562340966921119,0.7546353522867738,0.1353155339805825,0.0035629453681710332,0.3365041617122473
2013-08-15,0.32034123502148887,0.36627140974967065,0.35279187817258884,0.7578752316244596,0.13038204972710732,0.0,0.31472684085510694
2013-08-16,0.3255725356069927,0.368421052631579,0.36202531645569624,0.762962962962963,0.12787878787878793,0.0,0.33214709371293005
2013-08-17,0.326120712072546,0.3810775295663601,0.36363636363636365,0.7637260950030845,0.12719563900666264,0.0011834319526626835,0.3199052132701422
2013-08-18,0.30551821033219206,0.28083989501312334,0.35516372795969775,0.7681874229346486,0.12832929782082325,0.0023640661938534313,0.2982248520710059
2013-08-19,0.3052480800519794,0.2660550458715596,0.364321608040201,0.7732593961799138,0.12643678160919536,0.0023612750885477762,0.29905437352245867
2013-08-20,0.30157391632799463,0.3259162303664922,0.3358395989974937,0.7733990147783252,0.12636033857315598,0.004716981132075526,0.24321133412042506
2013-08-21,0.2858457920355644,0.2496732026143791,0.3225,0.7772307692307693,0.12628398791540785,0.0,0.23938679245283023
2013-08-22,0.2658739656384346,0.18798955613577029,0.2917705735660848,0.7884378843788438,0.12681159420289856,0.0011764705882353343,0.199057714958775
2013-08-23,0.2648732016425552,0.15775749674054762,0.3009950248756219,0.7990165949600492,0.12794206397103203,0.001175088131609825,0.20235294117647062
2013-08-24,0.28035846633516764,0.22135416666666663,0.315136476426799,0.800982800982801,0.12846803377563332,0.005868544600938996,0.21034077555816688
2013-08-25,0.2877531334217804,0.2665799739921977,0.31188118811881194,0.8066298342541437,0.12899336949969864,0.0058616647127783805,0.20657276995305163
2013-08-26,0.30022786887809944,0.3909090909090909,0.28888888888888886,0.80920245398773,0.1283132530120482,0.0023419203747072626,0.18171160609613135
2013-08-27,0.29339884372029584,0.3398184176394293,0.29802955665024633,0.8099325567136726,0.12642986152919933,0.0,0.18618266978922715
2013-08-28,0.27514858212978416,0.2823834196891192,0.27764127764127766,0.8125,0.12515042117930208,0.0,0.1532163742690058
2013-08-29,0.2651522860062521,0.2380336351875808,0.27941176470588236,0.8187385180649112,0.10402886349969931,0.0,0.15070093457943923
2013-08-30,0.25840478897342584,0.19121447028423777,0.28117359413202936,0.8188494492044064,0.10516826923076927,0.002331002331002363,0.15169194865810964
2013-08-31,0.24245462432043538,0.1509677419354839,0.26097560975609757,0.8275229357798165,0.1057057057057057,0.0011641443538998875,0.10839160839160844
2013-09-01,0.2390468002709342,0.13273195876288657,0.25304136253041365,0.8380195599022005,0.1080432172869148,0.0,0.10244470314318976
2013-09-02,0.23583755263420544,0.13256113256113256,0.25,0.8436163714111179,0.10977804439112182,0.0,0.07906976744186045
2013-09-03,0.23976783570111512,0.14010282776349614,0.2566585956416465,0.847985347985348,0.1079136690647482,0.0,0.08594657375145176
2013-09-04,0.24611116423264603,0.16302952503209245,0.2584541062801933,0.8486882245271506,0.10904733373277409,0.0,0.09744779582366592
2013-09-05,0.28289264921486407,0.3243589743589743,0.28433734939759037,0.848780487804878,0.10778443113772451,0.0023148148148147696,0.12977983777520274
2013-09-06,0.27303728304980485,0.24967989756722153,0.29567307692307687,0.8525289457647776,0.11071214841412325,0.0,0.12962962962962965
2013-09-07,0.284776629657879,0.25703324808184147,0.31894484412470026,0.8544457978075518,0.10944976076555024,0.0,0.16878612716763008
2013-09-08,0.3108277145679168,0.4329501915708812,0.3110047846889952,0.8527084601339014,0.11356843992827259,0.0,0.15473441108545039
2013-09-09,0.3092322607544464,0.39540816326530615,0.3269689737470167,0.8521897810218978,0.11589008363201914,0.0,0.16493656286043834
2013-09-10,0.2656307925504669,0.1808917197452229,0.3047619047619048,0.8541033434650456,0.11462686567164182,0.0,0.1394009216589862
2013-09-11,0.2693590427493672,0.21628498727735368,0.2992874109263658,0.8547995139732685,0.11575178997613367,0.0034482758620689724,0.12658227848101267
2013-09-12,0.2559182283111677,0.17153748411689962,0.27725118483412325,0.8561020036429873,0.11568276684555756,0.00574052812858783,0.10919540229885061
2013-09-13,0.25827781233259967,0.15736040609137059,0.2907801418439716,0.8646844660194175,0.11859356376638852,0.005733944954128489,0.1125143513203215
2013-09-14,0.2608964873488844,0.16856780735107735,0.29009433962264153,0.8647665251667678,0.12269207861822518,0.0068728522336769515,0.11238532110091748
2013-09-15,0.26499151539570615,0.15822784810126578,0.3105882352941176,0.8660606060606061,0.12678571428571428,0.005720823798627039,0.12256586483390608
2013-09-16,0.28264151702439677,0.2654867256637168,0.30516431924882625,0.868564506359782,0.1284949434860202,0.006857142857142895,0.1212814645308925
2013-09-17,0.3034350036162199,0.3964646464646465,0.30210772833723654,0.8662227602905569,0.12782401902497031,0.007990867579908634,0.12
2013-09-18,0.2753436043466882,0.2736443883984867,0.30140186915887845,0.8632788868723533,0.09387997623291744,0.005701254275940704,0.11415525114155256
2013-09-19,0.2895647158131956,0.3564231738035264,0.30536130536130535,0.8645707376058042,0.08788598574821849,0.0,0.12314709236031929
2013-09-20,0.2827407251604066,0.24779874213836472,0.3441860465116279,0.8670694864048338,0.08249258160237394,0.0,0.15489749430523914
2013-09-21,0.2830800807268388,0.2185929648241206,0.3549883990719258,0.8677536231884058,0.08422301304863578,0.001136363636363602,0.17178612059158138
2013-09-22,0.2899206291144927,0.26599749058971145,0.35416666666666663,0.8630054315027158,0.08476585655008895,0.002270147559591429,0.1693181818181818
2013-09-23,0.2849046742438023,0.2142857142857143,0.36720554272517325,0.8661037394451147,0.0859004739336493,0.003401360544217691,0.17253121452894438
2013-09-24,0.28305473507473544,0.1927409261576971,0.3732718894009217,0.866787221217601,0.08525754884547065,0.0011325028312570984,0.17913832199546487
2013-09-25,0.2834350990125884,0.19125000000000003,0.37011494252873567,0.8698795180722891,0.08816568047337281,0.0,0.18120045300113252
2013-09-26,0.2908885047673767,0.2134831460674157,0.37844036697247707,0.8711619506321493,0.09107037256061501,0.001129943502824804,0.19004524886877827
2013-09-27,0.3216240150043937,0.4102244389027432,0.3707093821510298,0.871841155234657,0.0927895981087471,0.0011286681715575453,0.18305084745762712
2013-09-28,0.30993710644350414,0.3262764632627646,0.363013698630137,0.8731208659049909,0.10986414648552867,0.01014656144306647,0.17720090293453727
2013-09-29,0.3120333975277167,0.3370646766169154,0.3644646924829157,0.8731971153846154,0.10920897284533648,0.009009009009009028,0.17925591882750846
2013-09-30,0.316957244265976,0.37515527950310557,0.36590909090909096,0.8684684684684685,0.11091445427728619,0.008998875140607376,0.17229729729729726
2013-10-01,0.32845623681682384,0.4119106699751861,0.3877551020408163,0.8589435774309724,0.1096698113207547,0.014606741573033655,0.18785151856018
2013-10-02,0.3028583936212758,0.29368029739776946,0.3733031674208145,0.853629274145171,0.10665880966411312,0.007856341189674487,0.18202247191011234
2013-10-03,0.3865993987941507,0.43811881188118806,0.4875846501128668,0.8501199040767387,0.10718492343934038,0.0,0.43658810325476993
2013-10-04,0.3367688245081899,0.3176761433868974,0.46621621621621623,0.8544038346315159,0.10653325485579757,0.0011198208286674616,0.2746636771300448
2013-10-05,0.3364769105774818,0.37777777777777777,0.43595505617977526,0.8538922155688623,0.1082352941176471,0.0,0.24300111982082861
2013-10-06,0.3115613989089259,0.21208384710234274,0.44618834080717484,0.8527827648114902,0.11111111111111116,0.0011173184357542443,0.24608501118568238
2013-10-07,0.33520748310479404,0.3694581280788177,0.4384787472035794,0.8456937799043063,0.11515863689776729,0.0022321428571429047,0.24022346368715086
2013-10-08,0.3515002877526019,0.4723247232472325,0.4330357142857143,0.8553496712492529,0.11391661773341166,0.0,0.234375
2013-10-09,0.34634391746352994,0.44840294840294836,0.42538975501113585,0.8584229390681004,0.1161971830985915,0.0033407572383074013,0.22630992196209587
2013-10-10,0.3310707481338245,0.3779141104294479,0.42000000000000004,0.8525373134328358,0.11436950146627567,0.0,0.22160356347438748
2013-10-11,0.3194584719037219,0.3075980392156863,0.4190687361419069,0.8550119331742243,0.11371629542790151,0.0011111111111110628,0.22024471635150167
2013-10-12,0.32447864825143924,0.34761321909424725,0.418141592920354,0.8509242695289206,0.11130638547158755,0.002219755826859071,0.21666666666666667
2013-10-13,0.30142835695548537,0.21393643031784837,0.41501103752759383,0.8486293206197855,0.11124121779859486,0.003325942350332567,0.21642619311875688
2013-10-14,0.28720627597570175,0.17460317460317465,0.38986784140969166,0.8552709946396665,0.11059098888238739,0.0,0.19290465631929044
2013-10-15,0.27193128943845424,0.1353658536585366,0.3582417582417582,0.8630952380952381,0.10877192982456141,0.0,0.1661129568106312
2013-10-16,0.25323573348366163,0.12180267965895253,0.3092105263157895,0.8661511005353956,0.11163062536528345,0.0,0.11061946902654862
2013-10-17,0.27485007161784925,0.1922141119221411,0.33698030634573306,0.8721759809750297,0.11623831775700932,0.0,0.1314917127071823
2013-10-18,0.30129852552749165,0.3705953827460511,0.29912663755458513,0.8740344622697563,0.15586690017513138,0.0,0.10816777041942605
2013-10-19,0.25984444113138366,0.19296116504854366,0.2505446623093682,0.8782660332541568,0.1645274212368728,0.0,0.07276736493936053
2013-10-20,0.24329760476431564,0.1260606060606061,0.2195652173913043,0.8818991097922849,0.17609329446064137,0.0,0.05616740088105732
2013-10-21,0.24745855831039446,0.14891041162227603,0.22125813449023857,0.8819691577698695,0.17540792540792538,0.0,0.057205720572057195
2013-10-22,0.23794538736662807,0.1233373639661427,0.19913419913419916,0.8832246591582691,0.17472335468841005,0.0,0.04725274725274731
2013-10-23,0.2275249773420205,0.0748792270531401,0.18142548596112307,0.889218009478673,0.17462165308498256,0.0,0.04500548847420416
2013-10-24,0.2281172897039363,0.08685162846803374,0.1724137931034483,0.8910597986974541,0.17452006980802792,0.0010952902519167917,0.042763157894736836
2013-10-25,0.2339543921926103,0.10963855421686752,0.18279569892473113,0.8923076923076924,0.16860465116279066,0.003282275711159688,0.0470974808324206
2013-10-26,0.2361643837089897,0.09867629362214203,0.1995708154506438,0.892962743938498,0.16560139453805922,0.0,0.060175054704595166
2013-10-27,0.25186944326248617,0.17067307692307687,0.21413276231263378,0.8959810874704491,0.16376306620209058,0.0,0.06666666666666665
2013-10-28,0.2440850452223132,0.15726290516206487,0.1858974358974359,0.8972238629651507,0.1706326175275682,0.0,0.053493449781659375
2013-10-29,0.2454458105773822,0.1618705035971223,0.18550106609808104,0.9008264462809917,0.169953596287703,0.002178649237472796,0.052344601962922566
2013-10-30,0.24716392451822386,0.1844311377245509,0.174468085106383,0.903244837758112,0.16637681159420292,0.0032644178454842576,0.05119825708060999
2013-10-31,0.24305915460368113,0.1351674641148325,0.18895966029723987,0.9086084905660378,0.16685979142526075,0.0,0.05875952121871597
2013-11-01,0.24019021525689555,0.11589008363201914,0.18220338983050843,0.9145550972304066,0.1719745222929936,0.0032573289902280145,0.05326086956521736
2013-11-02,0.24181855228372076,0.12052505966587113,0.18393234672304437,0.9169611307420494,0.17303240740740744,0.0,0.05646036916395225
2013-11-03,0.24465332186726774,0.1299165673420739,0.18354430379746833,0.9181871689228959,0.1798727588201272,0.0,0.05639913232104121
2013-11-04,0.24228196037084723,0.13690476190476186,0.17263157894736847,0.918235294117647,0.17283236994219653,0.0,0.05308775731310944
2013-11-05,0.23358471484887344,0.11296076099881092,0.15966386554621848,0.9182833627278072,0.16406701328711726,0.00324324324324321,0.04329004329004327
2013-11-06,0.2346857607319847,0.12945368171021376,0.1572327044025157,0.918331374853114,0.15877598152424943,0.003239740820734305,0.041081081081081106
2013-11-07,0.2267689607164897,0.12692763938315543,0.12970711297071125,0.9189665296535525,0.1482977495672244,0.0021574973031284195,0.03455723542116629
2013-11-08,0.21672534160156834,0.1398104265402843,0.07515657620041749,0.9184272300469484,0.13783160322952714,0.0,0.029126213592232997
2013-11-09,0.20453070528264536,0.11952662721893492,0.04791666666666672,0.9173020527859238,0.11873198847262245,0.0,0.023706896551724088
2013-11-10,0.19930108196728566,0.09692671394799057,0.0498960498960499,0.9150058616647128,0.10599078341013823,0.0,0.027987082884822434
2013-11-11,0.193574448242439,0.059031877213695405,0.051867219917012486,0.9168131224370241,0.10362694300518138,0.0,0.03010752688172047
2013-11-12,0.18900259427141441,0.03655660377358494,0.04761904761904767,0.9162763466042154,0.10241657077100119,0.0021459227467811592,0.029001074113856107
2013-11-13,0.18687090768445005,0.03062426383981154,0.039256198347107474,0.9151550614394383,0.10293271995399655,0.004287245444801746,0.02896995708154504
2013-11-14,0.1845500578451272,0.03764705882352937,0.026804123711340222,0.9116959064327486,0.10114942528735638,0.0064239828693790635,0.02357984994640938
2013-11-15,0.1800652547837173,0.027027027027026973,0.01851851851851849,0.9070718877849211,0.09994256174612293,0.005347593582887722,0.0224839400428265
2013-11-16,0.18282458978726557,0.039906103286385,0.024640657084188944,0.9001168224299065,0.10447761194029848,0.0010683760683760646,0.0267379679144385
2013-11-17,0.17852904583970863,0.017584994138335253,0.018442622950819665,0.8995913601868067,0.10671256454388989,0.0032017075773745907,0.02564102564102566
2013-11-18,0.17463572015181109,0.012880562060889944,0.010224948875255602,0.8955659276546091,0.10779816513761464,0.0,0.021344717182497308
2013-11-19,0.1684454797718684,0.010526315789473717,0.0020408163265306367,0.8845481049562682,0.10716332378223492,0.0021299254526091493,0.004264392324093813
2013-11-20,0.17374752243988736,0.02219626168224298,0.008146639511201648,0.8811188811188811,0.10652920962199308,0.0,0.024494142705005273
2013-11-21,0.1700119192725261,0.012835472578763163,0.0060975609756097615,0.8701223063482819,0.10761305094447626,0.0010626992561104665,0.022340425531914843
2013-11-22,0.16551178528348628,0.010489510489510523,0.0020283975659228792,0.8620488940628638,0.10469107551487411,0.002123142250530785,0.011689691817215686
2013-11-23,0.16504050383615412,0.0034924330616996624,0.0,0.8568935427574171,0.10863350485991996,0.007423117709437932,0.013800424628450103
2013-11-24,0.163274957249881,0.0023255813953488857,0.0,0.8494186046511628,0.11199999999999999,0.0010593220338983578,0.014846235418875975
2013-11-25,0.166354707494529,0.006968641114982632,0.0040322580645161255,0.8413712957582801,0.11821816105082805,0.004232804232804255,0.02330508474576276
2013-11-26,0.1636795298738664,0.0058004640371229765,0.004024144869215318,0.8159117305458768,0.12671232876712324,0.0010570824524313016,0.02857142857142858
2013-11-27,0.16145684870810573,0.005793742757821518,0.0,0.804410911201393,0.13633770678836277,0.0,0.022198731501057112
2013-11-28,0.15977974085597305,0.0011574074074074403,0.0,0.7964037122969838,0.136830102622577,0.0,0.02428722280887008
2013-11-29,0.16092018268170388,0.0011560693641619046,0.0,0.792463768115942,0.14131054131054133,0.0,0.030590717299578074
2013-11-30,0.1566825661743064,0.0011547344110854896,0.0,0.7740440324449595,0.14066059225512528,0.0,0.02423603793466811
2013-12-01,0.15722293634781362,0.0023068050749711633,0.0019920318725099584,0.7620150550086856,0.14228799089356858,0.001051524710830698,0.03368421052631576
2013-12-02,0.16097984018737513,0.004608294930875556,0.007952286282306154,0.7552083333333334,0.1444823663253697,0.0,0.05362776025236593
2013-12-03,0.15972902494653018,0.013808975834292303,0.005952380952380931,0.7443609022556391,0.14383172256964183,0.0,0.050420168067226934
2013-12-04,0.15818559791413148,0.0034482758620689724,0.003960396039603964,0.7404624277456647,0.1477272727272727,0.0,0.05351521511017843
2013-12-05,0.15756641780808237,0.008036739380022917,0.0039525691699604515,0.7325245522819179,0.151618398637138,0.0,0.04926624737945495
2013-12-06,0.16256421629971646,0.017201834862385357,0.013806706114398382,0.7251732101616628,0.15323496027241768,0.0,0.06596858638743452
2013-12-07,0.1741900019290247,0.020618556701030966,0.029527559055118058,0.7201384881708021,0.17129892229154853,0.0,0.10355648535564854
2013-12-08,0.19828826104749342,0.03203661327231122,0.037328094302554016,0.7191464821222606,0.199546485260771,0.0,0.20167189132706376
2013-12-09,0.18612044042916245,0.029714285714285693,0.033333333333333326,0.7198847262247838,0.2022662889518414,0.0,0.13152400835073064
2013-12-10,0.17991515682914072,0.0273972602739726,0.02935420743639927,0.717741935483871,0.20385050962627405,0.0,0.10114702815432741
2013-12-11,0.17413160663035457,0.02052451539338651,0.01953125,0.7144502014968336,0.20486700622524057,0.0,0.0854166666666667
2013-12-12,0.1845688007106975,0.038724373576309756,0.033138401559454245,0.7094361334867664,0.20644796380090502,0.0010395010395010118,0.11862643080124868
2013-12-13,0.18477917699900745,0.04323094425483509,0.035019455252918275,0.6998274870615296,0.2068965517241379,0.0,0.12370062370062374
2013-12-14,0.1842041877611329,0.035227272727272774,0.03689320388349515,0.7011494252873564,0.20734463276836157,0.0,0.12461059190031154
2013-12-15,0.19023656625300264,0.03178206583427923,0.04263565891472865,0.7030442274554853,0.20835686053077362,0.0010362694300518616,0.1545643153526971
2013-12-16,0.19166670857647627,0.04195011337868482,0.04255319148936165,0.7043628013777268,0.208803611738149,0.0010351966873706209,0.1512953367875648
2013-12-17,0.23223621295518612,0.0622876557191393,0.05984555984555984,0.7033849684452094,0.20868584320360972,0.0,0.35921325051759834
2013-12-18,0.23478996752055337,0.06108597285067874,0.06165703275529866,0.7029816513761468,0.209695603156708,0.0,0.37331954498448816
2013-12-19,0.2907881714487139,0.10734463276836159,0.0903846153846154,0.707163323782235,0.21070422535211264,0.0,0.6291322314049587
2013-12-20,0.2398343150293678,0.048532731376975224,0.06333973128598847,0.7119129438717068,0.21171171171171166,0.0,0.4035087719298246
2013-12-21,0.2807690741604181,0.1093573844419391,0.07279693486590033,0.7103606182026331,0.21271806415306693,0.0,0.579381443298969
2013-12-22,0.29265657834506226,0.14639639639639634,0.08030592734225617,0.7151029748283753,0.21372328458942635,0.0010288065843621075,0.5993820803295571
2013-12-23,0.2858538095906693,0.12710911136107983,0.0725190839694656,0.7164093767867353,0.21472737492973581,0.004110996916752319,0.5802469135802469
2013-12-24,0.269092009450834,0.09999999999999998,0.06666666666666665,0.7182857142857143,0.21573033707865163,0.005133470225872738,0.5087358684480987
2013-12-25,0.28097126152933183,0.11672278338945008,0.07414448669201523,0.721302113078241,0.21617069062324534,0.007179487179487132,0.5503080082135523
2013-12-26,0.27510785961821355,0.12331838565022424,0.06641366223908918,0.7243150684931506,0.2166105499438833,0.010245901639344246,0.5097435897435898
2013-12-27,0.24649296222380188,0.0727883538633819,0.05492424242424243,0.733029092983457,0.21761076836791926,0.0092118730808598,0.39139344262295084
2013-12-28,0.2605274257493558,0.07829977628635343,0.06805293005671076,0.7405929304446979,0.21973094170403584,0.011247443762781195,0.4452405322415558
2013-12-29,0.27513621132198013,0.14301675977653627,0.06981132075471697,0.7378917378917379,0.22464985994397757,0.012257405515832431,0.46319018404907975
2013-12-30,0.2655247209354129,0.0970982142857143,0.06967984934086624,0.7408883826879271,0.2278835386338186,0.011224489795918391,0.4463738508682329
2013-12-31,0.26248941243464624,0.08695652173913049,0.06954887218045114,0.7416050085372795,0.22887520984890874,0.008154943934760461,0.439795918367347
2014-01-01,0.26361350398782385,0.07906458797327398,0.075046904315197,0.7383390216154722,0.23154362416107388,0.009164969450101812,0.4485219164118247
2014-01-02,0.25763568453472696,0.06896551724137934,0.0674157303370787,0.748152359295054,0.23868082727780882,0.007121057985757906,0.41547861507128314
2014-01-03,0.26282489702102124,0.16555555555555557,0.05794392523364489,0.7369318181818182,0.23910614525139662,0.004065040650406471,0.37334689725330616
2014-01-04,0.2502650871739112,0.09655937846836848,0.05410447761194026,0.7421919363997729,0.24288107202680065,0.0,0.36585365853658536
2014-01-05,0.25330648537032235,0.14079822616407978,0.054003724394785846,0.7395005675368899,0.2444196428571429,0.0,0.3411167512690355
2014-01-06,0.23180170215972584,0.0553709856035437,0.05018587360594795,0.7430516165626773,0.24707194645844954,0.0020263424518743856,0.2931034482758621
2014-01-07,0.2337969894715528,0.06526548672566368,0.05009276437847865,0.7448979591836735,0.24972129319955405,0.002024291497975672,0.2907801418439716
2014-01-08,0.26122269774932655,0.08618784530386736,0.06851851851851853,0.741643059490085,0.24791086350974934,0.0010111223458038054,0.42206477732793524
2014-01-09,0.25845546547408876,0.07395143487858724,0.06654343807763397,0.7502831257078143,0.24944320712694878,0.004040404040404066,0.40647118301314455
2014-01-10,0.25597505442644053,0.06835722160970237,0.0627306273062731,0.7521222410865874,0.2526432943795214,0.003027245206861706,0.396969696969697
2014-01-11,0.2542087601948293,0.07599118942731276,0.05893186003683237,0.754524886877828,0.25639599555061177,0.006048387096774244,0.3733602421796165
2014-01-12,0.2449451585900777,0.057205720572057195,0.05698529411764708,0.7603165630299604,0.25847693162868257,0.007049345417925457,0.3296370967741935
2014-01-13,0.26344072786449557,0.07362637362637359,0.07339449541284404,0.7610169491525424,0.2677777777777778,0.005030181086519092,0.39979859013091645
2014-01-14,0.28014934898183624,0.12184412733260153,0.08608058608058611,0.7560700169395822,0.2631871182676291,0.008040201005025116,0.44567404426559354
2014-01-15,0.28906138118313335,0.14802631578947367,0.09506398537477145,0.7539503386004515,0.2569367369589345,0.011044176706827336,0.4693467336683417
2014-01-16,0.2707731417812624,0.09200438116100762,0.08211678832116787,0.7535250987027636,0.2562396006655574,0.010030090270812475,0.4307228915662651
2014-01-17,0.28485893395371964,0.10393873085339167,0.10200364298724951,0.7525366403607666,0.2572062084257206,0.012024048096192397,0.481444332998997
2014-01-18,0.30749269402222457,0.18688524590163935,0.10545454545454547,0.7459154929577465,0.25761772853185594,0.01501501501501501,0.534068136272545
2014-01-19,0.2919368423942172,0.14519650655021832,0.10344827586206895,0.7331081081081081,0.2563676633444075,0.013000000000000012,0.5005005005005005
2014-01-20,0.28588828348278733,0.14612868047982552,0.10144927536231885,0.7394485087225662,0.26231322634200327,0.009990009990009985,0.45599999999999996
2014-01-21,0.28253555850208834,0.09368191721132901,0.10488245931283902,0.7440944881889764,0.26106194690265483,0.015968063872255467,0.4755244755244755
2014-01-22,0.2936854922020644,0.1632208922742111,0.11010830324909748,0.7307476110174255,0.25704809286898844,0.009970089730807596,0.49101796407185627
2014-01-23,0.28722910484548153,0.1119565217391304,0.11531531531531536,0.7264044943820225,0.2552486187845304,0.006972111553784854,0.5074775672981057
2014-01-24,0.29758097392724864,0.15418023887079257,0.12230215827338131,0.7192588433464346,0.25289895085588077,0.006965174129353269,0.5298804780876494
2014-01-25,0.305848560763545,0.14967462039045554,0.12746858168761221,0.7216610549943884,0.2522075055187638,0.0,0.5840796019900498
2014-01-26,0.3069632189181763,0.18743228602383533,0.1254480286738351,0.7156477846326417,0.2526199669056812,0.0049652432969214955,0.5556660039761432
2014-01-27,0.3073885139405442,0.21103896103896103,0.12522361359570666,0.7090807174887892,0.2508269018743109,0.001984126984126977,0.5461767626613704
2014-01-28,0.32455202945620737,0.19891891891891889,0.1428571428571429,0.7159663865546219,0.25068870523415976,0.007928642220019877,0.6309523809523809
2014-01-29,0.321075096108518,0.22138228941684668,0.13903743315508021,0.7150055991041433,0.24944933920704848,0.00990099009900991,0.5916749256689792
2014-01-30,0.3204816590944017,0.22545846817691473,0.14056939501779364,0.7140458869613878,0.24876169510181623,0.004945598417408492,0.5891089108910892
2014-01-31,0.3156407841774475,0.1799568965517241,0.1403197158081705,0.7164429530201343,0.2458745874587459,0.025691699604743046,0.5855588526211671
2014-02-01,0.31194834433693047,0.16792249730893438,0.1436170212765957,0.7110117384013416,0.24244090159428255,0.021717670286278357,0.5849802371541502
2014-02-02,0.3114046886291617,0.15806451612903227,0.1380530973451327,0.723463687150838,0.24670329670329672,0.02859960552268248,0.5735439289239881
2014-02-03,0.3135601851407398,0.16541353383458646,0.14487632508833925,0.72250139586823,0.25096101043382757,0.024630541871921152,0.5729783037475344
2014-02-04,0.32144407005349834,0.18240343347639487,0.1499118165784833,0.7287946428571429,0.2557628979143798,0.03149606299212604,0.5802955665024631
2014-02-05,0.32661218641256945,0.20471596998928188,0.15140845070422537,0.7144450641383157,0.2523313219967087,0.039331366764995046,0.5974409448818898
2014-02-06,0.33636801009441547,0.22162740899357602,0.156414762741652,0.70958751393534,0.27083333333333337,0.03929273084479368,0.6204523107177975
2014-02-07,0.3387589126753853,0.20962566844919783,0.16491228070175434,0.7114206128133704,0.27178082191780817,0.03925417075564275,0.6355599214145383
2014-02-08,0.35539322760829534,0.28525641025641024,0.180385288966725,0.7010022271714922,0.2650602409638554,0.032352941176470584,0.6683022571148185
2014-02-09,0.3518656650594652,0.24332977588046956,0.19055944055944052,0.6978297161936561,0.2638204707170224,0.032321253672869754,0.6833333333333333
2014-02-10,0.3773796053709144,0.40724946695095954,0.1902268760907504,0.6924360400444939,0.2603938730853391,0.03522504892367906,0.6787463271302645
2014-02-11,0.3612375043753109,0.321618743343983,0.19337979094076652,0.6831573096164536,0.25697102241662106,0.03128054740957964,0.6810176125244618
2014-02-12,0.3567214286240248,0.29680851063829783,0.20173913043478264,0.6761111111111111,0.24918032786885247,0.03125,0.6852394916911047
2014-02-13,0.3521571655990168,0.27311370882040387,0.2065972222222222,0.6729594669627984,0.247405789186237,0.024390243902439046,0.6884765625
2014-02-14,0.36487445061315943,0.31953290870488327,0.22183708838821492,0.6725860155382908,0.24945414847161573,0.01754385964912286,0.7082926829268292
2014-02-15,0.34306243182200374,0.24390243902439024,0.20415224913494812,0.6688851913477537,0.25040916530278234,0.007789678675754641,0.6832358674463938
2014-02-16,0.3481552917132061,0.25741525423728817,0.21070811744386875,0.6635254988913526,0.25136314067611776,0.020428015564202373,0.6854917234664071
2014-02-17,0.3545580985225503,0.26455026455026454,0.2258620689655172,0.6692520775623269,0.2604904632152588,0.004859086491739606,0.7023346303501945
2014-02-18,0.37770783383722323,0.4312896405919662,0.22030981067125643,0.6688815060908084,0.2450980392156863,0.012621359223300987,0.6880466472303207
2014-02-19,0.3708213385845717,0.39704329461457233,0.22852233676975942,0.6657443276148313,0.24333151878062054,0.004849660523763344,0.6854368932038835
2014-02-20,0.3488399565617469,0.2573839662447257,0.23499142367066894,0.6648230088495575,0.24428726877040263,0.007751937984496138,0.6838021338506304
2014-02-21,0.3912199944558319,0.42781875658587987,0.28767123287671237,0.6727473742399116,0.24687330070690594,0.0,0.7122093023255813
2014-02-22,0.402066357110602,0.5157894736842106,0.28376068376068375,0.6640883977900552,0.2440217391304348,0.005802707930367523,0.6989351403678605
2014-02-23,0.36964469968575425,0.35646687697160884,0.2593856655290102,0.6697956929872998,0.2504073872895166,0.005797101449275366,0.6760154738878144
2014-02-24,0.3770366898557207,0.41386554621848737,0.2606473594548552,0.6589403973509934,0.252442996742671,0.004826254826254872,0.6714975845410628
2014-02-25,0.3907788549792679,0.41133263378803775,0.314625850340136,0.65857694429123,0.2506782419967445,0.0,0.7094594594594594
2014-02-26,0.41232537622190185,0.5461215932914046,0.3174872665534805,0.6571113561190739,0.24349240780911063,0.0,0.7097396335583414
2014-02-27,0.3710664733443674,0.3801047120418848,0.28983050847457625,0.6484848484848484,0.24227642276422767,0.0009624639076034613,0.6647398843930636
2014-02-28,0.3697960403070734,0.37343096234309625,0.29610829103214886,0.650330396475771,0.24539544962080173,0.0019230769230769162,0.6515880654475457
2014-03-01,0.39328617834203444,0.4649947753396029,0.3192567567567568,0.6538249862410567,0.2447211694639957,0.003842459173871271,0.6730769230769231
2014-03-02,0.4034590354625152,0.5782881002087683,0.3086003372681282,0.6474147414741475,0.24188311688311692,0.004798464491362786,0.6397694524495677
2014-03-03,0.40670967781551887,0.5943691345151199,0.31986531986531985,0.6393622869708631,0.24175229853975122,0.0047938638542665,0.6401151631477927
2014-03-04,0.3367811970788117,0.46875,0.22352941176470587,0.6252747252747253,0.23621621621621625,0.005747126436781658,0.461169702780441
2014-03-05,0.33429534499057406,0.4703433922996878,0.22651006711409394,0.6183415705656233,0.2317666126418152,0.00191387559808609,0.4568965517241379
2014-03-06,0.32418831077975385,0.4438669438669439,0.24120603015075381,0.6097694840834248,0.22732181425485964,0.0009560229445506607,0.4220095693779904
2014-03-07,0.3085275212125292,0.35410176531671855,0.24247491638795982,0.6187602852441031,0.22665947112790075,0.009551098376313294,0.39961759082217974
2014-03-08,0.35777515854565684,0.4543568464730291,0.2854757929883138,0.6167763157894737,0.22653721682847894,0.010496183206106902,0.5530085959885387
2014-03-09,0.36590674749940283,0.4632124352331606,0.29500000000000004,0.606027397260274,0.22911051212938005,0.009532888465204947,0.5925572519083969
2014-03-10,0.34790442877846167,0.3737060041407867,0.2845257903494176,0.608433734939759,0.23545258620689657,0.011428571428571455,0.5738798856053384
2014-03-11,0.37816902555499654,0.5346432264736298,0.2973421926910299,0.5949644225506294,0.22778675282714056,0.008563273073263544,0.6057142857142856
2014-03-12,0.36537399039497864,0.45867768595041325,0.2935323383084577,0.6061269146608315,0.22497308934338,0.010456273764258506,0.5984776403425309
2014-03-13,0.3561236231586165,0.3787409700722394,0.29966887417218546,0.612356478950246,0.22431414739107047,0.012345679012345734,0.6093155893536122
2014-03-14,0.3727890688225209,0.4804123711340206,0.2892561983471075,0.614207650273224,0.22419354838709682,0.016129032258064502,0.6125356125356125
2014-03-15,0.3953953689360447,0.596292481977343,0.31188118811881194,0.604587657018023,0.2229983879634605,0.010426540284360186,0.6261859582542695
2014-03-16,0.37496481259611764,0.4804526748971193,0.3113673805601318,0.6026200873362445,0.22502685284640167,0.01041666666666663,0.6199052132701421
2014-03-17,0.36749174377550364,0.460431654676259,0.3157894736842105,0.5979268957992362,0.22758990874932905,0.007568590350047311,0.5956439393939394
2014-03-18,0.3781531587136311,0.5143737166324436,0.3234811165845649,0.5926935659760088,0.22532188841201717,0.007561436672967825,0.6054872280037843
2014-03-19,0.38727829900380356,0.5774358974358975,0.3327868852459016,0.5787465940054496,0.22412868632707772,0.01510859301227574,0.5954631379962193
2014-03-20,0.38210607802279833,0.5338114754098361,0.34042553191489366,0.5762527233115469,0.23687031082529475,0.01226415094339628,0.5930122757318225
2014-03-21,0.37917187861929874,0.49846468781985676,0.34477124183006536,0.5737615677735438,0.23727905731119447,0.0,0.620754716981132
2014-03-22,0.37805420583790506,0.48568507157464214,0.3523654159869495,0.5636561479869423,0.2360813704496788,0.0,0.6305372290292177
2014-03-23,0.3879140378710177,0.5546475995914197,0.35504885993485347,0.5573681348559,0.2295345104333868,0.0,0.6308851224105461
2014-03-24,0.36435868612000083,0.38877551020408163,0.3577235772357723,0.566304347826087,0.24117647058823533,0.0009398496240601295,0.6312323612417685
2014-03-25,0.3675348673488008,0.4689092762487258,0.349025974025974,0.561108093427485,0.24158204168893638,0.0028169014084507005,0.5817669172932332
2014-03-26,0.386195439442867,0.584521384928717,0.35170178282009723,0.5618892508143323,0.23878205128205132,0.0037523452157598447,0.5765258215962441
2014-03-27,0.38539987461275577,0.5829094608341812,0.3559870550161812,0.5567010309278351,0.23331553657234383,0.0037488284910964786,0.5797373358348967
2014-03-28,0.4184929566528465,0.6107723577235773,0.4135702746365105,0.5591106290672451,0.23959445037353255,0.0,0.6879100281162136
2014-03-29,0.41617808158015085,0.6081218274111675,0.4096774193548387,0.5609756097560976,0.24319999999999997,0.0,0.6750936329588015
2014-03-30,0.4178344771981444,0.6095334685598377,0.41384863123993554,0.5568797399783315,0.2457356076759062,0.0009345794392523477,0.6800748362956034
2014-03-31,0.43282440249457105,0.6585612968591692,0.44051446945337625,0.5441256090958311,0.24720298348428338,0.0,0.7065420560747664
2014-04-01,0.4285942652923817,0.6174089068825911,0.4462279293739968,0.5492424242424242,0.24813631522896695,0.000932835820895539,0.7096171802054154
2014-04-02,0.42218764271096315,0.6177957532861476,0.4262820512820513,0.5538128718226069,0.24960085151676425,0.0,0.6856343283582089
2014-04-03,0.4371478377463704,0.608080808080808,0.47040000000000004,0.5621621621621622,0.26276595744680853,0.0,0.7194780987884436
2014-04-04,0.4325178109076495,0.5882946518668012,0.452076677316294,0.5715829281469476,0.27644869750132905,0.0,0.7067039106145252
2014-04-05,0.4368819679038996,0.6068548387096775,0.45773524720893144,0.5728941684665226,0.28055260361317746,0.0009293680297397522,0.7023255813953488
2014-04-06,0.43667284846196,0.6294058408862034,0.447452229299363,0.5688073394495413,0.2857142857142857,0.00464252553389044,0.6840148698884758
2014-04-07,0.439883013852876,0.6488933601609658,0.4483306836248012,0.5679611650485437,0.2898089171974523,0.004638218923933235,0.6796657381615598
2014-04-08,0.44483943629454137,0.650251256281407,0.4746031746031746,0.5692722371967655,0.2838196286472149,0.004633920296570948,0.686456400742115
2014-04-09,0.4444967712798263,0.6857429718875502,0.4706814580031695,0.556573275862069,0.2746553552492047,0.005555555555555536,0.6737720111214087
2014-04-10,0.4456603811370307,0.6449348044132397,0.49841772151898733,0.5697361335487345,0.2692103868574457,0.0037002775208140326,0.6879629629629629
2014-04-11,0.4867561734094928,0.7074148296593186,0.631911532385466,0.5629709364908504,0.2680084745762712,0.0,0.7502312673450509
2014-04-12,0.45928068315925613,0.6456456456456456,0.556782334384858,0.5615922538999462,0.2726310217046056,0.006463527239150557,0.7125693160813309
2014-04-13,0.45920091910921207,0.65,0.5559055118110237,0.5559139784946237,0.28148148148148144,0.0073800738007380184,0.7045244690674053
2014-04-14,0.4645533796214368,0.6253746253746253,0.5738993710691824,0.5765717356260075,0.2956107879428873,0.0036866359447004227,0.7121771217712177
2014-04-15,0.43334315054528033,0.6017964071856288,0.4740973312401884,0.579484425349087,0.2912262156448203,0.0018416206261510082,0.6516129032258065
2014-04-16,0.4028888192575874,0.5782652043868395,0.4106583072100314,0.5813204508856683,0.28631801373481247,0.002759889604415866,0.5580110497237569
2014-04-17,0.40401016117298355,0.6165338645418327,0.4021909233176839,0.5810085836909872,0.2824709609292503,0.0018382352941176405,0.5400183992640295
2014-04-18,0.4224151021769608,0.6169154228855722,0.428125,0.5941018766756032,0.27862796833773085,0.008264462809917328,0.6084558823529411
2014-04-19,0.4306873217298735,0.6312127236580517,0.4477379095163807,0.5980707395498392,0.2790084388185654,0.0055045871559632475,0.6225895316804408
2014-04-20,0.42292062767244915,0.6256206554121152,0.42834890965732086,0.5977504017139796,0.27938850817079597,0.007332722273143855,0.5990825688073395
2014-04-21,0.4233378112223655,0.6031746031746033,0.44012441679626746,0.604389721627409,0.28556375131717593,0.009157509157509125,0.5976168652612283
2014-04-22,0.43016188335963484,0.6174430128840436,0.4425465838509317,0.6147672552166934,0.29541864139020535,0.010978956999085132,0.5998168498168498
2014-04-23,0.43332171012560855,0.6415841584158416,0.45581395348837206,0.5957219251336898,0.2773684210526316,0.020109689213894,0.6093321134492223
2014-04-24,0.4287582906993402,0.6261127596439169,0.45665634674922606,0.5938001068947087,0.2698579694897423,0.021917808219178103,0.6042047531992687
2014-04-25,0.420733555495229,0.6413043478260869,0.44358578052550235,0.5860042735042735,0.26813880126182965,0.021897810218978075,0.5634703196347032
2014-04-26,0.441573977197457,0.6169792694965449,0.5185185185185186,0.596903363587827,0.2774566473988439,0.013673655423883324,0.6259124087591241
2014-04-27,0.4485898972341493,0.6469428007889546,0.539291217257319,0.5811099252934898,0.2851890756302521,0.010018214936247771,0.6289881494986327
2014-04-28,0.45809868057509906,0.6354679802955665,0.5892307692307692,0.5792,0.2871391076115486,0.005459508644222066,0.6520947176684881
2014-04-29,0.45840436563136594,0.6732283464566929,0.588325652841782,0.570362473347548,0.2770199370409234,0.0027272727272726893,0.6387625113739763
2014-04-30,0.45399124974982025,0.6420845624385447,0.5797546012269938,0.5839104954714971,0.2800209753539591,0.00544959128065392,0.6327272727272728
2014-05-01,0.4590179564694119,0.7043222003929273,0.5819295558958653,0.5729499467518637,0.2672955974842768,0.0009074410163338875,0.6267029972752043
2014-05-02,0.44234765903592727,0.6251226692836114,0.5642201834862386,0.574241617881852,0.2734415924567837,0.0,0.617059891107078
2014-05-03,0.4513654236757351,0.6529411764705882,0.584732824427481,0.5638297872340425,0.26753926701570685,0.018115942028985477,0.6210335448776065
2014-05-04,0.46510644849437366,0.7002938295788443,0.625,0.5449229133439659,0.2637362637362637,0.01900452488687787,0.6376811594202898
2014-05-05,0.46163624593565494,0.6819960861056751,0.634703196347032,0.536663124335813,0.26307531380753135,0.015370705244122984,0.6380090497737556
2014-05-06,0.4680215266081354,0.7546432062561095,0.6382978723404256,0.5220392989909719,0.2530057501306848,0.0018066847335139746,0.6383363471971066
2014-05-07,0.44502910079915686,0.6181640625,0.6388467374810318,0.5318471337579618,0.2507836990595611,0.0,0.6305329719963866
2014-05-08,0.44977040825922493,0.6653658536585365,0.6318181818181818,0.5283819628647215,0.2548302872062663,0.0054102795311090635,0.6128158844765343
2014-05-09,0.45083460880928455,0.6510721247563354,0.6354009077155824,0.5397667020148462,0.2620041753653445,0.009009009009009028,0.6077547339945897
2014-05-10,0.4419272460922219,0.6436222005842259,0.6132930513595166,0.5325914149443561,0.27647365675534685,0.0027002700270026825,0.5828828828828829
2014-05-11,0.43764052444725215,0.622568093385214,0.6063348416289593,0.5333686440677966,0.2956204379562044,0.006294964028776939,0.5616561656165617
2014-05-12,0.457917581522645,0.6841593780369291,0.6400602409638554,0.5203811540497618,0.2985930171964565,0.005390835579514808,0.5989208633093526
2014-05-13,0.44857356481751487,0.6572815533980583,0.6390977443609023,0.5201058201058201,0.28645833333333337,0.0017953321364452268,0.5867026055705301
2014-05-14,0.44847325533777416,0.6663433559650824,0.6426426426426426,0.508725542041248,0.277980218636127,0.0053811659192825045,0.5897666068222621
2014-05-15,0.44616484114500343,0.687984496124031,0.6386806596701649,0.4931289640591966,0.27783558792924035,0.014336917562724039,0.5650224215246638
2014-05-16,0.4357827958541029,0.6447241045498548,0.6362275449101796,0.49128367670364503,0.2860114404576183,0.0017905102954342,0.5546594982078853
2014-05-17,0.43295306425406715,0.625725338491296,0.6367713004484306,0.49577613516367475,0.29781704781704776,0.0008944543828264262,0.540734109221128
2014-05-18,0.4374260732690618,0.6434782608695653,0.6432835820895522,0.49234828496042216,0.3132467532467532,0.0008936550491510653,0.5313059033989267
2014-05-19,0.43887520780411754,0.6457528957528957,0.646795827123696,0.4883966244725738,0.31879543094496365,0.0017857142857142794,0.5317247542448615
2014-05-20,0.43880218026979795,0.6509161041465767,0.6473214285714286,0.4870848708487085,0.3207057602490918,0.000892060660124927,0.5258928571428572
2014-05-21,0.39409390225556057,0.6098265895953757,0.5616641901931649,0.48314014752370915,0.31742738589211617,0.0017825311942959443,0.39072256913470116
2014-05-22,0.39066099203108945,0.6102021174205967,0.5608308605341246,0.478146392838336,0.3177812337998963,0.0,0.37700534759358284
2014-05-23,0.36606653187166144,0.6,0.4918518518518519,0.4826315789473684,0.32538860103626943,0.0,0.29652715939447905
2014-05-24,0.37136250928110837,0.6138328530259366,0.5,0.4792214623882167,0.32729155877783533,0.0,0.3078291814946619
2014-05-25,0.3778216486900283,0.6333973128598849,0.49483013293943867,0.4810725552050473,0.33229813664596275,0.001776198934280604,0.3235555555555556
2014-05-26,0.3463379094756092,0.5963566634707574,0.4218289085545722,0.47609038360483447,0.33419555095706155,0.0,0.24955595026642985
2014-05-27,0.3424079174998706,0.5967432950191571,0.4153166421207658,0.4789915966386555,0.3309203722854188,0.0,0.2324755989352263
2014-05-28,0.35261441898372264,0.6497607655502393,0.42794117647058827,0.47296587926509187,0.3229974160206718,0.0,0.24202127659574468
2014-05-29,0.3417781990384572,0.5803059273422562,0.42731277533039647,0.4832109129066107,0.32334710743801653,0.0,0.23649247121346328
2014-05-30,0.3542747232549135,0.6427889207258835,0.4457478005865103,0.4735186156266387,0.321115126484254,0.0,0.24247787610619465
2014-05-31,0.32534800530948216,0.5620229007633588,0.3894582723279648,0.4827044025157233,0.3286893704850361,0.0,0.18921308576480989
2014-06-01,0.32791022674304676,0.6015252621544328,0.38888888888888884,0.4688318491356731,0.3280041258380608,0.0008826125330979595,0.17932862190812726
2014-06-02,0.31666850116954665,0.5342857142857143,0.38978102189781016,0.47172774869109946,0.3329896907216495,0.0,0.17122683142100614
2014-06-03,0.29732481593478055,0.4538534728829686,0.3717201166180758,0.48717948717948717,0.33539412673879443,0.0008810572687224516,0.13492063492063489
2014-06-04,0.30175970486618303,0.4980988593155894,0.3668122270742358,0.4916317991631799,0.33419155509783727,0.0,0.11982378854625553
2014-06-05,0.3179126567397346,0.5185185185185186,0.38808139534883723,0.5075797177208573,0.3427689140504375,0.0008795074758135568,0.14964788732394363
2014-06-06,0.3133814007310538,0.5806451612903225,0.37445573294629897,0.49164054336468127,0.34207818930041156,0.0,0.09146877748460858
2014-06-07,0.32131106740004794,0.6132701421800948,0.3884057971014493,0.48981723237597913,0.34498714652956297,0.0026338893766462146,0.08875219683655533
2014-06-08,0.31395424248876463,0.5795454545454546,0.3878437047756874,0.48643006263048016,0.34737923946557037,0.0017543859649122862,0.08077260755048288
2014-06-09,0.31917527032281195,0.6177861873226111,0.388728323699422,0.48200312989045385,0.35285053929121724,0.0008764241893076674,0.07280701754385965
2014-06-10,0.3132798399252584,0.5831758034026465,0.40115440115440115,0.4754953076120959,0.3506160164271047,0.0,0.0692375109553024
2014-06-11,0.30999699356947863,0.5552407932011332,0.4034582132564841,0.4867118290776446,0.34889687018984095,0.0,0.06567425569176888
2014-06-12,0.3222660981707469,0.6113207547169811,0.4201438848920863,0.48333333333333334,0.3523076923076923,0.0008741258741258306,0.06561679790026242
2014-06-13,0.33275086790179437,0.5834118755890669,0.47844827586206895,0.48672566371681414,0.35263967196309587,0.0,0.09527972027972031
2014-06-14,0.3358975342578134,0.5998116760828625,0.4748923959827833,0.49323621227887615,0.35399590163934425,0.0008726003490401313,0.09257641921397375
2014-06-15,0.34259665581814974,0.5823142050799623,0.5200573065902578,0.49401976079043164,0.35535074244751663,0.0017436791630339732,0.10209424083769636
2014-06-16,0.3322374424368053,0.5479323308270676,0.49928469241773965,0.4896049896049896,0.3572159672466735,0.0034843205574912606,0.09590235396687008
2014-06-17,0.33253008457272903,0.5511737089201878,0.5014285714285714,0.4903896103896104,0.3554987212276215,0.0,0.09668989547038331
2014-06-18,0.3264154374102128,0.5487804878048781,0.4721825962910129,0.49221183800623053,0.35480572597137017,0.0017391304347825765,0.08877284595300261
2014-06-19,0.3376629753249103,0.6110590440487348,0.47720797720797725,0.49403217436429686,0.35411343893714875,0.0,0.0895652173913043
2014-06-20,0.3422238515268739,0.5973782771535581,0.5092460881934566,0.49844398340248963,0.3544433094994893,0.0,0.0938314509122502
2014-06-21,0.34121043394984335,0.5631431244153414,0.5227272727272727,0.5069984447900466,0.3563042368555386,0.0008673026886383273,0.09722222222222221
2014-06-22,0.3448293392389163,0.5644859813084112,0.526241134751773,0.5129533678756477,0.36122448979591837,0.0060658578856152,0.09800520381613187
2014-06-23,0.34591116821600815,0.5732959850606909,0.5141643059490084,0.5256343863283273,0.36359000509943906,0.0051948051948051965,0.09358752166377815
2014-06-24,0.35612446261722885,0.5867537313432836,0.5445544554455446,0.5284679089026915,0.36442405708460757,0.00865051903114189,0.10389610389610393
2014-06-25,0.360115333262232,0.5722273998136067,0.5720338983050848,0.5307811691670977,0.3662761079979623,0.004321521175453813,0.1150519031141869
2014-06-26,0.36974750082618174,0.5865921787709497,0.6093088857545839,0.5336091003102379,0.36710794297352345,0.0,0.12186689714779597
2014-06-27,0.3694516786191447,0.6102325581395349,0.5788732394366197,0.5478036175710594,0.3709923664122138,0.0,0.10880829015544047
2014-06-28,0.3489023229799746,0.5362453531598512,0.5372714486638537,0.5449380165289256,0.3748728382502543,0.0,0.10008628127696295
2014-06-29,0.3628891316428892,0.5775301764159703,0.5603932584269663,0.554981930820857,0.3792577529232334,0.0008613264427217437,0.10431034482758617
2014-06-30,0.3686154069499052,0.6289424860853432,0.5511921458625526,0.5521155830753354,0.38211382113821135,0.0017211703958691649,0.09560723514211888
2014-07-01,0.35947597478479426,0.6691380908248379,0.47198879551820727,0.5590510572460031,0.3783646521076689,0.0,0.07831325301204817
2014-07-02,0.3560799966822183,0.6638888888888889,0.46713286713286717,0.5536082474226804,0.37360406091370557,0.0,0.0782459157351677
2014-07-03,0.34828479342798085,0.6521739130434783,0.46089385474860334,0.5316846986089645,0.3693556570268899,0.0008583690987123971,0.07474226804123707
2014-07-04,0.3497772305070368,0.6497227356746765,0.47419804741980476,0.5257466529351185,0.36916835699797157,0.0008576329331045907,0.07896995708154508
2014-07-05,0.34759997100186446,0.5937211449676824,0.5139275766016713,0.5198147195059187,0.3715154586923467,0.0,0.08662092624356776
2014-07-06,0.35689437411258984,0.6282287822878229,0.5201668984700973,0.5324074074074074,0.3748733535967579,0.0,0.0856898029134533
2014-07-07,0.3620912009249955,0.6543778801843319,0.5180555555555555,0.5377892030848329,0.3767088607594937,0.0008554319931565191,0.08476027397260277
2014-07-08,0.36588287317873475,0.6390423572744015,0.5520110957004161,0.5380267214799589,0.37297570850202433,0.0008547008547008517,0.09238665526090672
2014-07-09,0.3674880276382044,0.6384544618215271,0.554016620498615,0.5505906522855676,0.3712696004046535,0.0017079419299743659,0.0888888888888889
2014-07-10,0.3644219893151486,0.6047794117647058,0.5684647302904564,0.5559548254620124,0.37108190091001014,0.0,0.08625106746370625
2014-07-11,0.37400017937668145,0.6492194674012857,0.5856353591160222,0.547460236018471,0.37038908539666493,0.0,0.09129692832764502
2014-07-12,0.3629128856435475,0.6192660550458715,0.5462068965517242,0.5553846153846154,0.37222222222222223,0.0017035775127768327,0.08269394714407508
2014-07-13,0.3625834191096026,0.617781851512374,0.5468319559228649,0.5504869297796002,0.3760726905603231,0.0,0.08432708688245316
2014-07-14,0.3681762497635141,0.6163003663003663,0.5749656121045392,0.5507172131147541,0.37941473259334,0.0,0.08765957446808514
2014-07-15,0.3829137624932127,0.6889295516925892,0.6002747252747253,0.5376344086021505,0.3711548159354513,0.000849617672047609,0.09863945578231292
2014-07-16,0.36681255056743844,0.623400365630713,0.598079561042524,0.5271238485158649,0.3639112903225806,0.0,0.08836023789294822
2014-07-17,0.3773230498885904,0.6675799086757991,0.6191780821917808,0.5202046035805626,0.36020151133501255,0.0,0.09677419354838712
2014-07-18,0.3611707340757373,0.5948905109489051,0.60328317373461,0.5194274028629857,0.3595166163141994,0.0,0.08990670059372352
2014-07-19,0.3585323382486405,0.5879671832269826,0.592896174863388,0.5201839550332141,0.36285858077503774,0.0,0.08728813559322035
2014-07-20,0.36024890745091476,0.5792349726775956,0.6043656207366985,0.515832482124617,0.3646881287726358,0.0033840947546531774,0.0939881456392887
2014-07-21,0.3699867699627668,0.6396724294813467,0.6212534059945505,0.49770290964777947,0.36400201106083463,0.0033812341504648735,0.09390862944162437
2014-07-22,0.37114015864202227,0.6445454545454545,0.6340136054421769,0.4816326530612245,0.35929648241206025,0.0016891891891891442,0.10566356720202874
2014-07-23,0.3748076261381235,0.6802906448683015,0.6426630434782609,0.4630290668026517,0.3556002009040683,0.0008438818565400519,0.10641891891891897
2014-07-24,0.37265484229149487,0.6687840290381125,0.6472184531886025,0.4520897043832824,0.35391566265060237,0.003372681281618939,0.11054852320675101
2014-07-25,0.37959738926364744,0.6908431550317317,0.6720867208672087,0.44014263881813553,0.349724034119418,0.0016849199663016012,0.12310286677908933
2014-07-26,0.3714892215714621,0.6385869565217391,0.6738836265223275,0.43533604887983707,0.3505516549648947,0.005050505050505083,0.1255265374894693
2014-07-27,0.38395342781113584,0.7158371040723982,0.6797297297297298,0.42544529262086517,0.3488721804511278,0.002523128679562614,0.13131313131313127
2014-07-28,0.3762229298485776,0.6735985533453888,0.6828609986504723,0.41861648016276704,0.3476953907815631,0.0008403361344537785,0.13372582001682087
2014-07-29,0.3779061154872758,0.6856368563685638,0.683288409703504,0.4123029994916116,0.342513770655984,0.0033585222502099388,0.14033613445378146
2014-07-30,0.37851058852416664,0.6913357400722022,0.6877523553162853,0.4100609756097561,0.3383383383383384,0.000838926174496657,0.14273719563392107
2014-07-31,0.37831510135605867,0.648331830477908,0.6908602150537635,0.41086846114779074,0.3461730865432716,0.0008382229673092878,0.17281879194630867
2014-08-01,0.3803427850578604,0.681081081081081,0.6885906040268457,0.4121827411167513,0.351,0.0016750418760469454,0.14752724224643754
2014-08-02,0.3765035517841557,0.6606660666066606,0.6809651474530831,0.4140030441400304,0.3568215892053973,0.0008368200836820217,0.14572864321608037
2014-08-03,0.3791461386822749,0.6546762589928057,0.6880856760374833,0.41632860040567954,0.3601398601398601,0.0025083612040134318,0.15313807531380752
2014-08-04,0.3833122090262804,0.6810422282120395,0.6898395721925134,0.40750126710593004,0.3609585621567648,0.00417710944026739,0.15635451505016718
2014-08-05,0.3925138315171061,0.7468581687612208,0.6902536715620828,0.39209726443769,0.3562874251497006,0.005008347245408995,0.16457811194653305
2014-08-06,0.39136044201444936,0.7327354260089687,0.692,0.3863291139240506,0.35012468827930177,0.005838198498749003,0.1811352253756261
2014-08-07,0.37844627319797736,0.6577060931899641,0.6924101198402131,0.3851214574898785,0.34945164506480564,0.0,0.18598832360300255
2014-08-08,0.38036606422022307,0.6633840644583706,0.6914893617021276,0.38239757207890746,0.3532635774788241,0.005828476269775229,0.1858333333333333
2014-08-09,0.380529564612971,0.670840787119857,0.6892430278884463,0.37917087967644086,0.35408366533864544,0.0033277870216306127,0.186511240632806
2014-08-10,0.37155365832244,0.6067917783735478,0.6923076923076923,0.38049519959575545,0.3608760577401693,0.0008312551953449931,0.18801996672212984
2014-08-11,0.37399612491200745,0.61875,0.6940397350993377,0.3803030303030303,0.3621890547263682,0.0,0.18869492934330845
2014-08-12,0.38095895735953417,0.6199821587867975,0.701058201058201,0.3806158505805149,0.36151168572849324,0.00663900414937757,0.21594684385382057
2014-08-13,0.3885883755745226,0.6515151515151515,0.7054161162483488,0.37891019172552975,0.35834990059642147,0.0066334991708125735,0.23070539419087133
2014-08-14,0.40970126182555716,0.736420302760463,0.712401055408971,0.38073625819465456,0.3591654247391952,0.001657000828500399,0.2678275290215588
2014-08-15,0.415549364160175,0.6903914590747331,0.7193675889328064,0.38205645161290325,0.3609731876861966,0.007450331125827825,0.3330571665285833
2014-08-16,0.42208429690259536,0.7235555555555555,0.7210526315789474,0.3848866498740554,0.36277915632754343,0.0,0.3402317880794702
2014-08-17,0.4170849127189748,0.7246891651865008,0.7174770039421814,0.378147029204431,0.36210317460317465,0.007438016528925617,0.3126550868486352
2014-08-18,0.41438189543335796,0.7160603371783496,0.7217847769028871,0.37544036235530953,0.3143282102131879,0.0,0.35867768595041327
2014-08-19,0.42457312008719983,0.6817375886524824,0.7273918741808649,0.37525150905432597,0.31466798810703667,0.0,0.4483897605284889
2014-08-20,0.4174168066900697,0.6935341009743136,0.7264397905759162,0.379587732528909,0.31054977711738485,0.0,0.39438943894389444
2014-08-21,0.40970643449655614,0.7088495575221239,0.7163398692810458,0.3884422110552764,0.30990099009900995,0.0016474464579900872,0.3330585325638912
2014-08-22,0.4121230036787788,0.7144120247568524,0.7140992167101827,0.3942742340532396,0.31716971796140525,0.0016460905349794386,0.3311367380560132
2014-08-23,0.41616849083839264,0.7376325088339223,0.7170795306388527,0.40512048192771083,0.3194856577645895,0.003289473684210509,0.31440329218107
2014-08-24,0.42520573227679176,0.7422771403353927,0.7239583333333333,0.41796287004515803,0.32575383094414234,0.0008216926869351049,0.3404605263157895
2014-08-25,0.4253385955031292,0.7689594356261023,0.7204161248374512,0.41875626880641925,0.3176877470355731,0.0,0.3262119967132292
2014-08-26,0.4320852200119816,0.801762114537445,0.7233766233766235,0.4255639097744361,0.30765432098765433,0.0,0.3341543513957307
2014-08-27,0.4109159393369513,0.7024647887323944,0.7185473411154345,0.42935871743486975,0.3050345508390918,0.0,0.31009023789991796
2014-08-28,0.4165828807851437,0.7150395778364116,0.7227979274611399,0.4341512268402604,0.3053774050320671,0.0,0.3221311475409836
2014-08-29,0.41928219885778234,0.7091388400702987,0.7244501940491591,0.4389389389389389,0.31065088757396453,0.0,0.3325143325143325
2014-08-30,0.42090218651554895,0.7155399473222125,0.7222222222222222,0.4367183591795898,0.3129620502710695,0.0,0.3379705400981997
2014-08-31,0.42176650295216045,0.6912280701754385,0.7303225806451613,0.441,0.3246305418719212,0.0,0.3434178250204415
2014-09-01,0.4344835968057268,0.6950043821209466,0.7332474226804124,0.447776111944028,0.33136386016740527,0.0,0.39950980392156865
2014-09-02,0.4586618323134933,0.841506129597198,0.7348777348777349,0.44605394605394605,0.32381889763779526,0.0,0.4057142857142857
2014-09-03,0.4507341155478422,0.8013998250218722,0.7352185089974292,0.45332001997004495,0.3123462862764388,0.0008149959250203231,0.401305057096248
2014-09-04,0.44694416373306206,0.7491258741258742,0.7355584082156611,0.47005988023952094,0.3235004916420846,0.0032573289902280145,0.4001629991850041
2014-09-05,0.44345901514477903,0.7580786026200873,0.7294871794871796,0.486783042394015,0.3297297297297297,0.0024410089503661414,0.35423452768729646
2014-09-06,0.4579967431560066,0.8071553228621291,0.734955185659411,0.48753738783649053,0.32858546168958747,0.0008130081300813385,0.3889340927583401
2014-09-07,0.4407869656898469,0.7183958151700087,0.7327365728900256,0.5002491280518186,0.3087874324987727,0.0,0.38455284552845526
2014-09-08,0.45431015460715374,0.7778745644599303,0.7369093231162196,0.5064741035856574,0.3130520117762512,0.0008116883116883189,0.3907392363931763
2014-09-09,0.46003600684570306,0.8233246301131418,0.7372448979591837,0.4957690393230463,0.29965669445806764,0.0,0.40422077922077926
2014-09-10,0.451292370970811,0.8121739130434783,0.7363057324840765,0.48955223880597015,0.2852941176470588,0.0,0.3844282238442822
2014-09-11,0.42761297206413235,0.7749782797567333,0.7353689567430026,0.4833416210840378,0.28025477707006374,0.0,0.2917341977309562
2014-09-12,0.4240666295014724,0.7447916666666667,0.735705209656925,0.4865805168986084,0.2850146914789422,0.0,0.29230769230769227
2014-09-13,0.43481268987746685,0.7857762359063313,0.7398477157360406,0.49379036264282167,0.29172785119921685,0.0008084074373484462,0.2969255663430421
2014-09-14,0.42413605886052874,0.718370883882149,0.7363751584283904,0.49801390268123136,0.29941291585127205,0.0,0.2926434923201293
2014-09-15,0.4353163030978859,0.7748917748917749,0.740506329113924,0.5022332506203474,0.30024449877750614,0.0008071025020177647,0.2932148626817448
2014-09-16,0.439263241933936,0.7785467128027681,0.7408343868520859,0.5148809523809523,0.30107526881720426,0.0,0.30024213075060535
2014-09-17,0.44819227687459046,0.7519446845289541,0.7474747474747474,0.5275161130391671,0.3517342452369321,0.0,0.3104838709677419
2014-09-18,0.4487881998721997,0.7271157167530224,0.7490542244640606,0.533201189296333,0.34814453125,0.0,0.33521353746978244
2014-09-19,0.47292807041254786,0.7713546160483176,0.7556675062972292,0.532937097573056,0.34846266471449483,0.0,0.42914653784219003
2014-09-20,0.5087822800092101,0.8387931034482758,0.7685534591194969,0.5217821782178218,0.35317073170731705,0.0,0.5703942075623492
2014-09-21,0.4904847805908632,0.7950043066322137,0.7613065326633166,0.5145967342899554,0.355923939541687,0.0,0.5160771704180065
2014-09-22,0.5046806797294884,0.8485370051635112,0.767879548306148,0.5089020771513353,0.35818713450292394,0.0,0.544578313253012
2014-09-23,0.49820005804681583,0.8400687876182287,0.768170426065163,0.5042016806722689,0.3550901120311739,0.0,0.521669341894061
2014-09-24,0.4742258881775838,0.8487972508591065,0.7509386733416771,0.5054347826086957,0.35686465433300874,0.0,0.38331996792301526
2014-09-25,0.4833358269809882,0.8463519313304722,0.75375,0.5066666666666667,0.3581508515815085,0.0008006405124099114,0.4342948717948718
2014-09-26,0.486759465384119,0.8138936535162951,0.7615480649188514,0.5024679170779862,0.3550583657587548,0.0016000000000000458,0.4859887910328262
2014-09-27,0.49201584308456364,0.921165381319623,0.7680798004987531,0.4908732116428219,0.2639766650461838,0.0,0.508
2014-09-28,0.49370455245791134,0.9246575342465754,0.7708592777085927,0.47781065088757396,0.25413022351797865,0.0031948881789137795,0.5315747402078337
2014-09-29,0.5170666055705831,0.9452523524379812,0.8146766169154229,0.47215377033021194,0.24332200097134526,0.002394253790901857,0.6246006389776357
2014-09-30,0.5119522826632822,0.9358974358974359,0.8186335403726708,0.4605911330049261,0.23009708737864076,0.0023923444976076125,0.6241021548284118
2014-10-01,0.4831944443100917,0.8830059777967549,0.7791563275434243,0.4544559330379124,0.225133430373605,0.0015936254980080111,0.5558213716108453
2014-10-02,0.4911591382199088,0.8856655290102389,0.7980173482032218,0.4581692913385827,0.2250242483026188,0.0015923566878981443,0.5784860557768925
2014-10-03,0.5095892671051502,0.9343563512361466,0.8205445544554455,0.4535169699950812,0.22491517207949585,0.0015910898965791898,0.6226114649681529
2014-10-04,0.5205033999612813,0.93015332197615,0.8665018541409147,0.43952802359882004,0.22335271317829453,0.0,0.6634844868735084
2014-10-05,0.5442585946782578,0.9361702127659575,0.9518518518518518,0.4304668304668305,0.22130750605326877,0.0,0.7257551669316376
2014-10-06,0.5465768322671153,0.9175170068027211,0.9630086313193588,0.4361493123772102,0.2241045498547919,0.0,0.73868149324861
2014-10-07,0.5451091931470254,0.9269328802039083,0.9568965517241379,0.4256259204712813,0.22786647314949204,0.0,0.7333333333333334
2014-10-08,0.5458639966479975,0.9617996604414262,0.9446494464944649,0.4205103042198234,0.22340425531914898,0.0015847860538826808,0.7232355273592387
2014-10-09,0.5250542721496844,0.9346904156064462,0.8857493857493858,0.42275625306522807,0.22329627839536004,0.002375296912114022,0.6814580031695721
2014-10-10,0.5183270891640399,0.9211864406779661,0.8662576687116564,0.42598039215686273,0.22512077294685995,0.0,0.6714172604908947
2014-10-11,0.5205506363362166,0.9085520745131245,0.875,0.4272415482606565,0.22501207146306135,0.002371541501976271,0.685126582278481
2014-10-12,0.5188447023160399,0.9289340101522843,0.8665850673194615,0.4201762977473066,0.21911196911196906,0.0,0.6782608695652175
2014-10-13,0.5003913724180462,0.9053254437869822,0.8117359413202934,0.4170337738619677,0.216594307766522,0.0,0.6516587677725119
2014-10-14,0.48395192204477405,0.8716216216216216,0.7936507936507937,0.40851272015655576,0.2087753134040502,0.001577287066246047,0.6195737963693765
2014-10-15,0.4814736652046318,0.9257383966244725,0.7695121951219512,0.4004889975550122,0.2024096385542169,0.0015760441292356209,0.5891167192429022
2014-10-16,0.48103658588028514,0.8794266441821248,0.7917174177831913,0.3914956011730205,0.20183044315992293,0.0,0.6217494089834515
2014-10-17,0.4915516968277256,0.9005897219882055,0.8114355231143553,0.38104543234000976,0.20269619643716896,0.0,0.6535433070866141
2014-10-18,0.49271401550485106,0.9175084175084175,0.8128797083839612,0.37158203125,0.19971126082771895,0.0,0.6546026750590086
2014-10-19,0.47683711788546246,0.8511354079058032,0.8046116504854369,0.36603221083455345,0.2000962000962001,0.004713275726630051,0.6344339622641509
2014-10-20,0.48931877946127517,0.934453781512605,0.8084848484848485,0.36,0.1990384615384615,0.0,0.6339355852317361
2014-10-21,0.491165076971895,0.929471032745592,0.8171912832929782,0.3554363725012189,0.19654012493993267,0.0,0.6483516483516483
2014-10-22,0.4792905753213948,0.8800335570469798,0.8125755743651754,0.347953216374269,0.19596541786743515,0.0,0.6392156862745098
2014-10-23,0.4813153563804442,0.8692372170997485,0.8321256038647343,0.34145153433999026,0.19539126260201634,0.0,0.6496865203761755
2014-10-24,0.5148011349435859,0.9195979899497487,0.9288299155609168,0.33982473222979553,0.19577735124760076,0.0,0.7047768206734535
2014-10-25,0.5108399680951491,0.896234309623431,0.9289156626506024,0.3357664233576642,0.19520383693045562,0.0007818608287725182,0.7081377151799687
2014-10-26,0.5208493799638673,0.9222408026755853,0.9482551143200962,0.33122568093385213,0.19702780441035472,0.002343749999999978,0.7240031274433151
2014-10-27,0.529959186268909,0.9649122807017544,0.9399038461538461,0.32717549829849296,0.23526593195975087,0.0031225604996096834,0.709375
2014-10-28,0.5216077914625948,0.9065108514190318,0.9423769507803121,0.3304178814382896,0.23371647509578541,0.003900156006240274,0.7127244340359095
2014-10-29,0.5261737454171737,0.9499582985821518,0.9376498800959232,0.3302574065080136,0.23168980373384396,0.001558846453624363,0.7059282371294852
2014-10-30,0.5355456471737474,0.9333333333333333,0.9724550898203593,0.3320388349514563,0.23110047846889947,0.003894080996884708,0.7404520654715511
2014-10-31,0.5189351250230655,0.8784346378018318,0.9581339712918661,0.3318777292576419,0.23098995695839308,0.0,0.7141744548286604
2014-11-01,0.5181532969665105,0.8477537437603994,0.966547192353644,0.3297769156159069,0.23565965583173998,0.0007776049766718973,0.7284046692607005
2014-11-02,0.5421476185746429,0.9343308395677473,0.9964200477326969,0.33010179350460495,0.23698041089345434,0.002331002331002363,0.7527216174183515
2014-11-03,0.5431188159532981,0.9435215946843853,0.9976162097735399,0.33042635658914726,0.23734479465138492,0.0023291925465838137,0.7474747474747474
2014-11-04,0.5336678190263987,0.9095435684647303,0.9964285714285714,0.32832929782082326,0.2324582338902148,0.0015515903801396336,0.7336956521739131
2014-11-05,0.5292737170739911,0.9220563847429519,0.9892984542211652,0.3063891577928364,0.22709923664122134,0.0,0.730799069045772
2014-11-06,0.5247802010167583,0.9552609776304888,0.9643705463182898,0.29704886308659895,0.2226990939437291,0.0007745933384972759,0.7085271317829458
2014-11-07,0.5140211354425062,0.9163907284768212,0.9501779359430605,0.30754352030947774,0.22449952335557677,0.0,0.6855151045701007
2014-11-08,0.5213826107089173,0.9363110008271298,0.9597156398104265,0.3044949250845819,0.22343973320628874,0.0,0.7043343653250773
2014-11-09,0.5176947698686795,0.9214876033057852,0.9573964497041421,0.2985507246376812,0.23190476190476195,0.0,0.6968290796597061
2014-11-10,0.5003490809955603,0.9083402146985962,0.9243498817966903,0.29357798165137616,0.22513089005235598,0.0,0.6506955177743432
2014-11-11,0.49980125608619236,0.9158415841584159,0.9208972845336482,0.2982625482625483,0.21979067554709797,0.0,0.644015444015444
2014-11-12,0.4996159023449664,0.9530090684253916,0.9150943396226415,0.28509406657018815,0.21255349500713272,0.0,0.6319444444444444
2014-11-13,0.41896446985894914,0.8476112026359144,0.7573616018845701,0.2844744455159113,0.2072243346007605,0.0015408320493066618,0.4155744024672321
2014-11-14,0.42710186244438947,0.8526748971193415,0.7588235294117647,0.29927710843373495,0.20807600950118765,0.0,0.4437596302003082
2014-11-15,0.45360964145737953,0.8519736842105263,0.8155111633372503,0.30009633911368017,0.20750237416904083,0.0,0.5465742879137798
2014-11-16,0.49325504287737093,0.9202958093672966,0.8955399061032864,0.30380356283100624,0.20835310868533463,0.000768639508070712,0.6307692307692307
2014-11-17,0.47015039458292485,0.8702791461412152,0.8522860492379836,0.321944177093359,0.206831119544592,0.0,0.5695618754803997
2014-11-18,0.47711663002169796,0.8958162428219852,0.8641686182669789,0.3189033189033189,0.20009483167377906,0.0007674597083653367,0.5829493087557603
2014-11-19,0.4946096832073195,0.8795081967213114,0.9146198830409357,0.33653846153846156,0.19999999999999996,0.0,0.6369915579432079
2014-11-20,0.4978510940826772,0.9156429156429157,0.9112149532710281,0.34454589139836617,0.19990525817148275,0.0,0.61579754601227
2014-11-21,0.5195002601273248,0.9459901800327333,0.9556592765460911,0.34197886647454373,0.19981060606060608,0.0007656967840734552,0.6727969348659004
2014-11-22,0.525366137424478,0.9632052330335241,0.965034965034965,0.33653384541526643,0.19829626123994326,0.0007651109410864443,0.6883614088820826
2014-11-23,0.5131344850510832,0.9011437908496732,0.9615832363213038,0.33445297504798466,0.19914853358561968,0.000764525993883769,0.6817138485080336
2014-11-24,0.5013718263520383,0.9191836734693878,0.9325581395348838,0.32182254196642684,0.1985815602836879,0.0007639419404125158,0.6353211009174312
2014-11-25,0.4859736944873223,0.8890701468189233,0.9152148664343787,0.3216682646212848,0.197069943289225,0.0,0.5928189457601223
2014-11-26,0.4977775867002325,0.9380603096984516,0.919953596287703,0.33349305222807857,0.19744922059518188,0.0007627765064835978,0.5969465648854961
2014-11-27,0.5034443988562424,0.9324104234527687,0.9420625724217845,0.31896551724137934,0.1964117091595845,0.0,0.6308161708619375
2014-11-28,0.4935487859515331,0.9153783563873068,0.9398148148148148,0.31977022498803254,0.19867862199150543,0.0022848438690022954,0.5853658536585367
2014-11-29,0.48368818085829046,0.8747967479674796,0.9213872832369943,0.3167464114832536,0.20047169811320753,0.0015220700152207556,0.5872048743335871
2014-11-30,0.4810611110503887,0.8448415922014623,0.9237875288683602,0.3079866092778575,0.2032060348892032,0.0,0.606544901065449
2014-12-01,0.4691106566066421,0.8303571428571428,0.9204152249134948,0.2853728489483748,0.19981149858623937,0.0,0.5787072243346008
2014-12-02,0.4819745267988876,0.9343065693430657,0.9205069124423964,0.26755852842809363,0.19500706547338675,0.0,0.574468085106383
2014-12-03,0.46887470513722124,0.853322528363047,0.9125431530494822,0.26599808978032474,0.19444444444444442,0.0,0.5869400151860289
2014-12-04,0.49482342478604285,0.9611336032388664,0.9298850574712644,0.2515513126491647,0.19435294117647062,0.0007581501137224889,0.6312594840667678
2014-12-05,0.4896652210939468,0.8802588996763754,0.9506314580941446,0.2523854961832061,0.19285042333019753,0.0,0.6618650492797573
2014-12-06,0.47558931976293933,0.8310428455941794,0.926605504587156,0.25608011444921314,0.19511048425011757,0.0,0.6446969696969698
2014-12-07,0.49014683163353645,0.8998384491114702,0.9415807560137457,0.24642516682554813,0.1959586466165414,0.0,0.6570779712339136
2014-12-08,0.4939710452322088,0.9386602098466506,0.9382151029748284,0.23630300142925204,0.19633630812588065,0.0,0.6543116490166414
2014-12-09,0.4867297075964348,0.8225806451612903,0.9668571428571429,0.2338095238095238,0.1934272300469484,0.0,0.7037037037037037
2014-12-10,0.5118472188165603,0.9137792103142627,0.995433789954338,0.22798667301285103,0.1952135147817926,0.0007547169811320531,0.7379154078549849
2014-12-11,0.5116946990606732,0.9106280193236715,0.9977194982896237,0.2231208372978116,0.19606003752345214,0.002262443438914019,0.740377358490566
2014-12-12,0.5090319181202229,0.8889782783588094,0.9965831435079726,0.2277698525915359,0.19878105954055325,0.0030143180105500766,0.7390648567119156
2014-12-13,0.5109043849233664,0.9059485530546624,0.9920364050056882,0.22480988593155893,0.20337394564198685,0.005271084337349352,0.7339864355689525
2014-12-14,0.5105308308751773,0.8907630522088353,0.9977272727272727,0.21852731591448932,0.20843091334894615,0.0060195635816403525,0.7417168674698795
2014-12-15,0.5042106144733648,0.8964686998394864,0.9863791146424518,0.20797720797720798,0.20833333333333337,0.006015037593984918,0.7200902934537246
2014-12-16,0.5119888847801567,0.9125902165196471,0.9977324263038548,0.20692928334124347,0.2035563874590548,0.0037565740045079066,0.7473684210526316
2014-12-17,0.5176277372310275,0.9302884615384616,0.9988674971687429,0.19402277039848198,0.19971936389148737,0.0022522522522522292,0.7806160781367393
2014-12-18,0.5231180880663611,0.9631705364291433,0.998868778280543,0.19155998103366526,0.19682094436652642,0.0,0.7882882882882882
2014-12-19,0.5221219145493295,0.9656,1.0,0.17772511848341233,0.19345794392523363,0.0007496251874062887,0.795198799699925
2014-12-20,0.5171420738170859,0.9488409272581935,0.9977426636568849,0.17148270961629558,0.19243344231667447,0.001498127340823996,0.7908545727136431
2014-12-21,0.5131761140500043,0.9464856230031948,0.9954904171364148,0.16524621212121213,0.19281045751633985,0.0029940119760478723,0.7760299625468164
2014-12-22,0.5168810583811065,0.9529130087789306,0.9966216216216216,0.1722669190724089,0.19505366308912742,0.0,0.7844311377245509
2014-12-23,0.49418029265420627,0.8381180223285487,0.9932508436445444,0.1650898770104068,0.19076492537313428,0.0037369207772794955,0.7741211667913239
2014-12-24,0.5027771385332743,0.8780876494023905,0.9910112359550561,0.16784869976359337,0.18974358974358974,0.017923823749066425,0.7720478325859492
2014-12-25,0.5068684858531444,0.8861464968152866,0.9955106621773289,0.16493383742911152,0.1947809878844362,0.015671641791044744,0.784167289021658
2014-12-26,0.5080213125865027,0.8743038981702467,0.9977578475336323,0.16721776098252245,0.20214252445272474,0.014168530947054392,0.7925373134328358
2014-12-27,0.5053351928699149,0.8775834658187599,0.9921612541993281,0.17563739376770537,0.19320297951582865,0.015648286140089396,0.7777777777777778
2014-12-28,0.5117239736503221,0.8991262907069102,1.0,0.170363378952336,0.18939041414611446,0.015636634400595706,0.7958271236959762
2014-12-29,0.501339682476335,0.8365079365079365,0.9988826815642458,0.175,0.18976744186046512,0.017113095238095233,0.7907669396872673
2014-12-30,0.5052730896253474,0.8556701030927836,1.0,0.17491749174917492,0.18781961878196185,0.017100371747211907,0.7961309523809523
2014-12-31,0.5119060607793862,0.8938193343898574,1.0,0.17530631479736097,0.18819702602230481,0.017087667161961417,0.7970260223048327
2015-01-01,0.5081641247536296,0.8836104513064134,0.9944320712694877,0.18464437117286858,0.19136089177891313,0.014847809948032697,0.7800891530460624
2015-01-02,0.5053084958523799,0.8417721518987342,0.9977753058954394,0.1869114877589454,0.20287836583101204,0.014094955489614258,0.7884187082405345
2015-01-03,0.5092188316163392,0.8379446640316206,0.9966666666666667,0.20941176470588235,0.2116009280742459,0.01927353595255743,0.7804154302670623
2015-01-04,0.534002107443898,0.9146919431279621,1.0,0.2154280338664158,0.21846011131725418,0.021481481481481435,0.8339510748702743
2015-01-05,0.5401328232060564,0.9234411996842936,1.0,0.2153267512929008,0.20723226703755215,0.024426350851221357,0.8703703703703703
2015-01-06,0.5425647666927421,0.944794952681388,0.9988925802879292,0.22885338345864661,0.20203892493049125,0.02736686390532539,0.8534418948926721
2015-01-07,0.5365773148175429,0.9188337273443656,0.9966814159292036,0.24283701268201033,0.2024085224641038,0.03325942350332589,0.8254437869822485
2015-01-08,0.5364022478947258,0.9480314960629921,0.9955801104972376,0.2347417840375587,0.20416666666666672,0.03618906942392908,0.7997043606799704
2015-01-09,0.5420700454498216,0.9472856018882769,0.9977924944812362,0.23744720788362272,0.19990745025451184,0.03690036900369009,0.8330871491875923
2015-01-10,0.537130560558909,0.9488993710691824,0.9944873208379272,0.2396810506566604,0.19472710453283992,0.040560471976401224,0.8044280442804428
2015-01-11,0.5437823839958394,0.9489395129615082,0.998898678414097,0.23300515705578997,0.1895515487748497,0.0420044215180545,0.8502949852507374
2015-01-12,0.5455693969396211,0.9427001569858713,0.9988998899889989,0.24039362699156513,0.1894639556377079,0.041973490427098636,0.8599852616064849
2015-01-13,0.5461004804987861,0.9623529411764706,0.9989010989010989,0.23934426229508196,0.18060046189376444,0.04120676968359083,0.8541973490427098
2015-01-14,0.5622744954689972,0.9882445141065831,1.0,0.24391385767790263,0.1805170821791321,0.039705882352941146,0.9212656364974245
2015-01-15,0.5767471850550793,0.995301487862177,1.0,0.24801123069723913,0.180433779418551,0.038207200587803136,0.9985294117647059
2015-01-16,0.5662667266204086,0.9780907668231612,0.9989047097480832,0.25350795135640786,0.18035055350553508,0.038179148311306865,0.9485672299779574
2015-01-17,0.5715434128731748,0.9835809225957779,0.9989059080962801,0.2646096306685367,0.1807284462886123,0.04475421863536322,0.9566813509544787
2015-01-18,0.5781392109007942,0.990625,0.9989071038251366,0.2738317757009346,0.1820276497695853,0.04618768328445744,0.9772560528246516
2015-01-19,0.5718512406103079,0.9750195160031225,0.9967248908296943,0.2923867351704811,0.18240442192537998,0.04395604395604391,0.9406158357771262
2015-01-20,0.5707207765017411,0.9765990639625585,0.9945474372955289,0.30532212885154064,0.18232044198895025,0.04392386530014636,0.9216117216117217
2015-01-21,0.5741757537558804,0.9945440374123149,0.9956427015250545,0.30424638357442835,0.1799355729406351,0.04316020482809069,0.9275256222547584
2015-01-22,0.5651492258420113,0.9672897196261683,0.9912948857453754,0.30223880597014924,0.17985280588776453,0.05043859649122806,0.8997805413313826
2015-01-23,0.5637296600735181,0.9743190661478599,0.9902173913043478,0.3006993006993007,0.17931034482758623,0.04601899196493786,0.8918128654970761
2015-01-24,0.5641043561399842,0.97900466562986,0.990228013029316,0.29263746505125815,0.1783088235294118,0.05182481751824819,0.8926223520818115
2015-01-25,0.555529376341997,0.9728049728049728,0.9880694143167028,0.2734047508150908,0.17776757005052823,0.05251641137855578,0.8686131386861313
2015-01-26,0.55259267497269,0.968167701863354,0.9869989165763814,0.2686219739292365,0.17860422405876952,0.053206997084548124,0.8599562363238512
2015-01-27,0.5440174887625907,0.9588828549262994,0.9826839826839827,0.26477431363424847,0.17806333180357958,0.050983248361252786,0.8287172011661808
2015-01-28,0.5416494278982901,0.9279069767441861,0.985945945945946,0.25906976744186044,0.17752293577981648,0.05385735080058229,0.8455935906773488
2015-01-29,0.5510214688382347,0.9349341595662277,0.9881209503239741,0.2598791259879126,0.1792755616689592,0.05527272727272725,0.888646288209607
2015-01-30,0.5530539095836268,0.934984520123839,0.9902912621359223,0.26579925650557623,0.17965169569202566,0.05450581395348841,0.893090909090909
2015-01-31,0.5581067893198582,0.9675174013921114,0.9913793103448276,0.25592196934509986,0.17819514429683925,0.057371096586782855,0.8982558139534884
2015-02-01,0.5575983596217073,0.9482225656877898,0.9935414424111948,0.2520891364902507,0.17719780219780223,0.05950653120464444,0.9150326797385621
2015-02-02,0.5525437971702379,0.9528957528957529,0.9913978494623656,0.23480278422273781,0.1775743707093822,0.060188542422044966,0.8984034833091437
2015-02-03,0.54305263658887,0.9305555555555556,0.9828141783029001,0.22959183673469388,0.17703568161024708,0.05869565217391304,0.8796229151559101
2015-02-04,0.5515720383595001,0.9753276792598303,0.990343347639485,0.21094112192860454,0.17924096936442613,0.06082548877624905,0.8927536231884058
2015-02-05,0.5451888983647265,0.9422187981510015,0.9914255091103966,0.20296570898980537,0.18235831809872027,0.06005788712011573,0.8921071687183201
2015-02-06,0.5482529233455119,0.9522709776751347,0.9935760171306209,0.19453450671607225,0.18318867062585653,0.06073752711496749,0.9052098408104197
2015-02-07,0.5431591008698313,0.9092307692307693,0.9903743315508021,0.21666666666666667,0.18538812785388126,0.06141618497109824,0.89587852494577
2015-02-08,0.5453904180417745,0.9369715603382014,0.9861111111111112,0.2184173993521518,0.18941122774988595,0.05920577617328515,0.8822254335260116
2015-02-09,0.5524380027732504,0.9731182795698925,0.9893276414087513,0.21739130434782608,0.1911496350364964,0.05699855699855705,0.8866425992779783
2015-02-10,0.5511502568048251,0.9401381427475057,0.9914712153518124,0.22422561257512713,0.19151846785225723,0.06633020908435472,0.8932178932178932
2015-02-11,0.5524672099180276,0.9616564417177914,0.9914802981895634,0.21950092421441775,0.1905195989061076,0.06700288184438041,0.8846431146359048
2015-02-12,0.5508616552092697,0.9455938697318008,0.9914893617021276,0.22956120092378754,0.19908883826879276,0.06191504679625626,0.877521613832853
2015-02-13,0.5557630866100781,0.9808575803981623,0.9872476089266737,0.22807017543859648,0.20036429872495443,0.06402877697841725,0.8740100791936645
2015-02-14,0.540024966599165,0.9433817903596021,0.9766454352441614,0.22242731887401937,0.1984524351388257,0.05248023005032354,0.8467625899280575
2015-02-15,0.5155374662134274,0.8593272171253823,0.9692470837751855,0.2172509225092251,0.2020018198362148,0.051724137931034475,0.7936736161035226
2015-02-16,0.5407541423208816,0.9541634835752483,0.9766949152542372,0.20885200553250347,0.2032742155525239,0.05599425699928218,0.8455459770114943
2015-02-17,0.533021243525102,0.9152671755725191,0.9756613756613757,0.2064516129032258,0.20272727272727276,0.05810616929698709,0.8399138549892319
2015-02-18,0.527138791134955,0.9229595728451564,0.9682875264270613,0.19484108705665593,0.19945479327578375,0.058064516129032295,0.8192252510760402
2015-02-19,0.5255172726660445,0.8810975609756098,0.9746568109820486,0.19521178637200737,0.2025431425976385,0.06590257879656158,0.8336917562724014
2015-02-20,0.5244984949494541,0.865955826351866,0.9683544303797469,0.21445006902899216,0.21289151157512487,0.06657122405153904,0.8187679083094556
2015-02-21,0.5260562884395303,0.8888888888888888,0.9652265542676501,0.21987120515179392,0.21052631578947367,0.06080114449213159,0.8110236220472441
2015-02-22,0.5341465180052585,0.932319391634981,0.9652631578947368,0.22482758620689655,0.21269841269841272,0.060757684060042894,0.8090128755364807
2015-02-23,0.5404827034558982,0.9232522796352584,0.9747634069400631,0.23988970588235295,0.2194016319129647,0.06071428571428572,0.8248749106504646
2015-02-24,0.545472197821982,0.9384965831435079,0.9716386554621849,0.25447864033073037,0.21613049388309924,0.07566024268379734,0.8164285714285714
2015-02-25,0.5483578526938198,0.9597875569044007,0.9695697796432319,0.25849403122130393,0.21512681159420288,0.0763195435092725,0.8108493932905068
2015-02-26,0.5423561296515326,0.8908263836239575,0.9727463312368972,0.27397888939880677,0.22363060208239027,0.0776906628652887,0.8152639087018545
2015-02-27,0.545543565575689,0.9196969696969697,0.9759162303664921,0.2793577981651376,0.22307692307692306,0.07549857549857553,0.7997148966500356
2015-02-28,0.5248195042078906,0.874337623012869,0.9581589958158996,0.27968821641448877,0.21483491632745366,0.056227758007117434,0.7656695156695157
2015-03-01,0.5282025769568693,0.9069591527987897,0.9582027168234065,0.27497708524289644,0.20705244122965638,0.05618776671408254,0.7658362989323844
2015-03-02,0.5251253747078515,0.9040060468631897,0.9551148225469729,0.28126431516262024,0.20244012652507903,0.05472636815920395,0.7532005689900427
2015-03-03,0.5006787501223746,0.7945619335347431,0.9509906152241918,0.2847985347985348,0.19692863595302623,0.05255681818181823,0.7242359630419333
2015-03-04,0.49513070553424215,0.780377358490566,0.946875,0.29839816933638447,0.19232505643340858,0.045422285308729604,0.7073863636363636
2015-03-05,0.5147736262262356,0.8740573152337858,0.9521331945889698,0.2982616651418115,0.19133574007220222,0.04893617021276597,0.7239176721078779
2015-03-06,0.5228442409357444,0.9005275056518462,0.9501039501039501,0.3278463648834019,0.19124943617501122,0.05315379163713674,0.7141843971631205
2015-03-07,0.5120556579209984,0.8283132530120482,0.952232606438214,0.32861060329067643,0.19071235347159599,0.05169971671388107,0.7207654145995748
2015-03-08,0.5170424666103223,0.8577878103837472,0.9491701244813278,0.32754682503426225,0.19017575484452454,0.06510969568294411,0.7124645892351275
2015-03-09,0.5060970151464873,0.7924812030075188,0.950259067357513,0.30776255707762556,0.1878378378378378,0.08486562942008491,0.713375796178344
2015-03-10,0.4976278076895006,0.8039068369646882,0.9399585921325052,0.30488361478776815,0.18460153084196307,0.08339222614840991,0.669024045261669
2015-03-11,0.49310847583978235,0.7695195195195195,0.9389865563598759,0.3270985401459854,0.18316831683168322,0.07274011299435024,0.6671378091872792
2015-03-12,0.48629677297628476,0.759939984996249,0.9359504132231405,0.32056543547651617,0.1817363922627081,0.06280875088214533,0.6567796610169492
2015-03-13,0.5038211649549106,0.8470764617691154,0.936016511867905,0.31768459434822244,0.18120503597122306,0.08180535966149505,0.6591390261115031
2015-03-14,0.49874726577651257,0.797003745318352,0.9422680412371134,0.3020501138952164,0.18112359550561796,0.08597603946441157,0.6840620592383639
2015-03-15,0.5169739886170186,0.875748502994012,0.9443872296601442,0.3173952641165756,0.18283917340521116,0.08873239436619718,0.6927413671599718
2015-03-16,0.5025119273719596,0.8047868362004488,0.9393004115226338,0.3190714610832954,0.18859452177817693,0.08796622097114704,0.6753521126760563
2015-03-17,0.4986058811961193,0.8109118086696562,0.9373072970195272,0.30709736123748865,0.18761220825852787,0.08790436005625879,0.6608022519352569
2015-03-18,0.5121933344569172,0.883495145631068,0.9435318275154004,0.3042291950886767,0.18528488111260655,0.08784258608573436,0.6687763713080168
2015-03-19,0.5151434188804954,0.8246268656716418,0.958974358974359,0.29454545454545455,0.18565022421524668,0.0884831460674157,0.7385804638088546
2015-03-20,0.5228203998216253,0.8888888888888888,0.9559426229508197,0.29441163107678325,0.1824294038547737,0.08421052631578951,0.7310393258426966
2015-03-21,0.5188717219095946,0.8904619970193741,0.95496417604913,0.2779291553133515,0.18010752688172038,0.0813464235624124,0.728421052631579
2015-03-22,0.5052173981010757,0.8175725986597171,0.9580777096114519,0.2614616432137994,0.17868338557993735,0.08409250175192717,0.7314165497896213
2015-03-23,0.500948396927161,0.8385416666666666,0.9499489274770173,0.2554446460980036,0.1790510295434199,0.08123249299719892,0.7014716187806587
2015-03-24,0.49767414979908214,0.8267657992565056,0.9520408163265306,0.2562358276643991,0.1758389261744966,0.06648005598320506,0.7086834733893557
2015-03-25,0.49757747856662626,0.7644873699851411,0.9704383282364933,0.257026291931097,0.17620751341681573,0.07062937062937058,0.7466759972008398
2015-03-26,0.5044859340331835,0.8010393466963623,0.9714867617107943,0.25509741730856367,0.17836388019669203,0.07267645003494061,0.7482517482517482
2015-03-27,0.5113140444516527,0.8538575667655787,0.9633774160732451,0.2586050724637681,0.18007149240393205,0.06703910614525144,0.7449336128581412
2015-03-28,0.49728939422242296,0.765752409191994,0.9705284552845529,0.24988682661837935,0.18267083519428318,0.06629448709002095,0.7486033519553073
2015-03-29,0.5046344915460904,0.84,0.9593908629441624,0.24570135746606334,0.1830357142857143,0.05997210599721059,0.7397069085833915
2015-03-30,0.511479190636216,0.845299777942265,0.9787018255578094,0.2433288104929896,0.18429272646140116,0.06062717770034842,0.7566248256624826
2015-03-31,0.5139129329763165,0.886094674556213,0.9655521783181358,0.244122965641953,0.18287243532560216,0.06128133704735372,0.743554006968641
2015-04-01,0.5120204669319414,0.8507021433850702,0.9767206477732794,0.2385901491188432,0.18234507356219354,0.0737647877522617,0.75
2015-04-02,0.5224373452300132,0.9246676514032497,0.9706774519716885,0.22854561878952123,0.1778074866310161,0.08553546592489569,0.7473903966597077
2015-04-03,0.4893913611407477,0.7579335793357933,0.9555555555555556,0.22257336343115125,0.17906458797327396,0.08408617095205007,0.7371349095966621
2015-04-04,0.501248215776126,0.8355457227138643,0.9535822401614531,0.22472924187725632,0.17853962600178097,0.08194444444444449,0.7331480194579569
2015-04-05,0.49619010673600816,0.8025055268975682,0.9556451612903226,0.22507893549842128,0.1842456608811749,0.08188757807078417,0.7277777777777779
2015-04-06,0.48829217253618235,0.804860088365243,0.9476334340382678,0.2249774571686204,0.18549822064056942,0.06449375866851592,0.7022900763358779
2015-04-07,0.5091273907657029,0.924944812362031,0.9507042253521126,0.22307345651194233,0.1800800355713651,0.06306306306306309,0.7128987517337032
2015-04-08,0.48931257669614275,0.8,0.9547738693467337,0.22477477477477478,0.17466666666666664,0.06440443213296398,0.7172557172557172
2015-04-09,0.5163890067188678,0.9397501836884644,0.9779116465863453,0.21476812246735705,0.17370057752110168,0.05813148788927336,0.7340720221606648
2015-04-10,0.5096412246353079,0.9177679882525698,0.9809428284854563,0.1926192619261926,0.17140319715808172,0.06016597510373445,0.7349480968858131
2015-04-11,0.5030982719549996,0.8561995597945709,0.9879759519038076,0.19118308591992803,0.16999556147359074,0.061506565307532846,0.7517289073305671
2015-04-12,0.5122853130748026,0.905425219941349,0.985985985985986,0.19739208633093525,0.16947648624667255,0.06975138121546964,0.7456807187284036
2015-04-13,0.5164043114905574,0.9406593406593406,0.986,0.19370786516853933,0.16940133037694016,0.06418219461697727,0.744475138121547
2015-04-14,0.5094459757391153,0.8674963396778916,0.998001998001998,0.1985624438454627,0.1693262411347518,0.05448275862068963,0.7688060731538993
2015-04-15,0.5163347922053607,0.9070958302852963,0.998003992015968,0.2020655590480467,0.1688081524147098,0.048931771192281204,0.7731034482758621
2015-04-16,0.5267074326962101,0.9634502923976608,0.9970089730807578,0.20107719928186715,0.16829052258635957,0.06404958677685946,0.7663680220537561
2015-04-17,0.5156201810293438,0.9247626004382761,0.9940239043824701,0.21085688649618664,0.1686586985391766,0.05161734342739155,0.743801652892562
2015-04-18,0.5220351419923278,0.9576642335766423,0.9970149253731343,0.19730941704035873,0.16814159292035402,0.04676753782668497,0.7653131452167928
2015-04-19,0.5159043443612726,0.9029905178701678,0.9960238568588469,0.20842671447781264,0.1702786377708978,0.054982817869415834,0.7627235213204951
2015-04-20,0.518827635207408,0.9045189504373178,0.9960278053624627,0.22580645161290322,0.17152961980548187,0.05425824175824179,0.7608247422680412
2015-04-21,0.5121619003592688,0.8623452294246177,0.9930555555555556,0.22973578145991938,0.17057003977021656,0.06245710363761148,0.7548076923076923
2015-04-22,0.5021153456126558,0.8275109170305677,0.9831516352824579,0.23724261414503134,0.1700530035335689,0.07270233196159126,0.7220315717227179
2015-04-23,0.5028673374884574,0.8349090909090909,0.9851485148514851,0.2371364653243848,0.17130242825607067,0.06442769019876626,0.7242798353909465
2015-04-24,0.5097475421398755,0.9265988372093024,0.9812067260138477,0.20304114490161002,0.1676963812886143,0.06438356164383563,0.7155586017820426
2015-04-25,0.5140737311394361,0.9506172839506173,0.9891304347826086,0.18328118015198927,0.16762240846934273,0.06502395619438739,0.7287671232876712
2015-04-26,0.48915965992109944,0.8004354136429608,0.9921026653504442,0.18319928507596067,0.16049382716049387,0.06019151846785231,0.7385352498288843
2015-04-27,0.5064331988609238,0.90572878897752,0.9980276134122288,0.17418490397498884,0.16042309387395326,0.0567327409432673,0.7435020519835842
2015-04-28,0.5052820638073122,0.9173913043478261,0.9901477832512315,0.17232142857142857,0.16035242290748897,0.06557377049180324,0.7259056732740943
2015-04-29,0.4965741232955354,0.8479362780593773,0.9921259842519685,0.17358322177599286,0.1598414795244386,0.07781569965870305,0.7281420765027322
2015-04-30,0.5169476859173225,0.947178002894356,0.992133726647001,0.17127564674397858,0.15977112676056338,0.10504774897680769,0.7262798634812286
2015-05-01,0.4986213328549714,0.9023861171366594,0.9783889980353635,0.16005349977708427,0.15970083589969208,0.10293115201090663,0.6882673942701227
2015-05-02,0.4946010668038168,0.8439306358381503,0.9833169774288518,0.1769162210338681,0.16051011433597184,0.09809264305177112,0.7048398091342877
2015-05-03,0.48964035908184633,0.8353790613718411,0.9774509803921568,0.1710467706013363,0.16043956043956042,0.10415248468345817,0.6893732970027249
2015-05-04,0.4822557969689294,0.8535353535353536,0.9666993143976493,0.1682991985752449,0.16168717047451675,0.07210884353741498,0.6712049012933969
2015-05-05,0.48872741039569734,0.9206921413121846,0.9696673189823874,0.14953271028037382,0.15985946420729025,0.05914343983684567,0.6734693877551021
2015-05-06,0.47045264399208686,0.7946685878962536,0.978494623655914,0.14813167259786478,0.15978928884986832,0.05978260869565222,0.681849082256968
2015-05-07,0.47860894610938526,0.7789776817854572,0.986328125,0.16051578479324144,0.16191311978938128,0.07128309572301428,0.7126358695652174
2015-05-08,0.4829633490784717,0.8618705035971224,0.9746341463414634,0.1511111111111111,0.16140350877192977,0.07530529172320222,0.6734555329260014
2015-05-09,0.46352278552542164,0.7800143781452192,0.9580896686159844,0.17059084851177256,0.1635247698377904,0.05627118644067797,0.6526458616010855
2015-05-10,0.4842308394713053,0.8994252873563219,0.9591041869522883,0.17229129662522202,0.16476774758983348,0.050135501355013545,0.6596610169491526
2015-05-11,0.48321234746329406,0.9038047379755922,0.9649805447470817,0.15312916111850866,0.16600963644327638,0.04739336492891,0.6639566395663956
2015-05-12,0.45436047905794985,0.7503586800573888,0.9601554907677357,0.1526175687666371,0.16637478108581438,0.03856562922868745,0.6580907244414353
2015-05-13,0.46360940396416933,0.782078853046595,0.9611650485436893,0.16940133037694013,0.16673960612691463,0.04259634888438135,0.6596752368064953
2015-05-14,0.46239085902794513,0.7478510028653296,0.979631425800194,0.15115248226950354,0.16754155730533682,0.03851351351351351,0.6896551724137931
2015-05-15,0.46545390288223226,0.7752326413743736,0.9786821705426356,0.1488701816570669,0.16834280717096628,0.03848750844024307,0.6831081081081081
2015-05-16,0.4730267327565813,0.8097281831187411,0.9767666989351403,0.16209034543844109,0.16914335664335667,0.04048582995951422,0.6799459824442944
2015-05-17,0.4862682324196897,0.8956397426733381,0.9806576402321083,0.15050907481186365,0.16950633464394937,0.03843560350640596,0.6828609986504723
2015-05-18,0.4599790292500073,0.7207142857142856,0.978743961352657,0.18008849557522125,0.17030567685589515,0.037735849056603765,0.672285906945381
2015-05-19,0.48387496911654343,0.8372591006423983,0.9845559845559846,0.1751437417072092,0.16979484941073764,0.03973063973063973,0.6967654986522911
2015-05-20,0.4941512141824946,0.9115549215406562,0.9855351976856316,0.15738284703801944,0.16972076788830714,0.04037685060565277,0.7003367003367003
2015-05-21,0.47558526546119734,0.8210976478973628,0.9826589595375722,0.1515687140963323,0.17008286088094204,0.03833221250840624,0.6897711978465679
2015-05-22,0.46364804041593555,0.7621082621082621,0.9807507218479307,0.15106007067137808,0.17044463818657363,0.040994623655914,0.6765299260255548
2015-05-23,0.4710484380418068,0.8405693950177936,0.9615384615384616,0.14392935982339955,0.16993464052287577,0.04566823371390194,0.6646505376344086
2015-05-24,0.4948133531908347,0.9544807965860598,0.9692603266090298,0.15180935569285084,0.1707317073170732,0.05167785234899325,0.6709200805910007
2015-05-25,0.46810800137620845,0.7874911158493247,0.9596928982725528,0.18262020291133657,0.17283413147583804,0.04560697518444001,0.6604026845637584
2015-05-26,0.47870356085760374,0.8231534090909091,0.9769894534995206,0.1675485008818342,0.18624891209747607,0.04289544235924936,0.6753856472166331
2015-05-27,0.4780774633906348,0.8041163946061036,0.9798850574712644,0.18069634200088144,0.18529795563288387,0.04420629604822501,0.6742627345844504
2015-05-28,0.4836663535817513,0.8411347517730496,0.9779904306220095,0.18502202643171806,0.18521739130434778,0.0381526104417671,0.6744809109176155
2015-05-29,0.48913247871064663,0.8745570517363572,0.9799235181644359,0.1787758696609423,0.18470230334637117,0.04682274247491636,0.6700133868808568
2015-05-30,0.47430361772788693,0.75,0.9808978032473734,0.19278169014084506,0.18505647263249347,0.05681818181818177,0.6802675585284281
2015-05-31,0.4995273405824598,0.8641188959660298,0.9885496183206107,0.19665640123185218,0.18584455058619187,0.05611222444889774,0.7058823529411764
2015-06-01,0.4892287502041062,0.7942008486562941,0.996186844613918,0.19349164467897978,0.17664930555555558,0.058744993324432615,0.7160988643954576
2015-06-02,0.51009954896805,0.903886925795053,0.9990476190476191,0.19384615384615383,0.1761388286334057,0.058705803869246176,0.7289719626168225
2015-06-03,0.4907911926961159,0.7923728813559322,0.9980970504281637,0.1968365553602812,0.17562879444926283,0.06399999999999995,0.7178118745830553
2015-06-04,0.49976816724233286,0.8383909668313339,0.9980988593155894,0.20860781730346947,0.17555266579973994,0.06195869420386413,0.716
2015-06-05,0.5021043140166179,0.8469675599435825,0.9990503323836657,0.20237050043898155,0.17547660311958402,0.06990679094540608,0.7188540972684877
2015-06-06,0.5004006490739391,0.8604651162790697,0.9971537001897534,0.1882404563405002,0.17496751840623648,0.07119095143047238,0.7103861517976031
2015-06-07,0.4707642696793495,0.6922535211267606,0.9962085308056872,0.2026315789473684,0.17705627705627702,0.0771276595744681,0.6793080505655356
2015-06-08,0.4829787876220581,0.7874736101337086,0.9990530303030303,0.1968434896975011,0.17784508870618776,0.06710963455149499,0.6695478723404256
2015-06-09,0.4671713358714715,0.7327707454289734,0.9895931882686849,0.21034180543382996,0.1773356401384083,0.05511288180610885,0.6378737541528239
2015-06-10,0.47357782971508494,0.7540407589599438,0.9886578449905482,0.2378449408672799,0.17769130998702987,0.05242203052422034,0.6308100929614874
2015-06-11,0.4640565377923127,0.702247191011236,0.9905571293673276,0.23555166374781086,0.1771823681936041,0.04708222811671092,0.6317186463171864
2015-06-12,0.48223186703599635,0.8435087719298245,0.9877358490566037,0.21925601750547047,0.17580993520518362,0.042412193505632856,0.6246684350132625
2015-06-13,0.47199597790128783,0.7917251051893408,0.9858623939679547,0.2073490813648294,0.17443868739205526,0.045695364238410585,0.6269052352551359
2015-06-14,0.456735118224314,0.7098808689558515,0.9783427495291902,0.21163095758635767,0.17436340094950364,0.0489741892786234,0.6172185430463576
2015-06-15,0.4602748231971691,0.7457983193277311,0.9811853245531514,0.20454545454545456,0.17428817946505604,0.03835978835978837,0.6174718729318331
2015-06-16,0.4570184079544881,0.7508747375787264,0.9689849624060151,0.22018348623853212,0.173781802501078,0.032385988103106444,0.5958994708994709
2015-06-17,0.45377070705263134,0.8692307692307693,0.9230046948356807,0.18384279475982532,0.17155172413793107,0.03368560105680318,0.5413086582947786
2015-06-18,0.4291510858982521,0.6834381551362683,0.9315196998123827,0.19205587079877784,0.1714778112882378,0.027722772277227747,0.5686922060766182
2015-06-19,0.431361009136094,0.6843575418994414,0.9259606373008435,0.20724258289703315,0.16666666666666663,0.03298153034300788,0.570957095709571
2015-06-20,0.44066795871109116,0.7131891137473831,0.9400749063670412,0.21151330135194069,0.16315109771846747,0.02373104812129201,0.5923482849604222
2015-06-21,0.4452391569056147,0.7587168758716876,0.9382600561272217,0.2000871839581517,0.16265060240963858,0.020421607378129147,0.5912986156888596
2015-06-22,0.45763567284931556,0.8278745644599304,0.9457943925233645,0.19956427015250544,0.16258064516129034,0.01974983541803821,0.5902503293807642
2015-06-23,0.4358916617899915,0.6880222841225627,0.934640522875817,0.2304006968641115,0.15993121238177133,0.022368421052631593,0.5799868334430547
2015-06-24,0.44322474738019996,0.7286012526096033,0.9458955223880597,0.21462777535916414,0.15642458100558654,0.024983563445101886,0.5888157894736843
2015-06-25,0.44617724707024414,0.6877607788595271,0.9655172413793104,0.23542210617928633,0.15721649484536082,0.02562417871222078,0.6055226824457594
2015-06-26,0.44414264976719936,0.6963168867268936,0.9543761638733705,0.24010439321444105,0.15843709746672396,0.024294156270518674,0.5913272010512484
2015-06-27,0.44381646652569273,0.6847222222222222,0.9534883720930233,0.24913043478260868,0.1583690987124463,0.021653543307086576,0.5955351280367696
2015-06-28,0.4446343656384704,0.7536433032616239,0.9163568773234201,0.258148631029987,0.15830115830115832,0.013114754098360604,0.568241469816273
2015-06-29,0.4353481765687719,0.7066574202496533,0.9266480965645311,0.23284100781928757,0.160377358490566,0.013106159895150737,0.5724590163934427
2015-06-30,0.4263178915881471,0.6999306999307,0.9109461966604824,0.23317412071211463,0.15816545220745826,0.015717092337917515,0.5399737876802098
2015-07-01,0.411415667005097,0.6648199445983379,0.8952734012974977,0.23177083333333334,0.1645244215938303,0.015052356020942459,0.4970530451866405
2015-07-02,0.4302209793936515,0.7065743944636678,0.9074074074074074,0.24772234273318872,0.16531049250535335,0.012426422498364897,0.5418848167539267
2015-07-03,0.42520325065001296,0.6493775933609959,0.9121184088806661,0.24804856895056374,0.163527397260274,0.012418300653594727,0.5657292347939831
2015-07-04,0.4239447385751404,0.6281962681409814,0.911275415896488,0.2553099263112267,0.1613179289687634,0.019595035924232507,0.5679738562091503
2015-07-05,0.4221521386125806,0.6408839779005524,0.9030470914127424,0.2668977469670711,0.16167664670658688,0.01631853785900783,0.5440888308295232
2015-07-06,0.4110969976903556,0.6549344375431332,0.8782287822878229,0.28064097011693373,0.1560495938435229,0.012393998695368613,0.4843342036553525
2015-07-07,0.39828313058017506,0.5641379310344827,0.880184331797235,0.2688311688311688,0.1547008547008547,0.012385919165580184,0.5094585779517287
2015-07-08,0.4254461716129563,0.6919365954514128,0.8904235727440147,0.264820424058849,0.15335326783425884,0.01237785016286641,0.5397653194263363
2015-07-09,0.40480462665093303,0.5991735537190083,0.8776448942042319,0.2586505190311419,0.1520068317677199,0.02473958333333337,0.5166123778501628
2015-07-10,0.4171288787280747,0.6847900894700619,0.8805147058823529,0.23648940769563337,0.1515151515151515,0.02342225113858165,0.5260416666666667
2015-07-11,0.3826403322094585,0.5962861072902339,0.859504132231405,0.226447709593777,0.1510238907849829,0.014304291287386195,0.4482758620689655
2015-07-12,0.37815094741408134,0.5972508591065292,0.8522935779816514,0.2470842332613391,0.15095948827292116,0.013645224171540016,0.40767230169050717
2015-07-13,0.36532502346224405,0.6092032967032968,0.843263061411549,0.2616580310880829,0.1445012787723785,0.013636363636363669,0.31968810916179335
2015-07-14,0.381671685035067,0.5964310226492793,0.8543956043956044,0.2589555459646094,0.13804857264593096,0.0129785853341986,0.42922077922077917
2015-07-15,0.38905944451330066,0.6117969821673526,0.8581884720951509,0.25668679896462465,0.13202725724020448,0.012321660181582317,0.463335496430889
2015-07-16,0.38669843022081013,0.5921864290610006,0.8610603290676417,0.2522639068564036,0.1315453384418902,0.006480881399870353,0.47665369649805445
2015-07-17,0.41385725276989943,0.6561643835616439,0.8657534246575342,0.2853448275862069,0.13148936170212766,0.0038860103626943143,0.5405055087491899
2015-07-18,0.40422631946345877,0.6091718001368925,0.864963503649635,0.27488151658767773,0.13100808166737554,0.005825242718446644,0.5395077720207253
2015-07-19,0.40482922622713335,0.6073871409028728,0.8678213309024613,0.2614125753660637,0.12925170068027214,0.0064683053040103244,0.5566343042071198
2015-07-20,0.4048541421197056,0.6008202323991798,0.872495446265938,0.26302195436935,0.1300467488312792,0.003232062055591456,0.5595084087968952
2015-07-21,0.4003879983615573,0.5860655737704918,0.8644222020018199,0.28313253012048195,0.127017841971113,0.005813953488372103,0.5358758888170653
2015-07-22,0.42214461476693926,0.6805460750853243,0.87,0.2903225806451613,0.12611464968152863,0.010974822466107148,0.5549095607235142
2015-07-23,0.40358122132342955,0.5893587994542975,0.8664850136239782,0.2725709372312984,0.1269100169779287,0.014193548387096744,0.551969012265978
2015-07-24,0.41256671163241276,0.6305385139740968,0.8711433756805808,0.2780403953588311,0.1260076368264743,0.010960670535138606,0.5587096774193548
2015-07-25,0.37880110234397285,0.5367847411444142,0.8522212148685404,0.2779209621993127,0.12425784563189146,0.0045103092783504994,0.4771115409413281
2015-07-26,0.38443384714680295,0.5711368277739959,0.8523550724637681,0.27608415629025335,0.12378126324713867,0.0025756600128783447,0.48067010309278346
2015-07-27,0.37973992853930905,0.5918367346938775,0.8479638009049774,0.26566523605150216,0.1228813559322034,0.006435006435006385,0.4436574372182872
2015-07-28,0.37738308136443277,0.5744391570360299,0.8462929475587704,0.2805662805662806,0.12155866158407458,0.0,0.4414414414414415
2015-07-29,0.3844119540527539,0.6080163043478262,0.8446251129177959,0.28730703259005147,0.1215071972904318,0.0,0.445016077170418
2015-07-30,0.38733173181493136,0.570264765784114,0.8546931407942238,0.29232747535362197,0.1189166314007617,0.0012845215157354373,0.4865038560411311
2015-07-31,0.3988830743831864,0.6234735413839891,0.8584310189359784,0.2913453299057412,0.11844331641285955,0.0006418485237483784,0.5009633911368016
2015-08-01,0.39998934039921935,0.5796610169491525,0.8603603603603603,0.29507494646680943,0.11670190274841441,0.0012828736369467908,0.5468549422336328
2015-08-02,0.4018630363422546,0.5697831978319783,0.8631863186318631,0.2949486301369863,0.11622992392223164,0.0,0.5670301475304682
2015-08-03,0.4014874715257415,0.5802301963439405,0.8615107913669064,0.28712023962344885,0.1166032953105196,0.0019218449711723151,0.5615384615384615
2015-08-04,0.3988428923663272,0.5602165087956699,0.8625336927223719,0.286142001710864,0.11402027027027029,0.003841229193341844,0.5663036515054451
2015-08-05,0.4044535368888327,0.6179851250845165,0.8581687612208259,0.2830269345874305,0.1131279020683833,0.007677543186180413,0.5467349551856594
2015-08-06,0.40972240255550324,0.6297297297297297,0.863677130044843,0.25769230769230766,0.11223628691983123,0.01662404092071612,0.5783749200255919
2015-08-07,0.41295858376251005,0.6002700877785281,0.8781362007168458,0.27039726612558734,0.11387600168705192,0.027476038338658193,0.5875959079283888
2015-08-08,0.41389558202593807,0.6187584345479082,0.873769024171889,0.2583262169086251,0.11720067453625638,0.025542784163473775,0.5897763578274761
2015-08-09,0.4391316004435788,0.576534052596089,0.9168157423971377,0.284677763551003,0.12178676780446696,0.02871729419272495,0.7062579821200511
2015-08-10,0.44318893579436747,0.621967654986523,0.9106344950848972,0.2888225255972696,0.12426284751474304,0.029974489795918324,0.6834716017868538
2015-08-11,0.43620419694355395,0.5494949494949495,0.9125,0.2929637526652452,0.12631578947368416,0.029318036966220484,0.7066326530612245
2015-08-12,0.4302221504945917,0.5518169582772543,0.8983050847457628,0.3030690537084399,0.12962962962962965,0.03439490445859872,0.6641172721478649
2015-08-13,0.4552897881280806,0.6698049764626766,0.9046345811051694,0.29654878568385173,0.13083718973496006,0.036282622533418185,0.6936305732484076
2015-08-14,0.4560661057142705,0.6008064516129032,0.9136242208370436,0.29770017035775126,0.13372582001682087,0.06170483460559795,0.728835136855506
2015-08-15,0.4518406043786289,0.6124916051040967,0.9101423487544484,0.29118773946360155,0.1332492643968054,0.034965034965035,0.7290076335877862
2015-08-16,0.46417222145242515,0.6369127516778523,0.9191111111111111,0.28425531914893615,0.1348739495798319,0.05844980940279543,0.7514303877940242
2015-08-17,0.4680511426385798,0.6371562709590879,0.9316163410301954,0.28541046363249684,0.13649727005459888,0.05587301587301585,0.7617534942820838
2015-08-18,0.4667473016285924,0.6058981233243967,0.935226264418811,0.2895408163265306,0.13937867338371113,0.05710659898477155,0.7733333333333333
2015-08-19,0.5085689063483085,0.7126590756865372,0.999113475177305,0.2796430089247769,0.13806126731011326,0.027901077996195345,0.8940355329949239
2015-08-20,0.4916021237108561,0.6352074966532798,0.9982285208148804,0.26720475785896347,0.14093959731543626,0.03295310519645123,0.8750792644261256
2015-08-21,0.4903645892474797,0.6361204013377926,0.9973451327433628,0.2794055201698514,0.14213836477987418,0.032932235592146974,0.8542458808618505
2015-08-22,0.4867320783516082,0.5922459893048129,0.9973474801061007,0.28522920203735147,0.1437552388935457,0.034810126582278444,0.8670044331855604
2015-08-23,0.49501313130759356,0.6185704742818972,0.9973498233215548,0.2986847687738651,0.14537075827398405,0.03731815306767872,0.8727848101265823
2015-08-24,0.5064452647786323,0.7089452603471296,0.9973521624007061,0.2714164546225615,0.1444723618090452,0.036662452591656125,0.8798228969006958
2015-08-25,0.5088022975912497,0.666444296197465,0.9991181657848325,0.27172530733361594,0.14273754709083297,0.04864181933038536,0.9241466498103666
2015-08-26,0.5148684439807921,0.7146666666666667,0.9973568281938326,0.27076271186440676,0.1418410041841004,0.06439393939393945,0.9001895135818067
2015-08-27,0.4957221752888239,0.6115922718187874,0.9964788732394366,0.2672596357475646,0.14512756168966956,0.06246056782334386,0.8914141414141414
2015-08-28,0.5115519809967718,0.696404793608522,0.9964819700967458,0.26926333615580017,0.14632107023411367,0.06746532156368223,0.8933753943217666
2015-08-29,0.49745554840139544,0.6147704590818364,0.992091388400703,0.2632247143461701,0.15252820727120764,0.08002520478890984,0.882093316519546
2015-08-30,0.5012068071391111,0.5984042553191489,0.9929762949956101,0.2859560067681895,0.15831244778613196,0.08375314861460958,0.8878386893509767
2015-08-31,0.5061657209201988,0.6338870431893688,0.993859649122807,0.27103594080338267,0.1653444676409186,0.08684707363121458,0.8860201511335013
2015-09-01,0.5017256127074069,0.602921646746348,0.9912357581069238,0.2709213863060017,0.16736227045075125,0.09685534591194966,0.8810572687224669
2015-09-02,0.5113020575630176,0.621765096217651,0.9947460595446584,0.2788339670468948,0.16562369628702545,0.11879321181646763,0.8880503144654088
2015-09-03,0.5116583222599611,0.5921750663129973,0.9921259842519685,0.27322635135135137,0.15596330275229353,0.1733668341708543,0.8830923947203017
2015-09-04,0.5162193496107507,0.6461232604373757,0.9947552447552448,0.28493035035880115,0.1596498541058774,0.1230382925298179,0.8888190954773869
2015-09-05,0.511718208990292,0.5980132450331126,0.9877729257641922,0.3172995780590717,0.16541666666666666,0.12170639899623592,0.8801004394224733
2015-09-06,0.5106221777013077,0.6221045665122436,0.9842931937172775,0.3171657528469,0.1690962099125365,0.10909090909090913,0.8619824341279799
2015-09-07,0.5074611811061024,0.621031746031746,0.978204010462075,0.32672849915682967,0.17027477102414657,0.09774436090225569,0.8507836990595612
2015-09-08,0.501284228219399,0.5869134170522141,0.9782229965156795,0.31774125579435314,0.1668747399084478,0.10707576706324362,0.8508771929824561
2015-09-09,0.510238243948948,0.6400264200792602,0.9712793733681462,0.3192923336141533,0.16472545757071544,0.12891113892365458,0.8371947401377583
2015-09-10,0.5080038815588709,0.5986798679867986,0.9826086956521739,0.3082105263157895,0.1642411642411642,0.13570981863664788,0.8585732165206508
2015-09-11,0.49394846045694124,0.5356200527704486,0.9826238053866203,0.30303030303030304,0.16500415627597675,0.11750000000000005,0.8599124452782989
2015-09-12,0.49809336890350053,0.5662491760052736,0.9774305555555556,0.3256205300799327,0.15995014540922314,0.10430980637101817,0.855
2015-09-13,0.515211765288549,0.6567852437417655,0.98438855160451,0.3229604709840202,0.15780730897009965,0.10424469413233461,0.8650843222985634
2015-09-14,0.5128264506737971,0.6050032916392363,0.9922010398613518,0.3316519546027743,0.15815691158156908,0.10729881472239555,0.8826466916354557
2015-09-15,0.5178921889543838,0.5980263157894736,0.9896103896103896,0.33613445378151263,0.15435684647302905,0.15211970074812964,0.877105427323768
2015-09-16,0.5110978220459164,0.5746219592373438,0.9922145328719724,0.3536329273414532,0.1518042306097055,0.12149532710280375,0.8728179551122195
2015-09-17,0.5256746623432247,0.640604467805519,0.9939498703543648,0.35558354324097396,0.1509121061359867,0.1382316313823163,0.874766355140187
2015-09-18,0.5204922873757764,0.6224556795797768,0.9835924006908463,0.3671842215694503,0.15043514297554916,0.14623522090852525,0.8530510585305106
2015-09-19,0.520079690661619,0.6056430446194225,0.9836065573770492,0.3691275167785235,0.147887323943662,0.15858208955223885,0.8556316116988176
2015-09-20,0.5346471777517854,0.699016393442623,0.9853448275862069,0.34926624737945494,0.14824016563147002,0.1671845866998135,0.8588308457711442
2015-09-21,0.5300018059325624,0.6861074705111403,0.9888027562446167,0.3336127409891031,0.14610927152317876,0.16583850931677013,0.8595400870105656
2015-09-22,0.5328237270039261,0.6784544859201047,0.9965576592082617,0.3217427733556766,0.14191146048820857,0.17566728739913096,0.8826086956521739
2015-09-23,0.5171110629479342,0.5713350785340314,0.9914015477214101,0.3417085427135678,0.14061207609594706,0.19168734491315131,0.8659217877094972
2015-09-24,0.5174108447337258,0.5676913015042511,0.9922680412371134,0.34616994558392633,0.14138073584125677,0.18846869187848725,0.8684863523573201
2015-09-25,0.5247754671857371,0.6261437908496732,0.976824034334764,0.3606694560669456,0.14297520661157026,0.18897149938042135,0.8530688158710478
2015-09-26,0.5103711412470487,0.5369039843239712,0.9751286449399656,0.3605186114596403,0.1420900454357703,0.1969040247678019,0.8506815365551426
2015-09-27,0.5215648231744718,0.5907310704960835,0.976006855184233,0.36872909698996653,0.1420313790255987,0.19678217821782173,0.855108359133127
2015-09-28,0.521133141250455,0.5844748858447488,0.9811643835616438,0.36773923944839115,0.14403631861328936,0.19542362399505253,0.8539603960396039
2015-09-29,0.5070954012676621,0.5912646675358539,0.9692044482463644,0.3458646616541353,0.1394389438943895,0.17490729295426455,0.8218923933209648
2015-09-30,0.49878466022556606,0.5100977198697069,0.9717948717948718,0.3665970772442589,0.13814432989690717,0.17232859789993826,0.8337453646477132
2015-10-01,0.5136006861998338,0.5794270833333333,0.9726729291204099,0.36435726210350583,0.13808738664468256,0.19074074074074077,0.8363187152563311
2015-10-02,0.5131245087757891,0.5725439167208848,0.9701365187713311,0.3646224447225699,0.13761845900288427,0.20234423195558293,0.8314814814814815
2015-10-03,0.52261306563363,0.6202860858257477,0.9701619778346121,0.35821517931609675,0.14950576606260302,0.1972872996300863,0.8402220851326342
2015-10-04,0.5109560616901128,0.5802469135802469,0.9667802385008518,0.3584827011254689,0.15232606010703997,0.1854590264941467,0.8224414303329224
2015-10-05,0.5036529339280204,0.5538961038961039,0.9668085106382979,0.3416666666666667,0.15596707818930045,0.19088669950738912,0.8126925446703636
2015-10-06,0.5003357134413725,0.5502920181700195,0.9634353741496599,0.34152436484798,0.15919374742904158,0.1883076923076923,0.7992610837438423
2015-10-07,0.4994659928055168,0.5771725032425421,0.9498725573491928,0.33680266444629475,0.15707236842105265,0.20172201722017225,0.7741538461538462
2015-10-08,0.5110414451512212,0.626701231367466,0.9575551782682513,0.3316687473990845,0.15782983970406905,0.20528580208973568,0.7872078720787208
2015-10-09,0.5062184844455836,0.5906735751295337,0.9584393553859203,0.3348585690515807,0.15899753492193924,0.20577395577395574,0.7885679164105717
2015-10-10,0.5134370526117148,0.6517799352750808,0.9533898305084746,0.3313929313929314,0.15770020533880902,0.2068753836709638,0.7794840294840295
2015-10-11,0.48825807111071046,0.517464424320828,0.9491955969517358,0.3250207813798836,0.15886699507389157,0.2079754601226994,0.7710251688152241
2015-10-12,0.4915555327427881,0.5539754363283775,0.9424703891708968,0.3099293726630661,0.16823963890028726,0.2090741876149601,0.7656441717791411
2015-10-13,0.49795963653497965,0.5729974160206719,0.9492814877430262,0.31561461794019935,0.17145200984413456,0.2095588235294118,0.768853464132434
2015-10-14,0.49438966448430616,0.5810200129115559,0.9383445945945946,0.307181403071814,0.1693316933169332,0.2088181261481935,0.7616421568627451
2015-10-15,0.4813175697107012,0.5245161290322581,0.929957805907173,0.2995850622406639,0.17500000000000004,0.20379436964504283,0.7550520514390692
2015-10-16,0.4730209745628943,0.4887169568020632,0.9266441821247892,0.29365408544172544,0.17574764440802948,0.2048929663608563,0.7484700122399021
2015-10-17,0.47145174210630314,0.5315721649484536,0.9005897219882055,0.29643449419568824,0.1748566748566749,0.20415647921760394,0.7211009174311926
2015-10-18,0.45723852048333563,0.5408886027044431,0.867003367003367,0.28843762950683793,0.1706917724109701,0.19364691508857668,0.6827628361858191
2015-10-19,0.4680248381505921,0.5250965250965252,0.8973927670311186,0.28334714167357083,0.17635024549918166,0.1996336996336996,0.7263286499694563
2015-10-20,0.46472034903390735,0.47524115755627006,0.8949579831932774,0.3101449275362319,0.17586912065439675,0.20561317876754115,0.7264957264957265
2015-10-21,0.47169622113452014,0.5726221079691517,0.8681780016792611,0.31829470198675497,0.1651676206050695,0.20548780487804874,0.7004270896888347
2015-10-22,0.47112807755067787,0.5183044315992293,0.8791946308724832,0.3289201489449731,0.1675521046178995,0.21267519804996948,0.7201219512195122
2015-10-23,0.45534622021057514,0.49871630295250324,0.8591785414920369,0.3134822167080232,0.16503267973856206,0.2095006090133983,0.6861669713589275
2015-10-24,0.44729932148093,0.49069916613213593,0.8492462311557789,0.3050847457627119,0.1637403021641486,0.20815581253804016,0.6668696711327649
2015-10-25,0.43858920014002506,0.49423076923076925,0.8384937238493724,0.3,0.16326530612244894,0.19890510948905105,0.6366402921485088
2015-10-26,0.4271716676327539,0.46828955797565663,0.8294314381270903,0.29037587773647255,0.16360669114647086,0.1793313069908815,0.6319951338199513
2015-10-27,0.41611532603421564,0.4436619718309859,0.8279030910609858,0.2894302229562345,0.1643556280587276,0.14398541919805585,0.6273556231003039
2015-10-28,0.40292091092796833,0.472168905950096,0.8030050083472454,0.2843582335947173,0.15939665715450468,0.10989678202792952,0.5886998784933171
2015-10-29,0.40125264427302404,0.4827365728900256,0.79232693911593,0.28795379537953797,0.15362673186634068,0.13410194174757284,0.5567698846387371
2015-10-30,0.3709580464157512,0.4383386581469648,0.775,0.2515463917525773,0.1474541751527495,0.10187992722862338,0.5115291262135923
2015-10-31,0.3526337581105518,0.38888888888888884,0.7693588676103247,0.26504534212695796,0.14739413680781754,0.10484848484848486,0.44026682838083686
2015-11-01,0.39623656461934464,0.4492661135928526,0.7770382695507487,0.2624639472599918,0.14814814814814814,0.17019987886129617,0.5703030303030303
2015-11-02,0.3772547193724505,0.42091836734693877,0.7680798004987531,0.27965403624382207,0.14930838079739628,0.1676755447941889,0.4778921865536039
2015-11-03,0.3284418100971443,0.3913320586360739,0.75,0.27706875257307534,0.14070760471736476,0.13188142770719902,0.2796610169491526
2015-11-04,0.3017685246818045,0.35414012738853506,0.7452282157676349,0.2740740740740741,0.13414634146341464,0.10399032648125761,0.19903206291591047
2015-11-05,0.29823918563967317,0.34945894334818584,0.7437810945273632,0.2649115590292061,0.13084112149532712,0.06827794561933531,0.2321644498186215
2015-11-06,0.3348892809158774,0.3893129770992366,0.748135874067937,0.2652138157894737,0.12997562956945574,0.0658212560386473,0.4108761329305136
2015-11-07,0.3585780652669954,0.4024157660521297,0.7491721854304636,0.28647759967118785,0.12708079577750708,0.05069402534701273,0.5356280193236715
2015-11-08,0.3358778004046743,0.37293519695044475,0.7468982630272953,0.28923582580115037,0.12824675324675328,0.03558504221954162,0.44236572118286055
2015-11-09,0.3648696487333066,0.41460317460317464,0.7495867768595041,0.3059548254620123,0.13103448275862073,0.0319469559975889,0.5560916767189386
2015-11-10,0.35613698591291093,0.38642131979695427,0.7473162675474814,0.3021346469622332,0.12652068126520677,0.02228915662650599,0.5521398432790838
2015-11-11,0.4068317533580523,0.430564362714014,0.7656765676567656,0.30488305293393514,0.12363194162950952,0.05057194461167969,0.7656626506024097
2015-11-12,0.43154072706406005,0.41318124207858054,0.7938994229183842,0.31501230516817064,0.12439222042139386,0.07701564380264736,0.8657435279951836
2015-11-13,0.41087601369667065,0.3996200126662445,0.7668863261943987,0.33087330873308735,0.1255569056298096,0.06494287432351176,0.7773766546329723
2015-11-14,0.41057067144018083,0.40316455696202536,0.7679012345679013,0.3344262295081967,0.12753036437246967,0.04206730769230771,0.788334335538184
2015-11-15,0.42191749923461713,0.4446552814674257,0.7713815789473684,0.3236378533387956,0.1270740590853905,0.04564564564564566,0.8191105769230769
2015-11-16,0.4272287190789819,0.42161820480404555,0.7773212818405917,0.33005733005733007,0.133495145631068,0.03421368547418968,0.8666666666666667
2015-11-17,0.42213042502363135,0.3796588755527479,0.7733990147783252,0.3479328694228408,0.13627173473513954,0.06358728254349133,0.8319327731092436
2015-11-18,0.43223239901500254,0.42866161616161613,0.7662018047579984,0.35597381342062195,0.13379143088116408,0.08752997601918466,0.8212357528494301
2015-11-19,0.42828689000880216,0.4189274447949527,0.7672131147540984,0.3374233128834356,0.1337373737373737,0.08328340323547034,0.829136690647482
2015-11-20,0.4451960748262877,0.47162673392181587,0.7755937755937756,0.3426001635322976,0.1377221324717286,0.07544910179640718,0.8681845416417016
2015-11-21,0.4390661414404889,0.4039067422810334,0.7757774140752864,0.3498161013485901,0.13847396043601135,0.07420706163973667,0.8922155688622755
2015-11-22,0.43766301568047217,0.38224181360201515,0.7751430907604252,0.37745098039215685,0.14205004035512514,0.06698564593301437,0.8821065230400957
2015-11-23,0.4428136163308028,0.3914411579609818,0.7753267973856209,0.4001633319722336,0.14441306978620416,0.06156604901374774,0.8839712918660287
2015-11-24,0.44702435298769894,0.40943396226415096,0.7755102040816326,0.4114285714285714,0.14677419354838706,0.05436081242532853,0.8846383741781232
2015-11-25,0.4529059684482259,0.43117536140791957,0.7822185970636215,0.4218686250509996,0.1467150342603789,0.04298507462686563,0.8924731182795699
2015-11-26,0.44433570015638674,0.4371859296482412,0.7718011409942951,0.4196574225122349,0.145447219983884,0.029832935560859197,0.862089552238806
2015-11-27,0.4092634638781265,0.34651600753295664,0.745928338762215,0.4386465552384835,0.15062424486508252,0.0011926058437686793,0.772673031026253
2015-11-28,0.4628584870295611,0.4454203262233375,0.7445077298616762,0.441320293398533,0.15378421900161032,0.21752085816448152,0.774597495527728
2015-11-29,0.4583449728593422,0.39435736677115985,0.7471544715447154,0.4509164969450102,0.15895372233400407,0.20190589636688505,0.7967818831942789
2015-11-30,0.4466045288001627,0.3928571428571429,0.7416734362307067,0.44543973941368076,0.1617055510860821,0.1797619047619048,0.7581893984514592
2015-12-01,0.43171686477695287,0.35316217908578584,0.7386363636363636,0.45461945461945463,0.16003216726980296,0.13027959547888157,0.7535714285714286
2015-12-02,0.4255413161786598,0.3554443053817271,0.7429034874290349,0.46053702196908053,0.15916398713826363,0.03032104637336508,0.8048780487804879
2015-12-03,0.4370648092976112,0.375234521575985,0.7455429497568882,0.4631964213094754,0.16151064684612293,0.04693998811645872,0.8299643281807372
2015-12-04,0.4509698255002368,0.42374999999999996,0.7441295546558704,0.4634146341463415,0.16666666666666663,0.07482185273159148,0.8330362448009507
2015-12-05,0.447862451138975,0.39287945034353533,0.7419093851132685,0.4648516863063795,0.1778402248093135,0.07537091988130562,0.8343230403800475
2015-12-06,0.4219271148519787,0.3114856429463171,0.7324171382376718,0.4687246141348497,0.1821829855537721,0.0723606168446026,0.7643916913946588
2015-12-07,0.42908368065944175,0.34560199625701804,0.7310177705977383,0.4709703613479497,0.18531889290012038,0.07409602845287488,0.767497034400949
2015-12-08,0.43181549771877953,0.3734413965087282,0.7304277643260695,0.4732142857142857,0.17923015236567763,0.06457345971563977,0.7700059276822763
2015-12-09,0.41628585040978505,0.28348909657320875,0.7274193548387097,0.47991886409736306,0.1775551102204409,0.08644168146832443,0.7428909952606635
2015-12-10,0.41893353660591276,0.298879202988792,0.7236099919419823,0.4862124898621249,0.17427884615384615,0.08165680473372783,0.748963883955003
2015-12-11,0.4017750103614906,0.17299315494710643,0.7262479871175523,0.503040129712201,0.1794152983580296,0.06859846244825551,0.7603550295857988
2015-12-12,0.3969309511954231,0.2854477611940298,0.7095736122284795,0.5012155591572123,0.16333066453162526,0.06737588652482274,0.654642223536369
2015-12-13,0.41123499450864237,0.2989434431323804,0.7138263665594855,0.49898744430943703,0.15486194477791115,0.06202008269344361,0.7387706855791962
2015-12-14,0.42188739301457917,0.3552795031055901,0.714859437751004,0.49554655870445347,0.14759999999999995,0.06021251475796929,0.7578263437684584
2015-12-15,0.3921250986592351,0.1955307262569832,0.7118780096308186,0.5135572642654795,0.1431427429028389,0.04070796460176995,0.7479338842975207
2015-12-16,0.39058175076991514,0.20099255583126552,0.7072975140336808,0.5173948220064725,0.1390887290167866,0.07488207547169812,0.703834808259587
2015-12-17,0.4137423498487871,0.282703037817731,0.7083333333333333,0.5099069955519612,0.13663603675589298,0.0925162050677667,0.7523584905660378
2015-12-18,0.42121584301385856,0.3048327137546468,0.7077662129703763,0.5145513338722716,0.13338658146964855,0.11130742049469966,0.7554507955215085
2015-12-19,0.41014529699840424,0.24829721362229107,0.7063999999999999,0.5204040404040404,0.12894211576846304,0.10535609181871686,0.751472320376914
2015-12-20,0.424448628759947,0.2964108910891089,0.706634692246203,0.528675282714055,0.12569832402234637,0.12588235294117645,0.7633902295467923
2015-12-21,0.432838909382647,0.29499072356215217,0.7140575079872205,0.531287848203472,0.12205823693657758,0.11346266901822455,0.8211764705882353
2015-12-22,0.4476321905125386,0.34239802224969096,0.7182761372705506,0.5302663438256658,0.11961722488038273,0.12455934195064633,0.8506760728982952
2015-12-23,0.4645845455268949,0.34218653489808526,0.7192982456140351,0.5296490520371118,0.11717815862893588,0.2096300645918967,0.8695652173913043
2015-12-24,0.45435366854265485,0.31851851851851853,0.7131474103585658,0.5326612903225807,0.11434262948207174,0.18896713615023475,0.8584850264239577
2015-12-25,0.4561180013060649,0.35965453423812466,0.7078025477707006,0.5312374042724708,0.1123058542413381,0.19413489736070377,0.8315727699530516
2015-12-26,0.44904136629631614,0.29038224414303326,0.7080350039777248,0.5398871877518131,0.11265923566878977,0.19988276670574445,0.8434017595307918
2015-12-27,0.46364357044645393,0.3074553296364757,0.7321144674085851,0.5348368908578333,0.11142061281337046,0.16578793204452258,0.9302461899179367
2015-12-28,0.4517722920902731,0.20012315270935965,0.7307386814932486,0.5499194847020934,0.11455847255369933,0.19320843091334894,0.9220855301698887
2015-12-29,0.48597145727336394,0.3593846153846154,0.730952380952381,0.5509054325955735,0.11371769383697816,0.2363955529549444,0.9244730679156908
2015-12-30,0.4783834796235343,0.32779827798277983,0.7224425059476606,0.5579243765084473,0.11248012718600953,0.23859649122807014,0.9110590988882388
2015-12-31,0.4789553006432747,0.31837738168408114,0.7282091917591125,0.5581021310816244,0.11362733412793002,0.23904149620105197,0.916374269005848
2016-01-01,0.4829964094850118,0.3783783783783784,0.723673792557403,0.5546623794212219,0.11397934868943604,0.21612149532710279,0.9111630625365283
2016-01-02,0.48365872874303123,0.39594843462246776,0.7199367088607596,0.5540377661711531,0.1159190154823343,0.21891418563922938,0.897196261682243
2016-01-03,0.4796972028239465,0.3656441717791411,0.7201581027667985,0.5614457831325301,0.11547619047619051,0.21878646441073513,0.8966725043782837
2016-01-04,0.4816188370627798,0.3727774371551196,0.7251184834123223,0.5652348454435969,0.11701705672352236,0.20524781341107867,0.9043173862310385
2016-01-05,0.46181002342592575,0.26041666666666663,0.7221783741120757,0.5674157303370787,0.11776367961934975,0.20804195804195802,0.8950437317784257
2016-01-06,0.47994060014418866,0.3368034292712798,0.723186119873817,0.5703971119133574,0.11652794292508917,0.23704135119394287,0.8956876456876457
2016-01-07,0.49042403511534266,0.38616891064871484,0.7257683215130024,0.5709703287890938,0.11767036450079238,0.24388824214202565,0.8980780430984275
2016-01-08,0.4637042424132604,0.3406727828746178,0.7039370078740157,0.558316633266533,0.11366336633663365,0.23792902850494468,0.8277066356228172
2016-01-09,0.45410686067261086,0.26528117359413206,0.7057435090479938,0.5572916666666666,0.11559778305621538,0.23023255813953492,0.8504944735311227
2016-01-10,0.4631417142106364,0.339034819792303,0.7091194968553459,0.5370444533440129,0.11238622872971904,0.22370714700755379,0.8575581395348837
2016-01-11,0.4546340710377527,0.26739926739926745,0.7109190887666929,0.5408326661329064,0.12104430379746833,0.2247386759581882,0.862870424171993
2016-01-12,0.4567654680224078,0.2849298352654057,0.7119309262166404,0.5450180072028812,0.12218268090154216,0.2130005803830528,0.8635307781649245
2016-01-13,0.46416930706768783,0.29695121951219516,0.716078431372549,0.554,0.12292490118577071,0.20939675174013916,0.885664538595473
2016-01-14,0.47919170265039446,0.3723339427178549,0.731974921630094,0.5409836065573771,0.1220861319636507,0.20173913043478264,0.9060324825986079
2016-01-15,0.48947440049055624,0.4214372716199757,0.7337509788566954,0.533972821742606,0.12085308056872035,0.2143684820393974,0.912463768115942
2016-01-16,0.5127906783051107,0.5106512477175897,0.7597809076682316,0.5305633240111866,0.11883142518752465,0.16097278517660685,0.9959443800695249
2016-01-17,0.4972394171242747,0.43552311435523117,0.7482408131352619,0.5327476038338658,0.1187845303867403,0.16145833333333337,0.986682107701216
2016-01-18,0.49458271949848825,0.42006079027355625,0.75,0.5281437125748503,0.11834319526627224,0.16078658183921346,0.9901620370370371
2016-01-19,0.48443944324689175,0.35844471445929527,0.7478532396565183,0.5231444533120511,0.11593059936908512,0.17514450867052023,0.9861191440138809
2016-01-20,0.5005444774787439,0.47115968427443833,0.7566302652106084,0.5133625847626645,0.11076074103271583,0.15829000577700747,0.9930635838150289
2016-01-21,0.4629458777233253,0.3786407766990292,0.7334372564302416,0.5143540669856459,0.10914105594956658,0.1212471131639723,0.9208549971114962
2016-01-22,0.47240415547071873,0.42995755003032143,0.7390965732087227,0.510960542048625,0.10712879086254434,0.10848240046162727,0.9387990762124712
2016-01-23,0.47165280320628505,0.35818181818181816,0.7540856031128405,0.5119521912350598,0.1070866141732284,0.10784313725490191,0.9907674552798615
2016-01-24,0.4674490220693907,0.3434282253179891,0.7472783825816485,0.5197132616487455,0.10783156237701697,0.10835734870317004,0.9780853517877739
2016-01-25,0.4582667375551437,0.34685230024213076,0.7397047397047397,0.51671974522293,0.10660896931549957,0.09504608294930872,0.9446685878962536
2016-01-26,0.46687759875414775,0.38535995160314584,0.7453416149068324,0.5153203342618384,0.10460086511993705,0.08405296488198044,0.966589861751152
2016-01-27,0.46107757222281825,0.39359129383313185,0.7463149728471683,0.4968178202068417,0.09984276729559749,0.06616800920598387,0.9637305699481865
2016-01-28,0.45868015443749083,0.4060422960725075,0.7434108527131783,0.4982107355864811,0.09351669941060903,0.05520414031052334,0.9556962025316456
2016-01-29,0.47557874012854384,0.446256038647343,0.7598760650658405,0.49364069952305245,0.08876669285153183,0.08160919540229883,0.9833237492811961
2016-01-30,0.4611829325622107,0.38261919130959565,0.760061919504644,0.49463647199046484,0.08441303494307029,0.06145893164847793,0.9839080459770115
2016-01-31,0.45626461073901486,0.33956574185765986,0.7610208816705336,0.5023828435266084,0.08124018838304548,0.06888633754305395,0.9844916714531878
2016-02-01,0.4682373208283099,0.3707052441229657,0.7727975270479135,0.5109170305676856,0.080423695566889,0.08089500860585197,0.9936854190585533
2016-02-02,0.46896770530507587,0.41807228915662653,0.766023166023166,0.5095238095238095,0.07490196078431377,0.06823394495412849,0.9770510613884108
2016-02-03,0.4562421435944349,0.36363636363636365,0.7631172839506173,0.5109083696945657,0.07173657389259114,0.07335243553008597,0.9547018348623854
2016-02-04,0.45909506850838905,0.37785800240673884,0.7725520431765613,0.5011895321173672,0.0709247648902821,0.07961053837342502,0.9524355300859599
2016-02-05,0.44431390336518306,0.38063740228502707,0.7442218798151001,0.4990091161315894,0.07011359185272226,0.06010303377218085,0.9117983963344788
2016-02-06,0.442108886581561,0.3317307692307693,0.7536566589684373,0.5071315372424723,0.07047768206734539,0.06979405034324948,0.9198626216370922
2016-02-07,0.45149067064528126,0.31831831831831836,0.7615384615384615,0.518019801980198,0.07279843444227008,0.1057747284162378,0.9324942791762014
2016-02-08,0.4597234312544369,0.3805522208883554,0.7609531129900077,0.5186064924782264,0.0719874804381847,0.10399999999999998,0.9222412807318467
2016-02-09,0.4751591835246558,0.45830833833233353,0.7695852534562212,0.5314602295211713,0.06765741102854905,0.0982295830953741,0.9257142857142857
2016-02-10,0.4599409261672722,0.3836930455635491,0.7666922486569455,0.5316455696202531,0.0656763096168882,0.09589041095890416,0.9160479725870931
2016-02-11,0.45709826351281463,0.4134212103055722,0.7576687116564418,0.5306445235270858,0.06486908948808123,0.07244723331431835,0.9035388127853882
2016-02-12,0.44185599772087186,0.33532934131736525,0.7578544061302682,0.5347826086956522,0.06484374999999998,0.05473204104903073,0.903593839132915
2016-02-13,0.4498932594555413,0.39018551765409937,0.7549770290964778,0.5460292374555512,0.06520890277235458,0.05014245014245011,0.8928164196123147
2016-02-14,0.4522272258265607,0.4276315789473685,0.7444529456771232,0.5552922590837283,0.06635441061670566,0.04555808656036442,0.8740740740740741
2016-02-15,0.43569383051857424,0.3759713090257023,0.7308868501529052,0.5688906435057245,0.0682793601248537,0.043255549231644874,0.826879271070615
2016-02-16,0.44642755767094244,0.42891278375149344,0.7356760886172651,0.5698500394632992,0.06708268330733225,0.03412969283276446,0.8429140580535003
2016-02-17,0.44744994284245715,0.4591044776119403,0.7297709923664122,0.567258382642998,0.06510721247563356,0.03979533826037518,0.8236632536973834
2016-02-18,0.43141362411431633,0.402744630071599,0.7246376811594203,0.5607255520504731,0.06469212782540923,0.03579545454545452,0.7998862990335418
2016-02-19,0.42334350134896653,0.3506261180679785,0.7225609756097561,0.576271186440678,0.0650564861706272,0.03861442362294154,0.7869318181818181
2016-02-20,0.4381904064082593,0.430870083432658,0.7242955064737243,0.5776201733648542,0.0650311526479751,0.03575482406356412,0.7955706984667803
2016-02-21,0.4230765977739952,0.39368671828469326,0.7161339421613394,0.5899960614415124,0.06850914752822113,0.024390243902439046,0.7457434733257662
2016-02-22,0.43387749054986235,0.46190476190476193,0.7163498098859316,0.5791338582677166,0.06653696498054473,0.0243764172335601,0.7549631310266591
2016-02-23,0.43245563655213454,0.46817370612730513,0.7165653495440729,0.5627705627705628,0.06378840917930761,0.01926345609065161,0.764172335600907
2016-02-24,0.43912250133386604,0.4589774078478003,0.7251328777524677,0.5578284815106216,0.06220839813374801,0.01245753114382786,0.8181303116147309
2016-02-25,0.4437568285318951,0.5080213903743316,0.7215477996965098,0.5552497050727487,0.060629615235134104,0.014714204867006253,0.8023782559456398
2016-02-26,0.42595879881535703,0.39726840855106893,0.7225170583775588,0.5672169811320755,0.06060606060606055,0.009049773755656076,0.7990945104697227
2016-02-27,0.4276790421738264,0.43442136498516315,0.7174242424242424,0.5634577603143418,0.061747572815534,0.006783493499152082,0.7822398190045249
2016-02-28,0.4253523214901393,0.4151838671411625,0.7161241483724451,0.5691280439905735,0.0636645962732919,0.004519774011299438,0.7834934991520633
2016-02-29,0.4293753450417996,0.4558387670420866,0.7170953101361573,0.5598743619945034,0.06208769887466048,0.0,0.7813559322033898
2016-03-01,0.42412446551639754,0.4549763033175356,0.7135298563869992,0.543563579277865,0.057408844065166775,0.0,0.7752682100508188
2016-03-02,0.4213251387265882,0.43398460627590285,0.7190332326283988,0.5304040800313848,0.053896859247770434,0.0,0.7906320541760723
2016-03-03,0.42254620133929083,0.3946745562130177,0.7267924528301887,0.5333333333333333,0.05193798449612408,0.0005636978579481866,0.8279751833051325
2016-03-04,0.434511457532991,0.46717918391484325,0.7292609351432882,0.5190121520972167,0.05114296784192174,0.0,0.8404735062006764
2016-03-05,0.43190616814214206,0.4184397163120568,0.7370007535795027,0.5195924764890282,0.048799380325329156,0.0016891891891891442,0.8659154929577465
2016-03-06,0.43980829959514506,0.44949793266391025,0.7492469879518072,0.5162553858206033,0.038714672861014376,0.0005627462014631268,0.8845720720720721
2016-03-07,0.4332685550140709,0.44864226682408503,0.7404063205417607,0.5054815974941269,0.03676470588235292,0.0016872890888638414,0.8666291502532357
2016-03-08,0.42850253056182597,0.48200589970501473,0.7330827067669172,0.4868884540117417,0.03326885880077368,0.0022484541877458852,0.8335208098987626
2016-03-09,0.41455886652509605,0.41981132075471694,0.7347858752817431,0.47417840375586856,0.031709203402938924,0.0011235955056180247,0.8257448004496908
2016-03-10,0.4048953512882143,0.37536829699469654,0.7342342342342343,0.4712553773953852,0.030537301894085767,0.001122964626614209,0.8168539325842696
2016-03-11,0.4064776555248519,0.4140164899882215,0.7306826706676669,0.4659890539483972,0.02975270479134462,0.005050505050505083,0.7933745087029759
2016-03-12,0.40112769637588014,0.39376103590347267,0.7278860569715142,0.46150840171942165,0.030127462340672095,0.01289960740325291,0.7805836139169473
2016-03-13,0.41373143278928426,0.4576470588235294,0.7378277153558053,0.448828125,0.02934362934362933,0.01289237668161436,0.7958496915311273
2016-03-14,0.41217654139966625,0.4885361552028219,0.7357784431137724,0.4349863334634908,0.025086839058278687,0.010084033613445342,0.7785874439461884
2016-03-15,0.39492905952435325,0.42773207990599293,0.7329842931937173,0.42349726775956287,0.021219135802469147,0.007278835386338223,0.7568627450980392
2016-03-16,0.3855571642396156,0.39929536112742214,0.7331838565022422,0.40655481857198594,0.016197454685692225,0.012870733072188001,0.7452407614781635
2016-03-17,0.3858039138820544,0.42781690140845074,0.729648991784914,0.3958658346333853,0.013878180416345365,0.014541387024608499,0.7330721880246223
2016-03-18,0.3890879386986479,0.4621700879765396,0.7283582089552239,0.39415204678362575,0.012716763005780396,0.01062045835662384,0.7265100671140939
2016-03-19,0.39636882405836565,0.4853458382180539,0.7419835943325876,0.38308651597817617,0.010400616332819745,0.01787709497206702,0.7395192845164897
2016-03-20,0.38821355934595586,0.48623315758640895,0.7421758569299552,0.33891702376314764,0.010011551790527484,0.02065884980457844,0.7312849162011172
2016-03-21,0.3792809298436904,0.45316159250585475,0.7401340282948623,0.3282710280373832,0.016551193225558092,0.0161830357142857,0.7213847012841987
2016-03-22,0.3776369138062843,0.4757167934464599,0.7410714285714286,0.3024523160762943,0.015005771450557925,0.01728945900725043,0.7142857142857143
2016-03-23,0.3695717281902333,0.439766081871345,0.7330855018587361,0.3077821011673152,0.018461538461538418,0.025083612040133763,0.6932515337423313
2016-03-24,0.37042828510375153,0.43600233781414377,0.7317979197622586,0.31699727732399846,0.026528258362168433,0.028412256267409508,0.6828316610925307
2016-03-25,0.3765685704545047,0.451518691588785,0.7401633259094283,0.31376360808709175,0.03420445810914685,0.028396436525612523,0.6913649025069638
2016-03-26,0.37593002667937997,0.4518388791593695,0.7344213649851632,0.32413525068013993,0.0391855551286977,0.025598219254312715,0.6804008908685969
2016-03-27,0.3698110264898246,0.4288214702450408,0.7338769458858414,0.30574980574980576,0.04147465437788023,0.028921023359288145,0.6800222593210907
2016-03-28,0.36514499496350444,0.46122448979591835,0.72,0.29514563106796116,0.043761996161228445,0.013340744858254538,0.6573971078976641
2016-03-29,0.3486364119878497,0.36363636363636365,0.7239082161361954,0.2857142857142857,0.04374520337682275,0.008888888888888835,0.6659255141745415
2016-03-30,0.3642600442302366,0.4164239953407105,0.7396449704142012,0.2941404734187039,0.04257767548906788,0.008328706274292053,0.6844444444444444
2016-03-31,0.3760057056118919,0.45634458672875433,0.7450110864745011,0.30333591931730025,0.04562883435582821,0.009433962264150941,0.6962798445308163
2016-04-01,0.38433282829746335,0.5235602094240838,0.741506646971935,0.2911981388134936,0.04829436565734002,0.00942872989462007,0.6920088790233074
2016-04-02,0.37072816011745174,0.4313953488372093,0.7380073800738007,0.26434108527131783,0.06130268199233713,0.03159645232815966,0.6977260122018858
2016-04-03,0.3741347221227858,0.47762928529924464,0.7308259587020649,0.2677256877179388,0.06242818843355036,0.0166204986149584,0.6895787139689579
2016-04-04,0.3682568567726671,0.467479674796748,0.7310243183492999,0.24206041828040278,0.06316998468606427,0.018826135105204922,0.6869806094182825
2016-04-05,0.3587166928325656,0.3853743470690656,0.7341678939617085,0.24274099883855982,0.06467661691542292,0.035417819590481514,0.689922480620155
2016-04-06,0.3640483674130353,0.42053364269141535,0.7262693156732891,0.24845201238390094,0.06465187452180565,0.039269911504424826,0.6851134477033758
2016-04-07,0.3712239766641873,0.41333333333333333,0.7286764705882354,0.28588007736943905,0.06386233269598474,0.05030403537866224,0.685287610619469
2016-04-08,0.3838166121399504,0.48030127462340677,0.7325495958853784,0.2842227378190255,0.06345565749235471,0.051933701657458586,0.6904367053620786
2016-04-09,0.3796622884483656,0.4678633468442386,0.7430249632892805,0.2454580595284113,0.06419564386702326,0.04859193815571505,0.7088397790055249
2016-04-10,0.3731251443823085,0.40625,0.743947175348496,0.26197836166924265,0.06569900687547747,0.052980132450331174,0.7078961899503037
2016-04-11,0.36335250737798847,0.3649508386350492,0.7331378299120235,0.2703746620316725,0.06720122184039712,0.055708769994484264,0.6887417218543046
2016-04-12,0.3780205984900608,0.43294797687861275,0.7274725274725276,0.3007722007722008,0.06564885496183204,0.05567805953693494,0.685603971318257
2016-04-13,0.3790362486056032,0.44656268053148473,0.7181551976573939,0.32072558857583944,0.06333460511255251,0.05289256198347103,0.6725468577728776
2016-04-14,0.3742640055072104,0.3960739030023095,0.7256766642282371,0.3248456790123457,0.06292906178489699,0.053414096916299614,0.6826446280991736
2016-04-15,0.37466151412924326,0.3964223889209464,0.7244152046783625,0.32857693790975706,0.06290507052992755,0.06053935057787563,0.6751101321585903
2016-04-16,0.3835133376451168,0.47923875432525953,0.7129291453615778,0.3238242097147263,0.0625,0.05775577557755773,0.6648321408915796
2016-04-17,0.38599037509004014,0.48184438040345823,0.7102189781021897,0.3229287090558767,0.06666666666666665,0.07256734469488735,0.6617161716171618
2016-04-18,0.3802511903184705,0.41301843317972353,0.7184536834427425,0.3389830508474576,0.0689261233815689,0.07307692307692304,0.6690489279824079
2016-04-19,0.39561896725076373,0.49971214738054115,0.7193877551020409,0.3515594917212168,0.06737723639132087,0.06754530477759468,0.6681318681318682
2016-04-20,0.3791705307801503,0.43325661680092065,0.7057538237436272,0.3552732871439569,0.06468797564687978,0.07025246981339184,0.6457990115321253
2016-04-21,0.3665404950526164,0.3726279470960322,0.7016011644832605,0.3832243170450173,0.06618486116394062,0.04827207899067476,0.6273326015367728
2016-04-22,0.36661335928733135,0.41321839080459766,0.6938181818181819,0.3792307692307692,0.06615969581749048,0.05756578947368418,0.589687328579265
2016-04-23,0.3739539867897248,0.4526134405514073,0.6954941860465116,0.36562860438292966,0.06499429874572404,0.05205479452054795,0.6129385964912281
2016-04-24,0.36568636166494545,0.43857634902411025,0.692084241103849,0.3639508070714835,0.06610942249240126,0.04983570646221247,0.5835616438356164
2016-04-25,0.3604361365156619,0.47791164658634533,0.6850507982583454,0.3399923165578179,0.06494492973794153,0.046524356869184436,0.5481927710843373
2016-04-26,0.3637699454158187,0.49483944954128445,0.6838288614938361,0.3333333333333333,0.06036446469248291,0.06673960612691465,0.5435139573070608
2016-04-27,0.33320420301632164,0.39656160458452727,0.6818840579710145,0.3420345489443378,0.0,0.05412793876435207,0.5246170678336981
2016-04-28,0.3660663121105234,0.5091638029782359,0.7031136857349747,0.31657712970069074,0.0,0.06338797814207653,0.6041552761071625
2016-04-29,0.3546252938103625,0.4842587292501431,0.695369030390738,0.301879555044112,0.0003792188092529569,0.06663025669033318,0.5792349726775956
2016-04-30,0.3363955348529159,0.3878718535469108,0.6912509038322487,0.30483128834355827,0.00037907505686129994,0.07259825327510916,0.5614418350628072
2016-05-01,0.3537768778363601,0.4431103487707261,0.7001445086705202,0.326561901111537,0.001136794240242489,0.07146753955264595,0.580240174672489
2016-05-02,0.3439153653105591,0.4057142857142857,0.6931407942238268,0.3310344827586207,0.0018939393939394478,0.07797164667393675,0.5537370430987452
2016-05-03,0.35253072643967404,0.4106225014277556,0.7056277056277056,0.3423975488318652,0.0022718667171526263,0.07847411444141694,0.5757906215921483
2016-05-04,0.35558209716330885,0.42865296803652964,0.699351117519827,0.3625574272588055,0.0026495079485238104,0.08333333333333337,0.5569482288828338
2016-05-05,0.3402326510265063,0.37079292641186534,0.7038904899135447,0.3555300420972063,0.002270147559591429,0.03701687534022868,0.5718954248366013
2016-05-06,0.3460989645693601,0.41676168757126564,0.7019438444924406,0.35080336648814076,0.0034039334341906535,0.0380848748639826,0.5655960805661404
2016-05-07,0.33815512813585286,0.37378917378917376,0.685611510791367,0.3395793499043977,0.003780718336483968,0.09951060358890707,0.5266594124047879
2016-05-08,0.3512144399073351,0.42596810933940776,0.6872753414809489,0.3597094801223242,0.004157218442932709,0.10543478260869565,0.524741707449701
2016-05-09,0.3441351831448884,0.3545816733067729,0.6882183908045977,0.39090561711883837,0.004533434076312792,0.10755024443237371,0.5190217391304348
2016-05-10,0.33941253900231744,0.34357224118316265,0.6841349605168701,0.39266615737203975,0.004531722054380682,0.09934853420195444,0.5122216186854971
2016-05-11,0.3553461117353261,0.40989198408186467,0.7044476327116213,0.37953417334860634,0.004152510381275953,0.0792186652197504,0.5548317046688382
2016-05-12,0.3675780296166226,0.5039772727272727,0.700358422939068,0.36870229007633587,0.004150943396226459,0.08134490238611713,0.5469343461747151
2016-05-13,0.3620896301339019,0.4804088586030665,0.6977077363896849,0.36016787485692486,0.004149377593360981,0.08834688346883468,0.54175704989154
2016-05-14,0.35001317502388557,0.4307604994324631,0.6950608446671439,0.35697940503432496,0.0037707390648566985,0.07854821235102927,0.5349593495934959
2016-05-15,0.35026702308393937,0.46057855927396485,0.69241773962804,0.33816240945482273,0.003769317753486656,0.07958852192744992,0.5270855904658722
2016-05-16,0.3502784133200478,0.4767573696145124,0.6897784131522516,0.3445121951219512,0.0037678975131876236,0.07954545454545459,0.5073091499729291
2016-05-17,0.3551548959829929,0.4759206798866855,0.7014285714285714,0.34514285714285714,0.0018832391713747842,0.08815575987020008,0.5183982683982684
2016-05-18,0.35500141342297464,0.47848244620611546,0.7066381156316917,0.3240670220868241,0.0,0.10216216216216212,0.5186587344510547
2016-05-19,0.34749104930323377,0.43237125070741367,0.7061340941512125,0.33460220784164446,0.0,0.09832522960561862,0.5135135135135135
2016-05-20,0.38009347764892026,0.5633484162895928,0.7419814682822523,0.3188736681887367,0.0,0.08261339092872566,0.573743922204214
2016-05-21,0.35969701010202026,0.46749576031656304,0.7257834757834758,0.299733739064283,0.0,0.1068537506745818,0.5583153347732182
2016-05-22,0.36024809126076646,0.49435028248587576,0.7202846975088968,0.29391634980988596,0.0,0.10733549083063643,0.5456017269293039
2016-05-23,0.3399398533367872,0.3404856013551666,0.7339971550497866,0.3177499049790954,0.0007515971439308045,0.10188679245283017,0.5447680690399137
2016-05-24,0.3375451668639497,0.3487584650112867,0.7249466950959489,0.3377659574468085,0.00037565740045075735,0.09806034482758619,0.5153638814016173
2016-05-25,0.3594171840366873,0.4737732656514383,0.71875,0.3600455753892898,0.0,0.09800753904146475,0.505926724137931
2016-05-26,0.3662861028724998,0.504509582863585,0.7104329311568488,0.38724373576309795,0.0,0.10010764262648009,0.4954227248249865
2016-05-27,0.367256401198864,0.5115492957746479,0.7063829787234043,0.3734345351043643,0.02288930581613513,0.11350188273265194,0.4757804090419806
2016-05-28,0.34136819378806876,0.47466216216216217,0.6732813607370659,0.40515933232169954,0.01800450112528129,0.06774193548387097,0.4093598708983325
2016-05-29,0.2882452325660078,0.43275182892515474,0.6303116147308783,0.41600303375047404,0.017622797150356195,0.02525523911875338,0.2075268817204301
2016-05-30,0.2783311530415026,0.37626546681664796,0.6334041047416843,0.4086429112964367,0.016866566716641662,0.022556390977443663,0.21225147770016117
2016-05-31,0.277586945205631,0.38223721191680715,0.6287128712871287,0.3982569154982948,0.015736230798051754,0.042941492216854504,0.19763694951664879
2016-06-01,0.28933111411725215,0.4662921348314607,0.6325088339222615,0.3859848484848485,0.012359550561797716,0.03862660944206009,0.20021470746108427
2016-06-02,0.269844256730487,0.3851768669286918,0.6264124293785311,0.3687996970844377,0.011231748408835673,0.04289544235924936,0.18454935622317592
2016-06-03,0.267915910435157,0.4068462401795735,0.625970359915314,0.3561695685087055,0.010479041916167664,0.02357984994640938,0.18445040214477215
2016-06-04,0.24414975959592877,0.3550196298373528,0.6198871650211566,0.3390087022323118,0.008978675645342271,0.019817889662560262,0.12218649517684887
2016-06-05,0.25716866997583593,0.4641255605381166,0.6180408738548273,0.3237518910741301,0.007479431563201189,0.010171306209850073,0.11944295661489024
2016-06-06,0.22319462301868098,0.26274509803921564,0.6176056338028169,0.3281663516068053,0.008598130841121487,0.00588550026752277,0.11616702355460384
2016-06-07,0.21922413151611586,0.25811870100783874,0.609429978888107,0.3371126228269085,0.006352765321375187,0.00588235294117645,0.09844836811128943
2016-06-08,0.23732764319074287,0.36205931729155005,0.6174402250351618,0.31431809595768795,0.0044826298094882144,0.005344735435595993,0.1203208556149733
2016-06-09,0.22897752779722405,0.3406040268456376,0.6120871398453971,0.30060422960725075,0.0029873039581777006,0.0032051282051281937,0.11437733832175312
2016-06-10,0.22420881788730984,0.28339854667411957,0.6193820224719101,0.31181577953944883,0.002986188876446416,0.0010678056593700358,0.1266025641025641
2016-06-11,0.23701400696567562,0.3452513966480447,0.6175438596491227,0.32,0.0026119402985074203,0.004268943436499417,0.13240790176187933
2016-06-12,0.21741406672576127,0.2908989391401452,0.591164095371669,0.32402866842700867,0.0044759418127564565,0.0,0.09391675560298829
2016-06-13,0.1923294375965062,0.2745535714285714,0.5227750525578136,0.3129713423831071,0.0026099925428784143,0.0,0.041066666666666696
2016-06-14,0.17378315140891276,0.19408812046848856,0.47969187675070024,0.32793064455333587,0.002609019754006736,0.0005327650506127268,0.03784648187633266
2016-06-15,0.1974218139412159,0.31438127090301005,0.5073477956613016,0.31688018085908065,0.0022354694485842153,0.0010649627263046302,0.04262120404901437
2016-06-16,0.18091287753128138,0.23342618384401115,0.49580419580419577,0.3145009416195857,0.0007448789571694592,0.0,0.041001064962726264
2016-06-17,0.16488420744989504,0.1943207126948775,0.43675751222921033,0.32379518072289154,0.00037230081906181045,0.0021276595744680327,0.031931878658861046
2016-06-18,0.1671070545441966,0.2092376182526433,0.44972067039106145,0.30485509973654495,0.0,0.0015948963317384823,0.037234042553191515
2016-06-19,0.1656818972484623,0.17741935483870963,0.44242847173761335,0.335966892400301,0.0,0.0015940488841658107,0.036682615629984094
2016-06-20,0.1618732206843608,0.13396331295163977,0.4372384937238494,0.3610379842045882,0.0007437709185570407,0.0026553372278279586,0.0356004250797024
2016-06-21,0.1811152661523865,0.18666666666666665,0.47038327526132406,0.37706766917293233,0.0,0.0031847133757961776,0.04938927243759961
2016-06-22,0.20936803453095595,0.2837312604108828,0.5403899721448469,0.3216835776024051,0.0,0.0,0.11040339702760082
2016-06-23,0.260653834295881,0.4361820199778025,0.6144745998608212,0.2734785875281743,0.0,0.0,0.23978779840848807
2016-06-24,0.2303960020014959,0.3466444814198558,0.586230876216968,0.25384904243334583,0.0,0.0010598834128245915,0.19459172852598094
2016-06-25,0.2160567195814661,0.3669623059866962,0.5503822098679638,0.23273273273273273,0.0,0.0015889830508474256,0.1446740858505564
2016-06-26,0.1983473897730941,0.24432132963988917,0.5458333333333334,0.2607879924953096,0.00037105751391464104,0.001058761249338236,0.13771186440677963
2016-06-27,0.22775236937844925,0.3300110741971207,0.5863983344899375,0.25206301575393847,0.001112759643916883,0.0010582010582010914,0.19587083112758075
2016-06-28,0.21817194484080518,0.3076923076923077,0.5651872399445215,0.2609673790776153,0.0011123470522803602,0.0031729243786355887,0.17089947089947088
2016-06-29,0.22085144865322917,0.3097345132743363,0.571032571032571,0.262743628185907,0.000741289844329085,0.0,0.18085668958223167
2016-06-30,0.22734380174634072,0.32614704256495297,0.5824099722991689,0.25814911952041963,0.0007410151908113782,0.0031695721077654726,0.19344608879492597
2016-07-01,0.21126478458992662,0.29116022099447514,0.542560553633218,0.28801498127340824,0.0011111111111110628,0.0036958817317845893,0.1410459587955626
2016-07-02,0.20883975647847555,0.27277747101049143,0.5394190871369295,0.2983901160614002,0.0014809329877822908,0.0010554089709762238,0.13991552270327345
2016-07-03,0.19923813432890722,0.2753863134657837,0.5051831375259157,0.3068862275449102,0.002960769800148033,0.0015822784810126667,0.10343007915567282
2016-07-04,0.22635358774791828,0.2928847214561501,0.56146408839779,0.3228582117471006,0.0036995930447650816,0.0005271481286240887,0.17668776371308015
2016-07-05,0.22230973420869693,0.28996692392502754,0.5403726708074534,0.3593866866118175,0.004437869822485174,0.0,0.13969425408539804
2016-07-06,0.22971135092007336,0.31845730027548214,0.5544827586206896,0.33345794392523365,0.0022181146025878062,0.0005265929436545358,0.16912539515279246
2016-07-07,0.22130221250368556,0.3325991189427313,0.5458304617505169,0.3015695067264574,0.0003695491500369519,0.0026315789473684292,0.14481305950500267
2016-07-08,0.24962585397253179,0.3786461199779857,0.5888429752066116,0.31079566679118414,0.0,0.006312467122567056,0.2131578947368421
2016-07-09,0.23292889544857887,0.3250825082508251,0.5636613902271164,0.32524271844660196,0.0,0.001577287066246047,0.1820094687006838
2016-07-10,0.2559824646403554,0.44365035733919733,0.5804676753782668,0.3109369167599851,0.0,0.0026274303730950965,0.1982124079915878
2016-07-11,0.2903987857075783,0.6467032967032966,0.5821305841924398,0.31492537313432833,0.0,0.0005252100840336116,0.19810825013137157
2016-07-12,0.29672025281267195,0.6957715540911587,0.5824175824175823,0.3062290190227527,0.0,0.0,0.19590336134453779
2016-07-13,0.2873710614656687,0.6805708013172338,0.5614275909402883,0.3131991051454139,0.0,0.0,0.16902887139107614
2016-07-14,0.2997448302552692,0.7399890290729567,0.575445816186557,0.29258292955646664,0.0,0.0,0.19045120671563487
2016-07-15,0.2932974848039899,0.6946271929824561,0.5716244002741604,0.3073770491803279,0.0,0.0,0.18615626638699523
2016-07-16,0.29284715677748324,0.7106849315068493,0.5657534246575342,0.29720670391061454,0.0,0.0005238344683080598,0.18291404612159334
2016-07-17,0.2817201471541492,0.6308871851040525,0.568104038329911,0.3037974683544304,0.0,0.0010471204188481353,0.1864850707176532
2016-07-18,0.2774766403283669,0.6458675424192666,0.5485636114911081,0.31336062523260144,0.0,0.0,0.15706806282722519
2016-07-19,0.2801713453420179,0.6537199124726477,0.5604921394395079,0.29203869047619047,0.0,0.0005230125523012497,0.17425431711146
2016-07-20,0.2856160004996422,0.7315472936030618,0.5621584699453552,0.2432130903681666,0.0,0.002090956612650241,0.17468619246861927
2016-07-21,0.2736327714815188,0.6524590163934426,0.5713310580204778,0.22825278810408922,0.0,0.0010449320794148065,0.1887088342916885
2016-07-22,0.2866275161919573,0.7203713817586019,0.5750341064120055,0.23522853957636566,0.0,0.0031331592689295418,0.18599791013584122
2016-07-23,0.3056923474601778,0.74617903930131,0.5957736877982277,0.27340267459138184,0.0,0.0005219206680584509,0.21827676240208882
2016-07-24,0.2990932167248097,0.7343153300600109,0.5899182561307902,0.2636464909023394,0.0,0.002608242044861764,0.20407098121085598
2016-07-25,0.3010070804559876,0.7589967284623773,0.5847515316541865,0.2635486265775798,0.0,0.004692387904066786,0.1940532081377152
2016-07-26,0.2912953821169213,0.7346049046321526,0.5938775510204082,0.21595547309833024,0.0,0.004689942678478332,0.19864442127215853
2016-07-27,0.2894713793391988,0.7429193899782135,0.5955132562882393,0.19881305637982197,0.0,0.0010416666666667185,0.19854090672225122
2016-07-28,0.2854634319761475,0.7446924333151879,0.5944293478260869,0.17834631071560994,0.0,0.0,0.1953125
2016-07-29,0.28092842104074583,0.7143634385201305,0.5960624575695859,0.17160859896219421,0.0,0.007284079084287187,0.19625195210827695
2016-07-30,0.27348737445261156,0.6731919521479064,0.5949796472184532,0.16932197110040756,0.0,0.006240249609984372,0.19719042663891784
2016-07-31,0.2888748585382686,0.7760869565217391,0.5986440677966102,0.15259259259259259,0.0,0.00519750519750517,0.20072802912116483
2016-08-01,0.28616213410914987,0.6757197175448126,0.6253387533875339,0.1477230655312847,0.0,0.0,0.26819126819126815
2016-08-02,0.3016009527028574,0.6943539630836048,0.6371022342586323,0.14100666173205034,0.0,0.0,0.3371428571428572
2016-08-03,0.3783547887220678,0.7650569723277265,0.6826792963464141,0.1313355530891602,0.0,0.024390243902439046,0.6666666666666667
2016-08-04,0.33271722865105435,0.6838394793926248,0.6504394861392833,0.12130177514792899,0.0,0.02748962655601661,0.5132330046704723
2016-08-05,0.3292609472114465,0.7143631436314364,0.6425675675675675,0.12643253234750462,0.0,0.03369621565578018,0.4585062240663901
2016-08-06,0.32713965239099346,0.6614301191765981,0.6441593517893316,0.14560236511456023,0.0,0.0347150259067357,0.4769310523587351
2016-08-07,0.32008691537843137,0.6637791012452625,0.6376518218623481,0.15330624307351312,0.0,0.036250647332988106,0.42953367875647663
2016-08-08,0.32497422302087187,0.7218614718614719,0.6365475387727579,0.14401772525849335,0.0,0.03467908902691508,0.412739513205593
2016-08-09,0.3266428908139633,0.7247160627366144,0.6381401617250674,0.13842746400885936,0.0,0.03569580962234864,0.42287784679089024
2016-08-10,0.34108094960234786,0.8086486486486486,0.6424242424242423,0.11586715867158671,0.0,0.0382626680455016,0.4412829798241076
2016-08-11,0.3300044760358945,0.7147487844408428,0.639300134589502,0.11619328661010697,0.0,0.07648578811369511,0.4332988624612203
2016-08-12,0.3343820888656537,0.7192224622030238,0.640215198386012,0.11356932153392331,0.0,0.0924586776859504,0.4408268733850129
2016-08-13,0.3416365728197213,0.7253103076092822,0.6438172043010753,0.12237375598967933,0.0,0.09602478058853903,0.4622933884297521
2016-08-14,0.33728780981632434,0.6790722761596548,0.6474143720617864,0.11974944731024319,0.00036443148688047877,0.10629514963880293,0.4708311822405782
2016-08-15,0.35219890621200795,0.6911051212938005,0.6550335570469799,0.1292817679558011,0.0010928961748634114,0.11397627643115005,0.522703818369453
2016-08-16,0.36485125825341463,0.7580818965517242,0.6619718309859155,0.11671575846833579,0.0,0.11649484536082477,0.5358432181536874
2016-08-17,0.36536060708865703,0.7781367797522887,0.6521447721179625,0.1104158998895841,0.0,0.15558990211231327,0.49587628865979383
2016-08-18,0.3823461015742728,0.8331539289558665,0.6543871399866041,0.10853568800588669,0.0,0.1822863027806385,0.515713549716641
2016-08-19,0.36672815578987694,0.7197417966648736,0.6559571619812583,0.12136815005516734,0.0,0.1878538342768914,0.515447991761071
2016-08-20,0.36783837516300816,0.7182795698924731,0.6555183946488294,0.12463235294117647,0.0,0.19032921810699588,0.5182707153885744
2016-08-21,0.3653858903832987,0.706609349811929,0.6497326203208555,0.14075707460492465,0.00036350418029806875,0.2061696658097686,0.4886831275720165
2016-08-22,0.36491003326960625,0.6831364124597208,0.6513026052104208,0.15907421013960324,0.0014534883720930258,0.21017471736896198,0.484318766066838
2016-08-23,0.36417081431305376,0.6940418679549114,0.6481975967957276,0.17113477781858244,0.002179440610243333,0.20903954802259883,0.460431654676259
2016-08-24,0.3761117199277176,0.7408798283261803,0.6511007338225483,0.17951541850220265,0.002178649237472796,0.2073921971252567,0.4756034925526451
2016-08-25,0.3830525798289559,0.7238605898123325,0.654,0.20513761467889907,0.0029038112522685733,0.21857362750128273,0.49383983572895274
2016-08-26,0.39822856818964714,0.7990353697749196,0.6582278481012658,0.21680117388114453,0.0032656023222060737,0.23128205128205126,0.4807593637762956
2016-08-27,0.39229692654751097,0.7889662560257097,0.6544607190412783,0.2324899156582325,0.0036271309394269036,0.23680164018452077,0.4374358974358974
2016-08-28,0.3990936905555937,0.762847965738758,0.6660013306719894,0.24303519061583578,0.004713560551124041,0.2520491803278688,0.4659149154279857
2016-08-29,0.38229732737888017,0.7271268057784912,0.6615691489361701,0.2458776108464639,0.00616165277274372,0.24884792626728114,0.4042008196721312
2016-08-30,0.39380881934683015,0.7406417112299466,0.6644518272425249,0.2956043956043956,0.0068840579710145455,0.255885363357216,0.39938556067588327
2016-08-31,0.3873970382685707,0.6809192944949225,0.6633466135458168,0.3042841450018308,0.007605939876856205,0.2859335038363171,0.38229273285568066
2016-09-01,0.3973545176731805,0.7879273504273504,0.6668878566688785,0.29062957540263545,0.007603186097031145,0.24028629856850714,0.3907928388746803
2016-09-02,0.3958713864639632,0.7704217832354512,0.6671087533156499,0.28686425173801683,0.00832428519724937,0.2519161982626469,0.39059304703476483
2016-09-03,0.384907416458333,0.720384204909285,0.663353214049039,0.28200438917337234,0.00868306801736618,0.2665985699693565,0.368421052631579
2016-09-04,0.3745981244077927,0.7957333333333333,0.6357615894039735,0.2683729433272395,0.009041591320072317,0.26595201633486476,0.2727272727272727
2016-09-05,0.3326718644141737,0.5991471215351812,0.6260754467240238,0.27266081871345027,0.009761388286334105,0.2510204081632653,0.2373660030627871
2016-09-06,0.3511529660959447,0.7432072456046883,0.6283068783068784,0.24296675191815856,0.009396458258041251,0.2406935237123916,0.24234693877551017
2016-09-07,0.34955242233875233,0.7566560170394037,0.6252478519497686,0.2483564645726808,0.009754335260115599,0.2349643221202854,0.22233554309026005
2016-09-08,0.3395140051149146,0.6870675891431612,0.6235138705416117,0.2723621759766338,0.010834236186348822,0.2333163525216505,0.20998980632008157
2016-09-09,0.342852163881796,0.7031914893617022,0.6217821782178218,0.32116788321167883,0.01119133574007225,0.23167006109979638,0.1681100356597045
2016-09-10,0.3516168768093617,0.7203615098351941,0.6220316622691293,0.32360452389638816,0.0115481775532299,0.2468193384223919,0.185336048879837
2016-09-11,0.34168504681040784,0.667375132837407,0.6216216216216216,0.3362509117432531,0.012265512265512313,0.24669379450661244,0.16590330788804075
2016-09-12,0.3440838243021543,0.6468401486988847,0.6350461133069829,0.34742982136347067,0.012621709340064902,0.23690899847483482,0.18565615462868768
2016-09-13,0.34851488319976687,0.653927813163482,0.6359447004608295,0.3491253644314869,0.012977649603460706,0.2632113821138211,0.17590238942552106
2016-09-14,0.34295516828454514,0.6445623342175066,0.6355263157894737,0.3489981785063752,0.012612612612612595,0.24987303199593702,0.16615853658536583
2016-09-15,0.34962688269666,0.6781548250265111,0.6351084812623274,0.3758193736343773,0.013688760806916389,0.2649746192893401,0.1300152361604876
2016-09-16,0.3583372027540542,0.6883942766295708,0.6412614980289093,0.4040771751001092,0.014404033129276184,0.2841197361745307,0.11776649746192891
2016-09-17,0.3748691117788752,0.7521186440677966,0.639527248850952,0.4279475982532751,0.014758819294456438,0.3062880324543611,0.10857432775240994
2016-09-18,0.3570132476131493,0.6548438327157227,0.6423884514435696,0.42015278283012003,0.015113350125944613,0.30613279270146987,0.10344827586206895
2016-09-19,0.3628918750175947,0.7227513227513227,0.6354098360655738,0.4152727272727273,0.015827338129496438,0.29837892603850047,0.08971109984794734
2016-09-20,0.35961141347454023,0.7704918032786885,0.6422018348623852,0.3853144311159578,0.015821646889608076,0.26227848101265827,0.08156028368794321
2016-09-21,0.3442657820007453,0.6992600422832981,0.6444007858546169,0.3535610465116279,0.015097052480230078,0.28036437246963564,0.07291139240506328
2016-09-22,0.33796807226646935,0.6550449022715267,0.6531413612565444,0.3439883763167454,0.015450952209845492,0.27870510875063226,0.08147773279352222
2016-09-23,0.3489996036388913,0.7592397043294614,0.6572923479398299,0.32643427741466957,0.015804597701149392,0.2568250758341759,0.0784016186140617
2016-09-24,0.3487260939179237,0.7693931398416887,0.6490196078431373,0.30490018148820325,0.01579892280071815,0.2819605861546235,0.07128412537917084
2016-09-25,0.3346851239773418,0.6482067510548524,0.6505551926845199,0.329100145137881,0.017587939698492483,0.2944444444444444,0.0682162708438605
2016-09-26,0.3308092723567669,0.5904059040590406,0.6527415143603132,0.36597751178817556,0.01829924650161463,0.2857142857142857,0.07171717171717173
2016-09-27,0.3485362577728279,0.6954689146469968,0.6457925636007829,0.37744742567077594,0.018292682926829285,0.298183652875883,0.05603230691569916
2016-09-28,0.3471492046025734,0.6408636124275935,0.6473272490221642,0.39615802827111274,0.018286124058802478,0.32425617750882496,0.05600403632694251
2016-09-29,0.3567966873323171,0.7189473684210526,0.6514657980456027,0.3822463768115942,0.018637992831541217,0.3160282258064516,0.05345436207766008
2016-09-30,0.35732126459693464,0.7411888479747502,0.6516927083333333,0.3614632379572619,0.018273020422787556,0.3214105793450882,0.04989919354838712
2016-10-01,0.35978047999041834,0.7418506834910621,0.6447625243981783,0.3917451122375091,0.018266475644699187,0.31470292044310166,0.04735516372795967
2016-10-02,0.3497181797469308,0.6736731476615869,0.6397919375812744,0.416576185305827,0.018976011457214503,0.30649219929542026,0.04279959718026183
2016-10-03,0.36359436148028573,0.7442226890756303,0.6432748538011697,0.41642547033285093,0.01896921975662136,0.3148893360160966,0.0437845998993458
2016-10-04,0.3597542457657052,0.6971128608923884,0.6428571428571428,0.4426763110307414,0.017889087656529523,0.31573655103066867,0.04225352112676062
2016-10-05,0.3538502728979627,0.6736621196222455,0.6469824789097989,0.42660882140274764,0.015021459227467782,0.3155778894472362,0.04524886877828049
2016-10-06,0.35189030761413287,0.6329313057157839,0.6446173800259403,0.4513913986266715,0.01573114050768676,0.32546459065796085,0.04120603015075375
2016-10-07,0.35713066476945093,0.6624737945492662,0.6461438755670772,0.46170520231213874,0.015010721944245908,0.3162650602409639,0.04118533400301361
2016-10-08,0.366501237950581,0.7312729177579884,0.6398963730569949,0.45792704947634527,0.01464808860307254,0.3161063723030607,0.03915662650602414
2016-10-09,0.3509248650009999,0.618848167539267,0.6388349514563108,0.4617328519855596,0.015000000000000013,0.33149448345035104,0.03963873557451081
2016-10-10,0.3602258259204323,0.661957090528519,0.6416558861578266,0.4702273547455792,0.016065690824705436,0.3308270676691729,0.040621865596790374
2016-10-11,0.383359908719726,0.8023012552301255,0.6412411118293471,0.46356421356421357,0.014275517487508882,0.3391783567134269,0.0395989974937343
2016-10-12,0.359153823895529,0.7250392054364871,0.6111111111111112,0.4547421565091958,0.01248662147698898,0.31847771657486235,0.033066132264529036
2016-10-13,0.35229824617403477,0.7068965517241379,0.6145900581020013,0.45097332372025956,0.012482168330955723,0.2917917917917918,0.03705558337506254
2016-10-14,0.3658047325185562,0.7780678851174935,0.6154838709677419,0.4353153153153153,0.0117647058823529,0.31515757878939465,0.03903903903903905
2016-10-15,0.35723717274953487,0.7421711899791232,0.6118633139909735,0.4211095100864553,0.011760513186029886,0.3195,0.03701850925462735
2016-10-16,0.34760728495398824,0.7151799687010955,0.6153350515463918,0.4108750450126035,0.011400071250445287,0.29285357321339334,0.040000000000000036
2016-10-17,0.3523753639781664,0.7679874869655892,0.6104314230521571,0.4035277177825774,0.012108262108262102,0.28521478521478516,0.03498250874562714
2016-10-18,0.3508460224046874,0.7826993225638353,0.6151866151866152,0.3771140698092839,0.01103595585617656,0.28157763354967547,0.03746253746253747
2016-10-19,0.33462153167602265,0.6619791666666667,0.619935691318328,0.4035971223021583,0.010320284697508897,0.2704590818363274,0.04143784323514732
2016-10-20,0.36347191028575193,0.7902134305049453,0.6317480719794344,0.4203523912261776,0.010316613304873656,0.28528678304239397,0.04291417165668665
2016-10-21,0.3636650019277867,0.763267429760666,0.636480411046885,0.4248741912293314,0.008890469416785174,0.30259222333001,0.04588528678304238
2016-10-22,0.34443310541975264,0.6224648985959438,0.631578947368421,0.42831476823571685,0.008531816565943817,0.3293472845042352,0.046360917248255196
2016-10-23,0.34721602487705944,0.6689189189189189,0.6048749198203978,0.44288793103448276,0.008528784648187626,0.3222111553784861,0.0358744394618834
2016-10-24,0.3512279153827644,0.6903896103896103,0.6070512820512821,0.45529622980251344,0.008170515097690956,0.30861124937779993,0.03784860557768921
2016-10-25,0.3438818458717561,0.6978193146417446,0.6079436258808456,0.4371859296482412,0.006392045454545414,0.2741293532338308,0.03982080637132901
2016-10-26,0.3366030068154791,0.7099117799688635,0.6043533930857874,0.3663437387872264,0.0028399006034788288,0.2998508204873197,0.03631840796019903
2016-10-27,0.3340355515478676,0.6939834024896265,0.6007677543186181,0.34612625538020086,0.0,0.3315109343936382,0.031824962705121806
2016-10-28,0.3066729228118282,0.5873509590461379,0.5907928388746804,0.32556471853711005,0.0,0.30601092896174864,0.030318091451292273
2016-10-29,0.31584907645769156,0.6139896373056994,0.587220447284345,0.3254480286738351,0.0,0.33763654419066536,0.030799801291604534
2016-10-30,0.3086346459793929,0.6059036768513724,0.5670498084291188,0.3403797921891795,0.0,0.3121588089330025,0.02631578947368418
2016-10-31,0.3067589134053401,0.562111801242236,0.5820038289725591,0.34813753581661894,0.001063075832742788,0.3169642857142857,0.03027295285359799
2016-11-01,0.3140758151127871,0.6295913088463528,0.5848214285714286,0.32545649838882923,0.0,0.3153197818542389,0.029265873015873023
2016-11-02,0.3002455096191338,0.6132368148914167,0.5544933078393881,0.3339298496778812,0.0,0.2770069375619425,0.022806147744174554
2016-11-03,0.29828249837308857,0.662015503875969,0.545859872611465,0.30196779964221826,0.0,0.25903912828132736,0.020812685827552024
2016-11-04,0.29794773524372214,0.6048553719008265,0.596435391470401,0.3086552217453505,0.0,0.24207920792079207,0.03566121842496284
2016-11-05,0.31638387495561987,0.7769747031491998,0.5807888040712468,0.24562030747229174,0.0,0.2627412172191984,0.03217821782178221
2016-11-06,0.2907843420822461,0.6197110423116615,0.5804195804195804,0.2176554681915654,0.0,0.294757665677547,0.03216229589312225
2016-11-07,0.2853527681909593,0.590510572460031,0.5743329097839898,0.22722400857449088,0.0007069635913750094,0.2901631240731587,0.029179030662710215
2016-11-08,0.28586946701931526,0.6247422680412371,0.5822222222222222,0.18857142857142858,0.0,0.2855731225296443,0.03410776075135935
2016-11-09,0.26678851172847423,0.5507470376094796,0.5786802030456852,0.17350946090681899,0.0,0.2641975308641975,0.03359683794466406
2016-11-10,0.2731374167112449,0.6065911431513904,0.5688015218769816,0.1870092790863669,0.0,0.24432379072063182,0.032098765432098775
2016-11-11,0.2707838744244513,0.552753474009264,0.5792141951837769,0.20192650731359257,0.000705965407695075,0.25111001480019735,0.03899308983218164
2016-11-12,0.27986781640800146,0.5632716049382716,0.5763141228625712,0.21112696148359486,0.0010585744530698937,0.2879684418145957,0.03946719289590528
2016-11-13,0.28911967068249383,0.5573264781491003,0.589873417721519,0.24812834224598931,0.0017636684303351524,0.2942336126170527,0.04339250493096647
2016-11-14,0.3065779399656771,0.6521068859198356,0.5901328273244781,0.2512473271560941,0.002115655853314524,0.29802955665024633,0.04583538689009359
2016-11-15,0.2898058347728591,0.5454545454545454,0.5891276864728192,0.2707516921980762,0.0021149101163200346,0.28606597735105854,0.04532019704433499
2016-11-16,0.2998140699517786,0.5852156057494866,0.5837018319646241,0.2841880341880342,0.0017618040873854657,0.30118110236220474,0.04283604135893648
2016-11-17,0.2829462414625359,0.5341200615700359,0.5536616161616161,0.3228907084371663,0.0031701303275801784,0.24741760944417113,0.036417322834645716
2016-11-18,0.2818944434871477,0.563076923076923,0.5602523659305993,0.30498220640569396,0.0024647887323944184,0.21976401179941008,0.04082636497786518
2016-11-19,0.28767317651493046,0.5873910814966683,0.5460277427490543,0.3183920313055852,0.0024639211545230966,0.2314496314496315,0.04031465093412001
2016-11-20,0.29677102048366927,0.6060450819672132,0.5456836798991809,0.3310810810810811,0.004574243490499619,0.25245579567779963,0.040786240786240824
2016-11-21,0.3187039734486327,0.695852534562212,0.5698992443324937,0.3018130110202631,0.0024621878297572675,0.28718703976435933,0.05500982318271119
2016-11-22,0.3074514814901363,0.63510747185261,0.5613593455003147,0.2878464818763326,0.0007032348804500987,0.3066732090284593,0.05301914580265099
2016-11-23,0.3027616875423351,0.6506393861892583,0.5509433962264151,0.2746003552397869,0.0,0.29131927415399705,0.04906771344455352
2016-11-24,0.2966238761021573,0.593558282208589,0.5600251414204902,0.2908380681818182,0.0,0.278921568627451,0.05640019617459535
2016-11-25,0.29280080454655477,0.5513541134389371,0.5640703517587939,0.34149804756833513,0.0,0.24007839294463496,0.05980392156862746
2016-11-26,0.306647077597853,0.5776302349336058,0.5618330194601381,0.3644428672817601,0.0,0.27228207639569046,0.06369426751592355
2016-11-27,0.31055310174444867,0.5778458397141399,0.5721455457967377,0.3678609435970202,0.0003510003510003301,0.2745961820851689,0.07051909892262487
2016-11-28,0.32089134135704683,0.6168367346938776,0.5811912225705329,0.36524822695035464,0.0,0.28718199608610573,0.07488986784140972
2016-11-29,0.3188692726818385,0.5502294747577767,0.5783208020050126,0.380716058135413,0.0,0.32762836185819066,0.07632093933463802
2016-11-30,0.3214551633611098,0.5937818552497451,0.5760801502817783,0.35364989369241673,0.0,0.3269794721407625,0.07823960880195602
2016-12-01,0.3235965498683344,0.6118186449312277,0.5632040050062579,0.3620262132483174,0.0,0.3307278944797264,0.07380254154447707
2016-12-02,0.31570905756292866,0.5896130346232179,0.5540963101938712,0.3672096317280453,0.0,0.3125,0.07083536883243768
2016-12-03,0.31493920133537495,0.5893129770992367,0.53,0.400353982300885,0.0,0.30502684236212785,0.06494140625
2016-12-04,0.3122535689820151,0.515768056968464,0.5371642723297938,0.42250530785562634,0.0,0.3263414634146341,0.0717423133235725
2016-12-05,0.33024006743907175,0.5719369598373156,0.5399500624219725,0.4669260700389105,0.0003500175008750439,0.3315455875182838,0.07073170731707312
2016-12-06,0.3369379791211313,0.5696138211382114,0.5583281347473488,0.47454031117397455,0.0,0.33235867446393763,0.08678693320331543
2016-12-07,0.3357567750093485,0.5718638902996445,0.5529925187032418,0.4736656062212796,0.0,0.32976132489040433,0.08625730994152048
2016-12-08,0.32469676267813274,0.5101522842639594,0.5445482866043614,0.49045936395759715,0.00034965034965039887,0.31645569620253167,0.08621529469069655
2016-12-09,0.3334399147269475,0.5443937087772704,0.5417185554171855,0.4906393500529848,0.0,0.3343065693430657,0.0895813047711782
2016-12-10,0.34847204113154207,0.6206896551724138,0.5351586807716242,0.4855225988700565,0.0,0.3570038910505836,0.09245742092457421
2016-12-11,0.3482248491153535,0.6340598073998986,0.5335820895522387,0.4744087539710554,0.0,0.3543996110841031,0.0928988326848249
2016-12-12,0.32670695312085046,0.4822695035460993,0.5419515226848974,0.48129851799576573,0.00034916201117318746,0.35471331389698735,0.09965969859017987
2016-12-13,0.3335473469878176,0.5377215189873418,0.5304347826086957,0.47266313932980597,0.0,0.3637688198154444,0.09669582118561715
2016-12-14,0.3306104231488827,0.49544534412955465,0.5325884543761639,0.48519040902679833,0.0,0.3674757281553398,0.10296260320543948
2016-12-15,0.34742516522559425,0.5978755690440061,0.5347394540942928,0.47444483609446597,0.0,0.3682678311499272,0.10922330097087374
2016-12-16,0.35938448252522837,0.6638018200202225,0.5399876007439554,0.4665257223396758,0.0,0.37099903006789525,0.11499272197962151
2016-12-17,0.34754253882686537,0.6184941889843355,0.5297397769516728,0.4459316660796055,0.0,0.373242850218129,0.1178467507274491
2016-12-18,0.3371644770479871,0.5671717171717172,0.5188854489164086,0.45140845070422536,0.0,0.3696705426356589,0.11585070285991272
2016-12-19,0.3380140566142075,0.5759717314487632,0.5185643564356436,0.4424498416050686,0.0,0.3728813559322034,0.11821705426356588
2016-12-20,0.33454589624641634,0.5438950554994955,0.5213358070500927,0.444405348346235,0.0,0.3751210067763795,0.12251815980629543
2016-12-21,0.34218539493683303,0.5824508320726172,0.5098887515451174,0.46289131199437217,0.0,0.3768746976294146,0.12100677637947721
2016-12-22,0.32514208024058344,0.5080645161290323,0.4786905497220506,0.47468354430379744,0.0,0.3815280464216635,0.10788582486695697
2016-12-23,0.31734534823754873,0.49773299748110833,0.44999999999999996,0.4843585237258348,0.0006956521739130972,0.38279362010633156,0.08849129593810445
2016-12-24,0.3052962522071598,0.4879154078549849,0.41209130166563845,0.48383696416022487,0.0010431154381085328,0.3830917874396135,0.06379893668438863
2016-12-25,0.3147578563256606,0.5354806240563663,0.4198520345252774,0.46926589392342816,0.0027806743135210255,0.38242394978271366,0.07874396135265704
2016-12-26,0.3028704017243318,0.4632796780684104,0.418977202711029,0.46875,0.0038220986796386747,0.38320463320463316,0.07918879768227904
2016-12-27,0.3116795336895844,0.5188536953242835,0.41625615763546797,0.4671814671814672,0.004168113928447403,0.38398456343463583,0.07963320463320467
2016-12-28,0.3031546598725285,0.4743718592964824,0.40800000000000003,0.47368421052631576,0.0038194444444444864,0.3842815814850531,0.0747708634828751
2016-12-29,0.28522272228819306,0.4158714213962833,0.3825338253382534,0.4682567520168362,0.004165220409580006,0.38409638554216863,0.05641272902603667
2016-12-30,0.29616867801624963,0.4688755020080321,0.3835279655808236,0.4761570827489481,0.003816793893129722,0.3829479768786127,0.061686746987951846
2016-12-31,0.2980230915763325,0.45408931259407925,0.38697788697788693,0.48264984227129337,0.00554977454040928,0.38228213769860375,0.07658959537572252
2017-01-01,0.302032813529699,0.47943831494483446,0.38551258440761205,0.4831814996496146,0.005894590846047154,0.38113570741097214,0.0770341839191141
2017-01-02,0.2924960384592759,0.4380952380952381,0.3797546012269939,0.4840630472854641,0.007625649913344912,0.3804713804713805,0.06496631376323392
2017-01-03,0.2837413705040131,0.4128256513026052,0.3764561618638872,0.4726890756302521,0.007276507276507305,0.37548076923076923,0.05772005772005773
2017-01-04,0.2768618940414567,0.385578367551327,0.3737745098039216,0.46622331116555826,0.006927606511950124,0.371456030754445,0.05721153846153848
2017-01-05,0.26513284760911765,0.37387387387387383,0.3661971830985915,0.4639608117564731,0.003462603878116366,0.3472622478386167,0.036040365209034086
2017-01-06,0.2991535157167226,0.4897448724362181,0.38188494492044067,0.4589017138859741,0.00346140533056416,0.34757561209793564,0.11335254562920272
2017-01-07,0.3266890763361396,0.48150000000000004,0.44036697247706424,0.44195804195804195,0.0031141868512111204,0.37428023032629554,0.21891502640422467
2017-01-08,0.331932795780415,0.5332333833083458,0.4297066014669927,0.435512058720727,0.0031131096506399336,0.37410071942446044,0.21593090211132437
2017-01-09,0.3191816247432331,0.4485514485514486,0.42333536957849727,0.4549266247379455,0.003803596127247566,0.3744007670182167,0.2100719424460432
2017-01-10,0.34096012376356394,0.5366949575636546,0.43284493284493286,0.47083478868319945,0.003456619426201124,0.3751796837565884,0.22674976030680727
2017-01-11,0.32701247599309996,0.4750499001996008,0.4307504575960952,0.4486731843575419,0.0006910850034553828,0.3783524904214559,0.22855773838045046
2017-01-12,0.3893590320143756,0.541645885286783,0.5695121951219513,0.45410122164048866,0.0,0.3714696026807085,0.3994252873563219
2017-01-13,0.3724240246752733,0.4935194416749751,0.5429616087751371,0.43998604326587576,0.0,0.3770334928229665,0.3810435615126855
2017-01-14,0.37586364311959697,0.5356253114100648,0.515225334957369,0.4611091733519358,0.00034518467380051376,0.3873744619799139,0.35550239234449765
2017-01-15,0.37697860956008294,0.48854581673306774,0.5240413877054169,0.4850069735006973,0.0031055900621117516,0.3895793499043977,0.3715925394548063
2017-01-16,0.3799328815559901,0.4997511199601792,0.5200729927007299,0.5019170442662949,0.005174197999310071,0.38939321548017203,0.3632887189292543
2017-01-17,0.3759112177301824,0.48905472636815916,0.5142857142857142,0.5048780487804878,0.0044827586206896974,0.390639923591213,0.35212613473483034
2017-01-18,0.3474256383870542,0.4813525609149677,0.43924665856622114,0.5064437478230581,0.0034470872113064877,0.3904534606205251,0.26361031518624645
2017-01-19,0.36244774672952884,0.5134194831013916,0.46448087431693985,0.5052228412256268,0.00344589937973816,0.39408396946564883,0.29403341288782814
2017-01-20,0.34340226375024113,0.43318430203676106,0.4441747572815534,0.5078315349808562,0.004133654839820866,0.396757272293753,0.27433206106870234
2017-01-21,0.3417176834541929,0.3882820258192652,0.4542146755609461,0.5083507306889353,0.00723140495867769,0.39942802669208766,0.29279923700524557
2017-01-22,0.3333881824637633,0.39652605459057066,0.42181818181818187,0.5081739130434783,0.008605851979345935,0.39971414959504525,0.26549094375595805
2017-01-23,0.3393226033665404,0.4216269841269841,0.42337976983646275,0.5097357440890126,0.009635237439779787,0.4,0.27155788470700337
2017-01-24,0.36009789158366123,0.5314823996033713,0.4328087167070218,0.5140771637122002,0.00859993120055036,0.3998096144693003,0.27380952380952384
2017-01-25,0.37006582924573433,0.5148662041625371,0.4664246823956443,0.5138985406532314,0.0024071526822558864,0.4005708848715509,0.3222275107091861
2017-01-26,0.36597090223657736,0.5096582466567607,0.46009673518742444,0.5178881556095867,0.0,0.40085592011412263,0.30732635585157
2017-01-27,0.35634011361004414,0.4881188118811881,0.4392749244712991,0.5194444444444445,0.0,0.40114068441064643,0.2900618164526866
2017-01-28,0.3472799961062469,0.43839683325086587,0.4341787439613527,0.5230822631030893,0.0,0.4014251781472684,0.28659695817490494
2017-01-29,0.35535983878250516,0.4920870425321464,0.43391671695835843,0.5246356696738376,0.0,0.4012345679012346,0.2802850356294537
2017-01-30,0.3519029176518332,0.4493326742461691,0.44330518697225574,0.5261879986125564,0.0,0.40199335548172754,0.29059829059829057
2017-01-31,0.36039757488928387,0.5163043478260869,0.4412296564195298,0.5263522884882108,0.0,0.4022770398481973,0.27622211675367825
2017-02-01,0.34244907651790774,0.4918518518518519,0.40662650602409633,0.5254766031195841,0.0,0.4011379800853485,0.22960151802656548
2017-02-02,0.3097045953762139,0.3198420533070089,0.39373871161950635,0.5322245322245323,0.0,0.4014218009478673,0.21100047415836887
2017-02-03,0.32239359771183324,0.43117908238776514,0.3820697954271961,0.5303082784897818,0.0,0.4026527711984841,0.1881516587677725
2017-02-04,0.32713595528656514,0.45857988165680474,0.3794347564642213,0.5339335180055401,0.00034270047978068874,0.40198863636363635,0.18853623874940784
2017-02-05,0.32666379336735035,0.4647609659931,0.3768028846153846,0.5382485289027346,0.00034258307639600805,0.4036914339801231,0.17613636363636365
2017-02-06,0.32534814525832195,0.41970443349753694,0.3825825825825826,0.5470588235294118,0.0,0.4039735099337748,0.19876952200662568
2017-02-07,0.34274295643369407,0.5327424913835549,0.3787515006002401,0.5510204081632653,0.0,0.4037825059101655,0.19016083254493854
2017-02-08,0.3191141709361793,0.4271653543307087,0.3725254949010198,0.5487551867219918,0.0,0.4045368620037807,0.16170212765957448
2017-02-09,0.3246819353886245,0.44859813084112155,0.37290167865707435,0.5530591081921881,0.0,0.40481813887576756,0.16871455576559546
2017-02-10,0.33954658387128817,0.4036381514257621,0.4074295985620132,0.5646164478230823,0.0,0.40273843248347496,0.2588568729333963
2017-02-11,0.3496982742922734,0.4771498771498771,0.39820359281437123,0.5658031088082901,0.0,0.4039641340254837,0.2530689329556185
2017-02-12,0.34865732029132124,0.49754420432220037,0.38839018551765414,0.5625,0.0,0.4033018867924528,0.24020764511562054
2017-02-13,0.35032812607447966,0.49680903289150713,0.3953349282296651,0.5595443562305834,0.0,0.40546911834040544,0.244811320754717
2017-02-14,0.3372448949592157,0.41315014720314036,0.39988045427375973,0.5524499654934437,0.0,0.40574929311969843,0.2522395096652522
2017-02-15,0.32876514271655083,0.3845022069641981,0.3930704898446834,0.5505346671265954,0.0,0.4060292039566651,0.2384542884071631
2017-02-16,0.3463362783758516,0.4985294117647059,0.39223880597014926,0.5444827586206896,0.0,0.4063088512241054,0.23645784267545922
2017-02-17,0.32931407608810886,0.44047035766780984,0.37828162291169454,0.5429162357807652,0.0,0.40470588235294114,0.20951035781544258
2017-02-18,0.32351003073912055,0.42703232125367285,0.3738819320214669,0.549276361130255,0.0,0.40216368767638755,0.18870588235294117
2017-02-19,0.3224130110281573,0.42633382280959375,0.3736591179976162,0.5401308990699276,0.0,0.4029149036201223,0.19143932267168395
2017-02-20,0.3333486358637024,0.4941291585127201,0.37462775461584275,0.5292699724517906,0.0,0.4078947368421053,0.19417019275975556
2017-02-21,0.3142663641493905,0.4239608801955991,0.3654761904761905,0.5263339070567986,0.0,0.4077031470173791,0.16212406015037595
2017-02-22,0.31180104000991227,0.4457478005865103,0.36049970255800123,0.5227116311080523,0.0,0.40751173708920185,0.1343353687177078
2017-02-23,0.3112825673837139,0.4465070835368833,0.36087990487514865,0.5201238390092879,0.0,0.40685124354763025,0.1333333333333333
2017-02-24,0.29013714874007324,0.36279296875,0.35710041592394537,0.5199449793672627,0.0,0.4019699812382739,0.09901454716095726
2017-02-25,0.2841415782088444,0.3138116154221572,0.3574821852731591,0.5187349604675147,0.0,0.40225035161744027,0.11257035647279545
2017-02-26,0.2892557440051306,0.31999999999999995,0.35905044510385753,0.5175257731958763,0.0,0.4020618556701031,0.136896390060947
2017-02-27,0.2786170751752867,0.27352510970258415,0.35824436536180304,0.5152868430092752,0.0,0.405152224824356,0.11949390815370198
2017-02-28,0.295951017543238,0.3908382066276803,0.3568464730290456,0.5106456043956044,0.0,0.40262172284644193,0.11475409836065575
2017-03-01,0.29042618209834653,0.3570384802727715,0.3584123222748815,0.5066941297631308,0.0,0.39962564342536266,0.1207865168539326
2017-03-02,0.2878181606363252,0.3729308666017527,0.3540556542332741,0.5054907343857241,0.0,0.39943872778297473,0.09499298081422558
2017-03-03,0.27296650227668146,0.3065693430656934,0.3520710059171598,0.5060034305317325,0.0,0.394109396914446,0.07904583723105707
2017-03-04,0.27184938528138397,0.316147859922179,0.3506800709639266,0.4955418381344307,0.0,0.39392523364485976,0.07480130902290794
2017-03-05,0.28873135211415857,0.4088478366553233,0.35165484633569744,0.4874871443263627,0.0,0.3876693134049509,0.09672897196261687
2017-03-06,0.2760613116404967,0.3406219630709426,0.3508564678086238,0.4849211788896505,0.0,0.3879551820728291,0.09201307800093417
2017-03-07,0.27839295770130157,0.3613404565322972,0.35064935064935066,0.48235697156560464,0.0,0.38450769948670094,0.09150326797385622
2017-03-08,0.2806454183435003,0.3393203883495146,0.3569321533923304,0.4712328767123288,0.0,0.3824626865671642,0.13392440503966407
2017-03-09,0.3100175304752526,0.4308588064046579,0.36615566037735847,0.4727832933926737,0.0,0.38088578088578084,0.20942164179104472
2017-03-10,0.2931856793176464,0.3802133850630456,0.3618149675898644,0.4671457905544148,0.0,0.3788443616029823,0.17109557109557105
2017-03-11,0.3162708807432349,0.40281143965099375,0.37809187279151946,0.45706465959630516,0.0,0.3754075454122031,0.28424976700838767
2017-03-12,0.2948161592600618,0.38953488372093026,0.36315479693937613,0.43091655266757867,0.0,0.3808193668528864,0.20447135537959948
2017-03-13,0.2742292373966984,0.33414043583535114,0.35705882352941176,0.42735042735042733,0.0,0.3783154955793392,0.1485102420856611
2017-03-14,0.28308261804281415,0.3736689254598258,0.3562610229276896,0.43779904306220097,0.0,0.3823255813953489,0.14844113541181947
2017-03-15,0.27595273455052655,0.3265602322206096,0.35605170387779084,0.44072429108302014,0.0,0.38261273826127384,0.1497674418604651
2017-03-16,0.2795842156251171,0.379110251450677,0.3534938344098649,0.4197404371584699,0.0,0.379182156133829,0.14597861459786143
2017-03-17,0.29294316846753293,0.3740937651039149,0.36561032863849763,0.39638101741208603,0.0,0.37296795169530883,0.24860594795539037
2017-03-18,0.33425405970647537,0.4347826086956522,0.39413489736070384,0.4136518771331058,0.0,0.3579387186629527,0.40501625638643757
2017-03-19,0.3836920602469604,0.4886528247223564,0.48007033997655335,0.4124872057318321,0.0,0.29095127610208815,0.6299907149489322
2017-03-20,0.34493238620471756,0.42229729729729726,0.4282366725248975,0.41268758526603,0.0,0.2666975881261595,0.5396751740139212
2017-03-21,0.3575580159472876,0.518572117703811,0.4238875878220141,0.40061370610296626,0.0,0.29578117756142785,0.5064935064935066
2017-03-22,0.3229090739824688,0.4667309546769528,0.3809245172615565,0.41956373551465576,0.0,0.3025949953660797,0.3676402410755679
2017-03-23,0.3551847666063823,0.4404819277108434,0.4251461988304094,0.4282793867120954,0.0,0.3200555812876331,0.5171455050973124
2017-03-24,0.3694117470966642,0.48699421965317924,0.4284044418468732,0.43971389645776565,0.0,0.3282407407407407,0.5331171838814266
2017-03-25,0.39971623364683007,0.44246509388541166,0.5146028037383177,0.45352400408580185,0.0003370407819346388,0.28412771864877373,0.7032407407407407
2017-03-26,0.4065995509849958,0.555822906641001,0.4833625218914186,0.44383934649421375,0.0006738544474393926,0.3029602220166513,0.6529384544192504
2017-03-27,0.3915406499497578,0.4612794612794613,0.4889148191365228,0.4348417829193603,0.001347254968002698,0.29542302357836336,0.6674375578168363
2017-03-28,0.36662544171320494,0.5336538461538461,0.42507288629737605,0.39965986394557823,0.0010101010101010166,0.3100739371534196,0.530282015718909
2017-03-29,0.3483323760615102,0.44930321960595865,0.4248251748251748,0.3726623597415845,0.0,0.30762124711316396,0.5355822550831792
2017-03-30,0.3668986118606252,0.515850144092219,0.4280722189866045,0.36709721278042146,0.0,0.3444136657433057,0.545958429561201
2017-03-31,0.3560092350988775,0.4167066730676908,0.42840512223515714,0.38600067957866124,0.0006727211570803915,0.35071527457314255,0.5535549399815327
2017-04-01,0.35082284904835764,0.5129558541266794,0.3996509598603839,0.3797554347826087,0.0010087424344317197,0.33625461254612543,0.47531149053991695
2017-04-02,0.3473069082393083,0.5160671462829736,0.39360465116279075,0.34872665534804753,0.0013445378151260012,0.35454126325495616,0.46955719557195574
2017-04-03,0.3290711950791657,0.40268456375838924,0.3858221963974433,0.3869653767820774,0.0033602150537634934,0.3548387096774194,0.4407561088059013
2017-04-04,0.3065929179379405,0.3076185912793483,0.3745644599303136,0.42585680352901256,0.004030903594222424,0.35375403040073694,0.37373271889400916
2017-04-05,0.34103944765523103,0.5205938697318008,0.375507835171213,0.40468113975576664,0.004029550033579632,0.36786372007366486,0.37356057116536157
2017-04-06,0.3181484551280354,0.3681187170895165,0.3781902552204176,0.4140386571719227,0.0046995636119503414,0.3718361711919006,0.37200736648250465
2017-04-07,0.30713470206307486,0.4014354066985646,0.3652173913043478,0.4128813559322034,0.005369127516778538,0.37258509659613614,0.28531983433041874
2017-04-08,0.2995759168111642,0.3390722142515543,0.3667439165701043,0.41545238902067094,0.005702784300570252,0.3673563218390805,0.3031278748850046
2017-04-09,0.32051210327509216,0.4598470363288719,0.36768963520555875,0.40887533875338755,0.006371562709590828,0.3713235294117647,0.30896551724137933
2017-04-10,0.29253303867432434,0.34257047300525556,0.36168981481481477,0.4033186589908568,0.006704659738518304,0.3697749196141479,0.2711397058823529
2017-04-11,0.30501231105417625,0.3968481375358166,0.3626373626373627,0.41570751523358157,0.007372654155495928,0.3746556473829201,0.27285254937988057
2017-04-12,0.2843818913217744,0.3011933174224344,0.35838150289017345,0.41759729272419627,0.00670016750418756,0.3712712253327214,0.25114784205693297
2017-04-13,0.3071727239146442,0.4169847328244275,0.36279607163489314,0.41035182679296345,0.007367716008037539,0.3770642201834863,0.2684717760440569
2017-04-14,0.3288862274323075,0.5102527420123987,0.3729792147806005,0.379100439634765,0.007030465349849302,0.379183860614397,0.3247706422018348
2017-04-15,0.324787386062337,0.45948522402287895,0.3727639930755915,0.3968897903989182,0.0076974564926372,0.3725939505041247,0.33929390187987163
2017-04-16,0.31814432486013255,0.40543115769414007,0.37427912341407155,0.40959783710713077,0.00936768149882905,0.3650939074667888,0.345096241979835
2017-04-17,0.32024374748382667,0.42619047619047623,0.375792507204611,0.39087837837837835,0.010033444816053505,0.3667582417582418,0.35180943655519925
2017-04-18,0.3176491712251372,0.4545454545454546,0.369815668202765,0.3657548125633232,0.010364426613172828,0.374370709382151,0.3310439560439561
2017-04-19,0.3042802077272814,0.40770694576593725,0.36787564766839376,0.33727211343686697,0.010026737967914423,0.3824336688014639,0.3203661327231121
2017-04-20,0.3091556378789429,0.42130290061816456,0.36766398158803226,0.35200809989875126,0.011025726695623073,0.38820301783264743,0.31473010064043916
2017-04-21,0.30523010924568156,0.4301330798479087,0.3599769982748706,0.344804318488529,0.011690046760187034,0.3944241316270567,0.2903520804755373
2017-04-22,0.2826377221917816,0.29833729216152016,0.3568965517241379,0.34502529510961216,0.01202003338898161,0.3988122430333486,0.28473491773308957
2017-04-23,0.29876518606742714,0.39458689458689455,0.35898908673176333,0.33749157113958195,0.01234979973297734,0.39863013698630134,0.2905436272270443
2017-04-24,0.2845559100347215,0.3554817275747508,0.35820895522388063,0.2989551735760027,0.012679346012679393,0.39753537197626654,0.2844748858447489
2017-04-25,0.30880639569465096,0.4943074003795066,0.35570854847963285,0.305256064690027,0.012675116744496284,0.40328467153284675,0.28160657234139663
2017-04-26,0.2805359090936023,0.36225699383594123,0.35435779816513757,0.29403839676658805,0.010336778926308798,0.4017327861377109,0.26049270072992703
2017-04-27,0.28031582333852717,0.3312796208530806,0.3518624641833811,0.33367003367003367,0.010000000000000009,0.4033728350045579,0.25170998632010944
2017-04-28,0.2732556564540868,0.3353860729512079,0.3447880870561283,0.3426455738808482,0.00933022325891375,0.3995444191343963,0.20783956244302648
2017-04-29,0.28457118458923963,0.3896780303030303,0.34459072696050375,0.3472409152086137,0.00832778147901403,0.3907103825136612,0.226879271070615
2017-04-30,0.26127495469486284,0.24893516327496445,0.3443935926773455,0.3444332324251598,0.0066600066600066565,0.3918980427856168,0.23132969034608375
2017-05-01,0.26719805427207727,0.3027436140018922,0.34076615208690675,0.35608607935440484,0.009320905459387463,0.3853503184713376,0.20892125625853442
2017-05-02,0.26025640222023855,0.28983451536643023,0.3354285714285714,0.38487394957983195,0.006988352745424309,0.3801728058208277,0.16424021838034575
2017-05-03,0.24709564465043118,0.2575614366729678,0.33238149628783553,0.36760752688172044,0.006320691949434409,0.3727272727272727,0.1459754433833561
2017-05-04,0.24442635185248687,0.33254605573925367,0.3259132420091324,0.29795095733960364,0.005320917858330554,0.380736029077692,0.12409090909090914
2017-05-05,0.22739770487673328,0.2020774315391879,0.32515687393040504,0.3401611820013432,0.004654255319148981,0.36739327883742057,0.12494320763289413
2017-05-06,0.24784208864951685,0.34686172722982533,0.3261117445838084,0.2980866062437059,0.0029910269192422456,0.37085792101679527,0.14214350590372393
2017-05-07,0.22168331843324282,0.1924528301886792,0.32307692307692304,0.313758389261745,0.0016611295681062677,0.37114337568058076,0.12800726282342256
2017-05-08,0.23112625689722308,0.21593587930221592,0.32801822323462415,0.29989936262998995,0.0013284623048821498,0.36734693877551017,0.17422867513611617
2017-05-09,0.20257386165551117,0.13524976437323277,0.31474103585657376,0.33568075117370894,0.0,0.3535811423390752,0.07619047619047614
2017-05-10,0.20994808304239923,0.19265190767781437,0.3128555176336746,0.325511230305062,0.0,0.3543271409152696,0.07434270172257484
2017-05-11,0.21110383469768898,0.19915254237288138,0.31040363843092666,0.33176943699731903,0.0,0.3686594202898551,0.05663797009515181
2017-05-12,0.21049708543653733,0.2362352941176471,0.3090909090909091,0.30251256281407035,0.0,0.3626075147125396,0.05253623188405798
2017-05-13,0.22599529316833267,0.20696142991533395,0.31572969903463943,0.31647689216342934,0.0,0.38054298642533935,0.13626075147125394
2017-05-14,0.22085129763095526,0.1734837799717912,0.31157775255391595,0.3592233009708738,0.0,0.38127544097693356,0.09954751131221717
2017-05-15,0.22189320787975053,0.15554511278195493,0.3108338060124787,0.37985274431057564,0.0,0.38291139240506333,0.10221619176843055
2017-05-16,0.23361559144802616,0.15594175669328325,0.314625850340136,0.3937771830043493,0.0,0.38454586534116586,0.15280289330922248
2017-05-17,0.25172523843410555,0.27183098591549293,0.31218130311614734,0.38561872909698997,0.0,0.3857271906052394,0.1549932218707637
2017-05-18,0.23985370270154074,0.18207414359455654,0.3097395243488109,0.4108993647609495,0.0,0.39006772009029345,0.14634146341463417
2017-05-19,0.2371609848762024,0.2021575984990619,0.30616864742501415,0.42045454545454547,0.0,0.37996389891696747,0.11422121896162529
2017-05-20,0.22273194225217074,0.12751992498827946,0.3048642533936652,0.4290010023387905,0.0,0.38565629228687415,0.08935018050541521
2017-05-21,0.2190063663945863,0.11668228678537962,0.29847371396269073,0.44889779559118237,0.0,0.3845807033363391,0.06540369869192597
2017-05-22,0.21999818775834598,0.15690866510538637,0.2994350282485876,0.4273789649415693,0.0,0.36097341144659756,0.07529305680793508
2017-05-23,0.21873128895820035,0.1530898876404494,0.2970073404856014,0.42757009345794394,0.0,0.35540540540540544,0.07931500675980174
2017-05-24,0.20618896416025193,0.1024801123069724,0.2832957110609481,0.4551217884551218,0.0,0.3556956325979289,0.04054054054054057
2017-05-25,0.20102116845906548,0.10570626753975676,0.2577552171460801,0.47631754503002,0.0,0.34113411341134114,0.025213867627194908
2017-05-26,0.19262004587584736,0.10378681626928477,0.27621195039458846,0.4904968322774258,0.0,0.23076923076923073,0.054455445544554504
2017-05-27,0.19864367923493764,0.11588785046728967,0.2828169014084507,0.4846666666666667,0.0,0.22526978417266186,0.08322087269455691
2017-05-28,0.22840384515134501,0.12190565156468935,0.3029279279279279,0.49783405531489505,0.0,0.19191011235955058,0.2558453237410072
2017-05-29,0.20736529806691592,0.11064425770308128,0.2875633089476646,0.5089940039973351,0.0,0.1967654986522911,0.14022471910112355
2017-05-30,0.2098779405382206,0.12412505832944465,0.2845894263217098,0.5024975024975025,0.0,0.22810956443646158,0.11994609164420489
2017-05-31,0.2264116946897812,0.10354477611940294,0.2945474985947162,0.5096537949400799,0.0,0.2374326750448833,0.21329142343960483
2017-06-01,0.2252763775029205,0.10675990675990676,0.2837078651685393,0.5111480865224626,0.0,0.30551816958277256,0.14452423698384198
2017-06-02,0.22294601647821102,0.09832246039142589,0.27007299270072993,0.5149700598802395,0.0,0.3417040358744394,0.11260655002243158
2017-06-03,0.21821065187808494,0.11551001397298555,0.2502805836139169,0.523445294313269,0.0,0.3375168086060063,0.08251121076233181
2017-06-04,0.20917933274560896,0.07169459962756053,0.2372406057206955,0.5222739361702128,0.0,0.3530465949820788,0.07082025997310626
2017-06-05,0.2205840937058269,0.10144253140995807,0.24271300448430488,0.5350614822200066,0.0,0.3502015226153157,0.09408602150537637
2017-06-06,0.20443749047757412,0.08976744186046515,0.20392156862745103,0.5372093023255814,0.0,0.3424350940017905,0.053291536050156685
2017-06-07,0.1920657835186169,0.09437470943747095,0.17133258678611418,0.5390235802059117,0.0,0.31901565995525727,0.0286481647269472
2017-06-08,0.20608777131857506,0.08828996282527879,0.20257414661443762,0.5355245683930943,0.0,0.3416815742397138,0.06845637583892616
2017-06-09,0.20317152736236968,0.0849976776590804,0.18456375838926176,0.542648523066711,0.0,0.35225748770675014,0.054561717352414996
2017-06-10,0.20726172186760547,0.10074280408542247,0.1861375069871437,0.5437956204379562,0.0,0.3552278820375335,0.05766651765757713
2017-06-11,0.20043492743211933,0.10580046403712295,0.17039106145251393,0.5525704809286899,0.0,0.3291648057168379,0.04468275245755138
2017-06-12,0.19329389807349961,0.0983302411873841,0.1663874930206588,0.5517241379310345,0.0,0.303125,0.04019651630192045
2017-06-13,0.21355952889247118,0.11590171534538707,0.2204241071428571,0.5442492542260524,0.0,0.248103525211959,0.15267857142857144
2017-06-14,0.2131420412944124,0.11909175162187213,0.21305075292805353,0.5407554671968191,0.0,0.25646743978590547,0.1494868362338242
2017-06-15,0.2509043565094149,0.15331171838814261,0.2787068004459309,0.5369327591917854,0.0,0.22336156932679452,0.31311329170383584
2017-06-16,0.2592343483220943,0.13194444444444442,0.2818941504178273,0.5433774834437086,0.0,0.2598039215686274,0.33838609005795806
2017-06-17,0.24907193549709938,0.13373438223044887,0.27616926503340755,0.5425355842436279,0.0006555227794166063,0.24008908685968822,0.30124777183600715
2017-06-18,0.220572137786425,0.11933395004625347,0.23316638842515303,0.5459960291197882,0.000982961992136322,0.22439893143365985,0.19955456570155905
2017-06-19,0.251865821381756,0.13777161349976885,0.26974416017797553,0.5438306318226926,0.0016377333770062341,0.25856697819314645,0.29964381121994654
2017-06-20,0.23736693997486658,0.11829944547134941,0.2518065591995553,0.5416666666666666,0.0016371971185330514,0.2508896797153025,0.25990209167779266
2017-06-21,0.21202817153002732,0.12794457274826787,0.21611111111111114,0.5477685950413224,0.0009819967266775365,0.1925300133392619,0.18683274021352314
2017-06-22,0.2310950623078474,0.13527239150507853,0.24375347029428096,0.5508922670191673,0.0009816753926701338,0.1968888888888889,0.2587816807469987
2017-06-23,0.2283010535192609,0.13428703276419007,0.23196448390677027,0.5434423521638586,0.0006542361792607476,0.21901377165704128,0.24044444444444446
2017-06-24,0.2273210154158849,0.10516605166051662,0.23516361619523019,0.5402906208718626,0.00228907782864618,0.23134991119005333,0.24966681474900043
2017-06-25,0.24926126076023922,0.13600737667127705,0.26718403547671843,0.5364806866952789,0.0035959463877084374,0.22148246782068348,0.33081705150976914
2017-06-26,0.2725524399431571,0.2290322580645161,0.2825484764542936,0.5313531353135313,0.0039215686274509665,0.20141969831410822,0.3870395028850422
2017-06-27,0.27466758834645555,0.16996775679410414,0.29568106312292364,0.5239194985153415,0.004573668735707304,0.1915742793791574,0.4622892635314996
2017-06-28,0.2610601700666388,0.18830570902394106,0.280022136137244,0.5161609498680739,0.004572175048987548,0.18838652482269502,0.38891352549889135
2017-06-29,0.2543023369199408,0.11826967326277038,0.271570796460177,0.5219254863171777,0.005550114267058426,0.22862206468763846,0.37987588652482274
2017-06-30,0.2774025856792179,0.23735050597976082,0.2808181315644003,0.510547132498352,0.006201044386422994,0.22143489813994688,0.4080638015064244
2017-07-01,0.28905740017539583,0.1393103448275862,0.2950276243093922,0.5077429983525535,0.007177814029363794,0.2766710934041612,0.508414526129318
2017-07-02,0.3003809093797168,0.1236213235294118,0.29928216454997236,0.5062582345191041,0.007827788649706457,0.29646017699115046,0.5688357680389553
2017-07-03,0.275767709510591,0.09416628387689485,0.2853200883002207,0.5123477115574581,0.00847733941962825,0.2936753648827952,0.4606194690265487
2017-07-04,0.2810323296955865,0.10881542699724522,0.2824048538334253,0.5062541145490455,0.009126466753585416,0.33996463306808133,0.4396284829721362
2017-07-05,0.27226261798081236,0.12758145938503895,0.27067254685777287,0.4922671931556433,0.009775171065493637,0.3221387538665488,0.41114058355437666
2017-07-06,0.2738024480295602,0.136697247706422,0.26942148760330575,0.4766447368421053,0.010749185667752403,0.3295053003533569,0.41979673000441886
2017-07-07,0.2806486530998553,0.15451627693718473,0.2742290748898678,0.4656363038474186,0.0113969391077825,0.35143487858719646,0.426678445229682
2017-07-08,0.30522378988344845,0.15719523373052247,0.2944413869014859,0.4477317554240631,0.01204427083333337,0.3583406884377758,0.5615894039735099
2017-07-09,0.2862167992237849,0.11681172698121856,0.2865786578657866,0.4196516595465002,0.01269118125610158,0.3678870754300838,0.5136804942630185
2017-07-10,0.3036214215326698,0.1891025641025641,0.29466739967014843,0.3896189224704336,0.013337670787247902,0.3505291005291006,0.5844728716365241
2017-07-11,0.31764541152957504,0.1038901601830664,0.3142857142857143,0.41444991789819374,0.01430894308943087,0.3292199206698986,0.7297178130511464
2017-07-12,0.3220160585794129,0.13449222323879229,0.314662273476112,0.42449113591595533,0.014954486345903795,0.30704845814977977,0.7364477743499339
2017-07-13,0.32038161518502667,0.12071330589849105,0.31009879253567507,0.4381358713488677,0.015599610009749743,0.325407309555262,0.7123348017621145
2017-07-14,0.34018536471201627,0.17138939670932363,0.31267142073505216,0.4468503937007874,0.016569200779727122,0.36223591549295775,0.7313958608542492
2017-07-15,0.3634743823250223,0.264047510278666,0.32565789473684215,0.4552312233519187,0.017213380967846748,0.3220413550373955,0.7966549295774648
2017-07-16,0.38987293574029175,0.36986301369863017,0.33479452054794523,0.4262295081967213,0.01753246753246751,0.2704485488126649,0.9203695556533216
2017-07-17,0.37198753011419533,0.2619808306709265,0.34392113910186195,0.44083906915765325,0.018175916910094125,0.22329670329670326,0.9437115215479331
2017-07-18,0.34247408826091297,0.23722627737226276,0.3262178434592228,0.44003931847968547,0.018494484101233,0.22847100175746926,0.8043956043956044
2017-07-19,0.3252855092154124,0.16689466484268123,0.3194748358862144,0.4520144120537177,0.01913720402205643,0.21914800175669746,0.7750439367311073
2017-07-20,0.3452520080865926,0.22743846855059258,0.32367413887370144,0.4502292075965946,0.019779507133592777,0.2603160667251976,0.790074659639877
2017-07-21,0.2377230787509089,0.11070615034168563,0.23497267759562845,0.45891980360065465,0.020421393841166924,0.1965774462483545,0.40474100087796316
2017-07-22,0.28006778929030857,0.14207650273224048,0.275805570726379,0.46138743455497383,0.02106286454957873,0.21052631578947367,0.5695480473892058
2017-07-23,0.24946061523650517,0.11561219845243509,0.23744541484716153,0.4792280013084724,0.022027858762552643,0.21350284962735644,0.42894736842105263
2017-07-24,0.2743281733165384,0.10737033666969975,0.2547735951991271,0.4790712884238064,0.023639896373056968,0.2791411042944786,0.5019728189390618
2017-07-25,0.2764597148707797,0.10140973169622558,0.2579062159214831,0.4936253677672442,0.024603431531239894,0.2706964520367937,0.5105170902716916
2017-07-26,0.3354909350268907,0.18454545454545457,0.3008174386920981,0.5084967320261438,0.024919093851132668,0.3169877408056042,0.677179150240911
2017-07-27,0.35552951776016,0.19809177646524312,0.303921568627451,0.5119242077752368,0.030087350372047905,0.37636761487964987,0.7127845884413311
2017-07-28,0.3354435438511281,0.15258855585831066,0.2841589548176374,0.519921619856303,0.034282018111254864,0.3923884514435696,0.6293216630196936
2017-07-29,0.3196933959969576,0.14934180662732632,0.2524483133841132,0.5181194906953966,0.040413837698027755,0.38478355924792307,0.5730533683289589
2017-07-30,0.33773348110127,0.1460980036297641,0.279499728113105,0.5329634464751958,0.04395604395604391,0.3780594405594405,0.6458242238740708
2017-07-31,0.34824558344773265,0.16961451247165538,0.2673913043478261,0.533768352365416,0.04458804523424875,0.4333770205329839,0.6407342657342657
2017-08-01,0.33521301388794916,0.15684496826835903,0.24117327539380773,0.530658838878017,0.0452196382428941,0.4340611353711791,0.6033202271734381
2017-08-02,0.3620623023009834,0.17127322156773905,0.2779587404994571,0.5197261167264428,0.045527930255085614,0.4369271060672195,0.7209606986899564
2017-08-03,0.36991480508068775,0.17074275362318836,0.28811720021703746,0.5205345501955672,0.046481601032924424,0.43324607329842935,0.7603666521169795
2017-08-04,0.363907613442179,0.20099592575826164,0.2640997830802603,0.5210166177908113,0.047434656340755055,0.43218491059747055,0.7177137870855148
2017-08-05,0.3431201600502341,0.10452488687782802,0.2449864498644987,0.5319218241042345,0.048387096774193505,0.4306887532693985,0.6982119494112516
2017-08-06,0.2850851126282203,0.08412483039348706,0.16901408450704225,0.5450993161836535,0.049338922928087725,0.4305010893246187,0.43243243243243246
2017-08-07,0.2992645950135548,0.13788426763110306,0.17162966973470495,0.5504557291666666,0.04996776273372017,0.43292682926829273,0.452723311546841
2017-08-08,0.2784921887283364,0.10573881608676006,0.15476190476190477,0.55125284738041,0.050596197228488515,0.44666956900304744,0.3619337979094077
2017-08-09,0.27377894211535564,0.09304426377597108,0.15413737155219043,0.5650618087182824,0.050902061855670144,0.4238468233246301,0.3556813234653896
2017-08-10,0.2886258900197251,0.13769751693002252,0.1627027027027027,0.5473170731707317,0.050885668276972607,0.4158329708568943,0.417319408181027
2017-08-11,0.2768903296860587,0.14124548736462095,0.15451107509454354,0.5412873862158648,0.05022537025112683,0.40695652173913044,0.36711613745106564
2017-08-12,0.2523940377861931,0.10780333784393326,0.13930885529157666,0.5349366265843354,0.04988735114258125,0.4154715341156019,0.2669565217391304
2017-08-13,0.2368385027275278,0.11136158701532917,0.13383702104695094,0.5337881741390513,0.0498712998712999,0.4100781928757602,0.18209474141677529
2017-08-14,0.22066850023200316,0.08337088778729163,0.12837108953613807,0.5384865215979214,0.05049855258925695,0.40034737299174994,0.1229365768896612
2017-08-15,0.2090985066569602,0.09909909909909909,0.12129380053908356,0.5435064935064935,0.052733118971061144,0.38151041666666663,0.05644811115935733
2017-08-16,0.2125315574417269,0.07834308869878437,0.12607758620689657,0.5361895488477767,0.049501767920282824,0.38177874186550975,0.10329861111111116
2017-08-17,0.20445574250696152,0.09990999099909992,0.12008616047388265,0.5288773523685918,0.048521850899742924,0.3733738074588031,0.05596529284164864
2017-08-18,0.19902901440999843,0.04633378317588843,0.12217438105489775,0.5283814466428803,0.048185030517186034,0.376679670567837,0.07241977450130099
2017-08-19,0.21624118280604618,0.08767985611510787,0.13071543840774613,0.5291828793774319,0.047206165703275516,0.35701906412478335,0.14564369310793235
2017-08-20,0.21554338788688113,0.08404494382022476,0.1279569892473118,0.5241491085899513,0.04686998394863562,0.36769164140320487,0.14254766031195842
2017-08-21,0.22292104756020334,0.12219227313566938,0.13218699623858143,0.5171743357096565,0.046854942233632846,0.3571428571428571,0.1619748809008229
2017-08-22,0.23630478414400888,0.17871576111360576,0.13587540279269605,0.5066407515387107,0.045235803657362794,0.3561228905235828,0.1952380952380952
2017-08-23,0.24368454076178084,0.2980251346499102,0.13419216317767046,0.47571243523316065,0.043296985246953135,0.3551038062283737,0.15577672003461707
2017-08-24,0.1888114291795522,0.08030506953790939,0.13143776824034337,0.45354483651667205,0.033023404937480016,0.30306960657155213,0.13148788927335642
2017-08-25,0.19973479340741648,0.20896860986547083,0.1243967828418231,0.4045307443365696,0.02660256410256412,0.36603284356093346,0.0678772157371379
2017-08-26,0.1906851134043246,0.2084267144778127,0.12433011789924975,0.35910708508573275,0.02371034924703619,0.3667386609071275,0.061797752808988804
2017-08-27,0.17518337116304342,0.19265232974910396,0.12533476164970536,0.2936610608020699,0.02146060217809098,0.34974093264248707,0.06825053995680341
2017-08-28,0.15772925137659993,0.0806090461262875,0.12580299785867233,0.2851600387972842,0.02145373038744791,0.3621061717738455,0.07124352331606221
2017-08-29,0.1553630004547288,0.11683079677708141,0.12466559657570897,0.22268907563025211,0.020166453265044848,0.3869715271786023,0.06085455330168321
2017-08-30,0.13748795661059002,0.07874720357941833,0.11764705882352944,0.2135702746365105,0.019519999999999982,0.36265631737818027,0.032786885245901676
2017-08-31,0.13628818742034446,0.06216457960644006,0.11865312667022987,0.22771317829457363,0.018234165067178454,0.35431034482758617,0.03665373005605865
2017-09-01,0.13952765760526062,0.06303084488153776,0.11378205128205132,0.2525024216984178,0.0166293572113847,0.3666523050409306,0.024568965517241415
2017-09-02,0.13455066548100372,0.04468275245755138,0.11265349706353445,0.2621045836023241,0.01662404092071612,0.35400516795865633,0.01723395088323998
2017-09-03,0.1462110794594063,0.07056721750781603,0.12113127001067236,0.27266860277508875,0.015979546180888482,0.35213086526043913,0.04478897502153312
2017-09-04,0.13968306362373026,0.08214285714285718,0.12,0.2132258064516129,0.01565495207667733,0.3653184165232358,0.04175634954799823
2017-09-05,0.14440273746043883,0.070504239178938,0.13166311300639655,0.18123186069009997,0.01501117853720857,0.35397849462365594,0.11402753872633387
2017-09-06,0.14296337218995978,0.04638715432649421,0.12839637719765584,0.20696324951644102,0.014687100893997496,0.3697334479793637,0.0916129032258064
2017-09-07,0.14183561599151323,0.07891217119928662,0.12193823216187438,0.20689655172413793,0.014363230130864935,0.3704340352385045,0.05846947549441106
2017-09-08,0.1381806933236562,0.06417112299465244,0.12187333688131985,0.19039948453608246,0.01403956604977663,0.37628865979381443,0.06231198968629137
2017-09-09,0.16397532387504118,0.07884187082405347,0.1372340425531915,0.23123993558776168,0.014354066985645897,0.3602404465435809,0.16194158075601373
2017-09-10,0.17404890786545804,0.08860195903829027,0.13875598086124397,0.2617514488087572,0.015625,0.3669527896995708,0.17260626878488616
2017-09-11,0.18041362277840636,0.13751668891855806,0.14293304994686507,0.2507241712262633,0.01625757092763791,0.33290433290433286,0.20214592274678111
2017-09-12,0.18113312246583035,0.0916370106761566,0.14498141263940523,0.2673745173745174,0.017527087316762224,0.3353344768439108,0.22994422994422992
2017-09-13,0.18511976276599232,0.0787016451756336,0.14861995753715496,0.26921839819877774,0.017840076457470544,0.3386198028289755,0.25771869639794165
2017-09-14,0.22381482126388438,0.09422222222222221,0.1607427055702918,0.29710610932475884,0.01942675159235674,0.3444730077120822,0.4269181311615945
2017-09-15,0.3116728679224808,0.16437139049311422,0.24284199363732772,0.304725168756027,0.02069404648201212,0.29764453961456105,0.8397600685518423
2017-09-16,0.2561387819239602,0.1181172291296625,0.17488076311605727,0.3390102827763496,0.022278803309993656,0.25599315068493156,0.6265524625267667
2017-09-17,0.2628515048044299,0.1327119396360409,0.17478813559322037,0.3054930934789592,0.02418071905822461,0.31151048352588784,0.6284246575342466
2017-09-18,0.26815681458471535,0.12422360248447206,0.17681312863949183,0.31021194605009633,0.026081424936386766,0.3455945252352438,0.6260162601626016
2017-09-19,0.2341277481018348,0.2195121951219512,0.15291005291005288,0.29951845906902086,0.026391096979332285,0.3557075673364686,0.35072711719418304
2017-09-20,0.2521765292088649,0.14539007092198586,0.16234796404019036,0.34242618741976893,0.02765416401780041,0.3717948717948718,0.4634459170585721
2017-09-21,0.28859012356368163,0.2919805050952592,0.16437632135306557,0.3862688482515239,0.027963139497934497,0.3724903887227681,0.4884615384615385
2017-09-22,0.32166879052627,0.1350752878653676,0.19017432646592713,0.4900577293136626,0.02986022871664551,0.3774551665243382,0.7073900042716788
2017-09-23,0.3417413894883424,0.24347056219566177,0.1916578669482577,0.4918243026611093,0.03270879644331537,0.37729406743491245,0.7134927412467976
2017-09-24,0.31108141701288466,0.1446902654867257,0.17519788918205803,0.5201923076923077,0.03809523809523807,0.38310580204778155,0.6052069995731968
2017-09-25,0.33978873100871904,0.22202565236620964,0.18618143459915615,0.5424543415571932,0.04855601396382103,0.37697228144989336,0.662542662116041
2017-09-26,0.3190102499622457,0.268788682581786,0.16763310490247763,0.561178731582319,0.05393401015228427,0.37425404944586527,0.488272921108742
2017-09-27,0.32020845023091477,0.22359699513919573,0.16965226554267654,0.5632404739032981,0.0548683793212813,0.39198977417980396,0.5179028132992327
2017-09-28,0.2747868946643944,0.1590106007067138,0.1495523959978936,0.5790653008962868,0.05738744451490174,0.40289608177172065,0.30080954409884963
2017-09-29,0.2693561042251609,0.10905077262693152,0.15210526315789474,0.58912,0.06117274167987319,0.39293316304810555,0.31175468483816016
2017-09-30,0.2753564091358029,0.12268314210061781,0.153603366649132,0.5911708253358925,0.06368821292775662,0.3876595744680851,0.33333333333333337
2017-10-01,0.2715327586945199,0.18041464490516101,0.14773922187171395,0.5868244323632875,0.06715235983528667,0.39515099957464905,0.25191489361702124
2017-10-02,0.26936480688329195,0.2063492063492064,0.1455596426694693,0.5808823529411765,0.0680810639645345,0.3907312925170068,0.2245852828583581
2017-10-03,0.2616636758084033,0.14455707360070513,0.14653361344537819,0.5781399808245445,0.06869262424817979,0.39779005524861877,0.23426870748299322
2017-10-04,0.2626604253444517,0.10264317180616744,0.1501312335958005,0.5958466453674122,0.069620253164557,0.3819031435853866,0.2758181045473863
2017-10-05,0.29301065217128913,0.22060766182298552,0.15529905561385104,0.5946981794953689,0.07054729515975955,0.38980891719745225,0.3271028037383178
2017-10-06,0.28391193047844787,0.24559859154929575,0.15049816465652854,0.5718390804597702,0.07115749525616699,0.3892190152801358,0.27515923566878986
2017-10-07,0.2617672733955232,0.13418389793224816,0.149895178197065,0.5761251196935844,0.07176730951628196,0.3826898599915146,0.2559422750424448
2017-10-08,0.2542008643974109,0.1328056288478452,0.1466736511262441,0.5727504786215699,0.07237673830594182,0.38888888888888884,0.21170980059397537
2017-10-09,0.23450626292090052,0.09406593406593411,0.13821989528795808,0.5706539074960127,0.07330173775671411,0.3827893175074184,0.14800678541136558
2017-10-10,0.2218380287995146,0.11467486818980666,0.12977498691784406,0.5669642857142857,0.07296272899557799,0.34957627118644063,0.0970750317931327
2017-10-11,0.22902686761118765,0.12033377250768551,0.13284518828451886,0.5820847943895442,0.07293969055888849,0.3396865734858111,0.12627118644067792
2017-10-12,0.22795514077125656,0.16286215978928886,0.12911657083115524,0.5688336520076482,0.07291666666666663,0.32176121930567314,0.11224057602710713
2017-10-13,0.1897233440310804,0.10399297937691965,0.11076280041797282,0.5606881172347882,0.07257810034711265,0.26872619551417687,0.02159187129551232
2017-10-14,0.18207852555620488,0.12368421052631584,0.10809399477806791,0.5420382165605095,0.07160883280757102,0.23054145516074454,0.01650444350402036
2017-10-15,0.17596220550385788,0.10960105217010085,0.10281837160751561,0.5354982489652976,0.07064017660044153,0.2228329809725158,0.014382402707275754
2017-10-16,0.1669845951798811,0.0477651183172656,0.10589462702138763,0.5381922342457034,0.07124842370744011,0.22104818258664416,0.017758985200845623
2017-10-17,0.17237711511331347,0.06920718353044242,0.10531803962460895,0.551065860642698,0.06996533249290893,0.22095479509928184,0.017751479289940808
2017-10-18,0.18160424286976093,0.08887915936952717,0.11099531005732155,0.5518447837150128,0.06931316950220545,0.24028716216216217,0.028305872412336286
2017-10-19,0.190870862845029,0.11072210065645516,0.11197916666666663,0.5637519872813991,0.06960629921259842,0.2558041367665682,0.033361486486486513
2017-10-20,0.1812110103596262,0.07086614173228345,0.1093180635085893,0.5565797838525112,0.06989924433249373,0.2518987341772152,0.028704094554664383
2017-10-21,0.17498146858948485,0.06121556624398772,0.10041623309053072,0.5694312043215761,0.07082152974504252,0.22986081822016025,0.018143459915611837
2017-10-22,0.17415053021087337,0.09527972027972031,0.09932397295891837,0.5400254129606099,0.0695405915670233,0.2209106239460371,0.019822859552931282
2017-10-23,0.17109736556815705,0.061162079510703404,0.10135135135135132,0.5509685614480787,0.06951871657754005,0.21997471554993675,0.02360876897133224
2017-10-24,0.18507433546923688,0.07991266375545847,0.10597402597402594,0.532063492063492,0.06855345911949684,0.2847514743049705,0.039190897597977226
2017-10-25,0.21138907921802855,0.10432125709297246,0.1163032191069574,0.5245953665503015,0.06790317510216914,0.32799999999999996,0.1272114574557709
2017-10-26,0.2039050789380955,0.07286212914485168,0.113129216398547,0.5282360406091371,0.06851037083595224,0.3547979797979798,0.08589473684210525
2017-10-27,0.20104036614716222,0.07501090274749234,0.10736514522821572,0.5413891531874405,0.06974552309142323,0.35002103491796377,0.06271043771043772
2017-10-28,0.24391732126049318,0.28291194420226673,0.11353032659409024,0.5256816740646798,0.06909547738693467,0.37973086627417996,0.09255363904080771
2017-10-29,0.25725862773186897,0.38474945533769067,0.11450777202072537,0.5055467511885895,0.06750392464678179,0.38209331651954603,0.08915054667788058
2017-10-30,0.19565517018067444,0.10496515679442509,0.0983946141895391,0.5044359949302915,0.06654111738857504,0.365546218487395,0.034047919293820894
2017-10-31,0.2004027821430577,0.11841532433609059,0.1019668737060041,0.5125118783655369,0.0658926890492626,0.36077278454430917,0.042857142857142816
2017-11-01,0.19581659312067093,0.12445604873803306,0.09053285049146409,0.5224825839138696,0.06336260978670016,0.35012594458438284,0.023939521209575765
2017-11-02,0.18588127520512768,0.08394954327968684,0.08066184074457083,0.5264324153213042,0.06208842897460021,0.34578262694083084,0.016372795969773257
2017-11-03,0.18021555524355337,0.08434782608695657,0.07235142118863047,0.5167721518987342,0.06050156739811907,0.3355704697986577,0.011749895090222395
2017-11-04,0.18938286707166463,0.13993915688830938,0.06818181818181823,0.5213540018981335,0.059229081792541494,0.33794549266247376,0.009647651006711389
2017-11-05,0.1804886221570117,0.1112076455256299,0.06504904491481678,0.5370018975332068,0.05827067669172936,0.30511316010058676,0.0062893081761006275
2017-11-06,0.17301439291238016,0.09335649153278336,0.06656346749226005,0.5333544103699019,0.056999686814907635,0.2798491830749895,0.0079631181894384
2017-11-07,0.18361518344564431,0.125,0.07735946364105206,0.5331858407079646,0.055416405760801535,0.2889447236180904,0.021784666945957265
2017-11-08,0.17971798940680314,0.08156182212581342,0.07474226804123707,0.5270142180094787,0.05383411580594677,0.3206362494767685,0.020519262981574582
2017-11-09,0.1654352986766983,0.0915004336513443,0.06646058732612059,0.5265319014529375,0.05162703379224032,0.24100418410041846,0.015487651737128516
2017-11-10,0.170897933771296,0.09016038144776761,0.0777548918640577,0.5241553520682033,0.04723177979355642,0.25637808448347976,0.02970711297071127
2017-11-11,0.19253735933134672,0.18804159445407276,0.09469891919711781,0.5265151515151515,0.04158849280800503,0.22742474916387956,0.07695524884985361
2017-11-12,0.23598193563228498,0.4235599826764833,0.10648148148148151,0.5181445250867782,0.035010940919037226,0.19431675720852482,0.13837792642140467
2017-11-13,0.2564208111678659,0.4826839826839827,0.12442159383033424,0.5132492113564668,0.03125,0.10025062656641603,0.2866694525699959
2017-11-14,0.1705143310507257,0.14106447425356994,0.10020554984583763,0.5209713024282561,0.02780381130896592,0.10020876826722336,0.1328320802005013
2017-11-15,0.17136239837923828,0.1721453287197232,0.09809964047252184,0.5,0.023735165521549084,0.10475792988313859,0.12943632567849683
2017-11-16,0.13956737753863732,0.0933852140077821,0.07597535934291577,0.484714780964387,0.02060568217296288,0.11514392991239053,0.047579298831385675
2017-11-17,0.1258868198690817,0.07649092480553155,0.06362237044638275,0.4763705103969754,0.01872659176029967,0.09507923269391161,0.025031289111389188
2017-11-18,0.12570339747555193,0.062203023758099385,0.06461538461538463,0.4752755905511811,0.01747269890795633,0.10045852438516045,0.034195162635529575
2017-11-19,0.12965651905989115,0.11269430051813467,0.06406970784213228,0.4505667506297229,0.01684341859014349,0.09791666666666665,0.035848270112546876
2017-11-20,0.11401773893508908,0.06603366422097545,0.06198770491803274,0.40793201133144474,0.01527907701902087,0.10245730945439402,0.030416666666666647
2017-11-21,0.11525410914414912,0.04184641932700606,0.06041986687147982,0.4421019509125236,0.014339152119700715,0.10574521232306411,0.027072053311120392
2017-11-22,0.11930322908180356,0.05088400172488139,0.06243602865916065,0.4167977351368355,0.013399813025864793,0.13108614232209737,0.04121565362198165
2017-11-23,0.12301155882664144,0.08491379310344827,0.060869565217391286,0.4006289308176101,0.0127725856697819,0.1405990016638935,0.038285476487723624
2017-11-24,0.1234304331309642,0.0775527789745799,0.06441717791411039,0.38415592580949387,0.012768607910308316,0.14178794178794174,0.05990016638935103
2017-11-25,0.11295216623734357,0.08785529715762275,0.06234031681144614,0.31709616593337525,0.012141967621419725,0.13840399002493764,0.05987525987525988
2017-11-26,0.09610643025109498,0.06457167455876023,0.0561797752808989,0.26924285265472825,0.012138188608776801,0.13834648940589944,0.03615960099750626
2017-11-27,0.0988490606005717,0.05636833046471601,0.052577845839714143,0.30433417085427134,0.012445550715619147,0.14410299003322258,0.023265475695886995
2017-11-28,0.11105150735164832,0.033978494623655875,0.05051020408163265,0.41318681318681316,0.013374805598755812,0.136986301369863,0.01827242524916939
2017-11-29,0.10580536902467604,0.043852106620808295,0.049464558898521194,0.3810420590081607,0.013992537313432862,0.12738589211618256,0.01909506019095064
2017-11-30,0.10020107353984747,0.033949290932531184,0.050968399592252855,0.3501725760903671,0.014299036369288198,0.12069680630443802,0.03112033195020747
2017-12-01,0.0975455831397417,0.036512027491408916,0.049414161996943484,0.32936010037641156,0.014916096954630254,0.12354892205638479,0.03152218996267109
2017-12-02,0.08789220201712027,0.027479604980678363,0.04378818737270873,0.30761994355597366,0.01584342963653307,0.11562370493162044,0.016998341625207303
2017-12-03,0.0849002490622845,0.03433476394849788,0.04376590330788799,0.2981191222570533,0.016770186335403725,0.09900579950289978,0.017405719021964305
2017-12-04,0.08712904685797701,0.029601029601029616,0.041200406917599186,0.3224694453149483,0.018938217944737712,0.09565217391304348,0.014913007456503702
2017-12-05,0.08426538545529876,0.026157804459691292,0.036603965429588214,0.32393483709273185,0.02079453755431404,0.08567880794701987,0.012422360248447228
2017-12-06,0.08503406350507914,0.026575225032147487,0.03658536585365857,0.3257124960851863,0.022029165373875226,0.08605709557302443,0.013245033112582738
2017-12-07,0.08410729849513575,0.0132819194515853,0.016759776536312887,0.3594239198497182,0.02295285359801491,0.09139784946236562,0.0008274720728175256
2017-12-08,0.08084520967805182,0.013704496788008558,0.012182741116751217,0.352112676056338,0.022325581395348792,0.0847457627118644,0.0
2017-12-09,0.07799453568423398,0.015839041095890405,0.013698630136986356,0.35826032540675845,0.017358958462492247,0.06198347107438018,0.0008267879288962332
2017-12-10,0.07820938304959406,0.014976465554129237,0.01572008113590262,0.36502971535814827,0.016114037806011727,0.053283767038413865,0.004132231404958664
2017-12-11,0.08336444674928528,0.018819503849443975,0.015712113532691308,0.40619136960600377,0.01610904584882278,0.038398018166804326,0.00495662949194553
2017-12-12,0.09464357727710869,0.012825994014536102,0.012664640324214771,0.49015317286652077,0.016723443790647274,0.033016921172100755,0.002477291494632494
2017-12-13,0.10011976338733647,0.016239316239316293,0.011139240506329084,0.520625,0.018885448916408643,0.030940594059405968,0.0028889806025588216
2017-12-14,0.10291534276030966,0.011533532678342562,0.015182186234817818,0.5292096219931272,0.0232126276694522,0.029690721649484497,0.008663366336633671
2017-12-15,0.10931865740274054,0.013236549957301502,0.015174506828528056,0.561524047470331,0.024752475247524774,0.0309150865622424,0.010309278350515427
2017-12-16,0.11037234548868628,0.014938113529662789,0.011122345803842304,0.5729004058694973,0.02536343952984843,0.030902348578491945,0.007007419620774891
2017-12-17,0.10921198957205841,0.009385665529010212,0.008084891359272373,0.5805243445692884,0.025974025974025983,0.02759472817133446,0.003708281829419069
2017-12-18,0.10958676004902727,0.008955223880596996,0.009090909090909038,0.5825273010920436,0.024420401854714058,0.02511321531494437,0.007413509060955503
2017-12-19,0.11387027940410127,0.010656436487638588,0.009591115598182709,0.6060511540860886,0.02070457354758959,0.02551440329218102,0.01070399341292716
2017-12-20,0.12156369571339869,0.036216446527481905,0.015136226034308753,0.6102276270657936,0.015137472968798305,0.025503907856849084,0.02716049382716046
2017-12-21,0.12541636379258236,0.04344122657580918,0.01865859808371151,0.6041147132169576,0.01142680667078444,0.023026315789473673,0.05183052241875774
2017-12-22,0.13236572459030874,0.05832269050659855,0.022177419354838745,0.6020567154876909,0.009262117937635095,0.023016851623510082,0.07935855263157898
2017-12-23,0.14687601014903715,0.046382978723404245,0.028715365239294743,0.6130841121495327,0.0064814814814815325,0.021364009860312283,0.16522811344019728
2017-12-24,0.14404036055465336,0.062101233517652066,0.024169184290030232,0.6156960448458424,0.0,0.02094455852156063,0.14133114215283482
2017-12-25,0.15653244793228202,0.058673469387755084,0.03220936084549575,0.6310709838107098,0.0,0.018472906403940836,0.1987679671457906
2017-12-26,0.16320511627174875,0.08797280067998303,0.03219315895372232,0.6361655773420479,0.0,0.01764464505539598,0.20525451559934316
2017-12-27,0.14048491108957495,0.05055225148683096,0.022624434389140302,0.6359676415681393,0.0,0.014356029532403558,0.11940910956093553
2017-12-28,0.14428083445285855,0.0424628450106157,0.024120603015075348,0.6251944012441679,0.0,0.014350143501435042,0.1595570139458573
2017-12-29,0.16510514939556312,0.06791171477079794,0.03314917127071826,0.6361940298507462,0.0,0.015983606557377072,0.23739237392373924
2017-12-30,0.16022655469110195,0.04539669070852781,0.030622489959839405,0.6419023935343487,0.0,0.011880376894715328,0.23155737704918034
2017-12-31,0.1980318619218027,0.10050890585241734,0.04716507777220269,0.6423244251087632,0.0,0.01146601146601145,0.38672675133142154
2018-01-01,0.17885601558798794,0.06019499788045779,0.040621865596790374,0.6455420938179559,0.0,0.010233319688907061,0.3165438165438166
2018-01-02,0.19199846562883036,0.08093220338983054,0.0441102756892231,0.65527950310559,0.0,0.013093289689034338,0.3585755218993041
2018-01-03,0.16953668457234924,0.044049131723845836,0.03106212424849697,0.6556969885128842,0.0,0.009406952965235194,0.27700490998363336
2018-01-04,0.16979050079351168,0.059271803556308233,0.02854281422133198,0.6536312849162011,0.0,0.008585445625511001,0.2687116564417178
2018-01-05,0.17057135012173705,0.046127803639441356,0.028528528528528496,0.6593236115420416,0.0,0.00980792807519415,0.2796402289452167
2018-01-06,0.15171003683283713,0.056260575296108284,0.020010005002501274,0.6476426799007444,0.0,0.008986928104575131,0.17736003269309364
2018-01-07,0.15064527383368892,0.03678646934460883,0.020000000000000018,0.6555038759689923,0.0,0.00898325847284609,0.1825980392156863
2018-01-08,0.1651003832327739,0.04606931530008451,0.02398800599700146,0.6584004959702418,0.0,0.008163265306122436,0.2539812168231932
2018-01-09,0.18601464566405443,0.06125897760878751,0.034965034965035,0.6529284164859002,0.0,0.008159934720522233,0.3587755102040816
2018-01-10,0.2003971064673181,0.07516891891891897,0.04393409885172239,0.645910780669145,0.0,0.00897226753670477,0.4283965728274174
2018-01-11,0.19370930205752712,0.06880540312368089,0.041417165668662714,0.6311551563951688,0.0,0.006930289441500204,0.4139477977161501
2018-01-12,0.22500970105147852,0.06160337552742612,0.054364089775561064,0.6222910216718266,0.00030674846625766694,0.007742461287693514,0.603750509580106
2018-01-13,0.21427387573587678,0.07296499367355547,0.0503489531405783,0.6134323738780564,0.0,0.006924643584521384,0.5419722901385493
2018-01-14,0.2106083839812889,0.11298482293423273,0.046337817638266054,0.6008663366336634,0.0,0.002442996742671011,0.5010183299389002
2018-01-15,0.2267697718672451,0.11504424778761058,0.05328685258964139,0.6003711722858026,0.00030646644192455774,0.006105006105006083,0.5855048859934853
2018-01-16,0.23150923870962523,0.13016006739679864,0.054753608760577444,0.5977118119975263,0.0,0.0016273393002440573,0.6048026048026047
2018-01-17,0.2708754214134293,0.1604210526315789,0.07462686567164178,0.594435857805255,0.0,0.0004066693777958763,0.7953620829943043
2018-01-18,0.27121282344156594,0.15614478114478114,0.07608155146693185,0.5837453646477132,0.0,0.00040650406504061376,0.8108987393249288
2018-01-19,0.27023471859989084,0.14556163230963404,0.07604373757455274,0.5894346617238183,0.0006121824303642054,0.0,0.8097560975609757
2018-01-20,0.2731265460245819,0.1568544995794785,0.07501241927471436,0.602532427424336,0.003059975520195879,0.0008123476848090894,0.8004876066639577
2018-01-21,0.2524517813876577,0.10718789407314,0.06554121151936443,0.6156221055881445,0.004588559192413633,0.0,0.7217709179528838
2018-01-22,0.2719121685510722,0.12857142857142856,0.0764267990074442,0.6166666666666667,0.0055045871559632475,0.00040584415584410394,0.8038976857490865
2018-01-23,0.29071620023441597,0.17765644687106252,0.08085317460317465,0.6214131440913299,0.006420055029043081,0.00040567951318459805,0.8575487012987013
2018-01-24,0.28616387207617794,0.15952980688497065,0.08081308874566184,0.6221468229487971,0.007029339853300787,0.0008110300081103361,0.8466531440162272
2018-01-25,0.2826969546998935,0.1548468317247167,0.07978196233894941,0.6327474560592045,0.0076382523678582,0.0016214025131738863,0.8195458231954582
2018-01-26,0.2919468467703437,0.19588926174496646,0.08073303615651317,0.6359432799013564,0.008552229688454482,0.0004051863857373883,0.8301580867450344
2018-01-27,0.2962101227559024,0.2071278825995807,0.08118811881188115,0.6382126348228043,0.009160305343511421,0.000810044552450373,0.8407617504051864
2018-01-28,0.2918655051036569,0.19614417435037723,0.08015833745670464,0.6417128773875539,0.009768009768009733,0.0016194331983805377,0.8217901984609154
2018-01-29,0.28561590786649343,0.18475073313782986,0.0771513353115727,0.6418232214351709,0.010375343301800455,0.0008093889113719444,0.7987854251012145
2018-01-30,0.3018990513479452,0.23534338358458962,0.08255066732575378,0.6443965517241379,0.010982306284319732,0.0020226537216828655,0.8360987454471873
2018-01-31,0.31840272835558686,0.2339891167852658,0.09733201581027673,0.6491228070175439,0.01128392802683742,0.002021835826930829,0.9166666666666666
2018-02-01,0.34445667863057966,0.403347280334728,0.09580246913580248,0.6403076923076924,0.013414634146341475,0.004446240905416343,0.9094217549534978
2018-02-02,0.3394939775579489,0.3086574654956086,0.1179664363277394,0.6367271608735774,0.016458396830234645,0.0,0.9571544058205336
2018-02-03,0.34315380470821166,0.30267558528428096,0.12629501726689685,0.6420664206642066,0.01980499695307736,0.0,0.9680808080808081
2018-02-04,0.3408310012381392,0.3167572085248642,0.11686390532544377,0.6400245926836766,0.021017362168748055,0.0004037141703673308,0.9499192245557351
2018-02-05,0.3541283278298268,0.308688387635756,0.14440611138491866,0.6548862937922557,0.02405602923264316,0.0,0.9927331449333872
2018-02-06,0.3737879421915558,0.3766179540709812,0.17980295566502458,0.6614439324116743,0.025266362252663654,0.0,0.9995964487489911
2018-02-07,0.36846446916927383,0.3622704507512521,0.1595273264401772,0.6649262899262899,0.02769324406573337,0.0,0.9963695038321904
2018-02-08,0.38965819929239437,0.47893199833124744,0.16190944881889768,0.6665643229966226,0.03376939458472772,0.0004030632809350898,0.9963709677419355
2018-02-09,0.3857017410589461,0.4795663052543786,0.14707329070339403,0.6657458563535912,0.04318734793187351,0.0,0.9786376461104394
2018-02-10,0.37276022652578883,0.43226344310129217,0.13372664700098325,0.6658484197606628,0.04743083003952564,0.001208215867901763,0.9560838033843675
2018-02-11,0.3683562213065213,0.40625,0.14004914004914004,0.651840490797546,0.051063829787234005,0.0012077294685990392,0.959726137736609
2018-02-12,0.3747316600221516,0.40733027905039565,0.1547151277013753,0.6544004906470408,0.054086903676694,0.0028169014084507005,0.9750402576489533
2018-02-13,0.35194892669887956,0.32056619483763527,0.1291114383897889,0.6673819742489271,0.05741190765492099,0.0032180209171359664,0.9340040241448693
2018-02-14,0.3615731684822174,0.3449854348730753,0.14327772325809618,0.669016242721422,0.06043121773458848,0.003216726980297513,0.9485116653258246
2018-02-15,0.3369119286982269,0.2516638935108153,0.11476213830308979,0.6776960784313726,0.07103825136612019,0.004019292604501623,0.902291917973462
2018-02-16,0.34826199301204097,0.3746361746361746,0.10147058823529409,0.6732006125574272,0.08254931714719271,0.004419445560466029,0.8532958199356913
2018-02-17,0.33308070420321984,0.2871986699916874,0.09995100440960314,0.6733006736068585,0.089502427184466,0.005220883534136522,0.8433105664925673
2018-02-18,0.3179280843124988,0.27046115496468637,0.08912830558276197,0.6614631160085706,0.09736123748862602,0.004817342432757887,0.7843373493975904
2018-02-19,0.32321406444989964,0.26411960132890366,0.09789525208027405,0.655140758873929,0.10157671315949057,0.0048154093097912964,0.8157366519470093
2018-02-20,0.30890139567785896,0.232461602324616,0.08953033268101762,0.6430100948302233,0.10791148832979691,0.006819093461692738,0.7736757624398074
2018-02-21,0.3173886940031964,0.3053941908713693,0.08850855745721276,0.6302752293577981,0.10999999999999999,0.005613472333600655,0.7645407139991978
2018-02-22,0.31587452665135735,0.24554126918291164,0.1001955034213099,0.6300825435646591,0.11269312329597092,0.003607214428857697,0.8031275060144346
2018-02-23,0.3407391985672386,0.3445273631840796,0.1123595505617978,0.6234718826405868,0.11477892186553607,0.002804487179487225,0.8464929859719439
2018-02-24,0.3328287543624659,0.3385826771653543,0.10595703125,0.6110601894286587,0.11565243717832274,0.002402883460152161,0.8233173076923077
2018-02-25,0.3450419104725444,0.3695111847555924,0.12054660810151296,0.6026267562614539,0.11773607748184023,0.0024019215372297342,0.8574289146976372
2018-02-26,0.3332222843367348,0.29730848861283643,0.12390243902439024,0.6,0.12223903177004536,0.0024009603841537164,0.8534827862289832
2018-02-27,0.328042476640011,0.35554635761589404,0.1048269137006338,0.5876068376068376,0.12915910465819724,0.0020000000000000018,0.7891156462585034
2018-02-28,0.3106219342676905,0.27761688043028543,0.09892787524366475,0.5816295392126946,0.13395827033565166,0.002399040383846418,0.7692
2018-03-01,0.32096002526055384,0.31927212572373864,0.10667316122747195,0.5780964002440513,0.13603385731559858,0.0027977617905675656,0.7828868452618952
2018-03-02,0.2994787107862122,0.25506407606448944,0.0954235637779941,0.568770966758158,0.13780598368087038,0.001198561725928915,0.7386091127098322
2018-03-03,0.3047069841632439,0.28181818181818186,0.09440389294403895,0.5820121951219512,0.1404833836858006,0.0007987220447284171,0.7287255293647623
2018-03-04,0.28506663455840925,0.1990912845931433,0.09046692607003892,0.5833587320938738,0.14738749622470548,0.0011976047904191933,0.6888977635782747
2018-03-05,0.2984327215453469,0.29933938893476464,0.09042294603791934,0.5706886045094455,0.15549516908212557,0.0011971268954509284,0.6734530938123753
2018-03-06,0.2953386468180064,0.2930251754023937,0.09037900874635574,0.5653365823941517,0.16088137639601574,0.0011966493817311408,0.6612130885873903
2018-03-07,0.31078962102905844,0.31353135313531355,0.1053909664885867,0.548721071863581,0.16354858177429088,0.0007974481658692412,0.7327483047467092
2018-03-08,0.328017203782631,0.34886597938144326,0.12718446601941746,0.5388127853881278,0.17134238310708894,0.0007971303308090816,0.7811004784688995
2018-03-09,0.3365574149652956,0.3623248145094806,0.14264919941775833,0.5325623858794888,0.17551266586248493,0.004780876494023922,0.8015145476285372
2018-03-10,0.3466293047078414,0.4248042851256696,0.1464597478176528,0.5296623060541528,0.17606270726560147,0.005177220230983659,0.797609561752988
2018-03-11,0.365646830054496,0.4847611202635914,0.16286960736791078,0.5316301703163017,0.17631103074141052,0.005971337579617875,0.8323377140581442
2018-03-12,0.3354608322767496,0.38410868670234666,0.14050387596899228,0.5351170568561873,0.17716179572160284,0.005571030640668551,0.7703025477707006
2018-03-13,0.34029980731107373,0.38106995884773665,0.15447941888619854,0.5413373860182371,0.17740963855421688,0.006364359586316648,0.7811380819737366
2018-03-14,0.33974987117170413,0.39037433155080214,0.15537270087124877,0.5387420237010028,0.17795844625112922,0.005964214711729587,0.7700875099443119
2018-03-15,0.3724426573629709,0.5213815789473684,0.17755200774068702,0.5197448359659781,0.17820590006020465,0.004372019077901412,0.8333996023856859
2018-03-16,0.3677345402437604,0.5207562679819153,0.1769825918762089,0.5095657455208017,0.17875413782726457,0.003178386968613389,0.8171701112877583
2018-03-17,0.3517645687280644,0.46055875102711585,0.17689705171580472,0.49635701275045535,0.17900120336943437,0.004368546465448819,0.7934048470401271
2018-03-18,0.3723611926911293,0.5351129363449691,0.18743961352657001,0.5004552352048558,0.17954887218045112,0.004763795156808248,0.8268467037331215
2018-03-19,0.357628255762467,0.5016420361247947,0.18010622887493966,0.4990898058252427,0.18009621166566447,0.0,0.7848352520841604
2018-03-20,0.34303096620443124,0.4567090685268773,0.17422779922779918,0.5016681831968456,0.18034265103697023,0.0,0.7452380952380953
2018-03-21,0.34921198527358693,0.5578342904019689,0.16883743367100823,0.4942389326864767,0.1805889423076923,0.0,0.6937723125743753
2018-03-22,0.3274970536706378,0.4489544895448955,0.16972034715525552,0.49348287359806003,0.18113547611895464,0.0,0.6716891356066614
2018-03-23,0.33938480344378447,0.5045081967213114,0.17349397590361448,0.49757575757575756,0.18138138138138138,0.0011885895404120106,0.6781609195402298
2018-03-24,0.34169079880130965,0.5464973371569029,0.17341040462427748,0.4837927900636171,0.1816271389972981,0.0015841584158415856,0.6632329635499208
2018-03-25,0.3289684102400555,0.457002457002457,0.17669715936446795,0.4854633555420957,0.18217286914765907,0.0015835312747426444,0.6708910891089108
2018-03-26,0.35058077109408936,0.563651248465002,0.1809432146294514,0.4819860732667272,0.18331833183318336,0.002374356944994105,0.6912114014251782
2018-03-27,0.34926370458678474,0.5233224222585925,0.18855218855218858,0.4845641646489104,0.18446310737852434,0.002768987341772111,0.7119113573407202
2018-03-28,0.35531386866501097,0.5443762781186094,0.19807692307692304,0.4729198184568835,0.1847076461769116,0.00316330565440881,0.7286392405063291
2018-03-29,0.3596321294961123,0.5915780866721178,0.19509851033157133,0.47549909255898365,0.18585131894484408,0.002371541501976271,0.7073942269671807
2018-03-30,0.3754491287461173,0.5892930118512465,0.22286263208453405,0.4717266404596311,0.18699430626311053,0.0,0.7818181818181819
2018-03-31,0.3779985915728288,0.5837418300653594,0.2328372539606337,0.47218863361547764,0.18783702816057524,0.0,0.791386803634927
2018-04-01,0.38721547648962856,0.6680277664352797,0.23032629558541262,0.4572378362042913,0.1880802635519616,0.00039478878799836803,0.7792259083728278
2018-04-02,0.3735124873387079,0.5853061224489796,0.23645083932853717,0.4462235649546828,0.19101796407185634,0.00039463299131803353,0.7816818002368733
2018-04-03,0.36289906516296605,0.5883312933496532,0.22722914669223393,0.4267592872244035,0.1939539060161628,0.0,0.7411207576953434
2018-04-04,0.34662598102165204,0.5432300163132138,0.21514135122184952,0.4444444444444444,0.19449431478156798,0.0,0.6824457593688362
2018-04-05,0.3737020723018027,0.622503057480636,0.23946360153256707,0.43797162692423786,0.19503440023930596,0.0,0.7472397476340694
2018-04-06,0.3660589467273132,0.6047269763651182,0.23934897079942552,0.4333132166566083,0.19527511961722488,0.0,0.7236893969255025
2018-04-07,0.37618740470940387,0.6590631364562118,0.2478468899521531,0.4229260935143288,0.19521674140508216,0.0023631350925561456,0.7297084318360914
2018-04-08,0.3421133204864916,0.5358306188925082,0.23768531802965087,0.4234016887816647,0.19605499103407054,0.0031496062992125706,0.6565576998818432
2018-04-09,0.34165917114448324,0.5836385836385836,0.231357552581262,0.4241784745251734,0.1977890648341799,0.001967729240456517,0.611023622047244
2018-04-10,0.3548331812710623,0.6293734743694059,0.24653607262302912,0.41621458710066306,0.20011947431302268,0.0043273013375294545,0.6324281778827233
2018-04-11,0.3400135038511256,0.5884505896705978,0.24450811843361986,0.40524254293461887,0.20274708868318903,0.004718836020448314,0.5944138473642802
2018-04-12,0.327688515181911,0.5890243902439025,0.23818615751789973,0.3825301204819277,0.20507462686567168,0.0039308176100628645,0.5473849783720015
2018-04-13,0.28120040543990393,0.5493701747257212,0.20515267175572516,0.3670581150255947,0.2094897045658013,0.0007858546168958425,0.35534591194968557
2018-04-14,0.27738259442388263,0.5105605199025183,0.20600858369098718,0.3913305237808549,0.2106205250596659,0.0015710919088767206,0.3442043222003929
2018-04-15,0.2896294650430153,0.6012992285830288,0.20257387988560538,0.40174541077339754,0.21204891142260662,0.0015704750687083324,0.31853888452474466
2018-04-16,0.26335823788201324,0.4829545454545454,0.1910433539780848,0.4259927797833935,0.21317829457364346,0.0007849293563578774,0.2661955241460542
2018-04-17,0.28331419337542013,0.5890466531440162,0.20238095238095233,0.41022556390977444,0.21251862891207152,0.0023538642604943316,0.28335949764521196
2018-04-18,0.2781547485029009,0.5328467153284672,0.21085197524988097,0.4194227300060132,0.21275327771156138,0.00588235294117645,0.287171439780306
2018-04-19,0.2641688361924841,0.5176327523307661,0.20123691722169368,0.41118124436429215,0.21417932677986296,0.003920031360250875,0.23686274509803917
2018-04-20,0.2547487544435237,0.4396272285251216,0.1968616262482168,0.4540264423076923,0.21649791542584873,0.006269592476489061,0.2152097216777734
2018-04-21,0.262251935603947,0.5650060753341434,0.1815589353612167,0.4442775608290778,0.21613575468889545,0.007050528789659172,0.1594827586206896
2018-04-22,0.24721471021843433,0.47206477732793517,0.18147268408551065,0.44924924924924925,0.2175595238095238,0.009005481597494147,0.15393654524089306
2018-04-23,0.2517523791330327,0.4751112909753137,0.18423551756885093,0.472830981687181,0.21898244570068437,0.009784735812133127,0.14956930305403293
2018-04-24,0.25166718424108425,0.4983818770226537,0.18035121025154244,0.46608643457382953,0.21802498512790003,0.009780907668231587,0.1373776908023483
2018-04-25,0.22851855345061148,0.4245855236554792,0.16650853889943074,0.47944794479447944,0.207850133809099,0.009777082518576452,0.08294209702660404
2018-04-26,0.27041383517680534,0.6172190784155214,0.18539592223802748,0.46400719856028794,0.19708680142687274,0.014855355746677068,0.14391865467344545
2018-04-27,0.2473461981191578,0.5365656565656566,0.1758293838862559,0.464167916041979,0.19375928677563148,0.014849550605705364,0.0989053948397185
2018-04-28,0.2553076965606416,0.5492730210016155,0.1837991473235433,0.4685251798561151,0.19191919191919193,0.014453124999999956,0.12387651426338409
2018-04-29,0.2532308891036359,0.5837706903512313,0.17518939393939392,0.46149235840575364,0.18800118800118804,0.01483795392424836,0.09609374999999998
2018-04-30,0.22920672871366934,0.450363196125908,0.17415996213913865,0.45745955662073096,0.18705463182897863,0.014051522248243575,0.092151503319016
2018-05-01,0.24023171149696262,0.47801532876159747,0.17833491012298963,0.48427672955974843,0.18640546156129412,0.015216543113538816,0.09914129586260734
2018-05-02,0.2424938712451068,0.4786290322580645,0.1848699763593381,0.481437125748503,0.1863501483679525,0.015990639625585,0.10768630511119781
2018-05-03,0.2518483848209933,0.5525997581620314,0.1805293005671077,0.4818916492068243,0.1857015722337585,0.01637426900584793,0.09399375975039004
2018-05-04,0.2276192876539167,0.4669621273166801,0.1695795937647615,0.4688809096349491,0.1850533807829181,0.010132501948558081,0.06510721247563356
2018-05-05,0.2398390164196387,0.536045106725735,0.1709159584513692,0.46933891714029313,0.18440557367328791,0.008959875340864842,0.0693686671862821
2018-05-06,0.22105569554587642,0.4247181964573269,0.1698914582350165,0.4772727272727273,0.18316538233550683,0.007788161993769416,0.06349824698091155
2018-05-07,0.24605503091987213,0.5484909456740443,0.1740566037735849,0.48878923766816146,0.18400000000000005,0.008952899961074401,0.0720404984423676
2018-05-08,0.23908745092860562,0.5108608205953339,0.18198962753418202,0.4722056186491333,0.18305687203791465,0.008171206225680905,0.07824056052938888
2018-05-09,0.24821712221813552,0.5669481302774426,0.18803016022620167,0.4592172094412907,0.18211430263547523,0.008168028004667427,0.08482490272373544
2018-05-10,0.23168684703591838,0.4690514469453376,0.18417333961375415,0.46654719235364395,0.18206039076376557,0.009720062208398161,0.07856865033061067
2018-05-11,0.2446172393266194,0.519485737243873,0.19491525423728817,0.4628247237981487,0.18200651080201247,0.012048192771084376,0.0964230171073095
2018-05-12,0.27600203359160175,0.6413654618473896,0.21788235294117642,0.4534328358208955,0.1816568047337278,0.01087801087801088,0.15079673532841043
2018-05-13,0.25655518913789893,0.5178643115214774,0.21636876763875823,0.4670247687257535,0.18189884649511978,0.006990291262135906,0.14918414918414924
2018-05-14,0.2583260045291543,0.5710272873194222,0.2078044193700047,0.45704057279236276,0.18243642814902428,0.008152173913043459,0.123495145631068
2018-05-15,0.26857797944014944,0.6201363818692338,0.21052631578947367,0.4542201014017298,0.18179130948861955,0.011253395421032208,0.13354037267080743
2018-05-16,0.2646789376195718,0.5886126704089816,0.21935180836073276,0.43559928443649376,0.18114657210401897,0.01280062063615206,0.1505626697710516
2018-05-17,0.2539504239019534,0.4781563126252505,0.2244131455399061,0.45394932935916543,0.18138847858197937,0.01977510663047688,0.1660201706749418
2018-05-18,0.28375448515407964,0.6502403846153846,0.23322383857343965,0.42789034564958284,0.17985823981098636,0.020930232558139528,0.19038386971694454
2018-05-19,0.2705919515995144,0.5995194233079696,0.2293621013133208,0.4119749776586238,0.17921464422793032,0.020147229755908547,0.18333333333333335
2018-05-20,0.25801588050806257,0.5844675740592473,0.23019221753398966,0.35020845741512807,0.1782762691853601,0.022075910147172695,0.18287485470747777
2018-05-21,0.25771503150839287,0.5978391356542617,0.22164948453608246,0.36498958023221195,0.17940395396872233,0.02245451025938827,0.15995352439969013
2018-05-22,0.25074769393762103,0.5660000000000001,0.22482435597189698,0.34791666666666665,0.17876106194690267,0.020123839009287936,0.16686024003097177
2018-05-23,0.2585290506572974,0.6073570571771292,0.23923220973782766,0.3147872656947337,0.17811854910056035,0.020889748549323017,0.1907894736842105
2018-05-24,0.2675907919555502,0.6063149480415668,0.2601778193729527,0.32123735871505055,0.17836084905660377,0.011987625676720848,0.22746615087040623
2018-05-25,0.2685172720765592,0.6488214143028366,0.25912067352666046,0.29289325007433836,0.1809608016504568,0.010823347506764613,0.21848414539829852
2018-05-26,0.2703328383583832,0.5714856230031948,0.2646096306685367,0.3593935790725327,0.18414849734826166,0.015455950540958274,0.2269037495168148
2018-05-27,0.28628842028944557,0.6167664670658682,0.27383177570093453,0.3860326894502229,0.18762886597938144,0.017767477790652797,0.23570324574961365
2018-05-28,0.2878337295497736,0.6129289704708699,0.2741709481550677,0.3954248366013072,0.19110718492343937,0.02393822393822398,0.2294322132097335
2018-05-29,0.30511986734177093,0.6433984842441165,0.2857142857142857,0.4258984258984259,0.19193405946423314,0.025472790428406,0.2583011583011583
2018-05-30,0.2958159780408338,0.6742424242424243,0.26691553896406905,0.40498812351543945,0.19217186580341372,0.02662037037037035,0.209957545349286
2018-05-31,0.28022759403218317,0.5858907931446792,0.27472014925373134,0.3894330661917483,0.19329214474845546,0.02776706517547245,0.21026234567901236
2018-06-01,0.27884546815094235,0.5924302788844622,0.2671328671328671,0.39465875370919884,0.1944117647058824,0.029298380878951424,0.19514076359429233
2018-06-02,0.28378381510093786,0.6013540422142573,0.2651444547996272,0.4191634529813112,0.19847103793002063,0.02967244701348748,0.18889745566692362
2018-06-03,0.2868321857225702,0.6281847133757962,0.26176059618071723,0.42141162514827996,0.20194003527336857,0.028505392912172578,0.17919075144508667
2018-06-04,0.28264313073479913,0.6000795861520096,0.2593109869646183,0.4355173436110288,0.20334998530708204,0.028109356950327347,0.1694915254237288
2018-06-05,0.28097101113751677,0.5572792362768497,0.27408096789204284,0.44042679312388855,0.20534665099882488,0.025789068514241675,0.18290335001925295
2018-06-06,0.2828118417595396,0.5709741550695825,0.2641860465116279,0.4580740740740741,0.20734214390602057,0.026548672566371723,0.1697459584295612
2018-06-07,0.2970553977303946,0.6450715421303657,0.2635983263598326,0.47571090047393366,0.20904286553141516,0.026153846153846194,0.16275490573297424
2018-06-08,0.30072421808060507,0.6555423122765196,0.2639405204460966,0.4903760734379627,0.21103610214264745,0.02921953094963481,0.15423076923076928
2018-06-09,0.3012111624871496,0.6525019857029388,0.2684626103111937,0.4843102427471877,0.21361502347417838,0.031129900076864003,0.15724721261053443
2018-06-10,0.3055112943890732,0.6621675267963478,0.27669452181987,0.4874223142941699,0.21501906717512465,0.029197080291970767,0.1625672559569562
2018-06-11,0.3498539823226421,0.7896825396825397,0.3303944315545244,0.5,0.21935483870967742,0.021505376344086002,0.23818670764502492
2018-06-12,0.3346971663642846,0.7286790955969853,0.32282003710575136,0.4868382135462881,0.2187041923189681,0.027639155470249532,0.2235023041474654
2018-06-13,0.35004909204145146,0.7383029341792229,0.35558646267964766,0.4943820224719101,0.21951934349355218,0.027628549501151234,0.2648752399232246
2018-06-14,0.3635230985631372,0.7625842251288149,0.38137164040778504,0.5025125628140703,0.21886903017872839,0.022247794399693155,0.2935533384497314
2018-06-15,0.34125266800653004,0.6945324881141046,0.349698934691987,0.5106382978723404,0.2226127709431751,0.022622699386503076,0.24741081703107015
2018-06-16,0.35353304324841545,0.7184158415841584,0.3731481481481481,0.4998522895125554,0.22342606149341138,0.02376389421234193,0.2825920245398773
2018-06-17,0.3470775613588901,0.6670625494853524,0.3655714946783897,0.5156526875369167,0.2382903981264637,0.02758620689655178,0.2683020314296666
2018-06-18,0.3586938276349773,0.6980609418282548,0.3718778908418131,0.5255388249188072,0.2639742464149839,0.024128686327077764,0.26858237547892716
2018-06-19,0.3440997741506265,0.6590189873417722,0.3472029588534443,0.5371900826446281,0.27033352837916913,0.022588055130168483,0.22826503255457675
2018-06-20,0.34356836095548454,0.6852510873863187,0.34565619223659894,0.5447034523458247,0.23427902895583508,0.028702640642939148,0.22281776416539045
2018-06-21,0.3390599302826302,0.6837944664031621,0.3450346420323326,0.5501474926253688,0.20204678362573103,0.03251721499617444,0.22081898201301187
2018-06-22,0.33472339255994377,0.643224022125642,0.35041551246537395,0.5600117959304041,0.1987722888044432,0.033652007648183546,0.22226472838561595
2018-06-23,0.37832946169796466,0.7618483412322274,0.40839870789109367,0.5598466981132075,0.1922852133255406,0.03172782874617741,0.3158699808795411
2018-06-24,0.370434520869835,0.7220686932491117,0.4017527675276753,0.5729442970822282,0.19252118025124165,0.034390523500191006,0.29892966360856266
2018-06-25,0.36230456704968184,0.6850828729281768,0.4071000461041955,0.559222156747201,0.19304906542056077,0.030175706646294875,0.2991975544516622
2018-06-26,0.36438899797726493,0.7278106508875739,0.4,0.554639175257732,0.1918248175182482,0.02863688430698741,0.28342245989304815
2018-06-27,0.3768120629163472,0.7815457413249212,0.4094887148779365,0.5485865724381626,0.19060128429655576,0.027480916030534375,0.30316914852997323
2018-06-28,0.3842278035266991,0.8588884509262908,0.40837937384898715,0.5313511922284369,0.18996206594689236,0.021365890881342997,0.2954198473282442
2018-06-29,0.3769726717554563,0.7635933806146572,0.4183156925908882,0.5479693937610359,0.19049008168028003,0.013729977116704761,0.32773750476917207
2018-06-30,0.36303373156688296,0.7534462386766443,0.40478380864765406,0.5375110326566638,0.18955963837853607,0.011818528402592454,0.28108314263920675
2018-07-01,0.35966768967221513,0.7775590551181102,0.3944827586206896,0.5297058823529411,0.18862973760932944,0.009908536585365835,0.2577201677468548
2018-07-02,0.3566193950201955,0.7560015741833923,0.3956801470588235,0.5227874154660394,0.1885747595453221,0.011428571428571455,0.2652439024390244
2018-07-03,0.34748350214836415,0.7584579071597167,0.37390904915020673,0.5246913580246914,0.18822843822843827,0.01256664127951257,0.22704761904761905
2018-07-04,0.36989827678923,0.8552890287062525,0.38934802571166205,0.5113135468704084,0.1858432857558986,0.03349828701941382,0.24409748667174413
2018-07-05,0.3550359200393151,0.7928459119496856,0.38136759981642954,0.5026439482961222,0.18462434478741996,0.0365296803652968,0.23220403502093645
2018-07-06,0.35092165904928424,0.7827111984282907,0.38853211009174315,0.4790014684287812,0.18398835516739442,0.03195131228604031,0.23934550989345504
2018-07-07,0.33416179075906466,0.6861743912018854,0.3814763869784502,0.47886083382266587,0.18422584400465658,0.040684410646387836,0.2335488779003423
2018-07-08,0.329327468796407,0.6886533176285827,0.3670944087992667,0.47549163486938656,0.18504509746872277,0.04066894716837699,0.21901140684410647
2018-07-09,0.33094770812915525,0.6856357927786499,0.37104901511681176,0.4800469483568075,0.18557300756253636,0.04331306990881456,0.22006841505131125
2018-07-10,0.3474306543189376,0.7779521380933699,0.37774725274725274,0.4728659430918158,0.18551904623437043,0.04519559437903531,0.22530395136778114
2018-07-11,0.35907597693607557,0.7576470588235295,0.41052631578947374,0.4782991202346041,0.18517441860465111,0.044039483675018976,0.27876946448917583
2018-07-12,0.36529078248304203,0.8102704821638573,0.4062214089661482,0.4810905892700088,0.1862830572507992,0.046299810246679285,0.26157934700075935
2018-07-13,0.37009123257401955,0.804858934169279,0.4179240969364426,0.4727432590855803,0.1865194654270773,0.04817905918057663,0.29032258064516125
2018-07-14,0.36591036757668305,0.7943595769682726,0.4154478976234004,0.46059185467330793,0.18820795817600933,0.05043610163064083,0.28641881638846733
2018-07-15,0.36673144266489444,0.8253719655442443,0.4143444495203289,0.4384885764499121,0.19076655052264813,0.05307050796057622,0.27834660599165717
2018-07-16,0.36137538143632075,0.8211350293542075,0.41141552511415524,0.43396778916544654,0.1912917271407838,0.05342932929139821,0.25701288855193327
2018-07-17,0.33798581225672114,0.8352895148669797,0.38293016887266085,0.36475409836065575,0.18804410911201397,0.04886363636363633,0.2080333459643805
2018-07-18,0.28110746186461316,0.6429409464215878,0.31888686131386856,0.34328358208955223,0.18798955613577029,0.04430140098447555,0.1492424242424243
2018-07-19,0.2703893539087398,0.6067240031274432,0.3164614683082535,0.3259215915740199,0.18619489559164737,0.04277062831188494,0.14426353653918966
2018-07-20,0.2678726155582652,0.6107854630715124,0.3094804010938924,0.3109096226966949,0.19628877935633515,0.04388951948543318,0.13588190764572294
2018-07-21,0.2807978318953129,0.6609375,0.3230068337129841,0.29385964912280704,0.21971014492753627,0.03782148260211804,0.14945138100643207
2018-07-22,0.2822366359074888,0.7223740726278798,0.31785063752276865,0.24144986845951477,0.23210663575775137,0.03553875236294901,0.14409984871406956
2018-07-23,0.2660990849797767,0.5882123341139734,0.3195266272189349,0.24985388661601401,0.2624565469293163,0.03817082388510962,0.13837429111531185
2018-07-24,0.2549403473918465,0.611783066718689,0.2975432211101001,0.23137598597721298,0.26498696785403997,0.02077823951643365,0.10317460317460314
2018-07-25,0.2338204384288011,0.5951638065522621,0.25875397908140063,0.20414719626168223,0.26288361320208453,0.014728096676737135,0.06724593879863994
2018-07-26,0.23197244621765387,0.5543859649122806,0.27409090909090905,0.2064233576642336,0.26743849493487704,0.014722536806342057,0.07477341389728098
2018-07-27,0.24826802718514784,0.6056118472330476,0.2898682417083144,0.2183304144775248,0.2719907407407407,0.015471698113207588,0.08833522083805212
2018-07-28,0.248946199686121,0.5847292559407868,0.27656675749318804,0.2591187627662679,0.28232571593867517,0.01772915880799697,0.07320754716981137
2018-07-29,0.254482347640341,0.6436915887850467,0.27689514298683615,0.22928821470245042,0.286871023713129,0.017345399698340924,0.07280271595624288
2018-07-30,0.24723247876290133,0.5749318801089918,0.27586206896551724,0.24876057159521728,0.2937265105521827,0.018092725216735772,0.07202111613876316
2018-07-31,0.2682076278974574,0.6863813229571984,0.27936507936507937,0.260932944606414,0.292485549132948,0.015448379804069323,0.07463249151903506
2018-08-01,0.2743416775392502,0.6701672500972384,0.3073436083408885,0.27222384144564266,0.28893383415197915,0.00941619585687381,0.09796533534287866
2018-08-02,0.28088700003994277,0.6695178849144634,0.3185319438151336,0.28321678321678323,0.2920277296360485,0.016566265060240948,0.10546139359698681
2018-08-03,0.2898757486921854,0.6618732996502137,0.32653985507246375,0.3346926886105447,0.2945423043603812,0.013549115543846413,0.1080572289156626
2018-08-04,0.29696847870738247,0.6324786324786325,0.34087822544137614,0.38846825859056494,0.29503464203233254,0.004890895410082807,0.12006021829130598
2018-08-05,0.3190119040374764,0.6318446601941747,0.3850678733031674,0.43580786026200874,0.29581529581529586,0.0060172997367431424,0.15951843491346873
2018-08-06,0.3234515378217455,0.6770186335403727,0.3821800090456807,0.42956926658905703,0.2977495672244662,0.004135338345864659,0.15005641218503196
2018-08-07,0.3447058470358059,0.8032596041909197,0.3969258589511754,0.40471341286005236,0.2967983847706951,0.009394964299135666,0.15714285714285714
2018-08-08,0.33728894665488623,0.7424359968968193,0.4130140081337551,0.3912158231529959,0.2955594002306805,0.006010518407212673,0.17549793310785422
2018-08-09,0.3534705280709208,0.7572702597906165,0.43134598012646796,0.41610933410875256,0.2963390025944076,0.002628614344723945,0.21712997746055596
2018-08-10,0.3452362161087173,0.7631782945736434,0.42167042889390516,0.4029069767441861,0.2974063400576369,0.0022522522522522292,0.18400300413067971
2018-08-11,0.35176321311910885,0.7028283611003487,0.43772563176895307,0.4382446963092124,0.2990492653414002,0.0037523452157598447,0.228978978978979
2018-08-12,0.35198727715995354,0.7079783113865221,0.4307622913847542,0.4601975595583963,0.30097926267281105,0.0033758439609902213,0.2086303939962476
2018-08-13,0.3615582959113574,0.7638404955478126,0.4314697926059513,0.4742956723787395,0.3031960840771667,0.0037495313085864623,0.19279819954988742
2018-08-14,0.3709280487474736,0.7894736842105263,0.43533123028391163,0.4994192799070848,0.30224525043177897,0.0033733133433283546,0.1957255343082115
2018-08-15,0.38224794893840025,0.837137330754352,0.43828828828828825,0.5097242380261248,0.299568345323741,0.002997377294867043,0.20577211394302852
2018-08-16,0.3690168552945443,0.7470997679814385,0.4353894642053129,0.5316308763784098,0.3017836593785961,0.011235955056179803,0.18696140876732859
2018-08-17,0.369453254975844,0.7545419404715887,0.4351935193519352,0.5369886858137511,0.30198446937014667,0.010857356795207829,0.1771535580524345
2018-08-18,0.3616643135365329,0.7523183925811437,0.4246513720197931,0.5342227378190255,0.30304772857964346,0.0033682634730538563,0.1523773867465369
2018-08-19,0.3646340202333931,0.7412128234839707,0.42940647482014394,0.534937663090751,0.30784708249496984,0.002992891881780757,0.17140718562874246
2018-08-20,0.37162737997874,0.7911196911196912,0.4274157303370787,0.5420289855072464,0.30833333333333335,0.0037397157816005944,0.1571268237934904
2018-08-21,0.38037239460141326,0.7919722115013508,0.4384546271338724,0.5621558968414953,0.3056592933065211,0.004485981308411269,0.17950635751682875
2018-08-22,0.3706391049593631,0.7800925925925926,0.428378985181859,0.555909617612978,0.2998276852383688,0.0011210762331838042,0.15850467289719627
2018-08-23,0.36903861099102236,0.7446972618588508,0.43581687612208253,0.5603822762814944,0.3003158196956647,0.0,0.17301943198804182
2018-08-24,0.37235477072925677,0.7737085582112567,0.42754598474652306,0.5668789808917197,0.30424799081515497,0.0029873039581777006,0.1587598057527082
2018-08-25,0.3668321818810821,0.7687861271676301,0.42197309417040363,0.561794500723589,0.3061692969870875,0.000746547219111604,0.1415235250186706
2018-08-26,0.3730957891744482,0.8131741140215716,0.42088749439713136,0.5590277777777778,0.30550774526678137,0.0,0.1399776035834267
2018-08-27,0.34882836875837087,0.6676934924913361,0.4233870967741935,0.5588660688458201,0.3019787783194723,0.0,0.14104477611940303
2018-08-28,0.3410975044005678,0.6243264049268669,0.41692789968652033,0.5818392134181608,0.2981651376146789,0.0,0.12532637075718012
2018-08-29,0.34596044826653527,0.7079646017699115,0.3992837958818263,0.5764671870482798,0.28690169102894814,0.0,0.10514541387024612
2018-08-30,0.3593845734466179,0.7730769230769231,0.40447427293064875,0.577456647398844,0.2891117478510029,0.0,0.11218784942228843
2018-08-31,0.35281915008723347,0.7166474432910419,0.41234347048300535,0.5775787344698065,0.29074763678029214,0.0,0.11959761549925485
2018-09-01,0.350077991969719,0.7067640276710223,0.40992400536432727,0.5759676487579434,0.28751431844215347,0.0,0.12029795158286782
2018-09-02,0.34484232645090845,0.7076450249711871,0.3981233243967829,0.5642506497256714,0.2914400229029488,0.0,0.10759493670886078
2018-09-03,0.34417565461598104,0.7327188940092166,0.39213934792317995,0.5484988452655889,0.29307384087006294,0.0,0.09862299962783772
2018-09-04,0.3416497282246788,0.7343570057581574,0.3950892857142857,0.5272727272727272,0.29012875536480687,0.0,0.10305059523809523
2018-09-05,0.3486928122929138,0.8077513430544896,0.3882195448460509,0.5178880553952683,0.2797482837528604,0.0,0.09854964670881372
2018-09-06,0.36782073797475884,0.825469888761028,0.4268510258697591,0.5249495240842227,0.27166142407778093,0.0,0.1579925650557621
2018-09-07,0.3676025217565879,0.776840490797546,0.44092732946946056,0.5282583621683967,0.26672384219554035,0.0,0.1928651059085842
2018-09-08,0.3680852348226666,0.7765427366807206,0.4451871657754011,0.5223407321994811,0.2623606744784224,0.00037133308577796953,0.2017087667161961
2018-09-09,0.37935106748919506,0.8076628352490421,0.4521158129175946,0.5250720461095101,0.264,0.00037119524870077303,0.22688451541032306
2018-09-10,0.3658459997907703,0.7476062811183455,0.4510240427426536,0.5139729184673005,0.26421022564981433,0.0007421150278292821,0.21752041573867853
2018-09-11,0.37663630230423123,0.8411179173047474,0.44993324432576765,0.49798387096774194,0.2592804111936037,0.001112759643916883,0.21038961038961035
2018-09-12,0.3707184653804602,0.8296976655185611,0.45106761565836295,0.4808522890872445,0.2497858978018841,0.0018539117538005634,0.21105341246290799
2018-09-13,0.3506198774121494,0.7241775057383321,0.44953312583370386,0.4761082325849165,0.24885844748858443,0.0018532246108228234,0.20318872821653688
2018-09-14,0.3600332634651329,0.788527724665392,0.44399999999999995,0.4753956834532374,0.2562054208273894,0.0011115227862170673,0.1949592290585619
2018-09-15,0.3616464824866419,0.8390672782874617,0.444247001332741,0.4344073647871116,0.25356531660011405,0.00037037037037035425,0.19822156354205256
2018-09-16,0.3546519258397183,0.8181123423767673,0.4436056838365897,0.41098648259994247,0.258910749928714,0.0,0.1962962962962963
2018-09-17,0.3554833963144193,0.8231474407944996,0.4456280514869063,0.40339275445658423,0.2633979475484607,0.00037009622501849027,0.19696408737504623
2018-09-18,0.36027063477212723,0.8457426498663612,0.45430346051464066,0.3730957171601035,0.2616129951553149,0.0,0.22686898593634341
2018-09-19,0.3538633482456304,0.8251908396946565,0.45321507760532154,0.36695402298850577,0.25954415954415955,0.0,0.21827598964113948
2018-09-20,0.34112789657090303,0.7642121327737504,0.4512411347517731,0.3513358230393565,0.266590714896041,0.0,0.21338757396449703
2018-09-21,0.3411037211940267,0.7627765064836003,0.4470536109880372,0.36703044227455484,0.270501138952164,0.0,0.19926062846580406
2018-09-22,0.3359253351061977,0.7834540602363705,0.43489813994685567,0.3448176859029572,0.26871619698263594,0.0,0.18366592756836664
2018-09-23,0.33073790037115613,0.7397103658536586,0.43780433820274456,0.3484500574052813,0.27006260671599314,0.0011078286558345862,0.1872922053934245
2018-09-24,0.3360656440922653,0.7603809523809524,0.43805309734513276,0.3581061692969871,0.27226173541963017,0.001107419712070845,0.18648449039881831
2018-09-25,0.34573498131289554,0.7837014470677837,0.4462627156125608,0.37005163511187605,0.2761660978384528,0.00036900369003689537,0.19785898855666295
2018-09-26,0.3343051856354157,0.7141225732775028,0.4549071618037135,0.3326641812446229,0.2797839067386978,0.0025820730357801747,0.22177121771217712
2018-09-27,0.33918926394662563,0.828386605783866,0.45249668581528946,0.2511467889908257,0.2851051733939739,0.0011061946902655162,0.216894135005533
2018-09-28,0.329412433178691,0.7976416888550779,0.4425795053003534,0.24247635425623387,0.2972435350951975,0.0011057869517139274,0.19542772861356927
2018-09-29,0.32460469823396837,0.7517110266159696,0.4459161147902869,0.24498567335243554,0.29602272727272727,0.0029476787030213725,0.20604496866936972
2018-09-30,0.32655506141227414,0.766248574686431,0.44836716681376876,0.2354626181609854,0.2984947458108492,0.0047882136279926435,0.20596904937361826
2018-10-01,0.31809816532936214,0.7207446808510638,0.4481693868548743,0.23281786941580757,0.30096536059057355,0.004050073637702489,0.20184162062615096
2018-10-02,0.32334617792513476,0.7424990505127231,0.4514991181657848,0.2333237904380189,0.3003122338915697,0.005152741994847276,0.20729013254786455
2018-10-03,0.3412074553180317,0.8321943811693242,0.4548259144997796,0.2358328563251288,0.2976730987514189,0.005886681383370118,0.22083179977916823
2018-10-04,0.3413326983378908,0.8106261859582543,0.45770925110132155,0.2492131616595136,0.29645390070921984,0.0051489518205222184,0.22884473877851363
2018-10-05,0.3414042361512362,0.7822458270106222,0.4539850286217525,0.2857551487414188,0.30062393647192287,0.00772058823529409,0.21809488782640674
2018-10-06,0.3521413185371279,0.8475540386803185,0.4515845070422535,0.2808121246782957,0.304224553444854,0.01029033443586913,0.21838235294117647
2018-10-07,0.3545079739008749,0.8658074298711145,0.45578530576330845,0.26157804459691253,0.3086734693877551,0.01102130786186628,0.22418228592429257
2018-10-08,0.34385522972007854,0.8143236074270557,0.455584872471416,0.24949985710202915,0.3159535279115897,0.011384502387073114,0.21638501102130792
2018-10-09,0.34185498657286734,0.8337121212121212,0.4518681318681319,0.22942857142857143,0.3161473087818697,0.011380323054331898,0.20859346309217774
2018-10-10,0.33947189581789067,0.8474062854979174,0.45474516695957823,0.1953727506426735,0.31464174454828664,0.011376146788990793,0.21328928046989726
2018-10-11,0.34119296971808266,0.8088569265707797,0.45937637241985063,0.22501427755568246,0.3179501698754247,0.00880410858400582,0.22715596330275234
2018-10-12,0.34947319830313245,0.783957623912221,0.4635645302897279,0.2420782186697117,0.31927540333993776,0.011734506784011778,0.27622890682318413
2018-10-13,0.356178699536479,0.867624810892587,0.4629223343571742,0.1966324200913242,0.31946802490096204,0.012096774193548376,0.27832783278327833
2018-10-14,0.35026540969801107,0.8381852551984877,0.4631578947368421,0.18459343794579172,0.3227722772277227,0.013558079882740937,0.2793255131964809
2018-10-15,0.36787749851968066,0.9402872260015117,0.4642700569925471,0.1865373645179692,0.32522624434389136,0.013553113553113505,0.27739098570905096
2018-10-16,0.33318804114006356,0.7374386097468832,0.4596844872918493,0.21100655831194753,0.3228724908114221,0.015745148297326983,0.2523809523809524
2018-10-17,0.349355691025957,0.838368580060423,0.4594831362242663,0.21351197263397947,0.319672131147541,0.016471449487554857,0.24862687660197724
2018-10-18,0.35269513124160684,0.8335220838052095,0.4605954465849387,0.2348247363921345,0.3192992370726194,0.017197219173069933,0.25073206442166907
2018-10-19,0.3530395190321077,0.8350943396226416,0.4612691466083151,0.22934472934472935,0.3192090395480226,0.016825164594001518,0.256494694474936
2018-10-20,0.3474684459619604,0.8249717087891362,0.46194225721784776,0.20136713187126176,0.3185540807681446,0.014990859232175469,0.2629846378931968
2018-10-21,0.34425637502235656,0.8205128205128205,0.46130301705290777,0.1845102505694761,0.3198757763975155,0.014985380116959046,0.26435100548446067
2018-10-22,0.3460058020723655,0.8345269506219375,0.46153846153846156,0.18047253060062624,0.3268416596104996,0.01534526854219953,0.2573099415204678
2018-10-23,0.33297159022170547,0.76827430293896,0.4630843162953254,0.1676152532726238,0.3270316027088036,0.01753104455807164,0.2542930215564486
2018-10-24,0.33308444955868904,0.7751412429378531,0.4637554585152839,0.1615931721194879,0.32665726375176307,0.017524644030668113,0.2538349159970782
2018-10-25,0.3539970290633572,0.9280873493975903,0.4635530336097774,0.13907849829351535,0.3234630569655951,0.017153284671532876,0.2526469514421321
2018-10-26,0.3375412385150273,0.8355287918705306,0.4642233856893543,0.13107762297412567,0.3225260783760925,0.017147026632615803,0.2547445255474453
2018-10-27,0.3373547029816542,0.8190368698269376,0.4644570431748801,0.1404206935758954,0.3244081172491544,0.017140773158278666,0.2586647209047793
2018-10-28,0.34056288749863756,0.8382850695750282,0.46469049694856146,0.13839158851946576,0.3299520991828684,0.01676995989792196,0.25528811086797953
2018-10-29,0.3370906376467373,0.8263157894736842,0.4649237472766885,0.13039772727272728,0.3329577464788732,0.01639941690962099,0.25154939846882973
2018-10-30,0.339858503806582,0.8207440811724915,0.4690766550522648,0.12638454984379438,0.3328639819769079,0.015664845173041897,0.2744169096209913
2018-10-31,0.3328576118870183,0.7888805409466566,0.4697431432303004,0.119534355479841,0.33192567567567566,0.014930808448652577,0.27213114754098355
2018-11-01,0.3231576240040697,0.7427713105520091,0.4686684073107049,0.1146749929037752,0.33352096819589083,0.014561339643247129,0.264748725418791
2018-11-02,0.3301750617637518,0.7811561561561562,0.46715963462374943,0.1217366628830874,0.33652222847495783,0.015283842794759805,0.2591918456497998
2018-11-03,0.33646828130901074,0.823264540337711,0.4678260869565217,0.11687943262411347,0.33755274261603374,0.0076391415060022005,0.2656477438136827
2018-11-04,0.3242657144163114,0.748312078019505,0.469361147327249,0.10380034032898469,0.3411136107986502,0.013454545454545497,0.26955256456893417
2018-11-05,0.3433903098169208,0.8841394825646794,0.4652476107732406,0.09668273320102069,0.34664042732639866,0.013086150490730697,0.2545454545454545
2018-11-06,0.3347230508271252,0.8152173913043479,0.4667824576639167,0.10487528344671201,0.3473861720067454,0.014171511627906974,0.2599054889131225
2018-11-07,0.3387249682640368,0.8639940052454103,0.4652777777777778,0.09861150467554548,0.3413880303456027,0.007991282237559072,0.25508720930232553
2018-11-08,0.3337819521488314,0.8520599250936329,0.4633405639913232,0.0971671388101983,0.3387640449438202,0.005809731299927345,0.24555030875408645
2018-11-09,0.343892912769911,0.8925496068888057,0.46877710320902,0.10082129708297932,0.33614153327716934,0.0029038112522685733,0.2621641249092229
2018-11-10,0.34174906310177794,0.8727544910179641,0.47247507585609017,0.0891845979614949,0.33295901179112863,0.0010885341074020616,0.282032667876588
2018-11-11,0.3375800704862643,0.8574635241301908,0.47227036395147315,0.08095103311633173,0.33286556272803813,0.0010881392818280489,0.2808417997097242
2018-11-12,0.3305448790253268,0.8111443530291698,0.472932005197055,0.08460667798528579,0.3352974186307519,0.0007251631617113397,0.27856365614798695
2018-11-13,0.33350752933842304,0.8325233644859813,0.4731601731601731,0.08458274398868458,0.3326788218793829,0.0,0.2781000725163162
2018-11-14,0.34752107579233965,0.9069506726457399,0.47468628299437476,0.08569004524886878,0.3314638250140213,0.0,0.28633562885103303
2018-11-15,0.36223154101755645,0.905864774000747,0.48918685121107264,0.07633587786259542,0.32772638071208293,0.0,0.3742753623188406
2018-11-16,0.36963956274232185,0.9402539208364451,0.4907047124945958,0.0746184284906727,0.3153026905829597,0.0,0.3969576240492575
2018-11-17,0.3709942586546188,0.9436356849570735,0.4926534140017286,0.0700762927380616,0.30540767722051,0.0003619254433586683,0.4138305575669804
2018-11-18,0.35973371754021005,0.8757462686567165,0.49287257019438446,0.06864406779661017,0.30420168067226894,0.0010853835021708003,0.4158523344191096
2018-11-19,0.36838714296523317,0.9474076837001119,0.49136442141623493,0.06523580909347641,0.30327639316718,0.0014466546112116285,0.4015918958031838
2018-11-20,0.394111907674857,0.9757643549589858,0.5140267587397497,0.06239412761151891,0.28807390817469203,0.0,0.5244122965641953
2018-11-21,0.4096135117196377,0.9806187103988073,0.5422778257118206,0.06096528365791702,0.2490904002239015,0.0,0.6247288503253796
2018-11-22,0.397005002006757,0.9906855439642325,0.5269512721000431,0.05248306997742664,0.22607722439843314,0.00036127167630062296,0.5854716299241055
2018-11-23,0.4034734932644098,0.986219739292365,0.5435344827586207,0.044851904090267986,0.21762237762237757,0.0007222824124232252,0.6278901734104047
2018-11-24,0.40446511881455033,0.9828741623231572,0.5467470917707884,0.051607445008460234,0.2139261744966443,0.0003610108303249149,0.631274828457927
2018-11-25,0.43119995578151143,0.9817640491254187,0.6192937123169682,0.05441217930645616,0.21079116578138102,0.0,0.7209386281588448
2018-11-26,0.4212087798571231,0.9880952380952381,0.5927679724494188,0.05045095828635851,0.20737842370039128,0.0,0.6885600866113317
2018-11-27,0.4366936467501927,0.9977686872443288,0.6411359724612737,0.04508312200619893,0.20312936574462137,0.0,0.733044733044733
2018-11-28,0.42991462496270044,0.987732342007435,0.6270967741935484,0.04366197183098591,0.2008379888268157,0.0,0.720158672917418
2018-11-29,0.4042408814190355,0.9873652917131178,0.560189165950129,0.04083356800901155,0.19826864004468026,0.0003603603603603567,0.6384282624369142
2018-11-30,0.40202933628553,0.9951708766716196,0.5569402664374732,0.036317567567567564,0.19095477386934678,0.0007204610951008217,0.632072072072072
2018-12-01,0.4165349036761457,0.9977720014853323,0.5923539518900344,0.03208556149732621,0.1864359475300028,0.0,0.6905619596541787
2018-12-02,0.40534934716068766,0.9840386043058649,0.5714899098325461,0.030388294879009566,0.18359375,0.0,0.6625855239467051
2018-12-03,0.4070269307545078,0.9888682745825603,0.5768240343347639,0.02841068917018284,0.18103207810320776,0.00035984166966529507,0.6666666666666667
2018-12-04,0.42305080659203215,0.9951780415430267,0.6207636207636207,0.02699662542182227,0.17568321249302843,0.0,0.7196833393306945
2018-12-05,0.4196915844943827,0.9773822766036336,0.6119210977701544,0.02698903570424515,0.1745190967382213,0.0003595828838547366,0.7269784172661871
2018-12-06,0.43140802410328494,0.9866567828020756,0.6463780540077153,0.025576166385609892,0.17363433667781492,0.0,0.756202804746494
2018-12-07,0.4451350410159233,0.9870322341608003,0.6949443016281063,0.02500702444506884,0.17302869880189464,0.0,0.7907979870596693
2018-12-08,0.4533097777525292,0.9988888888888889,0.7203426124197002,0.02359550561797753,0.17214484679665742,0.0,0.8048868127919511
2018-12-09,0.45092520482382703,0.9929655683080341,0.7148972602739726,0.02358887952822241,0.17237538290169874,0.0,0.8017241379310345
2018-12-10,0.4423952763700563,0.9885270170244264,0.688489516474112,0.023582257158899493,0.173162583518931,0.000358937544867155,0.7802513464991023
2018-12-11,0.4505272901943412,0.9948205697373289,0.715568862275449,0.02329497614369913,0.17227943222933484,0.0010764262648008671,0.7961234745154343
2018-12-12,0.45290544294565627,0.9948224852071006,0.7272338606241984,0.02132435465768799,0.17139677239844187,0.0,0.8026551847865088
2018-12-13,0.4482636475871824,0.9951940850277264,0.7141025641025641,0.020476858345021037,0.17107093184979139,0.0,0.7887374461979914
2018-12-14,0.4535152043879185,0.9907612712490761,0.7347287483981204,0.01962983735277622,0.17102335928809786,0.0,0.8049480100394406
2018-12-15,0.4540811297797269,0.9818987809383081,0.7386848847139198,0.020185029436501262,0.17153183208229084,0.00035829451809388235,0.8118279569892473
2018-12-16,0.45464002411198906,0.9804283604135894,0.7400768245838668,0.02045964125560538,0.17426347971095058,0.0003581661891117749,0.8122536725188104
2018-12-17,0.45684895103992695,0.9985234403839055,0.7393344709897611,0.019052956010086858,0.17616004445679356,0.0003580379520229382,0.8076647564469914
2018-12-18,0.4368106282560731,0.9608856088560885,0.7002132196162048,0.01876750700280112,0.17694444444444446,0.0,0.7640529896168994
2018-12-19,0.429701636950293,0.9793434157137587,0.6624040920716112,0.02016241949033884,0.17578450430435988,0.0,0.7405153901216893
2018-12-20,0.4251448301241993,0.9616519174041298,0.6553046442266723,0.020436730123180293,0.17823431426985004,0.0003576537911301747,0.7348837209302326
2018-12-21,0.4025983292754871,0.9609288610394398,0.5864565587734242,0.020151133501259445,0.18567860116569523,0.0,0.6623748211731044
2018-12-22,0.420004021658873,0.9653647752394989,0.6300553426990209,0.02294348069390039,0.1908990011098779,0.0,0.7107615302109402
2018-12-23,0.3970066678482427,0.8710865561694291,0.608936170212766,0.025174825174825177,0.19528432732316225,0.00035727045373346034,0.6812008577555397
2018-12-24,0.39880650299185366,0.8692930780559647,0.6137813696299448,0.025727069351230425,0.20022185246810875,0.0,0.6838156484458735
2018-12-25,0.40267466057393336,0.9282296650717703,0.5952380952380952,0.02488118535085267,0.20377044635431107,0.0,0.6639285714285714
2018-12-26,0.4221541315800528,0.934878587196468,0.6489587760305993,0.025992174399105644,0.2062084257206208,0.0,0.7168868261335237
2018-12-27,0.41840948003981,0.9326958440603162,0.6423109600679694,0.028220173232746577,0.21058464948739264,0.0,0.6966452533904355
2018-12-28,0.43240192153213997,0.9172794117647058,0.694267515923567,0.029608938547486034,0.214404432132964,0.0,0.7388512308241171
2018-12-29,0.4085782558378606,0.8915839764792356,0.6264855687606112,0.031834683049427534,0.22182220991415125,0.00035650623885918886,0.6793865905848788
2018-12-30,0.42666760427017597,0.9625275532696547,0.6414934238438693,0.03433835845896147,0.23145071982281284,0.0014255167498218313,0.6887700534759358
2018-12-31,0.4140301440230436,0.8699963275798751,0.6416454622561493,0.03823611498744069,0.24577913091613612,0.002137513359458443,0.6863863150392018
2019-01-01,0.4395387608251908,0.9438325991189427,0.6710470538363713,0.03989955357142857,0.26425013835085776,0.0035612535612535856,0.7146419665122907
2019-01-02,0.43111849023514326,0.9445871559633028,0.6449152542372881,0.042677824267782424,0.27468879668049795,0.003915984336062661,0.6759259259259259
2019-01-03,0.42569751539739037,0.9277329420396185,0.6272765777213045,0.050474065811489124,0.2851216814159292,0.004270462633451988,0.6593093627625489
2019-01-04,0.43522466751018873,0.9273927392739274,0.6515664690939882,0.05352662391971007,0.29416643627315453,0.004980434009249413,0.6797153024911031
2019-01-05,0.4371088681837314,0.936950146627566,0.6428269149386373,0.06521739130434782,0.30210060807075734,0.006045519203413896,0.6695126289576663
2019-01-06,0.4360759485585761,0.8988640527665812,0.6510152284263959,0.07411535246586792,0.3100303951367781,0.004976892996800597,0.6774537695590327
2019-01-07,0.42878809391265565,0.9311355311355312,0.602536997885835,0.08662952646239554,0.3207182320441989,0.004619758351101622,0.6270885175968717
2019-01-08,0.4330548729330131,0.9348224093738557,0.6128486897717667,0.0935672514619883,0.3181441590720795,0.003907637655417462,0.6350390902629708
2019-01-09,0.42049876006308456,0.845900439238653,0.6151246303337559,0.1049554565701559,0.3197128658199889,0.0028409090909090606,0.6344582593250444
2019-01-10,0.42650725500080466,0.8543724844493231,0.6131756756756757,0.13665460617868078,0.3223847640077284,0.003904863329783459,0.6285511363636364
2019-01-11,0.4701380239025441,0.9272128749085589,0.6969185310257493,0.16277128547579298,0.32395143487858724,0.0031937544357700798,0.7067802626908058
2019-01-12,0.4834087490390553,0.9477148080438756,0.6978902953586498,0.2066759388038943,0.32496551724137934,0.005675771550195052,0.7175301632363378
2019-01-13,0.4893001990835007,0.9601608187134503,0.7001265288907634,0.22469410456062291,0.3268063982349697,0.006382978723404209,0.7176303653777936
2019-01-14,0.4993286648530131,0.9671172816952868,0.7230185497470489,0.23964414790102864,0.33250620347394544,0.006026231832683471,0.7276595744680852
2019-01-15,0.4838161961803527,0.9342585829072315,0.6932153392330384,0.2565314063368538,0.3304851157662624,0.004606661941885193,0.683800070896845
2019-01-16,0.5047624628489109,0.9675063891931361,0.7101937657961247,0.30341761600444567,0.3284651419123725,0.004959263195182473,0.7140326009922041
2019-01-17,0.499823591539196,0.9653284671532847,0.7065263157894737,0.2961111111111111,0.32534435261707983,0.0028328611898017497,0.7027984413744244
2019-01-18,0.5000976766528754,0.9697190806275082,0.6973905723905724,0.3157456262149403,0.3258055632057284,0.003185840707964571,0.6887393767705383
2019-01-19,0.5039471309445597,0.9540481400437637,0.7076146403029029,0.3320377568017768,0.33370044052863435,0.0038924274593064023,0.6923893805309734
2019-01-20,0.5077637254914372,0.956981407218374,0.6913372582001682,0.3777407715792395,0.33828791632259836,0.0038910505836575737,0.678343949044586
2019-01-21,0.5175349015071792,0.9161807580174928,0.7221521647751156,0.40482796892341844,0.3464501926252064,0.0035360678925034916,0.7120622568093385
2019-01-22,0.5185269367282267,0.9336976320582878,0.7243697478991596,0.3908460471567268,0.3444291609353508,0.007776599505125437,0.71004243281471
2019-01-23,0.5136762147888769,0.9661325564457393,0.7156656866862663,0.3607875762617859,0.33993399339933994,0.008480565371024706,0.6910569105691057
2019-01-24,0.5176994993068958,0.939206406989443,0.7212426532325777,0.4006099251455503,0.3398405279076162,0.008124337689862204,0.6971731448763251
2019-01-25,0.5112891775787765,0.8846433770014556,0.7201007133864876,0.42710643015521066,0.33754810335349095,0.009533898305084776,0.688802543270929
2019-01-26,0.5203141158135226,0.9508912331757002,0.7210570469798658,0.4183984483236354,0.329211321791701,0.010942463819272885,0.6913841807909604
2019-01-27,0.5147733925801545,0.9214545454545454,0.7232704402515724,0.41440443213296396,0.3263736263736263,0.011997177134791759,0.6911401341334275
2019-01-28,0.5166810400804379,0.9516539440203562,0.7279966471081307,0.39545832179451673,0.3249107388080198,0.011287477954144642,0.6887791107974595
2019-01-29,0.5262668091022543,0.9454941860465116,0.7373271889400922,0.4172203765227021,0.32070291048874244,0.012693935119887145,0.7241622574955908
2019-01-30,0.5189515010102249,0.9455139847439157,0.7391122278056952,0.3728203708829228,0.3115564095525666,0.013746915756080336,0.7309590973201692
2019-01-31,0.5177746168210529,0.9578794480755265,0.7375470908329845,0.3707802988378528,0.30762897914379805,0.012684989429175508,0.7201268946069792
2019-02-01,0.5106156597240993,0.917967332123412,0.7389121338912135,0.3665283540802213,0.30068587105624145,0.014441704825642887,0.7251585623678647
2019-02-02,0.5033333956855888,0.9045718432510885,0.7369301547469678,0.35038716814159293,0.29018102029621506,0.016197183098591528,0.7217330045790771
2019-02-03,0.5054200841154675,0.9419659049691694,0.7357859531772575,0.3323196018800111,0.28900466136550584,0.017951425554382228,0.7154929577464788
2019-02-04,0.5071850015894382,0.953952139231327,0.7392394483911409,0.3150912106135987,0.2924890350877193,0.017241379310344862,0.7250967969024991
2019-02-05,0.4980647535701334,0.9351214208046393,0.739766081871345,0.2848853274385189,0.2882981638805152,0.017587055926837847,0.7227304714989444
2019-02-06,0.49431393051407085,0.933695652173913,0.7386221294363257,0.2751381215469613,0.2882191780821918,0.017229254571026753,0.7129792472740064
2019-02-07,0.4929976386850787,0.8884462151394422,0.7458263772954925,0.28334714167357083,0.2914270062996439,0.017223198594024658,0.7317158931082981
2019-02-08,0.4854251071349663,0.8566256335988414,0.7480183562786817,0.26256212037548315,0.29737130339539974,0.016163035839775075,0.7318101933216169
2019-02-09,0.46275175478159697,0.8512486427795873,0.7168473728106756,0.2354402428926304,0.29975362715576237,0.014049877063575744,0.6591707659873507
2019-02-10,0.4662512952677564,0.8947178002894356,0.716548561900792,0.2097130242825607,0.3045977011494253,0.013342696629213502,0.6585879873551106
2019-02-11,0.4660347277688092,0.9222423146473779,0.7116666666666667,0.1936551724137931,0.3064295485636115,0.012636012636012661,0.6495786516853932
2019-02-12,0.46998020631743165,0.9128705712219812,0.7238650562265723,0.2015995587424159,0.3055251641137856,0.016491228070175445,0.6595296595296596
2019-02-13,0.47407902145704117,0.956270328876039,0.7256452955870107,0.2070581748001103,0.28848783155592017,0.014380918975797963,0.6526315789473685
2019-02-14,0.45634793712369986,0.8822254335260116,0.7299209321681233,0.20865490628445424,0.2785675232367414,0.012622720897615736,0.626096106629253
2019-02-15,0.46186830367975923,0.9234380642831347,0.7316971713810316,0.20473959768531275,0.2773981962284777,0.012267788293024884,0.6216690042075736
2019-02-16,0.470667843786015,0.9570397111913358,0.7318087318087318,0.21680440771349863,0.2762295081967213,0.01822004204625083,0.6239046617595514
2019-02-17,0.46084962919294936,0.8888487910501623,0.7294264339152119,0.2340952905535665,0.27888555039606666,0.015761821366024553,0.6180798878766643
2019-02-18,0.4535532920019471,0.8484848484848485,0.7208142916493561,0.25137665198237885,0.2820862916439104,0.017857142857142905,0.6007005253940456
2019-02-19,0.42581269490233403,0.8272628921745402,0.6648671096345515,0.2584640792733278,0.27627627627627627,0.015400770038501932,0.5126050420168067
2019-02-20,0.4140753228699922,0.8197548666186013,0.6575342465753424,0.2294991744634012,0.26419213973799127,0.011896431070678837,0.5015750787539377
2019-02-21,0.4221651917385609,0.9077477477477478,0.6485477178423237,0.2170563961485557,0.24774897680763985,0.017488632388947156,0.4944016794961511
2019-02-22,0.43320321047071714,0.9474063400576369,0.6607216922438822,0.23129812981298128,0.23758865248226946,0.0174825174825175,0.5047219307450157
2019-02-23,0.4038963790758483,0.7940223262513504,0.6471807628524047,0.23755842727522683,0.23343332424325058,0.015379238028661257,0.49580419580419577
2019-02-24,0.3924262609001725,0.8297336213102952,0.6162453377538334,0.20588235294117646,0.23118865866957472,0.016771488469601636,0.4547361062565537
2019-02-25,0.43261183545546045,0.9003238575026988,0.6975973487986744,0.20665017862050014,0.2303079858272009,0.014320642682500884,0.546470999301188
2019-02-26,0.41964962846097104,0.8629496402877698,0.684472049689441,0.20576923076923076,0.22506811989100817,0.014315642458100575,0.5253230876702759
2019-02-27,0.41680278633457285,0.8069039913700108,0.6883278145695364,0.23482559736336173,0.21874148733315169,0.020942408376963373,0.5310754189944134
2019-02-28,0.42227275681868687,0.8691588785046729,0.6888705006206041,0.21499176276771004,0.21786492374727673,0.019888346127006296,0.5228621291448516
2019-03-01,0.4168697753576436,0.8361480416816385,0.6914805624483044,0.2319516881690914,0.21617206643071063,0.013603069410533686,0.5118632240055827
2019-03-02,0.4153922794514821,0.7984913793103449,0.6874741628772221,0.26344676180021953,0.21556886227544914,0.023012552301255207,0.5043599581444018
2019-03-03,0.4295282678434152,0.9016157989228007,0.6888429752066116,0.2403292181069959,0.21605442176870748,0.021610317183687666,0.5087168758716876
2019-03-04,0.41612397812275265,0.8452979181622398,0.6976456009913259,0.22353263850795393,0.21789989118607178,0.01672473867595814,0.4956430812129662
2019-03-05,0.42395596070175084,0.8927161822748475,0.717175887696119,0.22840690978886757,0.2148490617351101,0.013235806339254585,0.4773519163763066
2019-03-06,0.40223134109771524,0.8238880918220947,0.6842756912917871,0.25274122807017546,0.21152800435019037,0.01810584958217265,0.42284918146987116
2019-03-07,0.4129977824795237,0.9053424166367874,0.6827557755775577,0.2502055357632228,0.20793693938570268,0.025408980160111394,0.4063370473537604
2019-03-08,0.39958729733910786,0.8408602150537634,0.6828865979381443,0.23972602739726026,0.2048913043478261,0.02435629784272786,0.40480334145492514
2019-03-09,0.3940507469841566,0.8290935148692224,0.6863149216817808,0.20597096685839497,0.20347731594675356,0.02713043478260868,0.4123173277661796
2019-03-10,0.38857575479263134,0.8484957020057307,0.6707869798104655,0.1826396495071194,0.20206409560021732,0.029207232267037586,0.39826086956521745
2019-03-11,0.38759019376697296,0.8567848191908343,0.6721581548599671,0.1713660005474952,0.20173771382025518,0.029892248870351024,0.39360222531293465
2019-03-12,0.38808357828638274,0.8357193987115247,0.6862906545903664,0.17077175697865354,0.19951140065146578,0.028839471855455212,0.4073687869308307
2019-03-13,0.38659865455525955,0.8304114490161002,0.6851851851851851,0.17510259917920656,0.19457259158751694,0.026745397707537366,0.4075747046560111
2019-03-14,0.39030578554175266,0.8623032904148784,0.6894282188399836,0.16165207877461707,0.1928920238741183,0.025347222222222188,0.41021187912469603
2019-03-15,0.3831065774862971,0.7912048623525205,0.6895559210526316,0.17500683620453925,0.1939245999457554,0.03193335647344675,0.4170138888888889
2019-03-16,0.3789774050206252,0.7902072909220872,0.6773530620632964,0.17031164570803717,0.19414316702819956,0.03226925746009712,0.409580006942034
2019-03-17,0.36445557061794115,0.7431225437656306,0.6552999178307313,0.17545777534845586,0.1954459203036053,0.032258064516129004,0.3851492019430951
2019-03-18,0.37765289463572627,0.8017857142857143,0.6607802874743327,0.1849726775956284,0.19972899728997295,0.03294036061026351,0.38570933055844603
2019-03-19,0.36766725131409306,0.7518743305962157,0.6613300492610837,0.17727396886096694,0.20048767271742074,0.031889081455805934,0.38314840499306524
2019-03-20,0.3543308322598097,0.693433261955746,0.655313910545753,0.1720371381758602,0.20070422535211263,0.027720027720027685,0.37677642980935877
2019-03-21,0.3571178197225997,0.7381377095968604,0.6452009844134536,0.16298116298116297,0.20173300839425945,0.028403186698995442,0.3662508662508662
2019-03-22,0.37286704351859123,0.8067047075606277,0.6650266502665027,0.15611353711790393,0.2016783974011911,0.030817174515235468,0.3768617942500866
2019-03-23,0.3667105724269773,0.7447415329768271,0.6622950819672131,0.17762619372442018,0.20460081190798374,0.032537210107303594,0.37846260387811637
2019-03-24,0.37978674753972613,0.7982893799002139,0.6661204424416223,0.196126568466994,0.20698051948051943,0.03287197231833905,0.378331602630668
2019-03-25,0.3762624645287904,0.7844674029212683,0.6703521703521704,0.18298336514862285,0.21044089802542598,0.03355240401245241,0.37577854671280275
2019-03-26,0.38715011731037063,0.7970085470085471,0.686451084731887,0.19765539803707743,0.2101135749053542,0.03596127247579528,0.39571082670356283
2019-03-27,0.3945071744416524,0.8412246351014596,0.6849427168576105,0.19869174161896974,0.20789402541227364,0.033529208434151414,0.40076071922544954
2019-03-28,0.3759950749520053,0.7765124555160142,0.6548057259713702,0.20871934604904632,0.20702702702702702,0.03524533517622663,0.37366055997234704
2019-03-29,0.3753553625310911,0.7876200640341515,0.6598528209321342,0.18605284663579405,0.20534990543096465,0.03557858376511225,0.3776779543883898
2019-03-30,0.3687144302171264,0.7734708392603129,0.6395586432366163,0.19335511982570805,0.19935170178282013,0.036947513812154664,0.36960276338514686
2019-03-31,0.37105149738848714,0.7987913259864913,0.6397058823529411,0.1848625102096379,0.19308668647042937,0.03797031411805318,0.37189226519337015
2019-04-01,0.36585810562252424,0.7981520966595593,0.6398530012249898,0.16004354926510614,0.18979481641468687,0.03692201518288474,0.3703831549879185
2019-04-02,0.36727347910514224,0.8035523978685613,0.6326530612244898,0.17496598639455782,0.18461538461538463,0.038978958261469465,0.36887508626639065
2019-04-03,0.28414609035941923,0.6154119318181819,0.5189718482252141,0.18770402611534276,0.171343766864544,0.021034482758620743,0.1904104863746119
2019-04-04,0.2912251252886154,0.6666666666666667,0.5138662316476346,0.19526788142507479,0.16293498786080385,0.016546018614270963,0.1920689655172414
2019-04-05,0.29793585814519424,0.6809794180269695,0.5193640440277212,0.18379554105492116,0.1604638619201726,0.021364576154376258,0.22164770768700448
2019-04-06,0.2841560878850045,0.5966654842142604,0.511002444987775,0.2160913291655341,0.1596117551900782,0.016879090595935287,0.2046864231564438
2019-04-07,0.2963268846389343,0.6680851063829787,0.5103869653767821,0.21820652173913044,0.15876010781671157,0.016873278236914646,0.2056493282810885
2019-04-08,0.2855110241145013,0.6380716058135413,0.49959283387622155,0.2295571855474056,0.15817838857450817,0.017555938037865704,0.17011019283746553
2019-04-09,0.2839633658417433,0.6024096385542168,0.4961334961334961,0.27159152634437805,0.15705818965517238,0.013764624913971124,0.16282271944922544
2019-04-10,0.3050658896155134,0.6804817569961035,0.500813669650122,0.28753733369535706,0.1564772421222731,0.022015823873409057,0.1830695113558155
2019-04-11,0.29035338199557953,0.5980878186968839,0.4957299715331436,0.2977741585233442,0.15239633817985998,0.030261348005502064,0.1678706570347437
2019-04-12,0.3030012136345177,0.5946902654867257,0.5134146341463415,0.30800542740841247,0.14777927321668904,0.025782055689240302,0.22833562585969736
2019-04-13,0.3106842917967774,0.6128803963198868,0.5107679804957335,0.3339663591969615,0.14558665231431644,0.029209621993127155,0.23169474046063943
2019-04-14,0.31788560184182646,0.6777502652989034,0.5129975629569457,0.3032275562788175,0.1439332795264998,0.03160425970456893,0.2378006872852234
2019-04-15,0.32009612051378317,0.7312588401697313,0.5058871295168494,0.2871475054229935,0.14174287251210327,0.03296703296703296,0.2215733424939883
2019-04-16,0.30210606842037646,0.6309650053022269,0.5150162337662338,0.264570344266739,0.13767141704759345,0.02814967387572953,0.2362637362637363
2019-04-17,0.28999209017964117,0.6148409893992932,0.503448275862069,0.25447154471544714,0.13548387096774195,0.03500343170899112,0.1967044284243048
2019-04-18,0.28892101737417497,0.6386435888378665,0.5028386050283861,0.22730967217556217,0.13276001074979848,0.02710120068610633,0.2048730267673301
2019-04-19,0.27520889399209764,0.5921610169491525,0.49777057154438586,0.20368364030335862,0.13191832348199894,0.026748971193415683,0.19897084048027447
2019-04-20,0.27423570634977357,0.5817154959406989,0.49756888168557534,0.19821283509341997,0.13027128659683052,0.025025711347274604,0.2126200274348422
2019-04-21,0.28817105529118286,0.6584333098094566,0.49696233292831105,0.20438548998375744,0.1299677765843179,0.027758738862234456,0.2115186835790196
2019-04-22,0.26944222536015006,0.5562610229276896,0.49838056680161946,0.19079837618403248,0.12859060402684563,0.02672147995889007,0.21590130226182314
2019-04-23,0.27269332910578153,0.6315232722143864,0.4937272359368676,0.17207792207792208,0.12506709608158884,0.021575342465753433,0.19218910585817062
2019-04-24,0.27782928202603807,0.7042650687345788,0.4854368932038835,0.1582364078982959,0.1231553528306949,0.024649092776446446,0.17123287671232879
2019-04-25,0.2602895902359362,0.5422832980972516,0.49211484027496966,0.1584640346133045,0.12204935622317592,0.021218343600273748,0.2256076686066416
2019-04-26,0.29269711768572987,0.6202888340965129,0.5157639450282943,0.1600432549337659,0.12094395280235992,0.024974341430037628,0.3141683778234087
2019-04-27,0.29044270325007854,0.5890845070422535,0.5147474747474747,0.15513513513513513,0.12037533512064347,0.03385772913816687,0.3294560383167978
2019-04-28,0.2986554608180725,0.6360436466033087,0.5113085621970921,0.15455282356119968,0.12034307156258373,0.04205128205128206,0.3276333789329685
2019-04-29,0.2881480610980543,0.558057705840957,0.5159467097295115,0.15559157212317667,0.12084673097534837,0.04647983595352012,0.331965811965812
2019-04-30,0.29191361912023644,0.5578614139992966,0.5169491525423728,0.1679719146637861,0.12081435842485932,0.04885548343013324,0.33902939166097057
2019-05-01,0.2972458302158672,0.6132208157524613,0.5054457442517144,0.17818574514038876,0.11971076593465457,0.048838797814207635,0.3180731124017766
2019-05-02,0.28372288932783,0.5233743409490335,0.5032258064516129,0.19298245614035087,0.1207496653279786,0.04916353704335952,0.31284153005464477
2019-05-03,0.2744147546077896,0.48102600140548135,0.49576783555018133,0.19697787371829464,0.1231263383297645,0.04948805460750849,0.300102424035507
2019-05-04,0.27323397726812754,0.5465402177730945,0.4810636583400484,0.19557593741570004,0.1244313620551244,0.04742408734220405,0.2443686006825938
2019-05-05,0.2772862126797486,0.5930477528089888,0.47885622231171965,0.19390507011866234,0.1260032102728732,0.04638472032742158,0.2255203002388263
2019-05-06,0.27688374264668725,0.6075816075816076,0.4810789049919485,0.15988136964141278,0.12730676651511097,0.049437436072280905,0.23601637107776263
2019-05-07,0.27154919710564096,0.543859649122807,0.48128772635814887,0.1673854447439353,0.12754010695187168,0.05112474437627812,0.2580975110808046
2019-05-08,0.2769881212945484,0.6050508593475974,0.47747385358004824,0.16410670978173,0.12697139802191926,0.051788756388415624,0.23653715064758007
2019-05-09,0.2610065910612875,0.5210378681626928,0.4744672295938882,0.15975215517241378,0.12800641368252275,0.05279291553133514,0.2299829642248722
2019-05-10,0.25429796158623413,0.5096389765159481,0.46945337620578775,0.1723673579315917,0.1287737109270638,0.05243445692883897,0.1931198910081744
2019-05-11,0.2582345264208661,0.5690259285213735,0.46524708718360785,0.15697361335487345,0.12767094017094016,0.05207624234172903,0.17841334695267275
2019-05-12,0.22255789113692984,0.49352014010507883,0.4473895582329317,0.14508748317631226,0.12683578104138848,0.05273902687989107,0.06977535738597684
2019-05-13,0.21597652910754572,0.40791316526610644,0.4520272982737856,0.14316469321851452,0.12706887346502937,0.0513605442176871,0.11432460020415103
2019-05-14,0.19103170648316356,0.3188659432971649,0.4382022471910112,0.15792305622814098,0.12543368027755541,0.04998299897993874,0.05578231292517011
2019-05-15,0.200823241890244,0.35234429671098666,0.43241075010028074,0.19230769230769232,0.12486659551760937,0.04724677090414686,0.05576334580074804
2019-05-16,0.19710373424084926,0.34697446659671216,0.42261427425821974,0.20677601505781124,0.12163243531608425,0.032619775739041845,0.052005438477226384
2019-05-17,0.20985739889911295,0.38181818181818183,0.43767535070140284,0.2075268817204301,0.11626666666666663,0.03192934782608692,0.08392796466190966
2019-05-18,0.2319540507843542,0.40405452638937434,0.4503205128205128,0.23407686105885514,0.10797120767795254,0.033276740237691005,0.16202445652173914
2019-05-19,0.23882658149493377,0.40041928721174,0.4513416099319183,0.2630306286942504,0.10527718550106613,0.03665987780040736,0.17623089983022067
2019-05-20,0.20237236535044734,0.30492490394690885,0.4243394715772618,0.2769272092398603,0.10418332001065811,0.030539531727180158,0.07331975560081472
2019-05-21,0.21591403474456114,0.3229748603351955,0.43497398959583833,0.3053168635875403,0.10362280234416621,0.028493894165535938,0.10010179843909062
2019-05-22,0.2181553767480704,0.3476439790575916,0.4356,0.29906040268456374,0.10146471371504662,0.018989487962021045,0.10617367706919945
2019-05-23,0.2317404550984936,0.3237962316817865,0.44422231107556975,0.333064949006978,0.10117145899893498,0.034237288135593236,0.15395049169209907
2019-05-24,0.24084240716452146,0.3355423787931636,0.4396482813749001,0.40112691172524817,0.10061219057758852,0.032192477126397834,0.13593220338983047
2019-05-25,0.24085661657056998,0.34832635983263593,0.4370755093887335,0.3865343347639485,0.10005321979776471,0.03353658536585369,0.13961369027448323
2019-05-26,0.24559763212892982,0.39212269083304285,0.4329073482428115,0.3821399839098954,0.09976057462090981,0.03386386725364032,0.13279132791327908
2019-05-27,0.21450263965437832,0.27735191637630663,0.4131736526946108,0.40134048257372656,0.09999999999999998,0.022681110358835466,0.07246867592279038
2019-05-28,0.21682202411007187,0.26854754440961337,0.4090183559457302,0.43982846421870814,0.0989098643977665,0.009137055837563413,0.07549085985104942
2019-05-29,0.22115759256068115,0.28203342618384397,0.4168328679696849,0.43354769560557344,0.09808612440191389,0.003721244925575129,0.09272419627749573
2019-05-30,0.2215786021355106,0.25931082492168467,0.41905901116427435,0.4302169836592553,0.0967313313845336,0.002367264119039536,0.121786197564276
2019-05-31,0.24482462066025923,0.3124565066109951,0.4276604224790753,0.4528655597214783,0.09537725823591925,0.0013522650439485862,0.17923571187013865
2019-06-01,0.2598827871465277,0.47304347826086957,0.41952191235059766,0.39759036144578314,0.0940239043824701,0.0037174721189591198,0.1713995943204868
2019-06-02,0.2308048860263754,0.32232267037552154,0.41975308641975306,0.36589935760171305,0.09267126925119495,0.002702702702702675,0.18148022980736733
2019-06-03,0.23720626220903154,0.3868613138686131,0.41759554140127386,0.36044955846936044,0.09211574196973715,0.0023640661938534313,0.16385135135135132
2019-06-04,0.2721674726217642,0.4864489228630994,0.43493832073219263,0.3657035848047084,0.08890658174097665,0.0010128291694800895,0.25599459642012834
2019-06-05,0.28174535928845373,0.37165682528655786,0.4506762132060461,0.422572880449318,0.08702573626956756,0.0030374620317246137,0.3555030384875084
2019-06-06,0.2778714206757165,0.33819444444444446,0.44771371769383694,0.42967914438502675,0.08647214854111407,0.004048582995951455,0.3611204859939251
2019-06-07,0.2900520922022414,0.35057271780631727,0.4483306836248012,0.4680566693397487,0.08671439936356407,0.004721753794266426,0.3819163292847504
2019-06-08,0.2837945070649692,0.3299791811242193,0.44219308700834326,0.4756814537680385,0.08695652173913049,0.008091706001348564,0.35986509274873524
2019-06-09,0.30744131512352485,0.4800554977454041,0.44559173947577446,0.45257814587229495,0.08746355685131191,0.007751937984496138,0.37120701281186785
2019-06-10,0.3085367247219943,0.3997919556171984,0.45375148868598647,0.484508547008547,0.08850026497085317,0.009770889487870638,0.41489720256150997
2019-06-11,0.2933946434493613,0.33448873483535524,0.4444444444444444,0.5161548731642189,0.08927152317880793,0.007409902324014839,0.3685983827493261
2019-06-12,0.30657597828595634,0.3946638946638946,0.44625148750495836,0.5077415910304325,0.08898305084745761,0.008754208754208737,0.39306163691478613
2019-06-13,0.3023370420014814,0.43436092829927264,0.44052339413164154,0.477982385908727,0.08842997087635684,0.00504880511612249,0.3676767676767677
2019-06-14,0.28409480528854,0.3424515235457064,0.43836702338485933,0.46531483457844186,0.0892006352567496,0.003364737550471064,0.36587007741501176
2019-06-15,0.2660820073865265,0.27137417791623397,0.41917591125198095,0.4795945585489464,0.09155861338978566,0.007736293306424447,0.3270524899057874
2019-06-16,0.2733583808602605,0.32352941176470584,0.41702970297029707,0.48346666666666666,0.09523809523809523,0.00470746469401484,0.31617894382778333
2019-06-17,0.2760759887465692,0.3787616741611899,0.41053048297703876,0.4662756598240469,0.09759322930441683,0.0010084033613445564,0.3022864828513786
2019-06-18,0.2650292006865559,0.3450899031811895,0.3969133359715077,0.4568230277185501,0.09756742464304602,0.0,0.29378151260504204
2019-06-19,0.2637919820197632,0.27134462495679224,0.410996835443038,0.4559019451105782,0.09807031456515991,0.0,0.34643817204301075
2019-06-20,0.2511254618973704,0.22080165860400824,0.3997627520759194,0.45098561534363346,0.0996300211416491,0.0,0.3355727242190124
2019-06-21,0.25990987197849375,0.29844559585492225,0.3901185770750988,0.45645805592543276,0.10013210039630116,0.0,0.3143049026192075
2019-06-22,0.24262650419851184,0.31111878453038677,0.37495061240616356,0.4068157614483493,0.10036978341257263,0.0003355704697987072,0.26216851292379995
2019-06-23,0.2156984572825454,0.26268553676216777,0.3503159557661928,0.36092627096087304,0.10113546342751523,0.0,0.2191275167785235
2019-06-24,0.20336550677045503,0.1525189786059351,0.34662455586261354,0.40260777009047366,0.1037486800422387,0.0,0.21469305602146926
2019-06-25,0.20613608030063857,0.15557088651259054,0.3310970797158642,0.44107475392391593,0.10451306413301664,0.0,0.20456069751844397
2019-06-26,0.19594655281946097,0.20482758620689656,0.2911242603550296,0.4186170212765957,0.10422163588390498,0.0006702412868632157,0.15621857190747568
2019-06-27,0.1628918818763436,0.1320234401930369,0.24526813880126186,0.40069130550385534,0.10419414402532312,0.0,0.0951742627345844
2019-06-28,0.22358476652045942,0.24844934527911788,0.32834055971620024,0.3934077618288145,0.10363924050632911,0.0,0.2676716917922948
2019-06-29,0.18000678138290807,0.14708921805029285,0.2655634357762018,0.39197448844007443,0.103611916688637,0.00033478406427855933,0.17146684527796385
2019-06-30,0.1926115570558926,0.14015151515151514,0.2839700669554943,0.4032943676939426,0.10595677385345281,0.0,0.22229661868095074
2019-07-01,0.2505563217207407,0.23098106712564548,0.3515748031496063,0.4648074369189907,0.10724637681159421,0.0,0.34872824631860777
2019-07-02,0.2652734988288611,0.27666896077081904,0.3663911845730028,0.4681359532660648,0.10774499473129606,0.0,0.3726998996319839
2019-07-03,0.2561632737525648,0.22119023047815622,0.3560188827694729,0.4892487390496416,0.1079799841980511,0.0,0.3625418060200669
2019-07-04,0.21890214068451433,0.14511691884456668,0.2878489972473457,0.5193736730360934,0.1103212216956293,0.0006684491978609097,0.25008358408559006
2019-07-05,0.2470720412564442,0.18322447576486767,0.3341194968553459,0.507031042716901,0.11213477230850222,0.0,0.34592245989304815
2019-07-06,0.24822485107875178,0.14364261168384884,0.34931237721021613,0.5145888594164456,0.11394736842105269,0.0013360053440213404,0.3665218843969261
2019-07-07,0.2447207501611807,0.16076949501889382,0.3342498036135114,0.505701405462742,0.11523283346487767,0.0013355592654423765,0.3510354041416166
2019-07-08,0.24559777923946546,0.21256868131868134,0.3191990577149588,0.4976139978791092,0.11599158337716986,0.0010013351134846582,0.327212020033389
2019-07-09,0.2180210480398567,0.1342258839684174,0.2723704866562009,0.5345878611184733,0.11727583486721005,0.0,0.24966622162883845
2019-07-10,0.2209358878226587,0.1743308167467399,0.2652020400156925,0.5312665606783253,0.1172450052576236,0.0,0.23757090423757088
2019-07-11,0.2502572295648481,0.2771869639794168,0.2874509803921569,0.5080794701986755,0.11695137976346914,0.0,0.3118745830553702
2019-07-12,0.27825834606590566,0.30384087791495196,0.337514700117601,0.5145656779661016,0.11849710982658956,0.0,0.39513171057019003
2019-07-13,0.2524824249755968,0.1779225231402125,0.3091692789968652,0.5467302091607096,0.12240609403729974,0.0006664445184938472,0.358
2019-07-14,0.2800749722870179,0.26867717614804665,0.33607520564042304,0.5471148755955532,0.12605042016806722,0.0009993337774816258,0.40153282239253585
2019-07-15,0.31103595977264176,0.2997601918465228,0.384886452623336,0.5408838317015083,0.12969283276450516,0.0006660006660006434,0.5103264490339774
2019-07-16,0.2937490342300396,0.2719178082191781,0.3632093933463797,0.5444444444444444,0.13070866141732285,0.0016644474034620549,0.4505494505494505
2019-07-17,0.33865574670571114,0.2920232796987333,0.42057902973395933,0.5593758265009257,0.1314615586460247,0.0016638935108153063,0.6268308921438083
2019-07-18,0.35082792556950704,0.37577002053388087,0.4086820492764959,0.5676890534108937,0.13352570828961174,0.0013306719893546592,0.6179700499168053
2019-07-19,0.3231420231514414,0.37256243585357507,0.37646598905394835,0.5596087761036215,0.13453973249409912,0.00033255736614568043,0.4953426480372588
2019-07-20,0.331838071765207,0.3950068399452804,0.38218053927315354,0.546247357293869,0.13450445726271631,0.0006648936170212671,0.5324243431992018
2019-07-21,0.2922170922615621,0.1873504273504274,0.37109375,0.5587846763540291,0.13840104849279167,0.000664672648720499,0.4970079787234043
2019-07-22,0.3185166139696602,0.28127136021872867,0.3814916048418586,0.5758055995773904,0.14046121593291405,0.0016611295681062677,0.5304087736789631
2019-07-23,0.32572335176536266,0.2630679877007175,0.38875878220140514,0.5922894111433853,0.1427822897563532,0.0006642311524410749,0.5667774086378737
2019-07-24,0.3452652755862198,0.3271857923497268,0.4057744830277019,0.5747096092925026,0.14353064431639606,0.0023240371845949515,0.6180670873463965
2019-07-25,0.3485302183104453,0.34721748036872657,0.40990639625585024,0.5592504618632884,0.14532600157109188,0.0033189512114172315,0.6261620185922975
2019-07-26,0.34146962449722973,0.30443686006825943,0.4062378167641325,0.5683377308707124,0.14816753926701576,0.005308560053085554,0.6163292399601725
2019-07-27,0.3382730954052799,0.26305015353121797,0.4095869056897895,0.5729359008177262,0.15467155194975135,0.006301824212271989,0.6230922362309224
2019-07-28,0.3606635058236314,0.3219645293315143,0.4265679781846513,0.5809599156118144,0.15986394557823125,0.006631299734747964,0.6679933665008292
2019-07-29,0.3496098284205829,0.2557108762359359,0.42601246105919,0.5863432639071975,0.16845409364373531,0.00696055684454755,0.6541777188328912
2019-07-30,0.3569801319402493,0.2784594410361282,0.42662514597119505,0.5785450711649973,0.1718096234309623,0.005964214711729587,0.6804772953264833
2019-07-31,0.3666929971162795,0.35025553662691655,0.4256809338521401,0.5673254281949934,0.17333333333333334,0.0076184166942696585,0.6759443339960238
2019-08-01,0.3387512898711183,0.23705722070844681,0.4025670945157527,0.5808746048472075,0.1803450078410873,0.006953642384106007,0.6247101689301093
2019-08-02,0.3413093215599039,0.3122233571671774,0.38880248833592534,0.5688701606531472,0.18160438986151028,0.0062893081761006275,0.5900662251655628
2019-08-03,0.3229054965026627,0.22600408441116404,0.3863194714341236,0.556872037914692,0.18234064785788928,0.0059563203176704604,0.579940417080437
2019-08-04,0.31156995956920047,0.2014290575025519,0.37995337995337997,0.5583048170571203,0.1830765212849308,0.005623552762156758,0.5410324288550629
2019-08-05,0.30690507907029546,0.21156462585034008,0.3739805825242718,0.5486842105263158,0.18355091383812006,0.005621693121693139,0.518028448561032
2019-08-06,0.29381668676796935,0.25705542332539955,0.33229813664596275,0.5419626414101553,0.18350300182719914,0.0033057851239669533,0.4447751322751323
2019-08-07,0.2995176799891776,0.21244051665533648,0.3558401241753978,0.5502367175170962,0.18371607515657618,0.010244547257105108,0.48462809917355376
2019-08-08,0.28538610857832797,0.21678559293238198,0.32350659425911554,0.5385222193005522,0.1834072528045917,0.012553683515031389,0.43754130865829477
2019-08-09,0.2923770319546453,0.2584918478260869,0.32570763861962004,0.5331230283911672,0.1833594157537819,0.012549537648612996,0.4410307234886026
2019-08-10,0.29494154572096254,0.24244482173174875,0.33410852713178296,0.542969776609724,0.18513689700130376,0.012545394519643427,0.452443857331572
2019-08-11,0.312523240322953,0.2572980312287848,0.3680743897714064,0.5478192327903311,0.18561001042752867,0.012871287128712883,0.503466490590954
2019-08-12,0.299338322198126,0.23651170682049538,0.3563129357087529,0.5311268715524035,0.1866041178003649,0.012867040580666456,0.4726072607260726
2019-08-13,0.31379780208913677,0.3127544097693351,0.36430507162214476,0.5252100840336135,0.18629494528400203,0.012203166226912976,0.48201913559881227
2019-08-14,0.3199137033200718,0.26042726347914547,0.3858359133126935,0.5339984247834078,0.1854649648345923,0.01285855588526208,0.5408970976253298
2019-08-15,0.34943334542848853,0.3111864406779661,0.41779497098646035,0.5304461942257218,0.18567708333333333,0.014502307185234042,0.6369930761622156
2019-08-16,0.33596468090232195,0.29007116231785834,0.405645784996133,0.5038047756494358,0.18640978911741735,0.015156507413509046,0.614700065919578
2019-08-17,0.33872961661586887,0.31436314363143636,0.4035562427522227,0.50498426023085,0.18740239458615304,0.012516469038208133,0.6095551894563427
2019-08-18,0.36049413160325505,0.39790044023027427,0.4122874806800618,0.5224232887490166,0.1883944834764507,0.012183075403358612,0.6297760210803689
2019-08-19,0.36102014701574153,0.40047393364928907,0.406720741599073,0.5419507079181961,0.1893860561914672,0.01086240947992101,0.6167270332565031
2019-08-20,0.31553481698214797,0.2419627749576988,0.3861003861003861,0.5192660550458715,0.18959687906371914,0.012833168805528095,0.543449637919684
2019-08-21,0.32424483462251147,0.2848443843031123,0.39058278656889234,0.5052410901467506,0.18928757150286013,0.015460526315789425,0.5600526488976637
2019-08-22,0.35302694391923284,0.37335136963138316,0.42206790123456794,0.48022006811632173,0.18923836755913703,0.016770799079250276,0.6365131578947368
2019-08-23,0.3498142744379045,0.3509127789046653,0.4215194755109911,0.4897852278679937,0.18918918918918914,0.01643655489809337,0.6310424202564946
2019-08-24,0.3401879737639411,0.30077728962487327,0.4070932922127988,0.5106048703849175,0.19017926734216684,0.016759776536312887,0.6157133464825773
2019-08-25,0.34554525690600507,0.2945945945945946,0.4219653179190751,0.5096858638743456,0.1914285714285714,0.017739816031537403,0.6378573775879066
2019-08-26,0.34616541483083174,0.3069908814589666,0.4279661016949152,0.4964668934833813,0.192157881069852,0.017733990147783207,0.635676741130092
2019-08-27,0.3447142086824109,0.3595543551654288,0.41162880246438194,0.48325484039769756,0.19184839044652124,0.01346027577150366,0.6085385878489327
2019-08-28,0.3462999579323142,0.37900776240296996,0.4260969976905312,0.4520010462987183,0.19101998442771861,0.01312766655726949,0.6165462902166776
2019-08-29,0.3484832809975737,0.3394062078272605,0.43824547903039635,0.44142259414225943,0.19148936170212771,0.016076115485564313,0.6642599277978339
2019-08-30,0.35260241103313944,0.3099494097807757,0.4473076923076923,0.46326797385620916,0.19299610894941632,0.01967858314201376,0.6824146981627297
2019-08-31,0.34913123161289755,0.32265677680377614,0.4440599769319492,0.4385781495033978,0.19320539419087135,0.02065573770491802,0.6756313545424729
2019-09-01,0.3494307109261605,0.3040107853050219,0.4438893159108378,0.4645936765090149,0.1939331086336531,0.01999344477220588,0.6701639344262296
2019-09-02,0.3542702536766047,0.373989218328841,0.4391087207068767,0.455067920585162,0.19440124416796267,0.020969855832241202,0.6420845624385447
2019-09-03,0.32352053634561106,0.31997305490064,0.4158986175115207,0.43849569078088274,0.19435086810054414,0.019980347199475945,0.552424639580603
2019-09-04,0.3073203991442725,0.26329966329966326,0.4046065259117082,0.45744125326370755,0.1935233160621762,0.017354289456450567,0.5076973468719292
2019-09-05,0.32347039396018434,0.35913833726018174,0.40713737528779737,0.4599321326024537,0.19399119399119402,0.016366612111292977,0.504256712508186
2019-09-06,0.3047195849989806,0.2641318977119784,0.4088991177598773,0.4397181628392484,0.19445882962195749,0.010471204188481686,0.5106382978723405
2019-09-07,0.3242120138525232,0.29936091490077366,0.4256134969325154,0.44325593529872165,0.1962205539735956,0.010467778868171407,0.5703534031413613
2019-09-08,0.323880956454277,0.3167451244115669,0.41510157148332694,0.4514866979655712,0.19927536231884058,0.01046435578809679,0.5502126267582597
2019-09-09,0.3143567007306128,0.23563025210084032,0.4199233716475096,0.45945241199478487,0.20181112548512292,0.010134030728996435,0.5591890124264225
2019-09-10,0.3295087296539916,0.3397177419354839,0.42972041363462277,0.4343065693430657,0.20253491981376104,0.0062091503267973636,0.564563582870219
2019-09-11,0.3268745718248037,0.24219012428619413,0.43568147013782543,0.46364347146207974,0.20274114300491342,0.0068605031035609,0.6101307189542484
2019-09-12,0.32974178305947227,0.23169912693082606,0.43474933027171836,0.49609171443460137,0.20630816959669085,0.007184846505551956,0.6024175106174453
2019-09-13,0.3348540745429136,0.3021148036253777,0.428079571537873,0.4881479551966658,0.2114241406048074,0.005876591576885359,0.573481384715872
2019-09-14,0.3421704951427169,0.33154362416107386,0.43135755258126196,0.48463541666666665,0.21782945736434112,0.006853785900783338,0.5808031341821743
2019-09-15,0.3392145113819633,0.3126467628312647,0.4311926605504587,0.4917990106743036,0.22164815293205886,0.006525285481239762,0.5714751958224543
2019-09-16,0.34101218408902784,0.34339369550637155,0.43370271303018726,0.4908901613742842,0.22572314049586772,0.006196999347684251,0.5461663947797717
2019-09-17,0.3376748700753016,0.29735165940328523,0.43468296409472884,0.5160031225604996,0.22876323263619935,0.004890772742093263,0.5443574690150033
2019-09-18,0.34884419161288543,0.3478552278820375,0.43718976708667434,0.5286160249739854,0.22870418172431595,0.0032594524119947677,0.5474404955983045
2019-09-19,0.3412972156103462,0.2730318257956449,0.4389312977099237,0.541742522756827,0.23019354838709682,0.0035842293906810374,0.5602998696219035
2019-09-20,0.35023022189226954,0.3466175485599464,0.4357115604731019,0.5403016120644826,0.23297213622291024,0.005863192182410382,0.5399152818507658
2019-09-21,0.354628912651987,0.34248409775694677,0.43974065598779555,0.5521185339225371,0.2393603301521795,0.005535656138065725,0.5485342019543974
2019-09-22,0.35621043980307276,0.30522088353413657,0.44643537933663746,0.5582120582120582,0.24419804022692104,0.00423177083333337,0.57896450667535
2019-09-23,0.3525089704016227,0.3037805286048846,0.44512195121951215,0.5611847233047544,0.24800206238721323,0.004881223560039061,0.5520833333333333
2019-09-24,0.3988846886658138,0.5351170568561873,0.460952380952381,0.5488311688311688,0.2463917525773196,0.005530253741053981,0.5964855190367719
2019-09-25,0.40697249773613203,0.4229354730859244,0.4801980198019802,0.5523240716696962,0.2427209482092244,0.0,0.7436564736499675
2019-09-26,0.41475430037070643,0.44084224598930477,0.4838218500190331,0.5617860851505712,0.2424008243173622,0.0,0.7596747967479675
2019-09-27,0.41826544656561526,0.4092883394587371,0.4908675799086758,0.5860368543991695,0.24414112799381926,0.0,0.77925877763329
2019-09-28,0.43985854762928267,0.5460921843687374,0.4891593761886649,0.590295796574987,0.243048403707518,0.0006497725795971965,0.7699057523561911
2019-09-29,0.4212840130566877,0.4467445742904841,0.48897338403041823,0.5857328145265889,0.2450450450450451,0.0009743423189346734,0.760233918128655
2019-09-30,0.43875025949943175,0.5393858477970628,0.49258836944127704,0.5858402489626556,0.2475553268142049,0.0012987012987012436,0.7658330626826892
2019-10-01,0.42983548671296273,0.5482148815482148,0.4870820668693009,0.5719471091521908,0.24157447903267304,0.0012982797792924217,0.7288961038961039
2019-10-02,0.4196809574600208,0.5016677785190127,0.48689707557918727,0.5790565059616382,0.23868312757201648,0.0019467878001298011,0.7098344693281402
2019-10-03,0.41304741499675846,0.47882627542514167,0.4863325740318907,0.5853848147188391,0.23630753407045513,0.00259487512163481,0.6888384166125892
2019-10-04,0.41736086761275315,0.493,0.4895635673624289,0.5800518134715026,0.23444730077120823,0.0029182879377431803,0.7041842361336361
2019-10-05,0.42360828113498616,0.4981672775741419,0.4920333839150227,0.591038591038591,0.23927011051143665,0.0032414910858995505,0.7178988326848249
2019-10-06,0.417877158079288,0.45869420386409065,0.4929844520288206,0.5926980838943553,0.24100719424460426,0.003240440699935232,0.7186385737439223
2019-10-07,0.4335023936748361,0.5124875124875126,0.4981046247156937,0.5912503235827078,0.2447983560236322,0.0032393909944929966,0.7511341542449773
2019-10-08,0.4127924815352064,0.4647137150466045,0.49109511178476695,0.5965320910973085,0.2457627118644068,0.0035621761658031215,0.6750890832523486
2019-10-09,0.40339536364880124,0.4396006655574043,0.4928030303030303,0.5839586028460544,0.24338896020539158,0.002589834898025223,0.6580310880829016
2019-10-10,0.4015533320529368,0.5079840319361277,0.4808784551306323,0.5876875323331608,0.2435831622176592,0.001941747572815511,0.5872450631272257
2019-10-11,0.38263888022035175,0.4113734619221816,0.48296744890234666,0.573829842254978,0.24352065691557612,0.0016175994823681705,0.5825242718446602
2019-10-12,0.3966524786659975,0.4587765957446809,0.4911085887249338,0.5558428128231644,0.2439712673165726,0.0035575679172057395,0.6266580394694274
2019-10-13,0.4091546496478709,0.5413758723828515,0.4905446293494705,0.5544068234685965,0.245704026673506,0.0038797284190106307,0.6190168175937905
2019-10-14,0.40410527484922615,0.5132890365448505,0.49187145557655954,0.554780361757106,0.2484615384615385,0.0029088558500323103,0.61332040090527
2019-10-15,0.40493265775679843,0.5363666555961475,0.49017384731670444,0.5481787651769569,0.24660343501666238,0.0025848142164781596,0.605688429217841
2019-10-16,0.39835608050252375,0.4817397078353254,0.4964110313562523,0.5459710743801653,0.24372116863147109,0.001614987080103325,0.6206785137318256
2019-10-17,0.40421817721739534,0.5263856621307667,0.49848942598187307,0.5205267234701781,0.24263387138098902,0.0016144656118824985,0.6356589147286822
2019-10-18,0.3937132463336443,0.4996682149966821,0.4979237448093621,0.5,0.24667008196721307,0.0,0.6180174362286084
2019-10-19,0.38982936683792185,0.47330016583747925,0.5011320754716981,0.4820645161290323,0.24916773367477596,0.00032268473701191347,0.6329890251775339
2019-10-20,0.3998272088830284,0.5374668435013263,0.5016974726518295,0.4760061919504644,0.25294418842805944,0.00032258064516133,0.6305259761213294
2019-10-21,0.3827613535753605,0.5071262843884654,0.49585218702865763,0.4578282176940934,0.2554389557205017,0.00032247662044504466,0.5800000000000001
2019-10-22,0.3691513544729907,0.4569251159708416,0.49641914813418775,0.42676637441980403,0.2556294779938587,0.0,0.5791680103192518
2019-10-23,0.36760975350985065,0.4322623385226896,0.5,0.4091260634184068,0.25530826298286,0.00032226877215602023,0.6086395873629916
2019-10-24,0.40507436550165904,0.4827814569536424,0.5141242937853108,0.47835051546391755,0.25780051150895145,0.0006443298969072142,0.6967450854012246
2019-10-25,0.4198844326588704,0.5892088712346906,0.5143072289156627,0.4601906725070858,0.25875735106110964,0.0009661835748792091,0.6958762886597938
2019-10-26,0.3643564160349402,0.5115817339510258,0.4828754234098608,0.43225141679546625,0.25894683026584864,0.0,0.5004830917874397
2019-10-27,0.33237445477933786,0.46543169037380083,0.47291196388261847,0.3703322173577131,0.254791719907999,0.0,0.4307791371538957
2019-10-28,0.3307798904584638,0.5525793650793651,0.4682211357653253,0.35118434603501547,0.25447112927950943,0.0,0.3582233665915674
2019-10-29,0.32047737158417466,0.48925619834710743,0.47293233082706765,0.3202059202059202,0.25083014048531294,0.0,0.38963963963963966
2019-10-30,0.31737453639955576,0.4871116986120291,0.47200300638857573,0.31832218219248587,0.24565883554647605,0.0,0.38115149565776774
2019-10-31,0.3265465364040165,0.4975222993062438,0.47370398196844477,0.32930280421919217,0.2494255808016339,0.0006428801028608433,0.4086816720257235
2019-11-01,0.32747199054665455,0.5092470277410832,0.47465264739016144,0.31224279835390945,0.2524247064828994,0.0003213367609254947,0.4159434265509483
2019-11-02,0.32399135966320075,0.5117200396170354,0.4733483483483484,0.2887631781949087,0.24980862464914522,0.0016061676839062011,0.41870179948586117
2019-11-03,0.31934295081852593,0.49207920792079207,0.47317073170731705,0.28071979434447303,0.2528061224489796,0.0016056518946692133,0.4156761965949245
2019-11-04,0.3135729336676598,0.47773012207192345,0.4741185296324081,0.2588023644307376,0.2529966845192553,0.0022471910112359383,0.41554271034039825
2019-11-05,0.30300102258745515,0.4953825857519789,0.47206599175103114,0.2261048304213772,0.2401835798062213,0.0016046213093710016,0.38266452648475124
2019-11-06,0.29527200813160576,0.4437850313221233,0.4733883058470765,0.2165425122013871,0.2345144022431812,0.0,0.40340179717586655
2019-11-07,0.29778342728523294,0.49901120632827944,0.4728362682652679,0.1877247046738572,0.22706422018348627,0.0,0.40006416426050695
2019-11-08,0.2979103005406141,0.4968698517298188,0.4764044943820225,0.1704749679075738,0.22292993630573243,0.0,0.4207825529185375
2019-11-09,0.3162064766899331,0.5497364953886693,0.48558592287532765,0.1570841889117043,0.22134488028527766,0.0028846153846153744,0.4806027572940045
2019-11-10,0.30335703989459595,0.48468883766875204,0.4854041916167665,0.14293045932768797,0.22154316271963326,0.004165331624479296,0.48141025641025637
2019-11-11,0.2783607231227146,0.3785385121790652,0.47848858959970075,0.14340687532067728,0.22275967413441955,0.004484304932735439,0.4424863825696892
2019-11-12,0.3002073069105858,0.46298124383020733,0.4891548242333582,0.14952551936393949,0.2216849071010435,0.0044828690361831125,0.4734144778987829
2019-11-13,0.3057313622824867,0.5273026315789473,0.4871028037383177,0.1412820512820513,0.21984732824427478,0.0009603072983355165,0.45789305155299387
2019-11-14,0.30644397032735454,0.5284445905951989,0.48841554559043343,0.14227121250961292,0.21826507250063598,0.0006399999999999739,0.4606274007682458
2019-11-15,0.2875475513250145,0.3967784352399737,0.4942099364960777,0.14095335725269093,0.2184638860630722,0.0009596928982725794,0.47392
2019-11-16,0.30296583647484204,0.4554715741045021,0.5003734129947722,0.1452728670253651,0.21891685736079325,0.0012791813239526606,0.4964811260396673
2019-11-17,0.308065045767369,0.49802890932982913,0.5001866368047779,0.140625,0.2196237925775293,0.0015984654731457937,0.4883274704189319
2019-11-18,0.3011480286285515,0.4719211822660099,0.49962686567164183,0.13802816901408452,0.22033036848792886,0.0015979546180888704,0.475383631713555
2019-11-19,0.32249382080601663,0.5476034143138542,0.5080193957478553,0.1349206349206349,0.2177337398373984,0.00031948881789134465,0.5263662511984659
2019-11-20,0.3201536229548269,0.5290449622579587,0.5089485458612976,0.13130278986434604,0.21488442976885958,0.0006387735547748186,0.5361022364217252
2019-11-21,0.32367037419757017,0.5501968503937008,0.5106224375698845,0.12308085977482087,0.2122905027932961,0.0012771392081737387,0.5445544554455446
2019-11-22,0.34109387062459035,0.5880616595605117,0.5234724292101341,0.10309542082374008,0.20741304899720736,0.0012767315671879942,0.6232439335887612
2019-11-23,0.3572080341487405,0.620655737704918,0.5396648044692738,0.08542199488491048,0.20583756345177662,0.0038289725590300305,0.6878391318225343
2019-11-24,0.337420078950799,0.4978695509668961,0.5361131794489948,0.09051393505497315,0.20857650342552647,0.004146730462519899,0.6873005743458839
2019-11-25,0.37900892345613174,0.651048492791612,0.5615928544845552,0.08895705521472393,0.21232876712328763,0.003826530612244916,0.7562998405103668
2019-11-26,0.3707923158906446,0.6606616442843105,0.5483630952380952,0.08740097112190136,0.2153182855693634,0.0009563277016257921,0.7120535714285714
2019-11-27,0.37260565217278785,0.6738703339882122,0.5474153960580141,0.0886561062851303,0.2145030425963489,0.0,0.7111890341090213
2019-11-28,0.3458976990022977,0.588216039279869,0.5278810408921932,0.09042145593869731,0.21622306717363748,0.0012742911755335706,0.651370299553856
2019-11-29,0.33911890415929885,0.5268324607329843,0.5325157933853586,0.0921859039836568,0.21895590471363402,0.0028662420382166154,0.6613571201019433
2019-11-30,0.33961589719971313,0.5875040889761204,0.5189450222882614,0.09011998978810314,0.2191537876868508,0.006367398917542233,0.6156050955414012
2019-12-01,0.3546195449648338,0.631785480706344,0.5276643148904567,0.08805513016845329,0.22087132725430603,0.009866327180140022,0.6494746895893028
2019-12-02,0.3540285370218999,0.5966001961425302,0.5341499628804751,0.09007399846899719,0.22512028361610537,0.01145402481705382,0.666772756206238
2019-12-03,0.3535352652412819,0.5856209150326797,0.5432282003710576,0.09183673469387756,0.22632911392405064,0.0,0.674196627426026
2019-12-04,0.34901497112882485,0.5537406076445606,0.5437685459940653,0.09308849783218567,0.22728423184004054,0.0022257551669316866,0.6739821882951653
2019-12-05,0.35127956335250127,0.5329849771391247,0.5498702261772339,0.1009688934217236,0.23355263157894735,0.004450095359186279,0.6858505564387918
2019-12-06,0.3498025057925196,0.584394384590271,0.5370644922164567,0.09839408615855214,0.2426005565393372,0.006673021925643452,0.629688493324857
2019-12-07,0.3469739921302593,0.5793080939947781,0.5309373842163765,0.10244648318042814,0.24506828528072833,0.008576874205844964,0.6155068319034
2019-12-08,0.3466202790847799,0.5530179445350734,0.5322222222222222,0.11159235668789809,0.25360303413400753,0.007303906001905336,0.621982210927573
2019-12-09,0.35165020279285186,0.5733855185909981,0.5312847093669011,0.12557310239429445,0.262639029322548,0.007619047619047636,0.6093998094633217
2019-12-10,0.3601521359723812,0.5833061623736551,0.5447816432272391,0.1341991341991342,0.26434167298458433,0.00476039352586477,0.6295238095238096
2019-12-11,0.36436988398681175,0.5886571056062582,0.5541990381058084,0.1280549898167006,0.26376958059626077,0.0019035532994924331,0.6496350364963503
2019-12-12,0.37144921732391173,0.6428804170739655,0.5569526627218935,0.11300585390684653,0.2642081333670119,0.004757373929590858,0.6468908629441624
2019-12-13,0.3735138563481364,0.6400651465798046,0.5574861367837338,0.11704834605597965,0.26616161616161615,0.005072923272035457,0.6552489692356486
2019-12-14,0.36519908624795133,0.5802670140019537,0.5550628233555063,0.12846603917578225,0.2688714970966928,0.005388272583201292,0.653138871274572
2019-12-15,0.372938729966043,0.5901692708333333,0.5666789804211304,0.1146998982706002,0.273851590106007,0.006020278833967052,0.6862123613312203
2019-12-16,0.3844412024428532,0.6898795964855191,0.5649926144756278,0.10043224002034071,0.2745394902851376,0.008869179600886956,0.6679340937896071
2019-12-17,0.37720422216155924,0.5875081327260898,0.5828719084533038,0.10498220640569395,0.2754793138244198,0.004433185560481334,0.7079505859993664
2019-12-18,0.4008531509660013,0.6565853658536585,0.6014760147601477,0.10470139771283354,0.27414880201765446,0.001266223488445739,0.7669411019632679
2019-12-19,0.3660484526155859,0.6339401820546164,0.5544079675396533,0.10518292682926829,0.2740796772566818,0.0,0.6286799620132953
2019-12-20,0.36324883487991705,0.5742606434839129,0.5641592920353982,0.11074422148844297,0.2765313839173179,0.0,0.6537974683544303
2019-12-21,0.36391758594026147,0.5760233918128654,0.562108367121268,0.12620619603859828,0.2769657258064516,0.0,0.6422018348623852
2019-12-22,0.3634072029705826,0.5228970444949659,0.5663227708179808,0.15029195227215028,0.2859662383471907,0.0,0.6549652118912082
2019-12-23,0.35242803841735587,0.5201298701298701,0.5410681399631676,0.1870558375634518,0.29596977329974816,0.0,0.5703446095478976
2019-12-24,0.36343212692747145,0.6046738072054527,0.5541237113402062,0.15402182187262117,0.29413246033744644,0.0,0.5736409608091024
2019-12-25,0.377434416530856,0.68170019467878,0.5598086124401913,0.1582952815829528,0.2935548841893253,0.0015792798483891257,0.5696682464454976
2019-12-26,0.38142405242148475,0.6701265001621797,0.5654893303899926,0.17068222165863556,0.30707274100176185,0.000631512472371365,0.5745420088439672
2019-12-27,0.36755524107567134,0.5483138780804151,0.5656491357116586,0.19802231237322515,0.3256165072974333,0.00031565656565657463,0.5674139564256394
2019-12-28,0.37806674038691473,0.6051863857374392,0.5621323529411765,0.2032953105196451,0.3343396226415094,0.000631113916061854,0.5628156565656566
2019-12-29,0.3692797163657689,0.5894361633182112,0.5571481073134876,0.18068930562595034,0.3428068410462777,0.0003154574132492316,0.5452824234774376
2019-12-30,0.36461280165976584,0.5707806932296728,0.5506980161645849,0.1953382315682797,0.35981895901433236,0.000315357931251925,0.5107255520504732
2019-12-31,0.37791237914262377,0.5501943005181347,0.565919941241278,0.2327760891590679,0.3657616892911011,0.0006305170239596647,0.5521917376222012
2020-01-01,0.39523032114930795,0.6118484946584655,0.5726872246696035,0.23575588756647253,0.36943955767780845,0.0037819098644815696,0.5778688524590163
2020-01-02,0.385488880364463,0.531715210355987,0.5732110091743119,0.2622784810126582,0.38190954773869346,0.002205419029615574,0.5616136148755122
2020-01-03,0.41423740149889426,0.6438045939825299,0.5917094644167278,0.2417109592508226,0.386586284853052,0.0,0.6216131064902332
2020-01-04,0.37831039355783297,0.5378395860284606,0.5592225889255592,0.22596153846153846,0.3950276243093923,0.0,0.5518110236220473
2020-01-05,0.3857438041102966,0.5386356288393146,0.5575513196480939,0.2661269921578548,0.4014561888024103,0.0,0.5506926952141058
2020-01-06,0.3907003897208989,0.5559146735617324,0.5577134481495053,0.2822458270106222,0.40788152610441764,0.0003146633102579788,0.5401322001888574
2020-01-07,0.3763703220495575,0.6119547657512117,0.5271062271062271,0.2677623261694058,0.4055207026348808,0.0,0.4458779106356199
2020-01-08,0.33700834053876094,0.45122739018087854,0.5108019040644453,0.2783114256825076,0.4026593075765178,0.0,0.3790500157282164
2020-01-09,0.36070621083816246,0.5776557959315467,0.5146412884333822,0.2779883750315896,0.39929771758214194,0.0,0.39465408805031443
2020-01-10,0.3706564060326147,0.5458360232408005,0.5257958287596048,0.30166750884284993,0.3954363089267804,0.0,0.45520276642565227
2020-01-11,0.36695489320181496,0.5527589545014521,0.5113386978785662,0.33442788582975497,0.39182752569566304,0.0006283380458687038,0.41074795725958513
2020-01-12,0.3705631189089394,0.5125806451612903,0.5170018281535649,0.3621212121212121,0.39749373433583957,0.0009422110552763652,0.43323908262645305
2020-01-13,0.3660143288662571,0.54627539503386,0.5105994152046784,0.35395102246907345,0.40115259333500375,0.0015698587127158659,0.38253768844221103
2020-01-14,0.3754102878856818,0.5747904577691811,0.5137011326269638,0.36925795053003535,0.40005010020040077,0.0012554927809165228,0.39340659340659345
2020-01-15,0.3597495510521938,0.5265871737028682,0.49634769905040177,0.42593994448650013,0.3979464062108691,0.0,0.3116760828625236
2020-01-16,0.3592641026057522,0.5067654639175257,0.49689667761956924,0.4296165489404642,0.3915873810716074,0.0,0.33071854408534673
2020-01-17,0.36580303746858983,0.48438003220611914,0.4989051094890511,0.46935687263556114,0.39274092615769707,0.0003135779241141279,0.3491217063989962
2020-01-18,0.36596664157124087,0.46844816484224083,0.4936154688070048,0.4987392839132627,0.3966466466466466,0.0009404388714733258,0.33740984634681714
2020-01-19,0.38312521629612567,0.5732217573221757,0.4934354485776805,0.4897907738845475,0.4015511633725294,0.0006267627702915002,0.34012539184952983
2020-01-20,0.3821708118496499,0.5222007722007722,0.5009114108640176,0.4873991935483871,0.40520260130065033,0.0009398496240601295,0.3763710435600125
2020-01-21,0.3791449887523859,0.5207462206497266,0.5025510204081632,0.4595616024187453,0.40260065016254065,0.0018791105543376485,0.38753132832080206
2020-01-22,0.36866747672970557,0.5118971061093247,0.4998178506375228,0.4302267002518892,0.398,0.002191609267376382,0.3698715941121202
2020-01-23,0.37902993143844466,0.5069109611057538,0.5029133284777858,0.4799798539410728,0.39740064983754064,0.00250391236306724,0.38447088290544773
2020-01-24,0.39739248501575836,0.5163881748071979,0.5100109210047324,0.5113293051359517,0.39780109945027486,0.0028160200250313405,0.4460093896713615
2020-01-25,0.40245775685338475,0.5383874076453582,0.5080058224163028,0.5346086081047068,0.39820134898825876,0.003440725680325274,0.4321026282853567
2020-01-26,0.3970064144341321,0.5019267822736031,0.5110949436158603,0.5193759436336185,0.40234765234765235,0.0037523452157598447,0.4435408195182984
2020-01-27,0.39576839133886504,0.5640449438202247,0.5043636363636363,0.5262893081761006,0.40624219725343325,0.0025007814942169526,0.37116948092557844
2020-01-28,0.3890447031588102,0.5914634146341464,0.49654671028716835,0.5334507042253521,0.4011482775836246,0.0024999999999999467,0.30915911222256953
2020-01-29,0.35980859696737166,0.5239011870388194,0.48510174418604646,0.5277847623837063,0.39206388819565763,0.0,0.22999999999999998
2020-01-30,0.3439172918161808,0.4496472097498396,0.48492553577915,0.5165912518853696,0.3889720558882236,0.0,0.2233676975945017
2020-01-31,0.3388743227896816,0.4562359730682911,0.4793028322440087,0.5353103794923347,0.3856323272636568,0.0003122073056509578,0.1764522173641474
2020-02-01,0.3552256698726248,0.5173076923076922,0.484573502722323,0.5150753768844221,0.37680798004987526,0.000936329588014928,0.23665313768342178
2020-02-02,0.35296791441120173,0.48766421018904194,0.4836719883889695,0.5360462195428284,0.3744702069309399,0.0006240249609984483,0.23533083645443198
2020-02-03,0.3559628403022064,0.5237027546444587,0.48712368516503446,0.5246107483676544,0.37163509471585243,0.0012476606363068798,0.22745709828393135
2020-02-04,0.3550889915742103,0.5104066602625681,0.4894851341551849,0.5023851368315341,0.3653127336157488,0.000623635796694777,0.2623206487835309
2020-02-05,0.3641442402404391,0.5793854033290653,0.49111997100398697,0.4776606425702811,0.3582461385151968,0.00031172069825435855,0.27814156532584966
2020-02-06,0.3257848413591693,0.44096,0.47681159420289854,0.5063989962358846,0.35815691158156915,0.0,0.1723815461346634
2020-02-07,0.33592029887985947,0.5387076135636597,0.4722926475914524,0.46788760662318113,0.35308764940239046,0.0,0.18354627609847307
2020-02-08,0.33496623200481296,0.5203070035177486,0.4710354815351194,0.4760471532480562,0.3529997510580035,0.00031142946122708626,0.18909657320872275
2020-02-09,0.33196078407875884,0.5140664961636829,0.4683315237061165,0.4608826479438315,0.35788949726231956,0.0009339975093399788,0.18966054188726256
2020-02-10,0.3117722945629641,0.4359220198146373,0.4620115774240231,0.4555026322386563,0.3627768101517791,0.0006224712107064656,0.15379825653798251
2020-02-11,0.339230280596303,0.5865814696485623,0.4701627486437613,0.40150375939849625,0.3564676616915423,0.0,0.220666044195456
2020-02-12,0.3036995817800161,0.4548067709996806,0.4605929139551699,0.4056627411676272,0.3399651827903507,0.0,0.1611698817672682
2020-02-13,0.30716899155122995,0.4782886334610472,0.45970365016263104,0.4155811623246493,0.32645450024863254,0.0,0.16298600311041989
2020-02-14,0.3128473215538491,0.49122247047558254,0.46206647398843925,0.4027047332832457,0.32239622172508076,0.0,0.19869402985074625
2020-02-15,0.3112349523089508,0.5130823229100192,0.460093896713615,0.3785678517776665,0.31983101391650104,0.0,0.19583462853590305
2020-02-16,0.32476246706924855,0.5100478468899521,0.472202166064982,0.33942428035043803,0.31677018633540377,0.0006213109661385996,0.3095090118085767
2020-02-17,0.31861480808049797,0.5079719387755102,0.47058823529411764,0.3023023023023023,0.3164431197218083,0.00031055900621113075,0.3140726933830382
2020-02-18,0.32877823066244977,0.4609499521836149,0.4826839826839827,0.33024768576432323,0.314626272659548,0.0,0.3841614906832298
2020-02-19,0.3092253030205258,0.4598470363288719,0.4633970429138118,0.32491245622811404,0.3026315789473685,0.0003103662321539691,0.30425333747283456
2020-02-20,0.3446527561054302,0.5377508760751832,0.4855803893294881,0.32483120780195046,0.2923802432365351,0.0015513496742165511,0.42582247051520794
2020-02-21,0.35078387030944097,0.5923566878980892,0.4864864864864865,0.306,0.28858560794044663,0.002481389578163795,0.42879304995345946
2020-02-22,0.32595030023090815,0.4801018783826807,0.48414985590778103,0.28742814296425895,0.28776978417266186,0.0031007751937984773,0.41315136476426795
2020-02-23,0.32433538834934056,0.5070019096117122,0.48541591645660787,0.24437781109445278,0.28844246031746035,0.0030998140111593298,0.41767441860465115
2020-02-24,0.30609022185996065,0.5167037861915367,0.47264218862491003,0.2105920559580315,0.28663525911232335,0.0030988534242329946,0.3468691878487291
2020-02-25,0.3193239091699121,0.5416666666666667,0.48794530406621084,0.18706293706293706,0.2818542389687655,0.004027261462205667,0.4133870467926867
2020-02-26,0.33116112272267323,0.5497615262321145,0.4989208633093525,0.18277153558052434,0.2790582403965304,0.004645401052957521,0.4718091697645601
2020-02-27,0.3706263693167688,0.6039415130324222,0.5131247752606976,0.1924613080379431,0.2750247770069376,0.004334365325077361,0.6348714772375348
2020-02-28,0.3700430763705726,0.5719733079122975,0.5143781452192667,0.18916895432992265,0.27446123358929897,0.005880532342927847,0.6643962848297214
2020-02-29,0.36670613192713725,0.5362134688691232,0.5159899389148401,0.17639720558882235,0.27216443784051514,0.0068069306930692575,0.6926648096564532
2020-03-01,0.38417186542586373,0.606541759288663,0.5237068965517242,0.14866550261910702,0.2720970537261699,0.007423445716053245,0.7465965346534653
2020-03-02,0.36897838076930806,0.48158730158730156,0.5263913824057451,0.16708229426433915,0.27821782178217824,0.007730364873221984,0.7528611197030621
2020-03-03,0.3611506553358786,0.5639479530307838,0.5111270638908829,0.15282971827474445,0.2754268745360059,0.007109737248840786,0.6564625850340136
2020-03-04,0.36727571428662764,0.5567893401015229,0.5163257983494798,0.16226321036889332,0.2721425037110341,0.008343634116192877,0.6877897990726429
2020-03-05,0.3630549290351938,0.5045987947986045,0.5172166427546628,0.17393471218539747,0.27306455602275537,0.00988569663268457,0.6996291718170581
2020-03-06,0.3541178481684201,0.5,0.5077088562208677,0.20303936223218735,0.27571711177052427,0.01142680667078444,0.626814952116157
2020-03-07,0.3533586397902279,0.5277337559429477,0.5057347670250896,0.17484433374844333,0.27441285537700866,0.014201914171040442,0.6232242124768376
2020-03-08,0.37403722082000224,0.5396070975918885,0.5127194553923324,0.20418326693227093,0.2810182896688087,0.014197530864197505,0.6924976844705155
2020-03-09,0.41430526898426184,0.5853658536585367,0.5551575931232091,0.20936021906895694,0.2856436866814924,0.014193150262264753,0.8361111111111111
2020-03-10,0.4307897410713269,0.6184293856871438,0.573218761188686,0.22100547536087606,0.28409090909090906,0.01172115977791488,0.8762727553224313
2020-03-11,0.4387345050603564,0.6866096866096867,0.572655690765927,0.19955212739487435,0.28155100024697455,0.011100832562442209,0.8809376927822332
2020-03-12,0.4510872678745203,0.7458860759493671,0.5713774597495528,0.21990049751243781,0.2809876543209876,0.009864364981504337,0.8785075547332717
2020-03-13,0.5321618253501001,0.8630180322682696,0.8404864091559371,0.21934842079084804,0.269809923475685,0.00030816640986131016,1.0
2020-03-14,0.5247202841083818,0.8934218848829855,0.797640328923847,0.20213823968175038,0.25542941757156956,0.0,0.9996918335901387
2020-03-15,0.5327809856135722,0.9269680682895984,0.8316654753395283,0.1891623166790952,0.2491981248457933,0.0,0.9996919285274184
2020-03-16,0.5323962939458774,0.9399494310998736,0.8217220435869954,0.18961232604373757,0.24370991613221504,0.0,0.9993840468124423
2020-03-17,0.5360104246315984,0.9579778830963666,0.8382142857142857,0.18583850931677018,0.23403205918618986,0.000615574022776233,0.999384236453202
2020-03-18,0.5242046835987288,0.9210360075805433,0.8193502320599786,0.1845504222553403,0.22090729783037477,0.0009230769230769154,0.9984610649430594
2020-03-19,0.5250954052210152,0.9747395011051468,0.8201284796573876,0.14477278370995778,0.21123983238846433,0.0015379883112888182,0.9981538461538462
2020-03-20,0.5012889098639758,0.9223484848484849,0.7524081341419907,0.13257199602780537,0.20009857072449477,0.004305043050430557,0.996001230390649
2020-03-21,0.4980449544037482,0.9160618491637741,0.7574893009985735,0.12285927029039465,0.19339738851933974,0.0018444512757455067,0.9966174661746617
2020-03-22,0.488907498624773,0.8495268138801262,0.7579322638146168,0.1337468982630273,0.19162561576354675,0.004609711124769489,0.9960036889025515
2020-03-23,0.49338083179376085,0.8678650268054242,0.777975766215253,0.12379062267427438,0.19034720512189118,0.003072196620583667,0.9972341733251383
2020-03-24,0.48115338039293637,0.8776796973518285,0.7160669754185964,0.11135912698412699,0.18734613490891183,0.005528255528255532,0.9889400921658986
2020-03-25,0.45436253958735334,0.7781279546170816,0.6734330484330484,0.11182742375402926,0.18582328328821063,0.00675468222290454,0.9702088452088452
2020-03-26,0.48425777634037726,0.9508506616257089,0.683873264506942,0.10114030738720872,0.1838090551181102,0.010435850214855713,0.9754375191894381
2020-03-27,0.43346438823451994,0.6633070866141733,0.6768683274021352,0.09938042131350681,0.18302583025830255,0.009205277692543756,0.968999386126458
2020-03-28,0.4515734796094284,0.7103274559193955,0.7193169690501601,0.09712586719524281,0.18298081652729958,0.011042944785276121,0.988646824179196
2020-03-29,0.47418821556751967,0.8089392508655965,0.7564011379800853,0.09066138221451572,0.18268994344725842,0.013492793621588506,0.9929447852760737
2020-03-30,0.47281669829378997,0.7816236626809314,0.776750799857803,0.08741951461119365,0.18313667649950838,0.01134273451870016,0.9966268015946029
2020-03-31,0.45741820576640224,0.7455174583202264,0.7306325515280739,0.08962614508541718,0.1821086261980831,0.011032791909285966,0.9855916615573268
2020-04-01,0.4488218417745351,0.7009433962264151,0.7321492007104795,0.07747524752475247,0.18083538083538087,0.014705882352941124,0.9868219429972418
2020-04-02,0.4404019321906644,0.7054385413392015,0.6974431818181819,0.07498144023756496,0.1807909604519774,0.01562021439509953,0.9681372549019608
2020-04-03,0.43175151402517775,0.6913890634820867,0.6755413560525382,0.07199406234537357,0.18099214145383102,0.015615431720759299,0.9549770290964777
2020-04-04,0.44672097559446877,0.7841658812441094,0.6816891412349184,0.060351224338362604,0.18045666584826914,0.01683501683501687,0.9568279240661359
2020-04-05,0.42324950969102026,0.6683417085427136,0.669031571479248,0.05489614243323442,0.18090328915071185,0.01835985312117505,0.9479644934190389
2020-04-06,0.4171207220529441,0.616326530612245,0.6783687943262411,0.05611866501854141,0.1828220858895706,0.019577852554298003,0.9495104039167687
2020-04-07,0.4251340018625125,0.7567482736974263,0.6277915632754343,0.04498269896193772,0.18155053974484792,0.01957186544342504,0.9201590700520037
2020-04-08,0.4042745750729242,0.6112331346093505,0.6406803685329554,0.04348900420064245,0.18101545253863138,0.019565881993274248,0.9296636085626911
2020-04-09,0.40947696002157596,0.6787954830614806,0.6227417640807651,0.04076086956521739,0.1812162824914174,0.020782396088019572,0.9125649648425558
2020-04-10,0.4081506576005037,0.647538413295704,0.6310198300283286,0.04223265003704618,0.18313312086295663,0.025664527956003713,0.9193154034229829
2020-04-11,0.42138329414871295,0.6501567398119122,0.6746902654867257,0.04419753086419753,0.18553921568627452,0.02748930971288943,0.946226703330278
2020-04-12,0.4231354632638679,0.6606079598871827,0.6730360934182591,0.04270550481362626,0.18843420730213178,0.02900763358778624,0.9450213805742211
2020-04-13,0.4237210560528002,0.6770050125313283,0.6621860629642731,0.04417571569595262,0.19377756001959823,0.028998778998779007,0.9361832061068702
2020-04-14,0.41891254470451766,0.6244910742248668,0.6764497878359265,0.047372316802368614,0.198138623561107,0.031126029905401253,0.9358974358974359
2020-04-15,0.4211083643225641,0.6340012523481529,0.6755037115588547,0.05426739023186976,0.20225269343780605,0.031421598535692485,0.9292035398230089
2020-04-16,0.43521866663468306,0.6513302034428795,0.7180212014134275,0.061159062885326756,0.20979192166462668,0.030497102775236318,0.9405125076266015
2020-04-17,0.42120501038370256,0.6620775969962454,0.6495937831155069,0.0645956607495069,0.21928536465981396,0.02896341463414631,0.902714242146996
2020-04-18,0.44788262266632706,0.7860494213324992,0.6560734463276836,0.07616465368498891,0.2287741619770003,0.0323072234074977,0.9079268292682927
2020-04-19,0.422347952619923,0.6404002501563477,0.6392516766678433,0.08772794480039428,0.2453522504892368,0.03229737964655699,0.8890582139591587
2020-04-20,0.43526403803497,0.670834635823695,0.6492589978828511,0.09805370780980537,0.2677916360968452,0.032287541882424664,0.8933577087141986
2020-04-21,0.4455796484916439,0.6596875,0.6846560846560846,0.10073891625615763,0.2777506112469438,0.033191230207064604,0.9174535485836126
2020-04-22,0.4566836038705646,0.711340206185567,0.6833568406205923,0.11253385865550357,0.2840381324859448,0.03378995433789955,0.9150426309378806
2020-04-23,0.46209279185848695,0.7682698313554028,0.6542121959816708,0.13220088626292467,0.29398826979472137,0.03590992087644551,0.8879756468797565
2020-04-24,0.4362897659843932,0.6852950359038401,0.6190979563072586,0.13659857248338667,0.2951380405570486,0.032856708244599964,0.8487522824102252
2020-04-25,0.4423200905892619,0.6744694132334581,0.6185276505811905,0.16830708661417323,0.30214948705422573,0.035279805352798066,0.8551871006997263
2020-04-26,0.4495019871346462,0.7113884555382215,0.6151408450704225,0.16605166051660517,0.31697191697191696,0.03466099118273036,0.8527980535279805
2020-04-27,0.44265718343904864,0.6936993137866501,0.6001407954945441,0.16502705361534678,0.329345703125,0.03525835866261395,0.8324718759501368
2020-04-28,0.4404200883478315,0.666043030869972,0.595707248416608,0.1944922547332186,0.3297534781547474,0.034336068064418135,0.8221884498480243
2020-04-29,0.4378617593120228,0.618142144638404,0.5965529370383398,0.22885939036381514,0.32674475353831134,0.03645200486026734,0.8204193254329991
2020-04-30,0.40396313463218075,0.5905266438142723,0.529887482419128,0.2504300811010076,0.30446450353744814,0.03644093531733983,0.7120291616038883
2020-05-01,0.4174071808902922,0.6311526479750779,0.5384885764499121,0.28083538083538084,0.2729268292682927,0.03642987249544627,0.7446097783176435
2020-05-02,0.40198231989614025,0.5988788539395826,0.5256500351370345,0.2942765905183002,0.24750060960741282,0.03368740515933233,0.7119004250151791
2020-05-03,0.39445469751310785,0.573785803237858,0.5205479452054795,0.31606090373280943,0.23525109702584102,0.033373786407767,0.6877086494688922
2020-05-04,0.3943538697418953,0.5113600995953937,0.5249297752808989,0.40019641541861034,0.22910065805508162,0.03245374582954197,0.6680825242718447
2020-05-05,0.406862881350692,0.5485376477909147,0.5265005265005265,0.43888070692194403,0.2178362573099415,0.035172832019405686,0.6742493175614195
2020-05-06,0.40071524287069377,0.5433903576982893,0.5214035087719298,0.4429447852760736,0.20462850182704018,0.03364655956350404,0.6582777440873256
2020-05-07,0.39559440878933333,0.5419776119402986,0.5089442300947036,0.5080961727183513,0.19922065270336098,0.033636363636363686,0.5816914216429221
2020-05-08,0.3668340859178338,0.5250233136462543,0.48807854137447404,0.5138582290900172,0.19284149013878749,0.03029385034837928,0.4509090909090909
2020-05-09,0.3822339825533802,0.5686761963952766,0.49106203995793896,0.5340853359489947,0.18792599805258037,0.029073288915808626,0.48258103604968194
2020-05-10,0.3956922390809631,0.5858962410686548,0.4989488437281009,0.5261093405246384,0.1832562667315648,0.02906448683015439,0.550878255602665
2020-05-11,0.41535424766172185,0.5201863354037267,0.5415061295971979,0.5196078431372549,0.1790754257907543,0.030569007263922532,0.7011807447774749
2020-05-12,0.4371251457761769,0.613163613784539,0.5504201680672269,0.5371232541043862,0.1753831184626612,0.03298033282904689,0.713680387409201
2020-05-13,0.48356912827597953,0.9500310366232154,0.5365768288414421,0.5316021558059775,0.1709630350194552,0.04113732607380516,0.6711043872919819
2020-05-14,0.4614465479825502,0.9761092150170648,0.5097970608817355,0.49130541268674993,0.16897641624118653,0.044148775325068,0.5783424077434967
2020-05-15,0.42867267761596434,0.9748759305210918,0.49422875131164745,0.4302154750244858,0.1589693728731162,0.040205562273276874,0.4735409736921681
2020-05-16,0.43829653663820056,0.9702325581395349,0.5115384615384615,0.3718482252141983,0.14921020656136086,0.050166213357509815,0.5767835550181378
2020-05-17,0.4262692303822417,0.967451952882827,0.5078643830828382,0.34924131179637785,0.14407191448007772,0.04592145015105742,0.543064369900272
2020-05-18,0.40949034073093693,0.9841958475364115,0.49755415793151647,0.32713481771470515,0.14112217634199664,0.04500151011778919,0.4619335347432024
2020-05-19,0.3950028724859549,0.9538413878562577,0.49668180230527414,0.28889432485322897,0.13016027197668767,0.04498792270531404,0.45545152521896703
2020-05-20,0.3865176781687629,0.9733663672963766,0.4965083798882681,0.2421129860601614,0.120417577081816,0.04708723211590704,0.43961352657004826
2020-05-21,0.385450940160079,0.9761609907120743,0.5054101221640488,0.19486552567237164,0.10655339805825248,0.052202776101388015,0.4775128282523393
2020-05-22,0.3998718202002081,0.964097802537914,0.5272156315422192,0.17281838181373746,0.10264498908032027,0.04705882352941182,0.5853952926976463
2020-05-23,0.3971192955509461,0.9817450495049505,0.5228461806766656,0.15273704789833822,0.09825327510917026,0.05006031363088059,0.5770739064856711
2020-05-24,0.3917438330404144,0.9752551809464893,0.5223152022315203,0.14292694844857073,0.09628910987145278,0.04853783539342782,0.5651387213510253
2020-05-25,0.4027923646486387,0.9805194805194806,0.5458347856395958,0.10674157303370786,0.09238603297769155,0.04972875226039786,0.6415435634609588
2020-05-26,0.40077330349802365,0.9715610510046367,0.5407665505226481,0.1028083028083028,0.09090909090909094,0.062368183187707094,0.6362266425557566
2020-05-27,0.40253053340326894,0.9734239802224969,0.5454545454545454,0.097412109375,0.08725157537566652,0.06355421686746987,0.6480867731244351
2020-05-28,0.37939261152030695,0.9447018844609206,0.524025069637883,0.0912863070539419,0.08262660528228738,0.06353507979524242,0.5701807228915663
2020-05-29,0.35711025041384487,0.9459542927733169,0.5057431256526279,0.08174719375305027,0.07897286821705429,0.05960264900662249,0.47064137308039744
2020-05-30,0.36504374356758557,0.9564680456931152,0.5135699373695198,0.07440839229080264,0.07750060547348026,0.055973517905507086,0.5123419626730885
2020-05-31,0.33837630138278113,0.8604938271604938,0.5008695652173913,0.0773170731707317,0.0769975786924939,0.05144404332129959,0.4631357207342762
2020-06-01,0.3536951947959112,0.892625732798519,0.5149513212795549,0.07632284808583273,0.07601065117404981,0.04571428571428571,0.516546329723225
2020-06-02,0.3326866484066643,0.9111659469463295,0.48592283628779975,0.06947830326669917,0.07333010648596316,0.059530968129885786,0.3966917293233083
2020-06-03,0.3627023987954204,0.9500462534690102,0.5118137595552468,0.055081647574945165,0.07089281393660785,0.048391944694920364,0.539987973541792
2020-06-04,0.3498402692978953,0.9167694204685574,0.505036470996874,0.04702729044834308,0.06845670053217223,0.05198317307692313,0.5097685602645026
2020-06-05,0.3334027499476886,0.8668721109399076,0.49826388888888884,0.0438489646772229,0.0665054413542926,0.04595974767197353,0.47896634615384615
2020-06-06,0.3331020490563466,0.7963647566235367,0.5064213814647691,0.039454456892352656,0.06552224371373305,0.06216216216216219,0.528687293481526
2020-06-07,0.3230067999932752,0.740991684631968,0.5058986814712005,0.04187971755539323,0.06550640560792842,0.06484539177424198,0.518918918918919
2020-06-08,0.33239795473176953,0.8417487684729064,0.5015608740894901,0.041626095423563776,0.06549057515708068,0.06452581032412963,0.4794356049234464
2020-06-09,0.32935828319682525,0.8307171437365344,0.5013869625520111,0.04185933317108786,0.06499154385117178,0.06720672067206723,0.4699879951980792
2020-06-10,0.32788452832583653,0.8363076923076923,0.5015597920277297,0.037712895377128956,0.061594202898550776,0.06808638272345535,0.4620462046204621
2020-06-11,0.3154500527911857,0.8200553675792064,0.49722799722799726,0.036244222816832886,0.05988891572084043,0.06776611694152923,0.4115176964607079
2020-06-12,0.33537328208920697,0.7967404674046741,0.5306546588153793,0.036478599221789886,0.06397875422501209,0.06864508393285373,0.5157421289355322
2020-06-13,0.3363525662690861,0.8422994159237627,0.5207756232686981,0.03987357160223681,0.06782524740526186,0.06862451303566075,0.4787170263788969
2020-06-14,0.3399474072005268,0.8574062692071297,0.5209415022499135,0.047642197374817695,0.07191119691119696,0.06920311563810666,0.4725801618219958
2020-06-15,0.3380724381913331,0.8267281105990784,0.5280276816608996,0.0551640340218712,0.07599517490952956,0.06948188080263551,0.4730377471539844
2020-06-16,0.3514357155178495,0.9238329238329238,0.5230024213075061,0.056365403304178816,0.07863000482392668,0.06976047904191618,0.4570230607966457
2020-06-17,0.34378489738353885,0.8781086889775868,0.5193637621023512,0.06315278115132378,0.08174584036652999,0.07003891050583655,0.4502994011976048
2020-06-18,0.3561512949960102,0.9223449969306323,0.5243691669547184,0.06629431762991743,0.08486017357762776,0.07031717534410531,0.46872193953906016
2020-06-19,0.36517246793658265,0.960417305922062,0.5283344851416725,0.07259043457149794,0.09231140033743068,0.07209093628477414,0.46529024536205865
2020-06-20,0.36941334744104665,0.911963190184049,0.5357512953367876,0.0854368932038835,0.09734939759036143,0.07117224880382778,0.5148070595273706
2020-06-21,0.370464525431552,0.9267095982827354,0.5331491712707183,0.09075467119631157,0.10431221392435552,0.07115097159940209,0.4967105263157895
2020-06-22,0.37069305042515716,0.9009809932556714,0.5374525371073524,0.10456089277049976,0.10958574181117531,0.07112970711297073,0.5004484304932735
2020-06-23,0.35368995780309964,0.8853815507201961,0.5138026224982747,0.1268493815183119,0.11196725258849027,0.07110845533313415,0.4130304841601913
2020-06-24,0.357054995481386,0.8376225490196079,0.5184546395308727,0.15834141610087293,0.11314395763119889,0.07347670250896055,0.44129070809680315
2020-06-25,0.3900365935243477,0.9203675344563553,0.5393103448275862,0.17357575757575758,0.11648616125150424,0.073753359211705,0.516726403823178
2020-06-26,0.39829199348829136,0.9136558481322719,0.5436056532230266,0.1994667959282598,0.12271414821944182,0.07343283582089555,0.5368766796058525
2020-06-27,0.402096766715004,0.8389960208142027,0.5496209510682288,0.2318875696631936,0.128217464517681,0.07370934049537448,0.5901492537313433
2020-06-28,0.4327512069570704,0.9335985312117503,0.5628660006889425,0.27180232558139533,0.13443963443963447,0.07368735083532219,0.6201133989853775
2020-06-29,0.4253548840339067,0.8825328846742123,0.5540633608815426,0.3133930733833858,0.1389757153161818,0.07336713390993144,0.5897971360381862
2020-06-30,0.4216871753525231,0.8987767584097859,0.5497418244406196,0.30096852300242133,0.14182692307692313,0.07334525939177106,0.5654637637936177
2020-07-01,0.4242055527975805,0.891776215224702,0.5536820371644873,0.3028322440087146,0.1437154530161019,0.07540983606557372,0.5778175313059034
2020-07-02,0.4158878179714673,0.8337408312958435,0.5469556243550051,0.3431752178121975,0.14584334454589143,0.07210965435041716,0.5535022354694485
2020-07-03,0.439072528043595,0.8340971585701191,0.5598349381017882,0.4178562787321558,0.15133317319240935,0.07149240393208223,0.5998212157330155
2020-07-04,0.45255473662591134,0.8368967623701894,0.5630800962530079,0.46879535558780844,0.15369836695485106,0.07623585467540206,0.6166219839142091
2020-07-05,0.45768570597784014,0.850381679389313,0.5587628865979382,0.4998790810157195,0.15486194477791115,0.07621315867817802,0.6060154854079809
2020-07-06,0.454047109804293,0.8327228327228328,0.5640673308141533,0.5062862669245648,0.156745079212674,0.07499999999999996,0.5894611491515331
2020-07-07,0.43434699193278997,0.8449801647848643,0.543956043956044,0.47957457094512934,0.15574754019678427,0.07259744123772682,0.5092261904761906
2020-07-08,0.4393818349433138,0.8251982916412447,0.5502917953999313,0.49637506041565976,0.15451055662188096,0.07465794170136819,0.5352573638797977
2020-07-09,0.43055343745073676,0.8462946020128088,0.5374056280027454,0.5013288233872916,0.1539937634924442,0.07077014570324114,0.47352766210588937
2020-07-10,0.4433905821483482,0.8161585365853659,0.5540308747855918,0.5393719806763285,0.15371702637889684,0.07015457788347201,0.5269104965804341
2020-07-11,0.44694875830735664,0.8207863456263335,0.5497256515775034,0.5612170973194881,0.15248141932390313,0.0704309063893016,0.5270511296076099
2020-07-12,0.45192478115850676,0.8385131017672152,0.5546794652039767,0.5519072911636891,0.15220517737296257,0.07011289364230544,0.5441307578008916
2020-07-13,0.44628837750796685,0.8464818763326226,0.5507196710075395,0.5447743181269611,0.152887610831536,0.07038907038907039,0.5124777183600713
2020-07-14,0.4544736122859288,0.869062119366626,0.5573826652963343,0.5388513513513513,0.1509343555342597,0.07214964370546317,0.5384615384615384
2020-07-15,0.45228922544812455,0.876103500761035,0.5558219178082191,0.5295536791314838,0.14538922155688627,0.07183140397744137,0.5350356294536818
2020-07-16,0.46555190812846153,0.9035301278149726,0.563505648750428,0.557163531114327,0.14224137931034486,0.07240356083086052,0.5544672009498368
2020-07-17,0.46959863604901964,0.9129905689078187,0.568104038329911,0.5444899927658549,0.1386162317452717,0.0723820824681104,0.5810089020771514
2020-07-18,0.47558074587421234,0.9598540145985401,0.5675675675675675,0.5308582449373191,0.136668262326472,0.07384341637010672,0.5846929694452685
2020-07-19,0.47154161808935996,0.9285497111584068,0.5663474692202463,0.5415762834417932,0.13591768365637713,0.07293210791580196,0.583926453143535
2020-07-20,0.46252785160146387,0.9218844984802431,0.5647863247863247,0.5175903614457832,0.13588516746411483,0.07498518079430938,0.5600355766380076
2020-07-21,0.45849749640335896,0.8842297174111212,0.5686944634313056,0.5208383522042881,0.13082994498923706,0.07170370370370371,0.5746887966804979
2020-07-22,0.4467770366432639,0.9337788578371811,0.5486846600614964,0.4903660886319846,0.12266857962697275,0.07138625592417058,0.5137777777777778
2020-07-23,0.42216894065472843,0.8502884907379289,0.5389344262295082,0.4772453647965326,0.1123595505617978,0.06870002961208177,0.4854857819905213
2020-07-24,0.41276027416064426,0.8746205221615058,0.5326049846363947,0.4268175252768416,0.10922562141491399,0.06956779159265836,0.4637251998815517
2020-07-25,0.40790259869401485,0.792412746585736,0.5392491467576792,0.4421179302045728,0.10704898446833933,0.0698431488606096,0.49674363528715215
2020-07-26,0.4075159357687161,0.8431432038834952,0.5281473899692938,0.4331087584215592,0.10535117056856191,0.06893491124260354,0.46641018052678307
2020-07-27,0.3831528521970591,0.7813163481953291,0.5139836289222374,0.41424103921096944,0.10389300214951036,0.06713989943803611,0.41834319526627217
2020-07-28,0.3424624001540484,0.7553062462098241,0.47084896010910327,0.4235209235209235,0.10076408787010505,0.04612655233589591,0.25820763087843834
2020-07-29,0.34311614849162836,0.7735677478023644,0.47546012269938653,0.4020197162779514,0.0945333015039389,0.04167898315104934,0.2714370195150798
2020-07-30,0.3332021677044757,0.7542424242424243,0.468824531516184,0.4182692307692308,0.08830548926014314,0.04018912529550822,0.22938220514336383
2020-07-31,0.3379351448280927,0.7979400181763102,0.4683242506811989,0.4107185772650805,0.082319255547602,0.0431314623338257,0.22517730496453903
2020-08-01,0.31687521662592233,0.7153240460327075,0.4657814096016343,0.3798654493032196,0.07943702290076338,0.04518606024808036,0.2156573116691285
2020-08-02,0.3035655788370868,0.7602179836512262,0.4489448604492853,0.3389382656737929,0.07631767231099451,0.04369648656628289,0.1532782043709392
2020-08-03,0.32333917327601375,0.7757263922518159,0.47363048656005446,0.30811719500480306,0.07463042441583212,0.039256198347107474,0.26867434307646887
2020-08-04,0.3065975487019104,0.6844175491679274,0.467687074829932,0.3056422569027611,0.07222884386174022,0.042785482443198575,0.26682408500590316
2020-08-05,0.3177109483144785,0.7531760435571688,0.4688881332879973,0.29476716274603937,0.06959008579599624,0.04778761061946901,0.2720566538802006
2020-08-06,0.304316894967902,0.7892349561536136,0.4537729435757988,0.2958963282937365,0.06695258517989044,0.048953111176644026,0.17109144542772858
2020-08-07,0.2800030988584479,0.6738210399032648,0.4525993883792049,0.2840690978886756,0.0619342544068604,0.04599056603773588,0.16160424653494543
2020-08-08,0.2907785851830887,0.6990027198549411,0.4592391304347826,0.2849604221635884,0.056203858061443235,0.05982905982905984,0.18543632075471694
2020-08-09,0.2841235127217512,0.7283987915407855,0.4546689303904924,0.25059952038369304,0.05476190476190479,0.05362404242781382,0.1626878868258178
2020-08-10,0.2739436426005198,0.6738145575354877,0.4568906992532247,0.23831215535842723,0.05427279219233516,0.058615611192930794,0.16175604007071298
2020-08-11,0.2802664774663422,0.7409420289855073,0.4496097726501527,0.2356184084372004,0.049262256068538846,0.06507656065959955,0.14108983799705455
2020-08-12,0.28804720503877074,0.6963477210987021,0.46845318860244234,0.23747903187155522,0.04687128241732097,0.06770680011775099,0.21142520612485272
2020-08-13,0.27864709738428517,0.6710923355461678,0.46354696507290605,0.23430761859127935,0.04567078972407235,0.07121836374337842,0.18604651162790697
2020-08-14,0.27781553980560464,0.7010558069381598,0.45593220338983054,0.2275449101796407,0.045184304399524367,0.0759046778464254,0.16127133608004707
2020-08-15,0.26703197676355983,0.6224366706875755,0.4564554388342935,0.22413793103448276,0.04469805040418451,0.0776470588235294,0.17681671079729333
2020-08-16,0.27302707139975063,0.6542056074766356,0.45291327913279134,0.22695714627723246,0.04587592108390781,0.08438694501617172,0.1738235294117647
2020-08-17,0.2804015628564344,0.6696805304400242,0.45242126650863523,0.2606510292005744,0.046815589353612186,0.08788947677836567,0.16495148485739486
2020-08-18,0.2839728872756068,0.768906297077433,0.4380501015572106,0.23594161282603493,0.04609170824423858,0.0884513664413753,0.12639623750734863
2020-08-19,0.28425803340057876,0.7120481927710843,0.44839255499153974,0.23971291866028707,0.04418052256532068,0.08871915393654528,0.1724948574786953
2020-08-20,0.2949952671347087,0.7335140018066848,0.46143437077131255,0.22195646974408037,0.043457611018760445,0.09045521292217329,0.21915393654524085
2020-08-21,0.2886756449930981,0.6938591210114389,0.4565437943862022,0.24366331898613103,0.04344729344729348,0.09013505578391079,0.20440528634361232
2020-08-22,0.2987502170875099,0.6725850135419802,0.47025016903313044,0.23643318192684676,0.04391170187514837,0.09186968007044316,0.27745155607751026
2020-08-23,0.30652583813724665,0.7448856799037304,0.46671172693477525,0.24067877629063097,0.04437588989084007,0.09242957746478875,0.25007337833871446
2020-08-24,0.2817904593412806,0.65203007518797,0.46722972972972976,0.2076463560334528,0.04578884934756822,0.09328248753300084,0.2247652582159625
2020-08-25,0.2840369393493003,0.6815995189416717,0.46335697399527187,0.2016244624940277,0.04672675521821634,0.09442815249266867,0.21648577295394544
2020-08-26,0.31328859136736026,0.7923053802224226,0.47940580688723833,0.17864819679961785,0.04552999762864596,0.09821166813251248,0.28563049853372435
2020-08-27,0.2963485134169378,0.7229567307692308,0.4741815727303409,0.16260744985673353,0.04575628259838782,0.09876905041031658,0.27381999413661684
2020-08-28,0.3115809869648973,0.7891258636227095,0.4811066126855601,0.1575555025065648,0.04811566721972027,0.09727512452387932,0.29630715123094964
2020-08-29,0.28289462569929075,0.6303303303303303,0.47251264755480604,0.15990453460620524,0.05023696682464451,0.09988283538371412,0.28450043949604453
2020-08-30,0.29755189205260946,0.7030921645151607,0.4753877275792313,0.17131949415413983,0.05212035062781328,0.10102489019033678,0.28236672524897477
2020-08-31,0.29797296390005584,0.7764105642256902,0.4691607684529828,0.15982824427480916,0.05684509711037422,0.09953161592505855,0.22606149341142023
2020-09-01,0.2865182973725558,0.6732673267326732,0.4693396226415094,0.1793465299308371,0.05848922566895576,0.11325724319578578,0.22540983606557374
2020-09-02,0.2766852871569176,0.6355728854229155,0.45840350286291676,0.1971864568431092,0.058475378787878785,0.11205383265067292,0.19841966637401232
2020-09-03,0.3061927664981115,0.7085457271364317,0.4814814814814815,0.18092967818831943,0.05751479289940831,0.1149458906112899,0.29373902867173785
2020-09-04,0.36311231614136236,0.8267386091127098,0.5277684281386739,0.1801715919923737,0.055844770468528204,0.1134502923976608,0.4747002047382276
2020-09-05,0.357042121946135,0.7956248127060234,0.5178331090174966,0.19656897784131522,0.0553584102200142,0.11341712949429994,0.4634502923976608
2020-09-06,0.37388627552663806,0.7902935889754343,0.5388496468213926,0.18866126727012864,0.059366130558183516,0.11104617182933951,0.5551008477053493
2020-09-07,0.35809187368682677,0.7466307277628033,0.531607262945528,0.18313884258156704,0.06242610546228422,0.11130587204206832,0.5134424313267095
2020-09-08,0.3422092218426826,0.63562874251497,0.5250420168067227,0.21880952380952381,0.06264775413711587,0.11127336448598135,0.4998539293017821
2020-09-09,0.3736757932319195,0.7312181981442682,0.5443548387096775,0.21709116876934062,0.06192389506026941,0.11416058394160589,0.5733060747663552
2020-09-10,0.3713858514095149,0.7495511669658887,0.5354383607658717,0.2370299857210852,0.06545368620037806,0.11646234676007006,0.5243795620437957
2020-09-11,0.3598379653744397,0.7017648818426563,0.5285426460711887,0.23292886033785393,0.06827309236947787,0.12226437117011968,0.5052539404553416
2020-09-12,0.37004490178936544,0.7811004784688995,0.5256797583081572,0.21122740247383445,0.06967406707605106,0.12193698949824971,0.5106507149110009
2020-09-13,0.35019732647341884,0.642152466367713,0.5234899328859061,0.23234244946492272,0.07225501770956322,0.1236512102653835,0.5072928821470245
2020-09-14,0.35708604841751207,0.6835026897788404,0.5333780610533378,0.21088920589633856,0.07436260623229463,0.12419825072886292,0.5161854768153981
2020-09-15,0.3306650031303854,0.6077083955781297,0.512072434607646,0.21630615640599002,0.07505310361104556,0.12474497231127946,0.44810495626822155
2020-09-16,0.33479075668362035,0.6768219832735962,0.5058665772712034,0.19700570342205323,0.0738555922605002,0.127039627039627,0.4281550568347421
2020-09-17,0.3341052310751215,0.6670647954613318,0.49698391420911525,0.23022095509622237,0.07572540693559804,0.12816778327993006,0.40646853146853146
2020-09-18,0.326407142591369,0.586865671641791,0.4994974874371859,0.26104513064133017,0.07830188679245287,0.12871287128712872,0.40401980774832513
2020-09-19,0.3429515516053294,0.6257833482542525,0.5010046885465506,0.2937544526240798,0.08158453195001181,0.1304221251819505,0.42516016307513105
2020-09-20,0.3477472808487196,0.6858591885441527,0.4941412788751255,0.28466286799620133,0.08415841584158412,0.13125727590221192,0.40640465793304226
2020-09-21,0.35798549565250326,0.7199522815389203,0.5023427041499331,0.2831711369570377,0.08602403959462646,0.13121908641256907,0.4252037252619325
2020-09-22,0.381885411957891,0.7334525939177101,0.5306122448979591,0.30588514475557665,0.08741753063147972,0.1311809191390343,0.5027640384055863
2020-09-23,0.38918784782503363,0.7991058122205663,0.5260869565217392,0.3041518386714116,0.08598351001177851,0.1311427740622274,0.4886561954624782
2020-09-24,0.39913287554617666,0.7613230035756853,0.5499832831828819,0.3057400379506641,0.08572774375883185,0.13226744186046513,0.5597557429485316
2020-09-25,0.38014300942493967,0.7542448614834674,0.5150401069518716,0.34171211761916054,0.08617847892630093,0.13222900319674513,0.451453488372093
2020-09-26,0.3692036228551441,0.6170339487790351,0.5182091546942866,0.3750592697961119,0.08827683615819204,0.13306217315514235,0.48358035454809645
2020-09-27,0.3871259800407474,0.6930634117296814,0.5156980627922512,0.41502725764399145,0.09296305012944217,0.13389485913447574,0.4721092388146426
2020-09-28,0.38174868498618886,0.68125,0.515525876460768,0.39928909952606634,0.09411764705882353,0.1344367015098722,0.46587278536160326
2020-09-29,0.3994900548897908,0.7851829812555787,0.5183578104138852,0.38000473821369346,0.0940955069395436,0.1332365747460087,0.48606271777003485
2020-09-30,0.39209957720306327,0.7212968471148127,0.5118451785118452,0.42396968261487444,0.0940733772342427,0.1343586767266396,0.4670537010159652
2020-10-01,0.3858848975321776,0.6583407671721677,0.5173448965977319,0.4255268766279896,0.09428638608041384,0.13315926892950392,0.48665118978525823
2020-10-02,0.41451607864110773,0.807372175980975,0.527842614204735,0.3913352272727273,0.09449929478138219,0.13544083526682138,0.5306063243400059
2020-10-03,0.41830398686584375,0.7613670133729569,0.5323333333333333,0.40828402366863903,0.0947121034077556,0.13656132212235428,0.5765661252900232
2020-10-04,0.41722391401804715,0.6939988116458704,0.5358213928690436,0.448651206814955,0.09774436090225569,0.13652173913043475,0.5906059727457234
2020-10-05,0.4049561772913051,0.651024651024651,0.5263157894736843,0.46983676366217175,0.10288935870331217,0.13677195015937404,0.5428985507246377
2020-10-06,0.4156916999301455,0.7247624703087886,0.5201465201465201,0.4869914853358562,0.10450915922968529,0.1373117033603708,0.5204288611996523
2020-10-07,0.4325190396378175,0.7827248441674087,0.534953395472703,0.47883660439820286,0.10049307349142989,0.13698233420214312,0.5611239860950175
2020-10-08,0.4064764584573834,0.683086053412463,0.5281198003327787,0.4368794326241135,0.0995305164319249,0.13810075275043432,0.5531421951925861
2020-10-09,0.3878703380618669,0.6191041234055177,0.5133067198935463,0.4559205861498464,0.09880309786435104,0.13777134587554274,0.5023161551823971
2020-10-10,0.39596102112468273,0.6963226571767497,0.5031592949783839,0.44896030245746693,0.09784138901923978,0.13802083333333337,0.4914616497829233
2020-10-11,0.3840261663216911,0.6768455380966498,0.49168882978723405,0.4412945901252067,0.09946047384471035,0.13769164015041946,0.45717592592592593
2020-10-12,0.3869339965974808,0.6870183758150563,0.48919906945829184,0.4707132735002362,0.1022514071294559,0.13765182186234814,0.4347700318194967
2020-10-13,0.36780666634284803,0.6293333333333333,0.4847176079734219,0.44250295159386066,0.10058616647127783,0.13761202659728244,0.41208791208791207
2020-10-14,0.36694034710970813,0.57760663507109,0.4878777814679508,0.4636449480642115,0.09868729488982653,0.13786127167630058,0.4359641514888696
2020-10-15,0.3734830357737711,0.6360675155463429,0.4893758300132802,0.43261741798442294,0.09819545348019687,0.13868824039295002,0.4459537572254335
2020-10-16,0.37035475638100507,0.6237418590882179,0.4862263524726187,0.43558282208588955,0.0981724461105904,0.14009243212016176,0.4383126264085524
2020-10-17,0.3768977296393528,0.6161586268126664,0.49469143994691445,0.42179759377211606,0.09908643710470832,0.14380594859948026,0.48584633160023105
2020-10-18,0.3699611350983089,0.6068047337278106,0.49353233830845766,0.38254716981132075,0.10163934426229504,0.15271362586605086,0.48252959861391853
2020-10-19,0.38595185908360463,0.7755102040816326,0.48806366047745353,0.3444942230605989,0.1023179583235776,0.15382395382395386,0.4515011547344111
2020-10-20,0.3698048198332828,0.732702542874039,0.48094133244945314,0.33545497406883545,0.10065543071161054,0.1563762261973456,0.4126984126984127
2020-10-21,0.3462702584615444,0.6266627253916641,0.47680583167660706,0.3372613716709875,0.09712146033231916,0.1566195558119412,0.38315060588574723
2020-10-22,0.3202636572113437,0.6442080378250591,0.4418681682676383,0.3105560791705938,0.09522695367337386,0.15138408304498274,0.27833862128641473
2020-10-23,0.3152199259866022,0.6029542097488922,0.43642384105960264,0.3265017667844523,0.09122807017543855,0.1539348515422312,0.2802768166089965
2020-10-24,0.3238427948573882,0.6311281748375664,0.4382654750082754,0.31629769194536034,0.08840037418147806,0.1602305475504323,0.3087345056212165
2020-10-25,0.3061870568095151,0.552406259226454,0.4331568497683653,0.31481045443842715,0.08837970540098194,0.15932008066839531,0.2890489913544668
2020-10-26,0.3175068336320521,0.7048406139315231,0.4366523321204102,0.2365819209039548,0.08765778401122015,0.1607142857142857,0.278594065110919
2020-10-27,0.3135625136605899,0.7435821776335202,0.435515873015873,0.18380795481289716,0.08389810703435385,0.16959401094154913,0.26497695852534564
2020-10-28,0.2980974509636108,0.7805309734513275,0.4228099173553719,0.15505882352941178,0.077803738317757,0.1799078871617732,0.17247336596602358
2020-10-29,0.3099765745503738,0.7903273370687113,0.430601454064772,0.1496118560338744,0.07054426535856106,0.17726618705035968,0.2415083477259643
2020-10-30,0.28889918909155976,0.7314268867924528,0.42616451932606536,0.1277046095954845,0.05908453993461005,0.17433831990794013,0.21467625899280574
2020-10-31,0.27882676661807787,0.7055702917771883,0.42371202113606343,0.104867152598166,0.050198459024048514,0.18234109864825998,0.20627157652474104
2020-11-01,0.26932261264092644,0.6850324101355333,0.42093100033014197,0.1071932299012694,0.04505135387488324,0.18085106382978722,0.17687661777394303
2020-11-02,0.2561268684234765,0.6167893961708395,0.4227722772277228,0.1036427732079906,0.0434072345390899,0.17993676343776943,0.17021276595744683
2020-11-03,0.29160067714617743,0.8021201413427562,0.42527218739689876,0.08552631578947369,0.040363975734950985,0.19770114942528738,0.19862029318769758
2020-11-04,0.24206821821322852,0.5516632322637621,0.41853562005277045,0.07540521494009866,0.03732213669232565,0.19879345015800054,0.17068965517241375
2020-11-05,0.22745402460190264,0.48057680988816953,0.41707879986811736,0.07256928135274777,0.036613805970149294,0.20074669730040207,0.1571387532318299
2020-11-06,0.20687256732192996,0.46601941747572817,0.39914304548450885,0.07396102371448697,0.034506878060153845,0.19925351708297445,0.06835152211372775
2020-11-07,0.20488092051479423,0.4420588235294117,0.39934102141680394,0.07089201877934272,0.033100233100233134,0.19919632606199766,0.0846971002009762
2020-11-08,0.2260878663045377,0.502205233754778,0.40974967061923584,0.06172260032856137,0.03216033558611042,0.19827833572453368,0.1524110218140069
2020-11-09,0.21570637538740323,0.5099941211052322,0.4013829436944353,0.058423275457531676,0.03238583410997209,0.19850831899024668,0.0935437589670014
2020-11-10,0.19249940973523186,0.3385248310314428,0.4048716260697828,0.060755336617405585,0.03191241556021429,0.20217952394608552,0.11675272518646007
2020-11-11,0.2163546397542346,0.4779670975323149,0.40572556762092793,0.05628517823639775,0.0284117373078715,0.2026949541284404,0.12704330369945516
2020-11-12,0.20776531729781253,0.4602055800293686,0.3983552631578947,0.052989449003517,0.027473806752037255,0.20349670392662655,0.10407110091743121
2020-11-13,0.18706124994142637,0.3846153846153846,0.3850707004274909,0.046413502109704644,0.026303538175046604,0.20429799426934092,0.07566638005159076
2020-11-14,0.20234634301430243,0.47255650132081006,0.3849441157133465,0.0435903445043356,0.025366534791715134,0.20423947293039246,0.08338108882521489
2020-11-15,0.20474160435253533,0.466255868544601,0.3904042063752875,0.03865979381443299,0.025825965565379194,0.20246277205040086,0.10484101976511029
2020-11-16,0.20056953967126936,0.43619829862129655,0.3945466491458607,0.03630826891543687,0.02628518260060475,0.20469510449470374,0.10538373424971359
2020-11-17,0.17864409584630336,0.3668621700879765,0.3779967159277504,0.0351288056206089,0.025116279069767433,0.20520892959358905,0.06155167477812773
2020-11-18,0.16845941311412851,0.34857812958076806,0.35357846355876554,0.03793022711308827,0.02487793536386884,0.20371959942775397,0.04207212364052659
2020-11-19,0.16221828183477544,0.3045134818288394,0.35149327207088943,0.041666666666666664,0.025337052533705218,0.20423340961098402,0.0460658082975679
2020-11-20,0.1827121403432137,0.4260181658365074,0.3517060367454068,0.037912473671893286,0.024401580292818914,0.20388904775521877,0.05234553775743711
2020-11-21,0.15516740238743262,0.28617457527826595,0.3322400787143326,0.0416471689284043,0.027648698884758405,0.20125786163522008,0.04203603088361452
2020-11-22,0.1559260425705195,0.2849194729136164,0.33180327868852455,0.042105263157894736,0.03321718931475026,0.1983423835381538,0.045168667810177254
2020-11-23,0.15824645108381716,0.27634660421545665,0.3372664700098329,0.04560336763330215,0.03738968880631677,0.19885714285714284,0.05401543298085165
2020-11-24,0.17382649157228783,0.36669593210418494,0.3401048492791612,0.03927986906710311,0.03807754817738562,0.19737217937732077,0.06142857142857139
2020-11-25,0.17420053477055694,0.3894090111176126,0.3268915820504422,0.04604955586722768,0.03783658310120708,0.1973158195316962,0.047700656955155685
2020-11-26,0.1701649951279439,0.3284586136297163,0.33267845448592015,0.056321570460387944,0.03945230912044562,0.19526120468170138,0.06881781838949175
2020-11-27,0.209293360399601,0.39941520467836256,0.3770867430441899,0.07009345794392523,0.041531322505800494,0.18007990867579904,0.18755352554952898
2020-11-28,0.21369646188600913,0.38497515346389943,0.3776178010471204,0.08245736977341743,0.044769195082347446,0.17318116975748932,0.2191780821917808
2020-11-29,0.20044791172721643,0.3632378725891292,0.36048413477265295,0.09201307800093414,0.04777365491651209,0.17855105533371363,0.16062767475035666
2020-11-30,0.19682043105584554,0.36488460414840784,0.3476128188358404,0.10600046696240953,0.054718293531184736,0.18135158254918737,0.12635482030804335
2020-12-01,0.20213296241984455,0.49649532710280375,0.31938542007191895,0.10667600373482726,0.058182661103384326,0.17132269099201825,0.06073567151411463
2020-12-02,0.18753401796266833,0.33985401459854014,0.3362745098039216,0.11645274212368728,0.060718424101969926,0.1593046451980621,0.11259977194982895
2020-12-03,0.20277258054043312,0.41622883829538826,0.3279973864750082,0.15258982734484366,0.06765523632993509,0.1558404558404558,0.09632373895696777
2020-12-04,0.1871297387740225,0.3034724248613948,0.3249510124101894,0.1735479356193142,0.07783182765809593,0.15693534605525494,0.086039886039886
2020-12-05,0.21610737204063443,0.3754375729288215,0.33953640222004566,0.1767723880597015,0.08082445576655861,0.17824601366742598,0.14582739960125324
2020-12-06,0.21194078718975043,0.36220472440944884,0.33126631853785904,0.1876894380974586,0.08728872424172263,0.17734130372900658,0.1258542141230068
2020-12-07,0.21626805705415855,0.3900874635568513,0.32724306688417615,0.20023310023310023,0.09259259259259256,0.18070574843483211,0.10674637062339876
2020-12-08,0.21947847546879196,0.33838531040512965,0.3313763861709067,0.2495921696574225,0.09534829900485997,0.17923186344238973,0.12293682413204321
2020-12-09,0.25457509404219264,0.3898601398601399,0.3527877404629931,0.2952003727865797,0.09648310967144835,0.18600682593856654,0.2071123755334282
2020-12-10,0.24837652031681787,0.4046023885814156,0.34615384615384615,0.2548334498020033,0.09877399953735833,0.19164060278646577,0.194254835039818
2020-12-11,0.2710881225960414,0.4580663948747816,0.35614206581948515,0.26851420586865393,0.10314523589269198,0.19584991472427515,0.2448109183963605
2020-12-12,0.2788399252373548,0.4279475982532751,0.3635179153094462,0.2991850989522701,0.10404624277456642,0.19039499857914177,0.28794769755542926
2020-12-13,0.26699782724461996,0.43102444703143195,0.3422338000651254,0.3149441340782123,0.106333795654184,0.18068181818181817,0.22676896845694805
2020-12-14,0.253948548516808,0.32004655222577827,0.3359375,0.3649057481964161,0.1102380402126184,0.17665435955694408,0.21590909090909094
2020-12-15,0.26336493428260116,0.35689354275741714,0.3325740318906606,0.40134946486738016,0.10998151571164505,0.16411130039750144,0.21527975007100253
2020-12-16,0.2694907157960733,0.3759813899389357,0.32986337020169165,0.4317283089090486,0.1071841071841072,0.15696849276185065,0.2152186257808063
2020-12-17,0.23441980946804097,0.30755813953488376,0.29268292682926833,0.4451162790697674,0.10715935334872984,0.1503972758229285,0.10360488220266817
2020-12-18,0.21654277191603635,0.33129904097646035,0.2539011703511054,0.40804464078121366,0.10344031401523901,0.13815602836879437,0.06441543700340524
2020-12-19,0.1961813733788935,0.23590935502614763,0.24731881702957426,0.3812180381218038,0.0976454293628809,0.13698241633579122,0.07801418439716312
2020-12-20,0.19551933623065323,0.2158001742666279,0.22742040285899934,0.4350453172205438,0.0969305331179321,0.1355259427275305,0.062393647192285906
2020-12-21,0.19986248693797562,0.24651567944250874,0.23644040272815847,0.4065985130111524,0.09644670050761417,0.1366213151927438,0.07655231074567626
2020-12-22,0.21191188806825964,0.3015965166908563,0.25422077922077924,0.37444831591173056,0.09181084198385236,0.13488240294701048,0.11451247165532885
2020-12-23,0.19426202439140638,0.2649448636099826,0.23271665043816947,0.3409196470041802,0.08786900369003692,0.13852691218130309,0.10059506942476626
2020-12-24,0.20714317087186215,0.24398027270089928,0.24561972744970795,0.3721848154167634,0.08508185381600186,0.14698385726423113,0.14900849858356946
2020-12-25,0.2170260311824029,0.33062645011600933,0.2364579954589685,0.3683844011142061,0.08437067773167362,0.13986409966024915,0.14245256301331066
2020-12-26,0.19020746557582321,0.24992751522180345,0.2182230869001297,0.3439313065676491,0.08458170085273109,0.13925842060571747,0.10532276330690826
2020-12-27,0.1720580557334708,0.24115942028985504,0.1944894651539708,0.31368909512761023,0.0854838709677419,0.1389360498019242,0.05859043305972267
2020-12-28,0.1614875983788213,0.20081135902636915,0.1957226182760855,0.28346091394108097,0.08523381709283573,0.13521923620933518,0.06847764572722126
2020-12-29,0.15147316581012998,0.1633835457705678,0.18529316488500158,0.26669758812615957,0.0836020267157992,0.13546380090497734,0.07439886845827437
2020-12-30,0.15143553310575505,0.18129163046626118,0.1829663212435233,0.2429863204266172,0.0808197098779645,0.1379700310998021,0.08257918552036203
2020-12-31,0.14509644056233292,0.12101910828025475,0.1689867270961476,0.3004172461752434,0.08172191528545125,0.14019219898247592,0.05824144755442462
2021-01-01,0.14644981681680183,0.13169319826338644,0.16763754045307444,0.2901506373117034,0.08377445339470657,0.14241311104831877,0.06302996042962128
2021-01-02,0.15020014366164494,0.16464120370370372,0.1662892267874474,0.26992585727525487,0.08789691670501609,0.1477401129943503,0.06470754450409721
2021-01-03,0.1383413491687621,0.13335261787677177,0.1500646830530401,0.23395876766272874,0.09040717736369908,0.18243434058175656,0.039830508474576254
2021-01-04,0.1270010030542447,0.11075766338924231,0.13999353378596835,0.23737841593330244,0.09176632934682616,0.14822134387351782,0.03388873199661113
2021-01-05,0.13336748574690985,0.10320901994796183,0.15319974143503556,0.24403797175272054,0.09059553920441477,0.14592153542195874,0.06324110671936756
2021-01-06,0.13006386814256585,0.10924855491329477,0.13602584814216478,0.25833333333333336,0.08827586206896554,0.14588036117381487,0.042619249223821654
2021-01-07,0.1205192608512732,0.07310026004045078,0.12209302325581395,0.2571164082388336,0.08687658009652954,0.15458392101551477,0.02934537246049662
2021-01-08,0.11513740153639129,0.07076834199884463,0.10913787536325481,0.25358630263766774,0.08501838235294112,0.14861816130851668,0.023695345557122716
2021-01-09,0.12044375737170043,0.09125036095870631,0.10103292446739831,0.28059218135554015,0.0831610383643464,0.14406540738652385,0.022560631697687517
2021-01-10,0.12567028440855402,0.10479214780600465,0.10487253952888032,0.29162812210915817,0.08107487367937527,0.14317925591882752,0.02847476740907806
2021-01-11,0.13027867819129102,0.09090909090909094,0.11612903225806448,0.30890173410404625,0.08059701492537319,0.14032121724429414,0.04481397970687706
2021-01-12,0.15303791222682575,0.11425274091171378,0.1335053208642374,0.3407304669440592,0.07759412304866853,0.13802816901408455,0.11411665257819104
2021-01-13,0.16532773087603903,0.13844822613210273,0.1428110896196002,0.3175410214929512,0.06954326371356434,0.1391157420444945,0.1845070422535211
2021-01-14,0.14123239580684444,0.10668973471741638,0.12213986464711568,0.3204713493530499,0.06608536025699863,0.13935810810810811,0.09264995775837792
2021-01-15,0.13786118616132437,0.10435283943499563,0.11372422680412375,0.33125433125433124,0.06194081211286995,0.14128905150576976,0.07460585585585588
2021-01-16,0.1558269805308166,0.10806916426512969,0.12560386473429952,0.3551963048498845,0.0584862385321101,0.13477771525042204,0.15282859555305373
2021-01-17,0.16985143273821154,0.12301930279458373,0.13071474565357377,0.3911336873701224,0.0642054574638844,0.13417721518987347,0.1758581879572313
2021-01-18,0.17774061419681006,0.15841013824884798,0.1322819439974252,0.38573407202216065,0.07106831728564877,0.13554555680539937,0.18340365682137838
2021-01-19,0.16743849711070224,0.1258278145695364,0.1280566280566281,0.36787445188091394,0.07357322942929179,0.13325836378971045,0.17604049493813279
2021-01-20,0.1754565455047978,0.12204951065054692,0.13251849469282728,0.3804799261652054,0.07080659945004586,0.13097245643620015,0.21591228563396125
2021-01-21,0.1939563725208011,0.14877697841726623,0.13729903536977495,0.41845444059976933,0.07560137457044669,0.12840685585838718,0.2551995503091624
2021-01-22,0.24789160460842796,0.24424626006904493,0.1677917068466731,0.43842250922509224,0.07581310123683005,0.13033707865168542,0.430738971621242
2021-01-23,0.22115318144732576,0.17543859649122806,0.15616966580976865,0.42379525017293057,0.07716968170368677,0.12861555742768882,0.36573033707865166
2021-01-24,0.23315706288128868,0.15008625646923524,0.1622229360745262,0.46680497925311204,0.08012820512820518,0.12829870859067938,0.41140129177197415
2021-01-25,0.24100648266557376,0.19574590399540093,0.1615285806037251,0.478681723899516,0.08148317692835894,0.12854336233511088,0.40005614823133073
2021-01-26,0.24230507460414508,0.1890804597701149,0.16083467094703052,0.49700460829493087,0.0798627002288329,0.12794612794612792,0.39910188043783323
2021-01-27,0.2362442860638465,0.13789141051422005,0.1601412066752247,0.5150886892421102,0.08053077099062,0.1281907433380084,0.39562289562289565
2021-01-28,0.2710888416572685,0.21395749569213096,0.17581007378889957,0.5041455550437587,0.08188472095150956,0.12899607403252944,0.5217391304347826
2021-01-29,0.23738683478885292,0.16623600344530576,0.15490699166132138,0.507253050886484,0.08278069974845648,0.12755817213344545,0.38558609085810436
2021-01-30,0.2237603556096112,0.14466130884041328,0.14972747675537035,0.4583333333333333,0.07796067672610885,0.12640134529147984,0.3854779927109616
2021-01-31,0.2262345776871321,0.18192252510760398,0.14903846153846156,0.43935558112773304,0.07451428571428576,0.12664611936116554,0.38593049327354256
2021-02-01,0.2352311907419775,0.1758462421113024,0.15988465235501437,0.43626323055683386,0.06924131627056673,0.12857142857142856,0.441580274586719
2021-02-02,0.24471285168973844,0.2603957556638945,0.15663036515054451,0.42903151598803774,0.06511309115832764,0.13021562587510505,0.42689075630252105
2021-02-03,0.2081811622874008,0.1298738532110092,0.1402497598463016,0.43238270469181234,0.0607583371402467,0.1284994400895857,0.35732287874544943
2021-02-04,0.19001044830530456,0.12095156205216395,0.12804097311139562,0.4056104851690044,0.05800411052751775,0.12874335292471317,0.2987122060470325
2021-02-05,0.19413504887881583,0.10974212034383957,0.13312000000000002,0.40804597701149425,0.05662100456621,0.13430330162283155,0.3229778897285195
2021-02-06,0.18579918441777343,0.09424233743912924,0.12571976967370446,0.3964605837738451,0.05660808034695275,0.1342657342657343,0.3074986010072748
2021-02-07,0.17856839059341267,0.09936998854524626,0.11928365845858646,0.39177389705882354,0.05682336832496582,0.13003355704697983,0.2741258741258741
2021-02-08,0.18801082711730074,0.10821643286573146,0.12148337595907932,0.4151160119457845,0.05795117499429614,0.1344702264467431,0.29082774049217
2021-02-09,0.1463153943881351,0.0666857469948483,0.08788750399488654,0.4416628387689481,0.05748175182481752,0.1277249860257127,0.09644953871959738
2021-02-10,0.1444685129320245,0.0918454935622317,0.08658146964856228,0.3970149253731343,0.0549600912200684,0.1282481139983236,0.10816098378982675
2021-02-11,0.14902465788202585,0.09868421052631582,0.09230277866496328,0.3686868686868687,0.054263565891472854,0.126536312849162,0.1536742106733725
2021-02-12,0.13788568136332477,0.11009436659994276,0.08045977011494254,0.35597888455359195,0.05288351948940051,0.1267802289863167,0.10111731843575422
2021-02-13,0.1357324407545891,0.09148084619782737,0.08298755186721996,0.335933914639743,0.04990884229717407,0.1270240089335567,0.12705948059201344
2021-02-14,0.13494267843160798,0.07230637324949984,0.08519463943841732,0.3310392291810048,0.05035315561631348,0.12810493999441808,0.1426577331099944
2021-02-15,0.12631623677629383,0.0794285714285714,0.07878787878787874,0.3103211009174312,0.05216400911161734,0.1272321428571429,0.10996371755512135
2021-02-16,0.12818026805293734,0.07769208797486438,0.08195153061224492,0.2955744095390965,0.05078569801867461,0.12887029288702934,0.1342075892857143
2021-02-17,0.13221821053643354,0.12478583666476295,0.07841887153331206,0.2975699220541036,0.04849726775956287,0.12604573340769665,0.11799163179916317
2021-02-18,0.11588493646697247,0.0836425920639452,0.06755895474824725,0.293834517533807,0.04757568859549288,0.1254530248118204,0.07724484104852203
2021-02-19,0.11705427183841183,0.0884703196347032,0.07072316024211533,0.27566452795600366,0.04642694583522988,0.1270903010033445,0.09395037635907444
2021-02-20,0.10287906338600912,0.05249643366619117,0.06019108280254781,0.27560137457044676,0.04618885096700798,0.12566174421844523,0.05713489409141581
2021-02-21,0.10958777544313834,0.06160867084997146,0.060490289716650714,0.29981676591846085,0.04617834394904463,0.1264623955431755,0.06297018668152687
2021-02-22,0.10709692728673949,0.06415739948674082,0.057288351368555035,0.30341195328600873,0.04616784171025701,0.11389585073795605,0.05766016713091926
2021-02-23,0.11087419945329897,0.09179019384264542,0.06522430798600065,0.24565018315018314,0.04456571168713053,0.10885300668151443,0.10916179337231968
2021-02-24,0.1420001550873484,0.12624679395839267,0.08587786259541985,0.23186083772030214,0.04250966128665601,0.10325633175619264,0.26224944320712695
2021-02-25,0.13221534768523344,0.07179487179487176,0.08139904610492843,0.23844393592677346,0.041818181818181865,0.10907067334446297,0.25076537712218205
2021-02-26,0.14409322651224796,0.08715465679293644,0.0924984106802289,0.21688400823610157,0.04067257441490568,0.10514603616133522,0.32220367278798
2021-02-27,0.15757183570606864,0.12158314350797261,0.09818875119161108,0.21935041171088746,0.039300318037255755,0.10483870967741937,0.3621696801112656
2021-02-28,0.15782665916721447,0.09649871904355256,0.09974587039390093,0.22730391035902126,0.03929139223256872,0.10425354462051706,0.3798665183537263
2021-03-01,0.1669154704845622,0.14911781445645989,0.10416005080978086,0.2167352537722908,0.04109900090826524,0.10061145080600331,0.38976925215457325
2021-03-02,0.14597259782115374,0.12375533428165009,0.08317460317460312,0.22605714285714285,0.04154370034052213,0.10530702973048067,0.29599777654252357
2021-03-03,0.15142207884007777,0.10665529010238906,0.09171691526499526,0.22143510054844606,0.04085338175215614,0.10944444444444446,0.3384273409280356
2021-03-04,0.14708648295549395,0.08529997156667612,0.07899746192893398,0.27256111491889423,0.04152484683458135,0.11219105803943352,0.29194444444444445
2021-03-05,0.16196097887052882,0.1392836839113133,0.09229305423406275,0.24120603015075376,0.0421960072595281,0.1096612992781788,0.3471257983893363
2021-03-06,0.15710413091510417,0.09860755896561524,0.09131261889663922,0.2525690796985613,0.04264005443411201,0.10130446849847352,0.3561910049972238
2021-03-07,0.15262572059800394,0.09573863636363633,0.09033280507131536,0.23059360730593606,0.04421768707482998,0.09766925638179802,0.35720233139050794
2021-03-08,0.14033026491202485,0.09684748650951436,0.07921419518377693,0.20611732481168682,0.04556789843572884,0.0981969486823856,0.3160377358490566
2021-03-09,0.13281562551237977,0.0789324247586598,0.07570478302185624,0.19465997261524418,0.04623753399818675,0.10066555740432614,0.3006934812760056
2021-03-10,0.11959796726229745,0.09395401646324153,0.06713109563014563,0.1672370522473192,0.0448674371176071,0.10008317161075686,0.24431503050471437
2021-03-11,0.1097275703645995,0.07406356413166859,0.06394428616650838,0.15191605839416059,0.04576347983688267,0.10033259423503327,0.2223454394233435
2021-03-12,0.1081540073324521,0.09758865248226956,0.0610759493670886,0.15142531356898517,0.047565118912797244,0.1014131338320865,0.18985587583148555
2021-03-13,0.11078210568855318,0.07005104934770279,0.062322049984182226,0.15503875968992248,0.04868659420289856,0.10360110803324096,0.2249930728733721
2021-03-14,0.097637545766756,0.06776297136376519,0.054079696394686905,0.16320948256211534,0.050939551731944754,0.10080310163389639,0.14903047091412747
2021-03-15,0.10197245633971157,0.05640589569161003,0.05754030983243752,0.17388331814038285,0.05319148936170215,0.09163898117386493,0.17917474383827192
2021-03-16,0.12488549500692693,0.08529328421649196,0.06731984829329962,0.16108452950558214,0.0538583389907219,0.09382784389703847,0.2879291251384275
2021-03-17,0.1248088890138231,0.08328611898017002,0.06635071090047395,0.16173120728929385,0.053619909502262475,0.09435528500276702,0.28951010240797126
2021-03-18,0.11619668678934329,0.09855564995751909,0.061591914087176236,0.153723525392849,0.05406016738294506,0.0946058091286307,0.2346430547869397
2021-03-19,0.11929301471541154,0.07701019252548136,0.06409851594568994,0.16780510018214936,0.05472636815920395,0.09375,0.25836791147994465
2021-03-20,0.12099700472070689,0.08264930653835267,0.06313131313131315,0.1750512178465741,0.055618358580149185,0.09289466408625935,0.2566371681415929
2021-03-21,0.12333496056337602,0.0747028862478778,0.0637425055222468,0.19162494310423306,0.05967450271247743,0.09176340519624104,0.25850152059718
2021-03-22,0.12879008418539153,0.0775106082036775,0.06593059936908519,0.1838452787258248,0.06350282485875702,0.10058027079303677,0.281370923161968
2021-03-23,0.14570910866532252,0.10124434389140269,0.07631661936297696,0.1735668789808917,0.06529597830998646,0.11022099447513811,0.34760983697153913
2021-03-24,0.144908435465459,0.08594854396381113,0.07629255989911732,0.18148737775756196,0.06663654845267675,0.11019055509527753,0.34889502762430935
2021-03-25,0.16374281522542092,0.10994912379875632,0.08635360857232899,0.20486584811277853,0.07068654019873533,0.11098840419657652,0.3996133664733499
2021-03-26,0.17928809891501693,0.11274371291325236,0.09199747952110904,0.23346215048874744,0.0790246105215624,0.11068175545128345,0.44781888459414687
2021-03-27,0.162743659593294,0.13050847457627124,0.07685039370078739,0.1968181818181818,0.08735891647855532,0.11313465783664456,0.3717913331493238
2021-03-28,0.15207535200919145,0.08839310929116073,0.07336272040302272,0.19768234492160872,0.09388399909726919,0.11310344827586205,0.3460264900662252
2021-03-29,0.1557526902564836,0.09119141727837377,0.0758577274158011,0.2112676056338028,0.09995487364620936,0.11362382790954217,0.34262068965517245
2021-03-30,0.1466925402104218,0.09822184589331073,0.06922592825676521,0.19464001816942994,0.10083464922174601,0.11386821064240416,0.30336458907887476
2021-03-31,0.14478500589476698,0.1035553047404063,0.0651148159798679,0.21684831970935514,0.10081190798376183,0.10887541345093721,0.27350427350427353
2021-04-01,0.14667526275268064,0.08575458392101554,0.06540880503144653,0.24108967082860386,0.10304396843291996,0.11049875998897773,0.27425578831312014
2021-04-02,0.1519345517432882,0.10772701635645798,0.06601697579377552,0.23967317294598275,0.10527502254283139,0.11101928374655645,0.2818958390741251
2021-04-03,0.14699732907754917,0.11700028192839018,0.06568196103079826,0.20467438166553212,0.10705431597926529,0.10988708344808595,0.2776859504132232
2021-04-04,0.1646008696467873,0.14487034949267197,0.07351555136663523,0.2293557168784029,0.10860748084722849,0.1090308370044053,0.3222252822913798
2021-04-05,0.15338891625328463,0.11186249647788105,0.0709798994974874,0.23021093218416874,0.11083577382293308,0.11395540875309662,0.2824889867841409
2021-04-06,0.15004016188257413,0.09464788732394369,0.06907378335949765,0.2471655328798186,0.11036036036036034,0.1169510181618052,0.2620423892100193
2021-04-07,0.1663998207244631,0.12137426077161362,0.07250470809792842,0.27522103831330763,0.10830893942805675,0.12242090784044013,0.2985690698954321
2021-04-08,0.1750259103091306,0.10782657657657657,0.07938500156887351,0.29397098821396195,0.1073840612336785,0.12458745874587462,0.33700137551581844
2021-04-09,0.17469488999969732,0.1435406698564593,0.0743412797992472,0.3104464083389984,0.10871033085752868,0.12895243332416828,0.2821782178217822
2021-04-10,0.1722608793259189,0.10917276308384916,0.07463154593916588,0.3330312641594925,0.10846084608460849,0.12616822429906538,0.2821006323893319
2021-04-11,0.1676466573051644,0.09676511954992972,0.06771159874608146,0.3682899207248018,0.11113610798650164,0.1269579554822754,0.2350192413413964
2021-04-12,0.16762222760100323,0.11782902137232842,0.06675023503603883,0.36707427536231885,0.11336032388663964,0.12170329670329672,0.2190162132453971
2021-04-13,0.16861616732965165,0.12257520382344678,0.06798245614035092,0.36517998641611954,0.11423431526872052,0.12084592145015105,0.22087912087912087
2021-04-14,0.14773945139799924,0.10989319842608203,0.05731287190729717,0.34947940244454506,0.11353417266187049,0.11367380560131801,0.14254325734688278
2021-04-15,0.15361344468008478,0.12953076706940148,0.05917345021916087,0.35505770536320436,0.11216003596313784,0.10678012626955802,0.15897858319604607
2021-04-16,0.146108198707395,0.06488764044943818,0.05821596244131455,0.38054298642533935,0.1103370786516854,0.10949506037321621,0.1531704639033763
2021-04-17,0.18659307962435112,0.24459421510811574,0.06351689612015021,0.37842117168061523,0.10649292293866541,0.11275720164609049,0.2137760702524698
2021-04-18,0.19729150501858161,0.30909601347557547,0.07069127306850176,0.3147896879240163,0.10265049415992811,0.1289083927591882,0.25761316872427986
2021-04-19,0.20129757470407209,0.20039292730844793,0.0869293308317699,0.2970834275378702,0.09544127554457671,0.1362763915547025,0.3916620954470653
2021-04-20,0.21035100065187903,0.31846240179573515,0.09034073147858701,0.22897830018083182,0.08172429277054338,0.1367872807017544,0.40581299698382234
2021-04-21,0.18126294006394283,0.19130434782608696,0.08718749999999997,0.20903954802259886,0.06554433221099887,0.1370238421485338,0.39747807017543857
2021-04-22,0.2122763543582312,0.3171620863712844,0.10153077163386437,0.17690917306823317,0.05655296229802509,0.13506849315068492,0.48643463962729516
2021-04-23,0.20478272007174694,0.1839080459770115,0.11149281698938163,0.1606053761011972,0.05025802109041955,0.12298000547795129,0.5994520547945206
2021-04-24,0.21975246016889174,0.21804932735426008,0.11707773961910706,0.15311653116531165,0.0453117990130103,0.11336254107338439,0.6715968227882771
2021-04-25,0.21996576541133614,0.19389184645558977,0.1207865168539326,0.14472792955520433,0.04305898183449208,0.11333150834930195,0.7039978094194962
2021-04-26,0.23651021148259885,0.21904761904761905,0.12730109204368178,0.15711060948081265,0.04237668161434982,0.10810071154898737,0.7651245551601423
2021-04-27,0.20911167603797573,0.2780733688042565,0.10542732376793518,0.14375987361769352,0.03833221250840624,0.11162790697674418,0.5774493705528188
2021-04-28,0.17974102077705376,0.17105263157894735,0.09978172747115688,0.13402527075812273,0.03585835948005378,0.1036652078774617,0.53406292749658
2021-04-29,0.18295732354529326,0.1754827875734677,0.10162094763092266,0.13873223550642905,0.0345059377100605,0.09816789718348373,0.549234135667396
2021-04-30,0.20403023436740927,0.25237828763290426,0.10906824555936434,0.12359043752819125,0.03203405017921146,0.09732094040459272,0.6097894449001915
2021-05-01,0.15509467675528024,0.15244755244755248,0.08660436137071648,0.11364148816234498,0.029787234042553234,0.0962011478546051,0.45188627665390924
2021-05-02,0.15658492421807654,0.16722595078299773,0.08657739022111488,0.11203787195671776,0.029556650246305383,0.09535519125683056,0.448756490844493
2021-05-03,0.15400256390955377,0.09113782499301093,0.09464508094645085,0.12373225152129817,0.03201253637788226,0.09505599562960942,0.48743169398907105
2021-05-04,0.154736471059063,0.10257126886528789,0.09212573918456268,0.1302388463271744,0.032900626678603384,0.09803386127799019,0.47254848402075933
2021-05-05,0.18836262652351524,0.1142777312098352,0.11107654013690105,0.1360666816850642,0.03311702841799058,0.0944580944580945,0.641179683233206
2021-05-06,0.1597900219800407,0.13687150837988826,0.0936236391912908,0.1204954954954955,0.03310961968680093,0.09415938864628826,0.48048048048048053
2021-05-07,0.16518668544256246,0.12147444847807876,0.09794776119402981,0.12046836298131051,0.03444419592932235,0.09849931787175992,0.5182860262008734
2021-05-08,0.1600273217506883,0.11474036850921276,0.094808828100715,0.11481314723097703,0.035554561717352384,0.09465357337697766,0.5055934515688949
2021-05-09,0.15122721147177223,0.10996371755512135,0.08638906152889991,0.11996398829619627,0.03733512184216414,0.09408235614944094,0.45962902345881074
2021-05-10,0.14947362092592323,0.091796875,0.08915812364088227,0.12016201620162016,0.03889137237371476,0.09214830970556165,0.4646850286337606
2021-05-11,0.1685149459496116,0.11352859135285909,0.10527950310559009,0.10821147356580428,0.03932960893854753,0.09185064050149905,0.5528898582333697
2021-05-12,0.1652781094897617,0.1266034578918015,0.10121080409810623,0.10863697705802969,0.03954423592493295,0.09509536784741146,0.5205778141182884
2021-05-13,0.21703650524603393,0.16085865625871199,0.1300434512725015,0.10838767708567573,0.04109895018985932,0.0828112230999728,0.7790190735694823
2021-05-14,0.23237589888391555,0.19843924191750284,0.1380701210052746,0.11848021582733813,0.041983028137561385,0.07489106753812635,0.82239171887769
2021-05-15,0.24618591261831835,0.28252995263304537,0.13492555831265507,0.1227242076871207,0.043983031926769334,0.07759324802613665,0.815359477124183
2021-05-16,0.26464805225057225,0.3498607242339833,0.1497674418604651,0.09910112359550562,0.045535714285714235,0.07158410451823627,0.872039205009529
2021-05-17,0.2684858234311572,0.3258145363408521,0.1549907005579665,0.11795102224219277,0.04864985494309304,0.06857142857142862,0.8949373979314099
2021-05-18,0.2936897337102731,0.4067371937639198,0.168577626278277,0.15476190476190477,0.052208835341365445,0.04080522306855272,0.939047619047619
2021-05-19,0.31822904320735407,0.5365989423879767,0.17441140024783153,0.15225690545699527,0.05509703323667192,0.04732118574925215,0.9436887921653971
2021-05-20,0.32618134055033327,0.4799666110183639,0.2056364199442552,0.19061517736865738,0.0577609277430865,0.028548123980424167,0.9945607832472124
2021-05-21,0.3250503536376003,0.5009735744089012,0.18885448916408665,0.19730639730639732,0.06399108138238574,0.028540364229410198,0.9706362153344209
2021-05-22,0.35213363503738204,0.5606229143492769,0.2095326524295884,0.24461400359066426,0.06977262594739186,0.032880434782608714,0.9953791791247621
2021-05-23,0.3442983997745352,0.5298860161245482,0.20668316831683164,0.23087278438411488,0.07688878983730774,0.028524857375713086,0.9929347826086956
2021-05-24,0.3559809941753884,0.5580878265703169,0.23291060934116914,0.22812920592193808,0.09068627450980393,0.028788701792504034,0.9972833469165987
2021-05-25,0.33204342301042916,0.46651847735482077,0.20160791589363014,0.21753756447633998,0.0960124749387391,0.029323920716807006,0.981260184682238
2021-05-26,0.33274625518083,0.48777777777777775,0.20340030911901086,0.19798206278026906,0.09755011135857461,0.02714440825190012,0.9826228617974477
2021-05-27,0.33603824742726496,0.479589003054707,0.1993201483312732,0.23985653440932525,0.10398574927633042,0.0268656716417911,0.9666123778501629
2021-05-28,0.3427486624515363,0.5186007773459189,0.20296570898980537,0.22770058269834156,0.108860195903829,0.02604449267498643,0.9723202170963365
2021-05-29,0.3542298498544196,0.5548154315847904,0.22884496602841264,0.21196504593322876,0.11239706209659472,0.02359641985353944,0.9937601736299512
2021-05-30,0.3628184620132102,0.5765815760266371,0.23834516826180918,0.22580645161290322,0.11882510013351133,0.0214208242950108,0.9959316517493898
2021-05-31,0.3363454190757276,0.43772538141470185,0.23024691358024696,0.2116461366181411,0.12436040044493879,0.02249932230956897,0.9915943600867679
2021-06-01,0.32714028136206985,0.42429284525790345,0.21351434742363473,0.20331392745185847,0.12633451957295372,0.02086720867208669,0.9745188397939821
2021-06-02,0.32475340652098456,0.4336013307457721,0.2196175200493522,0.16453995970449967,0.126973537914165,0.021945272283933948,0.9818428184281843
2021-06-03,0.30268592687636753,0.3312084257206208,0.21276595744680848,0.15376007162041183,0.13139172965762558,0.022210184182015147,0.9647791926307234
2021-06-04,0.30226380589723423,0.37711277362150175,0.20191122071516643,0.1356008055493399,0.13336296954878857,0.02301651773625779,0.942578548212351
2021-06-05,0.32813055686083686,0.4878116343490305,0.2197226502311248,0.13288590604026845,0.13622222222222224,0.023551705468326967,0.9685892228540482
2021-06-06,0.33567220793010727,0.514261977291609,0.23721503388786203,0.1151867591142921,0.13952455009997777,0.020838971583220567,0.9870059556036817
2021-06-07,0.3182147997877267,0.42303433001107416,0.23467816445950107,0.10934704830053667,0.14304753442914264,0.023538961038961026,0.9756427604871448
2021-06-08,0.34444071544710814,0.5383337946305009,0.25523399014778325,0.09702660406885759,0.14656895403064618,0.03840952123343255,0.9910714285714286
2021-06-09,0.33210603502095476,0.4739900387382402,0.25946445060018464,0.08739383102369244,0.14853463587921845,0.032720389399675476,0.9905328644847173
2021-06-10,0.3227854383674349,0.512863070539419,0.2178461538461538,0.07932960893854749,0.1518312985571587,0.032441200324412,0.9424012979989184
2021-06-11,0.32934674037379574,0.558075221238938,0.22300830513688097,0.0690348525469169,0.15246338215712385,0.02837837837837842,0.9451203027845364
2021-06-12,0.3326240209541497,0.6027094277025159,0.22078720787207873,0.058521331248603974,0.1526514311071666,0.02350716022696564,0.9375675675675675
2021-06-13,0.32115303051089455,0.513819789939193,0.23947125730095298,0.047119249665029034,0.15461401952085185,0.020799567801188523,0.9510942988381519
2021-06-14,0.2980374584263665,0.4592428847747997,0.2074370006146281,0.042866711319490956,0.15701929474384568,0.018903591682419618,0.9027552674230146
2021-06-15,0.2841166544211887,0.419889502762431,0.19784946236559142,0.0453125,0.1583148558758315,0.01565874730021599,0.8676748582230625
2021-06-16,0.28977793844806127,0.4476663904998619,0.19963144963144963,0.03615264449899576,0.1591664819330525,0.028340080971659964,0.8677105831533477
2021-06-17,0.3092429721323557,0.5220872446162341,0.21461467608228435,0.03235162873717091,0.16090425531914898,0.022396114409066414,0.9031039136302295
2021-06-18,0.3056360779106048,0.49130554788849023,0.21792510742786986,0.03301360695962525,0.16308442277863944,0.024278392230914436,0.9042093901780895
2021-06-19,0.3256868840049001,0.5584988962472406,0.24332617367290577,0.030999107939339875,0.16770048737261856,0.017259978425027023,0.9363366603722687
2021-06-20,0.34097876416619005,0.6441379310344828,0.24601226993865033,0.029654403567447047,0.17165005537098565,0.018333782690752254,0.936084142394822
2021-06-21,0.33908270854085537,0.63430777716492,0.24624348359398962,0.027864467231386535,0.1751550044286979,0.01725067385444745,0.9336748449716905
2021-06-22,0.3691773013431951,0.7105045492142266,0.3010423053341508,0.027635391129930912,0.17777285809165377,0.016707087038534074,0.9814016172506739
2021-06-23,0.3769107836837681,0.7850055126791621,0.2911431198283788,0.026737967914438502,0.1790615316511731,0.014008620689655138,0.9655079493398006
2021-06-24,0.35586514056358914,0.6977128685588316,0.2693014705882353,0.02494987747828024,0.1825625138304935,0.014812819822246137,0.9458512931034483
2021-06-25,0.34398558447688865,0.6504132231404959,0.25727411944869827,0.023830734966592427,0.18761061946902657,0.014001077005923568,0.9307837328305952
2021-06-26,0.3633416408161203,0.6799779675020656,0.30526638089406,0.02137608550434202,0.19066578190665784,0.015881561238223374,0.9668820678513732
2021-06-27,0.383667094883884,0.8086453744493391,0.303030303030303,0.01914514692787177,0.19460415745245463,0.014262648008611434,0.9623149394347241
2021-06-28,0.39502728153676675,0.958711808422791,0.2616279069767442,0.016247496105052304,0.19655096175105014,0.013182674199623379,0.923842841765339
2021-06-29,0.3637221287794512,0.7746285085305449,0.2630773936983787,0.013796172674677348,0.1954022988505747,0.012641204948897311,0.9227871939736346
2021-06-30,0.3486457767992827,0.730949105914718,0.24892966360856272,0.01268075639599555,0.19049723756906078,0.015057811239580499,0.8937600860677783
2021-07-01,0.35663153363046024,0.7629262926292629,0.25588505044328946,0.010898576512455516,0.1853733981440565,0.018817204301075252,0.9058886797526217
2021-07-02,0.3589758575720036,0.7349463843827331,0.27995110024449876,0.010229041583277742,0.17981002871658935,0.02284332168771841,0.9260752688172043
2021-07-03,0.3632182007986602,0.774326553051127,0.2755881454323251,0.008448199199644287,0.17712014134275622,0.022837184309510983,0.9209889814565977
2021-07-04,0.3239031773126873,0.5663643858202803,0.26420281001832624,0.008001778172927318,0.17686023404725104,0.021756647864625278,0.9062332079527136
2021-07-05,0.3240492464174331,0.5986263736263736,0.2543511450381679,0.006,0.17637969094922734,0.02282491944146081,0.8861133494493688
2021-07-06,0.32330208316261655,0.5602856358143367,0.27625152625152627,0.005332148411464119,0.1750165526373869,0.021208053691275208,0.90171858216971
2021-07-07,0.31395063966717146,0.5192202086765514,0.27372596887397005,0.0033318525099955577,0.17387466902030013,0.022007514761137936,0.8915436241610738
2021-07-08,0.32682242476070367,0.5912709305517431,0.2788285539963392,0.00310903841883189,0.17361570703728213,0.024953045344781377,0.8891572732152442
2021-07-09,0.3284721265871135,0.5543358946212953,0.30161634644708757,0.0019982238010657193,0.1737979708866343,0.03272532188841204,0.9063590018781862
2021-07-10,0.32226547620809437,0.5665294924554184,0.2810975609756098,0.001997780244173141,0.17464167585446522,0.03137570394207567,0.8779506437768241
2021-07-11,0.3054499535919972,0.45172792100932524,0.2886315147820786,0.0031069684864624943,0.17746913580246915,0.03136729222520107,0.8803968892464468
2021-07-12,0.321615294491097,0.5837674801206472,0.27544180377818406,0.0039937874417572666,0.17963411946219965,0.03243098365049579,0.8544235924932976
2021-07-13,0.33007558638455703,0.5951206140350878,0.29972586049345107,0.003992901508429458,0.18025561921551347,0.031350482315112504,0.870008040739748
2021-07-14,0.3274263895552043,0.5722115648122774,0.3081607795371498,0.0028831226436016855,0.17911434236615997,0.03241360835788909,0.8697749196141479
2021-07-15,0.30217432657610477,0.43643835616438353,0.30532724505327247,0.0031042128603104213,0.18149779735682814,0.029726834493840393,0.8569515135279936
2021-07-16,0.3391153400748586,0.6105176663927692,0.3295800365185636,0.002438483706495234,0.18321955516406074,0.03186077643908969,0.8770755222281735
2021-07-17,0.3314077873427164,0.5451807228915663,0.3361728019470642,0.002881205673758865,0.1880228974020255,0.03372591006423986,0.882463186077644
2021-07-18,0.32933764942809485,0.567478784560635,0.3351581508515815,0.0019942388654996678,0.19238388729914158,0.015520470966015498,0.8634903640256959
2021-07-19,0.32525836185564416,0.5632183908045977,0.33231985405898445,0.001993797075764289,0.19718309859154926,0.0074906367041198685,0.8493443938988493
2021-07-20,0.3163854313408527,0.48180574555403555,0.3465045592705167,0.0037652270210409744,0.19999999999999996,0.005883926183471555,0.8603531300160514
2021-07-21,0.3565271311128651,0.6818927789934355,0.36219993922819815,0.003985828166519044,0.2012758468983722,0.0064171122994652885,0.8833912810912008
2021-07-22,0.3197115778990824,0.5567404976756904,0.3238153098420413,0.0059774186406907235,0.20606993622168468,0.008019246190858031,0.8176470588235294
2021-07-23,0.31157092403590114,0.5265172225259704,0.3209839052535681,0.009074811863656485,0.20932277924362352,0.00614644575093537,0.7973803795776531
2021-07-24,0.3125672016858847,0.573654003826182,0.30267152398299935,0.011285682673157778,0.2152121345350626,0.0061448036334491585,0.7664350614644575
2021-07-25,0.28941778383855354,0.4877049180327869,0.2898330804248862,0.012831858407079646,0.22131868131868127,0.005608974358974339,0.7192091904889126
2021-07-26,0.2760146917079101,0.4755531275607757,0.2712378640776699,0.013934970139349702,0.22522522522522526,0.007209612817089428,0.6629273504273504
2021-07-27,0.2503430330148085,0.4478427089022392,0.24689111313315137,0.01614329942503317,0.22803163444639718,0.005339028296849957,0.5578104138851803
2021-07-28,0.21977943115091358,0.34862134862134864,0.2274105518496058,0.02255140393544108,0.23237425873050732,0.004536962903656239,0.48318206086492255
2021-07-29,0.22102489451758545,0.3829148471615721,0.21946044255835107,0.026083112290008842,0.23759332454984627,0.014140875133404451,0.44595676541232987
2021-07-30,0.22266206397653698,0.3716234652114597,0.2184848484848485,0.030276243093922652,0.24281009879253568,0.029074419845292132,0.44370330843116323
2021-07-31,0.20550054062606785,0.3303327877795963,0.20539230536201147,0.034909412284577994,0.25,0.02959999999999996,0.3827687383302214
2021-08-01,0.21102103885255574,0.3602399781838015,0.20563294972743795,0.03711066931742876,0.2530173359666448,0.03012529992002133,0.38
2021-08-02,0.23065473789330074,0.40267175572519087,0.2222222222222222,0.04372791519434629,0.25756910925844667,0.026918976545842188,0.4308184484137564
2021-08-03,0.24687693920030976,0.4630689561188335,0.23244552058111378,0.052108633252373596,0.2656284272866857,0.02611244337863039,0.4418976545842217
2021-08-04,0.24249062257554058,0.37465940054495916,0.2423600605143722,0.0717439293598234,0.2695175438596491,0.024507192328183325,0.4721556088462563
2021-08-05,0.2508225893400158,0.4906020157995097,0.22716273442226254,0.08099757227984992,0.2738434553825916,0.03408788282290276,0.39824187533297817
2021-08-06,0.22267693935711827,0.3709150326797386,0.21590565467190803,0.0970873786407767,0.281455501972819,0.028753993610223683,0.3419440745672436
2021-08-07,0.2115089558612717,0.35202831472910423,0.2013301088270859,0.1171409662475182,0.289721674337059,0.024487623103540024,0.2843450479233227
2021-08-08,0.19890484559499333,0.30892759934676106,0.1922030825022666,0.16254962505513895,0.2995179666958808,0.022884513038850418,0.20734628693106205
2021-08-09,0.21153225707440582,0.3442176870748299,0.19516616314199398,0.1977949283351709,0.3069003285870756,0.01995211492418192,0.2051623203831825
2021-08-10,0.19927047172946144,0.33949945593035913,0.18483841739655693,0.2006172839506173,0.30946123521682,0.025000000000000022,0.1362064378824155
2021-08-11,0.2039322587347793,0.3086755507206962,0.19021739130434778,0.25832047608551906,0.31399167943945694,0.019409731454400392,0.13297872340425532
2021-08-12,0.22738564162628583,0.36949429037520387,0.18865076969514039,0.34156015866020273,0.3228984238178634,0.027910685805422664,0.11379952140388194
2021-08-13,0.2422149954138357,0.3715683609676542,0.19462884731442365,0.39590218109715797,0.3359597286058218,0.0215253786872176,0.133705475810739
2021-08-14,0.22708640725645649,0.36766304347826084,0.17797888386123684,0.3960352422907489,0.33501094091903716,0.02045696068012748,0.06537337230932772
2021-08-15,0.2340728413333676,0.299918500407498,0.18244873341375156,0.4897599647654702,0.3417195362065194,0.018061088977423645,0.072529224229543
2021-08-16,0.23456058963173057,0.25801195002715915,0.18329816098884533,0.5409511228533685,0.34755030621172356,0.016728624535315983,0.060823373173970796
2021-08-17,0.255548318548024,0.3228346456692913,0.19047619047619047,0.5841954655513978,0.3455062322326701,0.015396867533846614,0.0748805098247477
2021-08-18,0.2584935969441812,0.30727470141150925,0.1967460078336849,0.6153169014084507,0.34455618714473113,0.015658174097664568,0.07140960976904698
2021-08-19,0.2775412212460245,0.4474898236092266,0.19548192771084338,0.6057205720572058,0.34622950819672127,0.013531440700451092,0.05679405520169856
2021-08-20,0.260300096480023,0.3450895279435703,0.1866907557964469,0.6260448746150462,0.3511800699300699,0.01432360742705574,0.0384717431679491
2021-08-21,0.2513906216979979,0.3002441008950366,0.17218543046357615,0.636243677149769,0.3521957614157746,0.02015380535666933,0.0273209549071618
2021-08-22,0.2484769950628923,0.2790130151843818,0.17333734577189286,0.6409410729991205,0.354084753167322,0.01511134676564152,0.02837443648899496
2021-08-23,0.25451028448204543,0.29005150447275685,0.17268351383874847,0.6612442295009893,0.36252456868311855,0.01563742380068911,0.02492046659597036
2021-08-24,0.24206574182420415,0.21111111111111114,0.17142857142857137,0.6736263736263737,0.3631004366812227,0.008214096449390529,0.02491386164855558
2021-08-25,0.26800786196015275,0.3419127607694392,0.18310282621767893,0.6816084377059987,0.3606199519755512,0.008741721854304663,0.03206147323794384
2021-08-26,0.26504815745719496,0.312296858071506,0.17613465584610766,0.6829964850615114,0.3640331732867743,0.025158898305084776,0.029668874172185444
2021-08-27,0.27597301265232593,0.3847820200379095,0.1884014423076923,0.6665934548649243,0.36548112590006543,0.009796134498279097,0.040783898305084776
2021-08-28,0.26942384578246653,0.3657282079047104,0.17662961850405523,0.6653491436100132,0.36780104712041883,0.010587612493382692,0.030447445062218748
2021-08-29,0.2742068032083133,0.38917456021650876,0.17987987987987986,0.6645444566410538,0.36902944383860414,0.01005557025668169,0.032556908417151975
2021-08-30,0.26418690029080993,0.3298160173160173,0.17982587811468032,0.6615452151009658,0.37265590928914083,0.008994708994709,0.03228367292934642
2021-08-31,0.2855064906547064,0.4441439004598323,0.1926770708283313,0.6565723063418916,0.3701765860039241,0.006876487701666267,0.042592592592592626
2021-09-01,0.27741686938837984,0.40292049756625203,0.19231923192319234,0.6507240017551558,0.36617262423714037,0.008461131676361755,0.043903729172176664
2021-09-02,0.27732147912293104,0.41551770748851036,0.18356328734253147,0.6560649265189734,0.3630420570930486,0.007930214115781098,0.037810682178741395
2021-09-03,0.26417360714833876,0.3589189189189189,0.1784107946026986,0.6379385964912281,0.35664488017429197,0.015063424947145854,0.03806502775574938
2021-09-04,0.26737915997617584,0.35909213726019995,0.17505995203836933,0.6500767375575531,0.35504247440644743,0.02615587846763545,0.03884778012684986
2021-09-05,0.26537506217515494,0.33414370610480826,0.1753071621216662,0.6519070583077597,0.35692508710801396,0.03354463814051767,0.04042272126816382
2021-09-06,0.2543007731770086,0.28787469619227657,0.16417016177351706,0.6504492658338812,0.3609841062486392,0.032215473989965715,0.030110935023771823
2021-09-07,0.2499712996530572,0.265658747300216,0.16112608565438757,0.6535933391761612,0.3550282977797127,0.036430834213305174,0.02799049379456031
2021-09-08,0.2823218475766323,0.3840755735492578,0.19850299401197602,0.6510405257393209,0.34733405875952117,0.03958828186856689,0.07338965153115096
2021-09-09,0.29749736887771366,0.4436049649217485,0.20383118826698599,0.6620674551029347,0.3461705831157529,0.04432717678100262,0.08498284507785692
2021-09-10,0.29884516097650754,0.46560561100620446,0.2019748653500898,0.6490037223560324,0.3445725473134653,0.045106831970456396,0.08680738786279685
2021-09-11,0.31711109896060696,0.49541531823085216,0.2135806162129823,0.6486427320490368,0.341670291431057,0.07120253164556967,0.132155104194144
2021-09-12,0.3080494654851602,0.43542733890536534,0.2120215311004785,0.6561610855767126,0.34507501630789306,0.07197469021882419,0.12763713080168781
2021-09-13,0.30523606996264235,0.42587601078167114,0.20568011958146493,0.6695842450765864,0.3576086956521739,0.07274644175013179,0.09992090693382549
2021-09-14,0.30444809910707454,0.39611964430072755,0.21398684997011352,0.6622183329687158,0.352749402303847,0.07509881422924902,0.12651555086979438
2021-09-15,0.2842564522115652,0.33836206896551724,0.20017926501344485,0.6506999125109362,0.34767492394611044,0.07744994731296106,0.09117259552042156
2021-09-16,0.2971557943155326,0.4276865068677619,0.196236559139785,0.6407172534441286,0.3462958939821855,0.09349486436660526,0.07850368809272923
2021-09-17,0.3013483972320825,0.462843295638126,0.19767094655120931,0.6252732837778749,0.3416594265855778,0.09689310163243814,0.08375032920726888
2021-09-18,0.2994700115375424,0.4201884253028264,0.20089552238805974,0.6382513661202186,0.34267100977198695,0.09739405106607002,0.09741969457609267
2021-09-19,0.28863447943629983,0.37701829924650165,0.1969561324977619,0.6315559440559441,0.34520191055145466,0.0976315789473684,0.08344301131876808
2021-09-20,0.2915148497851025,0.37315039009954265,0.20286396181384247,0.6290146384094385,0.35250705448230957,0.09839515916863983,0.0931578947368421
2021-09-21,0.31910748345048195,0.4179666487358795,0.2391887861616463,0.6251638269986893,0.3487413194444444,0.09600210415570753,0.18758221520652463
2021-09-22,0.36384425169588247,0.6138746974993278,0.2626714370900417,0.6103952828128413,0.3410718160121501,0.09124375493031822,0.26380852183061543
2021-09-23,0.32528593513530907,0.5443548387096775,0.231892697466468,0.5727074235807861,0.33904555314533624,0.09148264984227128,0.1722324480673153
2021-09-24,0.296105457463001,0.3907551733404999,0.2216924910607867,0.5867714472822528,0.34005638690088913,0.09303547963206305,0.1443217665615142
2021-09-25,0.32384388141079395,0.4957012358946803,0.24486148346738157,0.569402007856831,0.3382480485689505,0.09379926431949548,0.2010512483574245
2021-09-26,0.3276085691358729,0.5170561375235025,0.24627754615842767,0.5633864281038621,0.33969217429004983,0.09587601786183342,0.20336311087756176
2021-09-27,0.3244509650134801,0.534640171858217,0.24173861268234598,0.5523560209424084,0.341135674035544,0.08797268907563027,0.18886262148673494
2021-09-28,0.3215577929103039,0.47597315436241616,0.2494047619047619,0.5563794983642312,0.34062838569880827,0.09267524284589135,0.2142857142857143
2021-09-29,0.33480762635607264,0.510198604401503,0.2624218982445701,0.5453554295682512,0.33752166377816295,0.09685039370078741,0.25649776844316097
2021-09-30,0.34595151559558096,0.5900187818620874,0.2620464009518144,0.5441465009810333,0.3383149231102448,0.09472579375491996,0.2464566929133858
2021-10-01,0.29925441856888174,0.3945815450643777,0.23609872137972043,0.5542720139494333,0.3395409268081421,0.09207764952780695,0.17895565468381003
2021-10-02,0.2928317142191765,0.46741753821399834,0.20303210463733645,0.5497929832207452,0.34054990257631523,0.09415158667715706,0.10204616998950677
2021-10-03,0.27309765868097974,0.2959785522788204,0.20624071322436854,0.5745098039215686,0.3525974025974026,0.09360251704247513,0.11565696302124306
2021-10-04,0.2913511344822119,0.4210667381399089,0.20380273321449793,0.5589196253539533,0.36009521748539275,0.09541284403669725,0.10880964866282117
2021-10-05,0.2812584087790042,0.3847802786709539,0.19661419661419666,0.5513937282229965,0.35871916919082647,0.09564989517819711,0.10039318479685455
2021-10-06,0.2639470178895827,0.330297347977498,0.1820071258907363,0.5436533855867625,0.354531689379191,0.09719675137542572,0.07599580712788256
2021-10-07,0.2630358683744017,0.42474558114622385,0.1590976550905313,0.5043535045711798,0.34883217993079585,0.09193294918805661,0.049253340319622696
2021-10-08,0.2594834090092564,0.4010709504685408,0.16706231454005938,0.49009793253536454,0.34075675675675676,0.09007593610892906,0.06783656364588786
2021-10-09,0.27247950534915,0.5091006423982869,0.16671610797982794,0.45822454308093996,0.3348465196714224,0.0871727748691099,0.07881644409531285
2021-10-10,0.24580849044439,0.3516189456783516,0.16132858837485176,0.4711768544703067,0.33499027447590235,0.08741167233708458,0.06832460732984291
2021-10-11,0.24504991165236198,0.3218298555377207,0.1639490068188556,0.4841235319704219,0.3381590319792567,0.08843537414965985,0.07380266945825698
2021-10-12,0.24005749995654516,0.3460818400641883,0.15441612329579135,0.46314416177429873,0.33203715705335923,0.08762751765629084,0.057038199895342756
2021-10-13,0.2470712337140959,0.4141711229946524,0.1585185185185185,0.4356521739130435,0.3252699784017279,0.07792887029288698,0.0708867381637458
2021-10-14,0.22348752920438994,0.2780005346164127,0.15491706161137442,0.43707889589219734,0.3247678687108616,0.08104575163398697,0.06511506276150625
2021-10-15,0.2372733132971916,0.3907001603420631,0.15516730826177083,0.4050412863972186,0.3205958549222798,0.08259278619968635,0.06954248366013072
2021-10-16,0.22228786526745992,0.3344910499599252,0.1382474837181764,0.4075602867694981,0.31858407079646023,0.08570681996341778,0.04913748039728172
2021-10-17,0.2319648180938513,0.3763354700854701,0.13998224326723885,0.42484795829713295,0.3189469141130773,0.07471264367816088,0.05696367912202771
2021-10-18,0.21457127282121338,0.2766355140186916,0.13905325443786987,0.41346362649294244,0.3229773462783172,0.07965526247061894,0.05564263322884011
2021-10-19,0.21623385190595232,0.3101975440469834,0.13782904466134283,0.3981762917933131,0.31880931837791204,0.07519582245430811,0.05719509010185431
2021-10-20,0.2064010110235992,0.27515345609821196,0.12950916617386166,0.38680269155632735,0.31615268492559845,0.08170190550770029,0.04908616187989556
2021-10-21,0.20306872143735352,0.28175026680896476,0.12415016257759381,0.3700086805555556,0.31435963777490294,0.08194154488517746,0.04620203602192641
2021-10-22,0.22244397616043599,0.31128300880234727,0.13829787234042556,0.405510956823606,0.31127398146152185,0.08192016697104099,0.0863778705636743
2021-10-23,0.23693319813847138,0.29600000000000004,0.14593796159527328,0.46268980477223426,0.31271551724137936,0.08711528429838289,0.11714062092355859
2021-10-24,0.23454691652823403,0.3375099973340443,0.14382752510336683,0.4129256126653654,0.31351001939237233,0.08500651890482402,0.11450182576943135
2021-10-25,0.23401115871602748,0.3126332622601279,0.14644227930321818,0.4160884648742411,0.31667384747953464,0.10140771637122004,0.11082138200782266
2021-10-26,0.21972893688006756,0.21769251265654144,0.13724911452184174,0.45220030349013657,0.3157441309498169,0.1097211363044045,0.08576642335766427
2021-10-27,0.248024547051751,0.3337773042088439,0.1481262909412806,0.4646727351538795,0.31459948320413433,0.11047420531526841,0.11649726348709932
2021-10-28,0.25062382782506104,0.3254327563249001,0.15929203539823011,0.4522210184182015,0.3153928955866523,0.11044542849700445,0.1409588327253778
2021-10-29,0.24489330550909064,0.32348242811501593,0.14862872309053377,0.4540727902946274,0.31554024967714167,0.10677083333333337,0.12086480854389159
2021-10-30,0.23920648152875593,0.2632419483630556,0.14180424528301883,0.49339397877409574,0.31547234775123734,0.10674303566779486,0.11458333333333337
2021-10-31,0.24336904155967412,0.310803618946248,0.1458885941644562,0.45062797747942834,0.3162650602409639,0.10801665799062987,0.12861234053631865
2021-11-01,0.2578018917322371,0.3806863527533919,0.14731879787860935,0.4453344879844122,0.31920843192084314,0.1204787926099401,0.13378448724622594
2021-11-02,0.2443000663840773,0.34707446808510634,0.14815905743740798,0.38722943722943726,0.31612903225806455,0.11810613943808534,0.14910226385636227
2021-11-03,0.2328610110805509,0.2967295931932996,0.14045936395759717,0.39796580826660893,0.30918082132874647,0.11963589076723014,0.13319458896982306
2021-11-04,0.23538914628996274,0.2892078681552366,0.14100677068001177,0.40696668109043704,0.3078245915735167,0.12012480499219969,0.14720416124837454
2021-11-05,0.2517220825326411,0.37310656391177255,0.1489111241907004,0.38741077222582737,0.30582419944122075,0.1229529503509228,0.17212688507540297
2021-11-06,0.25640165878384397,0.3281083953241233,0.15239776404824945,0.4387975778546713,0.30876665234207135,0.12370062370062374,0.18663893943332466
2021-11-07,0.2610518928550539,0.3298804780876494,0.15117647058823525,0.45837837837837836,0.32051557465091296,0.12496752403221612,0.18139293139293144
2021-11-08,0.2637527713527867,0.3197026022304833,0.14289914730961484,0.5082144401210549,0.3314003436426117,0.1249350649350649,0.15536502987789036
2021-11-09,0.25448295497583295,0.3597026811786568,0.12639623750734863,0.4843311000648368,0.3289671462314795,0.1228252401973513,0.1046753246753247
2021-11-10,0.2412613243566073,0.29644373673036095,0.1284161034381428,0.45937770095073466,0.3203091455560326,0.12512980269989615,0.11789145676447677
2021-11-11,0.2555454544933548,0.32608118864420266,0.13748531139835485,0.46424713761071507,0.32174286327538093,0.12509732675837015,0.1586188992731049
2021-11-12,0.2577936559840939,0.29655172413793107,0.137151248164464,0.4995680345572354,0.3272532188841202,0.12610275038920604,0.16013495977160652
2021-11-13,0.2678453308349224,0.36886767435693446,0.14151497357604226,0.4649103865255884,0.32589573052992915,0.12607003891050583,0.17981318111053446
2021-11-14,0.26729201760349125,0.3191940615058324,0.14088641033167004,0.5077720207253886,0.33268983268983265,0.1262966804979253,0.17691309987029835
2021-11-15,0.2666035381691962,0.3026769149218129,0.1390845070422535,0.5253615368012087,0.3394810208020588,0.12548612911589319,0.16753112033195017
2021-11-16,0.28158158659880805,0.3396926338102809,0.146963919037841,0.5440224428139836,0.34305317324185247,0.12389839294971483,0.1918589577391755
2021-11-17,0.30355461207174733,0.37960264900662255,0.1653958944281525,0.535059331175836,0.34083601286173637,0.12645763151075406,0.273976153447382
2021-11-18,0.30994755145720415,0.38691737288135597,0.1662269129287599,0.5442191544434858,0.3433347621088727,0.12875647668393786,0.2902306296968127
2021-11-19,0.3330120625267507,0.45035742652899124,0.18405627198124264,0.5428078499029545,0.3449753589029355,0.12069412069412067,0.35518134715025906
2021-11-20,0.33422643785385414,0.4695606140815246,0.17697040726633462,0.5478654592496766,0.3479005998286204,0.11936820300362505,0.3436933436933437
2021-11-21,0.3185610609428193,0.41280762106377344,0.16900995899238425,0.5345979737012287,0.3566074105804241,0.11778410561739583,0.32055929570170894
2021-11-22,0.32819028939651534,0.48730158730158735,0.1718887262079063,0.5045258620689655,0.36124197002141323,0.11878881987577639,0.32539477090344293
2021-11-23,0.33876576252561,0.47606453319227715,0.19145199063231855,0.5233785822021116,0.35880967672875186,0.11384217335058211,0.36904761904761907
2021-11-24,0.3367018870312754,0.5060814383923851,0.18290898448931814,0.511632916846187,0.35338184931506844,0.11329539575788927,0.3529107373868047
2021-11-25,0.31160887500057427,0.3962463653185303,0.18636629607957866,0.46457032091320266,0.3509522790498609,0.11145590897336433,0.36006207966890846
2021-11-26,0.32200292567614575,0.5031712473572938,0.17490494296577952,0.4433677863910422,0.34745400085579803,0.11659772492244058,0.3465218515645203
2021-11-27,0.34811420595228,0.554557463672391,0.2099415204678362,0.42669537136706137,0.3437433155080214,0.10441974670457488,0.4493278179937953
2021-11-28,0.3355961043477229,0.4933967247754887,0.2066647179187372,0.42574257425742573,0.34709153122326775,0.1049095607235142,0.43577151718790386
2021-11-29,0.3154844413116948,0.48376023237391075,0.18936294564582112,0.3742199268345169,0.35385931152448147,0.10462412813226551,0.3870801033591731
2021-11-30,0.31092088256212963,0.4577613516367476,0.18463336254747298,0.38339070567986233,0.35100470286447205,0.10614669421487599,0.3825884784293464
2021-12-01,0.32326204777378004,0.5146476642913698,0.19304906542056077,0.3828780382878038,0.346441547339175,0.10327911179963856,0.3992768595041323
2021-12-02,0.3211854742318321,0.4981530343007916,0.19328467153284667,0.3909677419354839,0.33995726495726497,0.10273618998451217,0.40201394268009294
2021-12-03,0.3084889273152944,0.4209970983909259,0.19819030939871574,0.37131799612986455,0.33903012176885283,0.10399999999999998,0.4173980382034074
2021-12-04,0.31829633887597647,0.4066455696202531,0.21534870148818208,0.3594153052450559,0.3425886373344724,0.10319917440660475,0.4825806451612903
2021-12-05,0.36849848071466323,0.5238597416293171,0.24824970828471415,0.3797549967762734,0.34166132820841344,0.10523600722207893,0.6122291021671826
2021-12-06,0.3558424343198167,0.4754876120189774,0.24701079031787698,0.36269875376020627,0.3390264730999146,0.10830324909747291,0.6025277276244518
2021-12-07,0.340334548717117,0.4353096179183136,0.2387755102040816,0.3609022556390977,0.3378868729989327,0.10208816705336432,0.5670448684889118
2021-12-08,0.3519278635680934,0.5134351949420443,0.23928883707373938,0.3331185567010309,0.3371745625266752,0.11443298969072169,0.5741170404743491
2021-12-09,0.34947539943553263,0.4556228601527522,0.24038461538461542,0.36203564526519216,0.3473437166631107,0.11363050760113369,0.5778350515463917
2021-12-10,0.3789278633561631,0.5147446024223276,0.26623944072240024,0.3707599828252469,0.36070819112627983,0.11282843894899541,0.6482865240917289
2021-12-11,0.38729964728836846,0.5498815477757304,0.2705299941758882,0.3672461901695643,0.3685220729366603,0.10661859387071848,0.6609994848016487
2021-12-12,0.3767304251684683,0.5463157894736842,0.2532751091703057,0.34399141630901287,0.37590618336886994,0.10839340885684856,0.6325006438320886
2021-12-13,0.3803850857208541,0.5782688766114181,0.24505238649592553,0.3640849603089466,0.3820081006182051,0.11119691119691122,0.6016992790937179
2021-12-14,0.400176424152773,0.6049447659126775,0.27931335466977014,0.3462033462033462,0.37809036658141515,0.11142563046834797,0.681081081081081
2021-12-15,0.38320014834151817,0.5719169077044439,0.2670157068062827,0.3227535921080849,0.376092051992329,0.1116542320555699,0.6497683993823984
2021-12-16,0.37869744135722433,0.5896424815983176,0.2622855481244548,0.29180960548885077,0.37622496804431194,0.11291152263374482,0.6393105222536661
2021-12-17,0.39843535757878595,0.7090670170827857,0.273546511627907,0.25616291532690244,0.37614483493077744,0.11391103111339673,0.6617798353909465
2021-12-18,0.38530662508837965,0.5890698896479243,0.28451031676838123,0.24817831118731248,0.37627768313458265,0.11799485861182524,0.695808691180252
2021-12-19,0.391791767778987,0.6527449435250854,0.28152237071470076,0.23419755731733446,0.3776878858846072,0.11436648676432792,0.6902313624678663
2021-12-20,0.3832042029062177,0.5853466386554622,0.28260238164391516,0.2512853470437018,0.3835674755214985,0.1166495375128469,0.6797738370598818
2021-12-21,0.38417638874168,0.5991073772643738,0.282520325203252,0.244591989719426,0.38518833794424345,0.11302337528898021,0.6806269270298047
2021-12-22,0.36805508077139554,0.5186351706036745,0.26298984034833095,0.2897216274089936,0.38489361702127656,0.1127375449409348,0.6393526843051631
2021-12-23,0.3804507735498028,0.5717659406979796,0.26784677887405683,0.2937272532648255,0.38693894915975324,0.11424903722721436,0.6481766820749872
2021-12-24,0.3671303548100428,0.5367261280167891,0.24688134609805623,0.320847602739726,0.38898341131433434,0.10651950718685832,0.6028241335044929
2021-12-25,0.37093921298983484,0.5413060582218725,0.24738979118329463,0.3299807404237107,0.38932596215181803,0.10289966641005899,0.6147330595482546
2021-12-26,0.3774380295235238,0.5587309910854745,0.25050739344737605,0.35109114249037227,0.39710884353741494,0.08132375577219086,0.625866050808314
2021-12-27,0.38649537666030226,0.6002621231979031,0.24956521739130433,0.3653475935828877,0.40807651434644,0.0802769941010516,0.6154438173422268
2021-12-28,0.37718285441776783,0.5552935010482181,0.2503622138510576,0.37254063301967494,0.40012749681257964,0.068974358974359,0.6157989228007181
2021-12-29,0.40754422545900576,0.6298139900445376,0.2818655851680185,0.3887107119948685,0.38899511366050565,0.06818764419379642,0.6876923076923077
2021-12-30,0.41054118402929457,0.606338397066527,0.2948161019403417,0.39589568191534846,0.3848768054375531,0.07022039979497696,0.7110997180210202
2021-12-31,0.42507094084757563,0.7069913589945012,0.2898089171974523,0.3870485146398803,0.38033552771289025,0.08634383807327695,0.6998974884674526
2022-01-01,0.41828747959168755,0.5958115183246073,0.29753979739507963,0.4096153846153846,0.38280254777070066,0.10117827868852458,0.7227773507558288
2022-01-02,0.4029800296591317,0.5006542789845589,0.28530092592592593,0.4372997222815638,0.39291021014646577,0.10448143405889887,0.697233606557377
2022-01-03,0.4117571832188614,0.5607012035583464,0.28868961527335846,0.42909013242204186,0.3951612903225806,0.10215053763440862,0.6947503201024328
2022-01-04,0.4224144486106298,0.6233324614177347,0.29901677270098326,0.4099935938500961,0.4031402503713134,0.09188635781929866,0.7071172555043523
2022-01-05,0.4215080292914221,0.6090481171548117,0.3055796472969067,0.3928266438941076,0.41281289775137886,0.09314227226202665,0.7156385973893012
2022-01-06,0.43296830953951204,0.6222222222222222,0.3404624277456647,0.36776947705442903,0.4053022269353128,0.09490918393451009,0.7671443193449334
2022-01-07,0.43521438329717316,0.6377417668583376,0.3461427333140711,0.3657703798548869,0.3980067854113656,0.09130434782608698,0.7723202865182911
2022-01-08,0.4423777553548165,0.6848706558662138,0.3729058347775852,0.32600810753147,0.39198643205427175,0.08258757351061108,0.7959079283887468
2022-01-09,0.43497292241981894,0.6640543364681295,0.37048801617095006,0.30908703071672355,0.39253921153030946,0.08077709611451944,0.7928918435182818
2022-01-10,0.43345184107598206,0.6748498302428833,0.3700923787528868,0.29750479846449135,0.3947870311506675,0.07794531050345,0.7855316973415133
2022-01-11,0.4305946730550909,0.6712793733681461,0.37229437229437234,0.28720682302771855,0.3900423728813559,0.07843638221768012,0.7843087145412727
2022-01-12,0.4187501575519906,0.6071521795875751,0.3545874206578188,0.29332764868897887,0.3869942808726965,0.10012771392081732,0.7703117015840573
2022-01-13,0.4166398701962612,0.656054279749478,0.34006345543697725,0.2872975277067349,0.38860652265988993,0.09473953013278857,0.7330779054916986
2022-01-14,0.41142450160127025,0.5491781894077745,0.3615916955017301,0.3162156403153633,0.3927588397205166,0.08884350268062291,0.7599591419816139
2022-01-15,0.41829137750233175,0.5998956703182055,0.3522628999711732,0.33276523221133364,0.3956392887383573,0.08167432363450744,0.7475108501404135
2022-01-16,0.42587328673242514,0.5807040417209909,0.35100864553314126,0.3961661341853035,0.4078306878306879,0.08063281449349324,0.7388973966309341
2022-01-17,0.4250563132112581,0.555526590198123,0.35350043215211757,0.4086456558773424,0.41895895048666953,0.08520408163265303,0.728502168920643
2022-01-18,0.4481197365677148,0.6062027625749283,0.3735599078341014,0.4477325952735789,0.42119737677173685,0.0989543483805152,0.7410714285714286
2022-01-19,0.4547439274253306,0.6933298593017196,0.3708609271523179,0.4157088122605364,0.4179357021996616,0.10657827638959716,0.724049987248151
2022-01-20,0.44274790928722174,0.5774941390987236,0.37881404720782963,0.4354117897424984,0.4231338549376189,0.11292378281927096,0.7287098419173891
2022-01-21,0.44697478460664297,0.59921875,0.39165467625899275,0.4065957446808511,0.42536997885835093,0.10550458715596334,0.7535049706856998
2022-01-22,0.49243393631841204,0.7979692788336371,0.4341196777905638,0.39204424590512654,0.42274360600295924,0.07999999999999996,0.8277268093781855
2022-01-23,0.4974060073506635,0.819104633003644,0.452689099798677,0.36303700552956186,0.4209636517328825,0.08150789607743247,0.8471337579617835
2022-01-24,0.4834930484324486,0.770752016653656,0.4378953421506613,0.363597703593451,0.42552292414958803,0.07486631016042777,0.8283239938869078
2022-01-25,0.47211579482865024,0.7278876170655567,0.43317045127910314,0.3562925170068027,0.4207858048162231,0.06924643584521384,0.8253119429590018
2022-01-26,0.47169096438046076,0.7157347204161248,0.4298850574712644,0.3757704569606801,0.4190073917634636,0.06922881140239245,0.8205193482688391
2022-01-27,0.485776029418306,0.8088923556942278,0.43320884803217463,0.3567785805354866,0.41913006756756754,0.07659033078880406,0.8200559938915755
2022-01-28,0.48830857345448186,0.8021835196256824,0.4299253302699598,0.35946462715105165,0.4268524382520583,0.09768506741287208,0.8137404580152672
2022-01-29,0.46786573020549227,0.689968814968815,0.41975308641975306,0.3695836873406967,0.4311945968763191,0.09511698880976605,0.8015772068176037
2022-01-30,0.4810891108908996,0.7074564822031697,0.4173363949483353,0.40751751964323635,0.4412323274952522,0.11568777015001275,0.7973041709053916
2022-01-31,0.48314127751872776,0.7251948051948052,0.4186513629842181,0.39787685774946924,0.45021097046413505,0.10854092526690395,0.7983727434528349
2022-02-01,0.47381988227183625,0.7283822383796417,0.41451520367183015,0.358734875822543,0.44146804471630463,0.11232528589580681,0.7874936451448907
2022-02-02,0.4624768213677184,0.6726375908618899,0.4126756524232865,0.3656621392190153,0.4342049768030367,0.10696138211382111,0.7827191867852605
2022-02-03,0.48201838634598354,0.7111341811575396,0.4366399082568807,0.3914704010184596,0.4349567784102888,0.10998221996443991,0.8079268292682926
2022-02-04,0.4869807061603912,0.7343020238713025,0.43622814560045864,0.4062367416207043,0.4388701517706577,0.10487557135601833,0.8013716027432055
2022-02-05,0.46840496131304876,0.7444876783398184,0.3931232091690544,0.4084835630965005,0.43983140147523714,0.10357958872810358,0.7209243270695784
2022-02-06,0.47207740638889123,0.7925311203319502,0.3907189916929247,0.3929177268871925,0.43784239359460597,0.10888324873096444,0.7095709570957096
2022-02-07,0.442532777531234,0.6178376976925071,0.381729667812142,0.4339622641509434,0.44428059827259325,0.0974371986805379,0.6799492385786803
2022-02-08,0.44391335987657854,0.6721099015033696,0.36301173776123674,0.4457397202204324,0.43765796124684075,0.10933536276002032,0.6356254757675717
2022-02-09,0.43445417876261977,0.6058564394920964,0.35947338294218656,0.4721339266793812,0.42956411876184464,0.11361907177276187,0.6260781329274481
2022-02-10,0.4409413816035252,0.6471502590673575,0.3542203147353362,0.486228813559322,0.4258947368421052,0.1161257606490872,0.6160284047679432
2022-02-11,0.4414972557975318,0.6306656306656306,0.3721395881006865,0.4706629951281508,0.41591243948642387,0.12623574144486693,0.6333671399594321
2022-02-12,0.4569965936942945,0.665458311755567,0.3860451815842151,0.48602287166454894,0.4093013468013468,0.1259503294475418,0.6692015209125475
2022-02-13,0.433757270386611,0.5288635775304168,0.38965122927387075,0.4770273131484226,0.4077424784346728,0.12389156321256656,0.6753674607197162
2022-02-14,0.4443209701613482,0.6125776397515528,0.38982566447556444,0.4714225232853514,0.4084981068573833,0.12335359675785207,0.6602482898403851
2022-02-15,0.43130972047365174,0.6232858990944372,0.3831428571428571,0.4194708994708995,0.3995793901156677,0.12661433274246647,0.6357649442755826
2022-02-16,0.39946129618928045,0.5356958096223488,0.3610397029420166,0.40880236986881086,0.39108494533221194,0.1275949367088608,0.5725500126614333
2022-02-17,0.4067702926084011,0.5981380915438324,0.3703597944031982,0.38883012481489315,0.39016186672272446,0.12908124525436593,0.5640506329113923
2022-02-18,0.44163930601407503,0.6331437435367115,0.40393948044533257,0.43274111675126903,0.39113072719630093,0.13208502024291502,0.6567957479119211
2022-02-19,0.4564714631813492,0.7410183509950892,0.4095319634703196,0.39014590822584055,0.3864257196890103,0.1345813306349608,0.6771255060728745
2022-02-20,0.44291544471956046,0.6700258397932817,0.409700427960057,0.38414376321353066,0.38844537815126046,0.1342943854324734,0.6708828737667594
2022-02-21,0.462994883514612,0.7212606561611987,0.4281232173416999,0.4003381948848024,0.39823566477630745,0.13426042983565112,0.6957511380880121
2022-02-22,0.49001550013600975,0.8298037190082644,0.4530938123752495,0.3989856297548605,0.39857202855942886,0.1324570273003033,0.727180783817952
2022-02-23,0.4594458294161085,0.686547895688097,0.43586088939566703,0.41178956264525673,0.39869829939114,0.1329289866060147,0.6908493427704752
2022-02-24,0.4685930366975078,0.7150232318017553,0.45141065830721006,0.4032530629488804,0.4061712846347607,0.1351692774128348,0.7005307050796057
2022-02-25,0.46123977719873216,0.7780645161290323,0.43675213675213675,0.3630411826821542,0.4033578174186778,0.1293255872695125,0.6568974229408793
2022-02-26,0.4538788736270769,0.7487100103199175,0.4212475078325263,0.37880067567567566,0.40516156105749057,0.12954545454545452,0.6398080323313968
2022-02-27,0.4627605241155642,0.7954604075315966,0.4248291571753986,0.37048765041165294,0.41283826305852733,0.12724059580913916,0.6457070707070707
2022-02-28,0.46281382922865744,0.7650850954100051,0.45061201252490746,0.34107218235542425,0.41883389261744963,0.1307420494699647,0.6705377429941934
2022-03-01,0.3947428723538399,0.608662026295437,0.3884462151394422,0.3167334880776535,0.42314950723422096,0.13171839515518546,0.4997476022211005
2022-03-02,0.38072464152300817,0.5724226804123711,0.3749644381223328,0.3289029535864979,0.41132075471698115,0.13118062563067612,0.46555639666919
2022-03-03,0.3953018600734414,0.6634887915485699,0.37912400455062567,0.3395908036279266,0.38545378327394675,0.13442622950819672,0.4697275479313825
2022-03-04,0.396170371255348,0.6342091705306543,0.3952232015922661,0.33192745676929564,0.3801341156747695,0.13035804336863344,0.5051702395964691
2022-03-05,0.4302703782775,0.7303631212979655,0.4292211483797612,0.3031836390470167,0.3760737481667714,0.13208974035795307,0.610690872415532
2022-03-06,0.4321147924880135,0.7996910401647785,0.42597328786587096,0.2696037099494098,0.3734813573523251,0.13256048387096775,0.591378875724729
2022-03-07,0.43648362499939014,0.7773487773487774,0.44289772727272725,0.28071654373024235,0.37780104712041884,0.13378684807256236,0.6063508064516129
2022-03-08,0.43323862469551,0.7012352032938755,0.4507242260721386,0.3242730720606827,0.3840033500837521,0.13148614609571785,0.6077097505668934
2022-03-09,0.41943072513447605,0.6897350141497298,0.4400908574673481,0.297029702970297,0.3824576093782709,0.1334676403928482,0.5738035264483627
2022-03-10,0.39608139797154657,0.6810699588477367,0.4013624751632132,0.2986520640269587,0.3855169526998744,0.13897280966767367,0.47091412742382266
2022-03-11,0.41203725172328526,0.6891231679094882,0.42820658342792284,0.26721415034744156,0.3885750156936597,0.15655675811729175,0.5425478348439073
2022-03-12,0.42541432229835713,0.7341902313624679,0.4408510638297872,0.2591578947368421,0.3926778242677824,0.15576245596376448,0.5698464636294991
2022-03-13,0.41614749257562594,0.6491904394757132,0.4395916052183778,0.2708903388760261,0.4158125915080527,0.15647798742138364,0.5649219929542023
2022-03-14,0.4329435198683178,0.6885919835560124,0.45789622908987804,0.2687289562289562,0.42952739439565035,0.15669014084507038,0.5962264150943396
2022-03-15,0.4006929138494721,0.6478294374518366,0.4285714285714286,0.2219650746896697,0.42901944386368385,0.1541362836308775,0.522635814889336
2022-03-16,0.411987605558273,0.7193117616846431,0.43525077925758004,0.20193521245267143,0.4260033444816054,0.15862242332830567,0.5308021121448327
2022-03-17,0.3849112075404116,0.6213093709884467,0.4130311614730878,0.20504731861198738,0.4275862068965517,0.16210103040965063,0.48039215686274506
2022-03-18,0.3817692698963023,0.6103696098562628,0.4146134239592183,0.187973086627418,0.42854157960718764,0.15979899497487438,0.4893189243528525
2022-03-19,0.38274870823929824,0.6540928919681807,0.4051528878822197,0.1772125289047719,0.4261541675370796,0.15850288872142682,0.47537688442211057
2022-03-20,0.3711277229635313,0.6067213955874808,0.40249080101896406,0.1626733921815889,0.4291979949874687,0.1569563033651431,0.4687264506405425
2022-03-21,0.38045710968457325,0.619902539112593,0.4142614601018676,0.17545702878756042,0.4345374817289622,0.15792116495104191,0.48066298342541436
2022-03-22,0.38399666993809856,0.6253846153846154,0.4164073550212164,0.17542016806722688,0.4315240083507307,0.16365461847389562,0.4915892543309064
2022-03-23,0.37342100032660586,0.6231735452448091,0.4018665158371041,0.16803192606595252,0.424754748486746,0.1661229611041405,0.45657630522088355
2022-03-24,0.37479360767380365,0.6304459251665813,0.4003392705682782,0.18143637127257456,0.42654424040066774,0.16658304064224783,0.4434127979924718
2022-03-25,0.3640584819992753,0.6243914937227774,0.3908988128886377,0.1664917069074113,0.41957020655122057,0.16729370453975423,0.4157049673858505
2022-03-26,0.3542078622570699,0.5783811475409837,0.3888103984176321,0.16540722082283796,0.4140592407175636,0.16499498495486464,0.41359418108853774
2022-03-27,0.3550338447365153,0.5605633802816901,0.3872881355932203,0.18530954879328437,0.4208550573514077,0.16645775883680125,0.40972918756268806
2022-03-28,0.35522315589323067,0.6372247823860727,0.3592205591640779,0.17498950902224086,0.42723102585487904,0.16716791979949874,0.36550513913261473
2022-03-29,0.3388350192416178,0.5334015868953161,0.3509316770186336,0.19446192573945878,0.4244319366270586,0.16587321473314953,0.3639097744360902
2022-03-30,0.3455904761213824,0.5598771750255885,0.34801016088060965,0.21078020134228187,0.42121717382242596,0.1703406813627254,0.36331746429466294
2022-03-31,0.3528857819789537,0.6157585060117677,0.35750564334085777,0.18892849654015517,0.4163367368201709,0.16904583020285502,0.3697394789579158
2022-04-01,0.3584783169114682,0.6214833759590792,0.3794076163610719,0.16477987421383647,0.41874999999999996,0.16900350525788688,0.3974455296769346
2022-04-02,0.3568965262992063,0.6026591664535924,0.3725324309080654,0.1678893313770698,0.4332430743595085,0.16971214017521907,0.39534301452178267
2022-04-03,0.36382814620936726,0.6270449897750512,0.37581054412179304,0.16387259010896899,0.4423157017909205,0.1694194194194194,0.4045056320400501
2022-04-04,0.3599888891098693,0.6064400715563506,0.3717587373167982,0.16928556463440184,0.44867790963980847,0.17087815861896427,0.39289289289289286
2022-04-05,0.3542041388996573,0.5419008686765457,0.37024513947590876,0.20695433598659405,0.45024979184013325,0.16883441720860426,0.3870402802101576
2022-04-06,0.36884200314576027,0.5925925925925926,0.38084507042253524,0.21675392670157068,0.4491155046826223,0.1677919479869967,0.40595297648824413
2022-04-07,0.3812411372338275,0.6026557711950971,0.40382990706843147,0.19891122278056952,0.4519350811485643,0.17074999999999996,0.4593648412103025
2022-04-08,0.3859143489711669,0.6443706918560123,0.4028716216216216,0.19719489219175215,0.4518410651133763,0.16870782304423892,0.4505
2022-04-09,0.3997308085685691,0.680193976518632,0.41767520405291303,0.1938049393051486,0.449667221297837,0.1689155422288856,0.48812796800799796
2022-04-10,0.387414789516963,0.5993875988772646,0.4122115925717501,0.2071563088512241,0.4580993969640258,0.1693729702722958,0.4782608695652174
2022-04-11,0.3995630082458946,0.6515306122448979,0.41884669479606185,0.2098326359832636,0.4632016632016632,0.17232767232767232,0.4816387709218086
2022-04-12,0.42590752089938827,0.7110431012496812,0.46034870641169856,0.19096423342396987,0.45811681563084594,0.1710362047440699,0.563936063936064
2022-04-13,0.4057692474678642,0.6279959204487506,0.45319089120044986,0.18736930154746967,0.4519950124688279,0.1722416375436845,0.5418227215980025
2022-04-14,0.4050842175813411,0.6642875350497068,0.43507588532883645,0.2011289985364834,0.44733014751714106,0.1729473421512353,0.509735396904643
2022-04-15,0.424388971765147,0.6954638124362895,0.4579938184883394,0.21383779264214048,0.4453676776069796,0.1813872255489022,0.5522835038682306
2022-04-16,0.4062996078742039,0.6035668789808917,0.4466292134831461,0.21358411703239288,0.4477673935617861,0.1898228984784236,0.5364271457085829
2022-04-17,0.4241682611013023,0.7060621497707591,0.4498736310025274,0.2070622649394066,0.45245016611295685,0.18852867830423936,0.5410326764779247
2022-04-18,0.4157235030797745,0.5905271199388846,0.46209994385176867,0.2348025903488615,0.46356653518787627,0.18723510346547,0.5561097256857855
2022-04-19,0.42300754597134066,0.699847250509165,0.44541117036205446,0.22201336675020886,0.4595267745952677,0.189431704885344,0.5218150087260035
2022-04-20,0.4155601078862808,0.7396284041740901,0.4335016835016835,0.18960116934641888,0.4507159161651795,0.18714178918514823,0.49277168494516455
2022-04-21,0.3925207153935733,0.5852417302798982,0.43646563814866757,0.19624217118997914,0.453941908713693,0.18659691081215746,0.4966359332170446
2022-04-22,0.40221412157714687,0.5721190536759094,0.45681435782389235,0.2126904612815696,0.4569591371084837,0.18729763387297638,0.5274040857000498
2022-04-23,0.42531837602876066,0.7141403865717193,0.46425567703952897,0.1934474123539232,0.45458316051430947,0.18326693227091628,0.5422166874221669
2022-04-24,0.4126221770752913,0.5985252987541316,0.46580717488789236,0.22136448988107657,0.4629898403483309,0.1822255414488424,0.5448207171314741
2022-04-25,0.41029792342652155,0.5767666497203864,0.4673578033062482,0.23529411764705882,0.468698175787728,0.18442010950721754,0.5292506845904904
2022-04-26,0.4000659363106409,0.5888182973316392,0.4585434173669468,0.2173096976016684,0.4652849740932643,0.17516795222692216,0.49527127924340464
2022-04-27,0.44069735819636396,0.71875,0.4788574628955474,0.23269391159299416,0.46125155408205554,0.1751243781094527,0.5775068424981339
2022-04-28,0.4069114932546585,0.5803911607823216,0.47032474804031354,0.2218052949760267,0.4617775015537601,0.1755782143745337,0.531592039800995
2022-04-29,0.4255800262905529,0.7295581513458609,0.4662748390708088,0.2063359733222176,0.4577464788732394,0.17628045748383891,0.5172842576473514
2022-04-30,0.42822136391913146,0.6577811627316578,0.47677672076105204,0.24713481975411544,0.45620211223855867,0.17499378573204072,0.5564395822973645
2022-05-01,0.4432137201025442,0.6715736040609137,0.4855944055944056,0.2875,0.46645962732919255,0.17370775347912526,0.5744469301516282
2022-05-02,0.42858584285071366,0.5983252981476783,0.47818791946308725,0.31368464903145177,0.4773338853239495,0.17118012422360251,0.5328031809145128
2022-05-03,0.4364500041795955,0.6179604261796043,0.4777746715124406,0.34631403581840897,0.48302980132450335,0.17511177347242923,0.5185093167701864
2022-05-04,0.4549669885505833,0.6677656606644686,0.48770262716601454,0.3547782635852592,0.4843782329815849,0.1768065557486963,0.5583705911574763
2022-05-05,0.43169010512991624,0.6528904665314401,0.4696842693489801,0.3182764363030808,0.482829954489036,0.16757696127110233,0.498882542835858
2022-05-06,0.4556005940016283,0.6583016476552599,0.49581005586592175,0.31779396462018733,0.47176835573940024,0.16381236038719282,0.6261171797418074
2022-05-07,0.46866401162119287,0.7369488089204257,0.4981848645629713,0.3089887640449438,0.46546732837055416,0.15334987593052107,0.6490444278977414
2022-05-08,0.4735655705599049,0.7398023815556118,0.5011166945840313,0.3220303723736218,0.4618565226379988,0.15256760109154055,0.6640198511166253
2022-05-09,0.4806073180460093,0.713272543059777,0.507116941110801,0.3440099833610649,0.46341463414634143,0.15004960317460314,0.7057802034234681
2022-05-10,0.49742018732175186,0.7852620916687769,0.5477120535714286,0.3393636930754835,0.44141351518908867,0.05628564344160669,0.814484126984127
2022-05-11,0.49512529451103354,0.779493670886076,0.5422594142259414,0.34906444906444906,0.4291322314049587,0.0555280118988597,0.8152739895859162
2022-05-12,0.5187819400022295,0.8410528980005062,0.5666480758505299,0.3782997297859073,0.41272464366866346,0.05997521685254026,0.8539910758552305
2022-05-13,0.5169291057085155,0.8666497975708503,0.5648173961527739,0.364713216957606,0.3800082610491532,0.06764122893954405,0.8577447335811648
2022-05-14,0.5089476604012831,0.8117885150518593,0.5621516164994426,0.39559526282983587,0.363204625232294,0.0621748823383701,0.8587710604558969
2022-05-15,0.5130401153452198,0.832574607991907,0.555586514349401,0.40735355213959284,0.3488852188274154,0.08469539375928681,0.8491454050037156
2022-05-16,0.5099322331688537,0.8811630847029077,0.5412256267409471,0.38359293873312567,0.33684210526315794,0.08417925229017087,0.8325903912828133
2022-05-17,0.5035399778078445,0.7505055611729019,0.5580618212197159,0.4426910299003322,0.3252166735451919,0.09504950495049502,0.8497152760584303
2022-05-18,0.5036311660915908,0.8069244377053323,0.5509465478841871,0.41478098401494706,0.3164844233546523,0.09156149467953478,0.8410891089108911
2022-05-19,0.5261391252242679,0.8734209196563921,0.5702755357639855,0.44499792444997927,0.30899339933993397,0.08708560118753095,0.8720613709477852
2022-05-20,0.5251515345782761,0.8923970699671634,0.5550918196994992,0.48163519402365634,0.3054237987213858,0.067524115755627,0.8488372093023255
2022-05-21,0.5233623089991072,0.8871212121212121,0.5657858136300418,0.454149377593361,0.29546391752577317,0.06676557863501487,0.8708879544892407
2022-05-22,0.5097023228850653,0.8578641757132037,0.564238042269188,0.4111180253059531,0.2925170068027211,0.06427688504326334,0.8681998021760633
2022-05-23,0.511430248398153,0.8917213528520949,0.5551848762857937,0.4158025715470759,0.2914262159934048,0.06401384083044981,0.8504326328800988
2022-05-24,0.4978497712751082,0.7840020186727227,0.5680933852140078,0.4072154260833506,0.2878631774160313,0.0649864096861873,0.874938210578349
2022-05-25,0.5067016163849933,0.9106962663975782,0.5621005834954154,0.357379767827529,0.28244746600741655,0.061017786561264775,0.866567828020756
2022-05-26,0.4907190825478887,0.8295081967213115,0.5633333333333334,0.34922279792746114,0.2778578784757981,0.06001481847369716,0.8643774703557312
2022-05-27,0.4945794286061637,0.8398890569843671,0.5670647042488197,0.34687111479486116,0.2761532125205931,0.06864197530864202,0.8688565077796987
2022-05-28,0.49459828466669653,0.8600957902697253,0.5794003331482509,0.3088875077688005,0.2715668107885526,0.06097259935818311,0.8866666666666667
2022-05-29,0.4904276118378505,0.8225806451612903,0.5717457674160422,0.3287075393537697,0.27212844792095514,0.06934846989141163,0.8780548012836337
2022-05-30,0.48231563767468266,0.8153187200806249,0.5665926748057714,0.30586042658935597,0.2735130685326199,0.06859116703676293,0.8640177690029616
2022-05-31,0.4574477415657882,0.7483627204030227,0.5381414701803051,0.28923395445134575,0.2728395061728395,0.07104094721262955,0.8250678509745868
2022-06-01,0.4530257005902613,0.782926215059179,0.5366056572379367,0.23887393914303456,0.26928615511211684,0.06609124537607891,0.8243709916132215
2022-06-02,0.46349331104713754,0.8471802618328298,0.5625173274189077,0.19308774834437087,0.26573426573426573,0.05473372781065089,0.8577065351418003
2022-06-03,0.46062201101230144,0.8776743015353637,0.5562638580931264,0.16780467618456446,0.26259510590170676,0.057431599704214964,0.8419625246548323
2022-06-04,0.45941251007498524,0.828887770508304,0.5658077029648102,0.16921803889118742,0.2611019736842105,0.0685066535239034,0.8629529208774958
2022-06-05,0.45994203716510224,0.8372327044025157,0.564819944598338,0.15739400206825233,0.2633093525179856,0.07514166050751414,0.8617545588960078
2022-06-06,0.456526837030965,0.8151408450704225,0.5632788701190805,0.1586021505376344,0.2657213316892725,0.08004926108374388,0.8563685636856369
2022-06-07,0.44402027232882896,0.7704299723409606,0.5448504983388704,0.15815588174488318,0.2660776659132936,0.09308052203890671,0.8315270935960591
2022-06-08,0.4352365792902635,0.7254901960784313,0.5474674785496817,0.15088879702356345,0.26663927691043554,0.0881339241752831,0.8327998030041861
2022-06-09,0.4334034685285942,0.6783111334506158,0.5605976757055894,0.15788386030171522,0.2711028958718422,0.08245139059808027,0.8500738552437224
2022-06-10,0.4551976407881033,0.8113065326633166,0.5629322268326418,0.1487603305785124,0.2739219712525668,0.0821850393700787,0.8520797440315038
2022-06-11,0.4632354032480319,0.8246671690530017,0.5799225663716814,0.14005370791158853,0.278587559022788,0.07872078720787212,0.8774606299212598
2022-06-12,0.46889006315272047,0.8151682571572074,0.5946917334807852,0.14849235852953324,0.2867405582922824,0.07402852926709291,0.8942189421894219
2022-06-13,0.49865049811846546,0.9279437609841827,0.6321171918186843,0.12471608507123684,0.2963266981325672,0.0902385050405704,0.9205607476635514
2022-06-14,0.5240786622446199,0.9683734939759037,0.7330754352030948,0.11312964492155243,0.294009027492819,0.05825958702064893,0.9776247848537005
2022-06-15,0.5234679261552717,0.9483061480552071,0.738950276243094,0.13106295149638802,0.29005128205128206,0.04669451953796999,0.9857423795476893
2022-06-16,0.5076416148073237,0.886352232814852,0.727699530516432,0.1110193974411886,0.28835110746513537,0.05282555282555279,0.9796018677807815
2022-06-17,0.5378187227945551,0.9879608728367193,0.804803975704031,0.10377553125644728,0.28542136559360265,0.05109309751903712,0.9938574938574939
2022-06-18,0.54143472669805,0.9932296890672017,0.8007176373171405,0.09632838283828384,0.28146781467814674,0.08325147347740669,0.9936133628101204
2022-06-19,0.541086192398532,0.9659062421659563,0.8278145695364238,0.10022685089709218,0.2816150850584136,0.07365578197888534,0.9972986247544204
2022-06-20,0.5389826527324285,0.9784461152882206,0.8005517241379311,0.10329896907216495,0.2848360655737705,0.07412862052037306,0.9926344218021115
2022-06-21,0.542412228114678,0.9787020796792784,0.7978488692774407,0.10533910533910534,0.2825240729358738,0.09865030674846631,0.9914089347079038
2022-06-22,0.5375479849340336,0.9561623246492986,0.7962503446374414,0.11108821104699093,0.28082752970094227,0.09003925417075564,0.990920245398773
2022-06-23,0.5494485307319786,0.981718006511395,0.8180815876515987,0.10096847310941685,0.27892688920745445,0.12337503065979882,0.9936211972522081
2022-06-24,0.539896640865796,0.9469203805708563,0.781206944061725,0.11536876802637,0.2823505323505323,0.12506130456105935,0.9884719156242335
2022-06-25,0.5412059911831532,0.9762202753441802,0.7721763085399449,0.10957775489186405,0.2831115660184238,0.12012748222603575,0.9860225600784699
2022-06-26,0.5355070576165556,0.9426926926926927,0.7683833654640595,0.10955518945634267,0.28653295128939826,0.12303921568627452,0.9828389311105663
2022-06-27,0.5448649485078239,0.9697272954716037,0.7844162995594713,0.118591723285979,0.2879066912216084,0.12545944621416316,0.9830882352941176
2022-06-28,0.5407777157663208,0.9737368684342171,0.7965868428296174,0.10786331823795801,0.28662029459901806,0.09554140127388533,0.9843175692232295
2022-06-29,0.542396345285261,0.9647411852963241,0.8128783709411117,0.10681210125540234,0.2834935569646144,0.09943668870928235,0.987016168544831
2022-06-30,0.5466004929624003,0.9585,0.818707015130674,0.10534979423868313,0.2834355828220859,0.12806072477962782,0.9855498408033309
2022-07-01,0.547944092873219,0.9327668082979255,0.8264576457645765,0.1197284509360214,0.2833776323860151,0.13586291309669518,0.9894711067580804
2022-07-02,0.5582096274938867,0.9812593703148426,0.8265053615617267,0.1281365693130399,0.28413736713000814,0.139990210474792,0.9892288861689107
2022-07-03,0.5622800608670994,0.9797651761179116,0.8282023089609676,0.1451778737404894,0.28816676885346415,0.1433814533887937,0.9889867841409692
2022-07-04,0.5608035289735647,0.962037962037962,0.827425116790327,0.15111019736842105,0.2936248467511239,0.14359099804305286,0.9870320528505016
2022-07-05,0.5585202384478537,0.9700374531835206,0.8164835164835165,0.15724563206577596,0.29193054136874363,0.14551235020787479,0.9699119373776908
2022-07-06,0.5585788558841399,0.9885172241637543,0.817632518538863,0.14406083025071928,0.2863562091503268,0.1479217603911981,0.966984592809978
2022-07-07,0.551613519764922,0.9802845021212877,0.8053267435475013,0.1288267926854325,0.27670002042066566,0.1588853581031533,0.9596577017114915
2022-07-08,0.5307706772432373,0.9191616766467066,0.7669503156738952,0.1228430566967954,0.2701102490812577,0.15909090909090906,0.9464678562698606
2022-07-09,0.5286723554684386,0.9403841356946869,0.7593304061470911,0.10289587184226741,0.26413553786487043,0.1607622770583924,0.9445259042033236
2022-07-10,0.5349177165449629,0.9683291770573567,0.7695473251028806,0.10102669404517454,0.26265306122448984,0.16047874938935025,0.9474712924505253
2022-07-11,0.5369011984857605,0.944153577661431,0.7989577619308832,0.10182714021761445,0.2634156294633748,0.16068376068376067,0.9523693209574988
2022-07-12,0.546434091223209,0.985543369890329,0.8209487249794352,0.09133825944170772,0.2596899224806202,0.159912109375,0.9611721611721612
2022-07-13,0.5479281453968411,0.9656117617742337,0.8300438596491229,0.10158013544018059,0.2590250866816235,0.162313888210886,0.968994140625
2022-07-14,0.5469426614101622,0.9915296462381664,0.8199506714168265,0.09766105867870332,0.2597879282218597,0.15885797950219616,0.9538686844032218
2022-07-15,0.5414314255377574,0.9813200498132005,0.8104109589041095,0.08923076923076922,0.25688073394495414,0.1627226152720176,0.9480234260614934
2022-07-16,0.5335492424898495,0.9601593625498008,0.8008764721993974,0.08531583264971287,0.25642070933550754,0.15390243902439027,0.9446206391802878
2022-07-17,0.5306364467978666,0.9467264127458302,0.7902519167579408,0.09452532294443305,0.25942531078051767,0.15215801024140452,0.9407317073170731
2022-07-18,0.5367986509536118,0.9798407167745147,0.8012592389816589,0.1043460434604346,0.2622249388753056,0.13091175036567526,0.9422092172640819
2022-07-19,0.5192271885010297,0.9621796466782782,0.7446633825944171,0.09141217462594795,0.26033815441026686,0.13039239580794537,0.9263773768893223
2022-07-20,0.5069917194616725,0.9335820895522388,0.7132694938440493,0.09139344262295082,0.2562118126272912,0.1342592592592593,0.9132342188642457
2022-07-21,0.5122674100201413,0.9604575976125342,0.7174507658643325,0.09096496619545175,0.25432702097332516,0.14153471376370275,0.9088693957115009
2022-07-22,0.5087883282083302,0.9333664843361512,0.7216297511621548,0.08336747234739861,0.253257328990228,0.14783244033122256,0.9132764920828258
2022-07-23,0.5129907259845773,0.9542629878200348,0.7334609075997813,0.0876510342002867,0.2521880724608182,0.13416118821524226,0.9162201656113005
2022-07-24,0.5056264465262033,0.9023359840954275,0.7417327138562448,0.08251433251433252,0.2531542531542531,0.13412852969814992,0.9198928658388118
2022-07-25,0.5044528415996984,0.8877018633540372,0.7368852459016393,0.08966223132036848,0.254323499491353,0.1435872475054758,0.9145569620253164
2022-07-26,0.5254568904459586,0.9503229011425732,0.78366566511882,0.08493655341792877,0.2542717656631408,0.15182481751824817,0.9277196398150401
2022-07-27,0.5214660723166106,0.9108517506828905,0.7949208083014746,0.08696541845713117,0.2548301810046777,0.15178788615908534,0.9294403892944039
2022-07-28,0.4985924378879498,0.8562562065541212,0.7297297297297297,0.09390343698854337,0.25599837332248887,0.15345330739299612,0.90221357333982
2022-07-29,0.4998174141512733,0.9143708116157856,0.707150655021834,0.0924524442626304,0.25553974385037614,0.14490639435934838,0.8844844357976653
2022-07-30,0.49568518686805657,0.8923076923076922,0.703956343792633,0.08997955010224949,0.25508130081300817,0.15021876519202726,0.8825674690007294
2022-07-31,0.5045990528917342,0.9486479781691888,0.7116748499727223,0.07646698016765488,0.2546230440967283,0.14945321992709604,0.8867282450170151
2022-08-01,0.49631126735104747,0.8836805555555556,0.7202072538860104,0.07788225674570727,0.2570093457943925,0.15208940719144803,0.8869987849331713
2022-08-02,0.5039220940347291,0.9342920902553931,0.7227371864776445,0.07480073574494175,0.2567540117814341,0.1518095700752975,0.8831389698736638
2022-08-03,0.49603407956173856,0.8807635101636093,0.7296266012537476,0.0704944830404577,0.25528025995125914,0.1568722680913065,0.883167354870051
2022-08-04,0.503303091766982,0.9154894671623296,0.737874659400545,0.06925434116445352,0.2552284263959391,0.1607186210245205,0.8812530354541039
2022-08-05,0.511177621020097,0.9524281466798811,0.7450286025606102,0.07659313725490197,0.25639464068209505,0.15728155339805827,0.8793396455450352
2022-08-06,0.4984763575443905,0.8877879613574436,0.7263071895424836,0.08352052276904227,0.25857519788918204,0.1708323222518806,0.8638349514563106
2022-08-07,0.49528478369624845,0.8583457157008421,0.732643615573101,0.08534095549203756,0.2621753246753247,0.17006307617661331,0.8631400145595729
2022-08-08,0.4935111225781783,0.8613518197573657,0.7286336418072945,0.09410083690549091,0.26780279975654286,0.16977928692699495,0.8393983503153809
2022-08-09,0.4929204002482483,0.8960396039603961,0.7102040816326531,0.09816326530612245,0.2679513184584178,0.16828322017458774,0.8168809119573126
2022-08-10,0.4973048404528561,0.9114080673100717,0.7290533188248096,0.09569475617220975,0.2632326100182518,0.1682424242424242,0.8161978661493695
2022-08-11,0.4856562294957469,0.8780306778822365,0.7087299428882241,0.10811913504691963,0.2629764801297648,0.16529326223945706,0.7907878787878788
2022-08-12,0.48737590311966567,0.9052683650754391,0.7090810222947255,0.1005506832551499,0.261504155686195,0.16598013084565055,0.7818710615608337
2022-08-13,0.477899442448376,0.8464391691394659,0.6980157651535743,0.11602773246329527,0.2675314146736928,0.16812015503875966,0.7712624182214683
2022-08-14,0.48986205015904644,0.8969097651421508,0.6975543478260869,0.1323139653414883,0.27517730496453896,0.16856381690481959,0.7686531007751938
2022-08-15,0.49626015270849183,0.9186851211072664,0.7011681608258625,0.1402364451691806,0.28363047001620745,0.1716707021791768,0.7621700169532575
2022-08-16,0.48891866413329527,0.8791697553743514,0.7074959261271048,0.12451599755451397,0.28823171966781447,0.1728395061728395,0.7612590799031477
2022-08-17,0.49052596547922794,0.8725296442687747,0.7130057018734728,0.12938060309698451,0.2936411502632644,0.17279767666989354,0.7618010167029775
2022-08-18,0.5096985274761678,0.9456655964435663,0.7296416938110749,0.14055815848441638,0.2968212188702166,0.17541737236873944,0.7700871248789932
2022-08-19,0.5040429939713666,0.8992592592592592,0.7343283582089553,0.14175152749490835,0.30364372469635625,0.17803580067731006,0.7672392934914106
2022-08-20,0.5232074241374013,0.8427548753394224,0.8204015192620727,0.16676847892486255,0.31734466707144304,0.1753325272067715,0.8166424770198355
2022-08-21,0.5383004726161141,0.9242349457058243,0.8136696501220504,0.17650651465798045,0.32921893970052607,0.17553191489361697,0.8106408706166868
2022-08-22,0.5372950123523063,0.924006908462867,0.7993492407809111,0.18786891919397516,0.33845842605705034,0.17790669567319317,0.7961798839458414
2022-08-23,0.5408636455319031,0.9296990626541687,0.8097045269720792,0.19006919006919007,0.3391990291262136,0.17786370227162884,0.7986463620981388
2022-08-24,0.5224349774681919,0.8397040690505548,0.8013550135501355,0.1894201424211597,0.3399393326592518,0.17637110413143275,0.7878202029966167
2022-08-25,0.5408387310236984,0.9233234714003945,0.8054727716066107,0.20687550854353132,0.34371209057824503,0.18067632850241544,0.784972215510993
2022-08-26,0.5311366595895436,0.8770027113630762,0.7995666305525461,0.20113890583689242,0.3470790378006873,0.18473798599372138,0.7772946859903381
2022-08-27,0.5368597945042931,0.8558403154263183,0.8285946385052803,0.1972346482309882,0.3494341147938561,0.18203766296475132,0.8080173871045642
2022-08-28,0.5579485550403351,0.948509485094851,0.8335138061721711,0.21284813986582637,0.3586583148110729,0.1827178373159546,0.8114437469821343
2022-08-29,0.5594571242350537,0.9135467980295566,0.8419485791610284,0.2410569105691057,0.3674747474747475,0.17881274131274127,0.8139029688631426
2022-08-30,0.5686431494233002,0.9118443733070672,0.8287337662337663,0.32147937411095306,0.37204605130276713,0.1819059107358263,0.7958494208494209
2022-08-31,0.5712194880685207,0.9054652880354506,0.8385177170678929,0.3256806176351077,0.372172859450727,0.18355041003376749,0.8019300361881785
2022-09-01,0.5791051195304223,0.9458528181146936,0.8347755543537048,0.3542555352427382,0.37452049263072884,0.17169037858693026,0.7935359382537386
2022-09-02,0.5806701023247887,0.9576771653543307,0.8329278183292782,0.3619008935824533,0.37303189341945897,0.17164898746383794,0.786833855799373
2022-09-03,0.5831635974932697,0.9731857318573186,0.8362162162162162,0.36751269035532996,0.36791120080726536,0.16196673897324654,0.7921890067502411
2022-09-04,0.5837787113043433,0.9449090014756517,0.8408538232910024,0.3865205034510759,0.37429378531073443,0.1612048192771084,0.7948903350204869
2022-09-05,0.5733349533079563,0.8768133759527907,0.8365748244192328,0.4028820783438198,0.38329634859794226,0.16116598410021676,0.7792771084337349
2022-09-06,0.582629209073551,0.9252704031465093,0.8417499324871726,0.4096996753246753,0.38221056877773296,0.15775529865125237,0.7790893760539629
2022-09-07,0.5956447231296662,0.9655935119193905,0.863390928725702,0.4019070805437208,0.37769711635410363,0.1586804719479894,0.8065992292870905
2022-09-08,0.5912907517579783,0.9511056511056512,0.8553306342780027,0.4111561866125761,0.3788306451612903,0.16225324987963408,0.7890681435107152
2022-09-09,0.5967953651549409,0.9774011299435028,0.8550998381003778,0.4210099371324275,0.3833904454747027,0.1605294825511432,0.7833413577274916
2022-09-10,0.5646984043048552,0.9049607072691552,0.813865659562989,0.4140308191403082,0.38653768641676745,0.15447545717035616,0.7143200962695547
2022-09-11,0.5598516645261524,0.8620181684262215,0.801779935275081,0.45935536184877357,0.39431795285109816,0.15010825114265092,0.6915303176130896
2022-09-12,0.5435370037996983,0.7881688757977418,0.8015637638177406,0.4631130928252939,0.4035052377115229,0.15103415103415108,0.6538369016117392
2022-09-13,0.5435905754386601,0.8596319018404908,0.7803234501347709,0.478419452887538,0.4034239677744209,0.14162058187064197,0.5981240981240981
2022-09-14,0.5756502141211173,0.9521589793915604,0.8345459444893559,0.5103322528363047,0.3946838501812324,0.09230769230769231,0.6698725655205578
2022-09-15,0.5768584272676885,0.9700760363012019,0.8327047413793103,0.51711565728175,0.38695389571169725,0.1110310021629416,0.6432692307692307
2022-09-16,0.5646758269736972,0.9369789112309956,0.8489092378130891,0.5147833130822195,0.3808373590982287,0.06150888995675152,0.6450372506608988
2022-09-17,0.5691771554291263,0.9715616572689385,0.8481421647819063,0.533508807450901,0.37733950493056956,0.06605813115541681,0.6184526669870254
2022-09-18,0.5463048011032282,0.8502450980392157,0.8360699865410498,0.5639676113360323,0.37826961770623746,0.06195965417867433,0.58731683881816
2022-09-19,0.5578990901344825,0.9184023523646165,0.8568353067814855,0.5247925521149565,0.37759002212834436,0.05978391356542612,0.6099903938520653
2022-09-20,0.560903075968976,0.9701126898579128,0.8539144471347861,0.5163901254552813,0.3702735317779565,0.059289486317810836,0.5954381752701081
2022-09-21,0.5616476126752948,0.9363213323536616,0.8657880580957504,0.5225571515274126,0.3637643273677861,0.05927525797936162,0.6221795487277965
2022-09-22,0.570580569183491,0.9637610186092067,0.8709330465178812,0.5382281553398058,0.3596702854845195,0.05758157389635321,0.6333093352531798
2022-09-23,0.5511747421634383,0.9723378212974296,0.8575268817204301,0.4978766430738119,0.3521608040201005,0.05420964260014394,0.572936660268714
2022-09-24,0.5500026474779115,0.9618208516886931,0.8599838753023381,0.4967650626769106,0.344855305466238,0.052997601918465254,0.5835931878148237
2022-09-25,0.5518568071508505,0.9449473941766577,0.8656636217087588,0.4990903577926016,0.3431786216596343,0.05226564373052023,0.6059952038369305
2022-09-26,0.5453973716618891,0.9444716242661448,0.8673113080848778,0.4749393694421989,0.3417034953796706,0.04937679769894532,0.5945816350994966
2022-09-27,0.5372860367369051,0.9266324284666178,0.8619763694951665,0.4908062234794908,0.33621209078128134,0.05224059429666905,0.5558485139022051
2022-09-28,0.5383407599194716,0.9721271393643032,0.8633557046979866,0.4581818181818182,0.32891566265060246,0.0517489218974605,0.5557153127246586
2022-09-29,0.5180143855409739,0.9193351258860915,0.8572195383789587,0.4358715411028075,0.3252358964063441,0.04934131736526948,0.5210828941063728
2022-09-30,0.5180948803977065,0.9391495601173021,0.855916286557553,0.41962843295638125,0.32095543958249695,0.060823754789272044,0.5120958083832335
2022-10-01,0.5169925065915876,0.8590276081114097,0.8578326180257511,0.42459115687462146,0.3194862532610877,0.11132391668661723,0.5296934865900382
2022-10-02,0.5234815940960923,0.8253541768441621,0.8608205953338697,0.4703270084779976,0.327247191011236,0.12374341790330301,0.5333971750059852
2022-10-03,0.5442168398629302,0.9062271062271062,0.8659517426273459,0.4992936427850656,0.33540621865596787,0.11150993060540804,0.5469123982766875
2022-10-04,0.5303452845131357,0.89794921875,0.8533905119270973,0.47719935431799837,0.3371440032089852,0.11196172248803826,0.5044268963866954
2022-10-05,0.5061836883139975,0.8457407859409324,0.8330653804930332,0.4403873310470042,0.3370763986364548,0.12126285577613016,0.4595693779904306
2022-10-06,0.5107192413875821,0.8172279160566129,0.8406107688186445,0.45764421137555467,0.34422614274258223,0.14060258249641322,0.4640038268356852
2022-10-07,0.5301551459104684,0.8689924371797999,0.8460096411355116,0.47953216374269003,0.35157346161555425,0.16949557733683962,0.4653275944524151
2022-10-08,0.5372482539729632,0.84,0.8572958500669344,0.4907258064516129,0.3599198396793587,0.18260038240917786,0.4929476452306957
2022-10-09,0.5471262928521935,0.8297976103389417,0.8605460385438972,0.5381979439629107,0.3766780204367862,0.18040621266427714,0.497131931166348
2022-10-10,0.554825391916857,0.8803022915650902,0.8605833556328606,0.5374848851269649,0.38802083333333337,0.18227424749163879,0.48028673835125446
2022-10-11,0.5527469504385171,0.8569339507677309,0.8651685393258427,0.531936328833367,0.3933506909673543,0.18008120372581804,0.48901098901098905
2022-10-12,0.5491880626414867,0.8930311890838206,0.8676116608718909,0.48851732473811443,0.3932719263115739,0.16069723018147086,0.49199904466204925
2022-10-13,0.5486939158884526,0.9495736906211937,0.8657754010695187,0.4646525679758308,0.3951951951951952,0.14370971592265458,0.47325692454632284
2022-10-14,0.5436604005647353,0.9262055528494886,0.8618016573108794,0.4708014498590415,0.3973178542834267,0.1534606205250597,0.4523752685605157
2022-10-15,0.5500345224705406,0.8887265644022401,0.865847140566542,0.5176162673646064,0.40204122473484094,0.16082080649009778,0.4651551312649165
2022-10-16,0.554850018790698,0.9033592989289192,0.8677531391931605,0.5211352657004831,0.4143657462985194,0.15839694656488545,0.46408971605822
2022-10-17,0.5595413505820389,0.9226089072767096,0.8637820512820513,0.5339102435097605,0.4348869773954791,0.16479847364655376,0.4372614503816794
2022-10-18,0.5418108487233948,0.8936739659367396,0.8584779706275033,0.4885311871227364,0.4376,0.16380543633762523,0.4087765323157644
2022-10-19,0.5534837539494363,0.9236195572853321,0.8625200213561132,0.4946690806678737,0.4283143371325735,0.19666269368295586,0.4151168335717692
2022-10-20,0.5538339298910111,0.8976167315175098,0.8676274352815586,0.5315768302493966,0.42622950819672134,0.1968541468064824,0.4030989272943981
2022-10-21,0.5541021993916927,0.9180646729880866,0.8692636072572039,0.5175950130705811,0.42774335398760743,0.1922802001429592,0.39966634890371777
2022-10-22,0.5483859829660228,0.8733592610597958,0.8666311016271006,0.5325693606755126,0.43405275779376495,0.19676036207717962,0.386943054562783
2022-10-23,0.5655339940786487,0.9407047387606319,0.8661333333333333,0.5672361809045227,0.44175824175824174,0.1945701357466063,0.3828013339685564
2022-10-24,0.5528701820344929,0.8629737609329446,0.858970941082378,0.5836012861736335,0.4532560926887734,0.19857142857142862,0.3598475827577995
2022-10-25,0.5658986063036634,0.9349040563517124,0.863272921108742,0.5854932690375728,0.45176752546434995,0.19376338966912643,0.3661904761904762
2022-10-26,0.5593861058081138,0.9545896066051481,0.8462563282707167,0.5871836078746484,0.4386980830670927,0.19657306044740597,0.33301594858367056
2022-10-27,0.5306881004295539,0.8235008497208061,0.8249866808737347,0.589475798353083,0.4250349371131963,0.21032595764929807,0.31080437886720613
2022-10-28,0.5541950963955223,0.9099514563106796,0.841011984021305,0.6132530120481928,0.4261477045908184,0.20861084681255948,0.3261955745895788
2022-10-29,0.5356968351784851,0.8148507643775782,0.8306709265175719,0.6253764304356555,0.41788066254240674,0.20903686087990492,0.31636536631779255
2022-10-30,0.5423324668112516,0.8609898107714702,0.8253926004791057,0.6336812525090325,0.41959297685554664,0.20803613884926297,0.3063020214030916
2022-10-31,0.5467923371349408,0.8959495512975988,0.8315593400745077,0.6191049568533012,0.42230201476161977,0.20869978607083428,0.3031383737517832
2022-11-01,0.5226889645961125,0.7720659553831232,0.8377227986166533,0.6035313001605136,0.4120462704427603,0.2012832699619772,0.3094841930116472
2022-11-02,0.5337627088873221,0.8598787878787879,0.8382978723404255,0.5927783350050151,0.40358923230309074,0.2012354478498456,0.30679657794676807
2022-11-03,0.55494093928973,0.9474066892874454,0.8473810156873172,0.5818291215403129,0.39214513556618824,0.2406175771971496,0.32026609645996673
2022-11-04,0.5302963750294474,0.8013084565059365,0.8463583200425305,0.5969520753960297,0.38329679091090296,0.23842317739254337,0.3154394299287411
2022-11-05,0.5195335851757455,0.8965600775193798,0.8163699176189211,0.5727746591820368,0.367277799920287,0.17355175688509017,0.29066729992875806
2022-11-06,0.5020377097007547,0.8091547590215549,0.8145589798087142,0.571256764882742,0.3600318788603307,0.1730358414431521,0.2841880341880342
2022-11-07,0.5096244892361849,0.8658595641646489,0.8236387782204515,0.5486973947895791,0.35199203187250994,0.17323208353108688,0.29432708283883213
2022-11-08,0.5026802746619765,0.8450738320019366,0.8380244291024961,0.5009016229212583,0.3375821549492133,0.17864768683274024,0.31585192216421454
2022-11-09,0.5277238431082892,0.8332526621490803,0.8765595964958853,0.5178285256410257,0.32735961768219835,0.1907020872865275,0.4206405693950178
2022-11-10,0.5901695248889125,0.952334865714977,0.9240976645435244,0.4868816342880032,0.3117658769659566,0.20915342660659242,0.6567836812144212
2022-11-11,0.5592572096711129,0.9136429608127721,0.8922791191297427,0.48358029635562677,0.2989649681528662,0.24087245139876723,0.526203462176903
2022-11-12,0.5847628802105503,0.9593712212817412,0.9098143236074271,0.47967967967967967,0.29253731343283584,0.2569329224934819,0.6102418207681366
2022-11-13,0.5757669731302043,0.8658123791102514,0.9119596923892866,0.48498799039231383,0.2928770393951452,0.2677725118483413,0.6311922256458877
2022-11-14,0.5865717635910747,0.9736524051244864,0.9162248144220573,0.4156493896337803,0.290033817386115,0.26794598436389483,0.6559241706161137
2022-11-15,0.575043470601008,0.9772837119381343,0.9135966074741585,0.37374949979991995,0.2790373906125696,0.26835622927522507,0.6382373845060412
2022-11-16,0.5544974600466976,0.8956269630345494,0.910174880763116,0.36307261452290457,0.26665341022071987,0.26900307838029835,0.6224538133585978
2022-11-17,0.5623325620258304,0.9164251207729468,0.9133774834437086,0.3692,0.25864811133200794,0.2765151515151515,0.6398295050911674
2022-11-18,0.5732084241877984,0.948804636561217,0.913135593220339,0.3675264947010598,0.2522361359570662,0.31857988165680473,0.638967803030303
2022-11-19,0.5629393985675201,0.9454369869628199,0.9139528726502515,0.3310675729708117,0.24523052464228934,0.26786559394226217,0.6740828402366864
2022-11-20,0.5577868118246562,0.9188993482983345,0.9126521969295924,0.3302018788726764,0.2441883568448242,0.26756564939673533,0.6732134406057737
2022-11-21,0.557957096477856,0.9239864864864865,0.919290817676634,0.29876099120703437,0.24314660309892733,0.2686849574266793,0.6938727229713745
2022-11-22,0.5698796958484585,0.9739445114595898,0.9253968253968254,0.27652347652347653,0.2411122144985104,0.27074958619058875,0.7315515610217598
2022-11-23,0.5546048492883074,0.9729860106126387,0.9203914308384026,0.22433080303635639,0.23788721207307384,0.2697399527186761,0.7022936864506976
2022-11-24,0.5445582660227688,0.9365806607185918,0.914595452141724,0.22168963451168364,0.23426642842962075,0.2803119829827464,0.6799054373522458
2022-11-25,0.5506664927355253,0.9633558341369335,0.9146180280200898,0.23422523961661343,0.23322747121873755,0.2802457466918714,0.6783266367289057
2022-11-26,0.5455763834061051,0.9720414557724752,0.9149048625792812,0.19045717708125373,0.2329827346695773,0.27899834632648235,0.6840737240075614
2022-11-27,0.5448413622678286,0.9855421686746988,0.9154557463672391,0.16806387225548902,0.2319444444444444,0.2784600850259802,0.6895818568391212
2022-11-28,0.5334499955082097,0.9462780052999278,0.9160063391442155,0.1450808221911794,0.23189843285062484,0.27839433293978744,0.6830420406235238
2022-11-29,0.5329804556802896,0.9414739884393064,0.9207816213361499,0.13347964884277733,0.23125743752479178,0.2806893295561851,0.6902007083825266
2022-11-30,0.5304496362348832,0.9537683602215266,0.9163146779303062,0.13644524236983843,0.22982351774737264,0.27826292187868773,0.6680830972615674
2022-12-01,0.5075783466364138,0.9155031295137217,0.9041963578780681,0.11328280813721579,0.22938144329896903,0.2784332232184993,0.6046731177720085
2022-12-02,0.5018270848936557,0.8649819494584837,0.9079155672823219,0.11306081754735793,0.22794846382556988,0.27789573012502944,0.6191599811231714
2022-12-03,0.5166174341922299,0.9530798845043311,0.905829596412556,0.11762360446570973,0.22750693618707885,0.27783018867924525,0.6178343949044586
2022-12-04,0.5145442666323934,0.9405821505893673,0.9098101265822784,0.10205301973290812,0.22686744600752917,0.27988681914642777,0.6280660377358491
2022-12-05,0.5042602958569503,0.9018759018759018,0.9048246770366465,0.10960542048624951,0.2272187004754358,0.28076379066478074,0.601273284602688
2022-12-06,0.5011865450496155,0.8824236595335417,0.9088033737480232,0.10539948196851963,0.22677757971875623,0.2802262550082488,0.6034889203206035
2022-12-07,0.5042922472323953,0.9180288461538462,0.90566534914361,0.1049800796812749,0.2265346534653465,0.2794533459000943,0.5910912090502003
2022-12-08,0.4883620967774889,0.7978851237683249,0.9112223393045311,0.10993825931089424,0.2268857651950109,0.28080094228504127,0.603440150801131
2022-12-09,0.47665468509535763,0.7988947621335896,0.9025546484066368,0.10115491835921943,0.22723673792557408,0.28049929345266134,0.549587750294464
2022-12-10,0.48883969106648184,0.8472255584914725,0.9052132701421801,0.10093569579932311,0.22857708292103696,0.28655521544619733,0.5645313235986811
2022-12-11,0.4876218101435132,0.8364553314121037,0.9052382205843643,0.10131369426751592,0.22971903442817565,0.28954802259887,0.5634565575700494
2022-12-12,0.4902476768624148,0.8631452581032413,0.9063157894736842,0.10208955223880598,0.23125618199802178,0.29042127559425746,0.5482580037664784
2022-12-13,0.4853935589620608,0.871339414306289,0.9034464614575112,0.08694787107043374,0.23121044303797467,0.29647058823529415,0.5229465756648624
2022-12-14,0.46768476140275483,0.7840172786177106,0.8871646501841136,0.09807041973343943,0.23175795926438603,0.33239237826393786,0.4727058823529412
2022-12-15,0.4778902672226044,0.8306142034548945,0.8864054693662897,0.10859188544152745,0.2332937920126532,0.3374882408278457,0.4709480122324159
2022-12-16,0.49431486278539943,0.880307028064284,0.900893796004206,0.09763372439848876,0.2348290175924096,0.33670350340935806,0.51552210724365
2022-12-17,0.5206193984198201,0.93621103117506,0.916688567674113,0.09025844930417495,0.23636363636363633,0.33991537376586745,0.6042793322360687
2022-12-18,0.5122993169164944,0.9005034763845601,0.9135575407251708,0.08706022659511031,0.23928077455048413,0.3424206815511164,0.5909732016925247
2022-12-19,0.5046399471083505,0.8691275167785235,0.9135802469135803,0.08763910969793323,0.24476491505333864,0.34281015037593987,0.5699177438307873
2022-12-20,0.5184043400564292,0.9154085789599808,0.9206932773109244,0.08305185773892311,0.24609915070116528,0.3429645290110407,0.6022086466165413
2022-12-21,0.5009428867753222,0.8830857690464782,0.9115253347335258,0.08045292014302742,0.24624802527646128,0.34217942696101455,0.5421658444914259
2022-12-22,0.502030914276011,0.8697005988023951,0.9133858267716536,0.08262164846077458,0.2477788746298124,0.34162949049072555,0.5570690465007045
2022-12-23,0.5066877785611266,0.9018199233716475,0.9131461558646025,0.08796664019062748,0.249506514015002,0.33920187793427226,0.5484855599906081
2022-12-24,0.5106100385335967,0.9126167105578166,0.9139559286463799,0.08437562040897359,0.25044404973357015,0.3386528983806618,0.5636150234741784
2022-12-25,0.520923814661749,0.9913834370512207,0.9124049305009179,0.07364033346566097,0.2509865824782952,0.339277334584702,0.5578502698896972
2022-12-26,0.5003503580429186,0.8683895668820292,0.9134766649187205,0.08176225441555865,0.25586900769382526,0.3389631714754867,0.5436414828718912
2022-12-27,0.5058540606243692,0.9157894736842105,0.9116644823066842,0.09226190476190477,0.2585798816568048,0.33958724202626644,0.5172413793103448
2022-12-28,0.5144034632329862,0.963405883759866,0.9169287211740041,0.08986312239634993,0.2553736935515677,0.3383352872215709,0.5225140712945591
2022-12-29,0.48583798809503037,0.7845528455284553,0.9195703432014671,0.09698532328441095,0.2574921135646687,0.33755274261603374,0.5188745603751466
2022-12-30,0.4973480776347409,0.8677982309347358,0.9185437401781037,0.09875074360499703,0.2594125763847822,0.33817670494492613,0.5014064697609002
2022-12-31,0.4932280741109219,0.8078393881453155,0.9188269180413721,0.11221252973830294,0.26212061489948757,0.3395032802249297,0.5188657136161237
2023-01-01,0.4971203482849718,0.813142174432497,0.9214659685863874,0.10921704658077304,0.2699507389162562,0.3377840243616772,0.5311621368322399
2023-01-02,0.4951714387558413,0.8115145723841376,0.9186076943208584,0.11454617518826793,0.28033884948778565,0.3348946135831382,0.5111267275708598
2023-01-03,0.4959761953939079,0.8060663959875807,0.9170591313448456,0.1349316425599366,0.2895410675595824,0.3343479278857411,0.4939110070257611
2023-01-04,0.4959960161370914,0.8099331423113658,0.9178655506147005,0.13074484944532488,0.2938164631744782,0.3356741573033708,0.4879419339733083
2023-01-05,0.4978183639549097,0.8450704225352113,0.9123953974895398,0.1259655377302436,0.2969088403228982,0.3330212965129885,0.47354868913857673
2023-01-06,0.4928545939461549,0.7961813842482101,0.913202614379085,0.14,0.3039370078740158,0.3345811885821245,0.46922536859349406
2023-01-07,0.47767525652980175,0.7153424003817704,0.9098274960794563,0.1360126707582657,0.30663255264711675,0.3375438596491228,0.4606925596630791
2023-01-08,0.4926622297066438,0.7989026717557252,0.9111575646720669,0.13400633412509896,0.3101141282959464,0.3362956033676333,0.46549707602339185
2023-01-09,0.49126198299585755,0.7972811829239208,0.9075235109717869,0.13754205422521273,0.3181192209325202,0.33504793079261164,0.45205799812909264
2023-01-10,0.4891678320733898,0.7968526466380543,0.9051971794202142,0.13791056588840522,0.3186467348544453,0.3377746610565685,0.4386252045826514
2023-01-11,0.47576286114698724,0.732300357568534,0.8989556135770235,0.14737883283877348,0.3181907571288102,0.3386305211498013,0.4191210846189808
2023-01-12,0.48185452103123044,0.7924213536701621,0.8901070216653615,0.16455696202531644,0.31871804954777816,0.33971962616822426,0.3856041131105399
2023-01-13,0.45687854164708713,0.7488682392184893,0.8669102296450939,0.14712280007909828,0.31256143109887946,0.3394066806820836,0.3264018691588785
2023-01-14,0.43685409739273745,0.6860409718913769,0.857813722932429,0.14373270067220245,0.3125,0.3397944885567492,0.2812427003036674
2023-01-15,0.41353539283201024,0.5989521314598714,0.832811684924361,0.16841272978849575,0.32226370603261933,0.337847303292085,0.22092480149462868
2023-01-16,0.42557931432130797,0.6288095238095238,0.8370273794002607,0.1966403162055336,0.33025540275049114,0.3366013071895425,0.22414195657249592
2023-01-17,0.43624071436313533,0.6898357533920495,0.8287278415015641,0.21952183362971744,0.3376546847377725,0.3393232205367561,0.20238095238095233
2023-01-18,0.43415386436376563,0.6446930033317468,0.8298149596038572,0.2445673646779929,0.3368028279654359,0.34204386374241713,0.20700116686114356
2023-01-19,0.46122357967084987,0.727575541280038,0.8423658155289213,0.2745407860952005,0.3398782642843118,0.34313039421506886,0.23985067662155857
2023-01-20,0.45533828353655265,0.695290199809705,0.8327689502474602,0.30252764612954186,0.3409893992932862,0.33582089552238803,0.22463261021693492
2023-01-21,0.4380093987980489,0.7058263971462544,0.7940104166666666,0.29180651530108587,0.3371933267909716,0.3457682443460014,0.15345149253731338
2023-01-22,0.4343056777023822,0.6747503566333809,0.7922416037490236,0.299249901302803,0.3390894819466248,0.3438228438228438,0.15667987875961764
2023-01-23,0.4318140736451069,0.6132636082719277,0.793076522644456,0.3404381290704559,0.34255444379046496,0.3430435795851783,0.15850815850815847
2023-01-24,0.4451268878585826,0.5838878326996197,0.7915690866510539,0.45126282557221786,0.3505296194586113,0.3401677539608574,0.15334420880913535
2023-01-25,0.46539550746658936,0.7179852696602518,0.7950052029136316,0.43479976326691655,0.34536183565404976,0.34358257628697886,0.15563839701770732
2023-01-26,0.4383273385751308,0.5280285035629454,0.7901170351105331,0.4751479289940828,0.3566666666666667,0.34326967862133206,0.13673421849522482
2023-01-27,0.4654390104750587,0.5882213251009262,0.7912116484659386,0.5493985407217511,0.3748284650068614,0.3452852153667054,0.1436888681881695
2023-01-28,0.4628529550218831,0.5897435897435898,0.7910059786846894,0.5240536277602523,0.37926303410427287,0.3438081936685289,0.14924330616996506
2023-01-29,0.46398915966535154,0.5471160693092808,0.7915800415800416,0.5529272619751626,0.39192631785224374,0.3448917849662555,0.15549348230912474
2023-01-30,0.4579916174173862,0.5503084954912197,0.7731878409976617,0.5549862041781631,0.4071316614420063,0.34434620753838996,0.11798929485687693
2023-01-31,0.4874544511527683,0.666429418742586,0.7945454545454546,0.5556650246305419,0.40607247796278156,0.342405210514073,0.1596091205211726
2023-02-01,0.4914363580102798,0.7687381404174574,0.7907037133212153,0.5088652482269503,0.3893458676067372,0.34069767441860466,0.1502675040707141
2023-02-02,0.45738462243876615,0.6386056438226226,0.7772585669781932,0.48453811305889305,0.372821617387899,0.3396884445477796,0.13139534883720927
2023-02-03,0.45333177737733327,0.6076339497392129,0.7840643654295354,0.4956675856636471,0.3600234925606891,0.3419339841933984,0.13066728667751681
2023-02-04,0.46788873179380847,0.6674567433041005,0.786455630513752,0.5199842488678874,0.34723037776472887,0.34441087613293053,0.14179451417945144
2023-02-05,0.4623286858686317,0.6516587677725119,0.788586251621271,0.49921259842519683,0.3416829745596869,0.34595724907063197,0.1468742737624913
2023-02-06,0.4509316211538575,0.5908552475716655,0.7930497925311204,0.4867152135406416,0.3394639013891606,0.3440185830429733,0.1514869888475836
2023-02-07,0.45687559001060046,0.6113216485078161,0.7962146746175784,0.5175127902400629,0.3282472613458529,0.34440315838365076,0.14355400696864107
2023-02-08,0.4506315588467696,0.6208856263319915,0.7900466562986003,0.527641156797167,0.3180129082730295,0.34385883445553744,0.10334417092429171
2023-02-09,0.4552241911949894,0.6496212121212122,0.795024617776626,0.536191974822974,0.3075870160344153,0.34215413184772514,0.10076619456698399
2023-02-10,0.45221573252280306,0.5801183431952663,0.822279792746114,0.5311701081612586,0.3018572825024438,0.34091436528196795,0.13695450324976788
2023-02-11,0.465646605567805,0.6426881211547563,0.8272468272468272,0.5467951238694455,0.29358874120406564,0.3364269141531323,0.14713390577860297
2023-02-12,0.4634691512163698,0.6292879110480246,0.8205592957017089,0.5704737566345587,0.28864569083447333,0.33402922755741127,0.13781902552204173
2023-02-13,0.45457686656139606,0.576158940397351,0.8239710069893865,0.5782232704402516,0.2878077373974208,0.33464749536178107,0.12665274878218513
2023-02-14,0.45389713943349436,0.5958855521399857,0.8234989648033126,0.562782471998428,0.2807188904082829,0.3371203338743334,0.12337662337662336
2023-02-15,0.44208044424805765,0.589598108747045,0.8093143596377749,0.5432220039292731,0.27128906249999996,0.33796940194714886,0.10108972872710409
2023-02-16,0.41084846866375707,0.517608130465611,0.7617692705638903,0.5423296012571204,0.2628392892013278,0.3309385863267671,0.04960593416782566
2023-02-17,0.4075874534950726,0.4775519848771267,0.7817429531936901,0.5473291437549097,0.2575165950800469,0.3278498609823911,0.05353418308227109
2023-02-18,0.40744321188350224,0.5041341837939995,0.7556876938986556,0.5590025525230709,0.2547335545578763,0.32684734769515866,0.04425393883225204
2023-02-19,0.4073377385912935,0.49149740198393954,0.7547169811320755,0.569297212406753,0.25448868071818886,0.32908754052802225,0.04493861477878158
2023-02-20,0.41737804744055523,0.5166469893742621,0.7620155038759691,0.5911678115799803,0.25795121951219513,0.3301690206066219,0.04631773969430297
2023-02-21,0.41958896091088654,0.5526440037771483,0.7499354172048567,0.5922291993720565,0.25790089738587596,0.32407407407407407,0.040750173651308175
2023-02-22,0.41327002162534227,0.5001180080245456,0.762396694214876,0.5887777123798312,0.25687536571094205,0.32585049757000695,0.04560185185185184
2023-02-23,0.41978418484536945,0.5896649362907032,0.7717531629227988,0.520400156924284,0.2548751950078003,0.3276260990282277,0.05438555889840313
2023-02-24,0.4140917231995532,0.49539985845718326,0.7803304078471864,0.5642282800549128,0.2561902905049718,0.32870691649317607,0.05969458583988896
2023-02-25,0.4291636048923162,0.6384433962264151,0.7943225806451613,0.48058823529411765,0.25087719298245614,0.3267807585568918,0.08396946564885499
2023-02-26,0.4408935878036724,0.7825984437632634,0.7946336429308566,0.4063909037443639,0.24946404209705708,0.3250867052023121,0.08718778908418134
2023-02-27,0.3989825059984709,0.512022630834512,0.7892700541655919,0.4419835358682869,0.25,0.3236245954692557,0.07699421965317921
2023-02-28,0.40781290335289566,0.6035823709639406,0.7900979886539453,0.40348814422888496,0.24663939216832265,0.3212387335336261,0.08183079056865461
2023-03-01,0.4097312047295843,0.6232327992459943,0.7950502706883218,0.3777429467084639,0.24366965329178025,0.321626617375231,0.09706494106771435
2023-03-02,0.39118941730314366,0.5001177856301531,0.788659793814433,0.4227228207639569,0.24245374878286274,0.3067683067683068,0.08641404805914976
2023-03-03,0.4173856078180164,0.5836081017428167,0.790517907755733,0.49138268703486093,0.24201713395638624,0.30554272517321013,0.09124509124509128
2023-03-04,0.42982636666713114,0.5314339533788557,0.8145285935085007,0.5386724104170746,0.24197002141327628,0.31055183560378663,0.1418013856812933
2023-03-05,0.440646424594292,0.57909604519774,0.8158640226628895,0.548159749412686,0.24250681198910085,0.3109418282548476,0.1473100900484876
2023-03-06,0.44014784504948695,0.5669569310425983,0.8130792996910402,0.5662556273243297,0.24498929752870213,0.3071774751903993,0.1424284395198523
2023-03-07,0.45573698352844866,0.6665882352941177,0.8133848133848134,0.5722113502935421,0.243579766536965,0.296031379787725,0.1426263558735288
2023-03-08,0.44354183789997137,0.5396377322982828,0.8239835306227483,0.5904910976325572,0.24158723983660768,0.30011534025374853,0.16543608675588373
2023-03-09,0.4749715718026983,0.6832079021636877,0.8386930794957551,0.5802034428794992,0.2407623492804356,0.31688191881918815,0.19008073817762394
2023-03-10,0.4948122288444983,0.7105572537032683,0.8616255144032922,0.5767651085468414,0.2360489986389267,0.31150564906617473,0.27237084870848705
2023-03-11,0.49914448659544336,0.7080394922425952,0.8621753664181023,0.5797809933515838,0.2323094867807154,0.32042415859843243,0.2921374221812313
2023-03-12,0.4773870867085126,0.5717978848413632,0.8601542416452442,0.581622678396872,0.23187560738581148,0.3327955750172851,0.28607653296449975
2023-03-13,0.4558762252717891,0.5465225563909775,0.8280647648419429,0.5877638780297108,0.2329965021375826,0.3320276497695852,0.20788200046093575
2023-03-14,0.42535823701966796,0.5170307728447263,0.7792908530318602,0.5903849912057847,0.23256265785894692,0.3001612531674729,0.13271889400921655
2023-03-15,0.4187015364335697,0.538750587130108,0.7577703570511174,0.5746385306760453,0.23038073038073037,0.2858129894058038,0.12485602395761342
2023-03-16,0.42408943922427467,0.5405024653674572,0.7719568567026194,0.5743309240085954,0.22897650029131866,0.2811420676951416,0.14762782128051588
2023-03-17,0.4215977485997435,0.5732394366197183,0.7517329910141206,0.5642578125,0.22757281553398057,0.28153775322283614,0.13124568270780568
2023-03-18,0.380521596791888,0.4773527340999766,0.678388090349076,0.5485256785784026,0.2269462240341681,0.27318757192174914,0.0787292817679558
2023-03-19,0.3713843354293245,0.42749882684185825,0.6887349243007441,0.5197188598203827,0.22670807453416153,0.27105384261389787,0.09459148446490218
2023-03-20,0.3618124299144781,0.4548440065681445,0.6618778860954335,0.4887761077493656,0.22627595575392978,0.2686910512997469,0.07040957202024856
2023-03-21,0.35740099130583197,0.4359756097560976,0.6701718389330598,0.4597970335675254,0.22448583624369423,0.2679392824287029,0.08603634690591211
2023-03-22,0.3550978308032577,0.4670574443141853,0.6635897435897435,0.4259512195121951,0.22308438409311349,0.2685674867785698,0.08233670653173875
2023-03-23,0.35857391800112975,0.42639474917955933,0.6839271981543193,0.4375731564572766,0.2216834755624515,0.2694252873563219,0.1124396412968498
2023-03-24,0.33525748740118894,0.31942816967424414,0.6586365966171195,0.4509459723034913,0.22144657746751983,0.26890370029878186,0.09218390804597698
2023-03-25,0.37049202991761515,0.40885660731021556,0.682039456828081,0.5136505460218409,0.22062815044590922,0.2704503676470589,0.1273270512525856
2023-03-26,0.375132370469857,0.47809791520262357,0.6818647540983607,0.46812244102164163,0.2201977127350262,0.2703882379967838,0.13212316176470584
2023-03-27,0.3799804815570358,0.4695550351288056,0.6678617157490396,0.5354775828460039,0.21996124031007747,0.270096463022508,0.11693085228577993
2023-03-28,0.40003415059001574,0.4701475064387731,0.6907322068612392,0.5961800818553888,0.21991862042239874,0.2718714121699196,0.15135507579237484
2023-03-29,0.4016010288421101,0.5217696629213483,0.6874840030714102,0.5576773187840998,0.21793878341728012,0.27295684113865937,0.15177956371986223
2023-03-30,0.3822133624263437,0.44114205476246193,0.6614636642784033,0.5758815507500487,0.2177028859190393,0.275877897635988,0.12121212121212122
2023-03-31,0.3884520545865539,0.41436593355170803,0.6702481453057048,0.6016751071289443,0.21804802478698682,0.28361633776961914,0.1427587789763599
2023-04-01,0.38699113107691563,0.4647953216374269,0.6588235294117647,0.5596884128529698,0.21626331074540173,0.28446891488873594,0.137907296925195
2023-04-02,0.383039557619876,0.4698316183348924,0.6599335208386602,0.5301791277258567,0.2148664343786295,0.28325688073394495,0.1401697637072723
2023-04-03,0.3710771736671427,0.43418283843815764,0.668200408997955,0.4753747323340471,0.21482485000967677,0.2822747076358634,0.15160550458715594
2023-04-04,0.3834843423410346,0.5184665731650304,0.6769741886020956,0.4449202024133904,0.21323529411764708,0.2819807427785419,0.1653290529695024
2023-04-05,0.35562123640694193,0.3776583313858378,0.6704138988247317,0.431601478886943,0.21280711936544783,0.2823745129498052,0.15887207702888584
2023-04-06,0.3734713671187027,0.4733644859813084,0.6697318007662836,0.4406614785992218,0.21179883945841393,0.2800183318056828,0.16525326610130642
2023-04-07,0.358001458301415,0.3865919177762205,0.6723697650663942,0.4252091032872982,0.21156449429510737,0.27857961053837343,0.17369385884509625
2023-04-08,0.3775427905830157,0.4647361046240075,0.6773040592290018,0.4517697394010113,0.21171693735498842,0.2789738891433806,0.1807560137457045
2023-04-09,0.3774110096136769,0.43987858977352323,0.6768759571209801,0.4726813144079331,0.2138024357239513,0.2795969773299748,0.1816307833256986
2023-04-10,0.3761862732609265,0.43440709617180207,0.6667517223781577,0.49086314152410576,0.2183996907614998,0.2786172161172161,0.1680787726127777
2023-04-11,0.36938518030863365,0.5131855309218203,0.6390306122448979,0.4386783284742468,0.21797101449275358,0.2776379034103914,0.1298076923076923
2023-04-12,0.3386025573253852,0.3597760149323378,0.6301963784748789,0.4178002331908278,0.21580370942812988,0.2775743707093822,0.1304646372167544
2023-04-13,0.33863484340196887,0.3414975507347796,0.6336053034166242,0.4124732854089761,0.2161483484643616,0.27041866849691143,0.15766590389016022
2023-04-14,0.34895075951536864,0.40625,0.6291103747132296,0.4222999222999223,0.21881035148706063,0.2705855443732845,0.1466483642187143
2023-04-15,0.3507025360039991,0.4117509909069713,0.6286952089704383,0.42182948145270927,0.21954045182467663,0.271209695860965,0.15118938700823426
2023-04-16,0.3478653428852588,0.33916083916083917,0.6303184713375796,0.4650485436893204,0.2225868725868726,0.2718335619570188,0.15824376857992228
2023-04-17,0.37134913824512156,0.4917268701934281,0.630922058074376,0.45408658512910116,0.22389500096506465,0.27108571428571426,0.15637860082304522
2023-04-18,0.3586899681881232,0.3653308480894688,0.6475681181563535,0.45982142857142855,0.2246236974141258,0.2687385740402194,0.1860571428571428
2023-04-19,0.3487887390097453,0.30817610062893086,0.6306008146639511,0.4969920434698234,0.22535211267605637,0.26867717614804665,0.16293418647166358
2023-04-20,0.38514502811755724,0.44946436888681884,0.6632730974802749,0.4935972060535506,0.2255015432098766,0.2683873915029694,0.2106465615718529
2023-04-21,0.39894554706082835,0.49010477299185096,0.67735368956743,0.495635305528613,0.22584378013500483,0.26695592601050466,0.23777980813156696
2023-04-22,0.39982414835753616,0.45437616387337054,0.7051640803866701,0.4691621411947246,0.22657153875819513,0.2648401826484018,0.2788307832838548
2023-04-23,0.38023975146603434,0.4237840353735164,0.6894710071210579,0.41555167733178205,0.22826296510507038,0.2645514722666058,0.25981735159817354
2023-04-24,0.3763266015874067,0.4357840856212192,0.6964149504195271,0.36525785188057386,0.23168851195065532,0.2649475125513464,0.26386669710111843
2023-04-25,0.3826860734387463,0.46475924633635735,0.7003050330452465,0.36518705175421595,0.23260743881287338,0.2648870636550308,0.26837060702875404
2023-04-26,0.376729925774882,0.5188372093023256,0.6795425667090216,0.32810077519379843,0.2317919075144509,0.2645985401459854,0.23750855578370977
2023-04-27,0.3615554856605649,0.4938386421762381,0.6765752032520325,0.26642123619453595,0.2298208437680601,0.26408209806157357,0.23859489051094895
2023-04-28,0.34956421114161434,0.46978149697814975,0.650495300990602,0.2867105772956218,0.2284283513097073,0.26356589147286824,0.19840364880273664
2023-04-29,0.33652153487950565,0.38903090866837087,0.6533773489080752,0.2748402091807089,0.2258809936452918,0.2651014360610896,0.21089831281349747
2023-04-30,0.3409213292480215,0.4375,0.6567656765676568,0.23818745158791635,0.22487485560261844,0.26663628076572465,0.22156371096421246
2023-05-01,0.33244327174431637,0.3823461091753775,0.6538071065989848,0.26253630203291384,0.2240615976900866,0.265436318067897,0.20647219690063812
2023-05-02,0.33554019608344193,0.2865768694844403,0.6884039583861964,0.30061943476577624,0.22209391839876824,0.26423690205011385,0.2513100934153566
2023-05-03,0.3594934636835491,0.487578360807987,0.6707255200405886,0.29185213857170506,0.20800461804887438,0.2673650649054885,0.23143507972665145
2023-05-04,0.34793254664252843,0.4173630454967502,0.6639614506720771,0.3169504643962848,0.20065409772989606,0.2666211293260473,0.22204509223411528
2023-05-05,0.3405167116297143,0.40032490136922716,0.6691176470588236,0.2845811568968853,0.19369109444123866,0.2670157068062827,0.2283697632058288
2023-05-06,0.346309126745222,0.5157772621809744,0.6504435994930291,0.2537717601547389,0.18307692307692303,0.26854802002730993,0.2062371955383565
2023-05-07,0.32772148417563246,0.38366968220830433,0.6692853522554485,0.23844517501450396,0.17112093828109975,0.2687144482366325,0.23509330905780612
2023-05-08,0.33297199788655213,0.4322820037105751,0.6724094248796555,0.21751740139211137,0.14667435601691658,0.27001819836214735,0.2589306029579067
2023-05-09,0.3419559200500844,0.4662647808949687,0.7036474164133739,0.19176493330755848,0.1180088410532385,0.2701842165112577,0.30186533212010924
2023-05-10,0.32717348582008715,0.40310616597125637,0.7072676626994177,0.18129107073830691,0.09627209838585704,0.2680763983628922,0.3070275187627928
2023-05-11,0.3215160992707224,0.32908458864426415,0.7081012658227848,0.23304347826086957,0.07934678194044187,0.2689247556262787,0.31059572532969537
2023-05-12,0.3393119060985336,0.41612604263206676,0.7304479878511769,0.22353168469860896,0.06819054936611602,0.26681818181818184,0.3307569902250511
2023-05-13,0.34625056463800924,0.4711605281445448,0.7376012145748988,0.19837743867104501,0.06087958517380454,0.26766643944558055,0.3418181818181818
2023-05-14,0.34064965376404865,0.4478925428439092,0.735137869972173,0.19466975666280417,0.057987711213517645,0.2676056338028169,0.34060440808907066
2023-05-15,0.3231697127667585,0.33109516091687896,0.7319170460293374,0.21394091523460126,0.05740065271645234,0.2668635021576198,0.3378009995456611
2023-05-16,0.33255964181867315,0.430787037037037,0.7236409608091023,0.18281853281853283,0.053358925143953906,0.2752043596730245,0.32954803543038835
2023-05-17,0.33427777606182135,0.40708169405230266,0.730788675429727,0.20729588882455124,0.050662061024755345,0.2719636776390465,0.33787465940054495
2023-05-18,0.32336326816741984,0.3695048588616381,0.7194844579226687,0.20629100733307604,0.04950115118956255,0.2712210621879255,0.32417707150964814
2023-05-19,0.3399900096985477,0.4693499884339579,0.7390096008084892,0.17653868415975305,0.046614233646652625,0.26820966643975497,0.3402178847026782
2023-05-20,0.33418292555211543,0.42576318223866794,0.7383177570093458,0.18364197530864199,0.045454545454545414,0.26814882032667875,0.3437712729748128
2023-05-21,0.34563284939377065,0.509364161849711,0.7308080808080808,0.18302796528447446,0.04448705656759344,0.2678611930142889,0.33824863883847545
2023-05-22,0.3344971967473495,0.42348589921405455,0.7417318858874022,0.18627072888546087,0.042944785276073594,0.2675736961451247,0.34497618507598093
2023-05-23,0.34038743334881677,0.4532008319852091,0.740535083291267,0.19568151147098514,0.04140310523289248,0.26705962366810243,0.34444444444444444
2023-05-24,0.32998208793880957,0.3983364140480592,0.728993186979561,0.20797995373939862,0.04024530471444998,0.2665457842248413,0.33779188392654724
2023-05-25,0.35296210767121217,0.48163548163548164,0.7580726538849647,0.20871073424551936,0.039087947882736174,0.2671651937457512,0.3631006346328196
2023-05-26,0.34880330092001843,0.4314087759815243,0.7556116015132408,0.2443159922928709,0.037931034482758585,0.2632532850022655,0.3602991162474507
2023-05-27,0.3504695117302599,0.4132994689448164,0.7481089258698941,0.27817376228087076,0.0361999616931622,0.26772366930917324,0.35931128228364295
2023-05-28,0.3577007360750168,0.44806094182825484,0.7436349886564154,0.2939137134052388,0.036193029490616646,0.2663043478260869,0.35809739524348816
2023-05-29,0.32999984344341754,0.35425801984768057,0.702116935483871,0.3034854611977662,0.03618609994256172,0.26556486302920534,0.3183876811594203
2023-05-30,0.339869140616535,0.35394554683894786,0.7140337616528093,0.3392375818251829,0.0361791730474732,0.26844726120416473,0.32737151913063167
2023-05-31,0.34442170755119345,0.3868512110726644,0.7158690176322418,0.3368623676612127,0.03578947368421048,0.2631817153202082,0.32797645993662294
2023-06-01,0.34871170842536414,0.45917896678966785,0.7335683706874843,0.25654349499615087,0.03520857252200538,0.2606334841628959,0.34713736139398055
2023-06-02,0.36602449981359997,0.5116439935439243,0.7487411883182276,0.2784298633827208,0.03634972259422231,0.25853879212847775,0.3624434389140272
2023-06-03,0.3397892867387318,0.3575380359612724,0.7334507928517493,0.293574451712197,0.039211935730680936,0.25961103573043876,0.355349468446053
2023-06-04,0.3695102902152074,0.5160175155565798,0.7405636638147961,0.2960184650894403,0.04149933065595712,0.2586479764865476,0.36431478968792397
2023-06-05,0.36312043992653237,0.42741935483870963,0.7393710691823899,0.3473076923076923,0.0447418738049713,0.2590415913200723,0.3608410581053584
2023-06-06,0.3935381233013751,0.5090992858788297,0.7847082494969819,0.3533935781580465,0.04817434524947428,0.2650847457627119,0.4007685352622061
2023-06-07,0.3673385545493943,0.40902809765085213,0.7384963540357052,0.37158785082660517,0.05695718654434245,0.2688657930411207,0.3590960451977401
2023-06-08,0.400593657991662,0.5081740732212756,0.7669683257918551,0.3857389967326542,0.0825530288553411,0.2755816580076802,0.38454586534116586
2023-06-09,0.38792346954617646,0.4113720073664825,0.7612465443578789,0.39392774788624135,0.10508215513947272,0.2759710930442638,0.37994126948271967
2023-06-10,0.37557854253027295,0.3535097813578826,0.764070351758794,0.36080691642651297,0.11728748806112699,0.2761345676224881,0.38166214995483283
2023-06-11,0.3990205163950649,0.43074091118269675,0.7854810349158503,0.3730311179408375,0.1250954927425516,0.27855530474040635,0.40121923684804695
2023-06-12,0.3998471064501447,0.3892339544513458,0.7842792566549472,0.416938736316497,0.13442810769524538,0.2825547280523584,0.391647855530474
2023-06-13,0.40693062723591683,0.41398344066237347,0.7853376851619382,0.434331797235023,0.13974799541809846,0.2818140794223827,0.386368765515685
2023-06-14,0.4075302734367788,0.4647045297769602,0.7863955823293173,0.387022461124976,0.14105745371254053,0.2808481840739905,0.3851534296028881
2023-06-15,0.433479333810532,0.5871264367816091,0.7979924717691342,0.38253358925143954,0.14255725190839696,0.2764997744700045,0.4141664786826077
2023-06-16,0.40689376723831766,0.46747874051942084,0.7917711991971902,0.3653809249664172,0.14539210074413278,0.2800450958286359,0.3912945421741092
2023-06-17,0.3936785288889137,0.4241727941176471,0.7725106596438425,0.3656945510360706,0.14631819916062572,0.28201082055906224,0.3713641488162345
2023-06-18,0.40653529700989316,0.48265563978865156,0.7660481444332999,0.3926721657394974,0.14934197978256725,0.2812711291413117,0.3672227231740307
2023-06-19,0.39808308853647567,0.4340836012861736,0.7733767861619454,0.38396624472573837,0.15255530129672001,0.27985579089680035,0.36466080685147617
2023-06-20,0.4037936392772001,0.4670493685419058,0.7583959899749373,0.400575263662512,0.15462345090562435,0.2813696778553728,0.36074808472284814
2023-06-21,0.3840264869551959,0.4584481175390266,0.707341518416437,0.38496932515337423,0.15535646206633624,0.28490990990990994,0.3131335886460914
2023-06-22,0.37143461033852093,0.49621299058985535,0.6568136272545091,0.3747364385662258,0.15608919382504283,0.28597162801170906,0.25878378378378375
2023-06-23,0.3583485273821896,0.41188618632400187,0.6606561482594541,0.35856650057493294,0.1570121951219512,0.29063484916704185,0.2713352848457554
2023-06-24,0.360780399204972,0.46478550126175733,0.64371557336004,0.3498754550680207,0.1577443322537626,0.28966914247130315,0.2588923908149482
2023-06-25,0.34274239713920124,0.3610091743119266,0.6465581977471839,0.32739463601532565,0.16000000000000003,0.28937893789378943,0.27211343686698175
2023-06-26,0.3367699870478544,0.3331804631965145,0.6491491491491492,0.31105152269680136,0.1633974481051228,0.2890888638920135,0.2747524752475248
2023-06-27,0.34381440930846074,0.3674919761577258,0.6559919939954966,0.30160857908847183,0.16507996953541504,0.2865497076023392,0.28616422947131603
2023-06-28,0.3390313079183915,0.38643135457254185,0.6453226613306653,0.2751292360712234,0.16619074814391777,0.2878344951652799,0.2732793522267206
2023-06-29,0.3625980737075061,0.55980751604033,0.6599149787446862,0.21171516079632466,0.16787209744956222,0.2886690647482014,0.2876096244659321
2023-06-30,0.3271978802082185,0.36426116838487976,0.652,0.20210526315789473,0.17316841103710756,0.28995279838165877,0.28169964028776984
2023-07-01,0.3307296681061584,0.31882730187814934,0.6520869782554362,0.2470340604668963,0.17827245053272456,0.2885393258426966,0.29961789166104746
2023-07-02,0.35162184331797963,0.4284405770551867,0.6494252873563218,0.23837765448632103,0.1829941031006277,0.30420130307796,0.30629213483146067
2023-07-03,0.32266254425519775,0.27403846153846156,0.6500124906320259,0.21748278500382556,0.18790414606314187,0.30211141060197666,0.30442597169175467
2023-07-04,0.3399334806859137,0.39528496223392084,0.6368631368631368,0.2273857334098298,0.18938961779806052,0.3040646754996631,0.2866127583108715
2023-07-05,0.3357277504618863,0.3851258581235698,0.6449438202247191,0.1933078393881453,0.1901140684410646,0.30399640772339465,0.29687850887042444
2023-07-06,0.3317136375241399,0.3285289407458247,0.655516724912631,0.20493213534697,0.19292910093138183,0.2980920314253648,0.3102828917826672
2023-07-07,0.3509342135651812,0.41514181152790486,0.6705764911405041,0.1819571865443425,0.1991638160395287,0.29757630161579895,0.34118967452300786
2023-07-08,0.33042250821239083,0.26960896409787327,0.6601796407185629,0.2033250525511179,0.20653619608588258,0.30356742203275744,0.33931777378815076
2023-07-09,0.33255522978644797,0.26566072245084593,0.6637565477675231,0.2103553687428353,0.21124620060790278,0.29901301031852845,0.3452995288310523
2023-07-10,0.33694793201635864,0.2944,0.6665835411471321,0.2017191977077364,0.217283950617284,0.2973760932944607,0.34432480933153886
2023-07-11,0.34078691309910597,0.34369287020109685,0.6599351782597855,0.19117647058823528,0.2204709456893278,0.3002242152466368,0.3292217986095537
2023-07-12,0.347806045920901,0.4295179346584419,0.6557826520438683,0.16478900133664312,0.22156825517372314,0.3041918852275275,0.3109865470852018
2023-07-13,0.3411153635990467,0.38807674737322984,0.6633441315723898,0.15597556319205805,0.2238041002277904,0.29179740026893775,0.3236942389598745
2023-07-14,0.3484925124930036,0.4955469285224937,0.6350274040857,0.15384615384615385,0.22546972860125258,0.28859511539323324,0.2924697445091887
2023-07-15,0.3520626648125769,0.42237442922374424,0.6657534246575343,0.16698473282442747,0.23017077798861485,0.2856182795698925,0.34147434461124804
2023-07-16,0.353289731268757,0.4238758274366583,0.6673306772908367,0.16161037969853081,0.23392145702902678,0.2877939529675252,0.3452060931899642
2023-07-17,0.33999720596852573,0.3471017800091283,0.6699029126213591,0.1619610835558947,0.23577389984825492,0.2875055978504254,0.33773796192609185
2023-07-18,0.3576838679421542,0.44010951403148524,0.6754604280736685,0.159450696166317,0.23724634932675892,0.28744123572867697,0.3463949843260188
2023-07-19,0.34377965986416686,0.33006386861313863,0.6837521771584971,0.16170861937452327,0.23890784982935154,0.2876007162041182,0.36064472800537273
2023-07-20,0.35221738346779213,0.3867730900798175,0.682089552238806,0.15900857959961867,0.2411374407582938,0.2870888341910942,0.35720680393912263
2023-07-21,0.3719246773143811,0.49407204742362065,0.6846555583188262,0.1601219977125429,0.24317664897649738,0.28702460850111855,0.36249720295368093
2023-07-22,0.3846190791013853,0.5618873945748804,0.6829935355544505,0.16409376786735277,0.2457835891605079,0.285842093491389,0.3671140939597315
2023-07-23,0.37181167415368505,0.46422060164083867,0.6885408898831717,0.16882621951219512,0.2457370215990906,0.28890876565295165,0.3746365466338627
2023-07-24,0.3578277827054161,0.38938254727728416,0.6806660039761432,0.18098685463897884,0.2479636294752794,0.2886206125642745,0.35934704830053665
2023-07-25,0.370674176099719,0.39453302961275627,0.7065838509316771,0.18476190476190477,0.24943181818181814,0.2907912382655342,0.39794321484462325
2023-07-26,0.3780377141319305,0.4566158050557959,0.7054148037754595,0.17577604265854124,0.25033137663321336,0.2851396648044693,0.3949485918641037
2023-07-27,0.37178133181575485,0.4221311475409836,0.7012664514526943,0.17364813404417365,0.2523665278303673,0.2911081322609472,0.39016759776536314
2023-07-28,0.37961573516272057,0.45731846118825403,0.7077954319761668,0.17647058823529413,0.2536437630134394,0.2814384632566451,0.4010277033065237
2023-07-29,0.3869072873610495,0.44469731451979977,0.7046413502109705,0.22972972972972974,0.25738077214231647,0.27936578829834746,0.4056287692651329
2023-07-30,0.39440256214884745,0.4873720136518771,0.7034739454094292,0.22645099904852523,0.2609271523178808,0.2795266800625139,0.4086645824028584
2023-07-31,0.3678037217974273,0.3237033666969973,0.7080129000248078,0.2241248097412481,0.26428301172909574,0.2785714285714286,0.40812681402098683
2023-08-01,0.39180144468073314,0.44439390493518305,0.7105654761904762,0.23435419440745672,0.26669188575751845,0.2816335639366213,0.41316964285714286
2023-08-02,0.383495415639111,0.44679399727148705,0.7002231589387553,0.20787371624191708,0.26683055975794256,0.27599286033020975,0.40325820129435397
2023-08-03,0.3831512763717218,0.3823596271879973,0.7146752602875558,0.2222856056284465,0.26791453961051237,0.2832924380994869,0.428380187416332
2023-08-04,0.3883713394040815,0.39409090909090905,0.7137546468401488,0.24125475285171102,0.2680529300567108,0.2856824264049955,0.4273923711800134
2023-08-05,0.4100369187812165,0.5471483753692343,0.7185332011892963,0.2031933092567953,0.26705726705726707,0.2865105908584169,0.437778768956289
2023-08-06,0.3827027624159076,0.38596092685143113,0.7188506316571712,0.22862029646522236,0.2671957671957672,0.2835488185465894,0.4120401337792642
2023-08-07,0.369100709345503,0.34567340449693396,0.7196631996037642,0.1958958768763063,0.2675231437747969,0.28303989302429244,0.40280873829692376
2023-08-08,0.3756974819153673,0.42370572207084467,0.717256746719485,0.1717325227963526,0.264261428031734,0.2758467023172906,0.4013817695564965
2023-08-09,0.38311523634475964,0.519182746878547,0.6952970297029704,0.15688509021842356,0.260056657223796,0.29271552684339497,0.374554367201426
2023-08-10,0.35740981619850287,0.3427144802541988,0.7032912645384806,0.16274211925560197,0.25811933534743203,0.2908685968819599,0.3867231009133437
2023-08-11,0.39081117291856,0.5166780122532335,0.710786739238001,0.17372318207708373,0.25599395884462905,0.29369850812736586,0.39398663697104674
2023-08-12,0.3720217173105773,0.3920145190562614,0.7116002968093,0.17729688686408504,0.25500188750471875,0.2907390917186109,0.40547762191048764
2023-08-13,0.3683970590659101,0.3288727602630982,0.7116716122650841,0.21958625925223002,0.25797320249103606,0.2848876029379034,0.40739091718610865
2023-08-14,0.39103787260757156,0.48140589569160996,0.7179233621755253,0.1971537001897533,0.2596226415094339,0.28348909657320875,0.40663253950589806
2023-08-15,0.3696235711708815,0.3169349353888007,0.7140385565991103,0.2251944602542212,0.26070552725900775,0.2994438264738598,0.40142412105028924
2023-08-16,0.37660129029238537,0.3218495013599275,0.7242401779095626,0.2289453717754173,0.26027913994718976,0.3004893238434164,0.4238042269187987
2023-08-17,0.3925600762178895,0.3605257194652164,0.7386363636363636,0.2497629432960364,0.26117292098811995,0.29975539248387817,0.4455071174377224
2023-08-18,0.43874978374150425,0.44676030811055734,0.7969869103482341,0.2262040197193781,0.26112368024132726,0.29724321920853713,0.6041805648209917
2023-08-19,0.4622903142674228,0.5381653454133635,0.8059259259259259,0.20587677725118483,0.25918944392082943,0.29939986663703044,0.6651845264562027
2023-08-20,0.4643397670097846,0.5339673913043479,0.8057269809923475,0.216262319939348,0.2621560497549943,0.3015555555555556,0.6663703045121139
2023-08-21,0.45419947681043443,0.43491057278695944,0.804294175715696,0.26245973090771274,0.26493310721688335,0.30326594090202175,0.6553333333333333
2023-08-22,0.4585836694916365,0.42055228610230877,0.8058228472736244,0.28533535430087154,0.2718538055764883,0.3123056419369169,0.655632081759609
2023-08-23,0.4740764775843263,0.5270423172663499,0.8090774543660582,0.2568668308391741,0.2733094744773027,0.31112591605596274,0.6670368725011107
2023-08-24,0.4674801527596708,0.5212669683257918,0.8002466091245376,0.2471590909090909,0.27514124293785314,0.3152753108348135,0.6457916944259383
2023-08-25,0.47673083921391984,0.5378873558018548,0.8062130177514792,0.26150350312440823,0.2752777254754284,0.31653718091009986,0.6629662522202486
2023-08-26,0.48311799037263475,0.5542740841248304,0.8087256593542026,0.25766755017039,0.27522590361445787,0.31957390146471376,0.6832408435072141
2023-08-27,0.4844505297291188,0.5491747682568393,0.8102513553474618,0.26708309672534547,0.27649162431771124,0.31728422453960503,0.6864181091877497
2023-08-28,0.4887089083540439,0.6340415913200723,0.8080808080808081,0.22350492051476153,0.27756868648852084,0.3181011535048802,0.6709562902152207
2023-08-29,0.48682023439216593,0.6225988700564972,0.808128078817734,0.2261116367076632,0.27657572906867356,0.3180306054557551,0.6694764862466727
2023-08-30,0.42583780511751573,0.41075463172164484,0.7783797094311746,0.2122587968217934,0.27501881113619264,0.32549889135254984,0.5531159902417387
2023-08-31,0.4569859457003573,0.5631353060763497,0.7892663712456918,0.19746548136939662,0.27327440285875493,0.32875193970294836,0.5900221729490023
2023-09-01,0.47583454683004384,0.524390243902439,0.8136844696037411,0.23014372163388805,0.2713426100037608,0.3220301418439716,0.6934160939924628
2023-09-02,0.47081386981006595,0.4983066154888237,0.8171751968503937,0.21743240688220836,0.270539575108103,0.3104365167294483,0.7109929078014184
2023-09-03,0.4686632203253181,0.49345372460496617,0.8162361623616237,0.21398865784499055,0.27086466165413536,0.31081081081081086,0.7066253046753822
2023-09-04,0.47289097120096485,0.4631008801624915,0.8143138219380226,0.28236628236628236,0.2723172336027062,0.31229235880398676,0.6929552503322995
2023-09-05,0.4782550807312134,0.5090252707581228,0.8192771084337349,0.2687074829931973,0.2717023675310034,0.30558015943312666,0.6952380952380952
2023-09-06,0.4902404918571224,0.6038799909767651,0.8200589970501475,0.24522954846023048,0.2690212286304715,0.3086119105601063,0.6946412754650133
2023-09-07,0.48555332542556146,0.5615696887686062,0.8218235438682723,0.2646392142047601,0.2669045830202855,0.30433820274457724,0.6940447199468673
2023-09-08,0.4802862881335252,0.5129650507328072,0.8093366093366093,0.3276676109537299,0.26723004694835684,0.3058198716530206,0.6586985391766269
2023-09-09,0.48963716034232707,0.5676284941388638,0.8169982805207565,0.2898413897280967,0.2634247089748404,0.315929203539823,0.6840008851515822
2023-09-10,0.48332458679595863,0.49943655623168803,0.818762278978389,0.32225788181989806,0.26243664351417306,0.3151957531519576,0.6818584070796461
2023-09-11,0.4834198941166002,0.5184767913474537,0.8215074883378345,0.31917704794261986,0.25713213213213215,0.3146837682441398,0.6695421366954213
2023-09-12,0.4807021974285292,0.4827663888263123,0.8414334806087383,0.27344782034346105,0.25258022142991177,0.3185938536369666,0.7153914197257851
2023-09-13,0.4796181468693952,0.54009009009009,0.8215950920245398,0.289811320754717,0.24971857410881804,0.3185234305923961,0.6579703736458102
2023-09-14,0.4585686355884721,0.5100202657059221,0.8103532875368008,0.24561403508771928,0.24760832864378168,0.32088397790055245,0.6169319186560566
2023-09-15,0.4321062144720515,0.43133723547951375,0.801569781702232,0.23029045643153526,0.24531132783195797,0.31860362350861693,0.565524861878453
2023-09-16,0.41478256199940366,0.32680621201890614,0.7986758214811183,0.23816707524042993,0.24376523532720795,0.3220675944333996,0.5592134334953601
2023-09-17,0.443103720509493,0.4671467146714672,0.8021573915175289,0.25245098039215685,0.2429696287964005,0.325530035335689,0.5683675723437155
2023-09-18,0.4462076915887316,0.49696287964004504,0.8041666666666667,0.27822808671065036,0.242174320524836,0.32612055641421944,0.5295936395759717
2023-09-19,0.4333526999716406,0.45569050832208724,0.7978436657681941,0.289295137580098,0.23819340329835081,0.32560706401766004,0.4934864208434533
2023-09-20,0.4249676450050938,0.5266471778727232,0.7912787849093581,0.2336536649707933,0.23383923552557617,0.32685941293312737,0.43752759381898454
2023-09-21,0.41489877287099314,0.4959532374100719,0.7940240019593436,0.20535041446872646,0.2311727238666167,0.33517210944395415,0.4277201500772456
2023-09-22,0.42942370234983235,0.5428186109238031,0.8046033300685602,0.21228103220945563,0.22719610413935198,0.33730421354511364,0.45233892321270963
2023-09-23,0.4308770689393285,0.5768539325842696,0.8048959608323134,0.20659133709981167,0.22134831460674154,0.3281870313189237,0.44738583719391134
2023-09-24,0.41453037309549345,0.4650640305549315,0.8054331864904551,0.22180380342684994,0.217936715970792,0.33362734288864393,0.443317159241288
2023-09-25,0.4280037358123927,0.5211141060197664,0.8137998531930511,0.23795180722891565,0.2163983526769,0.33112874779541446,0.44762954796030874
2023-09-26,0.42877777117819255,0.5252638670559173,0.8143346379647749,0.24185958968567664,0.21504772599663113,0.3345823231210051,0.4415784832451499
2023-09-27,0.43947228242923003,0.5590480466995958,0.8185375397407679,0.28057960105382007,0.21369760479041922,0.3270163067430586,0.43795459554771876
2023-09-28,0.42633368804109845,0.4693602693602693,0.8134474327628362,0.33207902163687675,0.21290926099158092,0.32452081956378054,0.40568532393124723
2023-09-29,0.4176603545192978,0.5026929982046678,0.7956489855780983,0.3231753197893153,0.21212121212121215,0.3231277533039647,0.34919585811852827
2023-09-30,0.4243617802320226,0.5016827462418667,0.7971652003910068,0.3513259356780139,0.21170749953244805,0.32658004844747857,0.35770925110132157
2023-10-01,0.42808787221146966,0.5390309555854643,0.7964817981920351,0.33884919142534786,0.21222887060583395,0.3267283135182739,0.355208103941863
2023-10-02,0.4043961227778629,0.5052702399641176,0.7828529555446996,0.32656514382402707,0.21312394840157034,0.3202729473915915,0.2782915015411713
2023-10-03,0.39854892124689084,0.4363228699551569,0.7877899877899878,0.325,0.21271028037383177,0.3160211267605634,0.31344926260180495
2023-10-04,0.38901200547557657,0.4066352835687066,0.79052734375,0.2884796090960346,0.21117548121846386,0.31639163916391644,0.320862676056338
2023-10-05,0.4030814279194746,0.5531151949798296,0.7852086892848426,0.2720781661029688,0.2105754857997011,0.31236251649802027,0.2851485148514852
2023-10-06,0.41170340049312015,0.521622227201434,0.7916056612981942,0.32425324065376665,0.2107229590883617,0.31383329667912907,0.30818301803783543
2023-10-07,0.39391815101502403,0.41129032258064513,0.7831178336179556,0.3606311044327573,0.2101232723197609,0.31904133685136327,0.27930503628766223
2023-10-08,0.3873237268775865,0.36528555431131016,0.7826829268292683,0.3671361502347418,0.20952380952380956,0.3202901736645417,0.27902374670184693
2023-10-09,0.41067587206919337,0.4760412001791312,0.7841989758595465,0.4083740142696207,0.21340552651232259,0.32043956043956046,0.26159595515497913
2023-10-10,0.4064044683587571,0.44392209536601746,0.7888834714773281,0.3917777360615731,0.21523240619749862,0.31949022192924637,0.27912087912087913
2023-10-11,0.41035168768197755,0.4212175470008953,0.7935656836461126,0.41347597597597596,0.21911160880925717,0.32139718804920914,0.29334212261041526
2023-10-12,0.4224854950836095,0.44775117475945403,0.8077485380116959,0.4248451867142053,0.22019033401754062,0.3125411816384801,0.3218365553602812
2023-10-13,0.42348458236564057,0.4293064876957494,0.8107186358099878,0.44390243902439025,0.2216417910447761,0.30544576196750106,0.3298923786514386
2023-10-14,0.4462683542412267,0.5497651532095729,0.8085728202630297,0.4616394672669293,0.22309270658459246,0.3049396267837541,0.32960035133948173
2023-10-15,0.4409485501870439,0.5167710196779964,0.8083759435110787,0.4579894973743436,0.22398358821335318,0.30794556628621594,0.33062568605927556
2023-10-16,0.4101762256987163,0.4077800134138162,0.7996592015579358,0.4192762047627977,0.22729815401827336,0.3085363177529076,0.29850746268656714
2023-10-17,0.40484672506699,0.500670540902995,0.7714772450717936,0.4158230221222347,0.22856077554064136,0.315269855199649,0.19727891156462585
2023-10-18,0.39456233261930757,0.3988826815642458,0.7749391727493917,0.4301780693533271,0.2307548928238583,0.32178109234481245,0.21083808688021066
2023-10-19,0.4127447999586047,0.48815907059874886,0.7786426660180005,0.41847826086956524,0.23499813641446143,0.32675438596491224,0.22943627988593995
2023-10-20,0.41622628950713586,0.5041322314049587,0.7682392996108949,0.4433202173505715,0.2370039128004472,0.34093400570050425,0.2037280701754386
2023-10-21,0.4092271804575027,0.5122822688700313,0.738633600778021,0.4454852004496066,0.2391952309985097,0.34370889960543616,0.17605788204341155
2023-10-22,0.39466967743198467,0.4215226613083277,0.7306757413709286,0.46375725791346695,0.2438070404172099,0.3390313390313391,0.16922402455063568
2023-10-23,0.39857374508283056,0.4035714285714286,0.7300121506682867,0.5114232209737828,0.24990689013035383,0.33917616126205086,0.15735261889108043
2023-10-24,0.3513506456226489,0.3255969649631779,0.6401846452866862,0.49840853772701743,0.25507354310184327,0.3334063526834611,0.05543382997370727
2023-10-25,0.3641790166524676,0.46430165104863896,0.6181685693466117,0.47173343317109695,0.253723008190618,0.32194480946123527,0.05520262869660464
2023-10-26,0.3419257180014097,0.35422708008030335,0.6080621661000485,0.46696612390043046,0.2531174390470873,0.3172761112327568,0.05190538764783181
2023-10-27,0.34222780469736175,0.3340767172167708,0.6142267540665209,0.4663173652694611,0.25344250093040566,0.31895796847635727,0.06634552222465517
2023-10-28,0.3398414332200601,0.32419175027870684,0.6194174757281554,0.4293732460243218,0.254139534883721,0.31932589188006133,0.09260070052539404
2023-10-29,0.3416723563737341,0.29982166740971916,0.6158699344819218,0.4612794612794613,0.25706845238095233,0.3205689277899344,0.09542569490041586
2023-10-30,0.3473956097830875,0.38756407399153114,0.6077147016011645,0.43501028614176174,0.2596243258322485,0.3165609275869613,0.07789934354485772
2023-10-31,0.3425644289393086,0.3088235294117647,0.6102352655833132,0.47026925953627524,0.2616214206024544,0.3180227471566054,0.08641435134543862
2023-11-01,0.34885987999479134,0.31187346847850306,0.6074199806013578,0.5058889512058329,0.2623164156906488,0.3203586267220643,0.08530183727034124
2023-11-02,0.3474578441043392,0.32160356347438757,0.5978181818181818,0.5003738317757009,0.2637546468401487,0.3268473983384347,0.07434944237918217
2023-11-03,0.3538004494788496,0.3562680917390336,0.6034900630150266,0.4829003924500093,0.26482066530384685,0.3103825136612022,0.10494097070397901
2023-11-04,0.3734339519946663,0.3995992876224399,0.6079476617397626,0.5164424514200299,0.26291341508732813,0.3184003496503497,0.13530054644808742
2023-11-05,0.3487868719144043,0.26374360115735584,0.6017441860465116,0.5346534653465347,0.2520899126880921,0.31745684946471486,0.12303321678321677
2023-11-06,0.34696918540604704,0.2801513128615932,0.6018406393799951,0.5175569667538289,0.24777117384843983,0.31629532546963735,0.11819969412278786
2023-11-07,0.36358049809768705,0.450055617352614,0.602905569007264,0.4478057889822596,0.2408542246982358,0.31273203756278667,0.12712975098296198
2023-11-08,0.34713430701815945,0.40435943060498225,0.5981602517550231,0.4232636295743092,0.2331971778685481,0.3037117903930131,0.12011356191308142
2023-11-09,0.3311089679728983,0.3226595508116522,0.5955953533397871,0.41646443905170805,0.21663263411917577,0.31761624099541585,0.11768558951965069
2023-11-10,0.32306293432226096,0.33570475767007557,0.5884345511734818,0.3883911907428145,0.19413511507052705,0.32736796158882586,0.10434402968784107
2023-11-11,0.3023419934922511,0.28272949544343184,0.5800677310111273,0.3866392983765628,0.18296529968454256,0.27907484180667685,0.10257529463116544
2023-11-12,0.30052030785142897,0.2677777777777778,0.5859733978234583,0.367910447761194,0.17458256029684605,0.2796684118673648,0.1272092515819332
2023-11-13,0.3020609137469375,0.26527438347033994,0.5853481624758221,0.40104458123484427,0.16416249304396213,0.2796074154852781,0.1169284467713787
2023-11-14,0.3400117925764105,0.4666814749000444,0.5902828136330674,0.3989183140619172,0.15764094955489616,0.28107283035324904,0.14547437295528898
2023-11-15,0.33348655775638675,0.3866311347990229,0.5993233446109232,0.3990303934365094,0.15371778231040234,0.27425332461303686,0.18796336676842562
2023-11-16,0.30166717246317876,0.3037300177619894,0.5762261415800918,0.41778523489932884,0.14868372265480168,0.2680906713164778,0.0954872465663833
2023-11-17,0.3147016798002141,0.33185349611542725,0.5954106280193237,0.3830382106244175,0.13790546802594994,0.2695576378295925,0.17044463818657363
2023-11-18,0.3110765450489746,0.31802041722148244,0.5918860178700798,0.38874394334699963,0.12398072646404745,0.27254901960784317,0.1712791457833951
2023-11-19,0.3108016627109915,0.3234967827823386,0.5922259777885079,0.3922116638718092,0.10987585695756907,0.2714005663254193,0.17559912854030502
2023-11-20,0.2950530232452206,0.24201419698314108,0.5831523050929278,0.4392697466467958,0.10188958873656906,0.27134146341463417,0.13265083859725546
2023-11-21,0.29825241652737167,0.25327123530716344,0.5827702702702703,0.4429130191842056,0.09446193739581399,0.2778140648813412,0.13828397212543553
2023-11-22,0.3218583102509111,0.3266075388026608,0.5978287092882992,0.41824953445065177,0.08537037037037032,0.2905964301262516,0.21249727846723276
2023-11-23,0.3136049212611167,0.34803812901795605,0.5839363241678727,0.4008564513126047,0.0749861136826514,0.30533188248095755,0.16848062690465826
2023-11-24,0.3188497479293868,0.3282358156028369,0.5857246202073788,0.4389426656738645,0.06516105146242135,0.31723237597911225,0.17780195865070725
2023-11-25,0.31177282624688646,0.2506093507644582,0.5807618129218901,0.4636143681369812,0.06440866185452532,0.3282575592777899,0.18298520452567446
2023-11-26,0.315883148557585,0.2762516614975631,0.5796577488551458,0.457945664309639,0.06291635825314579,0.329273597216181,0.18925386121383514
2023-11-27,0.3299529603171152,0.3353266888150609,0.5848192771084337,0.4587906976744186,0.06105457909343204,0.3374646662317895,0.20226185297955634
2023-11-28,0.34338822100952754,0.4238263950398583,0.5885328836424958,0.4211309523809524,0.05678875323714394,0.33847826086956523,0.23157208088714942
2023-11-29,0.3280842902697989,0.32809386761124637,0.5811657032755299,0.44560163660033475,0.054373959681893846,0.3553575309715279,0.2039130434782609
2023-11-30,0.3324365306408967,0.3793714032757858,0.5817481338791235,0.4096318333953142,0.052329881656804744,0.3539765319426337,0.2175613996957183
2023-12-01,0.33307762046145517,0.39367116618720954,0.5835339431872894,0.3744190369957241,0.05065631355148825,0.35542037801433846,0.24076488483268144
2023-12-02,0.30652267569020913,0.2422566371681416,0.5679903730445246,0.4018587360594795,0.050092421441774504,0.3549087749782798,0.22202911144905502
2023-12-03,0.3264915779372048,0.4049988940499889,0.555822906641001,0.40345660657870286,0.04805026797264833,0.357871878393051,0.18874891398783666
2023-12-04,0.29893956675154826,0.24060150375939848,0.5484724560981478,0.42735042735042733,0.04656319290465627,0.3575770733825445,0.17307274701411512
2023-12-05,0.2782771073557591,0.2504974574397524,0.5211640211640212,0.38825933494334014,0.04433770552373917,0.3485999565878012,0.11680416847590103
2023-12-06,0.26923533535391614,0.28514588859416445,0.49627314258235156,0.3649702823179792,0.03823420760990026,0.357421875,0.07336661601910133
2023-12-07,0.2801889204382187,0.29790055248618785,0.5004807692307692,0.41095636025998145,0.031763619575253976,0.33152527663267517,0.10850694444444442
2023-12-08,0.3035279348872846,0.4182501104728237,0.5063686613794761,0.40735239509840326,0.02972673559822747,0.30412147505422993,0.1553482317205468
2023-12-09,0.27720136175508836,0.29887342611000667,0.4959154252763095,0.39651011694820865,0.027505999630791922,0.3012361743656473,0.14316702819956617
2023-12-10,0.27810779438314215,0.2325530035335689,0.5013211626231083,0.42947290274684485,0.031930601698043515,0.29509973980919346,0.17826935588809367
2023-12-11,0.2858371741289978,0.287701479355266,0.5016810758885687,0.42122842827982926,0.032662852924893904,0.29265120312161286,0.17909800520381614
2023-12-12,0.31171735454132343,0.2571743929359823,0.5368547418967586,0.42207792207792205,0.03210332103321034,0.2815344603381015,0.34055928896596577
2023-12-13,0.31282109280425113,0.3061134407415581,0.5316850696111377,0.37636802077536635,0.03191293119350669,0.27150595882990247,0.3593411356740356
2023-12-14,0.300679564734584,0.26743159752868495,0.5123590112790977,0.41876854599406527,0.030062707488011764,0.27274696707105717,0.3027085590465872
2023-12-15,0.3069986868895858,0.27707919699977934,0.511996161228407,0.44298164287038755,0.021390374331550777,0.27745289148797925,0.3110918544194108
2023-12-16,0.3129056632624016,0.23687692986325537,0.5248260973854642,0.4453096032628847,0.0165929203539823,0.27414465136422694,0.379683777344596
2023-12-17,0.32348859163928195,0.2694597574421169,0.5235011990407674,0.4607970342910102,0.01529953917050686,0.2857761420220827,0.38609787786920746
2023-12-18,0.33341088604138264,0.29166666666666663,0.5370414768640615,0.45292809488510005,0.014190932546995993,0.27640692640692643,0.4282312188785451
2023-12-19,0.3119648332568454,0.225920211593564,0.5186960690316396,0.45988512136372056,0.013451262207481163,0.27613070763903913,0.37770562770562766
2023-12-20,0.31150164453476026,0.242397531952402,0.5240833932422717,0.41163393849573915,0.012527634487840777,0.2643877109476417,0.4139796580826661
2023-12-21,0.30458467938406625,0.28574575897774845,0.5081456636320076,0.3732172624560104,0.011604347025234829,0.26930564568462034,0.3794893985287754
2023-12-22,0.3030941937355497,0.2784140969162996,0.5051497005988024,0.3672222222222222,0.00939226519337022,0.2774653979238755,0.3809214795587281
2023-12-23,0.3014861763189405,0.21889451662629378,0.5031130268199233,0.4038141084984262,0.007549254280979523,0.27459459459459457,0.40095155709342556
2023-12-24,0.3093762235915395,0.2371202113606341,0.5070624850371079,0.39966679007774897,0.008468335787923387,0.2797233030696066,0.4242162162162162
2023-12-25,0.3147821415558037,0.2223200528285274,0.5153183341311632,0.3877475476587081,0.006994294128474188,0.29781716014696347,0.45849546044098577
2023-12-26,0.3215231786212059,0.31954225352112675,0.5094520220148361,0.36917098445595853,0.006808980493191008,0.2893258426966292,0.43483898854549385
2023-12-27,0.3414699518377246,0.33971397139713977,0.5248803827751196,0.3639222941720629,0.00662373505059799,0.2920717217541585,0.5216076058772687
2023-12-28,0.34852688073503896,0.37351517817861857,0.5127959818225305,0.3812430632630411,0.006438557763061126,0.3269978401727862,0.49017066321019653
2023-12-29,0.36720830982285957,0.4400703760721355,0.5236728837876614,0.3434436841131866,0.006069523634357199,0.3305981429496869,0.5593952483801297
2023-12-30,0.36736089448202547,0.297273526824978,0.5350227109729859,0.3701923076923077,0.006068407502758388,0.33743523316062174,0.6581731807385014
2023-12-31,0.37118052713283767,0.32138931633326007,0.5310707456978967,0.39619153263080054,0.005699577128148503,0.30541765594647097,0.6673143350604491
2024-01-01,0.36279388485406106,0.27692307692307694,0.5314217443249701,0.36229205175600737,0.005330882352941213,0.3141993957703928,0.6865961579969782
2024-01-02,0.34174962058415964,0.2610415293342122,0.5076445293836598,0.40343744224727407,0.005329902591435398,0.3126213592233009,0.5604229607250755
2024-01-03,0.3389220914668741,0.3536906854130053,0.49582039646524956,0.3407243163340724,0.004961411245865466,0.3138481449525453,0.524487594390507
2024-01-04,0.36035213795378884,0.2681748297825609,0.5253104106972302,0.350822094956586,0.005144221936432158,0.3023506577528574,0.7103106125970664
2024-01-05,0.3482664087997908,0.22507685551163814,0.5053712103127238,0.3995197635759143,0.006061719324026438,0.30099180681328164,0.6525770972611602
2024-01-06,0.37250335336926765,0.3352360043907794,0.5083532219570406,0.38855032317636196,0.006611570247933907,0.30437594309118343,0.691893057352307
2024-01-07,0.3850074409433751,0.3305531167690957,0.5113338105464089,0.4327917282127031,0.006977598237238314,0.30625,0.7221383918948049
2024-01-08,0.40926153930231085,0.4570989686197059,0.512881679389313,0.42828133653313644,0.007159904534606243,0.3163111398405516,0.7338362068965517
2024-01-09,0.3430921916100602,0.37275120666959194,0.48056284283329354,0.37504614248800294,0.007158590308370072,0.2975010771219302,0.5255332902391726
2024-01-10,0.3453194256390392,0.25860934415441983,0.48760133524082017,0.4052408193393615,0.007340796476417721,0.27719147103166053,0.6359327875915554
2024-01-11,0.3491142231061876,0.32719298245614037,0.4817640047675804,0.3797047970479705,0.007522935779816553,0.2616279069767442,0.6368727116088736
2024-01-12,0.35178612965891265,0.20390265292698972,0.4849857006673022,0.43128574063825864,0.008255365987892116,0.2576964477933261,0.7245908699397072
2024-01-13,0.3964024823319508,0.24945199473914947,0.530617107457708,0.43046846182220583,0.008620689655172376,0.2529057253551442,0.9063509149623251
2024-01-14,0.4043996388762648,0.27657243041858426,0.5307289185326346,0.44237506914991703,0.009536035209976146,0.2567247686679578,0.9104606112785192
2024-01-15,0.4304485020766083,0.4432515337423313,0.5479876160990712,0.3954646017699115,0.00990099009900991,0.2570998278829604,0.9289864428663654
2024-01-16,0.4344609609646788,0.5202628696604601,0.5395238095238095,0.3635023041474654,0.013565536205316198,0.2525274252527425,0.9173838209982789
2024-01-17,0.4174215899729555,0.44108628996933863,0.5265412996905499,0.34463693328418726,0.017228739002932536,0.2563440860215054,0.9186921918692192
2024-01-18,0.41824143211731957,0.4760236479089117,0.5368871965730604,0.2885572139303483,0.01814183617372178,0.25005375188131584,0.9397849462365592
2024-01-19,0.40943832376685535,0.37697022767075306,0.5584106590530573,0.2820560058953574,0.02015390252839866,0.24892519346517628,0.9701139539883896
2024-01-20,0.4207820038671278,0.4291967607791639,0.5537583254043768,0.2958187511512249,0.021982047994138165,0.2490866107887384,0.9748495270851247
2024-01-21,0.4124866201449366,0.3695842450765864,0.5533888228299644,0.30220994475138124,0.02692307692307694,0.24817361409540184,0.9746400171932087
2024-01-22,0.4079849127792798,0.38678626121198867,0.5556348074179743,0.2517031854170503,0.03424281267167184,0.24962406015037597,0.969918349806618
2024-01-23,0.404313247537978,0.3313648293963255,0.5878298074637509,0.22569955817378498,0.03936287074331746,0.24763745704467355,0.9939849624060151
2024-01-24,0.4025462655721974,0.3568773234200744,0.5848384030418251,0.191790907417633,0.04191835987552628,0.2462958986471978,0.9935567010309279
2024-01-25,0.40518414140322156,0.36751202448622655,0.5804229033024471,0.20058888479941112,0.045571010248901866,0.24431086303134397,0.9926991625509985
2024-01-26,0.393868127758656,0.25661202185792353,0.5821852731591448,0.23403863845446182,0.0510521500457457,0.24425842455462543,0.9950622584800344
2024-01-27,0.4030445694072102,0.333041958041958,0.553075279031109,0.24705665930831494,0.057628979143798054,0.24270386266094424,0.9847606782571368
2024-01-28,0.40089043284463327,0.2597771466025781,0.5498575498575499,0.31009748022806694,0.06420340223157128,0.2432954301652006,0.9781115879828326
2024-01-29,0.40537320735666693,0.299912625600699,0.5521006408734868,0.2914674512688488,0.07168983174835408,0.2428142428142428,0.9742544518343703
2024-01-30,0.39902745862944206,0.2983184101332168,0.5334598955861414,0.2785438499724214,0.0799049186322911,0.2425477160626206,0.9613899613899614
2024-01-31,0.414553991750876,0.3591703056768559,0.539976275207592,0.2685661764705882,0.09963436928702007,0.2480703259005146,0.971906497962685
2024-02-01,0.42285155374498135,0.43680419122462344,0.5441176470588236,0.20896893953317405,0.1082069091573753,0.24973204715969988,0.9892795883361921
2024-02-02,0.40907884276353085,0.317765168048887,0.5399573156272232,0.24990812201396545,0.11366959064327486,0.2486069438491213,0.9845659163987138
2024-02-03,0.39649302718314416,0.21448832642373994,0.5381697486960645,0.26860187396656254,0.11986113648821484,0.2521962716948789,0.9856408058294042
2024-02-04,0.4077327585697838,0.33071553228621287,0.5408864659872008,0.21914033798677443,0.11636828644501274,0.2525706940874036,0.9867152346260981
2024-02-05,0.40971562769159914,0.31952017448200654,0.5483412322274881,0.23140495867768596,0.1187214611872146,0.2518740629685158,0.9884318766066839
2024-02-06,0.40749410084718257,0.3172699520279111,0.5479744136460554,0.22016158648549394,0.12016070124178235,0.25096359743040686,0.9884343542514457
2024-02-07,0.40587349630074115,0.26073686505341187,0.5405021316911416,0.28125573710299245,0.12196457914916925,0.2496253478912438,0.9811563169164882
2024-02-08,0.4144048625033189,0.2816041848299913,0.520483068908359,0.3463656387665198,0.12522818546914938,0.253638698630137,0.9591093984157568
2024-02-09,0.4187295993060265,0.36478535628677267,0.506155303030303,0.31455312901449806,0.12830808541704686,0.25422640701904553,0.9443493150684932
2024-02-10,0.39901884448256936,0.2335511982570806,0.4856804733727811,0.36201834862385324,0.131021897810219,0.25631151048352585,0.9255296383479563
2024-02-11,0.39431206587336803,0.2694402091047702,0.48012304779933745,0.3065492570170611,0.13373471994161645,0.2583957219251337,0.9176294394522893
2024-02-12,0.39287981283174905,0.33166376306620204,0.47788029335225923,0.2492663242846662,0.13681138270704118,0.2529940119760479,0.9086631016042781
2024-02-13,0.36081199022527977,0.183104724580884,0.4645222327341533,0.24958738309187603,0.14025168703264634,0.24994654693179386,0.877459366980325
2024-02-14,0.39566371658319005,0.32411841532433605,0.4665405533222984,0.2808947561422809,0.15153172866520792,0.25545104745617786,0.895445798588839
2024-02-15,0.3915201580324344,0.2798694232861806,0.451063829787234,0.3393217231897342,0.1551504102096627,0.2586022654413336,0.8651132962804617
2024-02-16,0.39235585779392346,0.2247606614447345,0.4507208697707398,0.38673020527859236,0.15840320816624132,0.25897435897435894,0.8745458431288737
2024-02-17,0.41913986946061227,0.30258864476832714,0.4487240075614367,0.4518966465090709,0.16147257153271366,0.2636188848536637,0.8865384615384615
2024-02-18,0.41872265191096464,0.2459765115267507,0.45405150011811957,0.48589226823012094,0.16454081632653061,0.26398974797095254,0.8978850672933134
2024-02-19,0.4376718694825201,0.3739943465970863,0.4499291450165328,0.4911155889357025,0.1668792129713973,0.2632927610506086,0.8808201623237932
2024-02-20,0.42865938932018205,0.2995652173913044,0.4536009445100354,0.495970695970696,0.16848816029143898,0.2664389410760034,0.8878923766816144
2024-02-21,0.43011660666668267,0.2732014779395784,0.4490084985835694,0.5398278703534152,0.16991440539063918,0.2672358591248666,0.8815115286080273
2024-02-22,0.4380689684015681,0.2955236853541938,0.45551097474628277,0.5413767850604174,0.17170429715950475,0.2635510029876227,0.9007470651013874
2024-02-23,0.44898716845705106,0.31522919834890284,0.4596507786691836,0.5639758374519495,0.17458583651920623,0.2643481971410284,0.9161331626120358
2024-02-24,0.4422702680338066,0.23305821025195483,0.4642604387827318,0.5841874084919473,0.17673825991991265,0.2666382252559727,0.92873906550032
2024-02-25,0.4425462400635445,0.30618892508143325,0.45731132075471703,0.5299176578225069,0.1776160145586897,0.26636809554275964,0.9178754266211604
2024-02-26,0.4289898701012611,0.2168910117238385,0.4567319028531007,0.5451884376143432,0.18158660844250363,0.2650319829424307,0.90850927703135
2024-02-27,0.4197364664730084,0.29390058606468417,0.4356435643564357,0.47942198646424,0.18264507913407313,0.27243658068642085,0.8543710021321962
2024-02-28,0.408396188222034,0.2862413194444444,0.42752769267028046,0.46232626188734455,0.18224809021462351,0.26960784313725494,0.8224259219782563
2024-02-29,0.3698237288089992,0.18051638099370793,0.4142318567389256,0.4713841652953008,0.18185124568103295,0.2616663115278074,0.7092924126172209
2024-03-01,0.3938877666263319,0.2344902386117137,0.41813898704358066,0.49981718464351005,0.17854545454545456,0.25308904985087344,0.7792456850628595
2024-03-02,0.39622055075309187,0.17263066579917585,0.4145077720207254,0.5669895814293547,0.1785129976367933,0.2613418530351438,0.7833404345973584
2024-03-03,0.4064953770636996,0.2532523850823938,0.4158229338356487,0.5398391812865497,0.17920756088695022,0.258304940374787,0.792545260915868
2024-03-04,0.3790269185925075,0.17060481248645132,0.413135593220339,0.4871185821304586,0.1797201526440123,0.25718543751330636,0.766396933560477
2024-03-05,0.3561477432238081,0.2121803207628955,0.38903271357966585,0.48410668615272195,0.1914970930232558,0.25287356321839083,0.6071960826059186
2024-03-06,0.3756710790581306,0.14322860238353197,0.40870588235294114,0.4798173515981735,0.1914623069936422,0.2436688657161098,0.7871434653043848
2024-03-07,0.3742587952331959,0.19432409012131713,0.39778875558692073,0.44631117604090575,0.19015619324373412,0.24595744680851062,0.7710151095977867
2024-03-08,0.35269953112676755,0.11002815681178257,0.39487300094073374,0.40624429432170894,0.1908480116215725,0.24250159540523297,0.7717021276595745
2024-03-09,0.35285826246873625,0.15114768297964487,0.3893722078532801,0.36673968601679446,0.19462599854756713,0.2439387494683114,0.7713252499468198
2024-03-10,0.3574003978577524,0.1335786966875947,0.3881053126469205,0.4084686986676401,0.19622436013795608,0.24495003189453546,0.7730752871118673
2024-03-11,0.35256355458363803,0.17575757575757578,0.3870740305522914,0.3563868613138686,0.19727767695099818,0.24298469387755106,0.7559004890495429
2024-03-12,0.33193696693502295,0.1103657217052586,0.3576127819548872,0.3935413245758073,0.1979677009617129,0.2403825717321998,0.691751700680272
2024-03-13,0.3607882592967136,0.17286888792730415,0.36575052854122625,0.4334184604159066,0.19720609579100146,0.24033149171270718,0.755154091392136
2024-03-14,0.34501873211914197,0.12740644603071594,0.35368717707844055,0.39430968447929965,0.2000725557772538,0.2404928829403017,0.7541436464088398
2024-03-15,0.3670644082731509,0.17452422145328716,0.36628316506222114,0.40572574762946756,0.2013057671381937,0.2446898895497026,0.8098576588060336
2024-03-16,0.38281977210585555,0.22918918918918918,0.3863849765258216,0.37611668185961716,0.20290117860380785,0.24633680186876195,0.8559898045879354
2024-03-17,0.38563188138833476,0.20319930825767407,0.40530391926777753,0.34032081662413416,0.20213923132704859,0.24288747346072181,0.9199405393926524
2024-03-18,0.3731739078770518,0.18003025718608168,0.39300797747536365,0.33005285219609987,0.2037339133587095,0.2511144130757801,0.881104033970276
2024-03-19,0.37350851628355936,0.19209161624891957,0.39666901243255925,0.30120262390670555,0.20170351576658208,0.25042444821731746,0.8989598811292719
2024-03-20,0.3941471842197873,0.19442644199611148,0.4219043151969981,0.3406813627254509,0.2005798151839101,0.24400594101421602,0.9632852292020373
2024-03-21,0.379573490348652,0.1788336933045357,0.39671746776084404,0.34590163934426227,0.20072463768115945,0.24310564276622826,0.9121578612348822
2024-03-22,0.39916890389669984,0.29799179442884904,0.40811064228785743,0.3065015479876161,0.19960152146350296,0.24347826086956526,0.9393296563428086
2024-03-23,0.39807934758505964,0.24956822107081178,0.4178579798453246,0.30699198834668606,0.19884099963781243,0.25233248515691264,0.9628844114528102
2024-03-24,0.3904907926636803,0.1847614936326354,0.415182755388941,0.3322410340433279,0.2002534854245881,0.25376298494806016,0.9567430025445293
2024-03-25,0.37408071636251794,0.1417781614156236,0.3998594518622628,0.31470695303967966,0.20184648805213612,0.2547689699025011,0.9315242739029044
2024-03-26,0.3845331702315953,0.22330097087378642,0.3864168618266979,0.3344858962693358,0.20090497737556556,0.2578936215299852,0.904196693514201
2024-03-27,0.37460290615397795,0.2180759275237274,0.3870287988761414,0.2712882096069869,0.1994209192906261,0.25889830508474576,0.9129052765416402
2024-03-28,0.38071523235014865,0.21781324131981883,0.3911516853932584,0.2921593596507186,0.19974669802786327,0.25566617242109724,0.9277542372881356
2024-03-29,0.37876299464567637,0.16515739542906427,0.38263515094781186,0.3306656966169516,0.20332850940665703,0.2746717492587887,0.916119466214785
2024-03-30,0.3835336511701064,0.19271394697133004,0.3893308376228357,0.3109656301145663,0.20600470247784408,0.27397840355706116,0.9282083862770013
2024-03-31,0.3824492759736969,0.16637931034482756,0.3906432748538011,0.328,0.20922242314647377,0.2715918712955123,0.9288587762015668
2024-04-01,0.37814938390398706,0.20922215039862102,0.38049579045837234,0.2754044719141974,0.21225818116073047,0.2797883597883598,0.911727349703641
2024-04-02,0.3879193507799008,0.1792330891856958,0.39116202945990175,0.3158851326790258,0.21420824295010843,0.294540837917901,0.9324867724867725
2024-04-03,0.4070854462671627,0.2143010984277407,0.4137447405329593,0.33490823187352353,0.21724200253027293,0.29172836894436216,0.9705882352941176
2024-04-04,0.4151891116340543,0.22997416020671835,0.40990885720962844,0.3648255813953488,0.22226237802674376,0.2982233502538071,0.9659403427120795
2024-04-05,0.4060318770701004,0.22841765339074271,0.3985981308411215,0.3262488646684832,0.22728093947606143,0.30725311905265384,0.9483925549915397
2024-04-06,0.4072731121901097,0.20232458028411537,0.4022424667133847,0.3478023973846713,0.23356213872832365,0.30317124735729384,0.9545358426728695
2024-04-07,0.3948395099986292,0.17602754465246395,0.39701074264362446,0.3117850009079354,0.23713202094997288,0.3033185373071232,0.9437632135306554
2024-04-08,0.3932767989773555,0.1454388984509466,0.3957506420733131,0.3358750907770516,0.24106175514626216,0.30071851225697377,0.9408158951595857
2024-04-09,0.38468548638497296,0.1583136158313616,0.38118580765639587,0.3033218369940098,0.2415598483480773,0.3010775406718783,0.922654268808115
2024-04-10,0.40213763264577645,0.20731182795698921,0.39813302217036173,0.33157894736842103,0.24007220216606495,0.2908745247148289,0.9448552714979929
2024-04-11,0.38879737847359297,0.18383143410019354,0.3898740083994401,0.29069134458356016,0.23587800036094564,0.3001055966209081,0.9324038867765103
2024-04-12,0.3971575628695528,0.24462596732588138,0.39328201539538143,0.2830188679245283,0.22681342475640565,0.3038429054054054,0.9313621964097148
2024-04-13,0.40228164746464184,0.25359982806791315,0.40928171641791045,0.28169780518773807,0.2168500811834747,0.2944901836605447,0.9577702702702703
2024-04-14,0.3995883667986237,0.19209282337773959,0.42224294707390997,0.29325353645266594,0.20923520923520922,0.29717180244829045,0.9835338822039266
2024-04-15,0.4038338875556217,0.20343716433941994,0.4188811188811189,0.33055303717135087,0.20721370604147882,0.2930998100865161,0.9698184888138455
2024-04-16,0.41742738955861686,0.2682560137457045,0.42647401538103,0.3335750543872371,0.19419401370357015,0.2928270042194093,0.9892382359147499
2024-04-17,0.40689030426320444,0.19862572471548212,0.42567567567567566,0.3411274243248142,0.18694789976563908,0.3054207973001476,0.9835443037974684
2024-04-18,0.4252999478073695,0.30721339630742805,0.4320987654320988,0.340703153316419,0.17591925018024512,0.30345845634753266,0.9924066652604936
2024-04-19,0.40032456928653387,0.25735136295342353,0.4266418258034467,0.28628374705562604,0.17192286898540277,0.2768290111743622,0.9829185997469422
2024-04-20,0.39411959153751464,0.24206008583690986,0.42584400465657746,0.2742753623188406,0.16558558558558556,0.2742411467116358,0.9827113641155387
2024-04-21,0.47114558670901063,0.7479081742115425,0.42225325884543763,0.3084586125701866,0.10484597369843274,0.2748155953635406,0.9685919055649241
2024-04-22,0.4604008624307549,0.7059202059202059,0.42238771235745864,0.3185440057950018,0.08231268011527382,0.27349346818373366,0.9597471022128556
2024-04-23,0.4378854312450337,0.6345700193008792,0.41391344811540254,0.29078399420604745,0.06897172699441745,0.27764904149989467,0.9414243573535609
2024-04-24,0.4248676066468557,0.5879073756432247,0.4175389625494301,0.27588703837798695,0.05221462009362621,0.27316764953664696,0.9424899936802191
2024-04-25,0.4411272345339828,0.647588424437299,0.4262790697674419,0.3093212669683258,0.04248424842484244,0.26279216677195194,0.9582982308340354
2024-04-26,0.4553750828336529,0.6973853407629662,0.4252499418739828,0.35414404632645674,0.03779697624190059,0.26526315789473687,0.9524110339018741
2024-04-27,0.46411163673290473,0.7469466466680952,0.42863784286378426,0.35046137144924916,0.031311858916681645,0.2675226268154073,0.9597894736842105
2024-04-28,0.45459053555495793,0.7215081405312768,0.4297002091564025,0.32018813314037625,0.026988125224901016,0.26746632996633,0.961692275310461
2024-04-29,0.454919220955255,0.7245662882844293,0.43052973977695164,0.32772653282691266,0.024105054865983133,0.26320218809173157,0.9593855218855218
2024-04-30,0.44800684080810343,0.7537473233404711,0.4285714285714286,0.28191681735985535,0.022302158273381334,0.2547328565418595,0.9467704607616242
2024-05-01,0.454022331420415,0.7413830014986085,0.43636785880167206,0.3060929307539324,0.021578852724330133,0.246267087276551,0.9724442574673959
2024-05-02,0.4608016550931942,0.7998715753424658,0.44508938936614817,0.2653651482284888,0.02067601582164691,0.24390243902439024,0.9899053627760253
2024-05-03,0.45003315734062954,0.7399957200941579,0.4410399257195915,0.27055846737755285,0.02031278087362931,0.24301030060962792,0.9852817493692179
2024-05-04,0.44392301539486523,0.772571673085152,0.4321188210721745,0.24756053487531623,0.019410496046010084,0.24316939890710387,0.9487071683834349
2024-05-05,0.4373739186216356,0.7131550802139037,0.4292343387470998,0.2798554652213189,0.01814914645103327,0.2441689430552637,0.9396805380411938
2024-05-06,0.43431274186105256,0.7194183062446535,0.42890280677337045,0.26445086705202314,0.017067912324829293,0.2420168067226891,0.9340197520487498
2024-05-07,0.44785393124645484,0.7983750267265342,0.43205009276437845,0.25681777135633016,0.01526854679360512,0.2461667716866205,0.9384453781512605
2024-05-08,0.43968534158992734,0.8031209918768705,0.43426849060978434,0.19808595160707837,0.012392241379310387,0.24653506929861402,0.9437093047679059
2024-05-09,0.43622496932339594,0.7952553964522334,0.43694946685210945,0.17945477523018596,0.010235230741605261,0.24354398488347684,0.9519109617807644
2024-05-10,0.4166260064554789,0.7032051282051281,0.4329084588644264,0.17509025270758122,0.009515260323159747,0.24706129303106628,0.9319756456015117
2024-05-11,0.4237514791215376,0.7231360820337535,0.43836886005560705,0.17794621909402636,0.00915455035002688,0.24533053515215109,0.9485726280436608
2024-05-12,0.41570774689250184,0.6640324647586502,0.43896224229789205,0.19054492962829303,0.009152907394113452,0.24548887956357535,0.9460650577124868
2024-05-13,0.43164235085118136,0.7730087550715353,0.436544696618805,0.1924950387876601,0.00951013816615831,0.24375917767988253,0.9345362987830466
2024-05-14,0.410724307347995,0.6934244235695987,0.43366520027784206,0.1645021645021645,0.008970218873340485,0.2424496644295302,0.921334172435494
2024-05-15,0.41754185108713576,0.7536819637139808,0.4365740740740741,0.13778178539224525,0.008430493273542616,0.24365695114279728,0.9251258389261745
2024-05-16,0.39645393282803587,0.6867264191207854,0.4221245082156908,0.13613415073927154,0.008608321377331474,0.25408805031446546,0.871042147200671
2024-05-17,0.3956395554389415,0.6914870919564753,0.4259602036094401,0.11285379484405986,0.007530930607853703,0.254663592538252,0.8813417190775681
2024-05-18,0.38146486218632036,0.6218003412969284,0.4189220448762434,0.11968276856524873,0.007708856220867699,0.2588013411567477,0.8618738210018864
2024-05-19,0.40030958127210553,0.7406696523779057,0.41905642923219244,0.11317354478284375,0.006632012905538609,0.26105174942384246,0.8612740989103101
2024-05-20,0.38348695101220137,0.6330490405117271,0.42265895953757227,0.10972972972972973,0.007526881720430145,0.2607875994972769,0.8671694950764718
2024-05-21,0.3671380583303783,0.5902792581539118,0.39875173370319006,0.11205188254368582,0.02974377351729085,0.2638743455497382,0.8081273565144533
2024-05-22,0.38252073355416805,0.664535379369139,0.4032817194360989,0.10644812680115273,0.05284844141884626,0.24874371859296485,0.8192670157068063
2024-05-23,0.3786469505668839,0.6145322821223098,0.41058225508317925,0.1053484602917342,0.06609349811929066,0.24680761984509103,0.8285175879396984
2024-05-24,0.3831557472233313,0.5737111205794632,0.41764841764841765,0.10388908894490458,0.11121060171919772,0.24570950188363327,0.8467657525643709
2024-05-25,0.3872417371521657,0.5959531416400425,0.41454965357967666,0.09702970297029703,0.1364368845120859,0.23958987235823392,0.839891167852658
2024-05-26,0.3858713187313878,0.5915672913117547,0.41052874624797964,0.09593232541396689,0.148406731113498,0.23912133891213394,0.8296714793889935
2024-05-27,0.3870540112294915,0.572493080689802,0.41666666666666663,0.10239337772179233,0.15697154107750133,0.23886216272746286,0.8349372384937238
2024-05-28,0.4120416617486471,0.7479778629203917,0.4110316178167551,0.09787693414897446,0.1599856836077308,0.23839397741530743,0.8169838945827232
2024-05-29,0.4088598941262956,0.7067461161949351,0.41762805722196583,0.09318222701924807,0.16246197888709968,0.2398076521011917,0.8333333333333334
2024-05-30,0.4084010505606445,0.6980851063829787,0.42122260668973477,0.09784172661870504,0.1636851520572451,0.23850334448160537,0.8310683671335981
2024-05-31,0.41530112032357697,0.7566475218038715,0.4178966789667896,0.08811364862434815,0.16419245215524947,0.24848484848484853,0.8164715719063546
2024-06-01,0.39954743399499143,0.6490854955338154,0.4235646760433479,0.09331175836030205,0.16094420600858372,0.23903050564145423,0.8313479623824451
2024-06-02,0.4017016127811801,0.6768020412502658,0.4216228676809589,0.0891605248966385,0.1602002503128911,0.23877167328180493,0.8236523192645215
2024-06-03,0.4009656021698597,0.6806972789115646,0.42129522931551044,0.09255930984902948,0.16052913836253124,0.2385129490392648,0.8121997075412576
2024-06-04,0.38414951198940256,0.6038257173219979,0.41705069124423966,0.09236298292902066,0.16121537086684534,0.24222175819586556,0.7882205513784462
2024-06-05,0.3905508455028312,0.6852953676158096,0.405897258696153,0.08857348185411426,0.16922802001429593,0.24488517745302718,0.7494257673835873
2024-06-06,0.39304927588852573,0.7344380709581475,0.40280976508521416,0.09466499012035208,0.1677684473825264,0.23711125026090585,0.7215031315240084
2024-06-07,0.3864932882259082,0.6884027187765506,0.40571033847570803,0.10721982758620689,0.16630939621293317,0.23810517529215358,0.7132122730118973
2024-06-08,0.38719936922523085,0.6576767891272033,0.41620626151012896,0.1181540671574789,0.13413109483836394,0.2418109743375756,0.7552170283806344
2024-06-09,0.3686741876428729,0.5562632696390658,0.4168009205983889,0.12800718132854577,0.12375000000000003,0.23654568210262827,0.7506780721886084
2024-06-10,0.3705723710157714,0.6138824028868606,0.41509433962264153,0.13606174833961587,0.11872879842885198,0.23670490093847762,0.7029620358781811
2024-06-11,0.3737506478067874,0.6710526315789473,0.41683919944789505,0.11719310839913855,0.11442342020706886,0.23644703919933274,0.686548488008342
2024-06-12,0.395667693121082,0.7704222363674942,0.4277828886844526,0.1178898259465279,0.11154738532928787,0.23910777569314157,0.707256046705588
2024-06-13,0.3705584060953157,0.6512515910055154,0.42469533226028977,0.12791532113383566,0.10938615274803709,0.24051688203418087,0.6695851573900354
2024-06-14,0.37990498961852376,0.6697773064687169,0.431264367816092,0.14493273542600896,0.10561998215878676,0.24505105230256308,0.6827844935389746
2024-06-15,0.39720781075461636,0.7595419847328244,0.43392323603769245,0.14149928263988523,0.1016767748840528,0.23979166666666663,0.7068139195665764
2024-06-16,0.3906971986674254,0.7282170871316515,0.4333639705882353,0.15366684597453828,0.09773497413946852,0.2384919808373256,0.6927083333333333
2024-06-17,0.36268543800151387,0.6032217041119119,0.43257523546979093,0.15256364288275368,0.09611269614835949,0.23948354852144937,0.6521558008748177
2024-06-18,0.37823495540679675,0.7016317016317016,0.43316490583371614,0.166517297006632,0.09413442681404882,0.2373516552154903,0.636609745939192
2024-06-19,0.3766784793550187,0.6572033898305085,0.43834672789896667,0.16720430107526882,0.09126559714795013,0.23771856786011658,0.6683322923173016
2024-06-20,0.3841203961938802,0.7284473628468544,0.43893480257116624,0.15194409604013617,0.08911067545891993,0.24474505723204998,0.6515403830141548
2024-06-21,0.38468910846731585,0.7473528166031342,0.43906357585494604,0.1537083482622716,0.08856022808267994,0.24427798585101956,0.6351716961498439
2024-06-22,0.38379399282514354,0.7239042981156045,0.44079853143643877,0.1492029374888053,0.08711918760021375,0.24235489910547114,0.6593841032043279
2024-06-23,0.37279415018624745,0.6659610499576629,0.44046799724707497,0.1409383954154728,0.08763804773779837,0.24251247920133112,0.6592469315581444
2024-06-24,0.39847242503016744,0.8431746031746032,0.44495412844036697,0.11853178155774395,0.08655387355298305,0.2422541068829278,0.6553660565723793
2024-06-25,0.38710838239812945,0.713076597545493,0.4567759688144921,0.10973863229502327,0.08636039886039881,0.235966735966736,0.7207319609066334
2024-06-26,0.39092430046665755,0.8108737042521684,0.4504814305364512,0.08824055843923394,0.0833184974185508,0.24194554146747038,0.6706860706860707
2024-06-27,0.39587533045719253,0.8269881556683587,0.4547329818931928,0.09448818897637795,0.08348166607333574,0.23607647547797173,0.6794845146539181
2024-06-28,0.38514117815830956,0.7891731867202368,0.4514207149404217,0.0969762032563965,0.08346680904075454,0.23353417826719303,0.6562759767248545
2024-06-29,0.39234406763271945,0.7799154334038055,0.45864833906071023,0.09588550983899821,0.08718861209964412,0.23120066472787704,0.7012258466652815
2024-06-30,0.3755676750758257,0.6799830902557599,0.4551076500229042,0.11303881237703452,0.09215442092154424,0.23032191069574248,0.6828001661819693
2024-07-01,0.38313558395113584,0.8131868131868132,0.4469887794824823,0.10193133047210301,0.09978655282817506,0.23006644518272423,0.6068535825545172
2024-07-02,0.3661556895749491,0.7295584196070146,0.44688644688644685,0.10423743965671375,0.10421483194024539,0.22981108573801123,0.5822259136212624
2024-07-03,0.3647783027918865,0.7099704267004647,0.45067521171892877,0.10457633178405434,0.10597439544807963,0.23038605230386056,0.5870873987959311
2024-07-04,0.37783089919371965,0.7393875395987328,0.4613272311212815,0.09794459338695263,0.10951111111111111,0.22971570865324753,0.6290992112909921
2024-07-05,0.40453433519294313,0.7861064189189189,0.48318462594372,0.10275196568977842,0.11269107714184146,0.22780082987551864,0.7146710935878813
2024-07-06,0.42661892663550266,0.8602491028076842,0.4894784995425434,0.10201893871716991,0.11818020259463302,0.2275461522505704,0.7622406639004149
2024-07-07,0.38886829314424237,0.6743351625158295,0.4799908529613538,0.10718113612004287,0.12651030561478327,0.2279137287432601,0.7172785729101846
2024-07-08,0.4219848811393085,0.7936273475416755,0.494055784179241,0.10269691016252902,0.1614851661041038,0.22745179348952937,0.7525922853587723
2024-07-09,0.4051940655851604,0.7187763713080169,0.4909714285714286,0.08767857142857143,0.17317939609236233,0.22574626865671643,0.7348123574538669
2024-07-10,0.3980576110985649,0.7236869858679603,0.4812614259597806,0.08498482413854669,0.17971941040667727,0.22487046632124352,0.6938225538971807
2024-07-11,0.4128187910782984,0.7986081822016027,0.48320767649074714,0.08657622277757944,0.1848366477272727,0.2246166597596353,0.6990673575129533
2024-07-12,0.4137799881513666,0.7857895846510647,0.48720877112836913,0.09191504551133321,0.19012959346706904,0.22415579034597055,0.7034811438043929
2024-07-13,0.40479980107334573,0.7407251264755481,0.48275862068965514,0.09064953604568166,0.1998580049698261,0.22410936205468102,0.690698156204682
2024-07-14,0.38998636950023347,0.7108535300316122,0.4728310502283105,0.08777876895628903,0.20976042590949429,0.22323462414578588,0.6354598177299089
2024-07-15,0.36302991175318855,0.6352718078381795,0.45925587765350373,0.10239029611130931,0.21965933286018458,0.22318840579710142,0.5384137502588527
2024-07-16,0.3457466546652297,0.6513587528965663,0.4422638064810589,0.10754414125200643,0.2263615398261487,0.22334920306354789,0.42360248447204973
2024-07-17,0.346318955202399,0.6758635214827295,0.4405658224960073,0.09771754636233952,0.23164242639233767,0.20695364238410596,0.42517077209687437
2024-07-18,0.3419266055285997,0.6340282164666246,0.4447992700729927,0.09698698520235335,0.23443873027132467,0.20732464307883303,0.4339817880794702
2024-07-19,0.36428587743897456,0.7730526315789474,0.44561003420752565,0.0875222816399287,0.23794326241134756,0.209764170459247,0.4318228843368508
2024-07-20,0.3373891491026059,0.6596505998737108,0.43593251253989973,0.09606130814471574,0.24233291969508952,0.2115822130299897,0.37877534133223
2024-07-21,0.32783051806680896,0.5902777777777778,0.4346934123546843,0.10762651461154668,0.24973413683091106,0.21112489660876754,0.3735263702171665
2024-07-22,0.32239629707774037,0.5714285714285714,0.4325432999088423,0.1213254943880278,0.25536062378167645,0.2110812487078768,0.34263854425144746
2024-07-23,0.3252124918571555,0.5477492637778713,0.4342674868990658,0.14214463840399003,0.25779588944011345,0.21041752790409263,0.3589001447178003
2024-07-24,0.3516499042890325,0.5892744479495269,0.43940774487471523,0.18771148708815671,0.2614703277236492,0.21264724116553002,0.41938817693261676
2024-07-25,0.37625729752690806,0.7127838519764508,0.4427237531314051,0.18393874643874644,0.26532058094225996,0.2128099173553719,0.4399669353172143
2024-07-26,0.36927421738385474,0.6098381332772755,0.44057377049180324,0.2535161118034538,0.27023198158314155,0.21111340632100806,0.4303719008264463
2024-07-27,0.3657202707446719,0.6008827238335435,0.4334167994536763,0.29280882876468495,0.2721317280453258,0.21024370095002065,0.38483784342078087
2024-07-28,0.37390314422713544,0.6226097919731035,0.43309057806099227,0.3221213739099484,0.27456186935740834,0.207309518893248,0.3837257331681123
2024-07-29,0.37916999662414835,0.6447478991596638,0.4329920364050057,0.3379003558718861,0.2773451327433628,0.20664739884393069,0.3753871567210407
2024-07-30,0.36953900391595035,0.5587061541692921,0.43767060964513194,0.3173812488880982,0.27924261192709254,0.21341589267285865,0.41081750619322877
2024-07-31,0.40245065180796047,0.6566568668626627,0.44075506026836475,0.3749555318392031,0.2814932767162066,0.2148163433759802,0.44602683178534575
2024-08-01,0.42215350310185645,0.716775141717405,0.4474761255115962,0.38253601280455274,0.2837431452326199,0.21518465029915412,0.487205943045811
2024-08-02,0.42122991760248585,0.716414777497901,0.4457831325301205,0.38015647226173543,0.2866996816413159,0.21658415841584155,0.4817412832680008
2024-08-03,0.46643319641307945,0.8123819517313746,0.46704545454545454,0.38382222222222223,0.28824049513704686,0.21530212414930916,0.6318069306930694
2024-08-04,0.46739492638185554,0.7796894670583299,0.4742104067257441,0.38535371489512976,0.29137199434229133,0.2154639175257732,0.6582800577438648
2024-08-05,0.4881398959652033,0.7715544367526747,0.4925034075420264,0.433445885907233,0.29467915856461024,0.2160379303236446,0.7206185567010309
2024-08-06,0.5049751082526197,0.7615352348993288,0.5244151714739951,0.4202203269367448,0.29816189466242493,0.2120774938169827,0.813440527726242
2024-08-07,0.5092766306804093,0.8026840008387502,0.5081743869209809,0.44679339136613966,0.3009365612298993,0.20935503812075007,0.7877164056059357
2024-08-08,0.5275614951513425,0.8733752620545073,0.5157775255391601,0.4502664298401421,0.3035335689045936,0.21425628347754433,0.808159901092108
2024-08-09,0.4811375402211185,0.7933347306644309,0.4655015887426237,0.4512519978689398,0.3047164811870694,0.21277033985581872,0.6592501030078286
2024-08-10,0.49544140112515067,0.8000838222967309,0.4762877240753347,0.4737215909090909,0.3076651359943483,0.20840197693574958,0.7064881565396499
2024-08-11,0.49558512825781653,0.801592289964383,0.47504537205081665,0.47026451269305874,0.3102595797280593,0.20918262301832402,0.7071663920922571
2024-08-12,0.49476017239848824,0.6868454126518643,0.4914946699931957,0.5102946396876109,0.31373587570621464,0.2130506381226842,0.7531397982293597
2024-08-13,0.5081775925084357,0.7828272251308901,0.4859410430839002,0.5110913930789707,0.31844660194174756,0.21136036221444743,0.7393989296006587
2024-08-14,0.48390085241054265,0.720896147403685,0.48016322829290414,0.4764017033356991,0.32086127779738793,0.20288065843621395,0.7022020991973656
2024-08-15,0.5066195972450723,0.8057358174586561,0.49274705349048054,0.4615930459464254,0.32433386271395803,0.20407323595967908,0.7512345679012346
2024-08-16,0.5042912348123684,0.7067810799497698,0.5003399048266486,0.5156083717630365,0.3281580804516584,0.2056766762649116,0.7691832956181855
2024-08-17,0.5082663638081604,0.7681523331240845,0.4932034435885818,0.499556658982089,0.33109895925207267,0.21303721982315438,0.7445495680789798
2024-08-18,0.508614679021724,0.7317991631799163,0.48810872027180063,0.5625886524822695,0.3342151675485009,0.20990953947368418,0.7250668311741724
2024-08-19,0.5089746932852914,0.7105208115457018,0.49524456521739135,0.5718844176564439,0.33874096279315813,0.20719424460431657,0.7302631578947368
2024-08-20,0.5093022721965864,0.8107486407360937,0.4894724926420647,0.5141793690180787,0.3374471086036671,0.20530209617755857,0.6986639260020555
2024-08-21,0.4892184360621384,0.729876646456199,0.49343594386600276,0.47262094630515683,0.33703507844174163,0.20382165605095537,0.6985203452527744
2024-08-22,0.4665640636135984,0.7224080267558528,0.4777098891151844,0.4261162296243799,0.3396193161790624,0.205012325390304,0.628518594616807
2024-08-23,0.4425773799894704,0.6723092998955068,0.48235294117647054,0.3704162976085031,0.28634361233480177,0.20291640994043947,0.641125718981101
2024-08-24,0.4194999042594172,0.6188884245716674,0.4541958832843248,0.41374424371236274,0.28735024665257225,0.20636550308008217,0.536455124255494
2024-08-25,0.4246799457941182,0.6620012533946105,0.45499773857982817,0.3793164512130335,0.2883565263343315,0.20447546704988706,0.5589322381930184
2024-08-26,0.42625924842165636,0.7527151211361738,0.4528600497399955,0.32312322946175637,0.2890102148643888,0.2058702791461412,0.5339765961814822
2024-08-27,0.4212928443579574,0.7661307162246815,0.46338155515370705,0.2862453531598513,0.28913541116393726,0.20644366919761958,0.5164203612479474
2024-08-28,0.4456856345970368,0.7647181628392484,0.4926553672316384,0.2791150442477876,0.28890845070422533,0.20311858842839559,0.6455981941309255
2024-08-29,0.43266265387364533,0.6844082654978083,0.49728874830546765,0.2574765528225093,0.28938567153670125,0.21107692307692305,0.656339762002462
2024-08-30,0.44458878980825456,0.8053005008347245,0.4964987576236729,0.22806086341118187,0.289510735656459,0.21082854799015582,0.6373333333333333
2024-08-31,0.4428173097078562,0.7690381806801585,0.49841915085817523,0.2250132672917035,0.2912194263593173,0.20935001025220423,0.6638638228055783
2024-09-01,0.44104446097867833,0.7471839799749687,0.49943553849627453,0.22674212946586486,0.2931034482758621,0.20725707257072568,0.672544597088374
2024-09-02,0.45743843609183377,0.7845672575599583,0.5108352144469526,0.2509283819628647,0.294283201407212,0.20721459315433488,0.6968019680196802
2024-09-03,0.42590475465457,0.658256880733945,0.4987587452042428,0.27404526166902404,0.2961660218079494,0.2043032786885246,0.6238983398237343
2024-09-04,0.44471366740845103,0.753179070252241,0.5094765342960289,0.24058688350715926,0.2954105855459821,0.21081745543945918,0.6588114754098361
2024-09-05,0.4364639291542273,0.7415589829095457,0.5071057974283781,0.22269353128313893,0.29641350210970463,0.211593609176567,0.6394181520180291
2024-09-06,0.44740438120302867,0.7459887476557616,0.5241317095173659,0.21876656653118925,0.2951309544735454,0.2066352652058161,0.693773043834494
2024-09-07,0.4810458664238131,0.8077083333333334,0.549718151071026,0.25724381625441695,0.2968365553602812,0.20618345618345624,0.7685848863403646
2024-09-08,0.4783964089194017,0.7585919600083316,0.5477908025247971,0.29146793852676206,0.3008258654015111,0.20798362333674514,0.7637182637182637
2024-09-09,0.46654685339067603,0.7138692211578509,0.5386522425061979,0.31737901801483576,0.3039353478566409,0.19975440032746627,0.7256908904810645
2024-09-10,0.4629223464286976,0.7761815531959192,0.5153222172149616,0.32703514038495496,0.3047602318636923,0.20810313075506448,0.646131805157593
2024-09-11,0.4540069311259323,0.8026644462947543,0.5113764361342645,0.2650070621468927,0.30259922725676147,0.21849427168576108,0.6239001432371598
2024-09-12,0.470659088144707,0.9180020811654527,0.5135135135135135,0.23601059135039718,0.3025460930640913,0.2235631008386173,0.6303191489361701
2024-09-13,0.4347190499541318,0.7361631294215564,0.508444044134204,0.2400282386163078,0.3024929775280899,0.2220858895705522,0.5991000204540806
2024-09-14,0.434358907549651,0.8287913459538173,0.4905447996398019,0.23610375860243515,0.3020888186764964,0.2251073400122674,0.5235173824130879
2024-09-15,0.42424735707086403,0.7728785357737105,0.49583614674769305,0.2030698659139026,0.3027378027378027,0.22587898609975465,0.5450828051523207
2024-09-16,0.4242522047251649,0.727386150966937,0.5015751575157517,0.22296701358264245,0.30601859975434287,0.22562844880441446,0.5619378577269011
2024-09-17,0.441270859623138,0.8374220374220374,0.5095613048368954,0.1873015873015873,0.30508771929824563,0.22047404985696772,0.5877784590230942
2024-09-18,0.4060373301631628,0.7204323425483268,0.4950517318938371,0.18039146535002645,0.30398175758638835,0.22145045965270682,0.514916223947691
2024-09-19,0.4108988630471396,0.765378221113882,0.483921744996627,0.20909732016925248,0.30673447913012974,0.22038398692810457,0.47987742594484173
2024-09-20,0.40870498636434077,0.8150841471015998,0.47234712230215825,0.20112815089018157,0.30440119235490093,0.21748008985092915,0.4417892156862745
2024-09-21,0.3972605457803709,0.7125051931865393,0.47111710496740844,0.22823405005287276,0.3027699859747546,0.21580236831359734,0.45313457218705333
2024-09-22,0.41302062727378797,0.7574247144340602,0.47011235955056174,0.21198237885462556,0.3763365468886941,0.21249234537660744,0.4497754185381788
2024-09-23,0.401551196205767,0.7489617940199336,0.4686587283756459,0.1784707540521494,0.38047669120224326,0.21061224489795916,0.42212696468667077
2024-09-24,0.39573279168612624,0.7062487025119368,0.4710242587601078,0.18002466091245375,0.3791834589101104,0.2132217914711283,0.4246938775510204
2024-09-25,0.3954935225213278,0.6998754669987547,0.4637323152930608,0.20641070799577316,0.38086895585143654,0.21685026519787842,0.405223423791063
2024-09-26,0.40841977460761064,0.7179912844988587,0.4762011674898967,0.2327874625814404,0.38588194079523563,0.20640424230063226,0.43125254997960016
2024-09-27,0.40155612326754225,0.7672199170124481,0.4572390572390572,0.22130281690140846,0.3821366024518389,0.20778955954322997,0.37364878645727106
2024-09-28,0.3917558649833051,0.7228790707322132,0.45332136445242366,0.20594965675057209,0.3752407634389774,0.22018348623853212,0.3729608482871125
2024-09-29,0.3964072901762851,0.7652426379095811,0.4534440206416872,0.20679338261175642,0.37359943977591037,0.21830411740725642,0.36106014271151887
2024-09-30,0.37404832617797035,0.6369479577026746,0.4546882009869897,0.21291571353158542,0.37475932084719066,0.21418381903403305,0.3507949449653486
2024-10-01,0.4066639564910431,0.7489635157545605,0.47813411078717205,0.1988036593947924,0.37259362968148413,0.21434392828035864,0.42714489504789077
2024-10-02,0.4102327522475611,0.6824870466321243,0.497982062780269,0.19700967458223395,0.37165354330708666,0.20737421063353023,0.5048899755501223
2024-10-03,0.4090030731442247,0.6953999171156238,0.49966375252185613,0.1739359831164263,0.37228831350594827,0.20610997963340127,0.5066204929720921
2024-10-04,0.4004056477232146,0.6788895794489331,0.499327655759749,0.17460875681378582,0.37449711387091134,0.2060680105884749,0.46904276985743376
2024-10-05,0.3854903660948043,0.6203396851698426,0.4866681604302039,0.18442334739803093,0.3756558237145855,0.2052117263843648,0.440643453471798
2024-10-06,0.3973515590045773,0.6991095464899565,0.4876792114695341,0.17560203902267535,0.3743661479279594,0.2049664156319967,0.442385993485342
2024-10-07,0.3850854020882995,0.6853002070393375,0.48219484882418817,0.16994727592267136,0.3706293706293706,0.20879120879120883,0.39364950132302057
2024-10-08,0.38264036761627684,0.6750155247360795,0.48410210479175997,0.15709014232999474,0.36042649886383504,0.21220752797558495,0.40700040700040696
2024-10-09,0.374306932722375,0.627069536423841,0.4886948735169018,0.13914265635980325,0.3511010136315973,0.21826688364524005,0.4215666327568668
2024-10-10,0.4102346192444794,0.8172977446720464,0.5026857654431514,0.12489021605480415,0.34387558972566834,0.21130770795200327,0.4613506916192026
2024-10-11,0.39449916824813896,0.7031443938767067,0.5054822107854107,0.1473480857042501,0.3303633822501747,0.20984139894265963,0.47081553792963193
2024-10-12,0.3903329610117255,0.7445708376421923,0.4861297539149888,0.17436347673397717,0.3072489082969432,0.21020532628583044,0.41947946319642127
2024-10-13,0.3777152944493647,0.7233250620347395,0.48042943413106687,0.16713483146067415,0.2841425078588893,0.21239837398373984,0.3988615572270787
2024-10-14,0.38087980498747737,0.7514988629315691,0.4836762075134168,0.1757065121994032,0.27850532565042785,0.2117455801666328,0.38414634146341464
2024-10-15,0.35358586265818337,0.7128978916907813,0.45629331544824503,0.18023868023868023,0.27182262569832405,0.20743600162535558,0.29282666124771384
2024-10-16,0.33593104215474473,0.6220293449059723,0.45037997317836387,0.17441656430952798,0.26758596613719676,0.21958155596181195,0.2815928484355953
2024-10-17,0.3431232380762566,0.6861570247933884,0.4471508379888268,0.18929824561403508,0.25130890052356025,0.2093826157595451,0.27544180377818406
2024-10-18,0.33223428941156347,0.6157818632513943,0.4486148346738159,0.19066830380634978,0.23939975571453498,0.21461928934010155,0.2843216896831844
2024-10-19,0.34471710878388534,0.7063197026022305,0.4436006254188072,0.1795861101367941,0.2356943475226797,0.22330491270807962,0.27979695431472085
2024-10-20,0.3291910912133443,0.5568862275449102,0.44461813309513176,0.23426266877082239,0.23617652189080762,0.22204181043231175,0.28116118554608205
2024-10-21,0.3249619981838361,0.5534682080924855,0.4413931681178834,0.254382889200561,0.23578653644925007,0.22017045454545459,0.24457073269738172
2024-10-22,0.341690156740636,0.5715170278637771,0.4504464285714286,0.3060473269062226,0.2343504795117698,0.2217488334347738,0.2660308441558441
2024-10-23,0.36840357848347516,0.7071811803549319,0.4507922338763669,0.32965299684542587,0.23186889818688983,0.22494929006085196,0.2659768715763846
2024-10-24,0.3635210323819215,0.6480297090984114,0.4571619812583668,0.3392325214648677,0.22903956771831968,0.2242952747921314,0.2833671399594321
2024-10-25,0.3515296890397302,0.6518151815181519,0.4472451483381664,0.32042747021723894,0.2204600906239108,0.22566909975669103,0.24356114378422222
2024-10-26,0.36310284410470883,0.6413693545060837,0.46275646743978593,0.3184445612191277,0.21554277748736717,0.23474559091830527,0.30575831305758316
2024-10-27,0.3695173823053632,0.6676288659793814,0.4557413600891862,0.3605954465849387,0.21585365853658534,0.2332792865828942,0.28400567605919314
2024-10-28,0.35568299427395195,0.5974025974025974,0.4482835488185466,0.41271230957800736,0.21668698832955935,0.23221884498480239,0.22679367653019866
2024-10-29,0.34890744046158567,0.5612118713932399,0.43993759750390016,0.47146358543417366,0.21804249390456287,0.23581847649918963,0.1669706180344478
2024-10-30,0.3410663157060215,0.5763445291572223,0.428475935828877,0.47365657272886397,0.217482152185269,0.23455539801498881,0.1158833063209076
2024-10-31,0.34903809602348507,0.5405850844664195,0.4290487859211406,0.5339516975848793,0.21779247910863508,0.23693803159173754,0.13591249746809808
2024-11-01,0.36489079438554967,0.5886714727085479,0.43830734966592433,0.5331583552055993,0.20661444734551782,0.23506782749544441,0.18752531389226412
2024-11-02,0.3825248273517951,0.6149093904448105,0.44266310398574926,0.5572078376487054,0.20623042116254786,0.23137651821862348,0.2427616926503341
2024-11-03,0.39062173204894673,0.6714021000617665,0.4447907390917186,0.5459156900472276,0.20515051331129286,0.23153207852661406,0.24493927125506076
2024-11-04,0.3886035151789094,0.7243721696171264,0.4478077008680169,0.5015739769150053,0.20476687543493388,0.2310805341966815,0.222019834041692
2024-11-05,0.383579270637858,0.6355217122864787,0.45505117935024475,0.5210701171533485,0.2064706905548791,0.22536920898239932,0.25799271549979763
2024-11-06,0.37865081655542004,0.6779835390946503,0.44315906562847607,0.5232517482517482,0.20695652173913048,0.20145631067961167,0.21909771393890354
2024-11-07,0.34413445326421704,0.5679901254885826,0.4192615658362989,0.5502534521936724,0.2091810119979134,0.21193124368048533,0.1061893203883495
2024-11-08,0.3488072004836917,0.555738379267791,0.41872359350678234,0.564138413142258,0.21070931849791374,0.22684997978164168,0.11668351870576343
2024-11-09,0.36854939182900237,0.6008636644046885,0.4166296131614051,0.6030054167394723,0.21397531722579521,0.2367091166363453,0.1401132228063081
2024-11-10,0.3670584693772568,0.612047697368421,0.4156479217603912,0.5831586303284416,0.21515467500868957,0.23666127728375097,0.13968061451384672
2024-11-11,0.34355517401176355,0.5531346351490236,0.39888888888888885,0.5737991266375546,0.2218940052128584,0.23600727419680745,0.07760711398544862
2024-11-12,0.3298868816697378,0.5472667488697082,0.35458786936236397,0.5885434858539993,0.22810979847116053,0.2345454545454545,0.02626793291574059
2024-11-13,0.3289526657223392,0.5142798438463119,0.36250555308751664,0.5952505674873406,0.22980719124544036,0.22944859624318314,0.042424242424242475
2024-11-14,0.33089757343223747,0.531429745275267,0.34576948700866095,0.6052723463687151,0.23028829454671762,0.2308158319870759,0.04180973540698851
2024-11-15,0.35361228849477294,0.5914972273567467,0.3696714031971581,0.5901553499738175,0.22972738322625452,0.23803755299818297,0.10258481421647814
2024-11-16,0.32720937838515973,0.4747433264887063,0.34028856825749165,0.5973821989528796,0.23350694444444442,0.2385950746871215,0.07874015748031493
2024-11-17,0.3270787862750976,0.4438513652227468,0.3464269862405681,0.6037340778223695,0.23867384134698832,0.237941473259334,0.09184497375857892
2024-11-18,0.3391381208826038,0.4850164203612479,0.35300643443532287,0.6226448011165387,0.24262408885803544,0.2342615012106537,0.09727547931382441
2024-11-19,0.3248357097591273,0.44962035706956704,0.3476042590949423,0.5850340136054422,0.24154086413326392,0.2356263869275772,0.08958837772397099
2024-11-20,0.3057092237853242,0.3555601148953631,0.3364382346418274,0.5774328566445762,0.23907009021512837,0.23719241629689392,0.08856163001815609
2024-11-21,0.31654272017581614,0.46769230769230774,0.3292682926829268,0.5351351351351351,0.23764093668690378,0.24158096390401296,0.08793868495361035
2024-11-22,0.30969644648026534,0.44852337981952417,0.3138993571270229,0.5514295676429568,0.23846687478321194,0.24274193548387102,0.06311756402500501
2024-11-23,0.3105495683921566,0.4510969858519581,0.3125,0.5433153215966533,0.240506329113924,0.24128199959685548,0.07459677419354838
2024-11-24,0.32334367283842935,0.48810988109881104,0.3170839796144471,0.5369466713140467,0.24965325936199723,0.24123337363966146,0.10703487200161255
2024-11-25,0.32240812557535287,0.505226480836237,0.31634913602126713,0.5082767032584073,0.25619691454324844,0.24158774934515415,0.10681176944780335
2024-11-26,0.3214451578328727,0.37090163934426235,0.3351052048726467,0.5156794425087108,0.25649913344887343,0.24033037872683316,0.21015514809590974
2024-11-27,0.3507236067869115,0.5248924400737554,0.34433126660761737,0.46263717122452536,0.25298908334777337,0.24330312185297076,0.27618855761482675
2024-11-28,0.32351459492102536,0.5256042605489554,0.32433030772636706,0.3887147335423197,0.2517325017325017,0.24587192911800237,0.20483383685800605
2024-11-29,0.3156809593792335,0.48289985664550483,0.32580787959274016,0.3705380463172558,0.25012991512212024,0.2498490034225891,0.21486105517519127
2024-11-30,0.3125530923597311,0.5653153153153153,0.3199822969683558,0.28464484679665736,0.24800831312781435,0.25422705314009664,0.203140728810147
2024-12-01,0.28809952356578516,0.3707267144319345,0.32345132743362837,0.28825065274151435,0.26614718614718613,0.25437713825719466,0.22564412238325282
2024-12-02,0.28755110988446325,0.39009414654113794,0.320725503207255,0.2948137835015663,0.2610803324099723,0.2519114688128773,0.20668142483397067
2024-12-03,0.326130083637946,0.5514630652752199,0.3292790800530738,0.2961545153993388,0.257400034620045,0.2554817944075639,0.26700201207243457
2024-12-04,0.3142741434976652,0.40671031096563015,0.3276586336502322,0.36221294363256784,0.2544132917964693,0.25643604183427193,0.2782136391068195
2024-12-05,0.3089650043873631,0.43567191654735116,0.3163129973474801,0.358671073230127,0.25263886485551135,0.25799316308063547,0.23250201126307324
2024-12-06,0.32024113076330296,0.40899795501022496,0.3239779005524862,0.3690434782608696,0.2512110726643598,0.2599517490952955,0.3082646289965816
2024-12-07,0.32213860436558317,0.48783479860969126,0.3141847105612019,0.33541992696922274,0.24839993080781875,0.2605025125628141,0.2864897466827503
2024-12-08,0.3128226606084104,0.455437448896157,0.31433620499226866,0.3106745479833102,0.2443791075752335,0.25944533762057875,0.29266331658291456
2024-12-09,0.2986036146581069,0.42898017576129166,0.31095406360424027,0.2857639492438728,0.24226180183295865,0.25939320876029737,0.26426848874598075
2024-12-10,0.3090322802577418,0.3567633837351859,0.3241333627732391,0.3223844282238443,0.24256569847856158,0.2579349136199277,0.35041189471569223
2024-12-11,0.3217916123687465,0.41777323799795707,0.3280353200883003,0.3086012163336229,0.24079515989628353,0.25828479614380395,0.37725994375251104
2024-12-12,0.3166325647558635,0.44628267973856206,0.3107481792098874,0.3111535788742182,0.24058071206360176,0.26044176706827304,0.33058847158063864
2024-12-13,0.31680670451617016,0.42556667347355526,0.3153133274492498,0.2918186555497655,0.24088474166234664,0.2609917687211404,0.36626506024096384
2024-12-14,0.30616121768467136,0.319722335647203,0.31127288771233175,0.31799235845779783,0.2449896337249482,0.2663588920112404,0.3766311985545071
2024-12-15,0.32498656058307884,0.3643600734843846,0.31142479047198945,0.3719395728425074,0.2503022974607013,0.27092113184828415,0.3809714973906062
2024-12-16,0.3250040305998374,0.45224489795918366,0.30077177508269015,0.3394097222222222,0.2606217616580311,0.2684590690208668,0.3285169576560305
2024-12-17,0.31120643953124055,0.38481942460722307,0.2962962962962963,0.3206040617948273,0.2614401657744776,0.271815446339017,0.3322632423756019
2024-12-18,0.3174313587655832,0.44655242758057934,0.29490852986554994,0.284796945505033,0.26053176795580113,0.2745687926193341,0.34322968906720164
2024-12-19,0.3433233781412793,0.4446257393432592,0.31710004407227854,0.2828387992365088,0.2615225271879855,0.28814918788851007,0.46570397111913353
2024-12-20,0.3546092956588973,0.4628874388254486,0.3298083278255123,0.24358084663428176,0.2614773904038661,0.2798716920609463,0.5500300782033287
2024-12-21,0.35953057551257056,0.43261977573904176,0.33149779735682816,0.26279271465741544,0.26384814495254527,0.2719983964722389,0.5944266238973537
2024-12-22,0.37010608177326154,0.4688136975132491,0.3345078176613081,0.2547693374956642,0.26863354037267084,0.27254509018036077,0.6213670074163159
2024-12-23,0.3740929678761022,0.4322396576319544,0.3432408630559225,0.2724119993063985,0.2730722787648784,0.2708875976758165,0.6527054108216432
2024-12-24,0.3928699198825516,0.5144661776691117,0.34580673563724407,0.28224687933425796,0.27406002069679203,0.2672275641025641,0.6734121418553396
2024-12-25,0.3767437643750659,0.5233245060093705,0.327024647887324,0.29901196047841916,0.27401276082083115,0.2531544161826558,0.5839342948717949
2024-12-26,0.34755607539946287,0.41792260692464356,0.3240924092409241,0.2559792027729636,0.2746551724137931,0.2535042050460553,0.5591828559983978
2024-12-27,0.38929929045375866,0.5428629607004684,0.34293884733831936,0.2671980592618264,0.27615928288226166,0.2568568568568569,0.6497797356828194
2024-12-28,0.3921184078260885,0.42630293159609123,0.35473938860787335,0.33264033264033266,0.2773181661496036,0.26040832666132907,0.7013013013013013
2024-12-29,0.40294442660897206,0.4941990637085284,0.3476253298153035,0.3509440498874069,0.27899362398759264,0.26115669401640984,0.6847477982385909
2024-12-30,0.41304587672800647,0.4330484330484331,0.3611782809408661,0.4314166955316938,0.2817022742935906,0.264905962384954,0.7060236141685011
2024-12-31,0.42249432007522586,0.43560528992878944,0.37054945054945054,0.41714285714285715,0.2825150732127476,0.2920584116823365,0.737094837935174
2025-01-01,0.4447585685201047,0.5634662327095199,0.3625576796308504,0.38746537396121883,0.2871167757492249,0.34119999999999995,0.7267453490698139
2025-01-02,0.43673416261906345,0.5143380109823064,0.3565465729349736,0.40972823264670244,0.29206130532116414,0.3457308538292342,0.702
2025-01-03,0.39729423513922163,0.3645790971939813,0.3399956072918955,0.3940809968847352,0.2971763085399449,0.345061975209916,0.642871425714857
2025-01-04,0.41166176551434913,0.47936572474080097,0.33574879227053145,0.38951375670531235,0.3003959373386125,0.3381970817509494,0.6267493002798881
2025-01-05,0.4027798855841749,0.44024390243902434,0.33545554335894623,0.37335640138408305,0.3032702237521515,0.3407274180655475,0.6236258245052968
2025-01-06,0.4005490591594018,0.40134119081487507,0.33494293239683937,0.411693478636914,0.3123386680433661,0.33766233766233766,0.6053157474020783
2025-01-07,0.3996717380972306,0.497765136123527,0.3177529076146588,0.4219993081978554,0.3188231245698555,0.3417898521773871,0.49990009990009987
2025-01-08,0.43326046733067036,0.5287426366036969,0.34247476963580514,0.41016773301054815,0.32324101152589024,0.3471140403435191,0.6478226128645626
2025-01-09,0.44316876359754714,0.5735174654752234,0.35775389339767494,0.34854771784232363,0.32593739250085996,0.3466453674121406,0.7066107449570601
2025-01-10,0.439727138063674,0.47532994923857863,0.37741228070175437,0.3450302506482282,0.32983662940670677,0.34537831902575367,0.7653753993610224
2025-01-11,0.43623204592242687,0.503248071457572,0.3615435211576409,0.3432423090217767,0.3397524071526823,0.3437125748502994,0.7258933918945898
2025-01-12,0.4407705157754171,0.525065963060686,0.3623410784743534,0.3336789355451875,0.3503524153343648,0.34464178806625423,0.7285429141716566
2025-01-13,0.4096980950763391,0.3624188311688312,0.3659872890642122,0.305286800276434,0.357511172224132,0.34078212290502796,0.7262023548193973
2025-01-14,0.43050533985301037,0.5644146885778047,0.3665644171779141,0.245292796683365,0.3593400927994501,0.3307400758029124,0.716679968076616
2025-01-15,0.4011189677692976,0.429817444219067,0.35027382256297923,0.281692573402418,0.363745704467354,0.32329477463103307,0.6578894873329344
2025-01-16,0.38932187277144986,0.48103832893936316,0.33158125273762595,0.2733552063546883,0.3672908434976808,0.31465603190428715,0.5680095731950539
2025-01-17,0.4034291755122372,0.5373073803730738,0.33238449748193566,0.2724447513812155,0.37461353486774307,0.31818181818181823,0.5856430707876371
2025-01-18,0.36939242081466733,0.39043178593148187,0.31392294220665495,0.28448127049887795,0.3797011849562082,0.34821606537771577,0.4996012759170654
2025-01-19,0.39340806058342287,0.500810701256587,0.31407310133508426,0.29409734207801175,0.4040178571428571,0.34655241131925074,0.5008969503687463
2025-01-20,0.3942715211157273,0.41499493414387034,0.3284463894967177,0.2809318377911993,0.4166523605150214,0.3391113767682805,0.5854922279792747
2025-01-21,0.37946099889924695,0.3950567260940032,0.3207175672719318,0.28140096618357485,0.41314795743220045,0.32370517928286857,0.5427375971309025
2025-01-22,0.37364806164634495,0.4768077780028357,0.30774278215223094,0.23908918406072105,0.4077569933070191,0.3320055765783708,0.4784860557768924
2025-01-23,0.3757620949989844,0.3971243418388012,0.3179532035862672,0.24404967230079339,0.4154083733699382,0.33432895260852247,0.5457080262895837
2025-01-24,0.39190764196873235,0.4729702368900587,0.31679055531263667,0.24469736161407138,0.4209984559958827,0.3420266772844913,0.5539625647152528
2025-01-25,0.3898761870117154,0.4447368421052632,0.3140983606557377,0.24482758620689654,0.4212692967409949,0.34534235668789814,0.5689826796735019
2025-01-26,0.4020688764838674,0.512649261283141,0.3140297202797203,0.24392346147215999,0.4242839993140113,0.34527363184079607,0.5722531847133758
2025-01-27,0.39663782090715877,0.4789558883043302,0.32313742626174347,0.19596690796277147,0.42661179698216734,0.34659769200159174,0.6085572139303483
2025-01-28,0.3841606872749239,0.38134735990289303,0.3285277413717781,0.19869033258659313,0.4267100977198697,0.3451362641734633,0.6245523278949463
2025-01-29,0.3892578053272964,0.4300161812297735,0.3345708670015287,0.16833218470020675,0.4295509084676037,0.34347653142402546,0.6296001591406406
2025-01-30,0.36051384002753545,0.3714863498483316,0.3198689956331878,0.16279069767441862,0.43410454155955436,0.3424139988069199,0.5324184566428003
2025-01-31,0.36411785172351885,0.414678528103518,0.3163064833005894,0.17671374440234242,0.4381425633995888,0.3439363817097415,0.49492940942533303
2025-02-01,0.40252727488522616,0.542753183747726,0.32976865997381055,0.160151541243327,0.43584032893609737,0.3508248857086066,0.5958250497017893
2025-02-02,0.36864856886710573,0.2849636216653193,0.339515601134628,0.15805785123966942,0.43936279547790336,0.35254372019077906,0.637447823494335
2025-02-03,0.3965042520401402,0.35279854516063847,0.3612565445026178,0.1690480289206404,0.446309299537592,0.34691039141665014,0.7027027027027026
2025-02-04,0.38621934930598584,0.40080808080808084,0.33609596510359874,0.16884681583476766,0.4464041095890411,0.3440603893524037,0.6211007351480231
2025-02-05,0.4252408966964831,0.5425166633003433,0.35979066724814657,0.14352090862157976,0.44530046224961484,0.3658391261171797,0.6944775526420341
2025-02-06,0.4312873184702086,0.49151857835218093,0.3703945934161762,0.15055058499655885,0.4500171174255392,0.4013105639396346,0.7239324726911618
2025-02-07,0.42957462502751786,0.48415101958409046,0.3718395815170009,0.15602958885257182,0.45490330309772375,0.39984117530275953,0.7106830818109611
2025-02-08,0.41876634838015464,0.35284618490109,0.375027239049902,0.19401444788441694,0.46492128678987,0.4011512504962287,0.7246376811594203
2025-02-09,0.42561898483743166,0.40524722502522703,0.3736383442265795,0.1932932072226999,0.47065868263473054,0.4044453264536615,0.7064311234616911
2025-02-10,0.438284899928727,0.4975786924939467,0.37704203877150944,0.1908528198074278,0.47759151556619917,0.39920634920634923,0.68743798372693
2025-02-11,0.4278964173809867,0.5105910833165221,0.3671602787456446,0.19821213684029568,0.47939114075594325,0.39972227732592736,0.6123015873015873
2025-02-12,0.43711876301846714,0.582089552238806,0.3807968647942521,0.16775524235132347,0.4746922024623803,0.3938913129710432,0.6234874032929973
2025-02-13,0.4110940943904449,0.534986892518653,0.3652590335219852,0.18130262931775218,0.4824756368610019,0.39143367043426536,0.5111067036890122
2025-02-14,0.39011169834327736,0.41330645161290325,0.3778019586507073,0.17439862542955326,0.48410256410256414,0.38144329896907214,0.5096172912948642
2025-02-15,0.39568748018212707,0.4404353960894981,0.3703220191470844,0.1875966328809483,0.492223551529653,0.3875123885034688,0.49603489294210945
2025-02-16,0.3959007838093616,0.3974203950020153,0.37002392864911904,0.22294744074201306,0.5095693779904307,0.38723741577487114,0.4882061446977205
2025-02-17,0.4128911068921644,0.45597420914769293,0.38234014789038717,0.22102009273570325,0.5233213736545361,0.3901327521299782,0.5045580657946889
2025-02-18,0.42554831976109603,0.5314262691377921,0.38464883670363126,0.24519230769230768,0.5242569183464298,0.3870839936608558,0.4806815930255597
2025-02-19,0.41811215298062426,0.5188318227593152,0.3863043478260869,0.23725321888412018,0.5274124679760888,0.378886908298673,0.4599841521394612
2025-02-20,0.4108966930629531,0.5688683044703987,0.3807867854814171,0.20803295571575695,0.5428620218579234,0.37287128712871287,0.39195880372350955
2025-02-21,0.4028177280008911,0.5439903362190457,0.36657974793568016,0.22859104170241978,0.5576233566672357,0.38447832112452984,0.3356435643564356
2025-02-22,0.4097706460342467,0.5599838969404187,0.3851835759287421,0.2004118050789293,0.5594059405940595,0.3711401425178147,0.3824985151455157
2025-02-23,0.4047681737109217,0.5141879653853894,0.3827106863596872,0.20157831531995196,0.5598224953063663,0.39600237482683553,0.3743072050673001
2025-02-24,0.4071714224068217,0.558953722334004,0.3863192182410423,0.20205831903945112,0.5445392491467577,0.3984962406015038,0.35266178507817136
2025-02-25,0.4194070154706873,0.5791591229128947,0.40230134607034307,0.20476762133424797,0.5238013990786555,0.390702274975272,0.4157103284527107
2025-02-26,0.4273794323648781,0.5317779565567176,0.4187106576948122,0.2330246913580247,0.5017059024223814,0.36491297468354433,0.5141444114737883
2025-02-27,0.4525738569637528,0.5256384476171325,0.43684895833333337,0.2225270015429453,0.48797543919495134,0.35614000395491396,0.6863132911392404
2025-02-28,0.4537711633211608,0.5446320868516284,0.43523540898242574,0.23894412067192322,0.47936562073669853,0.35765124555160144,0.6667984971326874
2025-03-01,0.4569807919518995,0.5262311557788945,0.43687635574837314,0.2512425021422451,0.4738277919863597,0.35026685115635503,0.7034400948991697
2025-03-02,0.45145966622904976,0.5586816720257235,0.4311429191064845,0.23766278272789582,0.47323559495397205,0.35079051383399207,0.6572445147262305
2025-03-03,0.4088518075705152,0.5794655414908579,0.3948395490026019,0.2609217063560048,0.4723027100732913,0.3584271883027069,0.38715415019762844
2025-03-04,0.43543011680385213,0.5317396544797107,0.42943854324734443,0.2147995889003083,0.4659168370824812,0.3577637297510865,0.6129223473621814
2025-03-05,0.4207237489243838,0.539666599718819,0.42609449501517127,0.1787977393389279,0.46242971545408074,0.3543353742840213,0.5630185697352825
2025-03-06,0.3987593643231942,0.5646586345381526,0.41191765980498374,0.17123287671232876,0.4640545144804089,0.35387045813586093,0.42682204226743037
2025-03-07,0.377740047530213,0.39811282874924714,0.41551126516464476,0.21914055812360897,0.46755237608584566,0.3518262586377098,0.41429699842022116
2025-03-08,0.4221961581013369,0.5566037735849056,0.4305826294130388,0.2122560766860664,0.46628065395095364,0.3464271614686143,0.5210266535044423
2025-03-09,0.42530298583510895,0.577162351996789,0.43243828497184933,0.19989731302413144,0.46773369657755837,0.3459640813104401,0.5286221871298855
2025-03-10,0.4384979612210753,0.5313001605136436,0.45204589738038536,0.16820670773442847,0.4688457609805925,0.3443172849250198,0.6662719557923821
2025-03-11,0.4485592690980434,0.5592778335005015,0.4590909090909091,0.1649272882805817,0.4657021276595744,0.33241270467547834,0.7099447513812155
2025-03-12,0.42356865348106215,0.592057761732852,0.44427613070763905,0.160964762230585,0.4601769911504425,0.32702169625246547,0.556914578812389
2025-03-13,0.40377926820122817,0.5283737718066974,0.44266551276503674,0.16384470668719,0.4604389994895355,0.32222441333070395,0.5051282051282051
2025-03-14,0.42326587147588607,0.5210505212510024,0.4512221501189704,0.21152530779753762,0.46274242939775434,0.319006309148265,0.5740485111417866
2025-03-15,0.4120603329654416,0.563038685107236,0.4413927335640139,0.20875363309967515,0.4611328457220616,0.32032328011038835,0.4777208201892744
2025-03-16,0.41025611948787116,0.5993987975951904,0.44108108108108113,0.18,0.46071428571428574,0.32223098147418205,0.4581115710624877
2025-03-17,0.40332233725550176,0.5612101783209777,0.44725464764375267,0.16715091437361135,0.4609760244856317,0.3213793103448276,0.4619629483642097
2025-03-18,0.38789017938701115,0.5693108974358974,0.44283553058137026,0.1384142173615858,0.4566473988439307,0.3248620961386919,0.39527093596059115
2025-03-19,0.38792313627634983,0.5695974364109754,0.44706136560069143,0.13001879378096703,0.4555498895121537,0.31967697459129407,0.4056343577620173
2025-03-20,0.35481360210275986,0.4969963956748098,0.4329228775113415,0.13050905363853776,0.4598912304554724,0.3304450571090981,0.2781169982272996
2025-03-21,0.3745528455186165,0.5583583583583583,0.4429805615550756,0.13219470538001707,0.4570943075615973,0.33254577672770236,0.32414336352894846
2025-03-22,0.3768180120224578,0.5464371497197757,0.44310084215072343,0.15368852459016394,0.4609242269792728,0.3295275590551181,0.32722976963969286
2025-03-23,0.37435547661265717,0.528717230338203,0.4438687392055267,0.15895509646576747,0.4504841175471378,0.33300531391458377,0.33110236220472444
2025-03-24,0.3565998094019838,0.4807923169267707,0.43794517591193616,0.1800955957664732,0.45295516304347827,0.33431719795356163,0.25349340680968313
2025-03-25,0.35091611064689837,0.4774954990998199,0.43202416918429,0.1829663765147636,0.4554253693326541,0.35176077119811133,0.20582447855175123
2025-03-26,0.36111357059373134,0.49939999999999996,0.43193096008629994,0.2044368600682594,0.4541595925297114,0.3593627065302911,0.21739130434782605
2025-03-27,0.36975098682368013,0.48950209958008395,0.4342105263157895,0.22675311380310528,0.4668137837379053,0.36499508357915433,0.23623131392604246
2025-03-28,0.3723995485935681,0.5033986405437825,0.43346991589389694,0.22210849539406347,0.48217922606924646,0.3694455367675973,0.22379547689282198
2025-03-29,0.3916822580446475,0.498301019388367,0.44437257438551103,0.22036500085280572,0.49227897505515017,0.36937291134263806,0.3254030672434133
2025-03-30,0.41228536152610684,0.565947242206235,0.4524682043543867,0.21026603001364255,0.505768578215134,0.37362421383647804,0.3656379005307647
2025-03-31,0.4104762127702252,0.5836163836163837,0.45431034482758625,0.1930093776641091,0.5150127226463104,0.3698172528984083,0.34709119496855345
2025-04-01,0.4027837900871138,0.536556132640831,0.4531351001939238,0.1979202182066144,0.5164518317503393,0.37779960707269156,0.3348398506582826
2025-04-02,0.39797078509655986,0.5680047932893948,0.44226626454114604,0.20657917163797512,0.5221298965575716,0.3810646238460027,0.26777996070726917
2025-04-03,0.398565469038713,0.4199281150159745,0.4533706655179841,0.26414451261077027,0.5288233299423533,0.382560879811469,0.34256531133372614
2025-04-04,0.4182970424647184,0.5122778997803953,0.45219638242894056,0.29630260691770316,0.5287336836751992,0.376595326919301,0.3436763550667714
2025-04-05,0.4083052365500481,0.36966067864271457,0.44908503767491925,0.3717206132879046,0.531186440677966,0.3861405575186494,0.3420380914981347
2025-04-06,0.4157605401222982,0.448014368389543,0.4520017219113216,0.3260091977516607,0.5324521267581765,0.3788027477919529,0.3572830781311347
2025-04-07,0.4652183466013062,0.5744213886671987,0.4826769959113406,0.34587874659400547,0.5354117248390375,0.3663657770800628,0.4865554465161923
2025-04-08,0.4570528437767725,0.5619389587073609,0.4713855421686747,0.3739145240933084,0.5292224292732509,0.35981950166764765,0.4460361067503925
2025-04-09,0.4735532989911784,0.5532508974870363,0.496235749623575,0.390194075587334,0.5198170731707317,0.3532757944291879,0.5285462036492055
2025-04-10,0.44217004817353694,0.5944167497507478,0.4554838709677419,0.3792340425531915,0.5158340389500423,0.3530103941949402,0.3550411926245587
2025-04-11,0.45910805125027215,0.5610047846889952,0.47194151795312833,0.40197413206262766,0.5196410430071114,0.35725490196078435,0.44283192782898606
2025-04-12,0.43235202236078396,0.515846123181184,0.4527085124677558,0.39714139867279225,0.5114271203656678,0.3562046657518134,0.36078431372549025
2025-04-13,0.41834178619527496,0.5175368672777999,0.4442295293359123,0.3623681524328003,0.5096479350033852,0.3557428459427675,0.3205253871789845
2025-04-14,0.41019638406179687,0.39151225343693963,0.45229909755049424,0.3968361966320803,0.5173464207141648,0.35351753870272384,0.34966679733437867
2025-04-15,0.433541404609958,0.49541832669322705,0.4481203007518797,0.45391156462585036,0.5150592216582064,0.3648119122257053,0.3239271017048795
2025-04-16,0.4456942463941187,0.5279824736108345,0.45296391752577314,0.47372895766026185,0.5097276264591439,0.37218413320274246,0.33757836990595613
2025-04-17,0.44490455977395577,0.5007964954201514,0.4513635387588576,0.5212512750765046,0.506765899864682,0.3779866823345084,0.3112634671890303
2025-04-18,0.4383122637991019,0.4688433207246665,0.44718763417775864,0.5590685024647288,0.5022831050228311,0.38084981398081064,0.2716412064238152
2025-04-19,0.45082267082612315,0.553343949044586,0.45074050225370255,0.5390890550645819,0.5,0.3788175411119812,0.2829449774818876
2025-04-20,0.44334047544625643,0.5349253731343284,0.44678111587982827,0.5517417162276975,0.49687235841082,0.37854766099040904,0.2511746280344558
2025-04-21,0.44503684139472693,0.6030640668523677,0.44754344561252946,0.5224260958205912,0.4920554428668019,0.38062622309197647,0.22450577412409478
2025-04-22,0.42409779291034894,0.5770837477620847,0.43843843843843844,0.4893833871241719,0.500422511407808,0.3881823517902563,0.15107632093933465
2025-04-23,0.36665388992906206,0.3786793953858393,0.4143255414968904,0.4740149456521739,0.49881716796214937,0.38497652582159625,0.049109763255722916
2025-04-24,0.3941177448760953,0.5949492940942533,0.4138078902229846,0.4272372219392087,0.48082446359182296,0.39859182476041466,0.04929577464788737
2025-04-25,0.3709364252073808,0.4526838966202783,0.41350482315112536,0.41120543293718165,0.4898648648648649,0.40770434102463826,0.050655192646196
2025-04-26,0.3690007809314953,0.42933810375670844,0.40912987569652803,0.38991682227126123,0.5007600067556156,0.42658846529814276,0.05827141181071571
2025-04-27,0.379736511576019,0.49264705882352944,0.41032783372616244,0.381704005431093,0.5013508949679162,0.4288506645817045,0.06353861192570875
2025-04-28,0.37815338483848454,0.4901649115835486,0.4153813196229649,0.3731545901917529,0.5026169171028195,0.42524916943521596,0.06235340109460519
2025-04-29,0.36944894270100476,0.44537147397695664,0.4086528164489184,0.3888700373260943,0.4927413909520594,0.4265338022665104,0.05452413523548949
2025-04-30,0.37619406490482993,0.427408142999007,0.4149892933618844,0.421882951653944,0.4857383966244726,0.42879468646219965,0.07835091832747165
2025-05-01,0.38664214442561146,0.5065528196981732,0.41447227574395207,0.40926051560379917,0.4807627404657442,0.4296875,0.07911701504200042
2025-05-02,0.3736468116626945,0.4738931903911058,0.4032534246575342,0.4074953366118365,0.4764636409650751,0.4305799648506151,0.05019531249999998
2025-05-03,0.34855895953601257,0.3435887256847956,0.40102717740209715,0.3826720922346558,0.47284075573549256,0.43674345958609917,0.054481546572935025
2025-05-04,0.35287188168054556,0.3308196070648939,0.4067180145485665,0.3966774029496525,0.47900151796255697,0.43646300995510445,0.067551737602499
2025-05-05,0.3620726852518044,0.4708333333333333,0.41647058823529415,0.3059322033898305,0.48094435075885333,0.4363778298204528,0.061877805973062694
2025-05-06,0.334748458268139,0.2979567546121801,0.41381522668947823,0.31926792069140825,0.4796830214129152,0.4376585365853658,0.060109289617486295
2025-05-07,0.3512953031739652,0.4595398651328838,0.4038913833654052,0.28786851914605216,0.4753877275792313,0.44284042138119395,0.038243902439024424
2025-05-08,0.3352395561742402,0.380725758477097,0.40188114578879863,0.26986278163645605,0.47817293106354286,0.4462648722449776,0.034529847834568916
2025-05-09,0.3157415829483457,0.30868358445678035,0.37956828382132934,0.2645663956639566,0.48179979777553084,0.44422776911076445,0.01560366686171255
2025-05-10,0.3344703119806081,0.39821605550049555,0.38055555555555554,0.2821337849280271,0.4781802864363943,0.44882043283291095,0.018915756630265235
2025-05-11,0.3218494625501834,0.34106222750693616,0.37192907498397776,0.2683711479850999,0.4824797843665768,0.45146198830409356,0.015792552154416106
2025-05-12,0.32438178096918874,0.34892015058450565,0.3763348996155489,0.25986118164889116,0.49284150244231095,0.4519586825180276,0.01637426900584793
2025-05-13,0.3271507394322271,0.375594294770206,0.3820200726030323,0.26066350710900477,0.47170764567194345,0.45303975058456747,0.01987916585460925
2025-05-14,0.324777839300964,0.4563279857397504,0.376601195559351,0.18023354205449316,0.4628725374642195,0.45373076173777516,0.018901013250194887
2025-05-15,0.3098498726560431,0.3782178217821782,0.3803628601921024,0.16311336717428088,0.4607744107744107,0.4542267238021036,0.02240405221118258
2025-05-16,0.3078273479142493,0.3668580479113047,0.3798548868971404,0.156995432244967,0.46204342703248613,0.45608568646543335,0.025126606934164353
2025-05-17,0.31352266835953135,0.4281472684085511,0.38190740345636864,0.1405615696887686,0.44278020868394485,0.4573598130841121,0.03037974683544309
2025-05-18,0.3049805140000513,0.39006530773797743,0.38395904436860073,0.12514797902925756,0.4391721352852095,0.45766011290636555,0.033878504672897214
2025-05-19,0.2863480364846513,0.28927582113177686,0.3680955427596503,0.13966858302333446,0.4412853297442799,0.45776566757493187,0.021997274673934197
2025-05-20,0.302725286980851,0.38437190900098916,0.37100213219616207,0.13693998309382924,0.4396972245584525,0.45864954271258995,0.025690930323082894
2025-05-21,0.29622323805591455,0.3431566455696202,0.3602643359624813,0.1534820824881677,0.43794147325933397,0.4587548638132296,0.023740027242654227
2025-05-22,0.2943360388420437,0.3454617362072375,0.34079283887468026,0.16528646273449382,0.43635446443585,0.45944368799844393,0.018677042801556465
2025-05-23,0.28388927718870643,0.30743376828786084,0.3328361389303217,0.15630280500168975,0.43106926698049763,0.4587709062621548,0.016922777669714062
2025-05-24,0.3014160195313878,0.3121170191737498,0.36003408606732,0.19192431153911133,0.4489830223566986,0.45945945945945943,0.035978218591987576
2025-05-25,0.3121198776381569,0.3735177865612648,0.35654952076677315,0.1885135135135135,0.4589915966386554,0.4597589424572317,0.03538790589150298
2025-05-26,0.30260025548606856,0.32187314759928864,0.350298126064736,0.18949501773349098,0.46529994958830445,0.4600583090379009,0.028576982892690506
2025-05-27,0.30236933445382014,0.31015408929276966,0.347668724717905,0.20786896318811213,0.4663978494623656,0.45977458219976686,0.02235179786200192
2025-05-28,0.31406100472639364,0.36756863519652383,0.3507875691783737,0.21863920310653384,0.46514362506299345,0.45987954148047405,0.022347454333462857
2025-05-29,0.3031983061071816,0.2790284360189573,0.3602894232815492,0.22957461174881835,0.46388982196842454,0.4603729603729604,0.02603458325238006
2025-05-30,0.31198389828549233,0.3103652517275419,0.37829787234042556,0.22059071729957805,0.46817800167926116,0.4604777626723635,0.033993783993783944
2025-05-31,0.3271821958224777,0.341492301618634,0.3882152733460966,0.24670941613229835,0.47229684351914036,0.4607766990291262,0.05360264128957082
2025-06-01,0.32487898395442166,0.3110321689362542,0.38494257762654194,0.2692761936898937,0.47809299983213027,0.46068724519510773,0.04524271844660199
2025-06-02,0.341597496170474,0.4486977111286503,0.3799702317669572,0.24493927125506074,0.48237663645518636,0.46059782608695654,0.03300330033003296
2025-06-03,0.33265959072131945,0.4484119155652002,0.37967687074829937,0.19564850733681902,0.47541533814398385,0.46109062681932855,0.0357142857142857
2025-06-04,0.33096659657630295,0.386785009861933,0.38299681190223167,0.24097807757166947,0.47231543624161076,0.4619712844392705,0.04075295944110224
2025-06-05,0.34427557863582553,0.5018733977519227,0.38780280492987673,0.19086157477659754,0.4687133031370575,0.46207565470417067,0.054326736515327934
2025-06-06,0.3507812778301604,0.4794952681388013,0.39813044401954534,0.20279838165879974,0.468970144246897,0.4623739332816137,0.09291949563530555
2025-06-07,0.3417773277312486,0.45752020500689927,0.3899745114698385,0.19315691892802966,0.47325171893342277,0.4622842738025984,0.07447633824670286
2025-06-08,0.3281288111967174,0.3947575877020102,0.3839456360161393,0.1865520728008089,0.4800469483568075,0.4620007754943777,0.06146984681016099
2025-06-09,0.32250356236612765,0.3452216748768473,0.38407643312101913,0.19898904802021905,0.4917015926236379,0.46171738709052146,0.05331523846452113
2025-06-10,0.3177974026056281,0.3792356185973207,0.35215453194650814,0.19558625336927224,0.4891049279249078,0.4627906976744186,0.027912386121341393
2025-06-11,0.3029225174896473,0.2576324601142407,0.35398981324278433,0.22721913424288362,0.48634154516507455,0.4628947878318156,0.029457364341085257
2025-06-12,0.33431706881508183,0.3891295785742418,0.3679185232336092,0.23526439878747052,0.514745308310992,0.46299883765982175,0.035845766324355766
2025-06-13,0.35117532491538106,0.37054538294939954,0.3856597369537548,0.31402593029129483,0.5210252973697437,0.463102847181871,0.05269275474622237
2025-06-14,0.35956813896046674,0.38779527559055116,0.3864262990455991,0.3338383838383838,0.5226130653266332,0.4630131680867544,0.06372264187487897
2025-06-15,0.3625643726595021,0.36016532178704974,0.38994910941475824,0.353644167648544,0.5324066320549321,0.462729912875121,0.07649109217660732
2025-06-16,0.3847289394058755,0.4470680834317198,0.39007843968624123,0.3771457421743521,0.5596115204286671,0.4632210607820364,0.07124878993223616
2025-06-17,0.37432889459581054,0.37536887664764906,0.3800339126748622,0.39895675584721524,0.565377532228361,0.46332494677762726,0.06291134339914828
2025-06-18,0.40112868073584745,0.5588119590873328,0.3937274846365756,0.3272207267833109,0.5604285236022766,0.46362229102167185,0.10296109928391717
2025-06-19,0.3806404473997131,0.43205506391347104,0.39322033898305087,0.3315391084945332,0.5601673640167364,0.46333913716386144,0.10352167182662542
2025-06-20,0.3871252076527732,0.512190326386158,0.39398432535479766,0.28523377060208543,0.5645917001338688,0.4634429400386847,0.10330818340104464
2025-06-21,0.3739836014451443,0.38097110281108704,0.39983058026260054,0.2816546157726585,0.5693491718253305,0.46296654418874494,0.14912959381044488
2025-06-22,0.3953606531679232,0.4553852201257862,0.40757992801185683,0.28530598520511097,0.5759451321512211,0.46268368136117555,0.18526397215238832
2025-06-23,0.4134224254412186,0.6356848103753193,0.41236240474174424,0.1995293326609514,0.579528349222278,0.46182099362072293,0.19160866202629545
2025-06-24,0.3891857332104996,0.6117878192534381,0.3925925925925926,0.17915966386554621,0.5767558528428094,0.46405102435253187,0.1107674463560796
2025-06-25,0.3754186781510647,0.5602042820663917,0.39187473550571306,0.16316585447823895,0.5716435378699214,0.4631884057971014,0.10243525318902202
2025-06-26,0.34435002058679504,0.3984681853888452,0.3850222128199704,0.15305779569892472,0.5713808090939485,0.46445131375579596,0.09371980676328506
2025-06-27,0.33605629606582194,0.33398782642843117,0.3883248730964467,0.1600873509155048,0.5691124853752298,0.4645547614448522,0.10027047913446674
2025-06-28,0.3735298824019609,0.5665488810365136,0.3884542186508776,0.12831709774941216,0.5728609625668449,0.4646581691772885,0.12033996523082868
2025-06-29,0.34270025482402494,0.39234543670264965,0.3873150105708245,0.11956339210747272,0.5746031746031746,0.4647615369762502,0.11761297798377757
2025-06-30,0.3187289747613902,0.2800235478806907,0.3813147326146692,0.1134989926124916,0.5826929502171734,0.4648648648648649,0.08997876037845143
2025-07-01,0.34270616394754577,0.3967039434961742,0.3898985629754861,0.09484639919422529,0.5800901954234174,0.46496815286624205,0.12972972972972974
2025-07-02,0.36221689965847687,0.47763828952530407,0.39721107120219734,0.0986908358509567,0.5781563126252505,0.46507140100347355,0.1565334877436788
2025-07-03,0.3294038601242249,0.34653853696803294,0.37874947190536545,0.10840745091458298,0.5810652863583237,0.4653675477522671,0.09629486684677735
2025-07-04,0.328572226870728,0.3511764705882353,0.3750791974656811,0.10285234899328859,0.5834724540901502,0.46547067901234573,0.09338221107466715
2025-07-05,0.34086324742013385,0.32758282689668694,0.38682432432432434,0.12749538668008722,0.5870472375229511,0.4651880424300868,0.15104166666666663
2025-07-06,0.3427058816028996,0.33594668757350055,0.38632045598480047,0.1304931231130493,0.5929572763684914,0.4654839953721558,0.14503375120540019
2025-07-07,0.33511975218476636,0.3192239858906526,0.3799071338117349,0.14086869025658225,0.5950275321208076,0.4655870445344129,0.11010412649440804
2025-07-08,0.3481236410502668,0.3650078369905956,0.3884785819793205,0.14302481556002683,0.5940940940940941,0.46588280647648417,0.13225371120107965
2025-07-09,0.34797511786825835,0.4101860920666014,0.3831223628691983,0.12070410729253982,0.5906588824020016,0.46598573906340335,0.1171935235158057
2025-07-10,0.3212627112715658,0.2924010967489228,0.36827673486606205,0.12604760308414348,0.5918945963975983,0.4660886319845857,0.08286760454808251
2025-07-11,0.29908643805121937,0.24691599765028394,0.3340362716153522,0.10742416624769566,0.5931298982824746,0.46619148526295506,0.04682080924855492
2025-07-12,0.310426177401838,0.3194988253719655,0.32785157073582116,0.10522788203753351,0.5918639546515505,0.46590909090909094,0.05220574070506645
2025-07-13,0.31199123274298834,0.3266784106478763,0.3288364249578415,0.09666610822583348,0.5944324054009001,0.4656268053148469,0.0597072419106317
2025-07-14,0.3172491513125337,0.3786692759295499,0.3228661749209695,0.08944723618090453,0.5988333333333333,0.46553715825953024,0.048141729250914644
2025-07-15,0.3092898048304773,0.3332028957151243,0.3175305520438264,0.08340311505610451,0.592234627562073,0.46448508180943215,0.06488255679630339
2025-07-16,0.31108291268790245,0.2676056338028169,0.3294712449968401,0.090589417280643,0.5904698433855382,0.46285604311008466,0.12550529355149187
2025-07-17,0.3349157758066775,0.42245257187561114,0.32582139848357206,0.08186840783525866,0.5893719806763285,0.4623821435443525,0.1275981524249422
2025-07-18,0.3393750806724938,0.3840438013296832,0.32238365971783534,0.10110478741211919,0.5909393737508328,0.4632550981146595,0.17452376370983258
2025-07-19,0.3470394584298411,0.3536656891495601,0.33031578947368423,0.10092050209205021,0.5985012489592006,0.4633583381419504,0.23547518276260104
2025-07-20,0.35308996934708553,0.3639562157935887,0.3310881919595875,0.11161311914323963,0.601065601065601,0.4640384615384615,0.24677822658203497
2025-07-21,0.34872150014673603,0.33554817275747506,0.33438552188552184,0.10624058892420947,0.6041285167304811,0.46375696981349745,0.2482692307692308
2025-07-22,0.34928743450264443,0.330988667448222,0.33410477593099097,0.11073937771830043,0.6031957390146472,0.4638600538254517,0.2528359930782542
2025-07-23,0.3433218040743841,0.317444813440125,0.32225494320572146,0.1550426492724536,0.6022632717590282,0.46338650778397084,0.1995386389850058
2025-07-24,0.363454672067943,0.37519531250000004,0.32975814931650893,0.18444816053511706,0.6056572379367721,0.4632974634896234,0.22237170862963673
2025-07-25,0.3651055696960494,0.34309705135715685,0.3322119428090833,0.2379200802541381,0.6008983530194643,0.4628242074927954,0.21368178324365872
2025-07-26,0.3706121512205875,0.29187817258883253,0.3371873029220097,0.2606151788699432,0.6011310711909514,0.4575489819439109,0.275312199807877
2025-07-27,0.37057994351394363,0.3199297286746047,0.33501471206389244,0.23366204245361857,0.6061865957092964,0.4576531592087575,0.2710334229734921
2025-07-28,0.3869992272459645,0.3946135831381733,0.3282202143307418,0.3071524064171123,0.6072497505819754,0.45775729646697394,0.22700211254081049
2025-07-29,0.38905163321093306,0.3584390243902439,0.3359243697478992,0.32063492063492066,0.6066500415627598,0.4592052217316184,0.2534562211981567
2025-07-30,0.4150146305697775,0.5596956691377293,0.3383742911153119,0.2589375208820581,0.6003989361702128,0.462763915547025,0.26991745056632754
2025-07-31,0.3971630793108945,0.40745075092646776,0.3391432171356573,0.294638383163521,0.5998005650656473,0.46363461907503356,0.27831094049904026
2025-08-01,0.4017241594008443,0.3322932917316692,0.3539785849254672,0.34468937875751504,0.6016949152542372,0.46373752877973906,0.31395125695643833
2025-08-02,0.42006411078856365,0.3614739715344122,0.37489504617968095,0.34813825346468524,0.5994351221133079,0.4628812583924803,0.373561013046815
2025-08-03,0.43299308671938097,0.40233918128654966,0.38069254984260226,0.3634390651085142,0.5996677740863787,0.4626006904487917,0.38921925954344905
2025-08-04,0.41143392440537346,0.3414539076203469,0.37075115400755354,0.3476881989651143,0.6003986048829097,0.462895493767977,0.3454161871883391
2025-08-05,0.39985012498673095,0.2722135619641465,0.36207258233689954,0.368324432576769,0.6007970773829292,0.46050613496932513,0.3351869606903164
2025-08-06,0.4272648987498961,0.4397038768751218,0.37248322147651003,0.33822793258801936,0.5990370247385024,0.45965114050220435,0.35448619631901845
2025-08-07,0.41731928305050103,0.39813011297234124,0.36590480184525054,0.35168501835168503,0.5939575033200531,0.45898811805289386,0.3352501437607821
2025-08-08,0.40012792707795647,0.29990262901655307,0.3477987421383648,0.4091743119266055,0.5936929460580913,0.46196589384939646,0.28823303947872747
2025-08-09,0.42364282116286595,0.4324376947040498,0.3538042339132257,0.3842561707805203,0.5891138400265516,0.4634099616858237,0.3188350258670243
2025-08-10,0.44045124879890835,0.5583025111933035,0.35645431684828166,0.35501083875270967,0.5858636137381782,0.4621719977015898,0.324904214559387
2025-08-11,0.40676135889741155,0.4291553133514986,0.338152105593966,0.3587862620873625,0.5919044459190445,0.4618919954040598,0.2606780310285386
2025-08-12,0.3975568853948852,0.3605759875462152,0.34164222873900296,0.36622770461743626,0.5894841598938464,0.4585487267853724,0.2688625047874378
2025-08-13,0.4035877448043809,0.4095330739299611,0.3327748691099477,0.37933333333333336,0.5913764510779436,0.458843797856049,0.24966494351905033
2025-08-14,0.37711728960511093,0.29507877844777286,0.31679229480737015,0.3999333444425929,0.5945945945945945,0.46411483253588515,0.19218989280245025
2025-08-15,0.39609862311197763,0.29852197588486973,0.3462424115553695,0.3733755414861713,0.5943302387267905,0.4647914274779946,0.2993301435406699
2025-08-16,0.43588036677002934,0.4567373128524208,0.35621598995395565,0.39563551557554555,0.5987071108901044,0.4637459345704993,0.3442403367776502
2025-08-17,0.42032846988637057,0.3522550544323484,0.35593220338983056,0.3969020652898068,0.6065628107391449,0.46423106350420806,0.346087621962885
2025-08-18,0.4194526473801325,0.35296404275996107,0.355857740585774,0.4038301415487094,0.6097763048881524,0.4641422834193919,0.3301453710788065
2025-08-19,0.42608046500915614,0.3525068013991449,0.3691696297845639,0.4039294039294039,0.6114976805831677,0.4657743785850861,0.35360489577357046
2025-08-20,0.4616336086801953,0.4946570817952205,0.39481388540359685,0.3950391210254703,0.6102368726188504,0.46396482508124637,0.4110898661567878
2025-08-21,0.44293347900879754,0.4436674436674437,0.3844867238135061,0.37999334221038616,0.6114607485922491,0.4606269113149847,0.37736570445421525
2025-08-22,0.4375294637298177,0.4095940959409594,0.39862040133779264,0.3298385754701281,0.6145057128663687,0.46264093254347416,0.40997706422018354
2025-08-23,0.4164177398131142,0.39728155339805826,0.36844305120167187,0.30133111480865227,0.6155629139072848,0.45911348872755064,0.35677431683546723
2025-08-24,0.41827077240055077,0.37449039021549213,0.37985791893021315,0.27782398935285313,0.6227445787121337,0.4595988538681949,0.3951089033244173
2025-08-25,0.4184243875362534,0.33171583850931674,0.39440150407353247,0.2689620758483034,0.6246276067527309,0.4562643239113827,0.43457497612225404
2025-08-26,0.45534328875280927,0.48301960023287405,0.40810359231411864,0.26110094794611677,0.625186165811683,0.4556043536375788,0.4990450725744844
2025-08-27,0.43653263893623384,0.41385331781140866,0.40258926707036957,0.25141336880611903,0.6272336201191264,0.4555173730431462,0.4685888867672332
2025-08-28,0.4425626829931455,0.4234723569350145,0.4056367432150313,0.25885286783042394,0.6287841191066997,0.4560030540179424,0.482626956853761
2025-08-29,0.446997540986317,0.3646237393328161,0.4003339595074097,0.3705119680851064,0.6336420774065498,0.45572519083969465,0.45714831074632567
2025-08-30,0.48041755940907027,0.3655225906534807,0.41736227045075125,0.39587834469004485,0.6343641475111625,0.45926349933218846,0.6101145038167939
2025-08-31,0.48447939219732006,0.40189996122528115,0.4162320050073023,0.3707211698238618,0.6349206349206349,0.45936665394887444,0.623735928257966
2025-09-01,0.5012174848543526,0.5491374297344447,0.41906549853984143,0.33394251536800135,0.6358075714994214,0.4573717337402251,0.6119801602441817
2025-09-02,0.471197504190118,0.3839147286821706,0.4158498435870699,0.34933554817275747,0.632396694214876,0.4567124332570557,0.5889757772267785
2025-09-03,0.455270950940946,0.36058903313311375,0.40742285237698084,0.3504401262248796,0.6283258965460254,0.4581506196377503,0.526697177726926
2025-09-04,0.4648443710527587,0.5038744672607516,0.40587867417135715,0.28146795084689474,0.6230998017184401,0.46073198627525735,0.5140133460438513
2025-09-05,0.47027027101303176,0.4950610110400929,0.4089203834931221,0.2953677569317616,0.6221708243846027,0.4667429007051649,0.5333587495234464
2025-09-06,0.4744374845622565,0.4810224632068164,0.4100854344655136,0.29797476759628155,0.6225635943178064,0.46703506097560976,0.5679435868115114
2025-09-07,0.47400626150734276,0.501839303000968,0.4125,0.2499585062240664,0.6236168455821636,0.4669460849685655,0.5891768292682926
2025-09-08,0.4580942238120505,0.4132791327913279,0.4084565715475943,0.2935612346498506,0.6276420079260238,0.46704761904761904,0.5385787769098875
2025-09-09,0.46486606476629183,0.376620863170118,0.40628904623073714,0.3993695038991206,0.6310054482417038,0.4644829556274995,0.5114285714285715
2025-09-10,0.4707303511638235,0.3486842105263158,0.40891109723089736,0.4377903118779031,0.6290855067679102,0.46744097486671743,0.5324700057131975
2025-09-11,0.46251448746274965,0.3232733604178758,0.39904246461282267,0.466744070326754,0.6316223799306817,0.4667808871121264,0.4876237623762376
2025-09-12,0.4754686183898231,0.4117988394584139,0.39313215400624346,0.4822553897180763,0.6323432343234323,0.4691663494480396,0.4641157433847325
2025-09-13,0.4955491332629796,0.5757106942564301,0.3878485226799834,0.43641187199469406,0.6286091404058736,0.46964795432921025,0.4750666159116863
2025-09-14,0.4769305692425814,0.4657772621809745,0.39047222800083214,0.4219164456233422,0.627845595513032,0.4697488584474886,0.48582302568981917
2025-09-15,0.4696452764095591,0.40054127198917455,0.39579866888519133,0.44123984750538703,0.6313706086095991,0.46984972417728743,0.4790715372907154
2025-09-16,0.46162508172588224,0.3494395052183997,0.39654813890621754,0.43934371892608554,0.6273087071240105,0.4705211106884747,0.48658930949210577
2025-09-17,0.4575894721128961,0.35613526570048304,0.38648648648648654,0.4442419221209611,0.6245671887881286,0.4708119414337326,0.4632940281475846
2025-09-18,0.487174771444517,0.5425038639876352,0.3889004364996882,0.4103711066931743,0.6228156940323113,0.47186311787072244,0.48659440958357103
2025-09-19,0.4660739971161471,0.3662352713926985,0.3865336658354115,0.4581745900281597,0.62304268996209,0.4721535829690173,0.4903041825095057
2025-09-20,0.48054671242158326,0.332174584781769,0.3982962809058799,0.5052997681351441,0.6232696110744891,0.4732041049030786,0.551035924729139
2025-09-21,0.4962312270744634,0.40702838385788764,0.39821354383049434,0.5224374896506044,0.6230021420332839,0.47406422192665776,0.5526415811478524
2025-09-22,0.4913491914762782,0.3621621621621621,0.4,0.5428807947019868,0.6247116968698517,0.4739741641337386,0.5443663309899297
2025-09-23,0.52275841560136,0.45068519590812584,0.4111295681063123,0.546101638801523,0.6232910558392357,0.4742640075973409,0.631079027355623
2025-09-24,0.5305297581126632,0.490930142802007,0.414780984014947,0.5311155246607083,0.6220355731225297,0.4745537409798709,0.6497625830959164
2025-09-25,0.5216433534198932,0.43314682616245415,0.40929846409298465,0.5695846433890451,0.6225917997694714,0.4746535029428517,0.6205848841625522
2025-09-26,0.5552919440298689,0.5304783950617284,0.4310022826312513,0.5580741230972865,0.6216661178794863,0.4745634016704632,0.7159673438389975
2025-09-27,0.5625496205711273,0.568563162970106,0.4294605809128631,0.543424317617866,0.6205761316872428,0.47504270260011383,0.7382308276385725
2025-09-28,0.5368554585042814,0.452371770150405,0.4302012030699025,0.5011577902745616,0.6211323238973008,0.4751423149905123,0.7411273486430063
2025-09-29,0.5068284579875383,0.3799884326200116,0.4160099543757777,0.4843724160740863,0.623498436728649,0.47505217226332763,0.6620493358633777
2025-09-30,0.5189231771937504,0.5048188126445643,0.4072154260833506,0.47470238095238093,0.6227377426785127,0.4749620637329287,0.6291026370707646
2025-10-01,0.5157425225961124,0.3894777413759877,0.4089966832504146,0.5377748388163333,0.6236223063003783,0.4754409254693722,0.6591426403641882
2025-10-02,0.5010031720164746,0.4134874759152216,0.3861139896373057,0.5231404958677686,0.6351973684210526,0.47572999620781187,0.5723497060496872
2025-10-03,0.5007514648410306,0.4895010595261029,0.372150849564857,0.5063625846967443,0.6352573589870087,0.47639810426540286,0.5248388320060675
2025-10-04,0.521126606348622,0.5760785824345147,0.3571576548580899,0.5416391275611369,0.6354817494245314,0.4766868840030326,0.5397156398104266
2025-10-05,0.5116230891349183,0.4902753706913152,0.35832642916321455,0.5522881215925987,0.6365280289330922,0.4765965510706841,0.555724033358605
2025-10-06,0.49198303339555177,0.39295340777820564,0.35017601987989233,0.5695407994714239,0.638560157790927,0.4759378552482001,0.5247299602046618
2025-10-07,0.5158279635474753,0.5439846005774783,0.34202898550724636,0.5772089182493807,0.6371405094494659,0.4760371282439856,0.5185676392572944
2025-10-08,0.5238075560652095,0.4757505773672055,0.37073069757814114,0.547225891677675,0.6367071968452185,0.4768939393939394,0.6355370335290775
2025-10-09,0.4967903233302134,0.4021550894746969,0.35492549668874174,0.4949645038798085,0.6369311647773944,0.4771823518273054,0.6145833333333333
2025-10-10,0.5212370084750698,0.5761831473643709,0.37140492447755014,0.4197755034664906,0.6364980289093298,0.47728133282847407,0.6462791138042038
2025-10-11,0.542350358912525,0.5591459896133872,0.4162184526272238,0.3675524013863674,0.6352438824109049,0.47738027635812985,0.7985611510791367
2025-10-12,0.5403689905770075,0.5036538461538462,0.4324715615305067,0.3579207920792079,0.6361247947454844,0.47710068130204386,0.8349422676509559
2025-10-13,0.5344006340006966,0.48702172659104015,0.4104631927212572,0.42798218115822473,0.6389755376785421,0.47719962157048246,0.7647615442846328
2025-10-14,0.5283367178532162,0.4454056132256824,0.41037833367789955,0.4701418673705048,0.6424819435325017,0.47767688233068484,0.7239356669820246
2025-10-15,0.5264857472285495,0.36709590620795696,0.42207523770152955,0.47550717466600695,0.6438536024946659,0.47777567618687344,0.7726068861142641
2025-10-16,0.5557428204029623,0.5259415833973866,0.4360405042364125,0.4561345646437995,0.6453889071217591,0.4801437216338881,0.7908076413845281
2025-10-17,0.5549724808607078,0.4995196926032661,0.4446280991735537,0.44204451772464964,0.6462674323215751,0.48024201172244285,0.8171331316187594
2025-10-18,0.5664322520927189,0.4790626200537841,0.450939888452799,0.5062644246620508,0.6478018372703411,0.47863894139886576,0.8358858007184723
2025-10-19,0.5570120374440723,0.4442097176877281,0.44878149524989674,0.48607219383550354,0.6508118746924717,0.4781704781704782,0.8340264650283554
2025-10-20,0.5609421517382918,0.5639400921658986,0.44373322320875486,0.4174357284113382,0.6531649721220072,0.4782690854119426,0.8091098091098091
2025-10-21,0.5435304673849005,0.5047033979650605,0.4378612716763006,0.4002306805074971,0.6535497622561075,0.4789344417154733,0.7859032501889645
2025-10-22,0.5437425230669968,0.5138195777351248,0.44458204334365325,0.3617792421746293,0.6531147540983606,0.4786550812240272,0.8105044398261856
2025-10-23,0.5453177731851045,0.5077720207253886,0.4488237721832439,0.35628397298632847,0.6548106867726602,0.4795089707271011,0.8247072157159048
2025-10-24,0.5462234545735543,0.5470069071373753,0.44130389931916647,0.36709486166007904,0.6553588987217306,0.47922960725075525,0.787346553352219
2025-10-25,0.5130151651460796,0.34778438519086896,0.4379125412541254,0.3719743125308744,0.6567262002293954,0.4789503492542949,0.7847432024169184
2025-10-26,0.5315850821263874,0.44246260069044874,0.43617240668179,0.3906815936779717,0.6620249017038008,0.4788599471498679,0.7793090428544459
2025-10-27,0.5312149450061282,0.4935762224352829,0.4212371134020618,0.41530864197530865,0.6694512694512694,0.4783921494621627,0.7093242733106833
2025-10-28,0.5332131727159206,0.49904141104294475,0.42465471036899605,0.40157998683344304,0.6668850311169341,0.48226415094339625,0.7248537459898095
2025-10-29,0.5245224296456712,0.42399846655165807,0.4309563066776587,0.3870330755306895,0.6644833797281808,0.4842482550462177,0.7564150943396226
2025-10-30,0.5674485211026858,0.6303181295515523,0.4428188749227282,0.3830207305034551,0.6658480681074002,0.4850999622783855,0.7975853612525938
2025-10-31,0.5412645645527184,0.47480360222264806,0.4513803049031726,0.35219608488238197,0.6663938451465052,0.4825570431831039,0.8202565069784986
2025-11-01,0.5535430005354308,0.5632183908045977,0.44572605561277034,0.3457236842105263,0.6662847790507365,0.48208898944193057,0.8182161040920234
2025-11-02,0.5576965552068563,0.5703888144033711,0.4443986820428336,0.36128926163459957,0.6717394861724759,0.482186616399623,0.8161764705882353
2025-11-03,0.5487218702684059,0.48678667177326695,0.44327774346304305,0.40743176586649127,0.6742473821989529,0.4824726724462872,0.7981149858623939
2025-11-04,0.5728806764424461,0.5743825387708213,0.4588307945656649,0.4044057208614171,0.6744642565025356,0.4848313548143961,0.8403693931398417
2025-11-05,0.5910599031666438,0.6460566615620215,0.47828771352130073,0.3680144641683103,0.6740268236833498,0.47927656367746796,0.9006971923874129
2025-11-06,0.5829581776024847,0.6055502392344498,0.4668724279835391,0.39112571898110104,0.6740801308258382,0.48012808438500654,0.8799924642049737
2025-11-07,0.5924091267749821,0.6117489475698431,0.4795309607076733,0.3994413407821229,0.6742969260954872,0.4811676082862524,0.9082689772085139
2025-11-08,0.5859082973362595,0.5932657356035966,0.46976552858905796,0.393790044356826,0.6743501716527709,0.4822067407267935,0.9020715630885122
2025-11-09,0.6120567513035479,0.698928844682479,0.47501542257865514,0.43101182654402104,0.6748937561294541,0.48211596385542166,0.9103746940312559
2025-11-10,0.5941589826102993,0.5899789634729393,0.46504934210526316,0.47101330267695846,0.6751103121425069,0.48390739695087526,0.879894578313253
2025-11-11,0.5871106128222817,0.5868068833652007,0.46145940390544704,0.4574712643678161,0.6748366013071896,0.47835905156191194,0.8637304724261246
2025-11-12,0.5835332953408937,0.5517109539285032,0.47431154952733257,0.4271876539156132,0.6747263519032838,0.4790216368767639,0.8942416258938652
2025-11-13,0.5892010998805777,0.6072247706422018,0.48037805629751384,0.39248194353250165,0.6747794838288141,0.4804364183596689,0.8999059266227658
2025-11-14,0.5777146193179915,0.5816931014714313,0.4864420706655711,0.3328409650418513,0.6745059611301649,0.4773368440850103,0.9134687735139202
2025-11-15,0.5999037634109713,0.6354604508979748,0.5173546929554323,0.33935018050541516,0.6743958197256694,0.4757427604362542,0.9571186759450818
2025-11-16,0.5946162051982969,0.6328557784145177,0.5106776180698152,0.3250205086136177,0.6744489795918367,0.4754653130287648,0.9492290334712298
2025-11-17,0.5818462533753268,0.5826967150496563,0.5204270170396222,0.2844488188976378,0.6753183153770813,0.47518796992481205,0.952998683963151
2025-11-18,0.6055366201228327,0.7511934313538285,0.5334564860426929,0.23126127603739544,0.67341276317937,0.4745348618680699,0.9693609022556391
2025-11-19,0.599598738149293,0.6966399389079801,0.5257541555509953,0.25532961626762873,0.6724869451697129,0.4815858699736941,0.965795903025747
2025-11-20,0.6006569166463499,0.6856270280587898,0.5381616741895774,0.2467617642236432,0.6723772230380161,0.4845012211159121,0.9765125892521609
2025-11-21,0.6162571293030797,0.7505725190839695,0.5604102564102564,0.24032786885245902,0.6717781402936378,0.48140495867768596,0.9930490325004696
2025-11-22,0.6038829906926605,0.6685746994848312,0.5738310090237899,0.23750204884445172,0.6705268308595662,0.47549295774647893,0.9973703981968445
2025-11-23,0.6115764580563682,0.70927127050744,0.5759688332991593,0.2405768600458866,0.669928245270711,0.4754036800600826,0.9983098591549295
2025-11-24,0.5972979133767117,0.6957848559984742,0.5610906109061091,0.18384401114206128,0.6698190119028208,0.4758776046555284,0.997371385655276
2025-11-25,0.5897675663004301,0.6781083142639206,0.5538020086083213,0.16743119266055045,0.6687316596022171,0.4748498498498499,0.9956823728177211
2025-11-26,0.6098960001803108,0.8204003813155386,0.5594262295081966,0.14496314496314497,0.6622656886715567,0.4760743103771815,0.9962462462462462
2025-11-27,0.5692076612203999,0.5855890202058711,0.5435361606228232,0.15722240419259745,0.66248370273794,0.476172607879925,0.9902420716832426
2025-11-28,0.5778090936532428,0.657137411854393,0.5403523146251537,0.15031930571475355,0.6617239693661399,0.4760832864378165,0.9812382739212008
2025-11-29,0.5762731090622268,0.6303353658536586,0.5424943682162605,0.1648657498362803,0.6630824372759856,0.4754313578394599,0.9814293753517164
2025-11-30,0.5821954594212003,0.6883215850638217,0.542997542997543,0.14290391226059912,0.6633002117608731,0.47684230264391525,0.9788072018004501
2025-12-01,0.5653275296057522,0.5723809523809524,0.5445240532241555,0.1546644844517185,0.6697068403908795,0.47637795275590555,0.9743108944309019
2025-12-02,0.5975451630511678,0.7417634736240716,0.5681539091281211,0.14400261822942234,0.6640612278130598,0.47647610121836925,0.9908136482939632
2025-12-03,0.5811613292173239,0.7361005331302362,0.541231839574381,0.10732984293193717,0.6551611852816672,0.4836956521739131,0.9634489222118088
2025-12-04,0.5674443742336501,0.6923662668951076,0.5276186579378068,0.09798789465074431,0.6529383037603776,0.48266816563612513,0.9510869565217391
2025-12-05,0.5730178613382073,0.7032736962314428,0.537737778686848,0.10075237160614982,0.6559244791666667,0.4846384413638066,0.9557804009743301
2025-12-06,0.5920167380991528,0.7918173168411037,0.5535787321063395,0.08634505314799673,0.6567941415785191,0.4890428919273272,0.9745222929936306
2025-12-07,0.5608638266015948,0.5970319634703196,0.5546922919648334,0.0894375408763898,0.6609176700292874,0.4904494382022472,0.9726540550664918
2025-12-08,0.5609173433908274,0.6005326231691079,0.5500817661488144,0.09432728461664215,0.6687815194403774,0.490170380078637,0.9616104868913857
2025-12-09,0.5674339556986213,0.6394066184861165,0.5466993664418558,0.10052304674730304,0.6696486662329213,0.49064020965930366,0.9576858266242276
2025-12-10,0.5741466241313328,0.716105723521582,0.5361667347772783,0.08923026638339598,0.6682387380061798,0.49129702414373944,0.9438412579558217
2025-12-11,0.558143458660079,0.6045627376425855,0.5411644535240041,0.0934640522875817,0.6710569105691058,0.4928892215568862,0.9457233763803107
2025-12-12,0.5520233730461769,0.5818285497053792,0.5386029411764706,0.08773076294723084,0.6714355389367582,0.49317118802619275,0.9393712574850299
2025-12-13,0.5686219691109372,0.6524135309768149,0.5507453542985501,0.09032995753021889,0.671001300390117,0.4932659932659933,0.9539756782039289
2025-12-14,0.570313155402849,0.6595097852935587,0.551449571253573,0.09276498448472971,0.6726799934991061,0.49279970076678514,0.9526748971193416
2025-12-15,0.5878465698144809,0.7530395136778115,0.5646050214329454,0.08491182233834095,0.6737081572960676,0.49270755422587886,0.9581073499158407
2025-12-16,0.5880516191458859,0.7361823361823362,0.5779591836734694,0.08228571428571428,0.6731112916328188,0.4916806879790615,0.9670905011219147
2025-12-17,0.570381960499726,0.65894417014812,0.5680473372781065,0.07704864511916422,0.6728395061728395,0.49065420560747663,0.954757898672649
2025-12-18,0.5861083222173781,0.7193848490601861,0.579967360261118,0.09107230292149503,0.6743543933733962,0.4900018688095683,0.9618691588785047
2025-12-19,0.582494579589115,0.6902050113895216,0.5847440342647359,0.0941579634464752,0.6753816174082494,0.4876681614349776,0.9628106895907307
2025-12-20,0.572633167570802,0.6629341431011577,0.5658646003262643,0.0985478870941426,0.6754343237538561,0.4873902484588082,0.945627802690583
2025-12-21,0.5725228665080005,0.6546489563567363,0.5655453618756371,0.10701468189233279,0.6762987012987013,0.4872992155397834,0.9443302820848123
2025-12-22,0.5770084132253505,0.6960728514513375,0.5646147574398696,0.10014679497634969,0.6773251095601364,0.4877684407096172,0.9361225252147927
2025-12-23,0.5746415121241997,0.6894916540212443,0.5653148563276951,0.09540117416829745,0.6773774748458292,0.48674383868558624,0.9335200746965453
2025-12-24,0.5758672652375221,0.6692584866300019,0.5737571312143439,0.10614707321050057,0.6772675644978094,0.4900130670151204,0.9387602688573562
2025-12-25,0.5668394839946348,0.6128175957527493,0.5728254226930128,0.11460710792305184,0.677319922128488,0.4880552444942142,0.9354116109762927
2025-12-26,0.5864852910407814,0.7072985781990522,0.5759674134419552,0.13773431132844335,0.6776966747769668,0.4892703862660944,0.9309443822321761
2025-12-27,0.5692340357727027,0.6241470811220622,0.5758501323559356,0.11978487614080835,0.677911125527084,0.4867537313432836,0.9309572681470424
2025-12-28,0.5844502234682717,0.7148000758006443,0.5734934853420195,0.12449079354733583,0.6779633533322523,0.4885282596530498,0.9274253731343284
2025-12-29,0.5669093477882075,0.6250473664266768,0.5735802971707714,0.11453242098403389,0.6780155642023347,0.48657217456173074,0.923708263383697
2025-12-30,0.5735787147478929,0.6328850161015344,0.5795685795685795,0.13699299560188957,0.6779056573188523,0.48834607495804583,0.9257739649384558
2025-12-31,0.5919206535536369,0.7935606060606061,0.5692777212614446,0.10570032573289902,0.6771474878444084,0.49198359433258765,0.913854186089875
2026-01-01,0.5845879057477976,0.7303540996023481,0.5770951993490643,0.10861423220973783,0.6776859504132231,0.49506057781919854,0.918717375093214
2026-01-02,0.5689434002529862,0.6332828474062855,0.5682326621923937,0.13611201563008793,0.6785482825664291,0.4951546775997018,0.9023299161230196
2026-01-03,0.5716482539978607,0.6530380465644521,0.5593737291581944,0.1515546150089533,0.6787623521788433,0.49524874231414195,0.8919120387625792
2026-01-04,0.5643127446527673,0.6069265707797123,0.5556007318560683,0.16455078125,0.6789763524457402,0.4951564828614009,0.8846655487236817
2026-01-05,0.5704811304101998,0.6404919583727531,0.5520325203252032,0.1902359641985354,0.6791902834008097,0.49525051219966476,0.8656855439642325
2026-01-06,0.5664059700710825,0.6808550889141127,0.539118065433855,0.16514806378132119,0.679080310880829,0.49608938547486037,0.8381449059415161
2026-01-07,0.5647425030943535,0.6966143370531492,0.540633888663145,0.1426712217341793,0.6786465921968593,0.4961832061068703,0.833705772811918
2026-01-08,0.5568854488656352,0.6310514372163389,0.5541336583384115,0.13028627195836046,0.6786986079637423,0.49646314221891286,0.8506795754980451
2026-01-09,0.5705619115520361,0.7052372849309889,0.5552396425670187,0.14116116441697837,0.6787506068943194,0.4965568583659036,0.8464259121370067
2026-01-10,0.5612916318885818,0.6568998109640831,0.5593908629441624,0.12747967479674796,0.6786407766990291,0.495347971715668,0.8499906942117997
2026-01-11,0.5496313376389258,0.5813645813645814,0.560698335363378,0.12810925052836938,0.6791781265167449,0.4956279069767442,0.8528098250837365
2026-01-12,0.5764383811759162,0.7615268329554044,0.559163791353765,0.11687256176853056,0.6793917825946296,0.49516369047619047,0.8465116279069768
2026-01-13,0.5564159230760221,0.6514264122425846,0.5562094155844156,0.12091662603607996,0.6791201682031376,0.4960014878184862,0.8348214285714286
2026-01-14,0.5496934370564343,0.6560256894597658,0.5331710286062081,0.13405914852128697,0.6783635187580854,0.49776868724432877,0.7987725497489306
2026-01-15,0.5534690350804692,0.7029272898961284,0.5208924949290061,0.13501218521527214,0.6777687954729184,0.5000929540806842,0.7841204908888062
2026-01-16,0.54659584304299,0.6363293051359517,0.5327519772865544,0.1398635477582846,0.6771742644681539,0.5003717472118959,0.7930842163970998
2026-01-17,0.5524272140539123,0.6784972626014725,0.5334549878345498,0.1276595744680851,0.6769031840956845,0.5002787585950567,0.7977695167286245
2026-01-18,0.5399249561744147,0.5990939977349943,0.5365903101560916,0.12633972068853525,0.6771170006464124,0.5007432181345225,0.799665489685932
2026-01-19,0.5464697553266308,0.6403094923570485,0.5417511147142278,0.11998701087838935,0.6784617870415253,0.500278655025079,0.7980304719435154
2026-01-20,0.5436459474560952,0.609056603773585,0.5515704154002026,0.11477272727272728,0.6781906300484652,0.50018573551263,0.8080995727289615
2026-01-21,0.5722962040793823,0.7223165440482928,0.5842787682333874,0.12011037169290699,0.6771119366822808,0.49749303621169916,0.8324665676077266
2026-01-22,0.5629646058316169,0.6859675594115429,0.5736277091351023,0.12187601428107757,0.6770025839793281,0.4953583364277757,0.8239554317548746
2026-01-23,0.5484990520205429,0.5889119366396379,0.575739165654111,0.12996917085834822,0.6778621023736477,0.4947094857991461,0.8238024507983661
2026-01-24,0.5593623141596741,0.6723227752639518,0.576027535938449,0.11048020765736535,0.6775912173070713,0.4951744617668894,0.8245776870243178
2026-01-25,0.5892512718263863,0.8746465598491988,0.5791497975708502,0.0867802108678021,0.6763518966908797,0.4954537019855261,0.8231254639940608
2026-01-26,0.5872351899049093,0.8450810403317,0.5986642380085003,0.07411612066169315,0.6760813428018075,0.4948051948051948,0.8346632028205604
2026-01-27,0.5684840703244084,0.7646504616544187,0.5861999190611089,0.07150964812712826,0.6756495078263676,0.4965683546651827,0.8163265306122449
2026-01-28,0.5639549785405648,0.7673323285606631,0.5804167509609549,0.06387808041504539,0.675217812197483,0.49350890207715137,0.8033759970320905
2026-01-29,0.570737240777259,0.8233188924467885,0.5815129449838188,0.05462797860269088,0.6746249395063719,0.49378824402002597,0.7965504451038575
2026-01-30,0.5744093515739929,0.7694915254237288,0.6167846309403437,0.06207455429497569,0.675,0.49258435298479797,0.8305210458001113
2026-01-31,0.5749736337747461,0.758614196949727,0.6207035988677719,0.06125425376762275,0.6747298822770521,0.4919369786839667,0.842602892102336
2026-02-01,0.5889267194294895,0.7667545180722891,0.6553466747523752,0.05476344782890473,0.6736536601096421,0.48832468495181613,0.8947173308619092
2026-02-02,0.6046604817445479,0.849802371541502,0.6626919967663703,0.05005669852583833,0.6735450588424956,0.48693718732629243,0.9049295774647887
2026-02-03,0.5985282561574766,0.8441851712457659,0.65568801778137,0.04243602202785876,0.6726305609284333,0.48795850314931455,0.8882712618121178
2026-02-04,0.5977897211508277,0.8114769520225776,0.6684848484848485,0.03773279352226721,0.6713940370668816,0.4869420263011669,0.9107076695072249
2026-02-05,0.600181298685046,0.7925131677953349,0.6889517269238538,0.04145077720207254,0.6709635836287464,0.48111111111111116,0.9260974254491573
2026-02-06,0.6459420939552688,0.9063381606168892,0.8002827140549273,0.04306297555447628,0.6682777509263734,0.46880207369005744,0.9888888888888889
2026-02-07,0.6073354284595495,0.7976682963520121,0.7171411265899454,0.04289414049854322,0.6609213917525774,0.48148833765272125,0.9438992779114979
2026-02-08,0.6001670506226195,0.726640345929686,0.7309245054501413,0.044829260398122676,0.6627476244161701,0.48121414029243015,0.9546464272491669
2026-02-09,0.5908686729400108,0.6913533834586466,0.7196770938446014,0.04757281553398058,0.6648953301127214,0.482420429311621,0.9392929853784935
2026-02-10,0.5980277053067917,0.7269310280022552,0.7223567393058918,0.04465296877527908,0.6633392368378683,0.49065679925994454,0.9402294596595114
2026-02-11,0.617328433996483,0.8147313040210447,0.7379463385111963,0.04836622452280815,0.661944623309723,0.4916759156492786,0.9493061979648474
2026-02-12,0.6167262085069303,0.7824535036633478,0.7622025010084712,0.04754973313925279,0.6615161757605021,0.4893656371370446,0.9572697003329633
2026-02-13,0.6064177983880834,0.7084898572501879,0.7721314781205888,0.05012936610608021,0.6652719665271967,0.4883505917159763,0.9541335306084705
2026-02-14,0.6117021972188579,0.7883568075117371,0.7368951612903225,0.05270816491511722,0.6674175382139984,0.489554446293215,0.9352810650887574
2026-02-15,0.5968296430281793,0.7161096507698085,0.7278774440636968,0.05463950856773359,0.6692406692406692,0.4848428835489834,0.9282677019781845
2026-02-16,0.5828222806871564,0.6100994931481134,0.741434905280129,0.060610958461289804,0.67138491233714,0.4875254111994086,0.9258780036968577
2026-02-17,0.5934757605492257,0.6841216216216216,0.7406810396937336,0.06027795733678087,0.6722418784174976,0.487989652623799,0.915542413601922
2026-02-18,0.6060945031117632,0.7414148996059298,0.7590652699435939,0.06188398772014865,0.6727769737899985,0.4830962497690745,0.918329637841833
2026-02-19,0.6190802292629324,0.7988742964352721,0.7736153071500503,0.0579967689822294,0.6726688102893891,0.4913188031030661,0.9200073896175873
2026-02-20,0.6109972699609908,0.7702119677358845,0.7660088602496979,0.0610563721531255,0.6735251567272142,0.48864265927977835,0.9065386036202439
2026-02-21,0.6113070945872662,0.8385221305326331,0.7533722568955104,0.06153100775193798,0.6734169077467053,0.48356720827178734,0.8574330563250231
2026-02-22,0.6179419451454177,0.8987436714794674,0.7534219001610306,0.054093331180364926,0.6728266109593444,0.48569318811150086,0.8428729689807977
2026-02-23,0.5933272123983097,0.7418447694038246,0.7613201851479171,0.06038101388440426,0.6740038560411311,0.4863418235511259,0.8360716263614547
2026-02-24,0.6207144618167509,0.8275538894095595,0.7955734406438632,0.08006456820016142,0.6743775100401607,0.4853293965676324,0.8613879660391288
2026-02-25,0.6203728179868321,0.7721139430284858,0.8030577348622008,0.12136862491930278,0.6744298104722133,0.48523985239852396,0.8660269422402658
2026-02-26,0.6101905904820147,0.7691587033914185,0.755229283990346,0.1503953525899629,0.6746426850810985,0.4910533111971961,0.8206642066420664
2026-02-27,0.6280055237659252,0.831584863244661,0.7633219384677257,0.18312358825427558,0.6737315350032114,0.4937292511988196,0.8225419664268585
2026-02-28,0.6474395278179182,0.8377973403259037,0.7848813831926016,0.25229875786417166,0.6742655321881522,0.49290060851926976,0.8424935448174106
2026-03-01,0.6434902944326836,0.8254681647940075,0.7708542713567839,0.2688709677419355,0.6747993579454253,0.493547197640118,0.8274018071178315
2026-03-02,0.6502983577748068,0.8140797603445048,0.7877813504823151,0.30043541364296084,0.6756539881238967,0.49382488479262676,0.8300147492625369
2026-03-03,0.6454723945933933,0.8339573193560464,0.7450271247739602,0.3255401483392454,0.6758664955070603,0.49520825654257283,0.7972350230414746
2026-03-04,0.6589835477481327,0.842597791502901,0.7523101647247891,0.3885216830565855,0.676239371089363,0.4956697991523862,0.7985624769627718
2026-03-05,0.6533411941659156,0.8308383233532934,0.7033540871660976,0.4506769825918762,0.6769329483477703,0.5053426676492263,0.7529021558872305
2026-03-06,0.6472906932173957,0.6933582787652011,0.7214859437751004,0.5139403706688155,0.6777866880513232,0.5056179775280899,0.7715549005158437
2026-03-07,0.6780635993800163,0.803030303030303,0.7572776550893395,0.5175636480825008,0.6778383579217446,0.5057090239410682,0.8069626082151409
2026-03-08,0.6937363343407267,0.8541238077426594,0.7699718988358089,0.5364910584823587,0.6822190155523489,0.505615908672436,0.8139963167587477
2026-03-09,0.6967972327054653,0.8547120418848168,0.7852699177202489,0.5381765463917526,0.6830714972747676,0.5055228276877761,0.8140305652734303
2026-03-10,0.674975828883391,0.8281921854552252,0.7548154093097913,0.49492671927846676,0.6828017310466421,0.5059819620835634,0.7831369661266568
2026-03-11,0.6648133770500398,0.8179439252336449,0.7352056168505516,0.4816425120772947,0.6826923076923077,0.5060728744939271,0.7653230259525124
2026-03-12,0.6653633060461472,0.8106895907307046,0.7310469314079422,0.5044276284012237,0.6825829194039417,0.5063477460901564,0.757085020242915
2026-03-13,0.6690292718917822,0.84398355754858,0.7290956486865852,0.5062781712813909,0.6824735661646908,0.5066225165562914,0.7457221711131554
2026-03-14,0.6707693584765115,0.8666168503642817,0.72514033680834,0.49814904233059715,0.6820438891558546,0.5074489608239838,0.7452170713760118
2026-03-15,0.6570873869111025,0.8423608516996638,0.7229905792744037,0.4486643064048922,0.6817745035233824,0.5068039720485473,0.7399301085157256
2026-03-16,0.6457764903687999,0.8435107376283847,0.7066132264529058,0.43652453740949315,0.6821457165732586,0.5076300790586505,0.6982346450901067
2026-03-17,0.6293218606640675,0.8308439133681852,0.6860348627529553,0.41280566280566283,0.6812359910342619,0.5066176470588235,0.6583930869645156
2026-03-18,0.6130585864839103,0.8282620869889864,0.6937099358974359,0.3088306257037156,0.6776052505202497,0.5067083256754272,0.663235294117647
2026-03-19,0.6186919379651176,0.8008585293019783,0.7240136190666934,0.29205532325506595,0.676056338028169,0.507901506798971,0.7112663113398272
2026-03-20,0.6271634003534676,0.8294457921253966,0.7408890668802564,0.279626949670365,0.6751480236837895,0.5083593606467022,0.7295112091142962
2026-03-21,0.6267409695466452,0.8248134328358209,0.7329329329329329,0.3017684887459807,0.67376,0.5084496693607641,0.7187212934043725
2026-03-22,0.6248730309061664,0.8155194926319717,0.7457966373098479,0.2760006429834432,0.67285234362502,0.5079889807162534,0.7310800881704629
2026-03-23,0.6225360270001206,0.7327489742633346,0.7696617970782469,0.2925104468016715,0.6748240563019834,0.5110172603745868,0.7544536271808999
2026-03-24,0.6172959882759678,0.7145254521722917,0.7318927571028411,0.38614816005142216,0.6751959059651367,0.5096383330273545,0.6863753213367609
2026-03-25,0.6229940766533046,0.8527218493661447,0.7335467093418684,0.28968508997429304,0.6730092740645987,0.5086270190895741,0.6803745180833487
2026-03-26,0.5915964202501652,0.7371854613233924,0.7262,0.2236144578313253,0.6730615507593924,0.5111029546705818,0.6784140969162995
2026-03-27,0.5922723637402986,0.7118896757361163,0.7640471905618876,0.17459042724060392,0.6734335038363171,0.5097247706422019,0.7199486144246651
2026-03-28,0.614235331806953,0.7894540711757034,0.7938824470211915,0.14742251485466518,0.6736455170209366,0.5094478077416988,0.771559633027523
2026-03-29,0.5984141208866661,0.6950447093889717,0.7923246052368579,0.14804110468850354,0.6770533716842442,0.5078870139398386,0.7701339203815813
2026-03-30,0.614390802453872,0.8197057180108027,0.7981614708233413,0.12473912345480816,0.6793417478830484,0.5088941866862278,0.7555025678650037
2026-03-31,0.6095272923543598,0.8409683426443203,0.7908091908091908,0.10979133226324238,0.6787539936102236,0.5066006600660067,0.7302402347331745
2026-04-01,0.593100133001028,0.8307577732265872,0.7726727926488214,0.09179906917027765,0.6786455837725602,0.5066911090742439,0.678034470113678
2026-04-02,0.5786949239461426,0.7287788533134774,0.7751148392250848,0.09868421052631579,0.6801341424465027,0.5093475073313782,0.6801099908340972
2026-04-03,0.5962734466566683,0.8069979527265959,0.7901357827476039,0.09112786780041714,0.6803448826441003,0.5094374198277443,0.6995967741935484
2026-04-04,0.6028908991284504,0.8505768515072571,0.7905769614693552,0.08437600256657042,0.6813537675606641,0.5098937339684866,0.700568077698369
2026-04-05,0.6037505252516512,0.8907906976744187,0.7858283433133733,0.06591820368885325,0.6810853950518755,0.5101666971972889,0.6887138145840968
2026-04-06,0.5636125558851616,0.7299107142857143,0.7643184993015366,0.06574727389352149,0.6825726141078838,0.5098901098901099,0.6292361238322037
2026-04-07,0.5818845379236798,0.8508461967639948,0.7667597765363129,0.06349206349206349,0.6824636987394288,0.5096136238784106,0.6181318681318682
2026-04-08,0.5480140912023566,0.7913722573447378,0.722720925593457,0.0647643475472908,0.6820357370772177,0.5084218235078726,0.5187694561435634
2026-04-09,0.5476366843843726,0.7553448596393382,0.7351416035101714,0.06795960891168457,0.6822459722443771,0.5105253523704925,0.5346027096301721
2026-04-10,0.5428986226636656,0.7674721189591078,0.7268195413758725,0.07003205128205128,0.6830940988835725,0.5124450951683748,0.49752883031301487
2026-04-11,0.5470031633144842,0.8360899461066716,0.7149122807017544,0.06585483095657747,0.6828257056290863,0.5149130832570905,0.4674231332357247
2026-04-12,0.5459514333248386,0.8415087328130806,0.7135738489136935,0.06392181992950978,0.6835140306122449,0.5157336260519576,0.4574565416285453
2026-04-13,0.538465324365262,0.7278469255062233,0.7439218812275807,0.07240108921992632,0.6845209628566874,0.5154563746113041,0.48664471276985
2026-04-14,0.5156483181137443,0.7217682020802377,0.6971508268579398,0.08103779628443306,0.6845712464137711,0.5188368690563276,0.3905249679897568
2026-04-15,0.5087080900619501,0.6482822655524605,0.7029880478087649,0.09271417133706966,0.6846215139442231,0.5225818248308649,0.40106071689831746
2026-04-16,0.534839365856298,0.8232454511696992,0.6968731328420633,0.09830291386487353,0.6845124282982792,0.5266910420475319,0.379411226915341
2026-04-17,0.5161305072041708,0.6953777612771487,0.6929510155316607,0.1250200096046102,0.6853592480484307,0.529702065435935,0.36837294332723947
2026-04-18,0.5152949472851955,0.7314402375649591,0.6748954807883735,0.12884122919334187,0.6844536476584899,0.527046783625731,0.34509230488027787
2026-04-19,0.5152553646630453,0.6815735758025607,0.6878980891719746,0.13970235237638023,0.6862557732122949,0.5276813447834825,0.368421052631579
2026-04-20,0.5246174506925355,0.67569573283859,0.7092537313432836,0.1496,0.6898089171974522,0.5255754475703325,0.39777087520555454
2026-04-21,0.5369001459391346,0.7944722685958079,0.6882212495025866,0.15357542793153095,0.6895398821843656,0.5291324200913242,0.36645962732919257
2026-04-22,0.5263145292528243,0.7698442136498517,0.6851004575293416,0.13355726167626358,0.6878382680674944,0.5303140978816654,0.3512328767123287
2026-04-23,0.5127138379516907,0.769886890413499,0.6680588703261734,0.10746841516072285,0.6845455992360338,0.5338689063355851,0.31245434623813007
2026-04-24,0.5244965924010154,0.8149796069707083,0.6685225690992245,0.1271186440677966,0.6838001273074474,0.5365096750638919,0.3160489318970239
2026-04-25,0.5082739638868582,0.6843373493975904,0.6747514910536779,0.130775379696243,0.6840095465393794,0.5318488775323964,0.34392113910186195
2026-04-26,0.5149014952298485,0.7299851742031134,0.6732259988073941,0.12468030690537084,0.6839007317849188,0.5377737226277373,0.33984303705055663
2026-04-27,0.5013392626321153,0.6714841578654809,0.6671303656597773,0.13408981940226947,0.6850644186416415,0.5378580550994344,0.3124087591240876
2026-04-28,0.5123021661677828,0.7428677287884402,0.6765348698589311,0.10770214125918824,0.6827290076335878,0.5297336738416636,0.334245575624886
2026-04-29,0.5161171198546933,0.7458788664567513,0.6881207787048074,0.10912286307716888,0.68246144061059,0.5269013313879263,0.3442174388909157
2026-04-30,0.5276056897723712,0.8046296296296296,0.6929493545183714,0.1134185303514377,0.6820349761526232,0.525164113785558,0.3474375341966077
2026-05-01,0.5141002063202325,0.7396778374375116,0.6886417791898332,0.12729595911196295,0.6797011603878557,0.523792160437557,0.32549234135667393
2026-05-02,0.48677854406625826,0.6340244353942984,0.6716299384554298,0.1188118811881188,0.6787984742530198,0.525154939846883,0.2922515952597995
2026-05-03,0.49818398647926126,0.7377382935406256,0.667526796347757,0.11416254191282132,0.6788495153344987,0.5243302351011482,0.26649653663871675
2026-05-04,0.4801939018088312,0.652479644707624,0.6681881325659853,0.1235632183908046,0.6803304734667938,0.5251457725947521,0.2314561691270275
2026-05-05,0.48276402247542677,0.657354301572618,0.6589285714285714,0.16871508379888267,0.6799046862589357,0.5319730369830571,0.1997084548104956
2026-05-06,0.47217472607594946,0.6429892711801701,0.653441777425114,0.15400574529205235,0.6782083862770012,0.5309653916211293,0.17343778466022952
2026-05-07,0.4720417722643018,0.6833734048455706,0.6515271717572392,0.1653103558321366,0.6773066539622042,0.5155709342560554,0.13916211293260472
2026-05-08,0.47378594770519816,0.6910133136094674,0.6591314693634741,0.16416719846841096,0.6756113051762465,0.5169337217771304,0.13585867783645966
2026-05-09,0.4667457203953571,0.661859863190978,0.6576130055511499,0.15552719732014675,0.6740752500396888,0.5166575641725832,0.13474144209759653
2026-05-10,0.44990831350346366,0.566913123844732,0.6555004955401387,0.16921850079744816,0.6674603174603175,0.5165635238441937,0.12379391953395236
2026-05-11,0.45636651937629463,0.6305673627795232,0.6490289338089577,0.18800829213841494,0.6689414378670052,0.5179253867151956,0.08372770294867127
2026-05-12,0.4529696766392542,0.5813008130081301,0.6510798494154943,0.21572066326530612,0.6696286893049825,0.5161935953420669,0.08389444949954505
2026-05-13,0.4740843025786803,0.7282468132274155,0.6574881141045958,0.182528295871194,0.6669839758844994,0.5146443514644352,0.09461426491994174
2026-05-14,0.47276596130765763,0.7135205024011821,0.6682511388393741,0.16799489958559133,0.6664022842639594,0.5130956711531466,0.1073312716026924
2026-05-15,0.4471587071302072,0.6325023084025854,0.6544554455445545,0.1356175298804781,0.6653449643140366,0.5140934715402801,0.08093852309930882
2026-05-16,0.46648465942980205,0.6785450516986706,0.6713522074836666,0.14706819630337795,0.6655566127497621,0.514,0.12238588834333519
2026-05-17,0.46461211388983387,0.6577441388222263,0.6777513855898654,0.13382188943762943,0.6660853020453464,0.5151790583530267,0.13709090909090904
2026-05-18,0.4783514257177579,0.7231450719822813,0.6853354442905204,0.1357120101943294,0.6686746987951807,0.5154489276626681,0.141792401381567
2026-05-19,0.4790082104426648,0.7267023436058313,0.6931143648595173,0.12199394808090461,0.6673006815660167,0.511539160457932,0.153398764085787
2026-05-20,0.4765298666280999,0.718450184501845,0.6943620178041543,0.10907643312101911,0.6646592709984152,0.5099927325581395,0.16263856078502636
2026-05-21,0.46658285500216073,0.657074340527578,0.688884493670886,0.12147747174016876,0.6664553953414674,0.5077202543142598,0.1578851744186046
2026-05-22,0.48641467244498315,0.7856879380302472,0.6865730670357919,0.13244189748487742,0.6655576679340938,0.5078096621867054,0.14041780199818343
2026-05-23,0.4801073797460293,0.6524064171122994,0.7109529458283907,0.16361610695527615,0.6681450974180263,0.5064463410205193,0.1790773701416637
2026-05-24,0.4738115946207084,0.6111725663716814,0.6995453646965804,0.1884150222788033,0.6710484637313905,0.5063543936092956,0.166333757036499
2026-05-25,0.4958845917339237,0.7686635944700461,0.6952569169960474,0.18027048528241846,0.6712589073634204,0.504084225812307,0.15577342047930287
2026-05-26,0.46933654031600464,0.6035753778105418,0.693143647500494,0.20601336302895323,0.6698860037998733,0.5047186932849365,0.13868215647122895
2026-05-27,0.4963058036175239,0.7361341440943431,0.710786250493876,0.2007316685223477,0.6656640810511318,0.5020867356196698,0.16243194192377497
2026-05-28,0.5084485776944391,0.7452100221075904,0.7268417934031206,0.23155216284987276,0.6638176638176638,0.5,0.18326982398838687
2026-05-29,0.5023338115071803,0.6422913980475226,0.7371642969984202,0.258228653204007,0.6632378540908371,0.4993651369490296,0.21371552975326558
2026-05-30,0.5282066998792343,0.7523020257826888,0.7409674234945706,0.28410174880763117,0.6618670886075949,0.499455930359086,0.2305459822238346
2026-05-31,0.5244216110423712,0.7381697661572455,0.7348993288590604,0.2837386742966142,0.6636608131624743,0.4991840435176791,0.2268770402611534
2026-06-01,0.5202411064719742,0.7284609720176731,0.7379119794750346,0.2739987285441831,0.6640303701360328,0.4990935460478607,0.2179510426110608
2026-06-02,0.5460135312626356,0.7914595987483894,0.7695343330702447,0.29159383441919595,0.6623438241341135,0.4988218234547761,0.26232777374909355
2026-06-03,0.5819152950060268,0.9216047110783953,0.8242256855395542,0.2359389895138227,0.6584440227703985,0.4972816237767307,0.35399673735725934
2026-06-04,0.5884854541934945,0.9422263109475622,0.8394477317554241,0.1931691818903892,0.6556521739130434,0.49719152020293533,0.4032258064516129
2026-06-05,0.5742689397549522,0.8239514348785872,0.8471701833957799,0.20092121982210928,0.6517546632943408,0.49673913043478257,0.4250770067041131
2026-06-06,0.5990205220629413,0.86481515541659,0.8751971608832807,0.19755439097983166,0.647226173541963,0.49701141097627244,0.5123188405797101
2026-06-07,0.6077750456719087,0.9132033835969107,0.8766016164005519,0.19260082565893935,0.6458596713021492,0.4976457805143064,0.5207389965585945
2026-06-08,0.590463142645197,0.9135870564441992,0.8531730390224674,0.18479123670423878,0.6452836151050718,0.4977367372804635,0.4482071713147411
2026-06-09,0.5811472204607048,0.8759191176470589,0.8539901477832512,0.15301587301587302,0.6565560821484993,0.498189717595945,0.44921238457360135
2026-06-10,0.5873627981369617,0.8948722661275501,0.8701733648542159,0.13045548325662593,0.6526615068709525,0.497737556561086,0.47827661115133957
2026-06-11,0.580982149953665,0.8891951488423374,0.8715777033681308,0.10060298317994287,0.6481364497789008,0.49710459645313065,0.47927601809954756
2026-06-12,0.5623991585127713,0.8427337865147897,0.8501378495470657,0.11359669998413453,0.6432970156324017,0.4968337253482902,0.4277958740499457
2026-06-13,0.5584646400150132,0.7986774430565761,0.8503642449301043,0.12975888324873097,0.6395642563940638,0.49801013024602026,0.43441288221458296
2026-06-14,0.5641199057191155,0.8725436179981635,0.8397637795275591,0.12926249008723237,0.634411996842936,0.49882438053897626,0.40991316931982635
2026-06-15,0.5376126105113369,0.7827763496143959,0.8301515449714623,0.11655566127497621,0.6369949494949495,0.49891500904159136,0.3602821486706457
2026-06-16,0.5283247556159155,0.7572975950064256,0.8260527351436442,0.11225622324401459,0.6312135079690706,0.4995480021695896,0.3435804701627486
2026-06-17,0.52278833388963,0.7081497797356828,0.8304151091874877,0.11699429296131895,0.6284316819185862,0.49981923355025304,0.3529199059844512
2026-06-18,0.5495697308542097,0.8436410350523031,0.8420535011801731,0.11348866698367412,0.6248619656097176,0.49936743177299836,0.3740057845263919
2026-06-19,0.541026606811254,0.7253211009174312,0.8621435594886923,0.12567353407290016,0.6236593059936908,0.49927719551861216,0.4100849448761974
2026-06-20,0.545793136702341,0.7818748853421391,0.8566653558788833,0.10822373633338615,0.6227724333701309,0.49918699186991866,0.40603541741958804
2026-06-21,0.5360606805551368,0.7527512839325019,0.8452919205818754,0.11739543726235742,0.6231472721538946,0.4978323699421965,0.37994579945799456
2026-06-22,0.550282303969797,0.8413717219878966,0.8569182389937107,0.09203231427213686,0.6227337222134637,0.5009933176810547,0.38764450867052025
2026-06-23,0.5275805286709762,0.7497249724972497,0.8486932599724897,0.07475451377890402,0.6215321563682219,0.5007222824124233,0.3700559869965685
2026-06-24,0.5250567407374666,0.6876260311640696,0.8654223968565815,0.08440221694378464,0.6209613869188337,0.5004513450081243,0.3914770675334056
2026-06-25,0.5496531660681572,0.7866568914956011,0.879984285994893,0.07393920202659911,0.6200756381972896,0.5003610108303249,0.4369019678642354
2026-06-26,0.5476676266466212,0.7335532343778632,0.8857030636292224,0.07930979895520025,0.6209232708366157,0.4991878722252301,0.46732851985559565
2026-06-27,0.5603255061700175,0.7936973250274826,0.8849401138817985,0.0788224121557455,0.620825456836799,0.49711295561169255,0.48655477350658727
2026-06-28,0.5514795572881028,0.7407950174024547,0.8851590106007067,0.07485361607849343,0.6227752401953064,0.49810571892476996,0.48718874052688566
2026-06-29,0.5745467773175675,0.8844322344322344,0.8887144259077527,0.06819620253164557,0.625511811023622,0.4987373737373737,0.4816886162727765
2026-06-30,0.5708737237226321,0.8923274125618019,0.8838304552590267,0.06296472077202975,0.6233663989922846,0.4954012623985573,0.4673520923520924
2026-07-01,0.5726146652295677,0.8255217868912487,0.8924857759466353,0.06501107244542866,0.6213790931989924,0.4954922466642625,0.5357980162308387
2026-07-02,0.5647589057201147,0.8314113124656782,0.8848568065908199,0.06484263798829669,0.6215960963324414,0.494862087614927,0.4909844933285251
2026-07-03,0.5673370292048364,0.8599926793557833,0.876446362031771,0.07558507273877293,0.6229146994019515,0.494592645998558,0.4744907157021814
2026-07-04,0.5536125519903473,0.7784080512351327,0.8672549019607843,0.09723320158102766,0.6287962234461054,0.4946837267976212,0.4552992069214131
2026-07-05,0.5488899487343025,0.756311745334797,0.8627720054891198,0.10006323110970597,0.6348332284455632,0.4942342342342342,0.44512524779239504
2026-07-06,0.56017959817543,0.8516553868666545,0.8575068600548804,0.09404140983088352,0.641025641025641,0.49198342640965587,0.42486486486486486
2026-07-07,0.5646540826552776,0.8930138990490124,0.8514599255339996,0.0959228824273072,0.6371500471846492,0.49315561959654175,0.41722212214015497
2026-07-08,0.5570292832589674,0.8074602303894679,0.8608934169278997,0.11439405909306367,0.6339047019971693,0.4946875562758869,0.430835734870317
2026-07-09,0.5729867483296439,0.843510054844607,0.8718903036238981,0.1344391785150079,0.6367924528301887,0.4949585884047534,0.4563299117594093
2026-07-10,0.5718699437730086,0.8623651983184062,0.86310223266745,0.1445269309745696,0.6387360477912278,0.4946894689468947,0.427799783939503
2026-07-11,0.566799319472756,0.8362573099415205,0.8521636968866262,0.16329753632343652,0.6386356491669287,0.49622030237580994,0.41422142214221425
2026-07-12,0.5624285256781474,0.8028503562945368,0.85610806577917,0.15663982314858677,0.6429357221436429,0.49739067842360984,0.4186465082793377
2026-07-13,0.5559932444279924,0.7838874680306905,0.8580935603836367,0.13924850015787812,0.6516341923318667,0.49694134580784455,0.4061543998560374
2026-07-14,0.5658364751417212,0.7857534246575343,0.8747553816046967,0.15785319652722968,0.6548311076197957,0.49253462853031116,0.4292911119107593
2026-07-15,0.5397537536818308,0.7213294375456538,0.8428878888671493,0.1710858585858586,0.6544140747722275,0.491546762589928,0.3572584997301673
2026-07-16,0.5516640283904184,0.7876574767208326,0.8448748043818466,0.17516174846141708,0.6539971729228836,0.49109872325121384,0.3571942446043166
2026-07-17,0.5641694050435947,0.8658269441401971,0.8599647956190104,0.146418428526349,0.6515389447236181,0.49244875943905075,0.36881855781334294
2026-07-18,0.5634282399779361,0.8443146559591166,0.8578412201798983,0.15680706736078245,0.6509656146961846,0.49541614236922527,0.3752247393024092
2026-07-19,0.527060705576801,0.6582116788321168,0.8459433040078201,0.15457413249211358,0.6540031397174254,0.4973040977713875,0.35232788063994247
2026-07-20,0.5280288322839485,0.661923006750593,0.8483189992181391,0.17363191925563792,0.657824517344216,0.49559748427672956,0.33087706685837526
2026-07-21,0.536327883906853,0.7500912075884714,0.8415086965018566,0.15909807631661937,0.6569365976145637,0.4983830398850162,0.31194968553459124
2026-07-22,0.5372892500289691,0.7760350173262812,0.8276670574443141,0.1827211098849125,0.6547936607563157,0.5011675947548051,0.28135106000718646
2026-07-23,0.5517849589680855,0.8696207148067104,0.832389138503614,0.17638713745271123,0.6528082836523377,0.49856321839080464,0.2809412610023352
2026-07-24,0.5374549537059122,0.8103919781221514,0.843359375,0.13490937746256895,0.6511372549019607,0.5000897827258035,0.2848419540229885
2026-07-25,0.531149656721781,0.7174626321545753,0.8595977348174184,0.15033091711314214,0.6511919698870765,0.49551166965888693,0.312803016699587
2026-07-26,0.5383201558355338,0.7893202114087844,0.856501366653651,0.12242004096423507,0.652971616747687,0.498115239633818,0.3105924596050269
2026-07-27,0.5210504489726743,0.7390670553935861,0.8420847159867265,0.11751732829237554,0.6569457510191283,0.4980258435032304,0.272661999640998
2026-07-28,0.5360730074777355,0.7935871743486974,0.8643637782982045,0.10080327610647347,0.6533939488948111,0.496859860039476,0.3074300071787509
2026-07-29,0.5428402313618893,0.8355191256830601,0.8645853658536585,0.10393700787401575,0.6504702194357367,0.5021528525296017,0.30037681679526285
2026-07-30,0.5304755501289812,0.7672555090147515,0.8628560280920796,0.1168319949614234,0.6527190095596301,0.49470852017937217,0.28848223896663083
2026-07-31,0.5137327089082809,0.7059359067734887,0.8509849814706456,0.11523929471032746,0.6560639298025697,0.4903156384505022,0.2638565022421525
2026-08-01,0.5296062410523993,0.7085381394502094,0.873829953198128,0.11616559105934204,0.6468745104182987,0.48968979738210505,0.34253945480631276
2026-08-02,0.5283355841511511,0.6714597742992355,0.8752193410021447,0.12023921938936104,0.6527255639097744,0.4887056292577985,0.36166397704859243
2026-08-03,0.5341505654353577,0.7612374886260237,0.8692007797270955,0.0955153422501967,0.6541895066562256,0.4871840831690267,0.33757619218357837
2026-08-04,0.5259453449398648,0.7310771470160116,0.8692262716819333,0.08779106356198867,0.6454744754149703,0.4867383512544803,0.3353647607098046
2026-08-05,0.5282916058478794,0.7671457158450063,0.8616523772408418,0.09406952965235174,0.6417723500861124,0.48808457265722993,0.3170250896057347
2026-08-06,0.527609091608107,0.7542742815569298,0.8562244301578025,0.10805284680717207,0.6446462116468379,0.488713722680043,0.3137430567998567
2026-08-07,0.5378996067206004,0.8206946717585015,0.8620958317101675,0.09073753734863972,0.643136641101894,0.4886261866380083,0.322106771766392
2026-08-08,0.51092716486108,0.6649090909090909,0.8531645569620253,0.09827044025157233,0.638810641627543,0.4906876790830945,0.3197205803331542
2026-08-09,0.5253970474366868,0.7431376113433921,0.8529984423676013,0.10517214274485144,0.641527147551244,0.48988361683079673,0.31966332378223494
2026-08-10,0.5251752554318788,0.7422755361686659,0.8545843877749659,0.10767054385413392,0.648936170212766,0.4883637665592553,0.30922112802148616
2026-08-11,0.5345347944849458,0.7735780483372706,0.8662903853639549,0.10702498821310702,0.643359924917879,0.4870234472883479,0.3299319727891157
2026-08-12,0.5418490598165856,0.8181322674418605,0.8705973924888111,0.10747957259585167,0.6382546137003441,0.48532569792412317,0.33130481474852336
2026-08-13,0.530958612633275,0.766394187102634,0.872568093385214,0.09960722702278084,0.6278342455043002,0.48380747897656107,0.3355404438081604
2026-08-14,0.5160171798411276,0.7375590265165275,0.8723983660766388,0.09158027018535972,0.626172607879925,0.45259391771019675,0.3157988906781177
2026-08-15,0.5200907713837775,0.7263482840021791,0.8772851030727343,0.09941887859274384,0.6292011880569017,0.45233410838848154,0.3359570661896243
2026-08-16,0.5285258520675328,0.7443718228031954,0.8767256465098192,0.12829773869346733,0.6362925914348234,0.4522532188841202,0.3332140940797711
2026-08-17,0.5185924920539295,0.6621891450353966,0.8794712286158631,0.1513581409954467,0.6444756993280201,0.4523511532272484,0.3217095851216023
2026-08-18,0.505428625358941,0.6557168784029038,0.862779397473275,0.14536891679748823,0.64234375,0.4528065784769396,0.2735562310030395
2026-08-19,0.5059743011092325,0.7007802576664852,0.8596968519238244,0.12494113953853399,0.6372441805967817,0.45218945487042006,0.26099392205934935
2026-08-20,0.4960068726996279,0.7879172714078374,0.8130950068000777,0.11644695543000627,0.63417681974383,0.4530021443888492,0.1714030384271671
2026-08-21,0.47080431395724637,0.7262833303101759,0.7766122766122766,0.10952455672367802,0.6281430579415899,0.46614257638020373,0.118120085775554
2026-08-22,0.43781845715400647,0.6169749727965179,0.7096523596814915,0.14276749294006902,0.6219550281074329,0.46570203644158625,0.06985885295694116
2026-08-23,0.44393945678109975,0.5824116047144152,0.727378640776699,0.1767843137254902,0.6224824355971896,0.46258260403643503,0.09199714183637009
2026-08-24,0.44651510437952147,0.6256345177664975,0.7196660842554844,0.16279799247176913,0.6247268186075554,0.4610714285714286,0.08519378460439364
2026-08-25,0.44121080863779033,0.5880007250317201,0.7067158385093169,0.18237415712717578,0.6215077259247698,0.46813069094804505,0.08053571428571427
2026-08-26,0.4437157165521426,0.5904313156940921,0.7089074325635552,0.18359987456883037,0.6182896379525593,0.4691181720813995,0.09194786645241926
2026-08-27,0.43975531381449895,0.5477441565500997,0.7068296468762126,0.21084809531274495,0.6192853799344671,0.4745671961449224,0.07925740806854698
2026-08-28,0.4424713118730066,0.5619565217391305,0.6931134820562561,0.2322884012539185,0.6198127925117005,0.47965738758029974,0.06799928609673389
2026-08-29,0.4650123504096517,0.6391957978627061,0.7211016291698992,0.21454317505093246,0.6187802214943067,0.4758251561106155,0.12062812276945034
2026-08-30,0.45222689853146186,0.5753350235421948,0.7159201085902657,0.21294265120651834,0.6210230817217717,0.47235105244381015,0.11578947368421055
2026-08-31,0.44554273401947947,0.5142132898786891,0.7227607599844901,0.21306595644681184,0.6371433026664588,0.4742286427679686,0.1118444523724581
2026-09-01,0.4436016058814188,0.5472483707458364,0.7137042062415198,0.19345238095238096,0.6390707826629248,0.4732524964336662,0.09488139825218478
2026-09-02,0.4568549261977908,0.5949321266968326,0.7290697674418605,0.2009397024275646,0.6383476227591582,0.4713852736673204,0.10645506419400852
2026-09-03,0.4602319965435811,0.6170828809265292,0.7326099593102112,0.20090823676792985,0.6408977556109725,0.46934046345811054,0.10055268318773403
2026-09-04,0.42661072694493596,0.4924914058259453,0.6861681518791166,0.20713950211366838,0.644537946080723,0.47353412938870076,0.05579322638146167
2026-09-05,0.4460351676493848,0.5734442836468885,0.7034669765640131,0.1983406386975579,0.6455282019320661,0.47719173200285103,0.07823917305293171
2026-09-06,0.44789851710519785,0.5503707722915536,0.7029434546862897,0.22194396619189233,0.6555538245832684,0.47817566363798325,0.07840342124019961
2026-09-07,0.4326344793007257,0.4750452079566003,0.6977734753146176,0.21549295774647886,0.6615264797507788,0.4773779836123976,0.06859077142348124
2026-09-08,0.4542093455048773,0.5915747604411499,0.7113821138211383,0.20716632764825535,0.661423454290609,0.47533392698130006,0.07837548984681153
2026-09-09,0.4602162439848163,0.6205712219812003,0.7191794077801432,0.1993116395494368,0.6588290252257863,0.47435897435897434,0.08904719501335712
2026-09-10,0.44553534410841183,0.5100307247424544,0.7221362229102167,0.21367120287814798,0.6599719757122839,0.4707139042193341,0.09668803418803418
2026-09-11,0.4764729771248926,0.6281170943259848,0.7452118398142774,0.22880825774163277,0.660024906600249,0.4722321110715557,0.12444365319565609
2026-09-12,0.4616857888101454,0.5161698283649503,0.739458413926499,0.25347928068803754,0.6631906614785992,0.46663107314468766,0.13118547525809898
2026-09-13,0.46741720134393844,0.528721098265896,0.7387352543028427,0.27220137585991244,0.6646436352318705,0.4658362989323843,0.13436554547072432
2026-09-14,0.47287479942265803,0.5564385046053819,0.7461330239752513,0.2659058933875254,0.6654737824801618,0.4675324675324676,0.1357651245551601
2026-09-15,0.4607478134304735,0.5467677862044059,0.7249178426445002,0.24538918412003752,0.6652146857498444,0.4685165421558164,0.11368083970823695
2026-09-16,0.4643884003814776,0.5177829933200939,0.760919984538075,0.21675261759649944,0.6644890340643956,0.45918548817357285,0.16720028459622915
2026-09-17,0.4790341089608346,0.6191335740072202,0.7555555555555555,0.20734375,0.6637636080870918,0.4608819345661451,0.16752623154899515
2026-09-18,0.47502943092934097,0.586175780545028,0.7532843894899537,0.2130917044211842,0.6638158917742186,0.45920000000000005,0.17460881934566141
2026-09-19,0.45296617961893554,0.5162396246842296,0.6959629128839095,0.2600749765698219,0.6648009950248757,0.4580519018841095,0.1226666666666667
2026-09-20,0.4728106253581119,0.6186180768536893,0.6937041328698339,0.275808214899266,0.6668739312917769,0.4590367869202061,0.12282260931389977
2026-09-21,0.4545212665582498,0.5025252525252526,0.694535624637961,0.2763897564022486,0.674230649673609,0.4555792466240227,0.1238670694864048
